prompt_id	condition_family	position_label	token_position	token_string	feature_id	activation	rank
normal_hum_original	original_normal	final_prompt_token	92	.	2938	1.5165879726409912	1
normal_hum_original	original_normal	final_prompt_token	92	.	28713	0.6876916289329529	2
normal_hum_original	original_normal	final_prompt_token	92	.	18937	0.6793763637542725	3
normal_hum_original	original_normal	final_prompt_token	92	.	1626	0.42868274450302124	4
normal_hum_original	original_normal	final_prompt_token	92	.	31908	0.41304582357406616	5
normal_hum_original	original_normal	final_prompt_token	92	.	3241	0.3976282477378845	6
normal_hum_original	original_normal	final_prompt_token	92	.	19389	0.3767392635345459	7
normal_hum_original	original_normal	final_prompt_token	92	.	11256	0.3714238405227661	8
normal_hum_original	original_normal	final_prompt_token	92	.	13935	0.3348083198070526	9
normal_hum_original	original_normal	final_prompt_token	92	.	15954	0.3309563398361206	10
normal_hum_original	original_normal	final_prompt_token	92	.	6194	0.326543927192688	11
normal_hum_original	original_normal	final_prompt_token	92	.	6429	0.2871433198451996	12
normal_hum_original	original_normal	final_prompt_token	92	.	29524	0.26792454719543457	13
normal_hum_original	original_normal	final_prompt_token	92	.	599	0.26421141624450684	14
normal_hum_original	original_normal	final_prompt_token	92	.	18198	0.26194608211517334	15
normal_hum_original	original_normal	final_prompt_token	92	.	6021	0.25181037187576294	16
normal_hum_original	original_normal	final_prompt_token	92	.	25001	0.2486872673034668	17
normal_hum_original	original_normal	final_prompt_token	92	.	25575	0.2413863241672516	18
normal_hum_original	original_normal	final_prompt_token	92	.	5257	0.24086669087409973	19
normal_hum_original	original_normal	final_prompt_token	92	.	26684	0.22939617931842804	20
normal_hum_original	original_normal	final_prompt_token	92	.	32698	0.22842353582382202	21
normal_hum_original	original_normal	final_prompt_token	92	.	27342	0.22260022163391113	22
normal_hum_original	original_normal	final_prompt_token	92	.	7982	0.22221077978610992	23
normal_hum_original	original_normal	final_prompt_token	92	.	12320	0.21982868015766144	24
normal_hum_original	original_normal	final_prompt_token	92	.	17394	0.20992770791053772	25
normal_hum_original	original_normal	final_prompt_token	92	.	13916	0.20334230363368988	26
normal_hum_original	original_normal	final_prompt_token	92	.	13061	0.2025529444217682	27
normal_hum_original	original_normal	final_prompt_token	92	.	30453	0.19626623392105103	28
normal_hum_original	original_normal	final_prompt_token	92	.	17869	0.19256234169006348	29
normal_hum_original	original_normal	final_prompt_token	92	.	23977	0.19217467308044434	30
normal_hum_original	original_normal	final_prompt_token	92	.	7163	0.18945328891277313	31
normal_hum_original	original_normal	final_prompt_token	92	.	30033	0.187518909573555	32
normal_hum_original	original_normal	final_prompt_token	92	.	15076	0.18733543157577515	33
normal_hum_original	original_normal	final_prompt_token	92	.	15560	0.18576236069202423	34
normal_hum_original	original_normal	final_prompt_token	92	.	2722	0.183280348777771	35
normal_hum_original	original_normal	final_prompt_token	92	.	14614	0.18283389508724213	36
normal_hum_original	original_normal	final_prompt_token	92	.	8882	0.17877641320228577	37
normal_hum_original	original_normal	final_prompt_token	92	.	8418	0.17841991782188416	38
normal_hum_original	original_normal	final_prompt_token	92	.	3271	0.17784570157527924	39
normal_hum_original	original_normal	final_prompt_token	92	.	8216	0.17607009410858154	40
normal_hum_original	original_normal	final_prompt_token	92	.	9745	0.17381246387958527	41
normal_hum_original	original_normal	final_prompt_token	92	.	11456	0.17288166284561157	42
normal_hum_original	original_normal	final_prompt_token	92	.	7108	0.17277000844478607	43
normal_hum_original	original_normal	final_prompt_token	92	.	6593	0.17148399353027344	44
normal_hum_original	original_normal	final_prompt_token	92	.	21181	0.16554288566112518	45
normal_hum_original	original_normal	final_prompt_token	92	.	4795	0.1595534235239029	46
normal_hum_original	original_normal	final_prompt_token	92	.	26363	0.1594351977109909	47
normal_hum_original	original_normal	final_prompt_token	92	.	32454	0.15740612149238586	48
normal_hum_original	original_normal	final_prompt_token	92	.	19335	0.15677134692668915	49
normal_hum_original	original_normal	final_prompt_token	92	.	27872	0.15484727919101715	50
normal_hum_original	original_normal	final_prompt_token_minus_1	91	check	799	2.084977865219116	1
normal_hum_original	original_normal	final_prompt_token_minus_1	91	check	2938	1.0453109741210938	2
normal_hum_original	original_normal	final_prompt_token_minus_1	91	check	16706	0.5989919304847717	3
normal_hum_original	original_normal	final_prompt_token_minus_1	91	check	27342	0.4984782040119171	4
normal_hum_original	original_normal	final_prompt_token_minus_1	91	check	11256	0.34082314372062683	5
normal_hum_original	original_normal	final_prompt_token_minus_1	91	check	26684	0.3267297148704529	6
normal_hum_original	original_normal	final_prompt_token_minus_1	91	check	19389	0.32044288516044617	7
normal_hum_original	original_normal	final_prompt_token_minus_1	91	check	32454	0.3089044988155365	8
normal_hum_original	original_normal	final_prompt_token_minus_1	91	check	16439	0.3010018467903137	9
normal_hum_original	original_normal	final_prompt_token_minus_1	91	check	25001	0.2992017865180969	10
normal_hum_original	original_normal	final_prompt_token_minus_1	91	check	29171	0.2880917191505432	11
normal_hum_original	original_normal	final_prompt_token_minus_1	91	check	19850	0.2838136553764343	12
normal_hum_original	original_normal	final_prompt_token_minus_1	91	check	7982	0.26551681756973267	13
normal_hum_original	original_normal	final_prompt_token_minus_1	91	check	704	0.2613150179386139	14
normal_hum_original	original_normal	final_prompt_token_minus_1	91	check	29065	0.26044079661369324	15
normal_hum_original	original_normal	final_prompt_token_minus_1	91	check	20031	0.2509620487689972	16
normal_hum_original	original_normal	final_prompt_token_minus_1	91	check	9241	0.24169211089611053	17
normal_hum_original	original_normal	final_prompt_token_minus_1	91	check	26598	0.23765186965465546	18
normal_hum_original	original_normal	final_prompt_token_minus_1	91	check	23071	0.23368510603904724	19
normal_hum_original	original_normal	final_prompt_token_minus_1	91	check	8882	0.23224444687366486	20
normal_hum_original	original_normal	final_prompt_token_minus_1	91	check	22353	0.23205682635307312	21
normal_hum_original	original_normal	final_prompt_token_minus_1	91	check	9990	0.2313215732574463	22
normal_hum_original	original_normal	final_prompt_token_minus_1	91	check	8216	0.22875696420669556	23
normal_hum_original	original_normal	final_prompt_token_minus_1	91	check	16475	0.22713354229927063	24
normal_hum_original	original_normal	final_prompt_token_minus_1	91	check	5257	0.22263255715370178	25
normal_hum_original	original_normal	final_prompt_token_minus_1	91	check	29472	0.21717463433742523	26
normal_hum_original	original_normal	final_prompt_token_minus_1	91	check	8891	0.21474391222000122	27
normal_hum_original	original_normal	final_prompt_token_minus_1	91	check	15076	0.2072453796863556	28
normal_hum_original	original_normal	final_prompt_token_minus_1	91	check	31420	0.19953270256519318	29
normal_hum_original	original_normal	final_prompt_token_minus_1	91	check	13916	0.19318582117557526	30
normal_hum_original	original_normal	final_prompt_token_minus_1	91	check	10709	0.1908438354730606	31
normal_hum_original	original_normal	final_prompt_token_minus_1	91	check	6593	0.19020932912826538	32
normal_hum_original	original_normal	final_prompt_token_minus_1	91	check	17869	0.1889127790927887	33
normal_hum_original	original_normal	final_prompt_token_minus_1	91	check	17164	0.18294930458068848	34
normal_hum_original	original_normal	final_prompt_token_minus_1	91	check	31836	0.1825595498085022	35
normal_hum_original	original_normal	final_prompt_token_minus_1	91	check	7506	0.17481409013271332	36
normal_hum_original	original_normal	final_prompt_token_minus_1	91	check	27461	0.17459328472614288	37
normal_hum_original	original_normal	final_prompt_token_minus_1	91	check	31784	0.17284290492534637	38
normal_hum_original	original_normal	final_prompt_token_minus_1	91	check	22922	0.17136207222938538	39
normal_hum_original	original_normal	final_prompt_token_minus_1	91	check	18977	0.171018585562706	40
normal_hum_original	original_normal	final_prompt_token_minus_1	91	check	10265	0.1704370379447937	41
normal_hum_original	original_normal	final_prompt_token_minus_1	91	check	26262	0.16707241535186768	42
normal_hum_original	original_normal	final_prompt_token_minus_1	91	check	4844	0.1651442050933838	43
normal_hum_original	original_normal	final_prompt_token_minus_1	91	check	16041	0.1622759997844696	44
normal_hum_original	original_normal	final_prompt_token_minus_1	91	check	1659	0.1603456735610962	45
normal_hum_original	original_normal	final_prompt_token_minus_1	91	check	16793	0.15720483660697937	46
normal_hum_original	original_normal	final_prompt_token_minus_1	91	check	31489	0.15497824549674988	47
normal_hum_original	original_normal	final_prompt_token_minus_1	91	check	27263	0.15293627977371216	48
normal_hum_original	original_normal	final_prompt_token_minus_1	91	check	32448	0.15181773900985718	49
normal_hum_original	original_normal	final_prompt_token_minus_1	91	check	10764	0.15153807401657104	50
normal_hum_original	original_normal	final_prompt_token_minus_2	90	Just	28392	1.5184307098388672	1
normal_hum_original	original_normal	final_prompt_token_minus_2	90	Just	2938	0.8096082210540771	2
normal_hum_original	original_normal	final_prompt_token_minus_2	90	Just	5257	0.42437097430229187	3
normal_hum_original	original_normal	final_prompt_token_minus_2	90	Just	21517	0.42271319031715393	4
normal_hum_original	original_normal	final_prompt_token_minus_2	90	Just	19943	0.4156613051891327	5
normal_hum_original	original_normal	final_prompt_token_minus_2	90	Just	19389	0.3685995936393738	6
normal_hum_original	original_normal	final_prompt_token_minus_2	90	Just	9317	0.36173760890960693	7
normal_hum_original	original_normal	final_prompt_token_minus_2	90	Just	27342	0.3597079813480377	8
normal_hum_original	original_normal	final_prompt_token_minus_2	90	Just	10709	0.3332218527793884	9
normal_hum_original	original_normal	final_prompt_token_minus_2	90	Just	26684	0.30951085686683655	10
normal_hum_original	original_normal	final_prompt_token_minus_2	90	Just	25341	0.30142462253570557	11
normal_hum_original	original_normal	final_prompt_token_minus_2	90	Just	17869	0.2953844964504242	12
normal_hum_original	original_normal	final_prompt_token_minus_2	90	Just	16439	0.2934686541557312	13
normal_hum_original	original_normal	final_prompt_token_minus_2	90	Just	27461	0.29284048080444336	14
normal_hum_original	original_normal	final_prompt_token_minus_2	90	Just	21478	0.276646226644516	15
normal_hum_original	original_normal	final_prompt_token_minus_2	90	Just	10265	0.27457195520401	16
normal_hum_original	original_normal	final_prompt_token_minus_2	90	Just	31836	0.255939781665802	17
normal_hum_original	original_normal	final_prompt_token_minus_2	90	Just	30453	0.25445282459259033	18
normal_hum_original	original_normal	final_prompt_token_minus_2	90	Just	7468	0.24635131657123566	19
normal_hum_original	original_normal	final_prompt_token_minus_2	90	Just	7982	0.2460552304983139	20
normal_hum_original	original_normal	final_prompt_token_minus_2	90	Just	14675	0.2444780170917511	21
normal_hum_original	original_normal	final_prompt_token_minus_2	90	Just	16859	0.22994694113731384	22
normal_hum_original	original_normal	final_prompt_token_minus_2	90	Just	15954	0.22516681253910065	23
normal_hum_original	original_normal	final_prompt_token_minus_2	90	Just	31433	0.22487112879753113	24
normal_hum_original	original_normal	final_prompt_token_minus_2	90	Just	4795	0.2246878743171692	25
normal_hum_original	original_normal	final_prompt_token_minus_2	90	Just	11256	0.22121959924697876	26
normal_hum_original	original_normal	final_prompt_token_minus_2	90	Just	9563	0.21793586015701294	27
normal_hum_original	original_normal	final_prompt_token_minus_2	90	Just	8418	0.21712009608745575	28
normal_hum_original	original_normal	final_prompt_token_minus_2	90	Just	25077	0.21379227936267853	29
normal_hum_original	original_normal	final_prompt_token_minus_2	90	Just	741	0.2137644737958908	30
normal_hum_original	original_normal	final_prompt_token_minus_2	90	Just	18836	0.20740875601768494	31
normal_hum_original	original_normal	final_prompt_token_minus_2	90	Just	2204	0.20412638783454895	32
normal_hum_original	original_normal	final_prompt_token_minus_2	90	Just	30080	0.20385625958442688	33
normal_hum_original	original_normal	final_prompt_token_minus_2	90	Just	2977	0.202886164188385	34
normal_hum_original	original_normal	final_prompt_token_minus_2	90	Just	18198	0.1995558887720108	35
normal_hum_original	original_normal	final_prompt_token_minus_2	90	Just	16475	0.19828161597251892	36
normal_hum_original	original_normal	final_prompt_token_minus_2	90	Just	22922	0.19391903281211853	37
normal_hum_original	original_normal	final_prompt_token_minus_2	90	Just	32454	0.18916469812393188	38
normal_hum_original	original_normal	final_prompt_token_minus_2	90	Just	15840	0.18487846851348877	39
normal_hum_original	original_normal	final_prompt_token_minus_2	90	Just	22932	0.18479743599891663	40
normal_hum_original	original_normal	final_prompt_token_minus_2	90	Just	30205	0.18410338461399078	41
normal_hum_original	original_normal	final_prompt_token_minus_2	90	Just	12351	0.18187032639980316	42
normal_hum_original	original_normal	final_prompt_token_minus_2	90	Just	23071	0.1803325116634369	43
normal_hum_original	original_normal	final_prompt_token_minus_2	90	Just	5851	0.17982865869998932	44
normal_hum_original	original_normal	final_prompt_token_minus_2	90	Just	26723	0.17972123622894287	45
normal_hum_original	original_normal	final_prompt_token_minus_2	90	Just	14771	0.17966654896736145	46
normal_hum_original	original_normal	final_prompt_token_minus_2	90	Just	20031	0.17810547351837158	47
normal_hum_original	original_normal	final_prompt_token_minus_2	90	Just	17	0.17336967587471008	48
normal_hum_original	original_normal	final_prompt_token_minus_2	90	Just	26384	0.172907292842865	49
normal_hum_original	original_normal	final_prompt_token_minus_2	90	Just	7506	0.1718914657831192	50
normal_hum_original	original_normal	final_prompt_token_minus_5	87	an	4514	1.3619955778121948	1
normal_hum_original	original_normal	final_prompt_token_minus_5	87	an	2938	0.8425207138061523	2
normal_hum_original	original_normal	final_prompt_token_minus_5	87	an	23952	0.7403866052627563	3
normal_hum_original	original_normal	final_prompt_token_minus_5	87	an	5230	0.5138228535652161	4
normal_hum_original	original_normal	final_prompt_token_minus_5	87	an	1984	0.4568309485912323	5
normal_hum_original	original_normal	final_prompt_token_minus_5	87	an	23178	0.4161679446697235	6
normal_hum_original	original_normal	final_prompt_token_minus_5	87	an	7982	0.40843260288238525	7
normal_hum_original	original_normal	final_prompt_token_minus_5	87	an	5412	0.38383352756500244	8
normal_hum_original	original_normal	final_prompt_token_minus_5	87	an	19668	0.37456580996513367	9
normal_hum_original	original_normal	final_prompt_token_minus_5	87	an	30911	0.336536169052124	10
normal_hum_original	original_normal	final_prompt_token_minus_5	87	an	11412	0.30106598138809204	11
normal_hum_original	original_normal	final_prompt_token_minus_5	87	an	15420	0.2717132568359375	12
normal_hum_original	original_normal	final_prompt_token_minus_5	87	an	4067	0.26972728967666626	13
normal_hum_original	original_normal	final_prompt_token_minus_5	87	an	5566	0.26797789335250854	14
normal_hum_original	original_normal	final_prompt_token_minus_5	87	an	19389	0.26092028617858887	15
normal_hum_original	original_normal	final_prompt_token_minus_5	87	an	31206	0.2530671954154968	16
normal_hum_original	original_normal	final_prompt_token_minus_5	87	an	13599	0.24375788867473602	17
normal_hum_original	original_normal	final_prompt_token_minus_5	87	an	31632	0.22159579396247864	18
normal_hum_original	original_normal	final_prompt_token_minus_5	87	an	3271	0.22114874422550201	19
normal_hum_original	original_normal	final_prompt_token_minus_5	87	an	16041	0.21823148429393768	20
normal_hum_original	original_normal	final_prompt_token_minus_5	87	an	31589	0.2022789716720581	21
normal_hum_original	original_normal	final_prompt_token_minus_5	87	an	27281	0.19916239380836487	22
normal_hum_original	original_normal	final_prompt_token_minus_5	87	an	14667	0.19799301028251648	23
normal_hum_original	original_normal	final_prompt_token_minus_5	87	an	14949	0.1974395364522934	24
normal_hum_original	original_normal	final_prompt_token_minus_5	87	an	12693	0.19581198692321777	25
normal_hum_original	original_normal	final_prompt_token_minus_5	87	an	14142	0.18797200918197632	26
normal_hum_original	original_normal	final_prompt_token_minus_5	87	an	12709	0.18538177013397217	27
normal_hum_original	original_normal	final_prompt_token_minus_5	87	an	29275	0.18314482271671295	28
normal_hum_original	original_normal	final_prompt_token_minus_5	87	an	2786	0.1821538209915161	29
normal_hum_original	original_normal	final_prompt_token_minus_5	87	an	2802	0.17630237340927124	30
normal_hum_original	original_normal	final_prompt_token_minus_5	87	an	9784	0.17475181818008423	31
normal_hum_original	original_normal	final_prompt_token_minus_5	87	an	1277	0.17406247556209564	32
normal_hum_original	original_normal	final_prompt_token_minus_5	87	an	380	0.17311784625053406	33
normal_hum_original	original_normal	final_prompt_token_minus_5	87	an	11145	0.17277827858924866	34
normal_hum_original	original_normal	final_prompt_token_minus_5	87	an	2547	0.17214469611644745	35
normal_hum_original	original_normal	final_prompt_token_minus_5	87	an	11456	0.17166534066200256	36
normal_hum_original	original_normal	final_prompt_token_minus_5	87	an	704	0.16919881105422974	37
normal_hum_original	original_normal	final_prompt_token_minus_5	87	an	31784	0.1678534746170044	38
normal_hum_original	original_normal	final_prompt_token_minus_5	87	an	12998	0.16676545143127441	39
normal_hum_original	original_normal	final_prompt_token_minus_5	87	an	14771	0.16651692986488342	40
normal_hum_original	original_normal	final_prompt_token_minus_5	87	an	7159	0.16116690635681152	41
normal_hum_original	original_normal	final_prompt_token_minus_5	87	an	30153	0.15807855129241943	42
normal_hum_original	original_normal	final_prompt_token_minus_5	87	an	23071	0.15674284100532532	43
normal_hum_original	original_normal	final_prompt_token_minus_5	87	an	31025	0.1567176878452301	44
normal_hum_original	original_normal	final_prompt_token_minus_5	87	an	25228	0.15478134155273438	45
normal_hum_original	original_normal	final_prompt_token_minus_5	87	an	11331	0.15401974320411682	46
normal_hum_original	original_normal	final_prompt_token_minus_5	87	an	18665	0.1512882262468338	47
normal_hum_original	original_normal	final_prompt_token_minus_5	87	an	24803	0.15044784545898438	48
normal_hum_original	original_normal	final_prompt_token_minus_5	87	an	234	0.15021780133247375	49
normal_hum_original	original_normal	final_prompt_token_minus_5	87	an	19878	0.14971262216567993	50
normal_hum_original	original_normal	final_prompt_token_minus_10	82	now	26684	0.889609158039093	1
normal_hum_original	original_normal	final_prompt_token_minus_10	82	now	18527	0.6229002475738525	2
normal_hum_original	original_normal	final_prompt_token_minus_10	82	now	2938	0.5061681270599365	3
normal_hum_original	original_normal	final_prompt_token_minus_10	82	now	26403	0.4828205406665802	4
normal_hum_original	original_normal	final_prompt_token_minus_10	82	now	677	0.4729841351509094	5
normal_hum_original	original_normal	final_prompt_token_minus_10	82	now	6069	0.46696481108665466	6
normal_hum_original	original_normal	final_prompt_token_minus_10	82	now	14672	0.43732544779777527	7
normal_hum_original	original_normal	final_prompt_token_minus_10	82	now	10709	0.42887192964553833	8
normal_hum_original	original_normal	final_prompt_token_minus_10	82	now	704	0.42639514803886414	9
normal_hum_original	original_normal	final_prompt_token_minus_10	82	now	18847	0.37689152359962463	10
normal_hum_original	original_normal	final_prompt_token_minus_10	82	now	75	0.35113757848739624	11
normal_hum_original	original_normal	final_prompt_token_minus_10	82	now	7982	0.3287924528121948	12
normal_hum_original	original_normal	final_prompt_token_minus_10	82	now	16439	0.32584112882614136	13
normal_hum_original	original_normal	final_prompt_token_minus_10	82	now	9576	0.3218920826911926	14
normal_hum_original	original_normal	final_prompt_token_minus_10	82	now	2430	0.31360337138175964	15
normal_hum_original	original_normal	final_prompt_token_minus_10	82	now	2228	0.31241244077682495	16
normal_hum_original	original_normal	final_prompt_token_minus_10	82	now	805	0.3022215962409973	17
normal_hum_original	original_normal	final_prompt_token_minus_10	82	now	10346	0.30186042189598083	18
normal_hum_original	original_normal	final_prompt_token_minus_10	82	now	27281	0.3000648021697998	19
normal_hum_original	original_normal	final_prompt_token_minus_10	82	now	28971	0.2962263524532318	20
normal_hum_original	original_normal	final_prompt_token_minus_10	82	now	19389	0.29297396540641785	21
normal_hum_original	original_normal	final_prompt_token_minus_10	82	now	7837	0.2901981472969055	22
normal_hum_original	original_normal	final_prompt_token_minus_10	82	now	30036	0.28681039810180664	23
normal_hum_original	original_normal	final_prompt_token_minus_10	82	now	29466	0.2846367359161377	24
normal_hum_original	original_normal	final_prompt_token_minus_10	82	now	20303	0.27867013216018677	25
normal_hum_original	original_normal	final_prompt_token_minus_10	82	now	21687	0.27759215235710144	26
normal_hum_original	original_normal	final_prompt_token_minus_10	82	now	22495	0.2724940776824951	27
normal_hum_original	original_normal	final_prompt_token_minus_10	82	now	15458	0.26808157563209534	28
normal_hum_original	original_normal	final_prompt_token_minus_10	82	now	25421	0.2616459131240845	29
normal_hum_original	original_normal	final_prompt_token_minus_10	82	now	31897	0.2521059215068817	30
normal_hum_original	original_normal	final_prompt_token_minus_10	82	now	3313	0.2518155574798584	31
normal_hum_original	original_normal	final_prompt_token_minus_10	82	now	19185	0.24831916391849518	32
normal_hum_original	original_normal	final_prompt_token_minus_10	82	now	7334	0.24433597922325134	33
normal_hum_original	original_normal	final_prompt_token_minus_10	82	now	22922	0.24284198880195618	34
normal_hum_original	original_normal	final_prompt_token_minus_10	82	now	7711	0.23950475454330444	35
normal_hum_original	original_normal	final_prompt_token_minus_10	82	now	9860	0.23908883333206177	36
normal_hum_original	original_normal	final_prompt_token_minus_10	82	now	428	0.2378072440624237	37
normal_hum_original	original_normal	final_prompt_token_minus_10	82	now	17869	0.23722347617149353	38
normal_hum_original	original_normal	final_prompt_token_minus_10	82	now	31836	0.23478424549102783	39
normal_hum_original	original_normal	final_prompt_token_minus_10	82	now	26216	0.23426808416843414	40
normal_hum_original	original_normal	final_prompt_token_minus_10	82	now	21750	0.2274419218301773	41
normal_hum_original	original_normal	final_prompt_token_minus_10	82	now	5417	0.2244994044303894	42
normal_hum_original	original_normal	final_prompt_token_minus_10	82	now	7754	0.22224198281764984	43
normal_hum_original	original_normal	final_prompt_token_minus_10	82	now	21539	0.21820080280303955	44
normal_hum_original	original_normal	final_prompt_token_minus_10	82	now	11147	0.21604061126708984	45
normal_hum_original	original_normal	final_prompt_token_minus_10	82	now	1205	0.21149325370788574	46
normal_hum_original	original_normal	final_prompt_token_minus_10	82	now	24339	0.2078033685684204	47
normal_hum_original	original_normal	final_prompt_token_minus_10	82	now	1930	0.2050679624080658	48
normal_hum_original	original_normal	final_prompt_token_minus_10	82	now	2567	0.20114871859550476	49
normal_hum_original	original_normal	final_prompt_token_minus_10	82	now	5024	0.19575046002864838	50
dstroke_hum_original	original_dstroke	final_prompt_token	123	.	2938	1.419109582901001	1
dstroke_hum_original	original_dstroke	final_prompt_token	123	.	18937	0.6690738201141357	2
dstroke_hum_original	original_dstroke	final_prompt_token	123	.	28713	0.6564427018165588	3
dstroke_hum_original	original_dstroke	final_prompt_token	123	.	11256	0.41880542039871216	4
dstroke_hum_original	original_dstroke	final_prompt_token	123	.	3241	0.39311307668685913	5
dstroke_hum_original	original_dstroke	final_prompt_token	123	.	1626	0.36685705184936523	6
dstroke_hum_original	original_dstroke	final_prompt_token	123	.	19389	0.3619787096977234	7
dstroke_hum_original	original_dstroke	final_prompt_token	123	.	13935	0.3231457471847534	8
dstroke_hum_original	original_dstroke	final_prompt_token	123	.	15954	0.3038575053215027	9
dstroke_hum_original	original_dstroke	final_prompt_token	123	.	6429	0.30359742045402527	10
dstroke_hum_original	original_dstroke	final_prompt_token	123	.	31908	0.292633056640625	11
dstroke_hum_original	original_dstroke	final_prompt_token	123	.	6194	0.27976343035697937	12
dstroke_hum_original	original_dstroke	final_prompt_token	123	.	26684	0.2723023295402527	13
dstroke_hum_original	original_dstroke	final_prompt_token	123	.	27342	0.26426947116851807	14
dstroke_hum_original	original_dstroke	final_prompt_token	123	.	5257	0.2598109841346741	15
dstroke_hum_original	original_dstroke	final_prompt_token	123	.	25001	0.25474822521209717	16
dstroke_hum_original	original_dstroke	final_prompt_token	123	.	29524	0.25457948446273804	17
dstroke_hum_original	original_dstroke	final_prompt_token	123	.	599	0.2543397545814514	18
dstroke_hum_original	original_dstroke	final_prompt_token	123	.	6021	0.24918213486671448	19
dstroke_hum_original	original_dstroke	final_prompt_token	123	.	15076	0.23772163689136505	20
dstroke_hum_original	original_dstroke	final_prompt_token	123	.	18198	0.22990606725215912	21
dstroke_hum_original	original_dstroke	final_prompt_token	123	.	25575	0.22415493428707123	22
dstroke_hum_original	original_dstroke	final_prompt_token	123	.	799	0.2219994068145752	23
dstroke_hum_original	original_dstroke	final_prompt_token	123	.	12320	0.22033339738845825	24
dstroke_hum_original	original_dstroke	final_prompt_token	123	.	32698	0.21616390347480774	25
dstroke_hum_original	original_dstroke	final_prompt_token	123	.	17394	0.19928550720214844	26
dstroke_hum_original	original_dstroke	final_prompt_token	123	.	30453	0.19626528024673462	27
dstroke_hum_original	original_dstroke	final_prompt_token	123	.	7982	0.19445525109767914	28
dstroke_hum_original	original_dstroke	final_prompt_token	123	.	8882	0.19398604333400726	29
dstroke_hum_original	original_dstroke	final_prompt_token	123	.	13916	0.19077569246292114	30
dstroke_hum_original	original_dstroke	final_prompt_token	123	.	8216	0.18992257118225098	31
dstroke_hum_original	original_dstroke	final_prompt_token	123	.	16439	0.18667387962341309	32
dstroke_hum_original	original_dstroke	final_prompt_token	123	.	3271	0.18286730349063873	33
dstroke_hum_original	original_dstroke	final_prompt_token	123	.	30033	0.18174317479133606	34
dstroke_hum_original	original_dstroke	final_prompt_token	123	.	7163	0.17769035696983337	35
dstroke_hum_original	original_dstroke	final_prompt_token	123	.	21539	0.17231754958629608	36
dstroke_hum_original	original_dstroke	final_prompt_token	123	.	22503	0.1708149015903473	37
dstroke_hum_original	original_dstroke	final_prompt_token	123	.	17869	0.17034292221069336	38
dstroke_hum_original	original_dstroke	final_prompt_token	123	.	26363	0.17028480768203735	39
dstroke_hum_original	original_dstroke	final_prompt_token	123	.	31784	0.17004404962062836	40
dstroke_hum_original	original_dstroke	final_prompt_token	123	.	15560	0.16820433735847473	41
dstroke_hum_original	original_dstroke	final_prompt_token	123	.	11456	0.16548848152160645	42
dstroke_hum_original	original_dstroke	final_prompt_token	123	.	13061	0.16483856737613678	43
dstroke_hum_original	original_dstroke	final_prompt_token	123	.	8418	0.1636325716972351	44
dstroke_hum_original	original_dstroke	final_prompt_token	123	.	31073	0.15929995477199554	45
dstroke_hum_original	original_dstroke	final_prompt_token	123	.	5995	0.15720340609550476	46
dstroke_hum_original	original_dstroke	final_prompt_token	123	.	14614	0.15708018839359283	47
dstroke_hum_original	original_dstroke	final_prompt_token	123	.	19850	0.15696120262145996	48
dstroke_hum_original	original_dstroke	final_prompt_token	123	.	21181	0.15595227479934692	49
dstroke_hum_original	original_dstroke	final_prompt_token	123	.	25351	0.15449309349060059	50
dstroke_hum_original	original_dstroke	final_prompt_token_minus_1	122	check	799	2.0068793296813965	1
dstroke_hum_original	original_dstroke	final_prompt_token_minus_1	122	check	2938	1.053802728652954	2
dstroke_hum_original	original_dstroke	final_prompt_token_minus_1	122	check	16706	0.5855754613876343	3
dstroke_hum_original	original_dstroke	final_prompt_token_minus_1	122	check	27342	0.5054236054420471	4
dstroke_hum_original	original_dstroke	final_prompt_token_minus_1	122	check	19389	0.3332189619541168	5
dstroke_hum_original	original_dstroke	final_prompt_token_minus_1	122	check	11256	0.3321896195411682	6
dstroke_hum_original	original_dstroke	final_prompt_token_minus_1	122	check	16439	0.3069626986980438	7
dstroke_hum_original	original_dstroke	final_prompt_token_minus_1	122	check	26684	0.30137333273887634	8
dstroke_hum_original	original_dstroke	final_prompt_token_minus_1	122	check	25001	0.29537510871887207	9
dstroke_hum_original	original_dstroke	final_prompt_token_minus_1	122	check	32454	0.2886806130409241	10
dstroke_hum_original	original_dstroke	final_prompt_token_minus_1	122	check	20031	0.2715725898742676	11
dstroke_hum_original	original_dstroke	final_prompt_token_minus_1	122	check	29171	0.26568418741226196	12
dstroke_hum_original	original_dstroke	final_prompt_token_minus_1	122	check	19850	0.25955215096473694	13
dstroke_hum_original	original_dstroke	final_prompt_token_minus_1	122	check	15076	0.25653743743896484	14
dstroke_hum_original	original_dstroke	final_prompt_token_minus_1	122	check	9241	0.2552773356437683	15
dstroke_hum_original	original_dstroke	final_prompt_token_minus_1	122	check	29065	0.2354351133108139	16
dstroke_hum_original	original_dstroke	final_prompt_token_minus_1	122	check	16475	0.23531760275363922	17
dstroke_hum_original	original_dstroke	final_prompt_token_minus_1	122	check	8216	0.23432260751724243	18
dstroke_hum_original	original_dstroke	final_prompt_token_minus_1	122	check	7982	0.23385506868362427	19
dstroke_hum_original	original_dstroke	final_prompt_token_minus_1	122	check	9990	0.2164575606584549	20
dstroke_hum_original	original_dstroke	final_prompt_token_minus_1	122	check	704	0.21520653367042542	21
dstroke_hum_original	original_dstroke	final_prompt_token_minus_1	122	check	23071	0.21377643942832947	22
dstroke_hum_original	original_dstroke	final_prompt_token_minus_1	122	check	8882	0.21301569044589996	23
dstroke_hum_original	original_dstroke	final_prompt_token_minus_1	122	check	22353	0.20395225286483765	24
dstroke_hum_original	original_dstroke	final_prompt_token_minus_1	122	check	26598	0.20387645065784454	25
dstroke_hum_original	original_dstroke	final_prompt_token_minus_1	122	check	5257	0.199561208486557	26
dstroke_hum_original	original_dstroke	final_prompt_token_minus_1	122	check	10709	0.19949519634246826	27
dstroke_hum_original	original_dstroke	final_prompt_token_minus_1	122	check	8891	0.18265429139137268	28
dstroke_hum_original	original_dstroke	final_prompt_token_minus_1	122	check	29472	0.18232472240924835	29
dstroke_hum_original	original_dstroke	final_prompt_token_minus_1	122	check	17164	0.1821117103099823	30
dstroke_hum_original	original_dstroke	final_prompt_token_minus_1	122	check	17869	0.18000516295433044	31
dstroke_hum_original	original_dstroke	final_prompt_token_minus_1	122	check	1659	0.1735302358865738	32
dstroke_hum_original	original_dstroke	final_prompt_token_minus_1	122	check	18977	0.17150886356830597	33
dstroke_hum_original	original_dstroke	final_prompt_token_minus_1	122	check	31784	0.1702091246843338	34
dstroke_hum_original	original_dstroke	final_prompt_token_minus_1	122	check	6593	0.16995172202587128	35
dstroke_hum_original	original_dstroke	final_prompt_token_minus_1	122	check	31420	0.16677449643611908	36
dstroke_hum_original	original_dstroke	final_prompt_token_minus_1	122	check	7506	0.16334952414035797	37
dstroke_hum_original	original_dstroke	final_prompt_token_minus_1	122	check	13916	0.1611262857913971	38
dstroke_hum_original	original_dstroke	final_prompt_token_minus_1	122	check	4844	0.15999847650527954	39
dstroke_hum_original	original_dstroke	final_prompt_token_minus_1	122	check	27461	0.15898162126541138	40
dstroke_hum_original	original_dstroke	final_prompt_token_minus_1	122	check	26262	0.155172199010849	41
dstroke_hum_original	original_dstroke	final_prompt_token_minus_1	122	check	22025	0.15390099585056305	42
dstroke_hum_original	original_dstroke	final_prompt_token_minus_1	122	check	31836	0.15385742485523224	43
dstroke_hum_original	original_dstroke	final_prompt_token_minus_1	122	check	31073	0.15365728735923767	44
dstroke_hum_original	original_dstroke	final_prompt_token_minus_1	122	check	16041	0.1511763334274292	45
dstroke_hum_original	original_dstroke	final_prompt_token_minus_1	122	check	10265	0.15064644813537598	46
dstroke_hum_original	original_dstroke	final_prompt_token_minus_1	122	check	24636	0.14925485849380493	47
dstroke_hum_original	original_dstroke	final_prompt_token_minus_1	122	check	10764	0.14704197645187378	48
dstroke_hum_original	original_dstroke	final_prompt_token_minus_1	122	check	32448	0.1465790569782257	49
dstroke_hum_original	original_dstroke	final_prompt_token_minus_1	122	check	15484	0.14511865377426147	50
dstroke_hum_original	original_dstroke	final_prompt_token_minus_2	121	Just	28392	1.4150110483169556	1
dstroke_hum_original	original_dstroke	final_prompt_token_minus_2	121	Just	2938	0.8165283203125	2
dstroke_hum_original	original_dstroke	final_prompt_token_minus_2	121	Just	21517	0.4345511794090271	3
dstroke_hum_original	original_dstroke	final_prompt_token_minus_2	121	Just	19943	0.39995047450065613	4
dstroke_hum_original	original_dstroke	final_prompt_token_minus_2	121	Just	5257	0.39486855268478394	5
dstroke_hum_original	original_dstroke	final_prompt_token_minus_2	121	Just	27342	0.36044904589653015	6
dstroke_hum_original	original_dstroke	final_prompt_token_minus_2	121	Just	19389	0.35003915429115295	7
dstroke_hum_original	original_dstroke	final_prompt_token_minus_2	121	Just	16439	0.3137315511703491	8
dstroke_hum_original	original_dstroke	final_prompt_token_minus_2	121	Just	10709	0.3102661967277527	9
dstroke_hum_original	original_dstroke	final_prompt_token_minus_2	121	Just	17869	0.3098416328430176	10
dstroke_hum_original	original_dstroke	final_prompt_token_minus_2	121	Just	9317	0.3094215393066406	11
dstroke_hum_original	original_dstroke	final_prompt_token_minus_2	121	Just	27461	0.28558462858200073	12
dstroke_hum_original	original_dstroke	final_prompt_token_minus_2	121	Just	26684	0.2798583507537842	13
dstroke_hum_original	original_dstroke	final_prompt_token_minus_2	121	Just	10265	0.2747947871685028	14
dstroke_hum_original	original_dstroke	final_prompt_token_minus_2	121	Just	30453	0.25571975111961365	15
dstroke_hum_original	original_dstroke	final_prompt_token_minus_2	121	Just	21478	0.24644698202610016	16
dstroke_hum_original	original_dstroke	final_prompt_token_minus_2	121	Just	25341	0.24511995911598206	17
dstroke_hum_original	original_dstroke	final_prompt_token_minus_2	121	Just	31836	0.24311479926109314	18
dstroke_hum_original	original_dstroke	final_prompt_token_minus_2	121	Just	30205	0.23923537135124207	19
dstroke_hum_original	original_dstroke	final_prompt_token_minus_2	121	Just	14675	0.23610222339630127	20
dstroke_hum_original	original_dstroke	final_prompt_token_minus_2	121	Just	11256	0.23008200526237488	21
dstroke_hum_original	original_dstroke	final_prompt_token_minus_2	121	Just	7468	0.2257687896490097	22
dstroke_hum_original	original_dstroke	final_prompt_token_minus_2	121	Just	2204	0.21712368726730347	23
dstroke_hum_original	original_dstroke	final_prompt_token_minus_2	121	Just	18198	0.2164829969406128	24
dstroke_hum_original	original_dstroke	final_prompt_token_minus_2	121	Just	30080	0.2155326008796692	25
dstroke_hum_original	original_dstroke	final_prompt_token_minus_2	121	Just	15954	0.2145940363407135	26
dstroke_hum_original	original_dstroke	final_prompt_token_minus_2	121	Just	18836	0.21441802382469177	27
dstroke_hum_original	original_dstroke	final_prompt_token_minus_2	121	Just	16475	0.21112452447414398	28
dstroke_hum_original	original_dstroke	final_prompt_token_minus_2	121	Just	32454	0.20875245332717896	29
dstroke_hum_original	original_dstroke	final_prompt_token_minus_2	121	Just	9563	0.20821180939674377	30
dstroke_hum_original	original_dstroke	final_prompt_token_minus_2	121	Just	7982	0.2049368917942047	31
dstroke_hum_original	original_dstroke	final_prompt_token_minus_2	121	Just	15076	0.20294709503650665	32
dstroke_hum_original	original_dstroke	final_prompt_token_minus_2	121	Just	16859	0.20076380670070648	33
dstroke_hum_original	original_dstroke	final_prompt_token_minus_2	121	Just	5851	0.19990213215351105	34
dstroke_hum_original	original_dstroke	final_prompt_token_minus_2	121	Just	4795	0.1927788108587265	35
dstroke_hum_original	original_dstroke	final_prompt_token_minus_2	121	Just	2977	0.1917455792427063	36
dstroke_hum_original	original_dstroke	final_prompt_token_minus_2	121	Just	26723	0.1888638436794281	37
dstroke_hum_original	original_dstroke	final_prompt_token_minus_2	121	Just	741	0.18869461119174957	38
dstroke_hum_original	original_dstroke	final_prompt_token_minus_2	121	Just	14771	0.1831253468990326	39
dstroke_hum_original	original_dstroke	final_prompt_token_minus_2	121	Just	25077	0.1820216178894043	40
dstroke_hum_original	original_dstroke	final_prompt_token_minus_2	121	Just	22932	0.1817527413368225	41
dstroke_hum_original	original_dstroke	final_prompt_token_minus_2	121	Just	15840	0.18086665868759155	42
dstroke_hum_original	original_dstroke	final_prompt_token_minus_2	121	Just	8418	0.17924964427947998	43
dstroke_hum_original	original_dstroke	final_prompt_token_minus_2	121	Just	9784	0.1778143048286438	44
dstroke_hum_original	original_dstroke	final_prompt_token_minus_2	121	Just	25098	0.1752415895462036	45
dstroke_hum_original	original_dstroke	final_prompt_token_minus_2	121	Just	20031	0.17481237649917603	46
dstroke_hum_original	original_dstroke	final_prompt_token_minus_2	121	Just	23592	0.1736152172088623	47
dstroke_hum_original	original_dstroke	final_prompt_token_minus_2	121	Just	7506	0.1714598536491394	48
dstroke_hum_original	original_dstroke	final_prompt_token_minus_2	121	Just	28492	0.1709779053926468	49
dstroke_hum_original	original_dstroke	final_prompt_token_minus_2	121	Just	23070	0.16700264811515808	50
dstroke_hum_original	original_dstroke	final_prompt_token_minus_5	118	an	4514	1.240897297859192	1
dstroke_hum_original	original_dstroke	final_prompt_token_minus_5	118	an	2938	1.1930816173553467	2
dstroke_hum_original	original_dstroke	final_prompt_token_minus_5	118	an	23952	0.690320611000061	3
dstroke_hum_original	original_dstroke	final_prompt_token_minus_5	118	an	5230	0.5325244665145874	4
dstroke_hum_original	original_dstroke	final_prompt_token_minus_5	118	an	1984	0.431770920753479	5
dstroke_hum_original	original_dstroke	final_prompt_token_minus_5	118	an	23178	0.37499165534973145	6
dstroke_hum_original	original_dstroke	final_prompt_token_minus_5	118	an	7982	0.3409038186073303	7
dstroke_hum_original	original_dstroke	final_prompt_token_minus_5	118	an	5412	0.33396145701408386	8
dstroke_hum_original	original_dstroke	final_prompt_token_minus_5	118	an	11412	0.29836344718933105	9
dstroke_hum_original	original_dstroke	final_prompt_token_minus_5	118	an	19668	0.279916912317276	10
dstroke_hum_original	original_dstroke	final_prompt_token_minus_5	118	an	30911	0.26627427339553833	11
dstroke_hum_original	original_dstroke	final_prompt_token_minus_5	118	an	31206	0.2377845048904419	12
dstroke_hum_original	original_dstroke	final_prompt_token_minus_5	118	an	5566	0.23700618743896484	13
dstroke_hum_original	original_dstroke	final_prompt_token_minus_5	118	an	13599	0.22912712395191193	14
dstroke_hum_original	original_dstroke	final_prompt_token_minus_5	118	an	15420	0.2183503806591034	15
dstroke_hum_original	original_dstroke	final_prompt_token_minus_5	118	an	4067	0.20741534233093262	16
dstroke_hum_original	original_dstroke	final_prompt_token_minus_5	118	an	19389	0.20688822865486145	17
dstroke_hum_original	original_dstroke	final_prompt_token_minus_5	118	an	12693	0.19814512133598328	18
dstroke_hum_original	original_dstroke	final_prompt_token_minus_5	118	an	27281	0.19430263340473175	19
dstroke_hum_original	original_dstroke	final_prompt_token_minus_5	118	an	380	0.19091449677944183	20
dstroke_hum_original	original_dstroke	final_prompt_token_minus_5	118	an	16041	0.19079989194869995	21
dstroke_hum_original	original_dstroke	final_prompt_token_minus_5	118	an	14667	0.17996856570243835	22
dstroke_hum_original	original_dstroke	final_prompt_token_minus_5	118	an	29275	0.17809541523456573	23
dstroke_hum_original	original_dstroke	final_prompt_token_minus_5	118	an	11145	0.17775043845176697	24
dstroke_hum_original	original_dstroke	final_prompt_token_minus_5	118	an	12709	0.16847480833530426	25
dstroke_hum_original	original_dstroke	final_prompt_token_minus_5	118	an	2802	0.1669457107782364	26
dstroke_hum_original	original_dstroke	final_prompt_token_minus_5	118	an	3271	0.16352029144763947	27
dstroke_hum_original	original_dstroke	final_prompt_token_minus_5	118	an	24803	0.16333657503128052	28
dstroke_hum_original	original_dstroke	final_prompt_token_minus_5	118	an	14855	0.16188299655914307	29
dstroke_hum_original	original_dstroke	final_prompt_token_minus_5	118	an	9784	0.16072511672973633	30
dstroke_hum_original	original_dstroke	final_prompt_token_minus_5	118	an	30153	0.1606588065624237	31
dstroke_hum_original	original_dstroke	final_prompt_token_minus_5	118	an	7777	0.15965178608894348	32
dstroke_hum_original	original_dstroke	final_prompt_token_minus_5	118	an	2547	0.1577763557434082	33
dstroke_hum_original	original_dstroke	final_prompt_token_minus_5	118	an	31589	0.15601591765880585	34
dstroke_hum_original	original_dstroke	final_prompt_token_minus_5	118	an	557	0.15300267934799194	35
dstroke_hum_original	original_dstroke	final_prompt_token_minus_5	118	an	28289	0.14900407195091248	36
dstroke_hum_original	original_dstroke	final_prompt_token_minus_5	118	an	11456	0.14790529012680054	37
dstroke_hum_original	original_dstroke	final_prompt_token_minus_5	118	an	27606	0.14511610567569733	38
dstroke_hum_original	original_dstroke	final_prompt_token_minus_5	118	an	31784	0.14504337310791016	39
dstroke_hum_original	original_dstroke	final_prompt_token_minus_5	118	an	12998	0.14165879786014557	40
dstroke_hum_original	original_dstroke	final_prompt_token_minus_5	118	an	16793	0.14150255918502808	41
dstroke_hum_original	original_dstroke	final_prompt_token_minus_5	118	an	28777	0.14130930602550507	42
dstroke_hum_original	original_dstroke	final_prompt_token_minus_5	118	an	5669	0.13996435701847076	43
dstroke_hum_original	original_dstroke	final_prompt_token_minus_5	118	an	31632	0.13972151279449463	44
dstroke_hum_original	original_dstroke	final_prompt_token_minus_5	118	an	14771	0.1396116018295288	45
dstroke_hum_original	original_dstroke	final_prompt_token_minus_5	118	an	21350	0.13753049075603485	46
dstroke_hum_original	original_dstroke	final_prompt_token_minus_5	118	an	31025	0.13752314448356628	47
dstroke_hum_original	original_dstroke	final_prompt_token_minus_5	118	an	6629	0.13236121833324432	48
dstroke_hum_original	original_dstroke	final_prompt_token_minus_5	118	an	14949	0.13041281700134277	49
dstroke_hum_original	original_dstroke	final_prompt_token_minus_5	118	an	20330	0.12973371148109436	50
dstroke_hum_original	original_dstroke	final_prompt_token_minus_10	113	now	26684	0.9172018766403198	1
dstroke_hum_original	original_dstroke	final_prompt_token_minus_10	113	now	18527	0.6763356924057007	2
dstroke_hum_original	original_dstroke	final_prompt_token_minus_10	113	now	677	0.5709426999092102	3
dstroke_hum_original	original_dstroke	final_prompt_token_minus_10	113	now	7837	0.49761080741882324	4
dstroke_hum_original	original_dstroke	final_prompt_token_minus_10	113	now	6069	0.4657494127750397	5
dstroke_hum_original	original_dstroke	final_prompt_token_minus_10	113	now	16439	0.4301456809043884	6
dstroke_hum_original	original_dstroke	final_prompt_token_minus_10	113	now	30036	0.4072027802467346	7
dstroke_hum_original	original_dstroke	final_prompt_token_minus_10	113	now	704	0.4000110328197479	8
dstroke_hum_original	original_dstroke	final_prompt_token_minus_10	113	now	18847	0.39941105246543884	9
dstroke_hum_original	original_dstroke	final_prompt_token_minus_10	113	now	75	0.38805150985717773	10
dstroke_hum_original	original_dstroke	final_prompt_token_minus_10	113	now	14672	0.38519683480262756	11
dstroke_hum_original	original_dstroke	final_prompt_token_minus_10	113	now	10709	0.3793083131313324	12
dstroke_hum_original	original_dstroke	final_prompt_token_minus_10	113	now	26403	0.33245477080345154	13
dstroke_hum_original	original_dstroke	final_prompt_token_minus_10	113	now	805	0.32813411951065063	14
dstroke_hum_original	original_dstroke	final_prompt_token_minus_10	113	now	2430	0.3193078935146332	15
dstroke_hum_original	original_dstroke	final_prompt_token_minus_10	113	now	10346	0.31016677618026733	16
dstroke_hum_original	original_dstroke	final_prompt_token_minus_10	113	now	12704	0.3084842562675476	17
dstroke_hum_original	original_dstroke	final_prompt_token_minus_10	113	now	20303	0.3061249256134033	18
dstroke_hum_original	original_dstroke	final_prompt_token_minus_10	113	now	4715	0.3026595115661621	19
dstroke_hum_original	original_dstroke	final_prompt_token_minus_10	113	now	2228	0.29612329602241516	20
dstroke_hum_original	original_dstroke	final_prompt_token_minus_10	113	now	2938	0.29410529136657715	21
dstroke_hum_original	original_dstroke	final_prompt_token_minus_10	113	now	7754	0.29310089349746704	22
dstroke_hum_original	original_dstroke	final_prompt_token_minus_10	113	now	7982	0.2782033681869507	23
dstroke_hum_original	original_dstroke	final_prompt_token_minus_10	113	now	9576	0.2746232748031616	24
dstroke_hum_original	original_dstroke	final_prompt_token_minus_10	113	now	29466	0.27021053433418274	25
dstroke_hum_original	original_dstroke	final_prompt_token_minus_10	113	now	428	0.2692103087902069	26
dstroke_hum_original	original_dstroke	final_prompt_token_minus_10	113	now	1238	0.26794320344924927	27
dstroke_hum_original	original_dstroke	final_prompt_token_minus_10	113	now	22922	0.2585684359073639	28
dstroke_hum_original	original_dstroke	final_prompt_token_minus_10	113	now	9860	0.2564253509044647	29
dstroke_hum_original	original_dstroke	final_prompt_token_minus_10	113	now	21687	0.25352445244789124	30
dstroke_hum_original	original_dstroke	final_prompt_token_minus_10	113	now	31836	0.25292956829071045	31
dstroke_hum_original	original_dstroke	final_prompt_token_minus_10	113	now	7711	0.24892441928386688	32
dstroke_hum_original	original_dstroke	final_prompt_token_minus_10	113	now	2720	0.24475085735321045	33
dstroke_hum_original	original_dstroke	final_prompt_token_minus_10	113	now	15458	0.2445109486579895	34
dstroke_hum_original	original_dstroke	final_prompt_token_minus_10	113	now	1206	0.24399080872535706	35
dstroke_hum_original	original_dstroke	final_prompt_token_minus_10	113	now	27281	0.2333463728427887	36
dstroke_hum_original	original_dstroke	final_prompt_token_minus_10	113	now	3361	0.2284112274646759	37
dstroke_hum_original	original_dstroke	final_prompt_token_minus_10	113	now	1205	0.2264353632926941	38
dstroke_hum_original	original_dstroke	final_prompt_token_minus_10	113	now	25421	0.2256840467453003	39
dstroke_hum_original	original_dstroke	final_prompt_token_minus_10	113	now	16073	0.22353032231330872	40
dstroke_hum_original	original_dstroke	final_prompt_token_minus_10	113	now	22495	0.22282828390598297	41
dstroke_hum_original	original_dstroke	final_prompt_token_minus_10	113	now	1930	0.2226565182209015	42
dstroke_hum_original	original_dstroke	final_prompt_token_minus_10	113	now	31897	0.22252129018306732	43
dstroke_hum_original	original_dstroke	final_prompt_token_minus_10	113	now	28971	0.22107520699501038	44
dstroke_hum_original	original_dstroke	final_prompt_token_minus_10	113	now	21750	0.21681685745716095	45
dstroke_hum_original	original_dstroke	final_prompt_token_minus_10	113	now	3313	0.21567752957344055	46
dstroke_hum_original	original_dstroke	final_prompt_token_minus_10	113	now	19389	0.21193012595176697	47
dstroke_hum_original	original_dstroke	final_prompt_token_minus_10	113	now	26586	0.21104422211647034	48
dstroke_hum_original	original_dstroke	final_prompt_token_minus_10	113	now	5417	0.21049508452415466	49
dstroke_hum_original	original_dstroke	final_prompt_token_minus_10	113	now	22114	0.20778627693653107	50
normal_hum_removed_sentence	removed_sentence_normal	final_prompt_token	88	.	2938	1.6265168190002441	1
normal_hum_removed_sentence	removed_sentence_normal	final_prompt_token	88	.	28713	0.6714918613433838	2
normal_hum_removed_sentence	removed_sentence_normal	final_prompt_token	88	.	18937	0.6556888818740845	3
normal_hum_removed_sentence	removed_sentence_normal	final_prompt_token	88	.	3241	0.39332613348960876	4
normal_hum_removed_sentence	removed_sentence_normal	final_prompt_token	88	.	31908	0.3885148763656616	5
normal_hum_removed_sentence	removed_sentence_normal	final_prompt_token	88	.	19389	0.3818928599357605	6
normal_hum_removed_sentence	removed_sentence_normal	final_prompt_token	88	.	1626	0.3815942406654358	7
normal_hum_removed_sentence	removed_sentence_normal	final_prompt_token	88	.	11256	0.36010614037513733	8
normal_hum_removed_sentence	removed_sentence_normal	final_prompt_token	88	.	13935	0.31717491149902344	9
normal_hum_removed_sentence	removed_sentence_normal	final_prompt_token	88	.	6194	0.3129672408103943	10
normal_hum_removed_sentence	removed_sentence_normal	final_prompt_token	88	.	15954	0.2864430844783783	11
normal_hum_removed_sentence	removed_sentence_normal	final_prompt_token	88	.	599	0.2649812400341034	12
normal_hum_removed_sentence	removed_sentence_normal	final_prompt_token	88	.	6429	0.2637142837047577	13
normal_hum_removed_sentence	removed_sentence_normal	final_prompt_token	88	.	18198	0.26287680864334106	14
normal_hum_removed_sentence	removed_sentence_normal	final_prompt_token	88	.	6021	0.25926125049591064	15
normal_hum_removed_sentence	removed_sentence_normal	final_prompt_token	88	.	32698	0.25849324464797974	16
normal_hum_removed_sentence	removed_sentence_normal	final_prompt_token	88	.	25001	0.25511112809181213	17
normal_hum_removed_sentence	removed_sentence_normal	final_prompt_token	88	.	26684	0.2505713999271393	18
normal_hum_removed_sentence	removed_sentence_normal	final_prompt_token	88	.	29524	0.24540458619594574	19
normal_hum_removed_sentence	removed_sentence_normal	final_prompt_token	88	.	27342	0.22287029027938843	20
normal_hum_removed_sentence	removed_sentence_normal	final_prompt_token	88	.	25575	0.22015380859375	21
normal_hum_removed_sentence	removed_sentence_normal	final_prompt_token	88	.	5257	0.21585607528686523	22
normal_hum_removed_sentence	removed_sentence_normal	final_prompt_token	88	.	15076	0.19947250187397003	23
normal_hum_removed_sentence	removed_sentence_normal	final_prompt_token	88	.	7982	0.19587765634059906	24
normal_hum_removed_sentence	removed_sentence_normal	final_prompt_token	88	.	13916	0.18897618353366852	25
normal_hum_removed_sentence	removed_sentence_normal	final_prompt_token	88	.	17394	0.18677261471748352	26
normal_hum_removed_sentence	removed_sentence_normal	final_prompt_token	88	.	12320	0.185794398188591	27
normal_hum_removed_sentence	removed_sentence_normal	final_prompt_token	88	.	14614	0.1848384141921997	28
normal_hum_removed_sentence	removed_sentence_normal	final_prompt_token	88	.	8216	0.18171116709709167	29
normal_hum_removed_sentence	removed_sentence_normal	final_prompt_token	88	.	30033	0.1804111897945404	30
normal_hum_removed_sentence	removed_sentence_normal	final_prompt_token	88	.	7163	0.17962221801280975	31
normal_hum_removed_sentence	removed_sentence_normal	final_prompt_token	88	.	8418	0.17696192860603333	32
normal_hum_removed_sentence	removed_sentence_normal	final_prompt_token	88	.	23977	0.17617583274841309	33
normal_hum_removed_sentence	removed_sentence_normal	final_prompt_token	88	.	13061	0.17393890023231506	34
normal_hum_removed_sentence	removed_sentence_normal	final_prompt_token	88	.	9745	0.17274460196495056	35
normal_hum_removed_sentence	removed_sentence_normal	final_prompt_token	88	.	6593	0.1720353066921234	36
normal_hum_removed_sentence	removed_sentence_normal	final_prompt_token	88	.	21539	0.16963572800159454	37
normal_hum_removed_sentence	removed_sentence_normal	final_prompt_token	88	.	15560	0.16812855005264282	38
normal_hum_removed_sentence	removed_sentence_normal	final_prompt_token	88	.	17869	0.16741138696670532	39
normal_hum_removed_sentence	removed_sentence_normal	final_prompt_token	88	.	11456	0.16632914543151855	40
normal_hum_removed_sentence	removed_sentence_normal	final_prompt_token	88	.	27872	0.16404911875724792	41
normal_hum_removed_sentence	removed_sentence_normal	final_prompt_token	88	.	31073	0.1623646765947342	42
normal_hum_removed_sentence	removed_sentence_normal	final_prompt_token	88	.	7108	0.16023597121238708	43
normal_hum_removed_sentence	removed_sentence_normal	final_prompt_token	88	.	25351	0.15971291065216064	44
normal_hum_removed_sentence	removed_sentence_normal	final_prompt_token	88	.	8882	0.15799127519130707	45
normal_hum_removed_sentence	removed_sentence_normal	final_prompt_token	88	.	30453	0.15797418355941772	46
normal_hum_removed_sentence	removed_sentence_normal	final_prompt_token	88	.	5079	0.15639016032218933	47
normal_hum_removed_sentence	removed_sentence_normal	final_prompt_token	88	.	6868	0.1561700999736786	48
normal_hum_removed_sentence	removed_sentence_normal	final_prompt_token	88	.	25377	0.15379029512405396	49
normal_hum_removed_sentence	removed_sentence_normal	final_prompt_token	88	.	32454	0.1514807641506195	50
normal_hum_removed_sentence	removed_sentence_normal	final_prompt_token_minus_1	87	check	799	2.0445938110351562	1
normal_hum_removed_sentence	removed_sentence_normal	final_prompt_token_minus_1	87	check	2938	1.0164575576782227	2
normal_hum_removed_sentence	removed_sentence_normal	final_prompt_token_minus_1	87	check	16706	0.5812485814094543	3
normal_hum_removed_sentence	removed_sentence_normal	final_prompt_token_minus_1	87	check	27342	0.49041441082954407	4
normal_hum_removed_sentence	removed_sentence_normal	final_prompt_token_minus_1	87	check	19389	0.3341432213783264	5
normal_hum_removed_sentence	removed_sentence_normal	final_prompt_token_minus_1	87	check	26684	0.331034392118454	6
normal_hum_removed_sentence	removed_sentence_normal	final_prompt_token_minus_1	87	check	16439	0.33032041788101196	7
normal_hum_removed_sentence	removed_sentence_normal	final_prompt_token_minus_1	87	check	11256	0.31519773602485657	8
normal_hum_removed_sentence	removed_sentence_normal	final_prompt_token_minus_1	87	check	32454	0.3129715621471405	9
normal_hum_removed_sentence	removed_sentence_normal	final_prompt_token_minus_1	87	check	19850	0.29992419481277466	10
normal_hum_removed_sentence	removed_sentence_normal	final_prompt_token_minus_1	87	check	25001	0.299850195646286	11
normal_hum_removed_sentence	removed_sentence_normal	final_prompt_token_minus_1	87	check	29171	0.2712058424949646	12
normal_hum_removed_sentence	removed_sentence_normal	final_prompt_token_minus_1	87	check	7982	0.26193761825561523	13
normal_hum_removed_sentence	removed_sentence_normal	final_prompt_token_minus_1	87	check	704	0.2590639293193817	14
normal_hum_removed_sentence	removed_sentence_normal	final_prompt_token_minus_1	87	check	29065	0.24819014966487885	15
normal_hum_removed_sentence	removed_sentence_normal	final_prompt_token_minus_1	87	check	26598	0.23681282997131348	16
normal_hum_removed_sentence	removed_sentence_normal	final_prompt_token_minus_1	87	check	8216	0.2337774932384491	17
normal_hum_removed_sentence	removed_sentence_normal	final_prompt_token_minus_1	87	check	20031	0.2336646169424057	18
normal_hum_removed_sentence	removed_sentence_normal	final_prompt_token_minus_1	87	check	29472	0.2326376885175705	19
normal_hum_removed_sentence	removed_sentence_normal	final_prompt_token_minus_1	87	check	9241	0.23221580684185028	20
normal_hum_removed_sentence	removed_sentence_normal	final_prompt_token_minus_1	87	check	15076	0.2304755598306656	21
normal_hum_removed_sentence	removed_sentence_normal	final_prompt_token_minus_1	87	check	23071	0.22879216074943542	22
normal_hum_removed_sentence	removed_sentence_normal	final_prompt_token_minus_1	87	check	16475	0.21977993845939636	23
normal_hum_removed_sentence	removed_sentence_normal	final_prompt_token_minus_1	87	check	8891	0.21866247057914734	24
normal_hum_removed_sentence	removed_sentence_normal	final_prompt_token_minus_1	87	check	22353	0.21711182594299316	25
normal_hum_removed_sentence	removed_sentence_normal	final_prompt_token_minus_1	87	check	5257	0.21335092186927795	26
normal_hum_removed_sentence	removed_sentence_normal	final_prompt_token_minus_1	87	check	9990	0.20501022040843964	27
normal_hum_removed_sentence	removed_sentence_normal	final_prompt_token_minus_1	87	check	6593	0.20155735313892365	28
normal_hum_removed_sentence	removed_sentence_normal	final_prompt_token_minus_1	87	check	13916	0.1944032609462738	29
normal_hum_removed_sentence	removed_sentence_normal	final_prompt_token_minus_1	87	check	31420	0.19398415088653564	30
normal_hum_removed_sentence	removed_sentence_normal	final_prompt_token_minus_1	87	check	8882	0.193928062915802	31
normal_hum_removed_sentence	removed_sentence_normal	final_prompt_token_minus_1	87	check	17869	0.19121745228767395	32
normal_hum_removed_sentence	removed_sentence_normal	final_prompt_token_minus_1	87	check	18977	0.18699726462364197	33
normal_hum_removed_sentence	removed_sentence_normal	final_prompt_token_minus_1	87	check	7506	0.1834694743156433	34
normal_hum_removed_sentence	removed_sentence_normal	final_prompt_token_minus_1	87	check	4844	0.17555248737335205	35
normal_hum_removed_sentence	removed_sentence_normal	final_prompt_token_minus_1	87	check	10709	0.1746295690536499	36
normal_hum_removed_sentence	removed_sentence_normal	final_prompt_token_minus_1	87	check	1659	0.17005087435245514	37
normal_hum_removed_sentence	removed_sentence_normal	final_prompt_token_minus_1	87	check	18847	0.16587428748607635	38
normal_hum_removed_sentence	removed_sentence_normal	final_prompt_token_minus_1	87	check	17164	0.16531816124916077	39
normal_hum_removed_sentence	removed_sentence_normal	final_prompt_token_minus_1	87	check	31784	0.1651216596364975	40
normal_hum_removed_sentence	removed_sentence_normal	final_prompt_token_minus_1	87	check	22922	0.16474293172359467	41
normal_hum_removed_sentence	removed_sentence_normal	final_prompt_token_minus_1	87	check	31836	0.1622430682182312	42
normal_hum_removed_sentence	removed_sentence_normal	final_prompt_token_minus_1	87	check	27461	0.16169601678848267	43
normal_hum_removed_sentence	removed_sentence_normal	final_prompt_token_minus_1	87	check	17	0.16115596890449524	44
normal_hum_removed_sentence	removed_sentence_normal	final_prompt_token_minus_1	87	check	19392	0.15990759432315826	45
normal_hum_removed_sentence	removed_sentence_normal	final_prompt_token_minus_1	87	check	10265	0.15829429030418396	46
normal_hum_removed_sentence	removed_sentence_normal	final_prompt_token_minus_1	87	check	16041	0.15806220471858978	47
normal_hum_removed_sentence	removed_sentence_normal	final_prompt_token_minus_1	87	check	27263	0.15683266520500183	48
normal_hum_removed_sentence	removed_sentence_normal	final_prompt_token_minus_1	87	check	17257	0.15536430478096008	49
normal_hum_removed_sentence	removed_sentence_normal	final_prompt_token_minus_1	87	check	32448	0.15359771251678467	50
normal_hum_removed_sentence	removed_sentence_normal	final_prompt_token_minus_2	86	Just	28392	1.4820563793182373	1
normal_hum_removed_sentence	removed_sentence_normal	final_prompt_token_minus_2	86	Just	2938	0.7610054016113281	2
normal_hum_removed_sentence	removed_sentence_normal	final_prompt_token_minus_2	86	Just	21517	0.42957639694213867	3
normal_hum_removed_sentence	removed_sentence_normal	final_prompt_token_minus_2	86	Just	5257	0.42553475499153137	4
normal_hum_removed_sentence	removed_sentence_normal	final_prompt_token_minus_2	86	Just	19943	0.38056302070617676	5
normal_hum_removed_sentence	removed_sentence_normal	final_prompt_token_minus_2	86	Just	19389	0.37047335505485535	6
normal_hum_removed_sentence	removed_sentence_normal	final_prompt_token_minus_2	86	Just	9317	0.36281582713127136	7
normal_hum_removed_sentence	removed_sentence_normal	final_prompt_token_minus_2	86	Just	27342	0.32713088393211365	8
normal_hum_removed_sentence	removed_sentence_normal	final_prompt_token_minus_2	86	Just	16439	0.3236878216266632	9
normal_hum_removed_sentence	removed_sentence_normal	final_prompt_token_minus_2	86	Just	17869	0.3161318302154541	10
normal_hum_removed_sentence	removed_sentence_normal	final_prompt_token_minus_2	86	Just	26684	0.3148691952228546	11
normal_hum_removed_sentence	removed_sentence_normal	final_prompt_token_minus_2	86	Just	10709	0.3105924427509308	12
normal_hum_removed_sentence	removed_sentence_normal	final_prompt_token_minus_2	86	Just	27461	0.30666762590408325	13
normal_hum_removed_sentence	removed_sentence_normal	final_prompt_token_minus_2	86	Just	21478	0.2833627462387085	14
normal_hum_removed_sentence	removed_sentence_normal	final_prompt_token_minus_2	86	Just	30453	0.27762389183044434	15
normal_hum_removed_sentence	removed_sentence_normal	final_prompt_token_minus_2	86	Just	10265	0.27480268478393555	16
normal_hum_removed_sentence	removed_sentence_normal	final_prompt_token_minus_2	86	Just	25341	0.2613750398159027	17
normal_hum_removed_sentence	removed_sentence_normal	final_prompt_token_minus_2	86	Just	7468	0.25691765546798706	18
normal_hum_removed_sentence	removed_sentence_normal	final_prompt_token_minus_2	86	Just	14675	0.2551327347755432	19
normal_hum_removed_sentence	removed_sentence_normal	final_prompt_token_minus_2	86	Just	7982	0.24375785887241364	20
normal_hum_removed_sentence	removed_sentence_normal	final_prompt_token_minus_2	86	Just	741	0.22630812227725983	21
normal_hum_removed_sentence	removed_sentence_normal	final_prompt_token_minus_2	86	Just	9563	0.2165411114692688	22
normal_hum_removed_sentence	removed_sentence_normal	final_prompt_token_minus_2	86	Just	18198	0.21336661279201508	23
normal_hum_removed_sentence	removed_sentence_normal	final_prompt_token_minus_2	86	Just	18847	0.21302078664302826	24
normal_hum_removed_sentence	removed_sentence_normal	final_prompt_token_minus_2	86	Just	15954	0.21255427598953247	25
normal_hum_removed_sentence	removed_sentence_normal	final_prompt_token_minus_2	86	Just	22922	0.21177300810813904	26
normal_hum_removed_sentence	removed_sentence_normal	final_prompt_token_minus_2	86	Just	32454	0.21116143465042114	27
normal_hum_removed_sentence	removed_sentence_normal	final_prompt_token_minus_2	86	Just	31433	0.21112492680549622	28
normal_hum_removed_sentence	removed_sentence_normal	final_prompt_token_minus_2	86	Just	31836	0.20988330245018005	29
normal_hum_removed_sentence	removed_sentence_normal	final_prompt_token_minus_2	86	Just	25077	0.20866264402866364	30
normal_hum_removed_sentence	removed_sentence_normal	final_prompt_token_minus_2	86	Just	2204	0.20841822028160095	31
normal_hum_removed_sentence	removed_sentence_normal	final_prompt_token_minus_2	86	Just	30205	0.2078234851360321	32
normal_hum_removed_sentence	removed_sentence_normal	final_prompt_token_minus_2	86	Just	4795	0.20295539498329163	33
normal_hum_removed_sentence	removed_sentence_normal	final_prompt_token_minus_2	86	Just	18836	0.2014642357826233	34
normal_hum_removed_sentence	removed_sentence_normal	final_prompt_token_minus_2	86	Just	11256	0.19684725999832153	35
normal_hum_removed_sentence	removed_sentence_normal	final_prompt_token_minus_2	86	Just	2977	0.19683599472045898	36
normal_hum_removed_sentence	removed_sentence_normal	final_prompt_token_minus_2	86	Just	16475	0.19536563754081726	37
normal_hum_removed_sentence	removed_sentence_normal	final_prompt_token_minus_2	86	Just	16859	0.19265329837799072	38
normal_hum_removed_sentence	removed_sentence_normal	final_prompt_token_minus_2	86	Just	30080	0.19218005239963531	39
normal_hum_removed_sentence	removed_sentence_normal	final_prompt_token_minus_2	86	Just	8418	0.1918259710073471	40
normal_hum_removed_sentence	removed_sentence_normal	final_prompt_token_minus_2	86	Just	7506	0.18880584836006165	41
normal_hum_removed_sentence	removed_sentence_normal	final_prompt_token_minus_2	86	Just	22932	0.18118397891521454	42
normal_hum_removed_sentence	removed_sentence_normal	final_prompt_token_minus_2	86	Just	1659	0.1780545562505722	43
normal_hum_removed_sentence	removed_sentence_normal	final_prompt_token_minus_2	86	Just	11456	0.17444145679473877	44
normal_hum_removed_sentence	removed_sentence_normal	final_prompt_token_minus_2	86	Just	18977	0.17205601930618286	45
normal_hum_removed_sentence	removed_sentence_normal	final_prompt_token_minus_2	86	Just	14905	0.17069143056869507	46
normal_hum_removed_sentence	removed_sentence_normal	final_prompt_token_minus_2	86	Just	26723	0.16619324684143066	47
normal_hum_removed_sentence	removed_sentence_normal	final_prompt_token_minus_2	86	Just	6429	0.16601887345314026	48
normal_hum_removed_sentence	removed_sentence_normal	final_prompt_token_minus_2	86	Just	15076	0.165652796626091	49
normal_hum_removed_sentence	removed_sentence_normal	final_prompt_token_minus_2	86	Just	19416	0.16525258123874664	50
normal_hum_removed_sentence	removed_sentence_normal	final_prompt_token_minus_5	83	an	4514	1.3592575788497925	1
normal_hum_removed_sentence	removed_sentence_normal	final_prompt_token_minus_5	83	an	2938	0.9581904411315918	2
normal_hum_removed_sentence	removed_sentence_normal	final_prompt_token_minus_5	83	an	23952	0.7385871410369873	3
normal_hum_removed_sentence	removed_sentence_normal	final_prompt_token_minus_5	83	an	5230	0.5177910923957825	4
normal_hum_removed_sentence	removed_sentence_normal	final_prompt_token_minus_5	83	an	1984	0.4388936460018158	5
normal_hum_removed_sentence	removed_sentence_normal	final_prompt_token_minus_5	83	an	7982	0.4226204752922058	6
normal_hum_removed_sentence	removed_sentence_normal	final_prompt_token_minus_5	83	an	5412	0.40514254570007324	7
normal_hum_removed_sentence	removed_sentence_normal	final_prompt_token_minus_5	83	an	23178	0.403438538312912	8
normal_hum_removed_sentence	removed_sentence_normal	final_prompt_token_minus_5	83	an	19668	0.3138315677642822	9
normal_hum_removed_sentence	removed_sentence_normal	final_prompt_token_minus_5	83	an	11412	0.30564188957214355	10
normal_hum_removed_sentence	removed_sentence_normal	final_prompt_token_minus_5	83	an	30911	0.2999531626701355	11
normal_hum_removed_sentence	removed_sentence_normal	final_prompt_token_minus_5	83	an	15420	0.28280729055404663	12
normal_hum_removed_sentence	removed_sentence_normal	final_prompt_token_minus_5	83	an	5566	0.2756637930870056	13
normal_hum_removed_sentence	removed_sentence_normal	final_prompt_token_minus_5	83	an	31206	0.26654309034347534	14
normal_hum_removed_sentence	removed_sentence_normal	final_prompt_token_minus_5	83	an	19389	0.24211302399635315	15
normal_hum_removed_sentence	removed_sentence_normal	final_prompt_token_minus_5	83	an	13599	0.23921526968479156	16
normal_hum_removed_sentence	removed_sentence_normal	final_prompt_token_minus_5	83	an	16041	0.22511570155620575	17
normal_hum_removed_sentence	removed_sentence_normal	final_prompt_token_minus_5	83	an	4067	0.22292576730251312	18
normal_hum_removed_sentence	removed_sentence_normal	final_prompt_token_minus_5	83	an	3271	0.22018533945083618	19
normal_hum_removed_sentence	removed_sentence_normal	final_prompt_token_minus_5	83	an	31632	0.21643012762069702	20
normal_hum_removed_sentence	removed_sentence_normal	final_prompt_token_minus_5	83	an	29275	0.19014708697795868	21
normal_hum_removed_sentence	removed_sentence_normal	final_prompt_token_minus_5	83	an	27281	0.18728403747081757	22
normal_hum_removed_sentence	removed_sentence_normal	final_prompt_token_minus_5	83	an	12693	0.18715700507164001	23
normal_hum_removed_sentence	removed_sentence_normal	final_prompt_token_minus_5	83	an	14667	0.18444640934467316	24
normal_hum_removed_sentence	removed_sentence_normal	final_prompt_token_minus_5	83	an	380	0.177676260471344	25
normal_hum_removed_sentence	removed_sentence_normal	final_prompt_token_minus_5	83	an	14771	0.17624109983444214	26
normal_hum_removed_sentence	removed_sentence_normal	final_prompt_token_minus_5	83	an	14949	0.17621876299381256	27
normal_hum_removed_sentence	removed_sentence_normal	final_prompt_token_minus_5	83	an	31589	0.17438335716724396	28
normal_hum_removed_sentence	removed_sentence_normal	final_prompt_token_minus_5	83	an	12709	0.17374807596206665	29
normal_hum_removed_sentence	removed_sentence_normal	final_prompt_token_minus_5	83	an	704	0.17060112953186035	30
normal_hum_removed_sentence	removed_sentence_normal	final_prompt_token_minus_5	83	an	2786	0.16818004846572876	31
normal_hum_removed_sentence	removed_sentence_normal	final_prompt_token_minus_5	83	an	28289	0.1665143519639969	32
normal_hum_removed_sentence	removed_sentence_normal	final_prompt_token_minus_5	83	an	19878	0.1655806601047516	33
normal_hum_removed_sentence	removed_sentence_normal	final_prompt_token_minus_5	83	an	9784	0.16252876818180084	34
normal_hum_removed_sentence	removed_sentence_normal	final_prompt_token_minus_5	83	an	14142	0.16208505630493164	35
normal_hum_removed_sentence	removed_sentence_normal	final_prompt_token_minus_5	83	an	24803	0.1616097092628479	36
normal_hum_removed_sentence	removed_sentence_normal	final_prompt_token_minus_5	83	an	17440	0.15922121703624725	37
normal_hum_removed_sentence	removed_sentence_normal	final_prompt_token_minus_5	83	an	2802	0.15912237763404846	38
normal_hum_removed_sentence	removed_sentence_normal	final_prompt_token_minus_5	83	an	11456	0.15806135535240173	39
normal_hum_removed_sentence	removed_sentence_normal	final_prompt_token_minus_5	83	an	2547	0.15715013444423676	40
normal_hum_removed_sentence	removed_sentence_normal	final_prompt_token_minus_5	83	an	1277	0.15690363943576813	41
normal_hum_removed_sentence	removed_sentence_normal	final_prompt_token_minus_5	83	an	12998	0.15683269500732422	42
normal_hum_removed_sentence	removed_sentence_normal	final_prompt_token_minus_5	83	an	16793	0.15593406558036804	43
normal_hum_removed_sentence	removed_sentence_normal	final_prompt_token_minus_5	83	an	3418	0.1546320915222168	44
normal_hum_removed_sentence	removed_sentence_normal	final_prompt_token_minus_5	83	an	11331	0.15306296944618225	45
normal_hum_removed_sentence	removed_sentence_normal	final_prompt_token_minus_5	83	an	11145	0.15304537117481232	46
normal_hum_removed_sentence	removed_sentence_normal	final_prompt_token_minus_5	83	an	234	0.15200862288475037	47
normal_hum_removed_sentence	removed_sentence_normal	final_prompt_token_minus_5	83	an	31025	0.15007877349853516	48
normal_hum_removed_sentence	removed_sentence_normal	final_prompt_token_minus_5	83	an	30153	0.14868897199630737	49
normal_hum_removed_sentence	removed_sentence_normal	final_prompt_token_minus_5	83	an	7159	0.14625835418701172	50
normal_hum_removed_sentence	removed_sentence_normal	final_prompt_token_minus_10	78	now	26684	0.8494842648506165	1
normal_hum_removed_sentence	removed_sentence_normal	final_prompt_token_minus_10	78	now	18527	0.6458166837692261	2
normal_hum_removed_sentence	removed_sentence_normal	final_prompt_token_minus_10	78	now	2938	0.5682768821716309	3
normal_hum_removed_sentence	removed_sentence_normal	final_prompt_token_minus_10	78	now	677	0.5422979593276978	4
normal_hum_removed_sentence	removed_sentence_normal	final_prompt_token_minus_10	78	now	6069	0.4608882963657379	5
normal_hum_removed_sentence	removed_sentence_normal	final_prompt_token_minus_10	78	now	26403	0.4488081932067871	6
normal_hum_removed_sentence	removed_sentence_normal	final_prompt_token_minus_10	78	now	14672	0.43462786078453064	7
normal_hum_removed_sentence	removed_sentence_normal	final_prompt_token_minus_10	78	now	704	0.42554670572280884	8
normal_hum_removed_sentence	removed_sentence_normal	final_prompt_token_minus_10	78	now	18847	0.39825671911239624	9
normal_hum_removed_sentence	removed_sentence_normal	final_prompt_token_minus_10	78	now	10709	0.3891177475452423	10
normal_hum_removed_sentence	removed_sentence_normal	final_prompt_token_minus_10	78	now	7982	0.37278205156326294	11
normal_hum_removed_sentence	removed_sentence_normal	final_prompt_token_minus_10	78	now	16439	0.35984185338020325	12
normal_hum_removed_sentence	removed_sentence_normal	final_prompt_token_minus_10	78	now	75	0.3567695617675781	13
normal_hum_removed_sentence	removed_sentence_normal	final_prompt_token_minus_10	78	now	2430	0.3507775366306305	14
normal_hum_removed_sentence	removed_sentence_normal	final_prompt_token_minus_10	78	now	30036	0.3448198139667511	15
normal_hum_removed_sentence	removed_sentence_normal	final_prompt_token_minus_10	78	now	9576	0.344534307718277	16
normal_hum_removed_sentence	removed_sentence_normal	final_prompt_token_minus_10	78	now	805	0.3056609034538269	17
normal_hum_removed_sentence	removed_sentence_normal	final_prompt_token_minus_10	78	now	19389	0.30465593934059143	18
normal_hum_removed_sentence	removed_sentence_normal	final_prompt_token_minus_10	78	now	428	0.30409616231918335	19
normal_hum_removed_sentence	removed_sentence_normal	final_prompt_token_minus_10	78	now	7837	0.30257683992385864	20
normal_hum_removed_sentence	removed_sentence_normal	final_prompt_token_minus_10	78	now	2228	0.3007228374481201	21
normal_hum_removed_sentence	removed_sentence_normal	final_prompt_token_minus_10	78	now	21687	0.29999181628227234	22
normal_hum_removed_sentence	removed_sentence_normal	final_prompt_token_minus_10	78	now	28971	0.29653871059417725	23
normal_hum_removed_sentence	removed_sentence_normal	final_prompt_token_minus_10	78	now	27281	0.2943240702152252	24
normal_hum_removed_sentence	removed_sentence_normal	final_prompt_token_minus_10	78	now	20303	0.2936667203903198	25
normal_hum_removed_sentence	removed_sentence_normal	final_prompt_token_minus_10	78	now	31897	0.285707026720047	26
normal_hum_removed_sentence	removed_sentence_normal	final_prompt_token_minus_10	78	now	22495	0.27421092987060547	27
normal_hum_removed_sentence	removed_sentence_normal	final_prompt_token_minus_10	78	now	29466	0.27011430263519287	28
normal_hum_removed_sentence	removed_sentence_normal	final_prompt_token_minus_10	78	now	10346	0.2618353068828583	29
normal_hum_removed_sentence	removed_sentence_normal	final_prompt_token_minus_10	78	now	15458	0.2509089410305023	30
normal_hum_removed_sentence	removed_sentence_normal	final_prompt_token_minus_10	78	now	7334	0.25065290927886963	31
normal_hum_removed_sentence	removed_sentence_normal	final_prompt_token_minus_10	78	now	3313	0.24223491549491882	32
normal_hum_removed_sentence	removed_sentence_normal	final_prompt_token_minus_10	78	now	11147	0.24152100086212158	33
normal_hum_removed_sentence	removed_sentence_normal	final_prompt_token_minus_10	78	now	19185	0.2357557862997055	34
normal_hum_removed_sentence	removed_sentence_normal	final_prompt_token_minus_10	78	now	22922	0.23318392038345337	35
normal_hum_removed_sentence	removed_sentence_normal	final_prompt_token_minus_10	78	now	1205	0.23069757223129272	36
normal_hum_removed_sentence	removed_sentence_normal	final_prompt_token_minus_10	78	now	21539	0.22926396131515503	37
normal_hum_removed_sentence	removed_sentence_normal	final_prompt_token_minus_10	78	now	9860	0.22718241810798645	38
normal_hum_removed_sentence	removed_sentence_normal	final_prompt_token_minus_10	78	now	7754	0.22462604939937592	39
normal_hum_removed_sentence	removed_sentence_normal	final_prompt_token_minus_10	78	now	5417	0.22381755709648132	40
normal_hum_removed_sentence	removed_sentence_normal	final_prompt_token_minus_10	78	now	23582	0.22315451502799988	41
normal_hum_removed_sentence	removed_sentence_normal	final_prompt_token_minus_10	78	now	7711	0.22278138995170593	42
normal_hum_removed_sentence	removed_sentence_normal	final_prompt_token_minus_10	78	now	26216	0.22185762226581573	43
normal_hum_removed_sentence	removed_sentence_normal	final_prompt_token_minus_10	78	now	24339	0.22071167826652527	44
normal_hum_removed_sentence	removed_sentence_normal	final_prompt_token_minus_10	78	now	17869	0.2192860245704651	45
normal_hum_removed_sentence	removed_sentence_normal	final_prompt_token_minus_10	78	now	25421	0.21908676624298096	46
normal_hum_removed_sentence	removed_sentence_normal	final_prompt_token_minus_10	78	now	21750	0.21590901911258698	47
normal_hum_removed_sentence	removed_sentence_normal	final_prompt_token_minus_10	78	now	28814	0.21355894207954407	48
normal_hum_removed_sentence	removed_sentence_normal	final_prompt_token_minus_10	78	now	18249	0.20067062973976135	49
normal_hum_removed_sentence	removed_sentence_normal	final_prompt_token_minus_10	78	now	21296	0.20052139461040497	50
dstroke_hum_removed_sentence	removed_sentence_dstroke	final_prompt_token	115	.	2938	1.3851754665374756	1
dstroke_hum_removed_sentence	removed_sentence_dstroke	final_prompt_token	115	.	18937	0.6632940769195557	2
dstroke_hum_removed_sentence	removed_sentence_dstroke	final_prompt_token	115	.	28713	0.6226710677146912	3
dstroke_hum_removed_sentence	removed_sentence_dstroke	final_prompt_token	115	.	3241	0.3950725197792053	4
dstroke_hum_removed_sentence	removed_sentence_dstroke	final_prompt_token	115	.	11256	0.37503600120544434	5
dstroke_hum_removed_sentence	removed_sentence_dstroke	final_prompt_token	115	.	19389	0.35520297288894653	6
dstroke_hum_removed_sentence	removed_sentence_dstroke	final_prompt_token	115	.	6194	0.3190905749797821	7
dstroke_hum_removed_sentence	removed_sentence_dstroke	final_prompt_token	115	.	13935	0.3177582025527954	8
dstroke_hum_removed_sentence	removed_sentence_dstroke	final_prompt_token	115	.	1626	0.31685107946395874	9
dstroke_hum_removed_sentence	removed_sentence_dstroke	final_prompt_token	115	.	31908	0.3081592619419098	10
dstroke_hum_removed_sentence	removed_sentence_dstroke	final_prompt_token	115	.	15954	0.30449092388153076	11
dstroke_hum_removed_sentence	removed_sentence_dstroke	final_prompt_token	115	.	26684	0.3022352457046509	12
dstroke_hum_removed_sentence	removed_sentence_dstroke	final_prompt_token	115	.	6429	0.299491822719574	13
dstroke_hum_removed_sentence	removed_sentence_dstroke	final_prompt_token	115	.	25001	0.27351298928260803	14
dstroke_hum_removed_sentence	removed_sentence_dstroke	final_prompt_token	115	.	27342	0.26085105538368225	15
dstroke_hum_removed_sentence	removed_sentence_dstroke	final_prompt_token	115	.	15076	0.2594018578529358	16
dstroke_hum_removed_sentence	removed_sentence_dstroke	final_prompt_token	115	.	6021	0.2592933773994446	17
dstroke_hum_removed_sentence	removed_sentence_dstroke	final_prompt_token	115	.	32698	0.25554198026657104	18
dstroke_hum_removed_sentence	removed_sentence_dstroke	final_prompt_token	115	.	5257	0.25345462560653687	19
dstroke_hum_removed_sentence	removed_sentence_dstroke	final_prompt_token	115	.	18198	0.24222762882709503	20
dstroke_hum_removed_sentence	removed_sentence_dstroke	final_prompt_token	115	.	29524	0.2388523370027542	21
dstroke_hum_removed_sentence	removed_sentence_dstroke	final_prompt_token	115	.	25575	0.23375067114830017	22
dstroke_hum_removed_sentence	removed_sentence_dstroke	final_prompt_token	115	.	799	0.23265057802200317	23
dstroke_hum_removed_sentence	removed_sentence_dstroke	final_prompt_token	115	.	599	0.22048860788345337	24
dstroke_hum_removed_sentence	removed_sentence_dstroke	final_prompt_token	115	.	17394	0.21517908573150635	25
dstroke_hum_removed_sentence	removed_sentence_dstroke	final_prompt_token	115	.	30453	0.21023932099342346	26
dstroke_hum_removed_sentence	removed_sentence_dstroke	final_prompt_token	115	.	30033	0.20737816393375397	27
dstroke_hum_removed_sentence	removed_sentence_dstroke	final_prompt_token	115	.	22503	0.20046240091323853	28
dstroke_hum_removed_sentence	removed_sentence_dstroke	final_prompt_token	115	.	7982	0.19728414714336395	29
dstroke_hum_removed_sentence	removed_sentence_dstroke	final_prompt_token	115	.	31073	0.1926208883523941	30
dstroke_hum_removed_sentence	removed_sentence_dstroke	final_prompt_token	115	.	21539	0.19109700620174408	31
dstroke_hum_removed_sentence	removed_sentence_dstroke	final_prompt_token	115	.	3271	0.1868383288383484	32
dstroke_hum_removed_sentence	removed_sentence_dstroke	final_prompt_token	115	.	12320	0.184555783867836	33
dstroke_hum_removed_sentence	removed_sentence_dstroke	final_prompt_token	115	.	9745	0.18420659005641937	34
dstroke_hum_removed_sentence	removed_sentence_dstroke	final_prompt_token	115	.	13916	0.18391567468643188	35
dstroke_hum_removed_sentence	removed_sentence_dstroke	final_prompt_token	115	.	31784	0.18130512535572052	36
dstroke_hum_removed_sentence	removed_sentence_dstroke	final_prompt_token	115	.	17869	0.17880943417549133	37
dstroke_hum_removed_sentence	removed_sentence_dstroke	final_prompt_token	115	.	16439	0.17874360084533691	38
dstroke_hum_removed_sentence	removed_sentence_dstroke	final_prompt_token	115	.	25351	0.17777547240257263	39
dstroke_hum_removed_sentence	removed_sentence_dstroke	final_prompt_token	115	.	6593	0.17517630755901337	40
dstroke_hum_removed_sentence	removed_sentence_dstroke	final_prompt_token	115	.	7163	0.17467258870601654	41
dstroke_hum_removed_sentence	removed_sentence_dstroke	final_prompt_token	115	.	8216	0.17373305559158325	42
dstroke_hum_removed_sentence	removed_sentence_dstroke	final_prompt_token	115	.	15560	0.1734587699174881	43
dstroke_hum_removed_sentence	removed_sentence_dstroke	final_prompt_token	115	.	16475	0.16967356204986572	44
dstroke_hum_removed_sentence	removed_sentence_dstroke	final_prompt_token	115	.	11456	0.166132390499115	45
dstroke_hum_removed_sentence	removed_sentence_dstroke	final_prompt_token	115	.	8882	0.16236399114131927	46
dstroke_hum_removed_sentence	removed_sentence_dstroke	final_prompt_token	115	.	8418	0.16169454157352448	47
dstroke_hum_removed_sentence	removed_sentence_dstroke	final_prompt_token	115	.	19850	0.16102522611618042	48
dstroke_hum_removed_sentence	removed_sentence_dstroke	final_prompt_token	115	.	14614	0.15879996120929718	49
dstroke_hum_removed_sentence	removed_sentence_dstroke	final_prompt_token	115	.	30205	0.15840254724025726	50
dstroke_hum_removed_sentence	removed_sentence_dstroke	final_prompt_token_minus_1	114	check	799	2.0102548599243164	1
dstroke_hum_removed_sentence	removed_sentence_dstroke	final_prompt_token_minus_1	114	check	2938	1.2010838985443115	2
dstroke_hum_removed_sentence	removed_sentence_dstroke	final_prompt_token_minus_1	114	check	16706	0.5734217762947083	3
dstroke_hum_removed_sentence	removed_sentence_dstroke	final_prompt_token_minus_1	114	check	27342	0.47559377551078796	4
dstroke_hum_removed_sentence	removed_sentence_dstroke	final_prompt_token_minus_1	114	check	19389	0.31337809562683105	5
dstroke_hum_removed_sentence	removed_sentence_dstroke	final_prompt_token_minus_1	114	check	11256	0.293471097946167	6
dstroke_hum_removed_sentence	removed_sentence_dstroke	final_prompt_token_minus_1	114	check	16439	0.29212450981140137	7
dstroke_hum_removed_sentence	removed_sentence_dstroke	final_prompt_token_minus_1	114	check	25001	0.2859700918197632	8
dstroke_hum_removed_sentence	removed_sentence_dstroke	final_prompt_token_minus_1	114	check	26684	0.28356486558914185	9
dstroke_hum_removed_sentence	removed_sentence_dstroke	final_prompt_token_minus_1	114	check	32454	0.2802596092224121	10
dstroke_hum_removed_sentence	removed_sentence_dstroke	final_prompt_token_minus_1	114	check	9241	0.275020956993103	11
dstroke_hum_removed_sentence	removed_sentence_dstroke	final_prompt_token_minus_1	114	check	20031	0.27475446462631226	12
dstroke_hum_removed_sentence	removed_sentence_dstroke	final_prompt_token_minus_1	114	check	15076	0.2635819613933563	13
dstroke_hum_removed_sentence	removed_sentence_dstroke	final_prompt_token_minus_1	114	check	29171	0.2580135464668274	14
dstroke_hum_removed_sentence	removed_sentence_dstroke	final_prompt_token_minus_1	114	check	19850	0.25461509823799133	15
dstroke_hum_removed_sentence	removed_sentence_dstroke	final_prompt_token_minus_1	114	check	16475	0.24926801025867462	16
dstroke_hum_removed_sentence	removed_sentence_dstroke	final_prompt_token_minus_1	114	check	7982	0.23317448794841766	17
dstroke_hum_removed_sentence	removed_sentence_dstroke	final_prompt_token_minus_1	114	check	29065	0.2305978685617447	18
dstroke_hum_removed_sentence	removed_sentence_dstroke	final_prompt_token_minus_1	114	check	8216	0.21286162734031677	19
dstroke_hum_removed_sentence	removed_sentence_dstroke	final_prompt_token_minus_1	114	check	23071	0.20192906260490417	20
dstroke_hum_removed_sentence	removed_sentence_dstroke	final_prompt_token_minus_1	114	check	5257	0.19777622818946838	21
dstroke_hum_removed_sentence	removed_sentence_dstroke	final_prompt_token_minus_1	114	check	26598	0.19747711718082428	22
dstroke_hum_removed_sentence	removed_sentence_dstroke	final_prompt_token_minus_1	114	check	704	0.19486641883850098	23
dstroke_hum_removed_sentence	removed_sentence_dstroke	final_prompt_token_minus_1	114	check	31420	0.18959833681583405	24
dstroke_hum_removed_sentence	removed_sentence_dstroke	final_prompt_token_minus_1	114	check	17164	0.18863698840141296	25
dstroke_hum_removed_sentence	removed_sentence_dstroke	final_prompt_token_minus_1	114	check	8891	0.18751966953277588	26
dstroke_hum_removed_sentence	removed_sentence_dstroke	final_prompt_token_minus_1	114	check	29472	0.18438111245632172	27
dstroke_hum_removed_sentence	removed_sentence_dstroke	final_prompt_token_minus_1	114	check	9990	0.18410243093967438	28
dstroke_hum_removed_sentence	removed_sentence_dstroke	final_prompt_token_minus_1	114	check	10709	0.18070484697818756	29
dstroke_hum_removed_sentence	removed_sentence_dstroke	final_prompt_token_minus_1	114	check	7506	0.17963987588882446	30
dstroke_hum_removed_sentence	removed_sentence_dstroke	final_prompt_token_minus_1	114	check	1659	0.1790119707584381	31
dstroke_hum_removed_sentence	removed_sentence_dstroke	final_prompt_token_minus_1	114	check	8882	0.17731942236423492	32
dstroke_hum_removed_sentence	removed_sentence_dstroke	final_prompt_token_minus_1	114	check	6593	0.17085686326026917	33
dstroke_hum_removed_sentence	removed_sentence_dstroke	final_prompt_token_minus_1	114	check	18977	0.16880768537521362	34
dstroke_hum_removed_sentence	removed_sentence_dstroke	final_prompt_token_minus_1	114	check	22353	0.16795457899570465	35
dstroke_hum_removed_sentence	removed_sentence_dstroke	final_prompt_token_minus_1	114	check	16661	0.16617505252361298	36
dstroke_hum_removed_sentence	removed_sentence_dstroke	final_prompt_token_minus_1	114	check	4844	0.1643754243850708	37
dstroke_hum_removed_sentence	removed_sentence_dstroke	final_prompt_token_minus_1	114	check	17869	0.1633319854736328	38
dstroke_hum_removed_sentence	removed_sentence_dstroke	final_prompt_token_minus_1	114	check	31073	0.16147662699222565	39
dstroke_hum_removed_sentence	removed_sentence_dstroke	final_prompt_token_minus_1	114	check	31784	0.16123133897781372	40
dstroke_hum_removed_sentence	removed_sentence_dstroke	final_prompt_token_minus_1	114	check	13916	0.15748845040798187	41
dstroke_hum_removed_sentence	removed_sentence_dstroke	final_prompt_token_minus_1	114	check	26262	0.15614750981330872	42
dstroke_hum_removed_sentence	removed_sentence_dstroke	final_prompt_token_minus_1	114	check	15484	0.15337064862251282	43
dstroke_hum_removed_sentence	removed_sentence_dstroke	final_prompt_token_minus_1	114	check	27263	0.1510191261768341	44
dstroke_hum_removed_sentence	removed_sentence_dstroke	final_prompt_token_minus_1	114	check	22025	0.1485031694173813	45
dstroke_hum_removed_sentence	removed_sentence_dstroke	final_prompt_token_minus_1	114	check	17	0.14820727705955505	46
dstroke_hum_removed_sentence	removed_sentence_dstroke	final_prompt_token_minus_1	114	check	10265	0.1476389765739441	47
dstroke_hum_removed_sentence	removed_sentence_dstroke	final_prompt_token_minus_1	114	check	32448	0.14718207716941833	48
dstroke_hum_removed_sentence	removed_sentence_dstroke	final_prompt_token_minus_1	114	check	16041	0.14413422346115112	49
dstroke_hum_removed_sentence	removed_sentence_dstroke	final_prompt_token_minus_1	114	check	24636	0.14265593886375427	50
dstroke_hum_removed_sentence	removed_sentence_dstroke	final_prompt_token_minus_2	113	Just	28392	1.4338164329528809	1
dstroke_hum_removed_sentence	removed_sentence_dstroke	final_prompt_token_minus_2	113	Just	2938	0.8487401008605957	2
dstroke_hum_removed_sentence	removed_sentence_dstroke	final_prompt_token_minus_2	113	Just	21517	0.40416446328163147	3
dstroke_hum_removed_sentence	removed_sentence_dstroke	final_prompt_token_minus_2	113	Just	19943	0.39981281757354736	4
dstroke_hum_removed_sentence	removed_sentence_dstroke	final_prompt_token_minus_2	113	Just	5257	0.39309680461883545	5
dstroke_hum_removed_sentence	removed_sentence_dstroke	final_prompt_token_minus_2	113	Just	27342	0.3372079133987427	6
dstroke_hum_removed_sentence	removed_sentence_dstroke	final_prompt_token_minus_2	113	Just	16439	0.3182763457298279	7
dstroke_hum_removed_sentence	removed_sentence_dstroke	final_prompt_token_minus_2	113	Just	19389	0.30071720480918884	8
dstroke_hum_removed_sentence	removed_sentence_dstroke	final_prompt_token_minus_2	113	Just	17869	0.29601165652275085	9
dstroke_hum_removed_sentence	removed_sentence_dstroke	final_prompt_token_minus_2	113	Just	9317	0.2868116497993469	10
dstroke_hum_removed_sentence	removed_sentence_dstroke	final_prompt_token_minus_2	113	Just	21478	0.28437697887420654	11
dstroke_hum_removed_sentence	removed_sentence_dstroke	final_prompt_token_minus_2	113	Just	10709	0.28418639302253723	12
dstroke_hum_removed_sentence	removed_sentence_dstroke	final_prompt_token_minus_2	113	Just	27461	0.28316444158554077	13
dstroke_hum_removed_sentence	removed_sentence_dstroke	final_prompt_token_minus_2	113	Just	10265	0.27874499559402466	14
dstroke_hum_removed_sentence	removed_sentence_dstroke	final_prompt_token_minus_2	113	Just	18198	0.2563855051994324	15
dstroke_hum_removed_sentence	removed_sentence_dstroke	final_prompt_token_minus_2	113	Just	26684	0.25406742095947266	16
dstroke_hum_removed_sentence	removed_sentence_dstroke	final_prompt_token_minus_2	113	Just	30453	0.24999862909317017	17
dstroke_hum_removed_sentence	removed_sentence_dstroke	final_prompt_token_minus_2	113	Just	14675	0.24691590666770935	18
dstroke_hum_removed_sentence	removed_sentence_dstroke	final_prompt_token_minus_2	113	Just	18836	0.24481633305549622	19
dstroke_hum_removed_sentence	removed_sentence_dstroke	final_prompt_token_minus_2	113	Just	15954	0.24415984749794006	20
dstroke_hum_removed_sentence	removed_sentence_dstroke	final_prompt_token_minus_2	113	Just	4795	0.22456111013889313	21
dstroke_hum_removed_sentence	removed_sentence_dstroke	final_prompt_token_minus_2	113	Just	30080	0.2182466983795166	22
dstroke_hum_removed_sentence	removed_sentence_dstroke	final_prompt_token_minus_2	113	Just	2204	0.21157974004745483	23
dstroke_hum_removed_sentence	removed_sentence_dstroke	final_prompt_token_minus_2	113	Just	25341	0.2079465389251709	24
dstroke_hum_removed_sentence	removed_sentence_dstroke	final_prompt_token_minus_2	113	Just	9563	0.20539307594299316	25
dstroke_hum_removed_sentence	removed_sentence_dstroke	final_prompt_token_minus_2	113	Just	31836	0.2053745687007904	26
dstroke_hum_removed_sentence	removed_sentence_dstroke	final_prompt_token_minus_2	113	Just	16859	0.20460301637649536	27
dstroke_hum_removed_sentence	removed_sentence_dstroke	final_prompt_token_minus_2	113	Just	7982	0.2002839595079422	28
dstroke_hum_removed_sentence	removed_sentence_dstroke	final_prompt_token_minus_2	113	Just	16475	0.20005515217781067	29
dstroke_hum_removed_sentence	removed_sentence_dstroke	final_prompt_token_minus_2	113	Just	7468	0.1988266259431839	30
dstroke_hum_removed_sentence	removed_sentence_dstroke	final_prompt_token_minus_2	113	Just	25077	0.19719715416431427	31
dstroke_hum_removed_sentence	removed_sentence_dstroke	final_prompt_token_minus_2	113	Just	11256	0.19431127607822418	32
dstroke_hum_removed_sentence	removed_sentence_dstroke	final_prompt_token_minus_2	113	Just	32454	0.192488431930542	33
dstroke_hum_removed_sentence	removed_sentence_dstroke	final_prompt_token_minus_2	113	Just	28492	0.19219376146793365	34
dstroke_hum_removed_sentence	removed_sentence_dstroke	final_prompt_token_minus_2	113	Just	2977	0.1882951408624649	35
dstroke_hum_removed_sentence	removed_sentence_dstroke	final_prompt_token_minus_2	113	Just	20031	0.18554416298866272	36
dstroke_hum_removed_sentence	removed_sentence_dstroke	final_prompt_token_minus_2	113	Just	741	0.1833619624376297	37
dstroke_hum_removed_sentence	removed_sentence_dstroke	final_prompt_token_minus_2	113	Just	15076	0.18314488232135773	38
dstroke_hum_removed_sentence	removed_sentence_dstroke	final_prompt_token_minus_2	113	Just	26723	0.1807020902633667	39
dstroke_hum_removed_sentence	removed_sentence_dstroke	final_prompt_token_minus_2	113	Just	26769	0.1804242730140686	40
dstroke_hum_removed_sentence	removed_sentence_dstroke	final_prompt_token_minus_2	113	Just	30205	0.1796855330467224	41
dstroke_hum_removed_sentence	removed_sentence_dstroke	final_prompt_token_minus_2	113	Just	1659	0.17290854454040527	42
dstroke_hum_removed_sentence	removed_sentence_dstroke	final_prompt_token_minus_2	113	Just	15840	0.16989150643348694	43
dstroke_hum_removed_sentence	removed_sentence_dstroke	final_prompt_token_minus_2	113	Just	22932	0.16646990180015564	44
dstroke_hum_removed_sentence	removed_sentence_dstroke	final_prompt_token_minus_2	113	Just	14182	0.16376923024654388	45
dstroke_hum_removed_sentence	removed_sentence_dstroke	final_prompt_token_minus_2	113	Just	23592	0.163337841629982	46
dstroke_hum_removed_sentence	removed_sentence_dstroke	final_prompt_token_minus_2	113	Just	18977	0.16290441155433655	47
dstroke_hum_removed_sentence	removed_sentence_dstroke	final_prompt_token_minus_2	113	Just	8418	0.1605101376771927	48
dstroke_hum_removed_sentence	removed_sentence_dstroke	final_prompt_token_minus_2	113	Just	12248	0.15640586614608765	49
dstroke_hum_removed_sentence	removed_sentence_dstroke	final_prompt_token_minus_2	113	Just	31433	0.15592122077941895	50
dstroke_hum_removed_sentence	removed_sentence_dstroke	final_prompt_token_minus_5	110	an	2938	1.3130366802215576	1
dstroke_hum_removed_sentence	removed_sentence_dstroke	final_prompt_token_minus_5	110	an	4514	1.307185411453247	2
dstroke_hum_removed_sentence	removed_sentence_dstroke	final_prompt_token_minus_5	110	an	23952	0.686954140663147	3
dstroke_hum_removed_sentence	removed_sentence_dstroke	final_prompt_token_minus_5	110	an	5230	0.49596667289733887	4
dstroke_hum_removed_sentence	removed_sentence_dstroke	final_prompt_token_minus_5	110	an	1984	0.41924309730529785	5
dstroke_hum_removed_sentence	removed_sentence_dstroke	final_prompt_token_minus_5	110	an	23178	0.4132383465766907	6
dstroke_hum_removed_sentence	removed_sentence_dstroke	final_prompt_token_minus_5	110	an	7982	0.37208276987075806	7
dstroke_hum_removed_sentence	removed_sentence_dstroke	final_prompt_token_minus_5	110	an	5412	0.34352195262908936	8
dstroke_hum_removed_sentence	removed_sentence_dstroke	final_prompt_token_minus_5	110	an	19668	0.2804146409034729	9
dstroke_hum_removed_sentence	removed_sentence_dstroke	final_prompt_token_minus_5	110	an	30911	0.26543399691581726	10
dstroke_hum_removed_sentence	removed_sentence_dstroke	final_prompt_token_minus_5	110	an	11412	0.2647920846939087	11
dstroke_hum_removed_sentence	removed_sentence_dstroke	final_prompt_token_minus_5	110	an	31206	0.24903090298175812	12
dstroke_hum_removed_sentence	removed_sentence_dstroke	final_prompt_token_minus_5	110	an	13599	0.23379100859165192	13
dstroke_hum_removed_sentence	removed_sentence_dstroke	final_prompt_token_minus_5	110	an	5566	0.22088530659675598	14
dstroke_hum_removed_sentence	removed_sentence_dstroke	final_prompt_token_minus_5	110	an	4067	0.2198139876127243	15
dstroke_hum_removed_sentence	removed_sentence_dstroke	final_prompt_token_minus_5	110	an	15420	0.21283134818077087	16
dstroke_hum_removed_sentence	removed_sentence_dstroke	final_prompt_token_minus_5	110	an	12693	0.20341245830059052	17
dstroke_hum_removed_sentence	removed_sentence_dstroke	final_prompt_token_minus_5	110	an	27281	0.190922811627388	18
dstroke_hum_removed_sentence	removed_sentence_dstroke	final_prompt_token_minus_5	110	an	19389	0.19035989046096802	19
dstroke_hum_removed_sentence	removed_sentence_dstroke	final_prompt_token_minus_5	110	an	16041	0.18752217292785645	20
dstroke_hum_removed_sentence	removed_sentence_dstroke	final_prompt_token_minus_5	110	an	9784	0.1843702793121338	21
dstroke_hum_removed_sentence	removed_sentence_dstroke	final_prompt_token_minus_5	110	an	14667	0.18406681716442108	22
dstroke_hum_removed_sentence	removed_sentence_dstroke	final_prompt_token_minus_5	110	an	28289	0.18274761736392975	23
dstroke_hum_removed_sentence	removed_sentence_dstroke	final_prompt_token_minus_5	110	an	12709	0.1799960434436798	24
dstroke_hum_removed_sentence	removed_sentence_dstroke	final_prompt_token_minus_5	110	an	31589	0.17746056616306305	25
dstroke_hum_removed_sentence	removed_sentence_dstroke	final_prompt_token_minus_5	110	an	380	0.16896983981132507	26
dstroke_hum_removed_sentence	removed_sentence_dstroke	final_prompt_token_minus_5	110	an	31632	0.16647645831108093	27
dstroke_hum_removed_sentence	removed_sentence_dstroke	final_prompt_token_minus_5	110	an	2547	0.15784920752048492	28
dstroke_hum_removed_sentence	removed_sentence_dstroke	final_prompt_token_minus_5	110	an	28777	0.1555507630109787	29
dstroke_hum_removed_sentence	removed_sentence_dstroke	final_prompt_token_minus_5	110	an	7159	0.15533335506916046	30
dstroke_hum_removed_sentence	removed_sentence_dstroke	final_prompt_token_minus_5	110	an	29275	0.15466906130313873	31
dstroke_hum_removed_sentence	removed_sentence_dstroke	final_prompt_token_minus_5	110	an	24803	0.15416431427001953	32
dstroke_hum_removed_sentence	removed_sentence_dstroke	final_prompt_token_minus_5	110	an	7777	0.15346330404281616	33
dstroke_hum_removed_sentence	removed_sentence_dstroke	final_prompt_token_minus_5	110	an	22584	0.15021458268165588	34
dstroke_hum_removed_sentence	removed_sentence_dstroke	final_prompt_token_minus_5	110	an	11456	0.1489138901233673	35
dstroke_hum_removed_sentence	removed_sentence_dstroke	final_prompt_token_minus_5	110	an	2802	0.1482354998588562	36
dstroke_hum_removed_sentence	removed_sentence_dstroke	final_prompt_token_minus_5	110	an	18665	0.14818842709064484	37
dstroke_hum_removed_sentence	removed_sentence_dstroke	final_prompt_token_minus_5	110	an	14949	0.1473502367734909	38
dstroke_hum_removed_sentence	removed_sentence_dstroke	final_prompt_token_minus_5	110	an	3271	0.1471152901649475	39
dstroke_hum_removed_sentence	removed_sentence_dstroke	final_prompt_token_minus_5	110	an	16793	0.14683175086975098	40
dstroke_hum_removed_sentence	removed_sentence_dstroke	final_prompt_token_minus_5	110	an	234	0.14561310410499573	41
dstroke_hum_removed_sentence	removed_sentence_dstroke	final_prompt_token_minus_5	110	an	31784	0.14256969094276428	42
dstroke_hum_removed_sentence	removed_sentence_dstroke	final_prompt_token_minus_5	110	an	30153	0.14168080687522888	43
dstroke_hum_removed_sentence	removed_sentence_dstroke	final_prompt_token_minus_5	110	an	14771	0.14162862300872803	44
dstroke_hum_removed_sentence	removed_sentence_dstroke	final_prompt_token_minus_5	110	an	17440	0.1404324322938919	45
dstroke_hum_removed_sentence	removed_sentence_dstroke	final_prompt_token_minus_5	110	an	1277	0.1386534571647644	46
dstroke_hum_removed_sentence	removed_sentence_dstroke	final_prompt_token_minus_5	110	an	12998	0.13794896006584167	47
dstroke_hum_removed_sentence	removed_sentence_dstroke	final_prompt_token_minus_5	110	an	11266	0.13752470910549164	48
dstroke_hum_removed_sentence	removed_sentence_dstroke	final_prompt_token_minus_5	110	an	6629	0.13562801480293274	49
dstroke_hum_removed_sentence	removed_sentence_dstroke	final_prompt_token_minus_5	110	an	11145	0.1354137361049652	50
dstroke_hum_removed_sentence	removed_sentence_dstroke	final_prompt_token_minus_10	105	now	26684	0.9569848775863647	1
dstroke_hum_removed_sentence	removed_sentence_dstroke	final_prompt_token_minus_10	105	now	18527	0.6758028864860535	2
dstroke_hum_removed_sentence	removed_sentence_dstroke	final_prompt_token_minus_10	105	now	677	0.5647741556167603	3
dstroke_hum_removed_sentence	removed_sentence_dstroke	final_prompt_token_minus_10	105	now	7837	0.5336692333221436	4
dstroke_hum_removed_sentence	removed_sentence_dstroke	final_prompt_token_minus_10	105	now	6069	0.4715556204319	5
dstroke_hum_removed_sentence	removed_sentence_dstroke	final_prompt_token_minus_10	105	now	704	0.4276387393474579	6
dstroke_hum_removed_sentence	removed_sentence_dstroke	final_prompt_token_minus_10	105	now	16439	0.4274786710739136	7
dstroke_hum_removed_sentence	removed_sentence_dstroke	final_prompt_token_minus_10	105	now	18847	0.42519059777259827	8
dstroke_hum_removed_sentence	removed_sentence_dstroke	final_prompt_token_minus_10	105	now	30036	0.4188815951347351	9
dstroke_hum_removed_sentence	removed_sentence_dstroke	final_prompt_token_minus_10	105	now	14672	0.4108068346977234	10
dstroke_hum_removed_sentence	removed_sentence_dstroke	final_prompt_token_minus_10	105	now	75	0.4057096242904663	11
dstroke_hum_removed_sentence	removed_sentence_dstroke	final_prompt_token_minus_10	105	now	26403	0.3825213313102722	12
dstroke_hum_removed_sentence	removed_sentence_dstroke	final_prompt_token_minus_10	105	now	2938	0.37715840339660645	13
dstroke_hum_removed_sentence	removed_sentence_dstroke	final_prompt_token_minus_10	105	now	805	0.3227134943008423	14
dstroke_hum_removed_sentence	removed_sentence_dstroke	final_prompt_token_minus_10	105	now	10709	0.31891417503356934	15
dstroke_hum_removed_sentence	removed_sentence_dstroke	final_prompt_token_minus_10	105	now	2430	0.3180597126483917	16
dstroke_hum_removed_sentence	removed_sentence_dstroke	final_prompt_token_minus_10	105	now	10346	0.31418949365615845	17
dstroke_hum_removed_sentence	removed_sentence_dstroke	final_prompt_token_minus_10	105	now	12704	0.3073115646839142	18
dstroke_hum_removed_sentence	removed_sentence_dstroke	final_prompt_token_minus_10	105	now	20303	0.30526018142700195	19
dstroke_hum_removed_sentence	removed_sentence_dstroke	final_prompt_token_minus_10	105	now	7754	0.3034629225730896	20
dstroke_hum_removed_sentence	removed_sentence_dstroke	final_prompt_token_minus_10	105	now	9576	0.29986268281936646	21
dstroke_hum_removed_sentence	removed_sentence_dstroke	final_prompt_token_minus_10	105	now	7982	0.2932611107826233	22
dstroke_hum_removed_sentence	removed_sentence_dstroke	final_prompt_token_minus_10	105	now	2228	0.291126012802124	23
dstroke_hum_removed_sentence	removed_sentence_dstroke	final_prompt_token_minus_10	105	now	21687	0.28611141443252563	24
dstroke_hum_removed_sentence	removed_sentence_dstroke	final_prompt_token_minus_10	105	now	15458	0.2860638201236725	25
dstroke_hum_removed_sentence	removed_sentence_dstroke	final_prompt_token_minus_10	105	now	4715	0.27453264594078064	26
dstroke_hum_removed_sentence	removed_sentence_dstroke	final_prompt_token_minus_10	105	now	1238	0.2666674852371216	27
dstroke_hum_removed_sentence	removed_sentence_dstroke	final_prompt_token_minus_10	105	now	428	0.26653599739074707	28
dstroke_hum_removed_sentence	removed_sentence_dstroke	final_prompt_token_minus_10	105	now	29466	0.2657262980937958	29
dstroke_hum_removed_sentence	removed_sentence_dstroke	final_prompt_token_minus_10	105	now	22922	0.2573264241218567	30
dstroke_hum_removed_sentence	removed_sentence_dstroke	final_prompt_token_minus_10	105	now	27281	0.2514285445213318	31
dstroke_hum_removed_sentence	removed_sentence_dstroke	final_prompt_token_minus_10	105	now	22114	0.24989451467990875	32
dstroke_hum_removed_sentence	removed_sentence_dstroke	final_prompt_token_minus_10	105	now	7711	0.2458438128232956	33
dstroke_hum_removed_sentence	removed_sentence_dstroke	final_prompt_token_minus_10	105	now	3361	0.23882046341896057	34
dstroke_hum_removed_sentence	removed_sentence_dstroke	final_prompt_token_minus_10	105	now	701	0.23830634355545044	35
dstroke_hum_removed_sentence	removed_sentence_dstroke	final_prompt_token_minus_10	105	now	1930	0.23730555176734924	36
dstroke_hum_removed_sentence	removed_sentence_dstroke	final_prompt_token_minus_10	105	now	26586	0.2334047257900238	37
dstroke_hum_removed_sentence	removed_sentence_dstroke	final_prompt_token_minus_10	105	now	28971	0.2329290211200714	38
dstroke_hum_removed_sentence	removed_sentence_dstroke	final_prompt_token_minus_10	105	now	2720	0.22998905181884766	39
dstroke_hum_removed_sentence	removed_sentence_dstroke	final_prompt_token_minus_10	105	now	25421	0.22841957211494446	40
dstroke_hum_removed_sentence	removed_sentence_dstroke	final_prompt_token_minus_10	105	now	2580	0.22588470578193665	41
dstroke_hum_removed_sentence	removed_sentence_dstroke	final_prompt_token_minus_10	105	now	3313	0.22534379363059998	42
dstroke_hum_removed_sentence	removed_sentence_dstroke	final_prompt_token_minus_10	105	now	5417	0.2250099778175354	43
dstroke_hum_removed_sentence	removed_sentence_dstroke	final_prompt_token_minus_10	105	now	21539	0.22402572631835938	44
dstroke_hum_removed_sentence	removed_sentence_dstroke	final_prompt_token_minus_10	105	now	31897	0.222726970911026	45
dstroke_hum_removed_sentence	removed_sentence_dstroke	final_prompt_token_minus_10	105	now	19389	0.22097361087799072	46
dstroke_hum_removed_sentence	removed_sentence_dstroke	final_prompt_token_minus_10	105	now	23711	0.22005392611026764	47
dstroke_hum_removed_sentence	removed_sentence_dstroke	final_prompt_token_minus_10	105	now	23280	0.21862633526325226	48
dstroke_hum_removed_sentence	removed_sentence_dstroke	final_prompt_token_minus_10	105	now	17869	0.2172016203403473	49
dstroke_hum_removed_sentence	removed_sentence_dstroke	final_prompt_token_minus_10	105	now	1206	0.21614927053451538	50
normal_hum_paraphrase	paraphrase_normal	final_prompt_token	62	.	2938	1.4544143676757812	1
normal_hum_paraphrase	paraphrase_normal	final_prompt_token	62	.	18937	0.6527035236358643	2
normal_hum_paraphrase	paraphrase_normal	final_prompt_token	62	.	28713	0.476932168006897	3
normal_hum_paraphrase	paraphrase_normal	final_prompt_token	62	.	7163	0.4525507688522339	4
normal_hum_paraphrase	paraphrase_normal	final_prompt_token	62	.	19389	0.4015997052192688	5
normal_hum_paraphrase	paraphrase_normal	final_prompt_token	62	.	26056	0.3785362243652344	6
normal_hum_paraphrase	paraphrase_normal	final_prompt_token	62	.	23977	0.37355178594589233	7
normal_hum_paraphrase	paraphrase_normal	final_prompt_token	62	.	18198	0.3448590040206909	8
normal_hum_paraphrase	paraphrase_normal	final_prompt_token	62	.	16822	0.3432304859161377	9
normal_hum_paraphrase	paraphrase_normal	final_prompt_token	62	.	28724	0.3412105441093445	10
normal_hum_paraphrase	paraphrase_normal	final_prompt_token	62	.	30033	0.31371235847473145	11
normal_hum_paraphrase	paraphrase_normal	final_prompt_token	62	.	1626	0.311755895614624	12
normal_hum_paraphrase	paraphrase_normal	final_prompt_token	62	.	18403	0.29344919323921204	13
normal_hum_paraphrase	paraphrase_normal	final_prompt_token	62	.	20112	0.2516230046749115	14
normal_hum_paraphrase	paraphrase_normal	final_prompt_token	62	.	16131	0.2494031935930252	15
normal_hum_paraphrase	paraphrase_normal	final_prompt_token	62	.	6194	0.24910882115364075	16
normal_hum_paraphrase	paraphrase_normal	final_prompt_token	62	.	19752	0.23674951493740082	17
normal_hum_paraphrase	paraphrase_normal	final_prompt_token	62	.	3699	0.22718554735183716	18
normal_hum_paraphrase	paraphrase_normal	final_prompt_token	62	.	6021	0.2226066291332245	19
normal_hum_paraphrase	paraphrase_normal	final_prompt_token	62	.	11335	0.22149977087974548	20
normal_hum_paraphrase	paraphrase_normal	final_prompt_token	62	.	18454	0.20815229415893555	21
normal_hum_paraphrase	paraphrase_normal	final_prompt_token	62	.	6211	0.2078041434288025	22
normal_hum_paraphrase	paraphrase_normal	final_prompt_token	62	.	31999	0.20299042761325836	23
normal_hum_paraphrase	paraphrase_normal	final_prompt_token	62	.	25351	0.20123633742332458	24
normal_hum_paraphrase	paraphrase_normal	final_prompt_token	62	.	10129	0.1991189420223236	25
normal_hum_paraphrase	paraphrase_normal	final_prompt_token	62	.	27281	0.19408729672431946	26
normal_hum_paraphrase	paraphrase_normal	final_prompt_token	62	.	4494	0.19310879707336426	27
normal_hum_paraphrase	paraphrase_normal	final_prompt_token	62	.	28821	0.19299274682998657	28
normal_hum_paraphrase	paraphrase_normal	final_prompt_token	62	.	32744	0.19237622618675232	29
normal_hum_paraphrase	paraphrase_normal	final_prompt_token	62	.	16787	0.1784215122461319	30
normal_hum_paraphrase	paraphrase_normal	final_prompt_token	62	.	31664	0.1765657663345337	31
normal_hum_paraphrase	paraphrase_normal	final_prompt_token	62	.	11816	0.17656210064888	32
normal_hum_paraphrase	paraphrase_normal	final_prompt_token	62	.	14727	0.1763821393251419	33
normal_hum_paraphrase	paraphrase_normal	final_prompt_token	62	.	4232	0.17582745850086212	34
normal_hum_paraphrase	paraphrase_normal	final_prompt_token	62	.	12088	0.1748226284980774	35
normal_hum_paraphrase	paraphrase_normal	final_prompt_token	62	.	10636	0.17335665225982666	36
normal_hum_paraphrase	paraphrase_normal	final_prompt_token	62	.	599	0.17193801701068878	37
normal_hum_paraphrase	paraphrase_normal	final_prompt_token	62	.	11456	0.17166972160339355	38
normal_hum_paraphrase	paraphrase_normal	final_prompt_token	62	.	10690	0.16345855593681335	39
normal_hum_paraphrase	paraphrase_normal	final_prompt_token	62	.	30903	0.1628265082836151	40
normal_hum_paraphrase	paraphrase_normal	final_prompt_token	62	.	26785	0.15960438549518585	41
normal_hum_paraphrase	paraphrase_normal	final_prompt_token	62	.	16661	0.15904267132282257	42
normal_hum_paraphrase	paraphrase_normal	final_prompt_token	62	.	16793	0.1584426760673523	43
normal_hum_paraphrase	paraphrase_normal	final_prompt_token	62	.	22831	0.15760426223278046	44
normal_hum_paraphrase	paraphrase_normal	final_prompt_token	62	.	21620	0.15728457272052765	45
normal_hum_paraphrase	paraphrase_normal	final_prompt_token	62	.	25721	0.15640124678611755	46
normal_hum_paraphrase	paraphrase_normal	final_prompt_token	62	.	29524	0.1547846645116806	47
normal_hum_paraphrase	paraphrase_normal	final_prompt_token	62	.	22078	0.15436697006225586	48
normal_hum_paraphrase	paraphrase_normal	final_prompt_token	62	.	2753	0.15276122093200684	49
normal_hum_paraphrase	paraphrase_normal	final_prompt_token	62	.	7133	0.15172909200191498	50
normal_hum_paraphrase	paraphrase_normal	final_prompt_token_minus_1	61	plainly	23589	0.9461907744407654	1
normal_hum_paraphrase	paraphrase_normal	final_prompt_token_minus_1	61	plainly	31074	0.8417942523956299	2
normal_hum_paraphrase	paraphrase_normal	final_prompt_token_minus_1	61	plainly	19389	0.6748500466346741	3
normal_hum_paraphrase	paraphrase_normal	final_prompt_token_minus_1	61	plainly	18198	0.5585629343986511	4
normal_hum_paraphrase	paraphrase_normal	final_prompt_token_minus_1	61	plainly	27690	0.5443496704101562	5
normal_hum_paraphrase	paraphrase_normal	final_prompt_token_minus_1	61	plainly	16706	0.4876127243041992	6
normal_hum_paraphrase	paraphrase_normal	final_prompt_token_minus_1	61	plainly	31489	0.4663352370262146	7
normal_hum_paraphrase	paraphrase_normal	final_prompt_token_minus_1	61	plainly	10636	0.4587010145187378	8
normal_hum_paraphrase	paraphrase_normal	final_prompt_token_minus_1	61	plainly	16822	0.45850616693496704	9
normal_hum_paraphrase	paraphrase_normal	final_prompt_token_minus_1	61	plainly	23830	0.4425809979438782	10
normal_hum_paraphrase	paraphrase_normal	final_prompt_token_minus_1	61	plainly	26803	0.42648380994796753	11
normal_hum_paraphrase	paraphrase_normal	final_prompt_token_minus_1	61	plainly	11256	0.4191058874130249	12
normal_hum_paraphrase	paraphrase_normal	final_prompt_token_minus_1	61	plainly	2938	0.40567469596862793	13
normal_hum_paraphrase	paraphrase_normal	final_prompt_token_minus_1	61	plainly	26056	0.38120773434638977	14
normal_hum_paraphrase	paraphrase_normal	final_prompt_token_minus_1	61	plainly	7094	0.37771373987197876	15
normal_hum_paraphrase	paraphrase_normal	final_prompt_token_minus_1	61	plainly	5417	0.3533835709095001	16
normal_hum_paraphrase	paraphrase_normal	final_prompt_token_minus_1	61	plainly	19422	0.3417995572090149	17
normal_hum_paraphrase	paraphrase_normal	final_prompt_token_minus_1	61	plainly	17134	0.33161798119544983	18
normal_hum_paraphrase	paraphrase_normal	final_prompt_token_minus_1	61	plainly	26273	0.32402995228767395	19
normal_hum_paraphrase	paraphrase_normal	final_prompt_token_minus_1	61	plainly	1167	0.3216674327850342	20
normal_hum_paraphrase	paraphrase_normal	final_prompt_token_minus_1	61	plainly	17919	0.286684513092041	21
normal_hum_paraphrase	paraphrase_normal	final_prompt_token_minus_1	61	plainly	19030	0.28604185581207275	22
normal_hum_paraphrase	paraphrase_normal	final_prompt_token_minus_1	61	plainly	17200	0.2858480215072632	23
normal_hum_paraphrase	paraphrase_normal	final_prompt_token_minus_1	61	plainly	3648	0.28130194544792175	24
normal_hum_paraphrase	paraphrase_normal	final_prompt_token_minus_1	61	plainly	19513	0.26683753728866577	25
normal_hum_paraphrase	paraphrase_normal	final_prompt_token_minus_1	61	plainly	1953	0.26470208168029785	26
normal_hum_paraphrase	paraphrase_normal	final_prompt_token_minus_1	61	plainly	10265	0.25988835096359253	27
normal_hum_paraphrase	paraphrase_normal	final_prompt_token_minus_1	61	plainly	16793	0.25448572635650635	28
normal_hum_paraphrase	paraphrase_normal	final_prompt_token_minus_1	61	plainly	19973	0.25108635425567627	29
normal_hum_paraphrase	paraphrase_normal	final_prompt_token_minus_1	61	plainly	9004	0.24457308650016785	30
normal_hum_paraphrase	paraphrase_normal	final_prompt_token_minus_1	61	plainly	13815	0.23981083929538727	31
normal_hum_paraphrase	paraphrase_normal	final_prompt_token_minus_1	61	plainly	8915	0.2397233545780182	32
normal_hum_paraphrase	paraphrase_normal	final_prompt_token_minus_1	61	plainly	16787	0.2390715330839157	33
normal_hum_paraphrase	paraphrase_normal	final_prompt_token_minus_1	61	plainly	4232	0.23674528300762177	34
normal_hum_paraphrase	paraphrase_normal	final_prompt_token_minus_1	61	plainly	11816	0.2317880392074585	35
normal_hum_paraphrase	paraphrase_normal	final_prompt_token_minus_1	61	plainly	11456	0.22966736555099487	36
normal_hum_paraphrase	paraphrase_normal	final_prompt_token_minus_1	61	plainly	6219	0.2270202934741974	37
normal_hum_paraphrase	paraphrase_normal	final_prompt_token_minus_1	61	plainly	11552	0.22371546924114227	38
normal_hum_paraphrase	paraphrase_normal	final_prompt_token_minus_1	61	plainly	21517	0.22312608361244202	39
normal_hum_paraphrase	paraphrase_normal	final_prompt_token_minus_1	61	plainly	16255	0.22129569947719574	40
normal_hum_paraphrase	paraphrase_normal	final_prompt_token_minus_1	61	plainly	17869	0.21982118487358093	41
normal_hum_paraphrase	paraphrase_normal	final_prompt_token_minus_1	61	plainly	24678	0.2186594307422638	42
normal_hum_paraphrase	paraphrase_normal	final_prompt_token_minus_1	61	plainly	7086	0.2186173051595688	43
normal_hum_paraphrase	paraphrase_normal	final_prompt_token_minus_1	61	plainly	8882	0.21752159297466278	44
normal_hum_paraphrase	paraphrase_normal	final_prompt_token_minus_1	61	plainly	30903	0.21435697376728058	45
normal_hum_paraphrase	paraphrase_normal	final_prompt_token_minus_1	61	plainly	30015	0.21309122443199158	46
normal_hum_paraphrase	paraphrase_normal	final_prompt_token_minus_1	61	plainly	14552	0.2084280401468277	47
normal_hum_paraphrase	paraphrase_normal	final_prompt_token_minus_1	61	plainly	13593	0.2067524641752243	48
normal_hum_paraphrase	paraphrase_normal	final_prompt_token_minus_1	61	plainly	12088	0.20397190749645233	49
normal_hum_paraphrase	paraphrase_normal	final_prompt_token_minus_1	61	plainly	18795	0.20307157933712006	50
normal_hum_paraphrase	paraphrase_normal	final_prompt_token_minus_2	60	Answer	2938	1.7591769695281982	1
normal_hum_paraphrase	paraphrase_normal	final_prompt_token_minus_2	60	Answer	5117	1.2497751712799072	2
normal_hum_paraphrase	paraphrase_normal	final_prompt_token_minus_2	60	Answer	26259	0.6020323038101196	3
normal_hum_paraphrase	paraphrase_normal	final_prompt_token_minus_2	60	Answer	16661	0.5397157669067383	4
normal_hum_paraphrase	paraphrase_normal	final_prompt_token_minus_2	60	Answer	18198	0.5107109546661377	5
normal_hum_paraphrase	paraphrase_normal	final_prompt_token_minus_2	60	Answer	26803	0.5050808191299438	6
normal_hum_paraphrase	paraphrase_normal	final_prompt_token_minus_2	60	Answer	14870	0.48754850029945374	7
normal_hum_paraphrase	paraphrase_normal	final_prompt_token_minus_2	60	Answer	11816	0.37576723098754883	8
normal_hum_paraphrase	paraphrase_normal	final_prompt_token_minus_2	60	Answer	16822	0.31320393085479736	9
normal_hum_paraphrase	paraphrase_normal	final_prompt_token_minus_2	60	Answer	20971	0.27704277634620667	10
normal_hum_paraphrase	paraphrase_normal	final_prompt_token_minus_2	60	Answer	4795	0.26215559244155884	11
normal_hum_paraphrase	paraphrase_normal	final_prompt_token_minus_2	60	Answer	5417	0.2572647035121918	12
normal_hum_paraphrase	paraphrase_normal	final_prompt_token_minus_2	60	Answer	18245	0.2571600079536438	13
normal_hum_paraphrase	paraphrase_normal	final_prompt_token_minus_2	60	Answer	26574	0.2415304332971573	14
normal_hum_paraphrase	paraphrase_normal	final_prompt_token_minus_2	60	Answer	24123	0.23508813977241516	15
normal_hum_paraphrase	paraphrase_normal	final_prompt_token_minus_2	60	Answer	18030	0.23196633160114288	16
normal_hum_paraphrase	paraphrase_normal	final_prompt_token_minus_2	60	Answer	7625	0.2297000288963318	17
normal_hum_paraphrase	paraphrase_normal	final_prompt_token_minus_2	60	Answer	29592	0.22856006026268005	18
normal_hum_paraphrase	paraphrase_normal	final_prompt_token_minus_2	60	Answer	31664	0.22828994691371918	19
normal_hum_paraphrase	paraphrase_normal	final_prompt_token_minus_2	60	Answer	23797	0.223220556974411	20
normal_hum_paraphrase	paraphrase_normal	final_prompt_token_minus_2	60	Answer	11103	0.22219553589820862	21
normal_hum_paraphrase	paraphrase_normal	final_prompt_token_minus_2	60	Answer	16793	0.2166420817375183	22
normal_hum_paraphrase	paraphrase_normal	final_prompt_token_minus_2	60	Answer	23754	0.21615144610404968	23
normal_hum_paraphrase	paraphrase_normal	final_prompt_token_minus_2	60	Answer	1777	0.21395789086818695	24
normal_hum_paraphrase	paraphrase_normal	final_prompt_token_minus_2	60	Answer	15501	0.2065555453300476	25
normal_hum_paraphrase	paraphrase_normal	final_prompt_token_minus_2	60	Answer	30911	0.20430386066436768	26
normal_hum_paraphrase	paraphrase_normal	final_prompt_token_minus_2	60	Answer	25960	0.20350432395935059	27
normal_hum_paraphrase	paraphrase_normal	final_prompt_token_minus_2	60	Answer	10636	0.19679197669029236	28
normal_hum_paraphrase	paraphrase_normal	final_prompt_token_minus_2	60	Answer	14553	0.19597311317920685	29
normal_hum_paraphrase	paraphrase_normal	final_prompt_token_minus_2	60	Answer	15076	0.1902022361755371	30
normal_hum_paraphrase	paraphrase_normal	final_prompt_token_minus_2	60	Answer	27281	0.1869506984949112	31
normal_hum_paraphrase	paraphrase_normal	final_prompt_token_minus_2	60	Answer	16785	0.17877435684204102	32
normal_hum_paraphrase	paraphrase_normal	final_prompt_token_minus_2	60	Answer	6695	0.17864768207073212	33
normal_hum_paraphrase	paraphrase_normal	final_prompt_token_minus_2	60	Answer	7982	0.17653053998947144	34
normal_hum_paraphrase	paraphrase_normal	final_prompt_token_minus_2	60	Answer	19389	0.17577898502349854	35
normal_hum_paraphrase	paraphrase_normal	final_prompt_token_minus_2	60	Answer	1464	0.1716764271259308	36
normal_hum_paraphrase	paraphrase_normal	final_prompt_token_minus_2	60	Answer	2977	0.17141032218933105	37
normal_hum_paraphrase	paraphrase_normal	final_prompt_token_minus_2	60	Answer	18224	0.1711842268705368	38
normal_hum_paraphrase	paraphrase_normal	final_prompt_token_minus_2	60	Answer	21650	0.1685933619737625	39
normal_hum_paraphrase	paraphrase_normal	final_prompt_token_minus_2	60	Answer	23673	0.1664334386587143	40
normal_hum_paraphrase	paraphrase_normal	final_prompt_token_minus_2	60	Answer	15954	0.16578863561153412	41
normal_hum_paraphrase	paraphrase_normal	final_prompt_token_minus_2	60	Answer	29900	0.15986618399620056	42
normal_hum_paraphrase	paraphrase_normal	final_prompt_token_minus_2	60	Answer	9728	0.15835407376289368	43
normal_hum_paraphrase	paraphrase_normal	final_prompt_token_minus_2	60	Answer	21539	0.15467773377895355	44
normal_hum_paraphrase	paraphrase_normal	final_prompt_token_minus_2	60	Answer	29523	0.15356913208961487	45
normal_hum_paraphrase	paraphrase_normal	final_prompt_token_minus_2	60	Answer	271	0.15217451751232147	46
normal_hum_paraphrase	paraphrase_normal	final_prompt_token_minus_2	60	Answer	12557	0.15193143486976624	47
normal_hum_paraphrase	paraphrase_normal	final_prompt_token_minus_2	60	Answer	31420	0.15122880041599274	48
normal_hum_paraphrase	paraphrase_normal	final_prompt_token_minus_2	60	Answer	6555	0.151071235537529	49
normal_hum_paraphrase	paraphrase_normal	final_prompt_token_minus_2	60	Answer	22661	0.14925704896450043	50
normal_hum_paraphrase	paraphrase_normal	final_prompt_token_minus_5	57	right	6630	1.086059331893921	1
normal_hum_paraphrase	paraphrase_normal	final_prompt_token_minus_5	57	right	30036	0.8062387108802795	2
normal_hum_paraphrase	paraphrase_normal	final_prompt_token_minus_5	57	right	26037	0.5704129338264465	3
normal_hum_paraphrase	paraphrase_normal	final_prompt_token_minus_5	57	right	5417	0.562209963798523	4
normal_hum_paraphrase	paraphrase_normal	final_prompt_token_minus_5	57	right	31815	0.5154211521148682	5
normal_hum_paraphrase	paraphrase_normal	final_prompt_token_minus_5	57	right	5584	0.5133916139602661	6
normal_hum_paraphrase	paraphrase_normal	final_prompt_token_minus_5	57	right	5421	0.49433207511901855	7
normal_hum_paraphrase	paraphrase_normal	final_prompt_token_minus_5	57	right	25398	0.3931223750114441	8
normal_hum_paraphrase	paraphrase_normal	final_prompt_token_minus_5	57	right	13593	0.39197462797164917	9
normal_hum_paraphrase	paraphrase_normal	final_prompt_token_minus_5	57	right	7982	0.38795632123947144	10
normal_hum_paraphrase	paraphrase_normal	final_prompt_token_minus_5	57	right	21339	0.33712446689605713	11
normal_hum_paraphrase	paraphrase_normal	final_prompt_token_minus_5	57	right	7754	0.3369636535644531	12
normal_hum_paraphrase	paraphrase_normal	final_prompt_token_minus_5	57	right	10146	0.3301927447319031	13
normal_hum_paraphrase	paraphrase_normal	final_prompt_token_minus_5	57	right	6478	0.3298133611679077	14
normal_hum_paraphrase	paraphrase_normal	final_prompt_token_minus_5	57	right	7383	0.3274763822555542	15
normal_hum_paraphrase	paraphrase_normal	final_prompt_token_minus_5	57	right	16439	0.3250449597835541	16
normal_hum_paraphrase	paraphrase_normal	final_prompt_token_minus_5	57	right	27763	0.3246423900127411	17
normal_hum_paraphrase	paraphrase_normal	final_prompt_token_minus_5	57	right	11882	0.3159494996070862	18
normal_hum_paraphrase	paraphrase_normal	final_prompt_token_minus_5	57	right	26684	0.3152111768722534	19
normal_hum_paraphrase	paraphrase_normal	final_prompt_token_minus_5	57	right	2256	0.3129851520061493	20
normal_hum_paraphrase	paraphrase_normal	final_prompt_token_minus_5	57	right	31660	0.3049888610839844	21
normal_hum_paraphrase	paraphrase_normal	final_prompt_token_minus_5	57	right	18847	0.30017372965812683	22
normal_hum_paraphrase	paraphrase_normal	final_prompt_token_minus_5	57	right	3604	0.2963195741176605	23
normal_hum_paraphrase	paraphrase_normal	final_prompt_token_minus_5	57	right	1206	0.29335033893585205	24
normal_hum_paraphrase	paraphrase_normal	final_prompt_token_minus_5	57	right	2720	0.2839489281177521	25
normal_hum_paraphrase	paraphrase_normal	final_prompt_token_minus_5	57	right	28190	0.27608174085617065	26
normal_hum_paraphrase	paraphrase_normal	final_prompt_token_minus_5	57	right	13989	0.2656886875629425	27
normal_hum_paraphrase	paraphrase_normal	final_prompt_token_minus_5	57	right	16661	0.2646390497684479	28
normal_hum_paraphrase	paraphrase_normal	final_prompt_token_minus_5	57	right	26407	0.26134851574897766	29
normal_hum_paraphrase	paraphrase_normal	final_prompt_token_minus_5	57	right	677	0.2573338747024536	30
normal_hum_paraphrase	paraphrase_normal	final_prompt_token_minus_5	57	right	22503	0.25543758273124695	31
normal_hum_paraphrase	paraphrase_normal	final_prompt_token_minus_5	57	right	15539	0.252530038356781	32
normal_hum_paraphrase	paraphrase_normal	final_prompt_token_minus_5	57	right	9122	0.25223058462142944	33
normal_hum_paraphrase	paraphrase_normal	final_prompt_token_minus_5	57	right	16025	0.2520054280757904	34
normal_hum_paraphrase	paraphrase_normal	final_prompt_token_minus_5	57	right	11256	0.24881616234779358	35
normal_hum_paraphrase	paraphrase_normal	final_prompt_token_minus_5	57	right	18841	0.24862077832221985	36
normal_hum_paraphrase	paraphrase_normal	final_prompt_token_minus_5	57	right	1744	0.2415824979543686	37
normal_hum_paraphrase	paraphrase_normal	final_prompt_token_minus_5	57	right	7334	0.2292400747537613	38
normal_hum_paraphrase	paraphrase_normal	final_prompt_token_minus_5	57	right	17183	0.22572755813598633	39
normal_hum_paraphrase	paraphrase_normal	final_prompt_token_minus_5	57	right	26723	0.2223139852285385	40
normal_hum_paraphrase	paraphrase_normal	final_prompt_token_minus_5	57	right	2802	0.2202775478363037	41
normal_hum_paraphrase	paraphrase_normal	final_prompt_token_minus_5	57	right	5026	0.21393132209777832	42
normal_hum_paraphrase	paraphrase_normal	final_prompt_token_minus_5	57	right	22551	0.21313628554344177	43
normal_hum_paraphrase	paraphrase_normal	final_prompt_token_minus_5	57	right	18651	0.2116585224866867	44
normal_hum_paraphrase	paraphrase_normal	final_prompt_token_minus_5	57	right	20390	0.20965462923049927	45
normal_hum_paraphrase	paraphrase_normal	final_prompt_token_minus_5	57	right	14134	0.2091946303844452	46
normal_hum_paraphrase	paraphrase_normal	final_prompt_token_minus_5	57	right	9236	0.20881769061088562	47
normal_hum_paraphrase	paraphrase_normal	final_prompt_token_minus_5	57	right	1510	0.20791929960250854	48
normal_hum_paraphrase	paraphrase_normal	final_prompt_token_minus_5	57	right	478	0.20258286595344543	49
normal_hum_paraphrase	paraphrase_normal	final_prompt_token_minus_5	57	right	19668	0.1995648443698883	50
normal_hum_paraphrase	paraphrase_normal	final_prompt_token_minus_10	52	that	2938	1.547398328781128	1
normal_hum_paraphrase	paraphrase_normal	final_prompt_token_minus_10	52	that	5133	1.1321619749069214	2
normal_hum_paraphrase	paraphrase_normal	final_prompt_token_minus_10	52	that	3188	0.5620476007461548	3
normal_hum_paraphrase	paraphrase_normal	final_prompt_token_minus_10	52	that	1930	0.5232142806053162	4
normal_hum_paraphrase	paraphrase_normal	final_prompt_token_minus_10	52	that	5417	0.44706371426582336	5
normal_hum_paraphrase	paraphrase_normal	final_prompt_token_minus_10	52	that	14668	0.4358167350292206	6
normal_hum_paraphrase	paraphrase_normal	final_prompt_token_minus_10	52	that	28925	0.37280309200286865	7
normal_hum_paraphrase	paraphrase_normal	final_prompt_token_minus_10	52	that	8625	0.3667212426662445	8
normal_hum_paraphrase	paraphrase_normal	final_prompt_token_minus_10	52	that	22114	0.35639306902885437	9
normal_hum_paraphrase	paraphrase_normal	final_prompt_token_minus_10	52	that	22173	0.3534846901893616	10
normal_hum_paraphrase	paraphrase_normal	final_prompt_token_minus_10	52	that	6653	0.3445901870727539	11
normal_hum_paraphrase	paraphrase_normal	final_prompt_token_minus_10	52	that	771	0.3361283838748932	12
normal_hum_paraphrase	paraphrase_normal	final_prompt_token_minus_10	52	that	704	0.3209265470504761	13
normal_hum_paraphrase	paraphrase_normal	final_prompt_token_minus_10	52	that	26723	0.32025381922721863	14
normal_hum_paraphrase	paraphrase_normal	final_prompt_token_minus_10	52	that	26972	0.31922653317451477	15
normal_hum_paraphrase	paraphrase_normal	final_prompt_token_minus_10	52	that	14282	0.3138318359851837	16
normal_hum_paraphrase	paraphrase_normal	final_prompt_token_minus_10	52	that	24235	0.3121042251586914	17
normal_hum_paraphrase	paraphrase_normal	final_prompt_token_minus_10	52	that	7818	0.299826055765152	18
normal_hum_paraphrase	paraphrase_normal	final_prompt_token_minus_10	52	that	16661	0.2965030372142792	19
normal_hum_paraphrase	paraphrase_normal	final_prompt_token_minus_10	52	that	29142	0.2963017523288727	20
normal_hum_paraphrase	paraphrase_normal	final_prompt_token_minus_10	52	that	23447	0.28892970085144043	21
normal_hum_paraphrase	paraphrase_normal	final_prompt_token_minus_10	52	that	26684	0.2841503322124481	22
normal_hum_paraphrase	paraphrase_normal	final_prompt_token_minus_10	52	that	701	0.2794904112815857	23
normal_hum_paraphrase	paraphrase_normal	final_prompt_token_minus_10	52	that	12805	0.2772153615951538	24
normal_hum_paraphrase	paraphrase_normal	final_prompt_token_minus_10	52	that	16865	0.26918643712997437	25
normal_hum_paraphrase	paraphrase_normal	final_prompt_token_minus_10	52	that	13792	0.2663906514644623	26
normal_hum_paraphrase	paraphrase_normal	final_prompt_token_minus_10	52	that	31836	0.26356780529022217	27
normal_hum_paraphrase	paraphrase_normal	final_prompt_token_minus_10	52	that	3050	0.2607179880142212	28
normal_hum_paraphrase	paraphrase_normal	final_prompt_token_minus_10	52	that	23349	0.26070308685302734	29
normal_hum_paraphrase	paraphrase_normal	final_prompt_token_minus_10	52	that	2602	0.25979822874069214	30
normal_hum_paraphrase	paraphrase_normal	final_prompt_token_minus_10	52	that	9986	0.2597828507423401	31
normal_hum_paraphrase	paraphrase_normal	final_prompt_token_minus_10	52	that	2977	0.25893187522888184	32
normal_hum_paraphrase	paraphrase_normal	final_prompt_token_minus_10	52	that	5421	0.2569428086280823	33
normal_hum_paraphrase	paraphrase_normal	final_prompt_token_minus_10	52	that	8782	0.2551901936531067	34
normal_hum_paraphrase	paraphrase_normal	final_prompt_token_minus_10	52	that	14823	0.2521231472492218	35
normal_hum_paraphrase	paraphrase_normal	final_prompt_token_minus_10	52	that	19818	0.2473994940519333	36
normal_hum_paraphrase	paraphrase_normal	final_prompt_token_minus_10	52	that	16073	0.24728593230247498	37
normal_hum_paraphrase	paraphrase_normal	final_prompt_token_minus_10	52	that	23331	0.24569202959537506	38
normal_hum_paraphrase	paraphrase_normal	final_prompt_token_minus_10	52	that	26596	0.24332287907600403	39
normal_hum_paraphrase	paraphrase_normal	final_prompt_token_minus_10	52	that	2256	0.24158975481987	40
normal_hum_paraphrase	paraphrase_normal	final_prompt_token_minus_10	52	that	8266	0.2406332939863205	41
normal_hum_paraphrase	paraphrase_normal	final_prompt_token_minus_10	52	that	8623	0.23853851854801178	42
normal_hum_paraphrase	paraphrase_normal	final_prompt_token_minus_10	52	that	21693	0.2309572547674179	43
normal_hum_paraphrase	paraphrase_normal	final_prompt_token_minus_10	52	that	8751	0.22329531610012054	44
normal_hum_paraphrase	paraphrase_normal	final_prompt_token_minus_10	52	that	30273	0.21656864881515503	45
normal_hum_paraphrase	paraphrase_normal	final_prompt_token_minus_10	52	that	12425	0.2140503078699112	46
normal_hum_paraphrase	paraphrase_normal	final_prompt_token_minus_10	52	that	5173	0.21401390433311462	47
normal_hum_paraphrase	paraphrase_normal	final_prompt_token_minus_10	52	that	17299	0.21356439590454102	48
normal_hum_paraphrase	paraphrase_normal	final_prompt_token_minus_10	52	that	15981	0.21126830577850342	49
normal_hum_paraphrase	paraphrase_normal	final_prompt_token_minus_10	52	that	11250	0.20951879024505615	50
dstroke_hum_paraphrase	paraphrase_dstroke	final_prompt_token	83	.	2938	1.6540718078613281	1
dstroke_hum_paraphrase	paraphrase_dstroke	final_prompt_token	83	.	18937	0.647113561630249	2
dstroke_hum_paraphrase	paraphrase_dstroke	final_prompt_token	83	.	28713	0.5106167197227478	3
dstroke_hum_paraphrase	paraphrase_dstroke	final_prompt_token	83	.	7163	0.42609256505966187	4
dstroke_hum_paraphrase	paraphrase_dstroke	final_prompt_token	83	.	19389	0.4235471189022064	5
dstroke_hum_paraphrase	paraphrase_dstroke	final_prompt_token	83	.	18198	0.41223037242889404	6
dstroke_hum_paraphrase	paraphrase_dstroke	final_prompt_token	83	.	26056	0.35059842467308044	7
dstroke_hum_paraphrase	paraphrase_dstroke	final_prompt_token	83	.	1626	0.333965539932251	8
dstroke_hum_paraphrase	paraphrase_dstroke	final_prompt_token	83	.	23977	0.3193165957927704	9
dstroke_hum_paraphrase	paraphrase_dstroke	final_prompt_token	83	.	16822	0.29941436648368835	10
dstroke_hum_paraphrase	paraphrase_dstroke	final_prompt_token	83	.	18454	0.29752928018569946	11
dstroke_hum_paraphrase	paraphrase_dstroke	final_prompt_token	83	.	30033	0.2863922715187073	12
dstroke_hum_paraphrase	paraphrase_dstroke	final_prompt_token	83	.	28724	0.28530460596084595	13
dstroke_hum_paraphrase	paraphrase_dstroke	final_prompt_token	83	.	16131	0.27938342094421387	14
dstroke_hum_paraphrase	paraphrase_dstroke	final_prompt_token	83	.	6194	0.27254173159599304	15
dstroke_hum_paraphrase	paraphrase_dstroke	final_prompt_token	83	.	18403	0.260529488325119	16
dstroke_hum_paraphrase	paraphrase_dstroke	final_prompt_token	83	.	19752	0.2504146099090576	17
dstroke_hum_paraphrase	paraphrase_dstroke	final_prompt_token	83	.	20112	0.23061667382717133	18
dstroke_hum_paraphrase	paraphrase_dstroke	final_prompt_token	83	.	12088	0.22142089903354645	19
dstroke_hum_paraphrase	paraphrase_dstroke	final_prompt_token	83	.	6211	0.216794952750206	20
dstroke_hum_paraphrase	paraphrase_dstroke	final_prompt_token	83	.	25351	0.21275752782821655	21
dstroke_hum_paraphrase	paraphrase_dstroke	final_prompt_token	83	.	32744	0.20969510078430176	22
dstroke_hum_paraphrase	paraphrase_dstroke	final_prompt_token	83	.	11335	0.20904436707496643	23
dstroke_hum_paraphrase	paraphrase_dstroke	final_prompt_token	83	.	31999	0.20231856405735016	24
dstroke_hum_paraphrase	paraphrase_dstroke	final_prompt_token	83	.	4232	0.20053456723690033	25
dstroke_hum_paraphrase	paraphrase_dstroke	final_prompt_token	83	.	6021	0.19814983010292053	26
dstroke_hum_paraphrase	paraphrase_dstroke	final_prompt_token	83	.	3699	0.19484147429466248	27
dstroke_hum_paraphrase	paraphrase_dstroke	final_prompt_token	83	.	29524	0.19377124309539795	28
dstroke_hum_paraphrase	paraphrase_dstroke	final_prompt_token	83	.	4494	0.1932130753993988	29
dstroke_hum_paraphrase	paraphrase_dstroke	final_prompt_token	83	.	11456	0.19233480095863342	30
dstroke_hum_paraphrase	paraphrase_dstroke	final_prompt_token	83	.	31664	0.19228368997573853	31
dstroke_hum_paraphrase	paraphrase_dstroke	final_prompt_token	83	.	21620	0.18130835890769958	32
dstroke_hum_paraphrase	paraphrase_dstroke	final_prompt_token	83	.	27281	0.18106834590435028	33
dstroke_hum_paraphrase	paraphrase_dstroke	final_prompt_token	83	.	14727	0.17927469313144684	34
dstroke_hum_paraphrase	paraphrase_dstroke	final_prompt_token	83	.	28821	0.1790701150894165	35
dstroke_hum_paraphrase	paraphrase_dstroke	final_prompt_token	83	.	599	0.17564812302589417	36
dstroke_hum_paraphrase	paraphrase_dstroke	final_prompt_token	83	.	27911	0.17532041668891907	37
dstroke_hum_paraphrase	paraphrase_dstroke	final_prompt_token	83	.	2753	0.1726786196231842	38
dstroke_hum_paraphrase	paraphrase_dstroke	final_prompt_token	83	.	10129	0.1685248613357544	39
dstroke_hum_paraphrase	paraphrase_dstroke	final_prompt_token	83	.	10253	0.16767838597297668	40
dstroke_hum_paraphrase	paraphrase_dstroke	final_prompt_token	83	.	13505	0.16757556796073914	41
dstroke_hum_paraphrase	paraphrase_dstroke	final_prompt_token	83	.	11816	0.16750776767730713	42
dstroke_hum_paraphrase	paraphrase_dstroke	final_prompt_token	83	.	14244	0.1644795536994934	43
dstroke_hum_paraphrase	paraphrase_dstroke	final_prompt_token	83	.	32307	0.1617119312286377	44
dstroke_hum_paraphrase	paraphrase_dstroke	final_prompt_token	83	.	31908	0.14964766800403595	45
dstroke_hum_paraphrase	paraphrase_dstroke	final_prompt_token	83	.	30903	0.146964430809021	46
dstroke_hum_paraphrase	paraphrase_dstroke	final_prompt_token	83	.	9728	0.14342835545539856	47
dstroke_hum_paraphrase	paraphrase_dstroke	final_prompt_token	83	.	14614	0.1421830654144287	48
dstroke_hum_paraphrase	paraphrase_dstroke	final_prompt_token	83	.	26154	0.14072145521640778	49
dstroke_hum_paraphrase	paraphrase_dstroke	final_prompt_token	83	.	11074	0.14053945243358612	50
dstroke_hum_paraphrase	paraphrase_dstroke	final_prompt_token_minus_1	82	plainly	23589	0.9236306548118591	1
dstroke_hum_paraphrase	paraphrase_dstroke	final_prompt_token_minus_1	82	plainly	31074	0.8400889039039612	2
dstroke_hum_paraphrase	paraphrase_dstroke	final_prompt_token_minus_1	82	plainly	19389	0.5913086533546448	3
dstroke_hum_paraphrase	paraphrase_dstroke	final_prompt_token_minus_1	82	plainly	18198	0.5505879521369934	4
dstroke_hum_paraphrase	paraphrase_dstroke	final_prompt_token_minus_1	82	plainly	2938	0.5051169395446777	5
dstroke_hum_paraphrase	paraphrase_dstroke	final_prompt_token_minus_1	82	plainly	16706	0.4881843030452728	6
dstroke_hum_paraphrase	paraphrase_dstroke	final_prompt_token_minus_1	82	plainly	27690	0.47741028666496277	7
dstroke_hum_paraphrase	paraphrase_dstroke	final_prompt_token_minus_1	82	plainly	23830	0.4465559720993042	8
dstroke_hum_paraphrase	paraphrase_dstroke	final_prompt_token_minus_1	82	plainly	10636	0.4354689121246338	9
dstroke_hum_paraphrase	paraphrase_dstroke	final_prompt_token_minus_1	82	plainly	26803	0.4017961621284485	10
dstroke_hum_paraphrase	paraphrase_dstroke	final_prompt_token_minus_1	82	plainly	26056	0.39939743280410767	11
dstroke_hum_paraphrase	paraphrase_dstroke	final_prompt_token_minus_1	82	plainly	11256	0.39288127422332764	12
dstroke_hum_paraphrase	paraphrase_dstroke	final_prompt_token_minus_1	82	plainly	31489	0.3820839524269104	13
dstroke_hum_paraphrase	paraphrase_dstroke	final_prompt_token_minus_1	82	plainly	7094	0.37905848026275635	14
dstroke_hum_paraphrase	paraphrase_dstroke	final_prompt_token_minus_1	82	plainly	16822	0.36344969272613525	15
dstroke_hum_paraphrase	paraphrase_dstroke	final_prompt_token_minus_1	82	plainly	19030	0.3487655520439148	16
dstroke_hum_paraphrase	paraphrase_dstroke	final_prompt_token_minus_1	82	plainly	5417	0.34430697560310364	17
dstroke_hum_paraphrase	paraphrase_dstroke	final_prompt_token_minus_1	82	plainly	1167	0.33079323172569275	18
dstroke_hum_paraphrase	paraphrase_dstroke	final_prompt_token_minus_1	82	plainly	26273	0.32882049679756165	19
dstroke_hum_paraphrase	paraphrase_dstroke	final_prompt_token_minus_1	82	plainly	17134	0.3242453634738922	20
dstroke_hum_paraphrase	paraphrase_dstroke	final_prompt_token_minus_1	82	plainly	3648	0.2788444757461548	21
dstroke_hum_paraphrase	paraphrase_dstroke	final_prompt_token_minus_1	82	plainly	17919	0.273462176322937	22
dstroke_hum_paraphrase	paraphrase_dstroke	final_prompt_token_minus_1	82	plainly	19422	0.26898396015167236	23
dstroke_hum_paraphrase	paraphrase_dstroke	final_prompt_token_minus_1	82	plainly	17200	0.2682323157787323	24
dstroke_hum_paraphrase	paraphrase_dstroke	final_prompt_token_minus_1	82	plainly	10265	0.2635361850261688	25
dstroke_hum_paraphrase	paraphrase_dstroke	final_prompt_token_minus_1	82	plainly	11552	0.26022467017173767	26
dstroke_hum_paraphrase	paraphrase_dstroke	final_prompt_token_minus_1	82	plainly	19973	0.25567907094955444	27
dstroke_hum_paraphrase	paraphrase_dstroke	final_prompt_token_minus_1	82	plainly	11816	0.2545987665653229	28
dstroke_hum_paraphrase	paraphrase_dstroke	final_prompt_token_minus_1	82	plainly	19513	0.25079989433288574	29
dstroke_hum_paraphrase	paraphrase_dstroke	final_prompt_token_minus_1	82	plainly	6219	0.24780002236366272	30
dstroke_hum_paraphrase	paraphrase_dstroke	final_prompt_token_minus_1	82	plainly	8915	0.24225616455078125	31
dstroke_hum_paraphrase	paraphrase_dstroke	final_prompt_token_minus_1	82	plainly	16793	0.23889759182929993	32
dstroke_hum_paraphrase	paraphrase_dstroke	final_prompt_token_minus_1	82	plainly	4232	0.23064039647579193	33
dstroke_hum_paraphrase	paraphrase_dstroke	final_prompt_token_minus_1	82	plainly	17869	0.2234138548374176	34
dstroke_hum_paraphrase	paraphrase_dstroke	final_prompt_token_minus_1	82	plainly	24907	0.2195023000240326	35
dstroke_hum_paraphrase	paraphrase_dstroke	final_prompt_token_minus_1	82	plainly	28843	0.21731720864772797	36
dstroke_hum_paraphrase	paraphrase_dstroke	final_prompt_token_minus_1	82	plainly	12088	0.2106614112854004	37
dstroke_hum_paraphrase	paraphrase_dstroke	final_prompt_token_minus_1	82	plainly	18795	0.20882199704647064	38
dstroke_hum_paraphrase	paraphrase_dstroke	final_prompt_token_minus_1	82	plainly	13593	0.20705346763134003	39
dstroke_hum_paraphrase	paraphrase_dstroke	final_prompt_token_minus_1	82	plainly	0	0.20537149906158447	40
dstroke_hum_paraphrase	paraphrase_dstroke	final_prompt_token_minus_1	82	plainly	8882	0.2050827443599701	41
dstroke_hum_paraphrase	paraphrase_dstroke	final_prompt_token_minus_1	82	plainly	7086	0.20497779548168182	42
dstroke_hum_paraphrase	paraphrase_dstroke	final_prompt_token_minus_1	82	plainly	30015	0.2038213014602661	43
dstroke_hum_paraphrase	paraphrase_dstroke	final_prompt_token_minus_1	82	plainly	30903	0.20316430926322937	44
dstroke_hum_paraphrase	paraphrase_dstroke	final_prompt_token_minus_1	82	plainly	15076	0.20295491814613342	45
dstroke_hum_paraphrase	paraphrase_dstroke	final_prompt_token_minus_1	82	plainly	16255	0.19960948824882507	46
dstroke_hum_paraphrase	paraphrase_dstroke	final_prompt_token_minus_1	82	plainly	13505	0.19760453701019287	47
dstroke_hum_paraphrase	paraphrase_dstroke	final_prompt_token_minus_1	82	plainly	11456	0.19678384065628052	48
dstroke_hum_paraphrase	paraphrase_dstroke	final_prompt_token_minus_1	82	plainly	16787	0.196618914604187	49
dstroke_hum_paraphrase	paraphrase_dstroke	final_prompt_token_minus_1	82	plainly	28821	0.1938748061656952	50
dstroke_hum_paraphrase	paraphrase_dstroke	final_prompt_token_minus_2	81	Answer	2938	1.547677755355835	1
dstroke_hum_paraphrase	paraphrase_dstroke	final_prompt_token_minus_2	81	Answer	5117	1.2674248218536377	2
dstroke_hum_paraphrase	paraphrase_dstroke	final_prompt_token_minus_2	81	Answer	26259	0.5869846343994141	3
dstroke_hum_paraphrase	paraphrase_dstroke	final_prompt_token_minus_2	81	Answer	16661	0.5371589660644531	4
dstroke_hum_paraphrase	paraphrase_dstroke	final_prompt_token_minus_2	81	Answer	18198	0.498687744140625	5
dstroke_hum_paraphrase	paraphrase_dstroke	final_prompt_token_minus_2	81	Answer	14870	0.43657419085502625	6
dstroke_hum_paraphrase	paraphrase_dstroke	final_prompt_token_minus_2	81	Answer	26803	0.4328286647796631	7
dstroke_hum_paraphrase	paraphrase_dstroke	final_prompt_token_minus_2	81	Answer	11816	0.4273829460144043	8
dstroke_hum_paraphrase	paraphrase_dstroke	final_prompt_token_minus_2	81	Answer	7625	0.2673300802707672	9
dstroke_hum_paraphrase	paraphrase_dstroke	final_prompt_token_minus_2	81	Answer	5417	0.26560842990875244	10
dstroke_hum_paraphrase	paraphrase_dstroke	final_prompt_token_minus_2	81	Answer	20971	0.2635098695755005	11
dstroke_hum_paraphrase	paraphrase_dstroke	final_prompt_token_minus_2	81	Answer	29592	0.2573228180408478	12
dstroke_hum_paraphrase	paraphrase_dstroke	final_prompt_token_minus_2	81	Answer	4795	0.25485503673553467	13
dstroke_hum_paraphrase	paraphrase_dstroke	final_prompt_token_minus_2	81	Answer	16822	0.25096410512924194	14
dstroke_hum_paraphrase	paraphrase_dstroke	final_prompt_token_minus_2	81	Answer	18030	0.23808982968330383	15
dstroke_hum_paraphrase	paraphrase_dstroke	final_prompt_token_minus_2	81	Answer	1777	0.23767177760601044	16
dstroke_hum_paraphrase	paraphrase_dstroke	final_prompt_token_minus_2	81	Answer	23754	0.23409338295459747	17
dstroke_hum_paraphrase	paraphrase_dstroke	final_prompt_token_minus_2	81	Answer	10636	0.23352308571338654	18
dstroke_hum_paraphrase	paraphrase_dstroke	final_prompt_token_minus_2	81	Answer	24123	0.22656120359897614	19
dstroke_hum_paraphrase	paraphrase_dstroke	final_prompt_token_minus_2	81	Answer	15076	0.22385025024414062	20
dstroke_hum_paraphrase	paraphrase_dstroke	final_prompt_token_minus_2	81	Answer	25960	0.2176385521888733	21
dstroke_hum_paraphrase	paraphrase_dstroke	final_prompt_token_minus_2	81	Answer	18245	0.2168257236480713	22
dstroke_hum_paraphrase	paraphrase_dstroke	final_prompt_token_minus_2	81	Answer	30911	0.20810368657112122	23
dstroke_hum_paraphrase	paraphrase_dstroke	final_prompt_token_minus_2	81	Answer	26574	0.2060869038105011	24
dstroke_hum_paraphrase	paraphrase_dstroke	final_prompt_token_minus_2	81	Answer	11103	0.2030874490737915	25
dstroke_hum_paraphrase	paraphrase_dstroke	final_prompt_token_minus_2	81	Answer	31664	0.20305022597312927	26
dstroke_hum_paraphrase	paraphrase_dstroke	final_prompt_token_minus_2	81	Answer	8659	0.1940496563911438	27
dstroke_hum_paraphrase	paraphrase_dstroke	final_prompt_token_minus_2	81	Answer	9728	0.18425917625427246	28
dstroke_hum_paraphrase	paraphrase_dstroke	final_prompt_token_minus_2	81	Answer	26370	0.18346408009529114	29
dstroke_hum_paraphrase	paraphrase_dstroke	final_prompt_token_minus_2	81	Answer	14553	0.18168635666370392	30
dstroke_hum_paraphrase	paraphrase_dstroke	final_prompt_token_minus_2	81	Answer	1464	0.1806098073720932	31
dstroke_hum_paraphrase	paraphrase_dstroke	final_prompt_token_minus_2	81	Answer	29523	0.1796775609254837	32
dstroke_hum_paraphrase	paraphrase_dstroke	final_prompt_token_minus_2	81	Answer	16793	0.17528745532035828	33
dstroke_hum_paraphrase	paraphrase_dstroke	final_prompt_token_minus_2	81	Answer	26154	0.17518384754657745	34
dstroke_hum_paraphrase	paraphrase_dstroke	final_prompt_token_minus_2	81	Answer	7982	0.17398995161056519	35
dstroke_hum_paraphrase	paraphrase_dstroke	final_prompt_token_minus_2	81	Answer	6555	0.16919711232185364	36
dstroke_hum_paraphrase	paraphrase_dstroke	final_prompt_token_minus_2	81	Answer	2939	0.16609732806682587	37
dstroke_hum_paraphrase	paraphrase_dstroke	final_prompt_token_minus_2	81	Answer	10265	0.15791967511177063	38
dstroke_hum_paraphrase	paraphrase_dstroke	final_prompt_token_minus_2	81	Answer	14244	0.156591534614563	39
dstroke_hum_paraphrase	paraphrase_dstroke	final_prompt_token_minus_2	81	Answer	31420	0.15612876415252686	40
dstroke_hum_paraphrase	paraphrase_dstroke	final_prompt_token_minus_2	81	Answer	8418	0.15460649132728577	41
dstroke_hum_paraphrase	paraphrase_dstroke	final_prompt_token_minus_2	81	Answer	23797	0.1516847014427185	42
dstroke_hum_paraphrase	paraphrase_dstroke	final_prompt_token_minus_2	81	Answer	21650	0.15164411067962646	43
dstroke_hum_paraphrase	paraphrase_dstroke	final_prompt_token_minus_2	81	Answer	8782	0.14744001626968384	44
dstroke_hum_paraphrase	paraphrase_dstroke	final_prompt_token_minus_2	81	Answer	2642	0.14615193009376526	45
dstroke_hum_paraphrase	paraphrase_dstroke	final_prompt_token_minus_2	81	Answer	2977	0.14490605890750885	46
dstroke_hum_paraphrase	paraphrase_dstroke	final_prompt_token_minus_2	81	Answer	16785	0.14371725916862488	47
dstroke_hum_paraphrase	paraphrase_dstroke	final_prompt_token_minus_2	81	Answer	2657	0.14357224106788635	48
dstroke_hum_paraphrase	paraphrase_dstroke	final_prompt_token_minus_2	81	Answer	17276	0.14330364763736725	49
dstroke_hum_paraphrase	paraphrase_dstroke	final_prompt_token_minus_2	81	Answer	23673	0.1411883682012558	50
dstroke_hum_paraphrase	paraphrase_dstroke	final_prompt_token_minus_5	78	right	6630	1.0972754955291748	1
dstroke_hum_paraphrase	paraphrase_dstroke	final_prompt_token_minus_5	78	right	30036	0.6317755579948425	2
dstroke_hum_paraphrase	paraphrase_dstroke	final_prompt_token_minus_5	78	right	5584	0.5615789294242859	3
dstroke_hum_paraphrase	paraphrase_dstroke	final_prompt_token_minus_5	78	right	26037	0.48249924182891846	4
dstroke_hum_paraphrase	paraphrase_dstroke	final_prompt_token_minus_5	78	right	31815	0.46842312812805176	5
dstroke_hum_paraphrase	paraphrase_dstroke	final_prompt_token_minus_5	78	right	5417	0.44575735926628113	6
dstroke_hum_paraphrase	paraphrase_dstroke	final_prompt_token_minus_5	78	right	5421	0.44533589482307434	7
dstroke_hum_paraphrase	paraphrase_dstroke	final_prompt_token_minus_5	78	right	13593	0.4094480872154236	8
dstroke_hum_paraphrase	paraphrase_dstroke	final_prompt_token_minus_5	78	right	21339	0.34077417850494385	9
dstroke_hum_paraphrase	paraphrase_dstroke	final_prompt_token_minus_5	78	right	25398	0.33771443367004395	10
dstroke_hum_paraphrase	paraphrase_dstroke	final_prompt_token_minus_5	78	right	11882	0.33307814598083496	11
dstroke_hum_paraphrase	paraphrase_dstroke	final_prompt_token_minus_5	78	right	28190	0.3321964740753174	12
dstroke_hum_paraphrase	paraphrase_dstroke	final_prompt_token_minus_5	78	right	3604	0.33169296383857727	13
dstroke_hum_paraphrase	paraphrase_dstroke	final_prompt_token_minus_5	78	right	7383	0.3310723304748535	14
dstroke_hum_paraphrase	paraphrase_dstroke	final_prompt_token_minus_5	78	right	6478	0.3287496566772461	15
dstroke_hum_paraphrase	paraphrase_dstroke	final_prompt_token_minus_5	78	right	2256	0.3040529489517212	16
dstroke_hum_paraphrase	paraphrase_dstroke	final_prompt_token_minus_5	78	right	27763	0.3016268014907837	17
dstroke_hum_paraphrase	paraphrase_dstroke	final_prompt_token_minus_5	78	right	7754	0.29536867141723633	18
dstroke_hum_paraphrase	paraphrase_dstroke	final_prompt_token_minus_5	78	right	1206	0.2938207983970642	19
dstroke_hum_paraphrase	paraphrase_dstroke	final_prompt_token_minus_5	78	right	16439	0.2931860387325287	20
dstroke_hum_paraphrase	paraphrase_dstroke	final_prompt_token_minus_5	78	right	31660	0.2907017469406128	21
dstroke_hum_paraphrase	paraphrase_dstroke	final_prompt_token_minus_5	78	right	10146	0.28907766938209534	22
dstroke_hum_paraphrase	paraphrase_dstroke	final_prompt_token_minus_5	78	right	7982	0.2871323227882385	23
dstroke_hum_paraphrase	paraphrase_dstroke	final_prompt_token_minus_5	78	right	16025	0.2803176939487457	24
dstroke_hum_paraphrase	paraphrase_dstroke	final_prompt_token_minus_5	78	right	22503	0.26020410656929016	25
dstroke_hum_paraphrase	paraphrase_dstroke	final_prompt_token_minus_5	78	right	26684	0.25607553124427795	26
dstroke_hum_paraphrase	paraphrase_dstroke	final_prompt_token_minus_5	78	right	478	0.2515717148780823	27
dstroke_hum_paraphrase	paraphrase_dstroke	final_prompt_token_minus_5	78	right	5026	0.24529993534088135	28
dstroke_hum_paraphrase	paraphrase_dstroke	final_prompt_token_minus_5	78	right	9122	0.24469400942325592	29
dstroke_hum_paraphrase	paraphrase_dstroke	final_prompt_token_minus_5	78	right	2720	0.2373661994934082	30
dstroke_hum_paraphrase	paraphrase_dstroke	final_prompt_token_minus_5	78	right	16661	0.236569344997406	31
dstroke_hum_paraphrase	paraphrase_dstroke	final_prompt_token_minus_5	78	right	15539	0.22563061118125916	32
dstroke_hum_paraphrase	paraphrase_dstroke	final_prompt_token_minus_5	78	right	19668	0.225480318069458	33
dstroke_hum_paraphrase	paraphrase_dstroke	final_prompt_token_minus_5	78	right	20390	0.2196590006351471	34
dstroke_hum_paraphrase	paraphrase_dstroke	final_prompt_token_minus_5	78	right	18847	0.2150224894285202	35
dstroke_hum_paraphrase	paraphrase_dstroke	final_prompt_token_minus_5	78	right	26407	0.21038350462913513	36
dstroke_hum_paraphrase	paraphrase_dstroke	final_prompt_token_minus_5	78	right	26723	0.20776762068271637	37
dstroke_hum_paraphrase	paraphrase_dstroke	final_prompt_token_minus_5	78	right	18841	0.20746153593063354	38
dstroke_hum_paraphrase	paraphrase_dstroke	final_prompt_token_minus_5	78	right	11256	0.2051713764667511	39
dstroke_hum_paraphrase	paraphrase_dstroke	final_prompt_token_minus_5	78	right	6375	0.20310382544994354	40
dstroke_hum_paraphrase	paraphrase_dstroke	final_prompt_token_minus_5	78	right	1744	0.19993926584720612	41
dstroke_hum_paraphrase	paraphrase_dstroke	final_prompt_token_minus_5	78	right	24999	0.1979939192533493	42
dstroke_hum_paraphrase	paraphrase_dstroke	final_prompt_token_minus_5	78	right	26061	0.19533666968345642	43
dstroke_hum_paraphrase	paraphrase_dstroke	final_prompt_token_minus_5	78	right	7334	0.19464462995529175	44
dstroke_hum_paraphrase	paraphrase_dstroke	final_prompt_token_minus_5	78	right	18651	0.1944195181131363	45
dstroke_hum_paraphrase	paraphrase_dstroke	final_prompt_token_minus_5	78	right	16073	0.18920302391052246	46
dstroke_hum_paraphrase	paraphrase_dstroke	final_prompt_token_minus_5	78	right	14134	0.1839466392993927	47
dstroke_hum_paraphrase	paraphrase_dstroke	final_prompt_token_minus_5	78	right	30871	0.1828242689371109	48
dstroke_hum_paraphrase	paraphrase_dstroke	final_prompt_token_minus_5	78	right	6432	0.18100982904434204	49
dstroke_hum_paraphrase	paraphrase_dstroke	final_prompt_token_minus_5	78	right	13989	0.18095263838768005	50
dstroke_hum_paraphrase	paraphrase_dstroke	final_prompt_token_minus_10	73	that	2938	1.5157642364501953	1
dstroke_hum_paraphrase	paraphrase_dstroke	final_prompt_token_minus_10	73	that	5133	1.118325114250183	2
dstroke_hum_paraphrase	paraphrase_dstroke	final_prompt_token_minus_10	73	that	3188	0.5422308444976807	3
dstroke_hum_paraphrase	paraphrase_dstroke	final_prompt_token_minus_10	73	that	1930	0.45524996519088745	4
dstroke_hum_paraphrase	paraphrase_dstroke	final_prompt_token_minus_10	73	that	5417	0.4339825212955475	5
dstroke_hum_paraphrase	paraphrase_dstroke	final_prompt_token_minus_10	73	that	14668	0.426580548286438	6
dstroke_hum_paraphrase	paraphrase_dstroke	final_prompt_token_minus_10	73	that	14282	0.3656429052352905	7
dstroke_hum_paraphrase	paraphrase_dstroke	final_prompt_token_minus_10	73	that	22114	0.34063610434532166	8
dstroke_hum_paraphrase	paraphrase_dstroke	final_prompt_token_minus_10	73	that	8625	0.33058038353919983	9
dstroke_hum_paraphrase	paraphrase_dstroke	final_prompt_token_minus_10	73	that	22173	0.32413363456726074	10
dstroke_hum_paraphrase	paraphrase_dstroke	final_prompt_token_minus_10	73	that	6653	0.3236079216003418	11
dstroke_hum_paraphrase	paraphrase_dstroke	final_prompt_token_minus_10	73	that	26972	0.3198032081127167	12
dstroke_hum_paraphrase	paraphrase_dstroke	final_prompt_token_minus_10	73	that	23447	0.30441537499427795	13
dstroke_hum_paraphrase	paraphrase_dstroke	final_prompt_token_minus_10	73	that	771	0.30239200592041016	14
dstroke_hum_paraphrase	paraphrase_dstroke	final_prompt_token_minus_10	73	that	7818	0.3006219267845154	15
dstroke_hum_paraphrase	paraphrase_dstroke	final_prompt_token_minus_10	73	that	28925	0.29835250973701477	16
dstroke_hum_paraphrase	paraphrase_dstroke	final_prompt_token_minus_10	73	that	704	0.29697516560554504	17
dstroke_hum_paraphrase	paraphrase_dstroke	final_prompt_token_minus_10	73	that	24235	0.2905998229980469	18
dstroke_hum_paraphrase	paraphrase_dstroke	final_prompt_token_minus_10	73	that	29142	0.2895326316356659	19
dstroke_hum_paraphrase	paraphrase_dstroke	final_prompt_token_minus_10	73	that	3050	0.2811826467514038	20
dstroke_hum_paraphrase	paraphrase_dstroke	final_prompt_token_minus_10	73	that	26723	0.2632099986076355	21
dstroke_hum_paraphrase	paraphrase_dstroke	final_prompt_token_minus_10	73	that	8623	0.2629412114620209	22
dstroke_hum_paraphrase	paraphrase_dstroke	final_prompt_token_minus_10	73	that	13792	0.2562079131603241	23
dstroke_hum_paraphrase	paraphrase_dstroke	final_prompt_token_minus_10	73	that	2977	0.2455795258283615	24
dstroke_hum_paraphrase	paraphrase_dstroke	final_prompt_token_minus_10	73	that	2256	0.2449711561203003	25
dstroke_hum_paraphrase	paraphrase_dstroke	final_prompt_token_minus_10	73	that	26684	0.24371552467346191	26
dstroke_hum_paraphrase	paraphrase_dstroke	final_prompt_token_minus_10	73	that	701	0.24057114124298096	27
dstroke_hum_paraphrase	paraphrase_dstroke	final_prompt_token_minus_10	73	that	16661	0.23708409070968628	28
dstroke_hum_paraphrase	paraphrase_dstroke	final_prompt_token_minus_10	73	that	26596	0.23616495728492737	29
dstroke_hum_paraphrase	paraphrase_dstroke	final_prompt_token_minus_10	73	that	30273	0.2337017059326172	30
dstroke_hum_paraphrase	paraphrase_dstroke	final_prompt_token_minus_10	73	that	9986	0.22569629549980164	31
dstroke_hum_paraphrase	paraphrase_dstroke	final_prompt_token_minus_10	73	that	15539	0.22413893043994904	32
dstroke_hum_paraphrase	paraphrase_dstroke	final_prompt_token_minus_10	73	that	5173	0.22164620459079742	33
dstroke_hum_paraphrase	paraphrase_dstroke	final_prompt_token_minus_10	73	that	19818	0.22090251743793488	34
dstroke_hum_paraphrase	paraphrase_dstroke	final_prompt_token_minus_10	73	that	12805	0.22057968378067017	35
dstroke_hum_paraphrase	paraphrase_dstroke	final_prompt_token_minus_10	73	that	21693	0.2183133214712143	36
dstroke_hum_paraphrase	paraphrase_dstroke	final_prompt_token_minus_10	73	that	16865	0.21783412992954254	37
dstroke_hum_paraphrase	paraphrase_dstroke	final_prompt_token_minus_10	73	that	10688	0.21705593168735504	38
dstroke_hum_paraphrase	paraphrase_dstroke	final_prompt_token_minus_10	73	that	26407	0.2167363166809082	39
dstroke_hum_paraphrase	paraphrase_dstroke	final_prompt_token_minus_10	73	that	4295	0.21647079288959503	40
dstroke_hum_paraphrase	paraphrase_dstroke	final_prompt_token_minus_10	73	that	2602	0.21398919820785522	41
dstroke_hum_paraphrase	paraphrase_dstroke	final_prompt_token_minus_10	73	that	31836	0.2134944349527359	42
dstroke_hum_paraphrase	paraphrase_dstroke	final_prompt_token_minus_10	73	that	23331	0.21249744296073914	43
dstroke_hum_paraphrase	paraphrase_dstroke	final_prompt_token_minus_10	73	that	28696	0.21148526668548584	44
dstroke_hum_paraphrase	paraphrase_dstroke	final_prompt_token_minus_10	73	that	8782	0.20526279509067535	45
dstroke_hum_paraphrase	paraphrase_dstroke	final_prompt_token_minus_10	73	that	16073	0.20464760065078735	46
dstroke_hum_paraphrase	paraphrase_dstroke	final_prompt_token_minus_10	73	that	14823	0.20354190468788147	47
dstroke_hum_paraphrase	paraphrase_dstroke	final_prompt_token_minus_10	73	that	21702	0.1979738175868988	48
dstroke_hum_paraphrase	paraphrase_dstroke	final_prompt_token_minus_10	73	that	8751	0.195552796125412	49
dstroke_hum_paraphrase	paraphrase_dstroke	final_prompt_token_minus_10	73	that	29379	0.19222886860370636	50
normal_hum_just_check	just_check_normal	final_prompt_token	33	.	2938	1.5880153179168701	1
normal_hum_just_check	just_check_normal	final_prompt_token	33	.	18937	0.9313226938247681	2
normal_hum_just_check	just_check_normal	final_prompt_token	33	.	5417	0.6526715755462646	3
normal_hum_just_check	just_check_normal	final_prompt_token	33	.	16661	0.6487118601799011	4
normal_hum_just_check	just_check_normal	final_prompt_token	33	.	6194	0.6010228395462036	5
normal_hum_just_check	just_check_normal	final_prompt_token	33	.	28713	0.5327281355857849	6
normal_hum_just_check	just_check_normal	final_prompt_token	33	.	15076	0.5204609632492065	7
normal_hum_just_check	just_check_normal	final_prompt_token	33	.	16439	0.500912070274353	8
normal_hum_just_check	just_check_normal	final_prompt_token	33	.	7163	0.356962114572525	9
normal_hum_just_check	just_check_normal	final_prompt_token	33	.	32698	0.3533727824687958	10
normal_hum_just_check	just_check_normal	final_prompt_token	33	.	3836	0.3456840217113495	11
normal_hum_just_check	just_check_normal	final_prompt_token	33	.	26684	0.3425009548664093	12
normal_hum_just_check	just_check_normal	final_prompt_token	33	.	11006	0.34136301279067993	13
normal_hum_just_check	just_check_normal	final_prompt_token	33	.	30033	0.33679866790771484	14
normal_hum_just_check	just_check_normal	final_prompt_token	33	.	5257	0.32932084798812866	15
normal_hum_just_check	just_check_normal	final_prompt_token	33	.	22503	0.32306787371635437	16
normal_hum_just_check	just_check_normal	final_prompt_token	33	.	3241	0.312799870967865	17
normal_hum_just_check	just_check_normal	final_prompt_token	33	.	4428	0.2947308421134949	18
normal_hum_just_check	just_check_normal	final_prompt_token	33	.	19826	0.28843170404434204	19
normal_hum_just_check	just_check_normal	final_prompt_token	33	.	799	0.2866283059120178	20
normal_hum_just_check	just_check_normal	final_prompt_token	33	.	6429	0.2674245536327362	21
normal_hum_just_check	just_check_normal	final_prompt_token	33	.	1626	0.2512851655483246	22
normal_hum_just_check	just_check_normal	final_prompt_token	33	.	25001	0.2500607669353485	23
normal_hum_just_check	just_check_normal	final_prompt_token	33	.	14182	0.2406819611787796	24
normal_hum_just_check	just_check_normal	final_prompt_token	33	.	15954	0.2383270412683487	25
normal_hum_just_check	just_check_normal	final_prompt_token	33	.	8216	0.23813357949256897	26
normal_hum_just_check	just_check_normal	final_prompt_token	33	.	18198	0.2372010350227356	27
normal_hum_just_check	just_check_normal	final_prompt_token	33	.	16785	0.23586270213127136	28
normal_hum_just_check	just_check_normal	final_prompt_token	33	.	3271	0.23449040949344635	29
normal_hum_just_check	just_check_normal	final_prompt_token	33	.	23070	0.22981321811676025	30
normal_hum_just_check	just_check_normal	final_prompt_token	33	.	28843	0.22578632831573486	31
normal_hum_just_check	just_check_normal	final_prompt_token	33	.	32454	0.22144687175750732	32
normal_hum_just_check	just_check_normal	final_prompt_token	33	.	23977	0.21453961730003357	33
normal_hum_just_check	just_check_normal	final_prompt_token	33	.	18055	0.21374499797821045	34
normal_hum_just_check	just_check_normal	final_prompt_token	33	.	21539	0.2134082019329071	35
normal_hum_just_check	just_check_normal	final_prompt_token	33	.	6021	0.21223272383213043	36
normal_hum_just_check	just_check_normal	final_prompt_token	33	.	19335	0.21161168813705444	37
normal_hum_just_check	just_check_normal	final_prompt_token	33	.	13989	0.20580747723579407	38
normal_hum_just_check	just_check_normal	final_prompt_token	33	.	18847	0.20479916036128998	39
normal_hum_just_check	just_check_normal	final_prompt_token	33	.	28696	0.20192936062812805	40
normal_hum_just_check	just_check_normal	final_prompt_token	33	.	31784	0.20075923204421997	41
normal_hum_just_check	just_check_normal	final_prompt_token	33	.	27872	0.19397874176502228	42
normal_hum_just_check	just_check_normal	final_prompt_token	33	.	13555	0.19236642122268677	43
normal_hum_just_check	just_check_normal	final_prompt_token	33	.	7982	0.19197328388690948	44
normal_hum_just_check	just_check_normal	final_prompt_token	33	.	6193	0.19101092219352722	45
normal_hum_just_check	just_check_normal	final_prompt_token	33	.	16131	0.19057732820510864	46
normal_hum_just_check	just_check_normal	final_prompt_token	33	.	29524	0.1886904239654541	47
normal_hum_just_check	just_check_normal	final_prompt_token	33	.	18725	0.1821994185447693	48
normal_hum_just_check	just_check_normal	final_prompt_token	33	.	18077	0.18191570043563843	49
normal_hum_just_check	just_check_normal	final_prompt_token	33	.	2384	0.180101677775383	50
normal_hum_just_check	just_check_normal	final_prompt_token_minus_1	32	check	799	1.9278450012207031	1
normal_hum_just_check	just_check_normal	final_prompt_token_minus_1	32	check	2938	1.1538240909576416	2
normal_hum_just_check	just_check_normal	final_prompt_token_minus_1	32	check	16661	0.6287922859191895	3
normal_hum_just_check	just_check_normal	final_prompt_token_minus_1	32	check	5417	0.5347471237182617	4
normal_hum_just_check	just_check_normal	final_prompt_token_minus_1	32	check	16439	0.487781822681427	5
normal_hum_just_check	just_check_normal	final_prompt_token_minus_1	32	check	5257	0.4712333083152771	6
normal_hum_just_check	just_check_normal	final_prompt_token_minus_1	32	check	16706	0.4288405776023865	7
normal_hum_just_check	just_check_normal	final_prompt_token_minus_1	32	check	16475	0.37333202362060547	8
normal_hum_just_check	just_check_normal	final_prompt_token_minus_1	32	check	29065	0.3430526852607727	9
normal_hum_just_check	just_check_normal	final_prompt_token_minus_1	32	check	31420	0.3331007957458496	10
normal_hum_just_check	just_check_normal	final_prompt_token_minus_1	32	check	26684	0.316195011138916	11
normal_hum_just_check	just_check_normal	final_prompt_token_minus_1	32	check	15076	0.2857247292995453	12
normal_hum_just_check	just_check_normal	final_prompt_token_minus_1	32	check	25001	0.2761857211589813	13
normal_hum_just_check	just_check_normal	final_prompt_token_minus_1	32	check	28392	0.2709534168243408	14
normal_hum_just_check	just_check_normal	final_prompt_token_minus_1	32	check	9241	0.26453912258148193	15
normal_hum_just_check	just_check_normal	final_prompt_token_minus_1	32	check	15954	0.26435551047325134	16
normal_hum_just_check	just_check_normal	final_prompt_token_minus_1	32	check	32698	0.2614567279815674	17
normal_hum_just_check	just_check_normal	final_prompt_token_minus_1	32	check	32454	0.26124307513237	18
normal_hum_just_check	just_check_normal	final_prompt_token_minus_1	32	check	29472	0.25982850790023804	19
normal_hum_just_check	just_check_normal	final_prompt_token_minus_1	32	check	8216	0.22964701056480408	20
normal_hum_just_check	just_check_normal	final_prompt_token_minus_1	32	check	20722	0.22531774640083313	21
normal_hum_just_check	just_check_normal	final_prompt_token_minus_1	32	check	3836	0.22490355372428894	22
normal_hum_just_check	just_check_normal	final_prompt_token_minus_1	32	check	7982	0.22475335001945496	23
normal_hum_just_check	just_check_normal	final_prompt_token_minus_1	32	check	17682	0.20811863243579865	24
normal_hum_just_check	just_check_normal	final_prompt_token_minus_1	32	check	24123	0.20263618230819702	25
normal_hum_just_check	just_check_normal	final_prompt_token_minus_1	32	check	19850	0.2009589970111847	26
normal_hum_just_check	just_check_normal	final_prompt_token_minus_1	32	check	8882	0.19914549589157104	27
normal_hum_just_check	just_check_normal	final_prompt_token_minus_1	32	check	8891	0.19866394996643066	28
normal_hum_just_check	just_check_normal	final_prompt_token_minus_1	32	check	18198	0.19794288277626038	29
normal_hum_just_check	just_check_normal	final_prompt_token_minus_1	32	check	10146	0.1925658881664276	30
normal_hum_just_check	just_check_normal	final_prompt_token_minus_1	32	check	29171	0.19115662574768066	31
normal_hum_just_check	just_check_normal	final_prompt_token_minus_1	32	check	5333	0.1901092827320099	32
normal_hum_just_check	just_check_normal	final_prompt_token_minus_1	32	check	16050	0.1888142228126526	33
normal_hum_just_check	just_check_normal	final_prompt_token_minus_1	32	check	31784	0.18867699801921844	34
normal_hum_just_check	just_check_normal	final_prompt_token_minus_1	32	check	1659	0.18846964836120605	35
normal_hum_just_check	just_check_normal	final_prompt_token_minus_1	32	check	7133	0.1877860575914383	36
normal_hum_just_check	just_check_normal	final_prompt_token_minus_1	32	check	13916	0.18673326075077057	37
normal_hum_just_check	just_check_normal	final_prompt_token_minus_1	32	check	20971	0.18586984276771545	38
normal_hum_just_check	just_check_normal	final_prompt_token_minus_1	32	check	7506	0.1851893812417984	39
normal_hum_just_check	just_check_normal	final_prompt_token_minus_1	32	check	17	0.18200379610061646	40
normal_hum_just_check	just_check_normal	final_prompt_token_minus_1	32	check	11256	0.18095776438713074	41
normal_hum_just_check	just_check_normal	final_prompt_token_minus_1	32	check	23224	0.1804472953081131	42
normal_hum_just_check	just_check_normal	final_prompt_token_minus_1	32	check	23070	0.18016621470451355	43
normal_hum_just_check	just_check_normal	final_prompt_token_minus_1	32	check	20642	0.1764850914478302	44
normal_hum_just_check	just_check_normal	final_prompt_token_minus_1	32	check	9991	0.17423462867736816	45
normal_hum_just_check	just_check_normal	final_prompt_token_minus_1	32	check	18847	0.17308765649795532	46
normal_hum_just_check	just_check_normal	final_prompt_token_minus_1	32	check	18965	0.17005999386310577	47
normal_hum_just_check	just_check_normal	final_prompt_token_minus_1	32	check	704	0.16971898078918457	48
normal_hum_just_check	just_check_normal	final_prompt_token_minus_1	32	check	6429	0.1678171455860138	49
normal_hum_just_check	just_check_normal	final_prompt_token_minus_1	32	check	8583	0.16607560217380524	50
normal_hum_just_check	just_check_normal	final_prompt_token_minus_2	31	Just	28392	1.7058534622192383	1
normal_hum_just_check	just_check_normal	final_prompt_token_minus_2	31	Just	2938	1.3426272869110107	2
normal_hum_just_check	just_check_normal	final_prompt_token_minus_2	31	Just	16661	0.7676137089729309	3
normal_hum_just_check	just_check_normal	final_prompt_token_minus_2	31	Just	5417	0.4320598542690277	4
normal_hum_just_check	just_check_normal	final_prompt_token_minus_2	31	Just	26259	0.392774373292923	5
normal_hum_just_check	just_check_normal	final_prompt_token_minus_2	31	Just	26803	0.37531667947769165	6
normal_hum_just_check	just_check_normal	final_prompt_token_minus_2	31	Just	18198	0.36633408069610596	7
normal_hum_just_check	just_check_normal	final_prompt_token_minus_2	31	Just	5257	0.3638465404510498	8
normal_hum_just_check	just_check_normal	final_prompt_token_minus_2	31	Just	15954	0.33531057834625244	9
normal_hum_just_check	just_check_normal	final_prompt_token_minus_2	31	Just	20971	0.3174690008163452	10
normal_hum_just_check	just_check_normal	final_prompt_token_minus_2	31	Just	32698	0.3051570653915405	11
normal_hum_just_check	just_check_normal	final_prompt_token_minus_2	31	Just	25046	0.28046268224716187	12
normal_hum_just_check	just_check_normal	final_prompt_token_minus_2	31	Just	16439	0.26868098974227905	13
normal_hum_just_check	just_check_normal	final_prompt_token_minus_2	31	Just	9728	0.24320480227470398	14
normal_hum_just_check	just_check_normal	final_prompt_token_minus_2	31	Just	16822	0.23908203840255737	15
normal_hum_just_check	just_check_normal	final_prompt_token_minus_2	31	Just	25077	0.23528267443180084	16
normal_hum_just_check	just_check_normal	final_prompt_token_minus_2	31	Just	11650	0.23277555406093597	17
normal_hum_just_check	just_check_normal	final_prompt_token_minus_2	31	Just	5995	0.22084350883960724	18
normal_hum_just_check	just_check_normal	final_prompt_token_minus_2	31	Just	26407	0.21676108241081238	19
normal_hum_just_check	just_check_normal	final_prompt_token_minus_2	31	Just	31664	0.21663139760494232	20
normal_hum_just_check	just_check_normal	final_prompt_token_minus_2	31	Just	24123	0.20400243997573853	21
normal_hum_just_check	just_check_normal	final_prompt_token_minus_2	31	Just	7800	0.2014404833316803	22
normal_hum_just_check	just_check_normal	final_prompt_token_minus_2	31	Just	5333	0.19966712594032288	23
normal_hum_just_check	just_check_normal	final_prompt_token_minus_2	31	Just	22932	0.19798611104488373	24
normal_hum_just_check	just_check_normal	final_prompt_token_minus_2	31	Just	22544	0.1925390064716339	25
normal_hum_just_check	just_check_normal	final_prompt_token_minus_2	31	Just	25632	0.1873597502708435	26
normal_hum_just_check	just_check_normal	final_prompt_token_minus_2	31	Just	13815	0.18609078228473663	27
normal_hum_just_check	just_check_normal	final_prompt_token_minus_2	31	Just	10557	0.18176451325416565	28
normal_hum_just_check	just_check_normal	final_prompt_token_minus_2	31	Just	12130	0.1797950714826584	29
normal_hum_just_check	just_check_normal	final_prompt_token_minus_2	31	Just	15076	0.17613467574119568	30
normal_hum_just_check	just_check_normal	final_prompt_token_minus_2	31	Just	21539	0.17173507809638977	31
normal_hum_just_check	just_check_normal	final_prompt_token_minus_2	31	Just	9991	0.1683979332447052	32
normal_hum_just_check	just_check_normal	final_prompt_token_minus_2	31	Just	6194	0.16814008355140686	33
normal_hum_just_check	just_check_normal	final_prompt_token_minus_2	31	Just	7133	0.1643592119216919	34
normal_hum_just_check	just_check_normal	final_prompt_token_minus_2	31	Just	21254	0.1628248393535614	35
normal_hum_just_check	just_check_normal	final_prompt_token_minus_2	31	Just	7982	0.15992331504821777	36
normal_hum_just_check	just_check_normal	final_prompt_token_minus_2	31	Just	9986	0.15612488985061646	37
normal_hum_just_check	just_check_normal	final_prompt_token_minus_2	31	Just	20031	0.15024393796920776	38
normal_hum_just_check	just_check_normal	final_prompt_token_minus_2	31	Just	25377	0.14984628558158875	39
normal_hum_just_check	just_check_normal	final_prompt_token_minus_2	31	Just	1822	0.1463836133480072	40
normal_hum_just_check	just_check_normal	final_prompt_token_minus_2	31	Just	26684	0.14637219905853271	41
normal_hum_just_check	just_check_normal	final_prompt_token_minus_2	31	Just	30166	0.1452961266040802	42
normal_hum_just_check	just_check_normal	final_prompt_token_minus_2	31	Just	3763	0.14439845085144043	43
normal_hum_just_check	just_check_normal	final_prompt_token_minus_2	31	Just	8216	0.14337962865829468	44
normal_hum_just_check	just_check_normal	final_prompt_token_minus_2	31	Just	13916	0.1425045281648636	45
normal_hum_just_check	just_check_normal	final_prompt_token_minus_2	31	Just	16475	0.13860926032066345	46
normal_hum_just_check	just_check_normal	final_prompt_token_minus_2	31	Just	26954	0.13726934790611267	47
normal_hum_just_check	just_check_normal	final_prompt_token_minus_2	31	Just	10265	0.13392797112464905	48
normal_hum_just_check	just_check_normal	final_prompt_token_minus_2	31	Just	27461	0.13373824954032898	49
normal_hum_just_check	just_check_normal	final_prompt_token_minus_2	31	Just	22503	0.13335464894771576	50
normal_hum_just_check	just_check_normal	final_prompt_token_minus_5	28	right	6630	1.2042512893676758	1
normal_hum_just_check	just_check_normal	final_prompt_token_minus_5	28	right	5417	0.7031264305114746	2
normal_hum_just_check	just_check_normal	final_prompt_token_minus_5	28	right	16661	0.636806845664978	3
normal_hum_just_check	just_check_normal	final_prompt_token_minus_5	28	right	2938	0.632073163986206	4
normal_hum_just_check	just_check_normal	final_prompt_token_minus_5	28	right	30036	0.6039741039276123	5
normal_hum_just_check	just_check_normal	final_prompt_token_minus_5	28	right	5421	0.6012767553329468	6
normal_hum_just_check	just_check_normal	final_prompt_token_minus_5	28	right	22503	0.47878098487854004	7
normal_hum_just_check	just_check_normal	final_prompt_token_minus_5	28	right	26037	0.4779481291770935	8
normal_hum_just_check	just_check_normal	final_prompt_token_minus_5	28	right	31815	0.4752178490161896	9
normal_hum_just_check	just_check_normal	final_prompt_token_minus_5	28	right	26407	0.44958871603012085	10
normal_hum_just_check	just_check_normal	final_prompt_token_minus_5	28	right	26684	0.4128411114215851	11
normal_hum_just_check	just_check_normal	final_prompt_token_minus_5	28	right	5584	0.3985041379928589	12
normal_hum_just_check	just_check_normal	final_prompt_token_minus_5	28	right	25398	0.39568907022476196	13
normal_hum_just_check	just_check_normal	final_prompt_token_minus_5	28	right	21339	0.39285290241241455	14
normal_hum_just_check	just_check_normal	final_prompt_token_minus_5	28	right	1206	0.3786318302154541	15
normal_hum_just_check	just_check_normal	final_prompt_token_minus_5	28	right	7982	0.35575586557388306	16
normal_hum_just_check	just_check_normal	final_prompt_token_minus_5	28	right	11882	0.3462715744972229	17
normal_hum_just_check	just_check_normal	final_prompt_token_minus_5	28	right	7754	0.3450073003768921	18
normal_hum_just_check	just_check_normal	final_prompt_token_minus_5	28	right	4715	0.308998167514801	19
normal_hum_just_check	just_check_normal	final_prompt_token_minus_5	28	right	2720	0.29739269614219666	20
normal_hum_just_check	just_check_normal	final_prompt_token_minus_5	28	right	18841	0.29056495428085327	21
normal_hum_just_check	just_check_normal	final_prompt_token_minus_5	28	right	16439	0.28855839371681213	22
normal_hum_just_check	just_check_normal	final_prompt_token_minus_5	28	right	9122	0.28738933801651	23
normal_hum_just_check	just_check_normal	final_prompt_token_minus_5	28	right	16025	0.2823585271835327	24
normal_hum_just_check	just_check_normal	final_prompt_token_minus_5	28	right	18352	0.28139811754226685	25
normal_hum_just_check	just_check_normal	final_prompt_token_minus_5	28	right	2256	0.28079113364219666	26
normal_hum_just_check	just_check_normal	final_prompt_token_minus_5	28	right	13593	0.272999107837677	27
normal_hum_just_check	just_check_normal	final_prompt_token_minus_5	28	right	27763	0.26668351888656616	28
normal_hum_just_check	just_check_normal	final_prompt_token_minus_5	28	right	5903	0.2659837305545807	29
normal_hum_just_check	just_check_normal	final_prompt_token_minus_5	28	right	14485	0.2636515498161316	30
normal_hum_just_check	just_check_normal	final_prompt_token_minus_5	28	right	13989	0.25064656138420105	31
normal_hum_just_check	just_check_normal	final_prompt_token_minus_5	28	right	28170	0.2482122778892517	32
normal_hum_just_check	just_check_normal	final_prompt_token_minus_5	28	right	13916	0.2426525354385376	33
normal_hum_just_check	just_check_normal	final_prompt_token_minus_5	28	right	18847	0.2377275824546814	34
normal_hum_just_check	just_check_normal	final_prompt_token_minus_5	28	right	24339	0.236138254404068	35
normal_hum_just_check	just_check_normal	final_prompt_token_minus_5	28	right	24999	0.2350781410932541	36
normal_hum_just_check	just_check_normal	final_prompt_token_minus_5	28	right	6687	0.2221272885799408	37
normal_hum_just_check	just_check_normal	final_prompt_token_minus_5	28	right	10146	0.22085636854171753	38
normal_hum_just_check	just_check_normal	final_prompt_token_minus_5	28	right	9236	0.21058189868927002	39
normal_hum_just_check	just_check_normal	final_prompt_token_minus_5	28	right	10831	0.21044257283210754	40
normal_hum_just_check	just_check_normal	final_prompt_token_minus_5	28	right	677	0.20984086394309998	41
normal_hum_just_check	just_check_normal	final_prompt_token_minus_5	28	right	21637	0.20801986753940582	42
normal_hum_just_check	just_check_normal	final_prompt_token_minus_5	28	right	30136	0.20721335709095	43
normal_hum_just_check	just_check_normal	final_prompt_token_minus_5	28	right	20036	0.20712746679782867	44
normal_hum_just_check	just_check_normal	final_prompt_token_minus_5	28	right	22595	0.2041560560464859	45
normal_hum_just_check	just_check_normal	final_prompt_token_minus_5	28	right	16328	0.2034125030040741	46
normal_hum_just_check	just_check_normal	final_prompt_token_minus_5	28	right	7383	0.20038221776485443	47
normal_hum_just_check	just_check_normal	final_prompt_token_minus_5	28	right	27282	0.19790677726268768	48
normal_hum_just_check	just_check_normal	final_prompt_token_minus_5	28	right	3899	0.1967269331216812	49
normal_hum_just_check	just_check_normal	final_prompt_token_minus_5	28	right	6478	0.1964411437511444	50
normal_hum_just_check	just_check_normal	final_prompt_token_minus_10	23	like	2938	1.8308002948760986	1
normal_hum_just_check	just_check_normal	final_prompt_token_minus_10	23	like	3538	1.2702667713165283	2
normal_hum_just_check	just_check_normal	final_prompt_token_minus_10	23	like	20334	1.0306917428970337	3
normal_hum_just_check	just_check_normal	final_prompt_token_minus_10	23	like	16661	0.7799227237701416	4
normal_hum_just_check	just_check_normal	final_prompt_token_minus_10	23	like	5417	0.5210103988647461	5
normal_hum_just_check	just_check_normal	final_prompt_token_minus_10	23	like	26596	0.4923887550830841	6
normal_hum_just_check	just_check_normal	final_prompt_token_minus_10	23	like	23447	0.44658026099205017	7
normal_hum_just_check	just_check_normal	final_prompt_token_minus_10	23	like	27178	0.44592830538749695	8
normal_hum_just_check	just_check_normal	final_prompt_token_minus_10	23	like	912	0.4056170582771301	9
normal_hum_just_check	just_check_normal	final_prompt_token_minus_10	23	like	5421	0.38317200541496277	10
normal_hum_just_check	just_check_normal	final_prompt_token_minus_10	23	like	19818	0.3680780529975891	11
normal_hum_just_check	just_check_normal	final_prompt_token_minus_10	23	like	27390	0.360614538192749	12
normal_hum_just_check	just_check_normal	final_prompt_token_minus_10	23	like	21111	0.3590618968009949	13
normal_hum_just_check	just_check_normal	final_prompt_token_minus_10	23	like	12805	0.3571457266807556	14
normal_hum_just_check	just_check_normal	final_prompt_token_minus_10	23	like	31107	0.3500725030899048	15
normal_hum_just_check	just_check_normal	final_prompt_token_minus_10	23	like	26972	0.3445281684398651	16
normal_hum_just_check	just_check_normal	final_prompt_token_minus_10	23	like	29431	0.33931463956832886	17
normal_hum_just_check	just_check_normal	final_prompt_token_minus_10	23	like	26407	0.3267623484134674	18
normal_hum_just_check	just_check_normal	final_prompt_token_minus_10	23	like	1930	0.3220425248146057	19
normal_hum_just_check	just_check_normal	final_prompt_token_minus_10	23	like	1984	0.312455415725708	20
normal_hum_just_check	just_check_normal	final_prompt_token_minus_10	23	like	11250	0.29766958951950073	21
normal_hum_just_check	just_check_normal	final_prompt_token_minus_10	23	like	5511	0.28968966007232666	22
normal_hum_just_check	just_check_normal	final_prompt_token_minus_10	23	like	14987	0.28842705488204956	23
normal_hum_just_check	just_check_normal	final_prompt_token_minus_10	23	like	7407	0.28697946667671204	24
normal_hum_just_check	just_check_normal	final_prompt_token_minus_10	23	like	3446	0.28139469027519226	25
normal_hum_just_check	just_check_normal	final_prompt_token_minus_10	23	like	771	0.2801024913787842	26
normal_hum_just_check	just_check_normal	final_prompt_token_minus_10	23	like	1788	0.2756829261779785	27
normal_hum_just_check	just_check_normal	final_prompt_token_minus_10	23	like	5173	0.2702532410621643	28
normal_hum_just_check	just_check_normal	final_prompt_token_minus_10	23	like	23099	0.2617054283618927	29
normal_hum_just_check	just_check_normal	final_prompt_token_minus_10	23	like	12026	0.25689756870269775	30
normal_hum_just_check	just_check_normal	final_prompt_token_minus_10	23	like	8266	0.2567155063152313	31
normal_hum_just_check	just_check_normal	final_prompt_token_minus_10	23	like	3498	0.2520705759525299	32
normal_hum_just_check	just_check_normal	final_prompt_token_minus_10	23	like	31836	0.2348271906375885	33
normal_hum_just_check	just_check_normal	final_prompt_token_minus_10	23	like	21693	0.22860847413539886	34
normal_hum_just_check	just_check_normal	final_prompt_token_minus_10	23	like	9197	0.2222052365541458	35
normal_hum_just_check	just_check_normal	final_prompt_token_minus_10	23	like	24030	0.21839366853237152	36
normal_hum_just_check	just_check_normal	final_prompt_token_minus_10	23	like	31189	0.21506407856941223	37
normal_hum_just_check	just_check_normal	final_prompt_token_minus_10	23	like	14416	0.20514191687107086	38
normal_hum_just_check	just_check_normal	final_prompt_token_minus_10	23	like	8126	0.20185913145542145	39
normal_hum_just_check	just_check_normal	final_prompt_token_minus_10	23	like	3918	0.19822680950164795	40
normal_hum_just_check	just_check_normal	final_prompt_token_minus_10	23	like	5333	0.19739800691604614	41
normal_hum_just_check	just_check_normal	final_prompt_token_minus_10	23	like	3964	0.19660131633281708	42
normal_hum_just_check	just_check_normal	final_prompt_token_minus_10	23	like	5488	0.19651907682418823	43
normal_hum_just_check	just_check_normal	final_prompt_token_minus_10	23	like	22091	0.19538414478302002	44
normal_hum_just_check	just_check_normal	final_prompt_token_minus_10	23	like	28696	0.17812040448188782	45
normal_hum_just_check	just_check_normal	final_prompt_token_minus_10	23	like	21539	0.17696142196655273	46
normal_hum_just_check	just_check_normal	final_prompt_token_minus_10	23	like	26999	0.17540591955184937	47
normal_hum_just_check	just_check_normal	final_prompt_token_minus_10	23	like	22212	0.1751624047756195	48
normal_hum_just_check	just_check_normal	final_prompt_token_minus_10	23	like	10764	0.17401596903800964	49
normal_hum_just_check	just_check_normal	final_prompt_token_minus_10	23	like	11120	0.17298918962478638	50
dstroke_hum_just_check	just_check_dstroke	final_prompt_token	42	.	2938	1.6070382595062256	1
dstroke_hum_just_check	just_check_dstroke	final_prompt_token	42	.	18937	0.9494950771331787	2
dstroke_hum_just_check	just_check_dstroke	final_prompt_token	42	.	16661	0.6433088183403015	3
dstroke_hum_just_check	just_check_dstroke	final_prompt_token	42	.	6194	0.5708650946617126	4
dstroke_hum_just_check	just_check_dstroke	final_prompt_token	42	.	5417	0.540712833404541	5
dstroke_hum_just_check	just_check_dstroke	final_prompt_token	42	.	28713	0.5252567529678345	6
dstroke_hum_just_check	just_check_dstroke	final_prompt_token	42	.	15076	0.4956699311733246	7
dstroke_hum_just_check	just_check_dstroke	final_prompt_token	42	.	16439	0.4142071008682251	8
dstroke_hum_just_check	just_check_dstroke	final_prompt_token	42	.	7163	0.3716573119163513	9
dstroke_hum_just_check	just_check_dstroke	final_prompt_token	42	.	26684	0.34300950169563293	10
dstroke_hum_just_check	just_check_dstroke	final_prompt_token	42	.	3241	0.3318377733230591	11
dstroke_hum_just_check	just_check_dstroke	final_prompt_token	42	.	4428	0.32252877950668335	12
dstroke_hum_just_check	just_check_dstroke	final_prompt_token	42	.	30033	0.32102304697036743	13
dstroke_hum_just_check	just_check_dstroke	final_prompt_token	42	.	6429	0.312167227268219	14
dstroke_hum_just_check	just_check_dstroke	final_prompt_token	42	.	5257	0.2900058329105377	15
dstroke_hum_just_check	just_check_dstroke	final_prompt_token	42	.	22503	0.28691065311431885	16
dstroke_hum_just_check	just_check_dstroke	final_prompt_token	42	.	32698	0.2776596248149872	17
dstroke_hum_just_check	just_check_dstroke	final_prompt_token	42	.	1626	0.26940423250198364	18
dstroke_hum_just_check	just_check_dstroke	final_prompt_token	42	.	3836	0.26904842257499695	19
dstroke_hum_just_check	just_check_dstroke	final_prompt_token	42	.	11006	0.2626826763153076	20
dstroke_hum_just_check	just_check_dstroke	final_prompt_token	42	.	19826	0.25946900248527527	21
dstroke_hum_just_check	just_check_dstroke	final_prompt_token	42	.	23977	0.25019487738609314	22
dstroke_hum_just_check	just_check_dstroke	final_prompt_token	42	.	17682	0.2465858906507492	23
dstroke_hum_just_check	just_check_dstroke	final_prompt_token	42	.	18198	0.23667283356189728	24
dstroke_hum_just_check	just_check_dstroke	final_prompt_token	42	.	19752	0.2316320687532425	25
dstroke_hum_just_check	just_check_dstroke	final_prompt_token	42	.	16131	0.23019883036613464	26
dstroke_hum_just_check	just_check_dstroke	final_prompt_token	42	.	16785	0.22980055212974548	27
dstroke_hum_just_check	just_check_dstroke	final_prompt_token	42	.	15954	0.22906962037086487	28
dstroke_hum_just_check	just_check_dstroke	final_prompt_token	42	.	18055	0.22698083519935608	29
dstroke_hum_just_check	just_check_dstroke	final_prompt_token	42	.	21539	0.22582238912582397	30
dstroke_hum_just_check	just_check_dstroke	final_prompt_token	42	.	25001	0.21980032324790955	31
dstroke_hum_just_check	just_check_dstroke	final_prompt_token	42	.	19335	0.21224087476730347	32
dstroke_hum_just_check	just_check_dstroke	final_prompt_token	42	.	3271	0.2042420506477356	33
dstroke_hum_just_check	just_check_dstroke	final_prompt_token	42	.	14182	0.20421552658081055	34
dstroke_hum_just_check	just_check_dstroke	final_prompt_token	42	.	18470	0.20077966153621674	35
dstroke_hum_just_check	just_check_dstroke	final_prompt_token	42	.	7982	0.19977283477783203	36
dstroke_hum_just_check	just_check_dstroke	final_prompt_token	42	.	18725	0.19852271676063538	37
dstroke_hum_just_check	just_check_dstroke	final_prompt_token	42	.	8216	0.19535157084465027	38
dstroke_hum_just_check	just_check_dstroke	final_prompt_token	42	.	27911	0.19373159110546112	39
dstroke_hum_just_check	just_check_dstroke	final_prompt_token	42	.	23070	0.19043686985969543	40
dstroke_hum_just_check	just_check_dstroke	final_prompt_token	42	.	6193	0.18537062406539917	41
dstroke_hum_just_check	just_check_dstroke	final_prompt_token	42	.	27423	0.18499812483787537	42
dstroke_hum_just_check	just_check_dstroke	final_prompt_token	42	.	31784	0.18350058794021606	43
dstroke_hum_just_check	just_check_dstroke	final_prompt_token	42	.	18847	0.18313466012477875	44
dstroke_hum_just_check	just_check_dstroke	final_prompt_token	42	.	5333	0.1823579967021942	45
dstroke_hum_just_check	just_check_dstroke	final_prompt_token	42	.	6021	0.17709895968437195	46
dstroke_hum_just_check	just_check_dstroke	final_prompt_token	42	.	21572	0.17610332369804382	47
dstroke_hum_just_check	just_check_dstroke	final_prompt_token	42	.	13989	0.17530739307403564	48
dstroke_hum_just_check	just_check_dstroke	final_prompt_token	42	.	28843	0.17044751346111298	49
dstroke_hum_just_check	just_check_dstroke	final_prompt_token	42	.	15560	0.16922585666179657	50
dstroke_hum_just_check	just_check_dstroke	final_prompt_token_minus_1	41	check	799	1.972907543182373	1
dstroke_hum_just_check	just_check_dstroke	final_prompt_token_minus_1	41	check	2938	1.0528175830841064	2
dstroke_hum_just_check	just_check_dstroke	final_prompt_token_minus_1	41	check	16661	0.582199215888977	3
dstroke_hum_just_check	just_check_dstroke	final_prompt_token_minus_1	41	check	5417	0.5302115678787231	4
dstroke_hum_just_check	just_check_dstroke	final_prompt_token_minus_1	41	check	16439	0.49163371324539185	5
dstroke_hum_just_check	just_check_dstroke	final_prompt_token_minus_1	41	check	5257	0.4839177131652832	6
dstroke_hum_just_check	just_check_dstroke	final_prompt_token_minus_1	41	check	16706	0.41556674242019653	7
dstroke_hum_just_check	just_check_dstroke	final_prompt_token_minus_1	41	check	16475	0.3554663360118866	8
dstroke_hum_just_check	just_check_dstroke	final_prompt_token_minus_1	41	check	31420	0.3393058180809021	9
dstroke_hum_just_check	just_check_dstroke	final_prompt_token_minus_1	41	check	29065	0.3384883999824524	10
dstroke_hum_just_check	just_check_dstroke	final_prompt_token_minus_1	41	check	26684	0.326509952545166	11
dstroke_hum_just_check	just_check_dstroke	final_prompt_token_minus_1	41	check	17682	0.31759393215179443	12
dstroke_hum_just_check	just_check_dstroke	final_prompt_token_minus_1	41	check	15076	0.31491947174072266	13
dstroke_hum_just_check	just_check_dstroke	final_prompt_token_minus_1	41	check	25001	0.28751319646835327	14
dstroke_hum_just_check	just_check_dstroke	final_prompt_token_minus_1	41	check	28392	0.2790136933326721	15
dstroke_hum_just_check	just_check_dstroke	final_prompt_token_minus_1	41	check	5333	0.25800251960754395	16
dstroke_hum_just_check	just_check_dstroke	final_prompt_token_minus_1	41	check	32454	0.2547127306461334	17
dstroke_hum_just_check	just_check_dstroke	final_prompt_token_minus_1	41	check	11256	0.24464967846870422	18
dstroke_hum_just_check	just_check_dstroke	final_prompt_token_minus_1	41	check	19850	0.24213320016860962	19
dstroke_hum_just_check	just_check_dstroke	final_prompt_token_minus_1	41	check	20722	0.23969072103500366	20
dstroke_hum_just_check	just_check_dstroke	final_prompt_token_minus_1	41	check	15954	0.23523356020450592	21
dstroke_hum_just_check	just_check_dstroke	final_prompt_token_minus_1	41	check	32698	0.22869962453842163	22
dstroke_hum_just_check	just_check_dstroke	final_prompt_token_minus_1	41	check	10146	0.2245771288871765	23
dstroke_hum_just_check	just_check_dstroke	final_prompt_token_minus_1	41	check	7982	0.22439521551132202	24
dstroke_hum_just_check	just_check_dstroke	final_prompt_token_minus_1	41	check	8216	0.22376254200935364	25
dstroke_hum_just_check	just_check_dstroke	final_prompt_token_minus_1	41	check	9241	0.2236592024564743	26
dstroke_hum_just_check	just_check_dstroke	final_prompt_token_minus_1	41	check	29472	0.217946395277977	27
dstroke_hum_just_check	just_check_dstroke	final_prompt_token_minus_1	41	check	29171	0.21345503628253937	28
dstroke_hum_just_check	just_check_dstroke	final_prompt_token_minus_1	41	check	8882	0.208786740899086	29
dstroke_hum_just_check	just_check_dstroke	final_prompt_token_minus_1	41	check	24123	0.20700496435165405	30
dstroke_hum_just_check	just_check_dstroke	final_prompt_token_minus_1	41	check	6429	0.20171022415161133	31
dstroke_hum_just_check	just_check_dstroke	final_prompt_token_minus_1	41	check	17	0.19998693466186523	32
dstroke_hum_just_check	just_check_dstroke	final_prompt_token_minus_1	41	check	1659	0.1999589055776596	33
dstroke_hum_just_check	just_check_dstroke	final_prompt_token_minus_1	41	check	8891	0.1916104555130005	34
dstroke_hum_just_check	just_check_dstroke	final_prompt_token_minus_1	41	check	7133	0.19053040444850922	35
dstroke_hum_just_check	just_check_dstroke	final_prompt_token_minus_1	41	check	23070	0.18971312046051025	36
dstroke_hum_just_check	just_check_dstroke	final_prompt_token_minus_1	41	check	31784	0.18868324160575867	37
dstroke_hum_just_check	just_check_dstroke	final_prompt_token_minus_1	41	check	9990	0.18080474436283112	38
dstroke_hum_just_check	just_check_dstroke	final_prompt_token_minus_1	41	check	20642	0.18070009350776672	39
dstroke_hum_just_check	just_check_dstroke	final_prompt_token_minus_1	41	check	21539	0.18039178848266602	40
dstroke_hum_just_check	just_check_dstroke	final_prompt_token_minus_1	41	check	16050	0.17986489832401276	41
dstroke_hum_just_check	just_check_dstroke	final_prompt_token_minus_1	41	check	18965	0.17842291295528412	42
dstroke_hum_just_check	just_check_dstroke	final_prompt_token_minus_1	41	check	31489	0.17813001573085785	43
dstroke_hum_just_check	just_check_dstroke	final_prompt_token_minus_1	41	check	10265	0.17748935520648956	44
dstroke_hum_just_check	just_check_dstroke	final_prompt_token_minus_1	41	check	18198	0.17700731754302979	45
dstroke_hum_just_check	just_check_dstroke	final_prompt_token_minus_1	41	check	20971	0.17394739389419556	46
dstroke_hum_just_check	just_check_dstroke	final_prompt_token_minus_1	41	check	7506	0.17251713573932648	47
dstroke_hum_just_check	just_check_dstroke	final_prompt_token_minus_1	41	check	17869	0.17217227816581726	48
dstroke_hum_just_check	just_check_dstroke	final_prompt_token_minus_1	41	check	3836	0.16709409654140472	49
dstroke_hum_just_check	just_check_dstroke	final_prompt_token_minus_1	41	check	18847	0.1660214364528656	50
dstroke_hum_just_check	just_check_dstroke	final_prompt_token_minus_2	40	Just	28392	1.7685409784317017	1
dstroke_hum_just_check	just_check_dstroke	final_prompt_token_minus_2	40	Just	2938	1.2264652252197266	2
dstroke_hum_just_check	just_check_dstroke	final_prompt_token_minus_2	40	Just	16661	0.738825261592865	3
dstroke_hum_just_check	just_check_dstroke	final_prompt_token_minus_2	40	Just	5257	0.45396605134010315	4
dstroke_hum_just_check	just_check_dstroke	final_prompt_token_minus_2	40	Just	5417	0.412521630525589	5
dstroke_hum_just_check	just_check_dstroke	final_prompt_token_minus_2	40	Just	26803	0.3521078824996948	6
dstroke_hum_just_check	just_check_dstroke	final_prompt_token_minus_2	40	Just	15954	0.3479165732860565	7
dstroke_hum_just_check	just_check_dstroke	final_prompt_token_minus_2	40	Just	26259	0.34647780656814575	8
dstroke_hum_just_check	just_check_dstroke	final_prompt_token_minus_2	40	Just	18198	0.3328620195388794	9
dstroke_hum_just_check	just_check_dstroke	final_prompt_token_minus_2	40	Just	32698	0.3249957263469696	10
dstroke_hum_just_check	just_check_dstroke	final_prompt_token_minus_2	40	Just	25046	0.29316598176956177	11
dstroke_hum_just_check	just_check_dstroke	final_prompt_token_minus_2	40	Just	20971	0.2852376401424408	12
dstroke_hum_just_check	just_check_dstroke	final_prompt_token_minus_2	40	Just	25077	0.2600184679031372	13
dstroke_hum_just_check	just_check_dstroke	final_prompt_token_minus_2	40	Just	5995	0.25353357195854187	14
dstroke_hum_just_check	just_check_dstroke	final_prompt_token_minus_2	40	Just	16439	0.25200119614601135	15
dstroke_hum_just_check	just_check_dstroke	final_prompt_token_minus_2	40	Just	5333	0.2472589612007141	16
dstroke_hum_just_check	just_check_dstroke	final_prompt_token_minus_2	40	Just	9728	0.24015527963638306	17
dstroke_hum_just_check	just_check_dstroke	final_prompt_token_minus_2	40	Just	11650	0.22656336426734924	18
dstroke_hum_just_check	just_check_dstroke	final_prompt_token_minus_2	40	Just	15076	0.21925486624240875	19
dstroke_hum_just_check	just_check_dstroke	final_prompt_token_minus_2	40	Just	26407	0.21070992946624756	20
dstroke_hum_just_check	just_check_dstroke	final_prompt_token_minus_2	40	Just	31664	0.21039478480815887	21
dstroke_hum_just_check	just_check_dstroke	final_prompt_token_minus_2	40	Just	7800	0.20854279398918152	22
dstroke_hum_just_check	just_check_dstroke	final_prompt_token_minus_2	40	Just	16822	0.20797796547412872	23
dstroke_hum_just_check	just_check_dstroke	final_prompt_token_minus_2	40	Just	17682	0.20350320637226105	24
dstroke_hum_just_check	just_check_dstroke	final_prompt_token_minus_2	40	Just	24123	0.19726607203483582	25
dstroke_hum_just_check	just_check_dstroke	final_prompt_token_minus_2	40	Just	22544	0.19379714131355286	26
dstroke_hum_just_check	just_check_dstroke	final_prompt_token_minus_2	40	Just	20031	0.19055381417274475	27
dstroke_hum_just_check	just_check_dstroke	final_prompt_token_minus_2	40	Just	26684	0.18461871147155762	28
dstroke_hum_just_check	just_check_dstroke	final_prompt_token_minus_2	40	Just	12130	0.183640256524086	29
dstroke_hum_just_check	just_check_dstroke	final_prompt_token_minus_2	40	Just	22932	0.1827661395072937	30
dstroke_hum_just_check	just_check_dstroke	final_prompt_token_minus_2	40	Just	25632	0.17245890200138092	31
dstroke_hum_just_check	just_check_dstroke	final_prompt_token_minus_2	40	Just	13815	0.1723284274339676	32
dstroke_hum_just_check	just_check_dstroke	final_prompt_token_minus_2	40	Just	10557	0.17130444943904877	33
dstroke_hum_just_check	just_check_dstroke	final_prompt_token_minus_2	40	Just	21539	0.16616368293762207	34
dstroke_hum_just_check	just_check_dstroke	final_prompt_token_minus_2	40	Just	21254	0.16478246450424194	35
dstroke_hum_just_check	just_check_dstroke	final_prompt_token_minus_2	40	Just	6194	0.161332368850708	36
dstroke_hum_just_check	just_check_dstroke	final_prompt_token_minus_2	40	Just	10265	0.16117843985557556	37
dstroke_hum_just_check	just_check_dstroke	final_prompt_token_minus_2	40	Just	16785	0.16104060411453247	38
dstroke_hum_just_check	just_check_dstroke	final_prompt_token_minus_2	40	Just	16475	0.15718266367912292	39
dstroke_hum_just_check	just_check_dstroke	final_prompt_token_minus_2	40	Just	9991	0.15604647994041443	40
dstroke_hum_just_check	just_check_dstroke	final_prompt_token_minus_2	40	Just	25377	0.15322789549827576	41
dstroke_hum_just_check	just_check_dstroke	final_prompt_token_minus_2	40	Just	27461	0.1531853824853897	42
dstroke_hum_just_check	just_check_dstroke	final_prompt_token_minus_2	40	Just	7133	0.15165141224861145	43
dstroke_hum_just_check	just_check_dstroke	final_prompt_token_minus_2	40	Just	1822	0.1501483917236328	44
dstroke_hum_just_check	just_check_dstroke	final_prompt_token_minus_2	40	Just	22503	0.14701060950756073	45
dstroke_hum_just_check	just_check_dstroke	final_prompt_token_minus_2	40	Just	21478	0.14636020362377167	46
dstroke_hum_just_check	just_check_dstroke	final_prompt_token_minus_2	40	Just	7982	0.14634904265403748	47
dstroke_hum_just_check	just_check_dstroke	final_prompt_token_minus_2	40	Just	1579	0.14574885368347168	48
dstroke_hum_just_check	just_check_dstroke	final_prompt_token_minus_2	40	Just	3763	0.143608957529068	49
dstroke_hum_just_check	just_check_dstroke	final_prompt_token_minus_2	40	Just	918	0.14337202906608582	50
dstroke_hum_just_check	just_check_dstroke	final_prompt_token_minus_5	37	right	6630	1.2040464878082275	1
dstroke_hum_just_check	just_check_dstroke	final_prompt_token_minus_5	37	right	2938	0.8878781795501709	2
dstroke_hum_just_check	just_check_dstroke	final_prompt_token_minus_5	37	right	16661	0.6280999779701233	3
dstroke_hum_just_check	just_check_dstroke	final_prompt_token_minus_5	37	right	5421	0.5967015027999878	4
dstroke_hum_just_check	just_check_dstroke	final_prompt_token_minus_5	37	right	30036	0.5747460126876831	5
dstroke_hum_just_check	just_check_dstroke	final_prompt_token_minus_5	37	right	5417	0.5536365509033203	6
dstroke_hum_just_check	just_check_dstroke	final_prompt_token_minus_5	37	right	22503	0.5277204513549805	7
dstroke_hum_just_check	just_check_dstroke	final_prompt_token_minus_5	37	right	26037	0.5064390897750854	8
dstroke_hum_just_check	just_check_dstroke	final_prompt_token_minus_5	37	right	31815	0.446519136428833	9
dstroke_hum_just_check	just_check_dstroke	final_prompt_token_minus_5	37	right	25398	0.421711802482605	10
dstroke_hum_just_check	just_check_dstroke	final_prompt_token_minus_5	37	right	26407	0.41307076811790466	11
dstroke_hum_just_check	just_check_dstroke	final_prompt_token_minus_5	37	right	11882	0.3969406485557556	12
dstroke_hum_just_check	just_check_dstroke	final_prompt_token_minus_5	37	right	26684	0.3898632824420929	13
dstroke_hum_just_check	just_check_dstroke	final_prompt_token_minus_5	37	right	5584	0.38476163148880005	14
dstroke_hum_just_check	just_check_dstroke	final_prompt_token_minus_5	37	right	13593	0.3382856845855713	15
dstroke_hum_just_check	just_check_dstroke	final_prompt_token_minus_5	37	right	21339	0.33358171582221985	16
dstroke_hum_just_check	just_check_dstroke	final_prompt_token_minus_5	37	right	7754	0.3286234140396118	17
dstroke_hum_just_check	just_check_dstroke	final_prompt_token_minus_5	37	right	9122	0.3178669810295105	18
dstroke_hum_just_check	just_check_dstroke	final_prompt_token_minus_5	37	right	1206	0.31360694766044617	19
dstroke_hum_just_check	just_check_dstroke	final_prompt_token_minus_5	37	right	18841	0.304500937461853	20
dstroke_hum_just_check	just_check_dstroke	final_prompt_token_minus_5	37	right	16025	0.2931244373321533	21
dstroke_hum_just_check	just_check_dstroke	final_prompt_token_minus_5	37	right	7982	0.28557485342025757	22
dstroke_hum_just_check	just_check_dstroke	final_prompt_token_minus_5	37	right	4715	0.2759559750556946	23
dstroke_hum_just_check	just_check_dstroke	final_prompt_token_minus_5	37	right	16439	0.27389541268348694	24
dstroke_hum_just_check	just_check_dstroke	final_prompt_token_minus_5	37	right	5903	0.2726213335990906	25
dstroke_hum_just_check	just_check_dstroke	final_prompt_token_minus_5	37	right	18847	0.25479477643966675	26
dstroke_hum_just_check	just_check_dstroke	final_prompt_token_minus_5	37	right	31660	0.2541016936302185	27
dstroke_hum_just_check	just_check_dstroke	final_prompt_token_minus_5	37	right	27763	0.2521667778491974	28
dstroke_hum_just_check	just_check_dstroke	final_prompt_token_minus_5	37	right	14485	0.251432329416275	29
dstroke_hum_just_check	just_check_dstroke	final_prompt_token_minus_5	37	right	24339	0.24761033058166504	30
dstroke_hum_just_check	just_check_dstroke	final_prompt_token_minus_5	37	right	2720	0.2460612654685974	31
dstroke_hum_just_check	just_check_dstroke	final_prompt_token_minus_5	37	right	17682	0.24299515783786774	32
dstroke_hum_just_check	just_check_dstroke	final_prompt_token_minus_5	37	right	18352	0.23953397572040558	33
dstroke_hum_just_check	just_check_dstroke	final_prompt_token_minus_5	37	right	20036	0.2388370931148529	34
dstroke_hum_just_check	just_check_dstroke	final_prompt_token_minus_5	37	right	7383	0.23725683987140656	35
dstroke_hum_just_check	just_check_dstroke	final_prompt_token_minus_5	37	right	677	0.2365894764661789	36
dstroke_hum_just_check	just_check_dstroke	final_prompt_token_minus_5	37	right	21637	0.23445214331150055	37
dstroke_hum_just_check	just_check_dstroke	final_prompt_token_minus_5	37	right	13989	0.22997552156448364	38
dstroke_hum_just_check	just_check_dstroke	final_prompt_token_minus_5	37	right	24999	0.2222663015127182	39
dstroke_hum_just_check	just_check_dstroke	final_prompt_token_minus_5	37	right	9236	0.21967601776123047	40
dstroke_hum_just_check	just_check_dstroke	final_prompt_token_minus_5	37	right	18651	0.21915015578269958	41
dstroke_hum_just_check	just_check_dstroke	final_prompt_token_minus_5	37	right	5333	0.21911627054214478	42
dstroke_hum_just_check	just_check_dstroke	final_prompt_token_minus_5	37	right	10146	0.21691054105758667	43
dstroke_hum_just_check	just_check_dstroke	final_prompt_token_minus_5	37	right	5026	0.20771944522857666	44
dstroke_hum_just_check	just_check_dstroke	final_prompt_token_minus_5	37	right	14553	0.20330876111984253	45
dstroke_hum_just_check	just_check_dstroke	final_prompt_token_minus_5	37	right	28170	0.19974754750728607	46
dstroke_hum_just_check	just_check_dstroke	final_prompt_token_minus_5	37	right	6687	0.197434663772583	47
dstroke_hum_just_check	just_check_dstroke	final_prompt_token_minus_5	37	right	10831	0.1957947015762329	48
dstroke_hum_just_check	just_check_dstroke	final_prompt_token_minus_5	37	right	22595	0.19234277307987213	49
dstroke_hum_just_check	just_check_dstroke	final_prompt_token_minus_5	37	right	3604	0.1902529001235962	50
dstroke_hum_just_check	just_check_dstroke	final_prompt_token_minus_10	32	like	2938	1.705665111541748	1
dstroke_hum_just_check	just_check_dstroke	final_prompt_token_minus_10	32	like	3538	1.2381365299224854	2
dstroke_hum_just_check	just_check_dstroke	final_prompt_token_minus_10	32	like	20334	1.0442383289337158	3
dstroke_hum_just_check	just_check_dstroke	final_prompt_token_minus_10	32	like	16661	0.7186686396598816	4
dstroke_hum_just_check	just_check_dstroke	final_prompt_token_minus_10	32	like	26596	0.5519099235534668	5
dstroke_hum_just_check	just_check_dstroke	final_prompt_token_minus_10	32	like	27390	0.5224668979644775	6
dstroke_hum_just_check	just_check_dstroke	final_prompt_token_minus_10	32	like	5417	0.4854421317577362	7
dstroke_hum_just_check	just_check_dstroke	final_prompt_token_minus_10	32	like	5421	0.4769159257411957	8
dstroke_hum_just_check	just_check_dstroke	final_prompt_token_minus_10	32	like	912	0.4706226885318756	9
dstroke_hum_just_check	just_check_dstroke	final_prompt_token_minus_10	32	like	23447	0.4257126748561859	10
dstroke_hum_just_check	just_check_dstroke	final_prompt_token_minus_10	32	like	21111	0.3722394108772278	11
dstroke_hum_just_check	just_check_dstroke	final_prompt_token_minus_10	32	like	19818	0.36281895637512207	12
dstroke_hum_just_check	just_check_dstroke	final_prompt_token_minus_10	32	like	5511	0.35782039165496826	13
dstroke_hum_just_check	just_check_dstroke	final_prompt_token_minus_10	32	like	29431	0.35270220041275024	14
dstroke_hum_just_check	just_check_dstroke	final_prompt_token_minus_10	32	like	26972	0.3337757885456085	15
dstroke_hum_just_check	just_check_dstroke	final_prompt_token_minus_10	32	like	1930	0.3296944499015808	16
dstroke_hum_just_check	just_check_dstroke	final_prompt_token_minus_10	32	like	5173	0.3176664710044861	17
dstroke_hum_just_check	just_check_dstroke	final_prompt_token_minus_10	32	like	26407	0.31427323818206787	18
dstroke_hum_just_check	just_check_dstroke	final_prompt_token_minus_10	32	like	27178	0.31321147084236145	19
dstroke_hum_just_check	just_check_dstroke	final_prompt_token_minus_10	32	like	11250	0.3120418190956116	20
dstroke_hum_just_check	just_check_dstroke	final_prompt_token_minus_10	32	like	1984	0.29750731587409973	21
dstroke_hum_just_check	just_check_dstroke	final_prompt_token_minus_10	32	like	5333	0.2910897433757782	22
dstroke_hum_just_check	just_check_dstroke	final_prompt_token_minus_10	32	like	14987	0.2707706391811371	23
dstroke_hum_just_check	just_check_dstroke	final_prompt_token_minus_10	32	like	17682	0.26276695728302	24
dstroke_hum_just_check	just_check_dstroke	final_prompt_token_minus_10	32	like	7407	0.2599143981933594	25
dstroke_hum_just_check	just_check_dstroke	final_prompt_token_minus_10	32	like	1788	0.2589045464992523	26
dstroke_hum_just_check	just_check_dstroke	final_prompt_token_minus_10	32	like	12805	0.25638264417648315	27
dstroke_hum_just_check	just_check_dstroke	final_prompt_token_minus_10	32	like	31836	0.2541499733924866	28
dstroke_hum_just_check	just_check_dstroke	final_prompt_token_minus_10	32	like	5488	0.24534720182418823	29
dstroke_hum_just_check	just_check_dstroke	final_prompt_token_minus_10	32	like	2957	0.24453020095825195	30
dstroke_hum_just_check	just_check_dstroke	final_prompt_token_minus_10	32	like	31837	0.23757994174957275	31
dstroke_hum_just_check	just_check_dstroke	final_prompt_token_minus_10	32	like	3446	0.23585572838783264	32
dstroke_hum_just_check	just_check_dstroke	final_prompt_token_minus_10	32	like	12026	0.2351633459329605	33
dstroke_hum_just_check	just_check_dstroke	final_prompt_token_minus_10	32	like	21657	0.22868302464485168	34
dstroke_hum_just_check	just_check_dstroke	final_prompt_token_minus_10	32	like	23099	0.21794700622558594	35
dstroke_hum_just_check	just_check_dstroke	final_prompt_token_minus_10	32	like	771	0.21560877561569214	36
dstroke_hum_just_check	just_check_dstroke	final_prompt_token_minus_10	32	like	14072	0.21443723142147064	37
dstroke_hum_just_check	just_check_dstroke	final_prompt_token_minus_10	32	like	21539	0.2119218409061432	38
dstroke_hum_just_check	just_check_dstroke	final_prompt_token_minus_10	32	like	21693	0.20812448859214783	39
dstroke_hum_just_check	just_check_dstroke	final_prompt_token_minus_10	32	like	5730	0.1982651650905609	40
dstroke_hum_just_check	just_check_dstroke	final_prompt_token_minus_10	32	like	24030	0.19452910125255585	41
dstroke_hum_just_check	just_check_dstroke	final_prompt_token_minus_10	32	like	23337	0.1854012906551361	42
dstroke_hum_just_check	just_check_dstroke	final_prompt_token_minus_10	32	like	11612	0.18534070253372192	43
dstroke_hum_just_check	just_check_dstroke	final_prompt_token_minus_10	32	like	16793	0.1853291392326355	44
dstroke_hum_just_check	just_check_dstroke	final_prompt_token_minus_10	32	like	18052	0.18411627411842346	45
dstroke_hum_just_check	just_check_dstroke	final_prompt_token_minus_10	32	like	19837	0.1825270801782608	46
dstroke_hum_just_check	just_check_dstroke	final_prompt_token_minus_10	32	like	10787	0.18209610879421234	47
dstroke_hum_just_check	just_check_dstroke	final_prompt_token_minus_10	32	like	9197	0.18174928426742554	48
dstroke_hum_just_check	just_check_dstroke	final_prompt_token_minus_10	32	like	11955	0.1768205165863037	49
dstroke_hum_just_check	just_check_dstroke	final_prompt_token_minus_10	32	like	8266	0.17636649310588837	50
normal_hum_yes_no	yes_no_normal	final_prompt_token	88	.	2938	1.4788053035736084	1
normal_hum_yes_no	yes_no_normal	final_prompt_token	88	.	18937	0.6363717317581177	2
normal_hum_yes_no	yes_no_normal	final_prompt_token	88	.	28713	0.5642197728157043	3
normal_hum_yes_no	yes_no_normal	final_prompt_token	88	.	7163	0.40632715821266174	4
normal_hum_yes_no	yes_no_normal	final_prompt_token	88	.	1626	0.39703434705734253	5
normal_hum_yes_no	yes_no_normal	final_prompt_token	88	.	6194	0.3624306321144104	6
normal_hum_yes_no	yes_no_normal	final_prompt_token	88	.	18198	0.36060982942581177	7
normal_hum_yes_no	yes_no_normal	final_prompt_token	88	.	16131	0.34429675340652466	8
normal_hum_yes_no	yes_no_normal	final_prompt_token	88	.	21061	0.34313952922821045	9
normal_hum_yes_no	yes_no_normal	final_prompt_token	88	.	15501	0.329831600189209	10
normal_hum_yes_no	yes_no_normal	final_prompt_token	88	.	23977	0.31814083456993103	11
normal_hum_yes_no	yes_no_normal	final_prompt_token	88	.	9728	0.30179786682128906	12
normal_hum_yes_no	yes_no_normal	final_prompt_token	88	.	16661	0.2908335030078888	13
normal_hum_yes_no	yes_no_normal	final_prompt_token	88	.	22078	0.24393893778324127	14
normal_hum_yes_no	yes_no_normal	final_prompt_token	88	.	22800	0.23317578434944153	15
normal_hum_yes_no	yes_no_normal	final_prompt_token	88	.	18403	0.23128366470336914	16
normal_hum_yes_no	yes_no_normal	final_prompt_token	88	.	16825	0.22288218140602112	17
normal_hum_yes_no	yes_no_normal	final_prompt_token	88	.	21417	0.2196037471294403	18
normal_hum_yes_no	yes_no_normal	final_prompt_token	88	.	25351	0.21303294599056244	19
normal_hum_yes_no	yes_no_normal	final_prompt_token	88	.	13935	0.21181082725524902	20
normal_hum_yes_no	yes_no_normal	final_prompt_token	88	.	32698	0.20934787392616272	21
normal_hum_yes_no	yes_no_normal	final_prompt_token	88	.	32744	0.20583674311637878	22
normal_hum_yes_no	yes_no_normal	final_prompt_token	88	.	18224	0.19944758713245392	23
normal_hum_yes_no	yes_no_normal	final_prompt_token	88	.	30033	0.19779253005981445	24
normal_hum_yes_no	yes_no_normal	final_prompt_token	88	.	4795	0.19611401855945587	25
normal_hum_yes_no	yes_no_normal	final_prompt_token	88	.	10253	0.19200745224952698	26
normal_hum_yes_no	yes_no_normal	final_prompt_token	88	.	26154	0.19124945998191833	27
normal_hum_yes_no	yes_no_normal	final_prompt_token	88	.	1579	0.18887093663215637	28
normal_hum_yes_no	yes_no_normal	final_prompt_token	88	.	6429	0.1839325726032257	29
normal_hum_yes_no	yes_no_normal	final_prompt_token	88	.	4232	0.182857945561409	30
normal_hum_yes_no	yes_no_normal	final_prompt_token	88	.	29524	0.18162591755390167	31
normal_hum_yes_no	yes_no_normal	final_prompt_token	88	.	25077	0.17964273691177368	32
normal_hum_yes_no	yes_no_normal	final_prompt_token	88	.	31664	0.17879240214824677	33
normal_hum_yes_no	yes_no_normal	final_prompt_token	88	.	20440	0.1734832227230072	34
normal_hum_yes_no	yes_no_normal	final_prompt_token	88	.	2429	0.17201372981071472	35
normal_hum_yes_no	yes_no_normal	final_prompt_token	88	.	124	0.1691097766160965	36
normal_hum_yes_no	yes_no_normal	final_prompt_token	88	.	16822	0.16774219274520874	37
normal_hum_yes_no	yes_no_normal	final_prompt_token	88	.	31836	0.16616548597812653	38
normal_hum_yes_no	yes_no_normal	final_prompt_token	88	.	16787	0.16594833135604858	39
normal_hum_yes_no	yes_no_normal	final_prompt_token	88	.	15954	0.1652892678976059	40
normal_hum_yes_no	yes_no_normal	final_prompt_token	88	.	19389	0.16358089447021484	41
normal_hum_yes_no	yes_no_normal	final_prompt_token	88	.	21471	0.16336923837661743	42
normal_hum_yes_no	yes_no_normal	final_prompt_token	88	.	18725	0.1614166498184204	43
normal_hum_yes_no	yes_no_normal	final_prompt_token	88	.	23140	0.16109710931777954	44
normal_hum_yes_no	yes_no_normal	final_prompt_token	88	.	15651	0.15745148062705994	45
normal_hum_yes_no	yes_no_normal	final_prompt_token	88	.	1160	0.1513185203075409	46
normal_hum_yes_no	yes_no_normal	final_prompt_token	88	.	23797	0.1510031819343567	47
normal_hum_yes_no	yes_no_normal	final_prompt_token	88	.	10786	0.1473371833562851	48
normal_hum_yes_no	yes_no_normal	final_prompt_token	88	.	3699	0.14722749590873718	49
normal_hum_yes_no	yes_no_normal	final_prompt_token	88	.	20971	0.14710068702697754	50
normal_hum_yes_no	yes_no_normal	final_prompt_token_minus_1	87	no	9728	1.0090595483779907	1
normal_hum_yes_no	yes_no_normal	final_prompt_token_minus_1	87	no	2938	0.9031074047088623	2
normal_hum_yes_no	yes_no_normal	final_prompt_token_minus_1	87	no	22835	0.8138525485992432	3
normal_hum_yes_no	yes_no_normal	final_prompt_token_minus_1	87	no	30903	0.6000020503997803	4
normal_hum_yes_no	yes_no_normal	final_prompt_token_minus_1	87	no	14744	0.5339500308036804	5
normal_hum_yes_no	yes_no_normal	final_prompt_token_minus_1	87	no	26785	0.522367537021637	6
normal_hum_yes_no	yes_no_normal	final_prompt_token_minus_1	87	no	21061	0.4691627621650696	7
normal_hum_yes_no	yes_no_normal	final_prompt_token_minus_1	87	no	16661	0.43026530742645264	8
normal_hum_yes_no	yes_no_normal	final_prompt_token_minus_1	87	no	16822	0.3889460265636444	9
normal_hum_yes_no	yes_no_normal	final_prompt_token_minus_1	87	no	124	0.3134468197822571	10
normal_hum_yes_no	yes_no_normal	final_prompt_token_minus_1	87	no	22078	0.3113778233528137	11
normal_hum_yes_no	yes_no_normal	final_prompt_token_minus_1	87	no	14845	0.30832165479660034	12
normal_hum_yes_no	yes_no_normal	final_prompt_token_minus_1	87	no	16207	0.270419180393219	13
normal_hum_yes_no	yes_no_normal	final_prompt_token_minus_1	87	no	18198	0.26886194944381714	14
normal_hum_yes_no	yes_no_normal	final_prompt_token_minus_1	87	no	18763	0.25954878330230713	15
normal_hum_yes_no	yes_no_normal	final_prompt_token_minus_1	87	no	26407	0.25343334674835205	16
normal_hum_yes_no	yes_no_normal	final_prompt_token_minus_1	87	no	26803	0.24399559199810028	17
normal_hum_yes_no	yes_no_normal	final_prompt_token_minus_1	87	no	10265	0.24121946096420288	18
normal_hum_yes_no	yes_no_normal	final_prompt_token_minus_1	87	no	31836	0.23656168580055237	19
normal_hum_yes_no	yes_no_normal	final_prompt_token_minus_1	87	no	26136	0.21515285968780518	20
normal_hum_yes_no	yes_no_normal	final_prompt_token_minus_1	87	no	1959	0.21459659934043884	21
normal_hum_yes_no	yes_no_normal	final_prompt_token_minus_1	87	no	31500	0.21381983160972595	22
normal_hum_yes_no	yes_no_normal	final_prompt_token_minus_1	87	no	20303	0.21369318664073944	23
normal_hum_yes_no	yes_no_normal	final_prompt_token_minus_1	87	no	28443	0.2132006287574768	24
normal_hum_yes_no	yes_no_normal	final_prompt_token_minus_1	87	no	31489	0.21029354631900787	25
normal_hum_yes_no	yes_no_normal	final_prompt_token_minus_1	87	no	19335	0.21012718975543976	26
normal_hum_yes_no	yes_no_normal	final_prompt_token_minus_1	87	no	8813	0.20916788280010223	27
normal_hum_yes_no	yes_no_normal	final_prompt_token_minus_1	87	no	22367	0.2081432044506073	28
normal_hum_yes_no	yes_no_normal	final_prompt_token_minus_1	87	no	5417	0.2068818211555481	29
normal_hum_yes_no	yes_no_normal	final_prompt_token_minus_1	87	no	1631	0.19846254587173462	30
normal_hum_yes_no	yes_no_normal	final_prompt_token_minus_1	87	no	19934	0.19622129201889038	31
normal_hum_yes_no	yes_no_normal	final_prompt_token_minus_1	87	no	6069	0.19554132223129272	32
normal_hum_yes_no	yes_no_normal	final_prompt_token_minus_1	87	no	9563	0.19282019138336182	33
normal_hum_yes_no	yes_no_normal	final_prompt_token_minus_1	87	no	26548	0.18611356616020203	34
normal_hum_yes_no	yes_no_normal	final_prompt_token_minus_1	87	no	32698	0.18209892511367798	35
normal_hum_yes_no	yes_no_normal	final_prompt_token_minus_1	87	no	19469	0.18002837896347046	36
normal_hum_yes_no	yes_no_normal	final_prompt_token_minus_1	87	no	24940	0.17607256770133972	37
normal_hum_yes_no	yes_no_normal	final_prompt_token_minus_1	87	no	23797	0.17603740096092224	38
normal_hum_yes_no	yes_no_normal	final_prompt_token_minus_1	87	no	14126	0.17424583435058594	39
normal_hum_yes_no	yes_no_normal	final_prompt_token_minus_1	87	no	5435	0.16962501406669617	40
normal_hum_yes_no	yes_no_normal	final_prompt_token_minus_1	87	no	1844	0.16865414381027222	41
normal_hum_yes_no	yes_no_normal	final_prompt_token_minus_1	87	no	605	0.16779333353042603	42
normal_hum_yes_no	yes_no_normal	final_prompt_token_minus_1	87	no	2429	0.1676882803440094	43
normal_hum_yes_no	yes_no_normal	final_prompt_token_minus_1	87	no	27690	0.1656859815120697	44
normal_hum_yes_no	yes_no_normal	final_prompt_token_minus_1	87	no	3361	0.16459402441978455	45
normal_hum_yes_no	yes_no_normal	final_prompt_token_minus_1	87	no	892	0.16409114003181458	46
normal_hum_yes_no	yes_no_normal	final_prompt_token_minus_1	87	no	17017	0.16334764659404755	47
normal_hum_yes_no	yes_no_normal	final_prompt_token_minus_1	87	no	1744	0.16292324662208557	48
normal_hum_yes_no	yes_no_normal	final_prompt_token_minus_1	87	no	15272	0.16167300939559937	49
normal_hum_yes_no	yes_no_normal	final_prompt_token_minus_1	87	no	19389	0.16008365154266357	50
normal_hum_yes_no	yes_no_normal	final_prompt_token_minus_2	86	or	9728	0.8249512314796448	1
normal_hum_yes_no	yes_no_normal	final_prompt_token_minus_2	86	or	29627	0.6710741519927979	2
normal_hum_yes_no	yes_no_normal	final_prompt_token_minus_2	86	or	2938	0.6378316879272461	3
normal_hum_yes_no	yes_no_normal	final_prompt_token_minus_2	86	or	19271	0.5712335705757141	4
normal_hum_yes_no	yes_no_normal	final_prompt_token_minus_2	86	or	343	0.5262471437454224	5
normal_hum_yes_no	yes_no_normal	final_prompt_token_minus_2	86	or	6261	0.45486581325531006	6
normal_hum_yes_no	yes_no_normal	final_prompt_token_minus_2	86	or	7625	0.44473737478256226	7
normal_hum_yes_no	yes_no_normal	final_prompt_token_minus_2	86	or	16661	0.44409286975860596	8
normal_hum_yes_no	yes_no_normal	final_prompt_token_minus_2	86	or	21417	0.40289023518562317	9
normal_hum_yes_no	yes_no_normal	final_prompt_token_minus_2	86	or	21061	0.3662286102771759	10
normal_hum_yes_no	yes_no_normal	final_prompt_token_minus_2	86	or	30903	0.33084091544151306	11
normal_hum_yes_no	yes_no_normal	final_prompt_token_minus_2	86	or	18198	0.33029085397720337	12
normal_hum_yes_no	yes_no_normal	final_prompt_token_minus_2	86	or	124	0.32077422738075256	13
normal_hum_yes_no	yes_no_normal	final_prompt_token_minus_2	86	or	15501	0.31112173199653625	14
normal_hum_yes_no	yes_no_normal	final_prompt_token_minus_2	86	or	11256	0.29486170411109924	15
normal_hum_yes_no	yes_no_normal	final_prompt_token_minus_2	86	or	22078	0.28721845149993896	16
normal_hum_yes_no	yes_no_normal	final_prompt_token_minus_2	86	or	5417	0.2843203842639923	17
normal_hum_yes_no	yes_no_normal	final_prompt_token_minus_2	86	or	1631	0.2734326720237732	18
normal_hum_yes_no	yes_no_normal	final_prompt_token_minus_2	86	or	29890	0.2709580063819885	19
normal_hum_yes_no	yes_no_normal	final_prompt_token_minus_2	86	or	32698	0.25729939341545105	20
normal_hum_yes_no	yes_no_normal	final_prompt_token_minus_2	86	or	24803	0.2551012635231018	21
normal_hum_yes_no	yes_no_normal	final_prompt_token_minus_2	86	or	26803	0.23429766297340393	22
normal_hum_yes_no	yes_no_normal	final_prompt_token_minus_2	86	or	16787	0.22769194841384888	23
normal_hum_yes_no	yes_no_normal	final_prompt_token_minus_2	86	or	14847	0.22649379074573517	24
normal_hum_yes_no	yes_no_normal	final_prompt_token_minus_2	86	or	27690	0.2245928794145584	25
normal_hum_yes_no	yes_no_normal	final_prompt_token_minus_2	86	or	6639	0.22291602194309235	26
normal_hum_yes_no	yes_no_normal	final_prompt_token_minus_2	86	or	28830	0.21944041550159454	27
normal_hum_yes_no	yes_no_normal	final_prompt_token_minus_2	86	or	16822	0.21612466871738434	28
normal_hum_yes_no	yes_no_normal	final_prompt_token_minus_2	86	or	10636	0.21498599648475647	29
normal_hum_yes_no	yes_no_normal	final_prompt_token_minus_2	86	or	13815	0.21098344027996063	30
normal_hum_yes_no	yes_no_normal	final_prompt_token_minus_2	86	or	29329	0.20964181423187256	31
normal_hum_yes_no	yes_no_normal	final_prompt_token_minus_2	86	or	10265	0.20795713365077972	32
normal_hum_yes_no	yes_no_normal	final_prompt_token_minus_2	86	or	23797	0.1975768804550171	33
normal_hum_yes_no	yes_no_normal	final_prompt_token_minus_2	86	or	16785	0.19184795022010803	34
normal_hum_yes_no	yes_no_normal	final_prompt_token_minus_2	86	or	1984	0.18940988183021545	35
normal_hum_yes_no	yes_no_normal	final_prompt_token_minus_2	86	or	23583	0.1863074004650116	36
normal_hum_yes_no	yes_no_normal	final_prompt_token_minus_2	86	or	30225	0.18619024753570557	37
normal_hum_yes_no	yes_no_normal	final_prompt_token_minus_2	86	or	27324	0.1820864975452423	38
normal_hum_yes_no	yes_no_normal	final_prompt_token_minus_2	86	or	10927	0.1805044710636139	39
normal_hum_yes_no	yes_no_normal	final_prompt_token_minus_2	86	or	3471	0.1795741319656372	40
normal_hum_yes_no	yes_no_normal	final_prompt_token_minus_2	86	or	19335	0.17725937068462372	41
normal_hum_yes_no	yes_no_normal	final_prompt_token_minus_2	86	or	2429	0.17188553512096405	42
normal_hum_yes_no	yes_no_normal	final_prompt_token_minus_2	86	or	1160	0.1687077134847641	43
normal_hum_yes_no	yes_no_normal	final_prompt_token_minus_2	86	or	5091	0.16171905398368835	44
normal_hum_yes_no	yes_no_normal	final_prompt_token_minus_2	86	or	30620	0.15985141694545746	45
normal_hum_yes_no	yes_no_normal	final_prompt_token_minus_2	86	or	30867	0.15690740942955017	46
normal_hum_yes_no	yes_no_normal	final_prompt_token_minus_2	86	or	4456	0.15624623000621796	47
normal_hum_yes_no	yes_no_normal	final_prompt_token_minus_2	86	or	17983	0.15599055588245392	48
normal_hum_yes_no	yes_no_normal	final_prompt_token_minus_2	86	or	18224	0.15566784143447876	49
normal_hum_yes_no	yes_no_normal	final_prompt_token_minus_2	86	or	26370	0.15224090218544006	50
normal_hum_yes_no	yes_no_normal	final_prompt_token_minus_5	83	?	2938	1.5473425388336182	1
normal_hum_yes_no	yes_no_normal	final_prompt_token_minus_5	83	?	14858	0.6991829872131348	2
normal_hum_yes_no	yes_no_normal	final_prompt_token_minus_5	83	?	17679	0.4916169345378876	3
normal_hum_yes_no	yes_no_normal	final_prompt_token_minus_5	83	?	28713	0.4735221862792969	4
normal_hum_yes_no	yes_no_normal	final_prompt_token_minus_5	83	?	23977	0.4663303792476654	5
normal_hum_yes_no	yes_no_normal	final_prompt_token_minus_5	83	?	6194	0.425138920545578	6
normal_hum_yes_no	yes_no_normal	final_prompt_token_minus_5	83	?	26407	0.4248383045196533	7
normal_hum_yes_no	yes_no_normal	final_prompt_token_minus_5	83	?	13935	0.3324388861656189	8
normal_hum_yes_no	yes_no_normal	final_prompt_token_minus_5	83	?	27364	0.3299251198768616	9
normal_hum_yes_no	yes_no_normal	final_prompt_token_minus_5	83	?	31908	0.32948821783065796	10
normal_hum_yes_no	yes_no_normal	final_prompt_token_minus_5	83	?	16661	0.3186073899269104	11
normal_hum_yes_no	yes_no_normal	final_prompt_token_minus_5	83	?	18454	0.299037367105484	12
normal_hum_yes_no	yes_no_normal	final_prompt_token_minus_5	83	?	32307	0.2983766496181488	13
normal_hum_yes_no	yes_no_normal	final_prompt_token_minus_5	83	?	1626	0.2840425968170166	14
normal_hum_yes_no	yes_no_normal	final_prompt_token_minus_5	83	?	19389	0.28088024258613586	15
normal_hum_yes_no	yes_no_normal	final_prompt_token_minus_5	83	?	19170	0.2801078259944916	16
normal_hum_yes_no	yes_no_normal	final_prompt_token_minus_5	83	?	31160	0.2725479304790497	17
normal_hum_yes_no	yes_no_normal	final_prompt_token_minus_5	83	?	30911	0.26509711146354675	18
normal_hum_yes_no	yes_no_normal	final_prompt_token_minus_5	83	?	10427	0.2625325620174408	19
normal_hum_yes_no	yes_no_normal	final_prompt_token_minus_5	83	?	2959	0.2586979568004608	20
normal_hum_yes_no	yes_no_normal	final_prompt_token_minus_5	83	?	18847	0.2580410838127136	21
normal_hum_yes_no	yes_no_normal	final_prompt_token_minus_5	83	?	28696	0.25386714935302734	22
normal_hum_yes_no	yes_no_normal	final_prompt_token_minus_5	83	?	16131	0.2451695054769516	23
normal_hum_yes_no	yes_no_normal	final_prompt_token_minus_5	83	?	15954	0.2438218742609024	24
normal_hum_yes_no	yes_no_normal	final_prompt_token_minus_5	83	?	18937	0.24348944425582886	25
normal_hum_yes_no	yes_no_normal	final_prompt_token_minus_5	83	?	18198	0.21528995037078857	26
normal_hum_yes_no	yes_no_normal	final_prompt_token_minus_5	83	?	27281	0.21496005356311798	27
normal_hum_yes_no	yes_no_normal	final_prompt_token_minus_5	83	?	8928	0.21232259273529053	28
normal_hum_yes_no	yes_no_normal	final_prompt_token_minus_5	83	?	22800	0.20996308326721191	29
normal_hum_yes_no	yes_no_normal	final_prompt_token_minus_5	83	?	13137	0.2054467499256134	30
normal_hum_yes_no	yes_no_normal	final_prompt_token_minus_5	83	?	19335	0.1994619518518448	31
normal_hum_yes_no	yes_no_normal	final_prompt_token_minus_5	83	?	19681	0.19894897937774658	32
normal_hum_yes_no	yes_no_normal	final_prompt_token_minus_5	83	?	17394	0.19735175371170044	33
normal_hum_yes_no	yes_no_normal	final_prompt_token_minus_5	83	?	6593	0.19706404209136963	34
normal_hum_yes_no	yes_no_normal	final_prompt_token_minus_5	83	?	2977	0.19616912305355072	35
normal_hum_yes_no	yes_no_normal	final_prompt_token_minus_5	83	?	29329	0.1812322735786438	36
normal_hum_yes_no	yes_no_normal	final_prompt_token_minus_5	83	?	4494	0.18086594343185425	37
normal_hum_yes_no	yes_no_normal	final_prompt_token_minus_5	83	?	25601	0.17487873136997223	38
normal_hum_yes_no	yes_no_normal	final_prompt_token_minus_5	83	?	10786	0.174088716506958	39
normal_hum_yes_no	yes_no_normal	final_prompt_token_minus_5	83	?	11456	0.1728816032409668	40
normal_hum_yes_no	yes_no_normal	final_prompt_token_minus_5	83	?	18403	0.1719081997871399	41
normal_hum_yes_no	yes_no_normal	final_prompt_token_minus_5	83	?	26684	0.17179478704929352	42
normal_hum_yes_no	yes_no_normal	final_prompt_token_minus_5	83	?	31836	0.17022466659545898	43
normal_hum_yes_no	yes_no_normal	final_prompt_token_minus_5	83	?	2566	0.16949395835399628	44
normal_hum_yes_no	yes_no_normal	final_prompt_token_minus_5	83	?	0	0.16914623975753784	45
normal_hum_yes_no	yes_no_normal	final_prompt_token_minus_5	83	?	21539	0.16760925948619843	46
normal_hum_yes_no	yes_no_normal	final_prompt_token_minus_5	83	?	29524	0.16401270031929016	47
normal_hum_yes_no	yes_no_normal	final_prompt_token_minus_5	83	?	22786	0.16339604556560516	48
normal_hum_yes_no	yes_no_normal	final_prompt_token_minus_5	83	?	12596	0.16297990083694458	49
normal_hum_yes_no	yes_no_normal	final_prompt_token_minus_5	83	?	8619	0.1622105836868286	50
normal_hum_yes_no	yes_no_normal	final_prompt_token_minus_10	78	in	25520	1.1458947658538818	1
normal_hum_yes_no	yes_no_normal	final_prompt_token_minus_10	78	in	2938	0.9601094722747803	2
normal_hum_yes_no	yes_no_normal	final_prompt_token_minus_10	78	in	30177	0.4596933424472809	3
normal_hum_yes_no	yes_no_normal	final_prompt_token_minus_10	78	in	19681	0.4371393918991089	4
normal_hum_yes_no	yes_no_normal	final_prompt_token_minus_10	78	in	5421	0.413607120513916	5
normal_hum_yes_no	yes_no_normal	final_prompt_token_minus_10	78	in	6653	0.4092280864715576	6
normal_hum_yes_no	yes_no_normal	final_prompt_token_minus_10	78	in	12805	0.3527151942253113	7
normal_hum_yes_no	yes_no_normal	final_prompt_token_minus_10	78	in	19668	0.34879404306411743	8
normal_hum_yes_no	yes_no_normal	final_prompt_token_minus_10	78	in	16661	0.34235960245132446	9
normal_hum_yes_no	yes_no_normal	final_prompt_token_minus_10	78	in	4828	0.33795374631881714	10
normal_hum_yes_no	yes_no_normal	final_prompt_token_minus_10	78	in	22212	0.324321985244751	11
normal_hum_yes_no	yes_no_normal	final_prompt_token_minus_10	78	in	771	0.31949859857559204	12
normal_hum_yes_no	yes_no_normal	final_prompt_token_minus_10	78	in	1930	0.3143288195133209	13
normal_hum_yes_no	yes_no_normal	final_prompt_token_minus_10	78	in	31836	0.3007200360298157	14
normal_hum_yes_no	yes_no_normal	final_prompt_token_minus_10	78	in	15539	0.28765931725502014	15
normal_hum_yes_no	yes_no_normal	final_prompt_token_minus_10	78	in	23447	0.2828325927257538	16
normal_hum_yes_no	yes_no_normal	final_prompt_token_minus_10	78	in	6736	0.2791772186756134	17
normal_hum_yes_no	yes_no_normal	final_prompt_token_minus_10	78	in	17299	0.2773890495300293	18
normal_hum_yes_no	yes_no_normal	final_prompt_token_minus_10	78	in	11577	0.2762334942817688	19
normal_hum_yes_no	yes_no_normal	final_prompt_token_minus_10	78	in	17623	0.27219337224960327	20
normal_hum_yes_no	yes_no_normal	final_prompt_token_minus_10	78	in	26684	0.27203673124313354	21
normal_hum_yes_no	yes_no_normal	final_prompt_token_minus_10	78	in	5463	0.27126893401145935	22
normal_hum_yes_no	yes_no_normal	final_prompt_token_minus_10	78	in	5275	0.26501500606536865	23
normal_hum_yes_no	yes_no_normal	final_prompt_token_minus_10	78	in	3050	0.2492208331823349	24
normal_hum_yes_no	yes_no_normal	final_prompt_token_minus_10	78	in	17484	0.24570046365261078	25
normal_hum_yes_no	yes_no_normal	final_prompt_token_minus_10	78	in	16638	0.2425178587436676	26
normal_hum_yes_no	yes_no_normal	final_prompt_token_minus_10	78	in	9399	0.24101170897483826	27
normal_hum_yes_no	yes_no_normal	final_prompt_token_minus_10	78	in	21539	0.24094435572624207	28
normal_hum_yes_no	yes_no_normal	final_prompt_token_minus_10	78	in	8583	0.234900563955307	29
normal_hum_yes_no	yes_no_normal	final_prompt_token_minus_10	78	in	24589	0.23156654834747314	30
normal_hum_yes_no	yes_no_normal	final_prompt_token_minus_10	78	in	15742	0.2280677855014801	31
normal_hum_yes_no	yes_no_normal	final_prompt_token_minus_10	78	in	32002	0.2245427966117859	32
normal_hum_yes_no	yes_no_normal	final_prompt_token_minus_10	78	in	23582	0.22242069244384766	33
normal_hum_yes_no	yes_no_normal	final_prompt_token_minus_10	78	in	9236	0.2219328135251999	34
normal_hum_yes_no	yes_no_normal	final_prompt_token_minus_10	78	in	12806	0.21732668578624725	35
normal_hum_yes_no	yes_no_normal	final_prompt_token_minus_10	78	in	2468	0.21478576958179474	36
normal_hum_yes_no	yes_no_normal	final_prompt_token_minus_10	78	in	18562	0.21402746438980103	37
normal_hum_yes_no	yes_no_normal	final_prompt_token_minus_10	78	in	979	0.21286071836948395	38
normal_hum_yes_no	yes_no_normal	final_prompt_token_minus_10	78	in	8569	0.2094718962907791	39
normal_hum_yes_no	yes_no_normal	final_prompt_token_minus_10	78	in	5417	0.19331616163253784	40
normal_hum_yes_no	yes_no_normal	final_prompt_token_minus_10	78	in	26723	0.18990248441696167	41
normal_hum_yes_no	yes_no_normal	final_prompt_token_minus_10	78	in	16422	0.18203842639923096	42
normal_hum_yes_no	yes_no_normal	final_prompt_token_minus_10	78	in	9068	0.1770816594362259	43
normal_hum_yes_no	yes_no_normal	final_prompt_token_minus_10	78	in	26407	0.1766977608203888	44
normal_hum_yes_no	yes_no_normal	final_prompt_token_minus_10	78	in	2256	0.17645540833473206	45
normal_hum_yes_no	yes_no_normal	final_prompt_token_minus_10	78	in	19389	0.175327867269516	46
normal_hum_yes_no	yes_no_normal	final_prompt_token_minus_10	78	in	21063	0.1731318235397339	47
normal_hum_yes_no	yes_no_normal	final_prompt_token_minus_10	78	in	19323	0.17294591665267944	48
normal_hum_yes_no	yes_no_normal	final_prompt_token_minus_10	78	in	704	0.1706531047821045	49
normal_hum_yes_no	yes_no_normal	final_prompt_token_minus_10	78	in	25951	0.17047357559204102	50
dstroke_hum_yes_no	yes_no_dstroke	final_prompt_token	119	.	2938	1.2380039691925049	1
dstroke_hum_yes_no	yes_no_dstroke	final_prompt_token	119	.	18937	0.6302682161331177	2
dstroke_hum_yes_no	yes_no_dstroke	final_prompt_token	119	.	28713	0.5197433233261108	3
dstroke_hum_yes_no	yes_no_dstroke	final_prompt_token	119	.	7163	0.4230025112628937	4
dstroke_hum_yes_no	yes_no_dstroke	final_prompt_token	119	.	16131	0.4048333764076233	5
dstroke_hum_yes_no	yes_no_dstroke	final_prompt_token	119	.	6194	0.37815335392951965	6
dstroke_hum_yes_no	yes_no_dstroke	final_prompt_token	119	.	16661	0.3575759828090668	7
dstroke_hum_yes_no	yes_no_dstroke	final_prompt_token	119	.	18198	0.3390920162200928	8
dstroke_hum_yes_no	yes_no_dstroke	final_prompt_token	119	.	21061	0.32145291566848755	9
dstroke_hum_yes_no	yes_no_dstroke	final_prompt_token	119	.	1626	0.3156064748764038	10
dstroke_hum_yes_no	yes_no_dstroke	final_prompt_token	119	.	23977	0.312948614358902	11
dstroke_hum_yes_no	yes_no_dstroke	final_prompt_token	119	.	9728	0.3066273629665375	12
dstroke_hum_yes_no	yes_no_dstroke	final_prompt_token	119	.	15501	0.2876988649368286	13
dstroke_hum_yes_no	yes_no_dstroke	final_prompt_token	119	.	18403	0.2631618082523346	14
dstroke_hum_yes_no	yes_no_dstroke	final_prompt_token	119	.	22078	0.2536558508872986	15
dstroke_hum_yes_no	yes_no_dstroke	final_prompt_token	119	.	16825	0.23199370503425598	16
dstroke_hum_yes_no	yes_no_dstroke	final_prompt_token	119	.	25351	0.22015444934368134	17
dstroke_hum_yes_no	yes_no_dstroke	final_prompt_token	119	.	32698	0.21419593691825867	18
dstroke_hum_yes_no	yes_no_dstroke	final_prompt_token	119	.	4232	0.21338674426078796	19
dstroke_hum_yes_no	yes_no_dstroke	final_prompt_token	119	.	30033	0.21229438483715057	20
dstroke_hum_yes_no	yes_no_dstroke	final_prompt_token	119	.	22800	0.20973801612854004	21
dstroke_hum_yes_no	yes_no_dstroke	final_prompt_token	119	.	20440	0.20425918698310852	22
dstroke_hum_yes_no	yes_no_dstroke	final_prompt_token	119	.	21417	0.20223313570022583	23
dstroke_hum_yes_no	yes_no_dstroke	final_prompt_token	119	.	18224	0.19581001996994019	24
dstroke_hum_yes_no	yes_no_dstroke	final_prompt_token	119	.	13935	0.1955917775630951	25
dstroke_hum_yes_no	yes_no_dstroke	final_prompt_token	119	.	1579	0.19136980175971985	26
dstroke_hum_yes_no	yes_no_dstroke	final_prompt_token	119	.	16787	0.1879330575466156	27
dstroke_hum_yes_no	yes_no_dstroke	final_prompt_token	119	.	30722	0.18644654750823975	28
dstroke_hum_yes_no	yes_no_dstroke	final_prompt_token	119	.	2429	0.18261338770389557	29
dstroke_hum_yes_no	yes_no_dstroke	final_prompt_token	119	.	32744	0.1801503598690033	30
dstroke_hum_yes_no	yes_no_dstroke	final_prompt_token	119	.	31664	0.17960721254348755	31
dstroke_hum_yes_no	yes_no_dstroke	final_prompt_token	119	.	124	0.17871490120887756	32
dstroke_hum_yes_no	yes_no_dstroke	final_prompt_token	119	.	15651	0.17611585557460785	33
dstroke_hum_yes_no	yes_no_dstroke	final_prompt_token	119	.	26154	0.17523333430290222	34
dstroke_hum_yes_no	yes_no_dstroke	final_prompt_token	119	.	19752	0.17306135594844818	35
dstroke_hum_yes_no	yes_no_dstroke	final_prompt_token	119	.	23140	0.17087195813655853	36
dstroke_hum_yes_no	yes_no_dstroke	final_prompt_token	119	.	14727	0.166596457362175	37
dstroke_hum_yes_no	yes_no_dstroke	final_prompt_token	119	.	3699	0.1664770543575287	38
dstroke_hum_yes_no	yes_no_dstroke	final_prompt_token	119	.	1160	0.16530364751815796	39
dstroke_hum_yes_no	yes_no_dstroke	final_prompt_token	119	.	30911	0.16339802742004395	40
dstroke_hum_yes_no	yes_no_dstroke	final_prompt_token	119	.	15076	0.16221816837787628	41
dstroke_hum_yes_no	yes_no_dstroke	final_prompt_token	119	.	4795	0.16126544773578644	42
dstroke_hum_yes_no	yes_no_dstroke	final_prompt_token	119	.	14244	0.16041629016399384	43
dstroke_hum_yes_no	yes_no_dstroke	final_prompt_token	119	.	18805	0.16038133203983307	44
dstroke_hum_yes_no	yes_no_dstroke	final_prompt_token	119	.	6429	0.16019612550735474	45
dstroke_hum_yes_no	yes_no_dstroke	final_prompt_token	119	.	7133	0.15473316609859467	46
dstroke_hum_yes_no	yes_no_dstroke	final_prompt_token	119	.	30225	0.15162299573421478	47
dstroke_hum_yes_no	yes_no_dstroke	final_prompt_token	119	.	10253	0.14830322563648224	48
dstroke_hum_yes_no	yes_no_dstroke	final_prompt_token	119	.	19726	0.14640174806118011	49
dstroke_hum_yes_no	yes_no_dstroke	final_prompt_token	119	.	18725	0.14334750175476074	50
dstroke_hum_yes_no	yes_no_dstroke	final_prompt_token_minus_1	118	no	9728	1.0124913454055786	1
dstroke_hum_yes_no	yes_no_dstroke	final_prompt_token_minus_1	118	no	22835	0.8702157735824585	2
dstroke_hum_yes_no	yes_no_dstroke	final_prompt_token_minus_1	118	no	30903	0.6705204248428345	3
dstroke_hum_yes_no	yes_no_dstroke	final_prompt_token_minus_1	118	no	26785	0.5652605295181274	4
dstroke_hum_yes_no	yes_no_dstroke	final_prompt_token_minus_1	118	no	14744	0.5531107783317566	5
dstroke_hum_yes_no	yes_no_dstroke	final_prompt_token_minus_1	118	no	2938	0.5408849716186523	6
dstroke_hum_yes_no	yes_no_dstroke	final_prompt_token_minus_1	118	no	16661	0.45066869258880615	7
dstroke_hum_yes_no	yes_no_dstroke	final_prompt_token_minus_1	118	no	21061	0.4441712498664856	8
dstroke_hum_yes_no	yes_no_dstroke	final_prompt_token_minus_1	118	no	16822	0.39197012782096863	9
dstroke_hum_yes_no	yes_no_dstroke	final_prompt_token_minus_1	118	no	18763	0.3274794816970825	10
dstroke_hum_yes_no	yes_no_dstroke	final_prompt_token_minus_1	118	no	124	0.3062639534473419	11
dstroke_hum_yes_no	yes_no_dstroke	final_prompt_token_minus_1	118	no	16207	0.29659968614578247	12
dstroke_hum_yes_no	yes_no_dstroke	final_prompt_token_minus_1	118	no	22078	0.27754849195480347	13
dstroke_hum_yes_no	yes_no_dstroke	final_prompt_token_minus_1	118	no	14845	0.27538466453552246	14
dstroke_hum_yes_no	yes_no_dstroke	final_prompt_token_minus_1	118	no	31500	0.2568567097187042	15
dstroke_hum_yes_no	yes_no_dstroke	final_prompt_token_minus_1	118	no	1959	0.2549739181995392	16
dstroke_hum_yes_no	yes_no_dstroke	final_prompt_token_minus_1	118	no	1631	0.2528887391090393	17
dstroke_hum_yes_no	yes_no_dstroke	final_prompt_token_minus_1	118	no	26803	0.24523435533046722	18
dstroke_hum_yes_no	yes_no_dstroke	final_prompt_token_minus_1	118	no	10265	0.2415781170129776	19
dstroke_hum_yes_no	yes_no_dstroke	final_prompt_token_minus_1	118	no	26407	0.2414321005344391	20
dstroke_hum_yes_no	yes_no_dstroke	final_prompt_token_minus_1	118	no	19469	0.23662209510803223	21
dstroke_hum_yes_no	yes_no_dstroke	final_prompt_token_minus_1	118	no	31489	0.23650915920734406	22
dstroke_hum_yes_no	yes_no_dstroke	final_prompt_token_minus_1	118	no	20303	0.23116694390773773	23
dstroke_hum_yes_no	yes_no_dstroke	final_prompt_token_minus_1	118	no	22367	0.22528892755508423	24
dstroke_hum_yes_no	yes_no_dstroke	final_prompt_token_minus_1	118	no	24940	0.21592217683792114	25
dstroke_hum_yes_no	yes_no_dstroke	final_prompt_token_minus_1	118	no	26136	0.21588507294654846	26
dstroke_hum_yes_no	yes_no_dstroke	final_prompt_token_minus_1	118	no	18198	0.21411541104316711	27
dstroke_hum_yes_no	yes_no_dstroke	final_prompt_token_minus_1	118	no	1844	0.21131005883216858	28
dstroke_hum_yes_no	yes_no_dstroke	final_prompt_token_minus_1	118	no	31836	0.20497065782546997	29
dstroke_hum_yes_no	yes_no_dstroke	final_prompt_token_minus_1	118	no	28443	0.20050117373466492	30
dstroke_hum_yes_no	yes_no_dstroke	final_prompt_token_minus_1	118	no	19934	0.19905295968055725	31
dstroke_hum_yes_no	yes_no_dstroke	final_prompt_token_minus_1	118	no	14126	0.1986871063709259	32
dstroke_hum_yes_no	yes_no_dstroke	final_prompt_token_minus_1	118	no	6069	0.19833990931510925	33
dstroke_hum_yes_no	yes_no_dstroke	final_prompt_token_minus_1	118	no	12248	0.195365309715271	34
dstroke_hum_yes_no	yes_no_dstroke	final_prompt_token_minus_1	118	no	5417	0.1931104063987732	35
dstroke_hum_yes_no	yes_no_dstroke	final_prompt_token_minus_1	118	no	32698	0.190655916929245	36
dstroke_hum_yes_no	yes_no_dstroke	final_prompt_token_minus_1	118	no	892	0.18755000829696655	37
dstroke_hum_yes_no	yes_no_dstroke	final_prompt_token_minus_1	118	no	26998	0.18594428896903992	38
dstroke_hum_yes_no	yes_no_dstroke	final_prompt_token_minus_1	118	no	8813	0.18453212082386017	39
dstroke_hum_yes_no	yes_no_dstroke	final_prompt_token_minus_1	118	no	23797	0.18407154083251953	40
dstroke_hum_yes_no	yes_no_dstroke	final_prompt_token_minus_1	118	no	9563	0.18203604221343994	41
dstroke_hum_yes_no	yes_no_dstroke	final_prompt_token_minus_1	118	no	26548	0.17983201146125793	42
dstroke_hum_yes_no	yes_no_dstroke	final_prompt_token_minus_1	118	no	19335	0.1774919331073761	43
dstroke_hum_yes_no	yes_no_dstroke	final_prompt_token_minus_1	118	no	15272	0.17582911252975464	44
dstroke_hum_yes_no	yes_no_dstroke	final_prompt_token_minus_1	118	no	2429	0.1750730574131012	45
dstroke_hum_yes_no	yes_no_dstroke	final_prompt_token_minus_1	118	no	27690	0.17228150367736816	46
dstroke_hum_yes_no	yes_no_dstroke	final_prompt_token_minus_1	118	no	3361	0.17121872305870056	47
dstroke_hum_yes_no	yes_no_dstroke	final_prompt_token_minus_1	118	no	4232	0.16773925721645355	48
dstroke_hum_yes_no	yes_no_dstroke	final_prompt_token_minus_1	118	no	23545	0.16682791709899902	49
dstroke_hum_yes_no	yes_no_dstroke	final_prompt_token_minus_1	118	no	1744	0.1623990833759308	50
dstroke_hum_yes_no	yes_no_dstroke	final_prompt_token_minus_2	117	or	9728	0.8378435373306274	1
dstroke_hum_yes_no	yes_no_dstroke	final_prompt_token_minus_2	117	or	29627	0.6647883653640747	2
dstroke_hum_yes_no	yes_no_dstroke	final_prompt_token_minus_2	117	or	19271	0.5893105268478394	3
dstroke_hum_yes_no	yes_no_dstroke	final_prompt_token_minus_2	117	or	16661	0.5893100500106812	4
dstroke_hum_yes_no	yes_no_dstroke	final_prompt_token_minus_2	117	or	343	0.576767086982727	5
dstroke_hum_yes_no	yes_no_dstroke	final_prompt_token_minus_2	117	or	6261	0.4564250707626343	6
dstroke_hum_yes_no	yes_no_dstroke	final_prompt_token_minus_2	117	or	7625	0.43352651596069336	7
dstroke_hum_yes_no	yes_no_dstroke	final_prompt_token_minus_2	117	or	2938	0.4222140312194824	8
dstroke_hum_yes_no	yes_no_dstroke	final_prompt_token_minus_2	117	or	21417	0.40291672945022583	9
dstroke_hum_yes_no	yes_no_dstroke	final_prompt_token_minus_2	117	or	30903	0.3790637254714966	10
dstroke_hum_yes_no	yes_no_dstroke	final_prompt_token_minus_2	117	or	18198	0.36778324842453003	11
dstroke_hum_yes_no	yes_no_dstroke	final_prompt_token_minus_2	117	or	15501	0.34518685936927795	12
dstroke_hum_yes_no	yes_no_dstroke	final_prompt_token_minus_2	117	or	11256	0.31906604766845703	13
dstroke_hum_yes_no	yes_no_dstroke	final_prompt_token_minus_2	117	or	21061	0.3090948164463043	14
dstroke_hum_yes_no	yes_no_dstroke	final_prompt_token_minus_2	117	or	124	0.30789247155189514	15
dstroke_hum_yes_no	yes_no_dstroke	final_prompt_token_minus_2	117	or	29890	0.2983204126358032	16
dstroke_hum_yes_no	yes_no_dstroke	final_prompt_token_minus_2	117	or	1631	0.291703999042511	17
dstroke_hum_yes_no	yes_no_dstroke	final_prompt_token_minus_2	117	or	22078	0.27137482166290283	18
dstroke_hum_yes_no	yes_no_dstroke	final_prompt_token_minus_2	117	or	5417	0.26169443130493164	19
dstroke_hum_yes_no	yes_no_dstroke	final_prompt_token_minus_2	117	or	10636	0.25329914689064026	20
dstroke_hum_yes_no	yes_no_dstroke	final_prompt_token_minus_2	117	or	26370	0.24866001307964325	21
dstroke_hum_yes_no	yes_no_dstroke	final_prompt_token_minus_2	117	or	24803	0.24391165375709534	22
dstroke_hum_yes_no	yes_no_dstroke	final_prompt_token_minus_2	117	or	27690	0.24384965002536774	23
dstroke_hum_yes_no	yes_no_dstroke	final_prompt_token_minus_2	117	or	16787	0.2364725023508072	24
dstroke_hum_yes_no	yes_no_dstroke	final_prompt_token_minus_2	117	or	32698	0.23535281419754028	25
dstroke_hum_yes_no	yes_no_dstroke	final_prompt_token_minus_2	117	or	16822	0.23186194896697998	26
dstroke_hum_yes_no	yes_no_dstroke	final_prompt_token_minus_2	117	or	31500	0.22511804103851318	27
dstroke_hum_yes_no	yes_no_dstroke	final_prompt_token_minus_2	117	or	10265	0.22108957171440125	28
dstroke_hum_yes_no	yes_no_dstroke	final_prompt_token_minus_2	117	or	26803	0.21197658777236938	29
dstroke_hum_yes_no	yes_no_dstroke	final_prompt_token_minus_2	117	or	23583	0.2077462524175644	30
dstroke_hum_yes_no	yes_no_dstroke	final_prompt_token_minus_2	117	or	14847	0.20720133185386658	31
dstroke_hum_yes_no	yes_no_dstroke	final_prompt_token_minus_2	117	or	30225	0.20651163160800934	32
dstroke_hum_yes_no	yes_no_dstroke	final_prompt_token_minus_2	117	or	10927	0.20234449207782745	33
dstroke_hum_yes_no	yes_no_dstroke	final_prompt_token_minus_2	117	or	23797	0.20168858766555786	34
dstroke_hum_yes_no	yes_no_dstroke	final_prompt_token_minus_2	117	or	27324	0.19799759984016418	35
dstroke_hum_yes_no	yes_no_dstroke	final_prompt_token_minus_2	117	or	1984	0.1978466808795929	36
dstroke_hum_yes_no	yes_no_dstroke	final_prompt_token_minus_2	117	or	3471	0.19687044620513916	37
dstroke_hum_yes_no	yes_no_dstroke	final_prompt_token_minus_2	117	or	6639	0.18877138197422028	38
dstroke_hum_yes_no	yes_no_dstroke	final_prompt_token_minus_2	117	or	28830	0.18816013634204865	39
dstroke_hum_yes_no	yes_no_dstroke	final_prompt_token_minus_2	117	or	29329	0.18781745433807373	40
dstroke_hum_yes_no	yes_no_dstroke	final_prompt_token_minus_2	117	or	1160	0.18777702748775482	41
dstroke_hum_yes_no	yes_no_dstroke	final_prompt_token_minus_2	117	or	2429	0.18363849818706512	42
dstroke_hum_yes_no	yes_no_dstroke	final_prompt_token_minus_2	117	or	13815	0.18273991346359253	43
dstroke_hum_yes_no	yes_no_dstroke	final_prompt_token_minus_2	117	or	16785	0.178952157497406	44
dstroke_hum_yes_no	yes_no_dstroke	final_prompt_token_minus_2	117	or	15697	0.16589689254760742	45
dstroke_hum_yes_no	yes_no_dstroke	final_prompt_token_minus_2	117	or	19335	0.16251802444458008	46
dstroke_hum_yes_no	yes_no_dstroke	final_prompt_token_minus_2	117	or	27511	0.1612715721130371	47
dstroke_hum_yes_no	yes_no_dstroke	final_prompt_token_minus_2	117	or	24240	0.1611676812171936	48
dstroke_hum_yes_no	yes_no_dstroke	final_prompt_token_minus_2	117	or	25829	0.15988275408744812	49
dstroke_hum_yes_no	yes_no_dstroke	final_prompt_token_minus_2	117	or	18030	0.1585933268070221	50
dstroke_hum_yes_no	yes_no_dstroke	final_prompt_token_minus_5	114	?	2938	1.5032234191894531	1
dstroke_hum_yes_no	yes_no_dstroke	final_prompt_token_minus_5	114	?	14858	0.7224780321121216	2
dstroke_hum_yes_no	yes_no_dstroke	final_prompt_token_minus_5	114	?	17679	0.4700509011745453	3
dstroke_hum_yes_no	yes_no_dstroke	final_prompt_token_minus_5	114	?	23977	0.4242500960826874	4
dstroke_hum_yes_no	yes_no_dstroke	final_prompt_token_minus_5	114	?	28713	0.4013316035270691	5
dstroke_hum_yes_no	yes_no_dstroke	final_prompt_token_minus_5	114	?	10427	0.39781656861305237	6
dstroke_hum_yes_no	yes_no_dstroke	final_prompt_token_minus_5	114	?	16131	0.37941932678222656	7
dstroke_hum_yes_no	yes_no_dstroke	final_prompt_token_minus_5	114	?	6194	0.35635510087013245	8
dstroke_hum_yes_no	yes_no_dstroke	final_prompt_token_minus_5	114	?	26407	0.34249913692474365	9
dstroke_hum_yes_no	yes_no_dstroke	final_prompt_token_minus_5	114	?	18454	0.3320130407810211	10
dstroke_hum_yes_no	yes_no_dstroke	final_prompt_token_minus_5	114	?	32307	0.31089767813682556	11
dstroke_hum_yes_no	yes_no_dstroke	final_prompt_token_minus_5	114	?	1626	0.31088656187057495	12
dstroke_hum_yes_no	yes_no_dstroke	final_prompt_token_minus_5	114	?	16661	0.3003959357738495	13
dstroke_hum_yes_no	yes_no_dstroke	final_prompt_token_minus_5	114	?	13935	0.2962016761302948	14
dstroke_hum_yes_no	yes_no_dstroke	final_prompt_token_minus_5	114	?	19170	0.27669137716293335	15
dstroke_hum_yes_no	yes_no_dstroke	final_prompt_token_minus_5	114	?	30911	0.26773902773857117	16
dstroke_hum_yes_no	yes_no_dstroke	final_prompt_token_minus_5	114	?	19389	0.2622912526130676	17
dstroke_hum_yes_no	yes_no_dstroke	final_prompt_token_minus_5	114	?	31160	0.26156774163246155	18
dstroke_hum_yes_no	yes_no_dstroke	final_prompt_token_minus_5	114	?	27364	0.26127889752388	19
dstroke_hum_yes_no	yes_no_dstroke	final_prompt_token_minus_5	114	?	15954	0.24325524270534515	20
dstroke_hum_yes_no	yes_no_dstroke	final_prompt_token_minus_5	114	?	2959	0.23514144122600555	21
dstroke_hum_yes_no	yes_no_dstroke	final_prompt_token_minus_5	114	?	8928	0.22447487711906433	22
dstroke_hum_yes_no	yes_no_dstroke	final_prompt_token_minus_5	114	?	18937	0.2213875651359558	23
dstroke_hum_yes_no	yes_no_dstroke	final_prompt_token_minus_5	114	?	18198	0.21570856869220734	24
dstroke_hum_yes_no	yes_no_dstroke	final_prompt_token_minus_5	114	?	31908	0.21538689732551575	25
dstroke_hum_yes_no	yes_no_dstroke	final_prompt_token_minus_5	114	?	15076	0.21117544174194336	26
dstroke_hum_yes_no	yes_no_dstroke	final_prompt_token_minus_5	114	?	27281	0.20915155112743378	27
dstroke_hum_yes_no	yes_no_dstroke	final_prompt_token_minus_5	114	?	28696	0.20637881755828857	28
dstroke_hum_yes_no	yes_no_dstroke	final_prompt_token_minus_5	114	?	13137	0.20455464720726013	29
dstroke_hum_yes_no	yes_no_dstroke	final_prompt_token_minus_5	114	?	2977	0.20367813110351562	30
dstroke_hum_yes_no	yes_no_dstroke	final_prompt_token_minus_5	114	?	17394	0.20032325387001038	31
dstroke_hum_yes_no	yes_no_dstroke	final_prompt_token_minus_5	114	?	14244	0.19841869175434113	32
dstroke_hum_yes_no	yes_no_dstroke	final_prompt_token_minus_5	114	?	22800	0.1919897198677063	33
dstroke_hum_yes_no	yes_no_dstroke	final_prompt_token_minus_5	114	?	11456	0.19045615196228027	34
dstroke_hum_yes_no	yes_no_dstroke	final_prompt_token_minus_5	114	?	21539	0.18795554339885712	35
dstroke_hum_yes_no	yes_no_dstroke	final_prompt_token_minus_5	114	?	5892	0.18622836470603943	36
dstroke_hum_yes_no	yes_no_dstroke	final_prompt_token_minus_5	114	?	10786	0.18455567955970764	37
dstroke_hum_yes_no	yes_no_dstroke	final_prompt_token_minus_5	114	?	22786	0.18373194336891174	38
dstroke_hum_yes_no	yes_no_dstroke	final_prompt_token_minus_5	114	?	12320	0.18164296448230743	39
dstroke_hum_yes_no	yes_no_dstroke	final_prompt_token_minus_5	114	?	18403	0.18152642250061035	40
dstroke_hum_yes_no	yes_no_dstroke	final_prompt_token_minus_5	114	?	6593	0.17966246604919434	41
dstroke_hum_yes_no	yes_no_dstroke	final_prompt_token_minus_5	114	?	19726	0.1792905330657959	42
dstroke_hum_yes_no	yes_no_dstroke	final_prompt_token_minus_5	114	?	4494	0.17506040632724762	43
dstroke_hum_yes_no	yes_no_dstroke	final_prompt_token_minus_5	114	?	30722	0.17451907694339752	44
dstroke_hum_yes_no	yes_no_dstroke	final_prompt_token_minus_5	114	?	29524	0.1743650883436203	45
dstroke_hum_yes_no	yes_no_dstroke	final_prompt_token_minus_5	114	?	13208	0.17401796579360962	46
dstroke_hum_yes_no	yes_no_dstroke	final_prompt_token_minus_5	114	?	26684	0.16628466546535492	47
dstroke_hum_yes_no	yes_no_dstroke	final_prompt_token_minus_5	114	?	31836	0.16241894662380219	48
dstroke_hum_yes_no	yes_no_dstroke	final_prompt_token_minus_5	114	?	18847	0.16094078123569489	49
dstroke_hum_yes_no	yes_no_dstroke	final_prompt_token_minus_5	114	?	30964	0.1601484715938568	50
dstroke_hum_yes_no	yes_no_dstroke	final_prompt_token_minus_10	109	in	25520	1.1825082302093506	1
dstroke_hum_yes_no	yes_no_dstroke	final_prompt_token_minus_10	109	in	2938	0.9356637001037598	2
dstroke_hum_yes_no	yes_no_dstroke	final_prompt_token_minus_10	109	in	16661	0.47730863094329834	3
dstroke_hum_yes_no	yes_no_dstroke	final_prompt_token_minus_10	109	in	30177	0.3985768258571625	4
dstroke_hum_yes_no	yes_no_dstroke	final_prompt_token_minus_10	109	in	6653	0.3306794762611389	5
dstroke_hum_yes_no	yes_no_dstroke	final_prompt_token_minus_10	109	in	15539	0.32684817910194397	6
dstroke_hum_yes_no	yes_no_dstroke	final_prompt_token_minus_10	109	in	19681	0.307961106300354	7
dstroke_hum_yes_no	yes_no_dstroke	final_prompt_token_minus_10	109	in	771	0.3008870780467987	8
dstroke_hum_yes_no	yes_no_dstroke	final_prompt_token_minus_10	109	in	5421	0.2940848767757416	9
dstroke_hum_yes_no	yes_no_dstroke	final_prompt_token_minus_10	109	in	19668	0.2796439826488495	10
dstroke_hum_yes_no	yes_no_dstroke	final_prompt_token_minus_10	109	in	21539	0.2754019796848297	11
dstroke_hum_yes_no	yes_no_dstroke	final_prompt_token_minus_10	109	in	12805	0.26671725511550903	12
dstroke_hum_yes_no	yes_no_dstroke	final_prompt_token_minus_10	109	in	1930	0.26604118943214417	13
dstroke_hum_yes_no	yes_no_dstroke	final_prompt_token_minus_10	109	in	9068	0.2632327675819397	14
dstroke_hum_yes_no	yes_no_dstroke	final_prompt_token_minus_10	109	in	9236	0.2555871307849884	15
dstroke_hum_yes_no	yes_no_dstroke	final_prompt_token_minus_10	109	in	6736	0.25461477041244507	16
dstroke_hum_yes_no	yes_no_dstroke	final_prompt_token_minus_10	109	in	8583	0.25285831093788147	17
dstroke_hum_yes_no	yes_no_dstroke	final_prompt_token_minus_10	109	in	26684	0.2513794004917145	18
dstroke_hum_yes_no	yes_no_dstroke	final_prompt_token_minus_10	109	in	31836	0.24847868084907532	19
dstroke_hum_yes_no	yes_no_dstroke	final_prompt_token_minus_10	109	in	17299	0.24480028450489044	20
dstroke_hum_yes_no	yes_no_dstroke	final_prompt_token_minus_10	109	in	5463	0.24194782972335815	21
dstroke_hum_yes_no	yes_no_dstroke	final_prompt_token_minus_10	109	in	17623	0.23449940979480743	22
dstroke_hum_yes_no	yes_no_dstroke	final_prompt_token_minus_10	109	in	3050	0.23105287551879883	23
dstroke_hum_yes_no	yes_no_dstroke	final_prompt_token_minus_10	109	in	23447	0.2309340387582779	24
dstroke_hum_yes_no	yes_no_dstroke	final_prompt_token_minus_10	109	in	16793	0.23046636581420898	25
dstroke_hum_yes_no	yes_no_dstroke	final_prompt_token_minus_10	109	in	4828	0.22080600261688232	26
dstroke_hum_yes_no	yes_no_dstroke	final_prompt_token_minus_10	109	in	18847	0.2202080488204956	27
dstroke_hum_yes_no	yes_no_dstroke	final_prompt_token_minus_10	109	in	8410	0.21900823712348938	28
dstroke_hum_yes_no	yes_no_dstroke	final_prompt_token_minus_10	109	in	8569	0.2145843207836151	29
dstroke_hum_yes_no	yes_no_dstroke	final_prompt_token_minus_10	109	in	11577	0.21311701834201813	30
dstroke_hum_yes_no	yes_no_dstroke	final_prompt_token_minus_10	109	in	17484	0.21145407855510712	31
dstroke_hum_yes_no	yes_no_dstroke	final_prompt_token_minus_10	109	in	22212	0.20706486701965332	32
dstroke_hum_yes_no	yes_no_dstroke	final_prompt_token_minus_10	109	in	5275	0.20541395246982574	33
dstroke_hum_yes_no	yes_no_dstroke	final_prompt_token_minus_10	109	in	24589	0.20105434954166412	34
dstroke_hum_yes_no	yes_no_dstroke	final_prompt_token_minus_10	109	in	5573	0.19863615930080414	35
dstroke_hum_yes_no	yes_no_dstroke	final_prompt_token_minus_10	109	in	16638	0.1977878361940384	36
dstroke_hum_yes_no	yes_no_dstroke	final_prompt_token_minus_10	109	in	979	0.19646336138248444	37
dstroke_hum_yes_no	yes_no_dstroke	final_prompt_token_minus_10	109	in	5417	0.19534170627593994	38
dstroke_hum_yes_no	yes_no_dstroke	final_prompt_token_minus_10	109	in	18841	0.1924789547920227	39
dstroke_hum_yes_no	yes_no_dstroke	final_prompt_token_minus_10	109	in	9399	0.19001689553260803	40
dstroke_hum_yes_no	yes_no_dstroke	final_prompt_token_minus_10	109	in	2802	0.18604779243469238	41
dstroke_hum_yes_no	yes_no_dstroke	final_prompt_token_minus_10	109	in	12806	0.18583998084068298	42
dstroke_hum_yes_no	yes_no_dstroke	final_prompt_token_minus_10	109	in	3659	0.18552184104919434	43
dstroke_hum_yes_no	yes_no_dstroke	final_prompt_token_minus_10	109	in	2430	0.18551965057849884	44
dstroke_hum_yes_no	yes_no_dstroke	final_prompt_token_minus_10	109	in	26723	0.18411877751350403	45
dstroke_hum_yes_no	yes_no_dstroke	final_prompt_token_minus_10	109	in	15954	0.18177257478237152	46
dstroke_hum_yes_no	yes_no_dstroke	final_prompt_token_minus_10	109	in	15742	0.1787322461605072	47
dstroke_hum_yes_no	yes_no_dstroke	final_prompt_token_minus_10	109	in	27281	0.17603598535060883	48
dstroke_hum_yes_no	yes_no_dstroke	final_prompt_token_minus_10	109	in	704	0.17546918988227844	49
dstroke_hum_yes_no	yes_no_dstroke	final_prompt_token_minus_10	109	in	30739	0.1738225817680359	50
