prompt_family	perturbation_type	layer	position_label	feature_id	ascii_activation	perturbation_activation	delta	abs_delta	ascii_rank	perturbation_rank	ascii_present	perturbation_present	ascii_prompt_id	perturbation_prompt_id	ascii_prompt_token_count	perturbation_prompt_token_count	token_count_delta_vs_ascii
original_hum	ascii_original	26	final_prompt_token	599	0.26421117782592773	0.26421117782592773	0.0	0.0	14	14	1	1	original_hum_ascii_original	original_hum_ascii_original	93	93	0
original_hum	ascii_original	26	final_prompt_token	1626	0.42868274450302124	0.42868274450302124	0.0	0.0	4	4	1	1	original_hum_ascii_original	original_hum_ascii_original	93	93	0
original_hum	ascii_original	26	final_prompt_token	2722	0.18328024446964264	0.18328024446964264	0.0	0.0	35	35	1	1	original_hum_ascii_original	original_hum_ascii_original	93	93	0
original_hum	ascii_original	26	final_prompt_token	2938	1.5165886878967285	1.5165886878967285	0.0	0.0	1	1	1	1	original_hum_ascii_original	original_hum_ascii_original	93	93	0
original_hum	ascii_original	26	final_prompt_token	3241	0.39762821793556213	0.39762821793556213	0.0	0.0	6	6	1	1	original_hum_ascii_original	original_hum_ascii_original	93	93	0
original_hum	ascii_original	26	final_prompt_token	3271	0.1778457760810852	0.1778457760810852	0.0	0.0	39	39	1	1	original_hum_ascii_original	original_hum_ascii_original	93	93	0
original_hum	ascii_original	26	final_prompt_token	4795	0.15955334901809692	0.15955334901809692	0.0	0.0	46	46	1	1	original_hum_ascii_original	original_hum_ascii_original	93	93	0
original_hum	ascii_original	26	final_prompt_token	5257	0.24086657166481018	0.24086657166481018	0.0	0.0	19	19	1	1	original_hum_ascii_original	original_hum_ascii_original	93	93	0
original_hum	ascii_original	26	final_prompt_token	6021	0.2518101930618286	0.2518101930618286	0.0	0.0	16	16	1	1	original_hum_ascii_original	original_hum_ascii_original	93	93	0
original_hum	ascii_original	26	final_prompt_token	6194	0.3265438377857208	0.3265438377857208	0.0	0.0	11	11	1	1	original_hum_ascii_original	original_hum_ascii_original	93	93	0
original_hum	ascii_original	26	final_prompt_token	6429	0.28714343905448914	0.28714343905448914	0.0	0.0	12	12	1	1	original_hum_ascii_original	original_hum_ascii_original	93	93	0
original_hum	ascii_original	26	final_prompt_token	6593	0.17148388922214508	0.17148388922214508	0.0	0.0	44	44	1	1	original_hum_ascii_original	original_hum_ascii_original	93	93	0
original_hum	ascii_original	26	final_prompt_token	7108	0.17276988923549652	0.17276988923549652	0.0	0.0	43	43	1	1	original_hum_ascii_original	original_hum_ascii_original	93	93	0
original_hum	ascii_original	26	final_prompt_token	7163	0.18945331871509552	0.18945331871509552	0.0	0.0	31	31	1	1	original_hum_ascii_original	original_hum_ascii_original	93	93	0
original_hum	ascii_original	26	final_prompt_token	7982	0.22221095860004425	0.22221095860004425	0.0	0.0	23	23	1	1	original_hum_ascii_original	original_hum_ascii_original	93	93	0
original_hum	ascii_original	26	final_prompt_token	8216	0.17607000470161438	0.17607000470161438	0.0	0.0	40	40	1	1	original_hum_ascii_original	original_hum_ascii_original	93	93	0
original_hum	ascii_original	26	final_prompt_token	8418	0.17841987311840057	0.17841987311840057	0.0	0.0	38	38	1	1	original_hum_ascii_original	original_hum_ascii_original	93	93	0
original_hum	ascii_original	26	final_prompt_token	8882	0.17877648770809174	0.17877648770809174	0.0	0.0	37	37	1	1	original_hum_ascii_original	original_hum_ascii_original	93	93	0
original_hum	ascii_original	26	final_prompt_token	9745	0.1738123893737793	0.1738123893737793	0.0	0.0	41	41	1	1	original_hum_ascii_original	original_hum_ascii_original	93	93	0
original_hum	ascii_original	26	final_prompt_token	11256	0.3714236319065094	0.3714236319065094	0.0	0.0	8	8	1	1	original_hum_ascii_original	original_hum_ascii_original	93	93	0
original_hum	ascii_original	26	final_prompt_token	11456	0.17288172245025635	0.17288172245025635	0.0	0.0	42	42	1	1	original_hum_ascii_original	original_hum_ascii_original	93	93	0
original_hum	ascii_original	26	final_prompt_token	12320	0.21982868015766144	0.21982868015766144	0.0	0.0	24	24	1	1	original_hum_ascii_original	original_hum_ascii_original	93	93	0
original_hum	ascii_original	26	final_prompt_token	13061	0.20255284011363983	0.20255284011363983	0.0	0.0	27	27	1	1	original_hum_ascii_original	original_hum_ascii_original	93	93	0
original_hum	ascii_original	26	final_prompt_token	13916	0.20334245264530182	0.20334245264530182	0.0	0.0	26	26	1	1	original_hum_ascii_original	original_hum_ascii_original	93	93	0
original_hum	ascii_original	26	final_prompt_token	13935	0.33480870723724365	0.33480870723724365	0.0	0.0	9	9	1	1	original_hum_ascii_original	original_hum_ascii_original	93	93	0
original_hum	ascii_original	26	final_prompt_token	14614	0.18283355236053467	0.18283355236053467	0.0	0.0	36	36	1	1	original_hum_ascii_original	original_hum_ascii_original	93	93	0
original_hum	ascii_original	26	final_prompt_token	15076	0.18733566999435425	0.18733566999435425	0.0	0.0	33	33	1	1	original_hum_ascii_original	original_hum_ascii_original	93	93	0
original_hum	ascii_original	26	final_prompt_token	15560	0.18576200306415558	0.18576200306415558	0.0	0.0	34	34	1	1	original_hum_ascii_original	original_hum_ascii_original	93	93	0
original_hum	ascii_original	26	final_prompt_token	15954	0.33095675706863403	0.33095675706863403	0.0	0.0	10	10	1	1	original_hum_ascii_original	original_hum_ascii_original	93	93	0
original_hum	ascii_original	26	final_prompt_token	17394	0.2099277377128601	0.2099277377128601	0.0	0.0	25	25	1	1	original_hum_ascii_original	original_hum_ascii_original	93	93	0
original_hum	ascii_original	26	final_prompt_token	17869	0.19256216287612915	0.19256216287612915	0.0	0.0	29	29	1	1	original_hum_ascii_original	original_hum_ascii_original	93	93	0
original_hum	ascii_original	26	final_prompt_token	18198	0.2619461417198181	0.2619461417198181	0.0	0.0	15	15	1	1	original_hum_ascii_original	original_hum_ascii_original	93	93	0
original_hum	ascii_original	26	final_prompt_token	18937	0.6793770790100098	0.6793770790100098	0.0	0.0	3	3	1	1	original_hum_ascii_original	original_hum_ascii_original	93	93	0
original_hum	ascii_original	26	final_prompt_token	19335	0.1567714810371399	0.1567714810371399	0.0	0.0	49	49	1	1	original_hum_ascii_original	original_hum_ascii_original	93	93	0
original_hum	ascii_original	26	final_prompt_token	19389	0.3767392933368683	0.3767392933368683	0.0	0.0	7	7	1	1	original_hum_ascii_original	original_hum_ascii_original	93	93	0
original_hum	ascii_original	26	final_prompt_token	21181	0.16554288566112518	0.16554288566112518	0.0	0.0	45	45	1	1	original_hum_ascii_original	original_hum_ascii_original	93	93	0
original_hum	ascii_original	26	final_prompt_token	23977	0.1921742558479309	0.1921742558479309	0.0	0.0	30	30	1	1	original_hum_ascii_original	original_hum_ascii_original	93	93	0
original_hum	ascii_original	26	final_prompt_token	25001	0.2486875057220459	0.2486875057220459	0.0	0.0	17	17	1	1	original_hum_ascii_original	original_hum_ascii_original	93	93	0
original_hum	ascii_original	26	final_prompt_token	25575	0.24138617515563965	0.24138617515563965	0.0	0.0	18	18	1	1	original_hum_ascii_original	original_hum_ascii_original	93	93	0
original_hum	ascii_original	26	final_prompt_token	26363	0.15943516790866852	0.15943516790866852	0.0	0.0	47	47	1	1	original_hum_ascii_original	original_hum_ascii_original	93	93	0
original_hum	ascii_original	26	final_prompt_token	26684	0.22939588129520416	0.22939588129520416	0.0	0.0	20	20	1	1	original_hum_ascii_original	original_hum_ascii_original	93	93	0
original_hum	ascii_original	26	final_prompt_token	27342	0.22260019183158875	0.22260019183158875	0.0	0.0	22	22	1	1	original_hum_ascii_original	original_hum_ascii_original	93	93	0
original_hum	ascii_original	26	final_prompt_token	27872	0.15484745800495148	0.15484745800495148	0.0	0.0	50	50	1	1	original_hum_ascii_original	original_hum_ascii_original	93	93	0
original_hum	ascii_original	26	final_prompt_token	28713	0.6876921057701111	0.6876921057701111	0.0	0.0	2	2	1	1	original_hum_ascii_original	original_hum_ascii_original	93	93	0
original_hum	ascii_original	26	final_prompt_token	29524	0.267924427986145	0.267924427986145	0.0	0.0	13	13	1	1	original_hum_ascii_original	original_hum_ascii_original	93	93	0
original_hum	ascii_original	26	final_prompt_token	30033	0.18751904368400574	0.18751904368400574	0.0	0.0	32	32	1	1	original_hum_ascii_original	original_hum_ascii_original	93	93	0
original_hum	ascii_original	26	final_prompt_token	30453	0.19626596570014954	0.19626596570014954	0.0	0.0	28	28	1	1	original_hum_ascii_original	original_hum_ascii_original	93	93	0
original_hum	ascii_original	26	final_prompt_token	31908	0.4130459427833557	0.4130459427833557	0.0	0.0	5	5	1	1	original_hum_ascii_original	original_hum_ascii_original	93	93	0
original_hum	ascii_original	26	final_prompt_token	32454	0.1574060618877411	0.1574060618877411	0.0	0.0	48	48	1	1	original_hum_ascii_original	original_hum_ascii_original	93	93	0
original_hum	ascii_original	26	final_prompt_token	32698	0.2284238040447235	0.2284238040447235	0.0	0.0	21	21	1	1	original_hum_ascii_original	original_hum_ascii_original	93	93	0
original_hum	ascii_original	26	final_prompt_token_minus_1	704	0.2613154947757721	0.2613154947757721	0.0	0.0	14	14	1	1	original_hum_ascii_original	original_hum_ascii_original	93	93	0
original_hum	ascii_original	26	final_prompt_token_minus_1	799	2.0849788188934326	2.0849788188934326	0.0	0.0	1	1	1	1	original_hum_ascii_original	original_hum_ascii_original	93	93	0
original_hum	ascii_original	26	final_prompt_token_minus_1	1659	0.16034561395645142	0.16034561395645142	0.0	0.0	45	45	1	1	original_hum_ascii_original	original_hum_ascii_original	93	93	0
original_hum	ascii_original	26	final_prompt_token_minus_1	2938	1.0453124046325684	1.0453124046325684	0.0	0.0	2	2	1	1	original_hum_ascii_original	original_hum_ascii_original	93	93	0
original_hum	ascii_original	26	final_prompt_token_minus_1	4844	0.16514423489570618	0.16514423489570618	0.0	0.0	43	43	1	1	original_hum_ascii_original	original_hum_ascii_original	93	93	0
original_hum	ascii_original	26	final_prompt_token_minus_1	5257	0.22263261675834656	0.22263261675834656	0.0	0.0	25	25	1	1	original_hum_ascii_original	original_hum_ascii_original	93	93	0
original_hum	ascii_original	26	final_prompt_token_minus_1	6593	0.1902092844247818	0.1902092844247818	0.0	0.0	32	32	1	1	original_hum_ascii_original	original_hum_ascii_original	93	93	0
original_hum	ascii_original	26	final_prompt_token_minus_1	7506	0.17481431365013123	0.17481431365013123	0.0	0.0	36	36	1	1	original_hum_ascii_original	original_hum_ascii_original	93	93	0
original_hum	ascii_original	26	final_prompt_token_minus_1	7982	0.26551687717437744	0.26551687717437744	0.0	0.0	13	13	1	1	original_hum_ascii_original	original_hum_ascii_original	93	93	0
original_hum	ascii_original	26	final_prompt_token_minus_1	8216	0.22875705361366272	0.22875705361366272	0.0	0.0	23	23	1	1	original_hum_ascii_original	original_hum_ascii_original	93	93	0
original_hum	ascii_original	26	final_prompt_token_minus_1	8882	0.23224426805973053	0.23224426805973053	0.0	0.0	20	20	1	1	original_hum_ascii_original	original_hum_ascii_original	93	93	0
original_hum	ascii_original	26	final_prompt_token_minus_1	8891	0.21474391222000122	0.21474391222000122	0.0	0.0	27	27	1	1	original_hum_ascii_original	original_hum_ascii_original	93	93	0
original_hum	ascii_original	26	final_prompt_token_minus_1	9241	0.24169208109378815	0.24169208109378815	0.0	0.0	17	17	1	1	original_hum_ascii_original	original_hum_ascii_original	93	93	0
original_hum	ascii_original	26	final_prompt_token_minus_1	9990	0.23132158815860748	0.23132158815860748	0.0	0.0	22	22	1	1	original_hum_ascii_original	original_hum_ascii_original	93	93	0
original_hum	ascii_original	26	final_prompt_token_minus_1	10265	0.1704370677471161	0.1704370677471161	0.0	0.0	41	41	1	1	original_hum_ascii_original	original_hum_ascii_original	93	93	0
original_hum	ascii_original	26	final_prompt_token_minus_1	10709	0.19084370136260986	0.19084370136260986	0.0	0.0	31	31	1	1	original_hum_ascii_original	original_hum_ascii_original	93	93	0
original_hum	ascii_original	26	final_prompt_token_minus_1	10764	0.15153810381889343	0.15153810381889343	0.0	0.0	50	50	1	1	original_hum_ascii_original	original_hum_ascii_original	93	93	0
original_hum	ascii_original	26	final_prompt_token_minus_1	11256	0.3408229649066925	0.3408229649066925	0.0	0.0	5	5	1	1	original_hum_ascii_original	original_hum_ascii_original	93	93	0
original_hum	ascii_original	26	final_prompt_token_minus_1	13916	0.1931859254837036	0.1931859254837036	0.0	0.0	30	30	1	1	original_hum_ascii_original	original_hum_ascii_original	93	93	0
original_hum	ascii_original	26	final_prompt_token_minus_1	15076	0.20724529027938843	0.20724529027938843	0.0	0.0	28	28	1	1	original_hum_ascii_original	original_hum_ascii_original	93	93	0
original_hum	ascii_original	26	final_prompt_token_minus_1	16041	0.1622762382030487	0.1622762382030487	0.0	0.0	44	44	1	1	original_hum_ascii_original	original_hum_ascii_original	93	93	0
original_hum	ascii_original	26	final_prompt_token_minus_1	16439	0.30100175738334656	0.30100175738334656	0.0	0.0	9	9	1	1	original_hum_ascii_original	original_hum_ascii_original	93	93	0
original_hum	ascii_original	26	final_prompt_token_minus_1	16475	0.22713349759578705	0.22713349759578705	0.0	0.0	24	24	1	1	original_hum_ascii_original	original_hum_ascii_original	93	93	0
original_hum	ascii_original	26	final_prompt_token_minus_1	16706	0.598991870880127	0.598991870880127	0.0	0.0	3	3	1	1	original_hum_ascii_original	original_hum_ascii_original	93	93	0
original_hum	ascii_original	26	final_prompt_token_minus_1	16793	0.15720468759536743	0.15720468759536743	0.0	0.0	46	46	1	1	original_hum_ascii_original	original_hum_ascii_original	93	93	0
original_hum	ascii_original	26	final_prompt_token_minus_1	17164	0.1829492151737213	0.1829492151737213	0.0	0.0	34	34	1	1	original_hum_ascii_original	original_hum_ascii_original	93	93	0
original_hum	ascii_original	26	final_prompt_token_minus_1	17869	0.1889125108718872	0.1889125108718872	0.0	0.0	33	33	1	1	original_hum_ascii_original	original_hum_ascii_original	93	93	0
original_hum	ascii_original	26	final_prompt_token_minus_1	18977	0.17101836204528809	0.17101836204528809	0.0	0.0	40	40	1	1	original_hum_ascii_original	original_hum_ascii_original	93	93	0
original_hum	ascii_original	26	final_prompt_token_minus_1	19389	0.3204427659511566	0.3204427659511566	0.0	0.0	7	7	1	1	original_hum_ascii_original	original_hum_ascii_original	93	93	0
original_hum	ascii_original	26	final_prompt_token_minus_1	19850	0.28381407260894775	0.28381407260894775	0.0	0.0	12	12	1	1	original_hum_ascii_original	original_hum_ascii_original	93	93	0
original_hum	ascii_original	26	final_prompt_token_minus_1	20031	0.2509620487689972	0.2509620487689972	0.0	0.0	16	16	1	1	original_hum_ascii_original	original_hum_ascii_original	93	93	0
original_hum	ascii_original	26	final_prompt_token_minus_1	22353	0.23205679655075073	0.23205679655075073	0.0	0.0	21	21	1	1	original_hum_ascii_original	original_hum_ascii_original	93	93	0
original_hum	ascii_original	26	final_prompt_token_minus_1	22922	0.17136210203170776	0.17136210203170776	0.0	0.0	39	39	1	1	original_hum_ascii_original	original_hum_ascii_original	93	93	0
original_hum	ascii_original	26	final_prompt_token_minus_1	23071	0.23368534445762634	0.23368534445762634	0.0	0.0	19	19	1	1	original_hum_ascii_original	original_hum_ascii_original	93	93	0
original_hum	ascii_original	26	final_prompt_token_minus_1	25001	0.29920151829719543	0.29920151829719543	0.0	0.0	10	10	1	1	original_hum_ascii_original	original_hum_ascii_original	93	93	0
original_hum	ascii_original	26	final_prompt_token_minus_1	26262	0.16707271337509155	0.16707271337509155	0.0	0.0	42	42	1	1	original_hum_ascii_original	original_hum_ascii_original	93	93	0
original_hum	ascii_original	26	final_prompt_token_minus_1	26598	0.23765140771865845	0.23765140771865845	0.0	0.0	18	18	1	1	original_hum_ascii_original	original_hum_ascii_original	93	93	0
original_hum	ascii_original	26	final_prompt_token_minus_1	26684	0.3267297148704529	0.3267297148704529	0.0	0.0	6	6	1	1	original_hum_ascii_original	original_hum_ascii_original	93	93	0
original_hum	ascii_original	26	final_prompt_token_minus_1	27263	0.15293630957603455	0.15293630957603455	0.0	0.0	48	48	1	1	original_hum_ascii_original	original_hum_ascii_original	93	93	0
original_hum	ascii_original	26	final_prompt_token_minus_1	27342	0.49847736954689026	0.49847736954689026	0.0	0.0	4	4	1	1	original_hum_ascii_original	original_hum_ascii_original	93	93	0
original_hum	ascii_original	26	final_prompt_token_minus_1	27461	0.1745932400226593	0.1745932400226593	0.0	0.0	37	37	1	1	original_hum_ascii_original	original_hum_ascii_original	93	93	0
original_hum	ascii_original	26	final_prompt_token_minus_1	29065	0.26044073700904846	0.26044073700904846	0.0	0.0	15	15	1	1	original_hum_ascii_original	original_hum_ascii_original	93	93	0
original_hum	ascii_original	26	final_prompt_token_minus_1	29171	0.2880919575691223	0.2880919575691223	0.0	0.0	11	11	1	1	original_hum_ascii_original	original_hum_ascii_original	93	93	0
original_hum	ascii_original	26	final_prompt_token_minus_1	29472	0.21717436611652374	0.21717436611652374	0.0	0.0	26	26	1	1	original_hum_ascii_original	original_hum_ascii_original	93	93	0
original_hum	ascii_original	26	final_prompt_token_minus_1	31420	0.1995328962802887	0.1995328962802887	0.0	0.0	29	29	1	1	original_hum_ascii_original	original_hum_ascii_original	93	93	0
original_hum	ascii_original	26	final_prompt_token_minus_1	31489	0.15497832000255585	0.15497832000255585	0.0	0.0	47	47	1	1	original_hum_ascii_original	original_hum_ascii_original	93	93	0
original_hum	ascii_original	26	final_prompt_token_minus_1	31784	0.17284302413463593	0.17284302413463593	0.0	0.0	38	38	1	1	original_hum_ascii_original	original_hum_ascii_original	93	93	0
original_hum	ascii_original	26	final_prompt_token_minus_1	31836	0.18255946040153503	0.18255946040153503	0.0	0.0	35	35	1	1	original_hum_ascii_original	original_hum_ascii_original	93	93	0
original_hum	ascii_original	26	final_prompt_token_minus_1	32448	0.15181764960289001	0.15181764960289001	0.0	0.0	49	49	1	1	original_hum_ascii_original	original_hum_ascii_original	93	93	0
original_hum	ascii_original	26	final_prompt_token_minus_1	32454	0.30890461802482605	0.30890461802482605	0.0	0.0	8	8	1	1	original_hum_ascii_original	original_hum_ascii_original	93	93	0
original_hum	ascii_original	26	final_prompt_token_minus_5	234	0.15021774172782898	0.15021774172782898	0.0	0.0	49	49	1	1	original_hum_ascii_original	original_hum_ascii_original	93	93	0
original_hum	ascii_original	26	final_prompt_token_minus_5	380	0.17311793565750122	0.17311793565750122	0.0	0.0	33	33	1	1	original_hum_ascii_original	original_hum_ascii_original	93	93	0
original_hum	ascii_original	26	final_prompt_token_minus_5	704	0.16919872164726257	0.16919872164726257	0.0	0.0	37	37	1	1	original_hum_ascii_original	original_hum_ascii_original	93	93	0
original_hum	ascii_original	26	final_prompt_token_minus_5	1277	0.17406241595745087	0.17406241595745087	0.0	0.0	32	32	1	1	original_hum_ascii_original	original_hum_ascii_original	93	93	0
original_hum	ascii_original	26	final_prompt_token_minus_5	1984	0.45683109760284424	0.45683109760284424	0.0	0.0	5	5	1	1	original_hum_ascii_original	original_hum_ascii_original	93	93	0
original_hum	ascii_original	26	final_prompt_token_minus_5	2547	0.17214435338974	0.17214435338974	0.0	0.0	35	35	1	1	original_hum_ascii_original	original_hum_ascii_original	93	93	0
original_hum	ascii_original	26	final_prompt_token_minus_5	2786	0.1821536421775818	0.1821536421775818	0.0	0.0	29	29	1	1	original_hum_ascii_original	original_hum_ascii_original	93	93	0
original_hum	ascii_original	26	final_prompt_token_minus_5	2802	0.17630228400230408	0.17630228400230408	0.0	0.0	30	30	1	1	original_hum_ascii_original	original_hum_ascii_original	93	93	0
original_hum	ascii_original	26	final_prompt_token_minus_5	2938	0.8425180912017822	0.8425180912017822	0.0	0.0	2	2	1	1	original_hum_ascii_original	original_hum_ascii_original	93	93	0
original_hum	ascii_original	26	final_prompt_token_minus_5	3271	0.22114868462085724	0.22114868462085724	0.0	0.0	19	19	1	1	original_hum_ascii_original	original_hum_ascii_original	93	93	0
original_hum	ascii_original	26	final_prompt_token_minus_5	4067	0.2697277069091797	0.2697277069091797	0.0	0.0	13	13	1	1	original_hum_ascii_original	original_hum_ascii_original	93	93	0
original_hum	ascii_original	26	final_prompt_token_minus_5	4514	1.3619940280914307	1.3619940280914307	0.0	0.0	1	1	1	1	original_hum_ascii_original	original_hum_ascii_original	93	93	0
original_hum	ascii_original	26	final_prompt_token_minus_5	5230	0.5138218998908997	0.5138218998908997	0.0	0.0	4	4	1	1	original_hum_ascii_original	original_hum_ascii_original	93	93	0
original_hum	ascii_original	26	final_prompt_token_minus_5	5412	0.3838328719139099	0.3838328719139099	0.0	0.0	8	8	1	1	original_hum_ascii_original	original_hum_ascii_original	93	93	0
original_hum	ascii_original	26	final_prompt_token_minus_5	5566	0.26797810196876526	0.26797810196876526	0.0	0.0	14	14	1	1	original_hum_ascii_original	original_hum_ascii_original	93	93	0
original_hum	ascii_original	26	final_prompt_token_minus_5	7159	0.16116683185100555	0.16116683185100555	0.0	0.0	41	41	1	1	original_hum_ascii_original	original_hum_ascii_original	93	93	0
original_hum	ascii_original	26	final_prompt_token_minus_5	7982	0.4084320068359375	0.4084320068359375	0.0	0.0	7	7	1	1	original_hum_ascii_original	original_hum_ascii_original	93	93	0
original_hum	ascii_original	26	final_prompt_token_minus_5	9784	0.17475195229053497	0.17475195229053497	0.0	0.0	31	31	1	1	original_hum_ascii_original	original_hum_ascii_original	93	93	0
original_hum	ascii_original	26	final_prompt_token_minus_5	11145	0.1727781593799591	0.1727781593799591	0.0	0.0	34	34	1	1	original_hum_ascii_original	original_hum_ascii_original	93	93	0
original_hum	ascii_original	26	final_prompt_token_minus_5	11331	0.1540197730064392	0.1540197730064392	0.0	0.0	46	46	1	1	original_hum_ascii_original	original_hum_ascii_original	93	93	0
original_hum	ascii_original	26	final_prompt_token_minus_5	11412	0.3010661005973816	0.3010661005973816	0.0	0.0	11	11	1	1	original_hum_ascii_original	original_hum_ascii_original	93	93	0
original_hum	ascii_original	26	final_prompt_token_minus_5	11456	0.17166537046432495	0.17166537046432495	0.0	0.0	36	36	1	1	original_hum_ascii_original	original_hum_ascii_original	93	93	0
original_hum	ascii_original	26	final_prompt_token_minus_5	12693	0.19581195712089539	0.19581195712089539	0.0	0.0	25	25	1	1	original_hum_ascii_original	original_hum_ascii_original	93	93	0
original_hum	ascii_original	26	final_prompt_token_minus_5	12709	0.18538178503513336	0.18538178503513336	0.0	0.0	27	27	1	1	original_hum_ascii_original	original_hum_ascii_original	93	93	0
original_hum	ascii_original	26	final_prompt_token_minus_5	12998	0.16676536202430725	0.16676536202430725	0.0	0.0	39	39	1	1	original_hum_ascii_original	original_hum_ascii_original	93	93	0
original_hum	ascii_original	26	final_prompt_token_minus_5	13599	0.24375773966312408	0.24375773966312408	0.0	0.0	17	17	1	1	original_hum_ascii_original	original_hum_ascii_original	93	93	0
original_hum	ascii_original	26	final_prompt_token_minus_5	14142	0.18797194957733154	0.18797194957733154	0.0	0.0	26	26	1	1	original_hum_ascii_original	original_hum_ascii_original	93	93	0
original_hum	ascii_original	26	final_prompt_token_minus_5	14667	0.19799308478832245	0.19799308478832245	0.0	0.0	23	23	1	1	original_hum_ascii_original	original_hum_ascii_original	93	93	0
original_hum	ascii_original	26	final_prompt_token_minus_5	14771	0.16651684045791626	0.16651684045791626	0.0	0.0	40	40	1	1	original_hum_ascii_original	original_hum_ascii_original	93	93	0
original_hum	ascii_original	26	final_prompt_token_minus_5	14949	0.1974395513534546	0.1974395513534546	0.0	0.0	24	24	1	1	original_hum_ascii_original	original_hum_ascii_original	93	93	0
original_hum	ascii_original	26	final_prompt_token_minus_5	15420	0.27171340584754944	0.27171340584754944	0.0	0.0	12	12	1	1	original_hum_ascii_original	original_hum_ascii_original	93	93	0
original_hum	ascii_original	26	final_prompt_token_minus_5	16041	0.2182314395904541	0.2182314395904541	0.0	0.0	20	20	1	1	original_hum_ascii_original	original_hum_ascii_original	93	93	0
original_hum	ascii_original	26	final_prompt_token_minus_5	18665	0.1512882560491562	0.1512882560491562	0.0	0.0	47	47	1	1	original_hum_ascii_original	original_hum_ascii_original	93	93	0
original_hum	ascii_original	26	final_prompt_token_minus_5	19389	0.2609201967716217	0.2609201967716217	0.0	0.0	15	15	1	1	original_hum_ascii_original	original_hum_ascii_original	93	93	0
original_hum	ascii_original	26	final_prompt_token_minus_5	19668	0.374565988779068	0.374565988779068	0.0	0.0	9	9	1	1	original_hum_ascii_original	original_hum_ascii_original	93	93	0
original_hum	ascii_original	26	final_prompt_token_minus_5	19878	0.1497126817703247	0.1497126817703247	0.0	0.0	50	50	1	1	original_hum_ascii_original	original_hum_ascii_original	93	93	0
original_hum	ascii_original	26	final_prompt_token_minus_5	23071	0.1567426323890686	0.1567426323890686	0.0	0.0	43	43	1	1	original_hum_ascii_original	original_hum_ascii_original	93	93	0
original_hum	ascii_original	26	final_prompt_token_minus_5	23178	0.41616809368133545	0.41616809368133545	0.0	0.0	6	6	1	1	original_hum_ascii_original	original_hum_ascii_original	93	93	0
original_hum	ascii_original	26	final_prompt_token_minus_5	23952	0.7403864860534668	0.7403864860534668	0.0	0.0	3	3	1	1	original_hum_ascii_original	original_hum_ascii_original	93	93	0
original_hum	ascii_original	26	final_prompt_token_minus_5	24803	0.1504477560520172	0.1504477560520172	0.0	0.0	48	48	1	1	original_hum_ascii_original	original_hum_ascii_original	93	93	0
original_hum	ascii_original	26	final_prompt_token_minus_5	25228	0.1547814905643463	0.1547814905643463	0.0	0.0	45	45	1	1	original_hum_ascii_original	original_hum_ascii_original	93	93	0
original_hum	ascii_original	26	final_prompt_token_minus_5	27281	0.19916246831417084	0.19916246831417084	0.0	0.0	22	22	1	1	original_hum_ascii_original	original_hum_ascii_original	93	93	0
original_hum	ascii_original	26	final_prompt_token_minus_5	29275	0.18314476311206818	0.18314476311206818	0.0	0.0	28	28	1	1	original_hum_ascii_original	original_hum_ascii_original	93	93	0
original_hum	ascii_original	26	final_prompt_token_minus_5	30153	0.1580786108970642	0.1580786108970642	0.0	0.0	42	42	1	1	original_hum_ascii_original	original_hum_ascii_original	93	93	0
original_hum	ascii_original	26	final_prompt_token_minus_5	30911	0.3365362882614136	0.3365362882614136	0.0	0.0	10	10	1	1	original_hum_ascii_original	original_hum_ascii_original	93	93	0
original_hum	ascii_original	26	final_prompt_token_minus_5	31025	0.15671776235103607	0.15671776235103607	0.0	0.0	44	44	1	1	original_hum_ascii_original	original_hum_ascii_original	93	93	0
original_hum	ascii_original	26	final_prompt_token_minus_5	31206	0.25306740403175354	0.25306740403175354	0.0	0.0	16	16	1	1	original_hum_ascii_original	original_hum_ascii_original	93	93	0
original_hum	ascii_original	26	final_prompt_token_minus_5	31589	0.20227934420108795	0.20227934420108795	0.0	0.0	21	21	1	1	original_hum_ascii_original	original_hum_ascii_original	93	93	0
original_hum	ascii_original	26	final_prompt_token_minus_5	31632	0.22159573435783386	0.22159573435783386	0.0	0.0	18	18	1	1	original_hum_ascii_original	original_hum_ascii_original	93	93	0
original_hum	ascii_original	26	final_prompt_token_minus_5	31784	0.16785354912281036	0.16785354912281036	0.0	0.0	38	38	1	1	original_hum_ascii_original	original_hum_ascii_original	93	93	0
original_hum	ascii_original	26	final_prompt_token_minus_10	75	0.3511373996734619	0.3511373996734619	0.0	0.0	11	11	1	1	original_hum_ascii_original	original_hum_ascii_original	93	93	0
original_hum	ascii_original	26	final_prompt_token_minus_10	428	0.23780721426010132	0.23780721426010132	0.0	0.0	37	37	1	1	original_hum_ascii_original	original_hum_ascii_original	93	93	0
original_hum	ascii_original	26	final_prompt_token_minus_10	677	0.4729844331741333	0.4729844331741333	0.0	0.0	5	5	1	1	original_hum_ascii_original	original_hum_ascii_original	93	93	0
original_hum	ascii_original	26	final_prompt_token_minus_10	704	0.4263949990272522	0.4263949990272522	0.0	0.0	9	9	1	1	original_hum_ascii_original	original_hum_ascii_original	93	93	0
original_hum	ascii_original	26	final_prompt_token_minus_10	805	0.3022213578224182	0.3022213578224182	0.0	0.0	17	17	1	1	original_hum_ascii_original	original_hum_ascii_original	93	93	0
original_hum	ascii_original	26	final_prompt_token_minus_10	1205	0.21149316430091858	0.21149316430091858	0.0	0.0	46	46	1	1	original_hum_ascii_original	original_hum_ascii_original	93	93	0
original_hum	ascii_original	26	final_prompt_token_minus_10	1930	0.20506784319877625	0.20506784319877625	0.0	0.0	48	48	1	1	original_hum_ascii_original	original_hum_ascii_original	93	93	0
original_hum	ascii_original	26	final_prompt_token_minus_10	2228	0.31241273880004883	0.31241273880004883	0.0	0.0	16	16	1	1	original_hum_ascii_original	original_hum_ascii_original	93	93	0
original_hum	ascii_original	26	final_prompt_token_minus_10	2430	0.31360340118408203	0.31360340118408203	0.0	0.0	15	15	1	1	original_hum_ascii_original	original_hum_ascii_original	93	93	0
original_hum	ascii_original	26	final_prompt_token_minus_10	2567	0.20114853978157043	0.20114853978157043	0.0	0.0	49	49	1	1	original_hum_ascii_original	original_hum_ascii_original	93	93	0
original_hum	ascii_original	26	final_prompt_token_minus_10	2938	0.506166934967041	0.506166934967041	0.0	0.0	3	3	1	1	original_hum_ascii_original	original_hum_ascii_original	93	93	0
original_hum	ascii_original	26	final_prompt_token_minus_10	3313	0.25181522965431213	0.25181522965431213	0.0	0.0	31	31	1	1	original_hum_ascii_original	original_hum_ascii_original	93	93	0
original_hum	ascii_original	26	final_prompt_token_minus_10	5024	0.1957503706216812	0.1957503706216812	0.0	0.0	50	50	1	1	original_hum_ascii_original	original_hum_ascii_original	93	93	0
original_hum	ascii_original	26	final_prompt_token_minus_10	5417	0.22449925541877747	0.22449925541877747	0.0	0.0	42	42	1	1	original_hum_ascii_original	original_hum_ascii_original	93	93	0
original_hum	ascii_original	26	final_prompt_token_minus_10	6069	0.46696481108665466	0.46696481108665466	0.0	0.0	6	6	1	1	original_hum_ascii_original	original_hum_ascii_original	93	93	0
original_hum	ascii_original	26	final_prompt_token_minus_10	7334	0.24433588981628418	0.24433588981628418	0.0	0.0	33	33	1	1	original_hum_ascii_original	original_hum_ascii_original	93	93	0
original_hum	ascii_original	26	final_prompt_token_minus_10	7711	0.23950497806072235	0.23950497806072235	0.0	0.0	35	35	1	1	original_hum_ascii_original	original_hum_ascii_original	93	93	0
original_hum	ascii_original	26	final_prompt_token_minus_10	7754	0.22224204242229462	0.22224204242229462	0.0	0.0	43	43	1	1	original_hum_ascii_original	original_hum_ascii_original	93	93	0
original_hum	ascii_original	26	final_prompt_token_minus_10	7837	0.2901982069015503	0.2901982069015503	0.0	0.0	22	22	1	1	original_hum_ascii_original	original_hum_ascii_original	93	93	0
original_hum	ascii_original	26	final_prompt_token_minus_10	7982	0.3287926912307739	0.3287926912307739	0.0	0.0	12	12	1	1	original_hum_ascii_original	original_hum_ascii_original	93	93	0
original_hum	ascii_original	26	final_prompt_token_minus_10	9576	0.32189232110977173	0.32189232110977173	0.0	0.0	14	14	1	1	original_hum_ascii_original	original_hum_ascii_original	93	93	0
original_hum	ascii_original	26	final_prompt_token_minus_10	9860	0.23908907175064087	0.23908907175064087	0.0	0.0	36	36	1	1	original_hum_ascii_original	original_hum_ascii_original	93	93	0
original_hum	ascii_original	26	final_prompt_token_minus_10	10346	0.3018604516983032	0.3018604516983032	0.0	0.0	18	18	1	1	original_hum_ascii_original	original_hum_ascii_original	93	93	0
original_hum	ascii_original	26	final_prompt_token_minus_10	10709	0.4288721978664398	0.4288721978664398	0.0	0.0	8	8	1	1	original_hum_ascii_original	original_hum_ascii_original	93	93	0
original_hum	ascii_original	26	final_prompt_token_minus_10	11147	0.21604067087173462	0.21604067087173462	0.0	0.0	45	45	1	1	original_hum_ascii_original	original_hum_ascii_original	93	93	0
original_hum	ascii_original	26	final_prompt_token_minus_10	14672	0.4373258054256439	0.4373258054256439	0.0	0.0	7	7	1	1	original_hum_ascii_original	original_hum_ascii_original	93	93	0
original_hum	ascii_original	26	final_prompt_token_minus_10	15458	0.2680817246437073	0.2680817246437073	0.0	0.0	28	28	1	1	original_hum_ascii_original	original_hum_ascii_original	93	93	0
original_hum	ascii_original	26	final_prompt_token_minus_10	16439	0.3258412778377533	0.3258412778377533	0.0	0.0	13	13	1	1	original_hum_ascii_original	original_hum_ascii_original	93	93	0
original_hum	ascii_original	26	final_prompt_token_minus_10	17869	0.23722341656684875	0.23722341656684875	0.0	0.0	38	38	1	1	original_hum_ascii_original	original_hum_ascii_original	93	93	0
original_hum	ascii_original	26	final_prompt_token_minus_10	18527	0.6229004859924316	0.6229004859924316	0.0	0.0	2	2	1	1	original_hum_ascii_original	original_hum_ascii_original	93	93	0
original_hum	ascii_original	26	final_prompt_token_minus_10	18847	0.376891165971756	0.376891165971756	0.0	0.0	10	10	1	1	original_hum_ascii_original	original_hum_ascii_original	93	93	0
original_hum	ascii_original	26	final_prompt_token_minus_10	19185	0.2483186572790146	0.2483186572790146	0.0	0.0	32	32	1	1	original_hum_ascii_original	original_hum_ascii_original	93	93	0
original_hum	ascii_original	26	final_prompt_token_minus_10	19389	0.29297420382499695	0.29297420382499695	0.0	0.0	21	21	1	1	original_hum_ascii_original	original_hum_ascii_original	93	93	0
original_hum	ascii_original	26	final_prompt_token_minus_10	20303	0.27866989374160767	0.27866989374160767	0.0	0.0	25	25	1	1	original_hum_ascii_original	original_hum_ascii_original	93	93	0
original_hum	ascii_original	26	final_prompt_token_minus_10	21539	0.21820080280303955	0.21820080280303955	0.0	0.0	44	44	1	1	original_hum_ascii_original	original_hum_ascii_original	93	93	0
original_hum	ascii_original	26	final_prompt_token_minus_10	21687	0.2775919735431671	0.2775919735431671	0.0	0.0	26	26	1	1	original_hum_ascii_original	original_hum_ascii_original	93	93	0
original_hum	ascii_original	26	final_prompt_token_minus_10	21750	0.2274419516324997	0.2274419516324997	0.0	0.0	41	41	1	1	original_hum_ascii_original	original_hum_ascii_original	93	93	0
original_hum	ascii_original	26	final_prompt_token_minus_10	22495	0.27249377965927124	0.27249377965927124	0.0	0.0	27	27	1	1	original_hum_ascii_original	original_hum_ascii_original	93	93	0
original_hum	ascii_original	26	final_prompt_token_minus_10	22922	0.24284201860427856	0.24284201860427856	0.0	0.0	34	34	1	1	original_hum_ascii_original	original_hum_ascii_original	93	93	0
original_hum	ascii_original	26	final_prompt_token_minus_10	24339	0.20780378580093384	0.20780378580093384	0.0	0.0	47	47	1	1	original_hum_ascii_original	original_hum_ascii_original	93	93	0
original_hum	ascii_original	26	final_prompt_token_minus_10	25421	0.26164594292640686	0.26164594292640686	0.0	0.0	29	29	1	1	original_hum_ascii_original	original_hum_ascii_original	93	93	0
original_hum	ascii_original	26	final_prompt_token_minus_10	26216	0.23426811397075653	0.23426811397075653	0.0	0.0	40	40	1	1	original_hum_ascii_original	original_hum_ascii_original	93	93	0
original_hum	ascii_original	26	final_prompt_token_minus_10	26403	0.482820600271225	0.482820600271225	0.0	0.0	4	4	1	1	original_hum_ascii_original	original_hum_ascii_original	93	93	0
original_hum	ascii_original	26	final_prompt_token_minus_10	26684	0.889609694480896	0.889609694480896	0.0	0.0	1	1	1	1	original_hum_ascii_original	original_hum_ascii_original	93	93	0
original_hum	ascii_original	26	final_prompt_token_minus_10	27281	0.30006492137908936	0.30006492137908936	0.0	0.0	19	19	1	1	original_hum_ascii_original	original_hum_ascii_original	93	93	0
original_hum	ascii_original	26	final_prompt_token_minus_10	28971	0.29622629284858704	0.29622629284858704	0.0	0.0	20	20	1	1	original_hum_ascii_original	original_hum_ascii_original	93	93	0
original_hum	ascii_original	26	final_prompt_token_minus_10	29466	0.28463661670684814	0.28463661670684814	0.0	0.0	24	24	1	1	original_hum_ascii_original	original_hum_ascii_original	93	93	0
original_hum	ascii_original	26	final_prompt_token_minus_10	30036	0.2868102490901947	0.2868102490901947	0.0	0.0	23	23	1	1	original_hum_ascii_original	original_hum_ascii_original	93	93	0
original_hum	ascii_original	26	final_prompt_token_minus_10	31836	0.2347840964794159	0.2347840964794159	0.0	0.0	39	39	1	1	original_hum_ascii_original	original_hum_ascii_original	93	93	0
original_hum	ascii_original	26	final_prompt_token_minus_10	31897	0.25210583209991455	0.25210583209991455	0.0	0.0	30	30	1	1	original_hum_ascii_original	original_hum_ascii_original	93	93	0
original_hum	ascii_original	14	final_prompt_token	992	0.17527851462364197	0.17527851462364197	0.0	0.0	16	16	1	1	original_hum_ascii_original	original_hum_ascii_original	93	93	0
original_hum	ascii_original	14	final_prompt_token	1168	0.21415798366069794	0.21415798366069794	0.0	0.0	7	7	1	1	original_hum_ascii_original	original_hum_ascii_original	93	93	0
original_hum	ascii_original	14	final_prompt_token	1797	0.12409529089927673	0.12409529089927673	0.0	0.0	44	44	1	1	original_hum_ascii_original	original_hum_ascii_original	93	93	0
original_hum	ascii_original	14	final_prompt_token	1814	0.13580195605754852	0.13580195605754852	0.0	0.0	32	32	1	1	original_hum_ascii_original	original_hum_ascii_original	93	93	0
original_hum	ascii_original	14	final_prompt_token	2176	0.2016182541847229	0.2016182541847229	0.0	0.0	11	11	1	1	original_hum_ascii_original	original_hum_ascii_original	93	93	0
original_hum	ascii_original	14	final_prompt_token	2266	0.1252298653125763	0.1252298653125763	0.0	0.0	42	42	1	1	original_hum_ascii_original	original_hum_ascii_original	93	93	0
original_hum	ascii_original	14	final_prompt_token	2961	0.5185853242874146	0.5185853242874146	0.0	0.0	1	1	1	1	original_hum_ascii_original	original_hum_ascii_original	93	93	0
original_hum	ascii_original	14	final_prompt_token	3830	0.511833131313324	0.511833131313324	0.0	0.0	2	2	1	1	original_hum_ascii_original	original_hum_ascii_original	93	93	0
original_hum	ascii_original	14	final_prompt_token	4428	0.13570520281791687	0.13570520281791687	0.0	0.0	33	33	1	1	original_hum_ascii_original	original_hum_ascii_original	93	93	0
original_hum	ascii_original	14	final_prompt_token	4620	0.12692593038082123	0.12692593038082123	0.0	0.0	40	40	1	1	original_hum_ascii_original	original_hum_ascii_original	93	93	0
original_hum	ascii_original	14	final_prompt_token	4880	0.11506478488445282	0.11506478488445282	0.0	0.0	49	49	1	1	original_hum_ascii_original	original_hum_ascii_original	93	93	0
original_hum	ascii_original	14	final_prompt_token	4953	0.17742495238780975	0.17742495238780975	0.0	0.0	15	15	1	1	original_hum_ascii_original	original_hum_ascii_original	93	93	0
original_hum	ascii_original	14	final_prompt_token	6429	0.2723112404346466	0.2723112404346466	0.0	0.0	4	4	1	1	original_hum_ascii_original	original_hum_ascii_original	93	93	0
original_hum	ascii_original	14	final_prompt_token	7163	0.34494391083717346	0.34494391083717346	0.0	0.0	3	3	1	1	original_hum_ascii_original	original_hum_ascii_original	93	93	0
original_hum	ascii_original	14	final_prompt_token	8033	0.21156567335128784	0.21156567335128784	0.0	0.0	8	8	1	1	original_hum_ascii_original	original_hum_ascii_original	93	93	0
original_hum	ascii_original	14	final_prompt_token	9030	0.1373305469751358	0.1373305469751358	0.0	0.0	29	29	1	1	original_hum_ascii_original	original_hum_ascii_original	93	93	0
original_hum	ascii_original	14	final_prompt_token	9383	0.13118919730186462	0.13118919730186462	0.0	0.0	36	36	1	1	original_hum_ascii_original	original_hum_ascii_original	93	93	0
original_hum	ascii_original	14	final_prompt_token	10976	0.15480084717273712	0.15480084717273712	0.0	0.0	22	22	1	1	original_hum_ascii_original	original_hum_ascii_original	93	93	0
original_hum	ascii_original	14	final_prompt_token	11464	0.13259612023830414	0.13259612023830414	0.0	0.0	34	34	1	1	original_hum_ascii_original	original_hum_ascii_original	93	93	0
original_hum	ascii_original	14	final_prompt_token	12080	0.14483243227005005	0.14483243227005005	0.0	0.0	24	24	1	1	original_hum_ascii_original	original_hum_ascii_original	93	93	0
original_hum	ascii_original	14	final_prompt_token	12433	0.11901742219924927	0.11901742219924927	0.0	0.0	46	46	1	1	original_hum_ascii_original	original_hum_ascii_original	93	93	0
original_hum	ascii_original	14	final_prompt_token	12817	0.13707657158374786	0.13707657158374786	0.0	0.0	30	30	1	1	original_hum_ascii_original	original_hum_ascii_original	93	93	0
original_hum	ascii_original	14	final_prompt_token	13029	0.1324918121099472	0.1324918121099472	0.0	0.0	35	35	1	1	original_hum_ascii_original	original_hum_ascii_original	93	93	0
original_hum	ascii_original	14	final_prompt_token	14679	0.12387111783027649	0.12387111783027649	0.0	0.0	45	45	1	1	original_hum_ascii_original	original_hum_ascii_original	93	93	0
original_hum	ascii_original	14	final_prompt_token	14885	0.1365322768688202	0.1365322768688202	0.0	0.0	31	31	1	1	original_hum_ascii_original	original_hum_ascii_original	93	93	0
original_hum	ascii_original	14	final_prompt_token	14932	0.1438901424407959	0.1438901424407959	0.0	0.0	25	25	1	1	original_hum_ascii_original	original_hum_ascii_original	93	93	0
original_hum	ascii_original	14	final_prompt_token	15605	0.16277040541172028	0.16277040541172028	0.0	0.0	19	19	1	1	original_hum_ascii_original	original_hum_ascii_original	93	93	0
original_hum	ascii_original	14	final_prompt_token	16382	0.20584312081336975	0.20584312081336975	0.0	0.0	9	9	1	1	original_hum_ascii_original	original_hum_ascii_original	93	93	0
original_hum	ascii_original	14	final_prompt_token	16801	0.1905839890241623	0.1905839890241623	0.0	0.0	14	14	1	1	original_hum_ascii_original	original_hum_ascii_original	93	93	0
original_hum	ascii_original	14	final_prompt_token	16845	0.1151876226067543	0.1151876226067543	0.0	0.0	48	48	1	1	original_hum_ascii_original	original_hum_ascii_original	93	93	0
original_hum	ascii_original	14	final_prompt_token	17193	0.1705974042415619	0.1705974042415619	0.0	0.0	17	17	1	1	original_hum_ascii_original	original_hum_ascii_original	93	93	0
original_hum	ascii_original	14	final_prompt_token	17275	0.1272931694984436	0.1272931694984436	0.0	0.0	38	38	1	1	original_hum_ascii_original	original_hum_ascii_original	93	93	0
original_hum	ascii_original	14	final_prompt_token	17656	0.128530353307724	0.128530353307724	0.0	0.0	37	37	1	1	original_hum_ascii_original	original_hum_ascii_original	93	93	0
original_hum	ascii_original	14	final_prompt_token	18895	0.1380925178527832	0.1380925178527832	0.0	0.0	28	28	1	1	original_hum_ascii_original	original_hum_ascii_original	93	93	0
original_hum	ascii_original	14	final_prompt_token	20402	0.19249580800533295	0.19249580800533295	0.0	0.0	12	12	1	1	original_hum_ascii_original	original_hum_ascii_original	93	93	0
original_hum	ascii_original	14	final_prompt_token	20557	0.25481921434402466	0.25481921434402466	0.0	0.0	5	5	1	1	original_hum_ascii_original	original_hum_ascii_original	93	93	0
original_hum	ascii_original	14	final_prompt_token	20681	0.1260993778705597	0.1260993778705597	0.0	0.0	41	41	1	1	original_hum_ascii_original	original_hum_ascii_original	93	93	0
original_hum	ascii_original	14	final_prompt_token	20769	0.16162540018558502	0.16162540018558502	0.0	0.0	20	20	1	1	original_hum_ascii_original	original_hum_ascii_original	93	93	0
original_hum	ascii_original	14	final_prompt_token	23591	0.14032292366027832	0.14032292366027832	0.0	0.0	27	27	1	1	original_hum_ascii_original	original_hum_ascii_original	93	93	0
original_hum	ascii_original	14	final_prompt_token	25151	0.15837322175502777	0.15837322175502777	0.0	0.0	21	21	1	1	original_hum_ascii_original	original_hum_ascii_original	93	93	0
original_hum	ascii_original	14	final_prompt_token	26050	0.114312082529068	0.114312082529068	0.0	0.0	50	50	1	1	original_hum_ascii_original	original_hum_ascii_original	93	93	0
original_hum	ascii_original	14	final_prompt_token	26237	0.16283361613750458	0.16283361613750458	0.0	0.0	18	18	1	1	original_hum_ascii_original	original_hum_ascii_original	93	93	0
original_hum	ascii_original	14	final_prompt_token	28025	0.11595268547534943	0.11595268547534943	0.0	0.0	47	47	1	1	original_hum_ascii_original	original_hum_ascii_original	93	93	0
original_hum	ascii_original	14	final_prompt_token	30170	0.19237349927425385	0.19237349927425385	0.0	0.0	13	13	1	1	original_hum_ascii_original	original_hum_ascii_original	93	93	0
original_hum	ascii_original	14	final_prompt_token	30172	0.12711578607559204	0.12711578607559204	0.0	0.0	39	39	1	1	original_hum_ascii_original	original_hum_ascii_original	93	93	0
original_hum	ascii_original	14	final_prompt_token	30964	0.2511886656284332	0.2511886656284332	0.0	0.0	6	6	1	1	original_hum_ascii_original	original_hum_ascii_original	93	93	0
original_hum	ascii_original	14	final_prompt_token	31774	0.1435861885547638	0.1435861885547638	0.0	0.0	26	26	1	1	original_hum_ascii_original	original_hum_ascii_original	93	93	0
original_hum	ascii_original	14	final_prompt_token	32300	0.2046404778957367	0.2046404778957367	0.0	0.0	10	10	1	1	original_hum_ascii_original	original_hum_ascii_original	93	93	0
original_hum	ascii_original	14	final_prompt_token	32358	0.1246265321969986	0.1246265321969986	0.0	0.0	43	43	1	1	original_hum_ascii_original	original_hum_ascii_original	93	93	0
original_hum	ascii_original	14	final_prompt_token	32621	0.14936262369155884	0.14936262369155884	0.0	0.0	23	23	1	1	original_hum_ascii_original	original_hum_ascii_original	93	93	0
original_hum	ascii_original	14	final_prompt_token_minus_1	1013	0.09495832026004791	0.09495832026004791	0.0	0.0	25	25	1	1	original_hum_ascii_original	original_hum_ascii_original	93	93	0
original_hum	ascii_original	14	final_prompt_token_minus_1	1102	0.07666369527578354	0.07666369527578354	0.0	0.0	47	47	1	1	original_hum_ascii_original	original_hum_ascii_original	93	93	0
original_hum	ascii_original	14	final_prompt_token_minus_1	2665	0.07960088551044464	0.07960088551044464	0.0	0.0	40	40	1	1	original_hum_ascii_original	original_hum_ascii_original	93	93	0
original_hum	ascii_original	14	final_prompt_token_minus_1	2961	1.0314112901687622	1.0314112901687622	0.0	0.0	2	2	1	1	original_hum_ascii_original	original_hum_ascii_original	93	93	0
original_hum	ascii_original	14	final_prompt_token_minus_1	3289	0.21890011429786682	0.21890011429786682	0.0	0.0	8	8	1	1	original_hum_ascii_original	original_hum_ascii_original	93	93	0
original_hum	ascii_original	14	final_prompt_token_minus_1	3557	0.13522164523601532	0.13522164523601532	0.0	0.0	18	18	1	1	original_hum_ascii_original	original_hum_ascii_original	93	93	0
original_hum	ascii_original	14	final_prompt_token_minus_1	4337	0.07833660393953323	0.07833660393953323	0.0	0.0	42	42	1	1	original_hum_ascii_original	original_hum_ascii_original	93	93	0
original_hum	ascii_original	14	final_prompt_token_minus_1	4880	0.08719722926616669	0.08719722926616669	0.0	0.0	29	29	1	1	original_hum_ascii_original	original_hum_ascii_original	93	93	0
original_hum	ascii_original	14	final_prompt_token_minus_1	4953	0.1415524184703827	0.1415524184703827	0.0	0.0	16	16	1	1	original_hum_ascii_original	original_hum_ascii_original	93	93	0
original_hum	ascii_original	14	final_prompt_token_minus_1	4959	0.07820617407560349	0.07820617407560349	0.0	0.0	43	43	1	1	original_hum_ascii_original	original_hum_ascii_original	93	93	0
original_hum	ascii_original	14	final_prompt_token_minus_1	6025	0.09043773263692856	0.09043773263692856	0.0	0.0	28	28	1	1	original_hum_ascii_original	original_hum_ascii_original	93	93	0
original_hum	ascii_original	14	final_prompt_token_minus_1	6429	0.22330895066261292	0.22330895066261292	0.0	0.0	7	7	1	1	original_hum_ascii_original	original_hum_ascii_original	93	93	0
original_hum	ascii_original	14	final_prompt_token_minus_1	7163	0.21606037020683289	0.21606037020683289	0.0	0.0	9	9	1	1	original_hum_ascii_original	original_hum_ascii_original	93	93	0
original_hum	ascii_original	14	final_prompt_token_minus_1	8033	1.3254016637802124	1.3254016637802124	0.0	0.0	1	1	1	1	original_hum_ascii_original	original_hum_ascii_original	93	93	0
original_hum	ascii_original	14	final_prompt_token_minus_1	11522	0.10359454154968262	0.10359454154968262	0.0	0.0	20	20	1	1	original_hum_ascii_original	original_hum_ascii_original	93	93	0
original_hum	ascii_original	14	final_prompt_token_minus_1	11726	0.07187807559967041	0.07187807559967041	0.0	0.0	50	50	1	1	original_hum_ascii_original	original_hum_ascii_original	93	93	0
original_hum	ascii_original	14	final_prompt_token_minus_1	11831	0.08563582599163055	0.08563582599163055	0.0	0.0	30	30	1	1	original_hum_ascii_original	original_hum_ascii_original	93	93	0
original_hum	ascii_original	14	final_prompt_token_minus_1	11864	0.084995336830616	0.084995336830616	0.0	0.0	31	31	1	1	original_hum_ascii_original	original_hum_ascii_original	93	93	0
original_hum	ascii_original	14	final_prompt_token_minus_1	12000	0.14680488407611847	0.14680488407611847	0.0	0.0	14	14	1	1	original_hum_ascii_original	original_hum_ascii_original	93	93	0
original_hum	ascii_original	14	final_prompt_token_minus_1	12578	0.08373109251260757	0.08373109251260757	0.0	0.0	32	32	1	1	original_hum_ascii_original	original_hum_ascii_original	93	93	0
original_hum	ascii_original	14	final_prompt_token_minus_1	13029	0.10216090083122253	0.10216090083122253	0.0	0.0	21	21	1	1	original_hum_ascii_original	original_hum_ascii_original	93	93	0
original_hum	ascii_original	14	final_prompt_token_minus_1	13119	0.14598676562309265	0.14598676562309265	0.0	0.0	15	15	1	1	original_hum_ascii_original	original_hum_ascii_original	93	93	0
original_hum	ascii_original	14	final_prompt_token_minus_1	13692	0.08346346020698547	0.08346346020698547	0.0	0.0	33	33	1	1	original_hum_ascii_original	original_hum_ascii_original	93	93	0
original_hum	ascii_original	14	final_prompt_token_minus_1	14932	0.07605382055044174	0.07605382055044174	0.0	0.0	48	48	1	1	original_hum_ascii_original	original_hum_ascii_original	93	93	0
original_hum	ascii_original	14	final_prompt_token_minus_1	15396	0.17640447616577148	0.17640447616577148	0.0	0.0	11	11	1	1	original_hum_ascii_original	original_hum_ascii_original	93	93	0
original_hum	ascii_original	14	final_prompt_token_minus_1	15605	0.08014270663261414	0.08014270663261414	0.0	0.0	38	38	1	1	original_hum_ascii_original	original_hum_ascii_original	93	93	0
original_hum	ascii_original	14	final_prompt_token_minus_1	16077	0.1330661177635193	0.1330661177635193	0.0	0.0	19	19	1	1	original_hum_ascii_original	original_hum_ascii_original	93	93	0
original_hum	ascii_original	14	final_prompt_token_minus_1	17656	0.07976562529802322	0.07976562529802322	0.0	0.0	39	39	1	1	original_hum_ascii_original	original_hum_ascii_original	93	93	0
original_hum	ascii_original	14	final_prompt_token_minus_1	19133	0.24571211636066437	0.24571211636066437	0.0	0.0	5	5	1	1	original_hum_ascii_original	original_hum_ascii_original	93	93	0
original_hum	ascii_original	14	final_prompt_token_minus_1	20403	0.09776154160499573	0.09776154160499573	0.0	0.0	24	24	1	1	original_hum_ascii_original	original_hum_ascii_original	93	93	0
original_hum	ascii_original	14	final_prompt_token_minus_1	20557	0.18130949139595032	0.18130949139595032	0.0	0.0	10	10	1	1	original_hum_ascii_original	original_hum_ascii_original	93	93	0
original_hum	ascii_original	14	final_prompt_token_minus_1	20681	0.1379212737083435	0.1379212737083435	0.0	0.0	17	17	1	1	original_hum_ascii_original	original_hum_ascii_original	93	93	0
original_hum	ascii_original	14	final_prompt_token_minus_1	20998	0.09990052133798599	0.09990052133798599	0.0	0.0	22	22	1	1	original_hum_ascii_original	original_hum_ascii_original	93	93	0
original_hum	ascii_original	14	final_prompt_token_minus_1	21393	0.08071122318506241	0.08071122318506241	0.0	0.0	36	36	1	1	original_hum_ascii_original	original_hum_ascii_original	93	93	0
original_hum	ascii_original	14	final_prompt_token_minus_1	21405	0.08184586465358734	0.08184586465358734	0.0	0.0	35	35	1	1	original_hum_ascii_original	original_hum_ascii_original	93	93	0
original_hum	ascii_original	14	final_prompt_token_minus_1	21447	0.24075758457183838	0.24075758457183838	0.0	0.0	6	6	1	1	original_hum_ascii_original	original_hum_ascii_original	93	93	0
original_hum	ascii_original	14	final_prompt_token_minus_1	21981	0.2605286240577698	0.2605286240577698	0.0	0.0	4	4	1	1	original_hum_ascii_original	original_hum_ascii_original	93	93	0
original_hum	ascii_original	14	final_prompt_token_minus_1	22608	0.08023607730865479	0.08023607730865479	0.0	0.0	37	37	1	1	original_hum_ascii_original	original_hum_ascii_original	93	93	0
original_hum	ascii_original	14	final_prompt_token_minus_1	22813	0.07742861658334732	0.07742861658334732	0.0	0.0	46	46	1	1	original_hum_ascii_original	original_hum_ascii_original	93	93	0
original_hum	ascii_original	14	final_prompt_token_minus_1	23505	0.14780056476593018	0.14780056476593018	0.0	0.0	12	12	1	1	original_hum_ascii_original	original_hum_ascii_original	93	93	0
original_hum	ascii_original	14	final_prompt_token_minus_1	25151	0.14700427651405334	0.14700427651405334	0.0	0.0	13	13	1	1	original_hum_ascii_original	original_hum_ascii_original	93	93	0
original_hum	ascii_original	14	final_prompt_token_minus_1	26050	0.09191124141216278	0.09191124141216278	0.0	0.0	27	27	1	1	original_hum_ascii_original	original_hum_ascii_original	93	93	0
original_hum	ascii_original	14	final_prompt_token_minus_1	26615	0.09321640431880951	0.09321640431880951	0.0	0.0	26	26	1	1	original_hum_ascii_original	original_hum_ascii_original	93	93	0
original_hum	ascii_original	14	final_prompt_token_minus_1	28492	0.09920089691877365	0.09920089691877365	0.0	0.0	23	23	1	1	original_hum_ascii_original	original_hum_ascii_original	93	93	0
original_hum	ascii_original	14	final_prompt_token_minus_1	28536	0.07590261101722717	0.07590261101722717	0.0	0.0	49	49	1	1	original_hum_ascii_original	original_hum_ascii_original	93	93	0
original_hum	ascii_original	14	final_prompt_token_minus_1	29619	0.07801148295402527	0.07801148295402527	0.0	0.0	44	44	1	1	original_hum_ascii_original	original_hum_ascii_original	93	93	0
original_hum	ascii_original	14	final_prompt_token_minus_1	30170	0.3690895140171051	0.3690895140171051	0.0	0.0	3	3	1	1	original_hum_ascii_original	original_hum_ascii_original	93	93	0
original_hum	ascii_original	14	final_prompt_token_minus_1	30225	0.07931183278560638	0.07931183278560638	0.0	0.0	41	41	1	1	original_hum_ascii_original	original_hum_ascii_original	93	93	0
original_hum	ascii_original	14	final_prompt_token_minus_1	31733	0.07765716314315796	0.07765716314315796	0.0	0.0	45	45	1	1	original_hum_ascii_original	original_hum_ascii_original	93	93	0
original_hum	ascii_original	14	final_prompt_token_minus_1	32204	0.08204953372478485	0.08204953372478485	0.0	0.0	34	34	1	1	original_hum_ascii_original	original_hum_ascii_original	93	93	0
original_hum	ascii_original	14	final_prompt_token_minus_5	210	0.08845587819814682	0.08845587819814682	0.0	0.0	48	48	1	1	original_hum_ascii_original	original_hum_ascii_original	93	93	0
original_hum	ascii_original	14	final_prompt_token_minus_5	438	0.16378967463970184	0.16378967463970184	0.0	0.0	13	13	1	1	original_hum_ascii_original	original_hum_ascii_original	93	93	0
original_hum	ascii_original	14	final_prompt_token_minus_5	1973	0.17396679520606995	0.17396679520606995	0.0	0.0	12	12	1	1	original_hum_ascii_original	original_hum_ascii_original	93	93	0
original_hum	ascii_original	14	final_prompt_token_minus_5	2961	1.0757501125335693	1.0757501125335693	0.0	0.0	1	1	1	1	original_hum_ascii_original	original_hum_ascii_original	93	93	0
original_hum	ascii_original	14	final_prompt_token_minus_5	3454	0.08824450522661209	0.08824450522661209	0.0	0.0	49	49	1	1	original_hum_ascii_original	original_hum_ascii_original	93	93	0
original_hum	ascii_original	14	final_prompt_token_minus_5	3781	0.13802973926067352	0.13802973926067352	0.0	0.0	18	18	1	1	original_hum_ascii_original	original_hum_ascii_original	93	93	0
original_hum	ascii_original	14	final_prompt_token_minus_5	4010	0.23250465095043182	0.23250465095043182	0.0	0.0	6	6	1	1	original_hum_ascii_original	original_hum_ascii_original	93	93	0
original_hum	ascii_original	14	final_prompt_token_minus_5	4850	0.10583700984716415	0.10583700984716415	0.0	0.0	35	35	1	1	original_hum_ascii_original	original_hum_ascii_original	93	93	0
original_hum	ascii_original	14	final_prompt_token_minus_5	5032	0.1081906259059906	0.1081906259059906	0.0	0.0	30	30	1	1	original_hum_ascii_original	original_hum_ascii_original	93	93	0
original_hum	ascii_original	14	final_prompt_token_minus_5	6429	0.26575198769569397	0.26575198769569397	0.0	0.0	5	5	1	1	original_hum_ascii_original	original_hum_ascii_original	93	93	0
original_hum	ascii_original	14	final_prompt_token_minus_5	6442	0.09860055893659592	0.09860055893659592	0.0	0.0	39	39	1	1	original_hum_ascii_original	original_hum_ascii_original	93	93	0
original_hum	ascii_original	14	final_prompt_token_minus_5	6477	0.1163020133972168	0.1163020133972168	0.0	0.0	27	27	1	1	original_hum_ascii_original	original_hum_ascii_original	93	93	0
original_hum	ascii_original	14	final_prompt_token_minus_5	6804	0.5306376814842224	0.5306376814842224	0.0	0.0	3	3	1	1	original_hum_ascii_original	original_hum_ascii_original	93	93	0
original_hum	ascii_original	14	final_prompt_token_minus_5	6846	0.18230310082435608	0.18230310082435608	0.0	0.0	10	10	1	1	original_hum_ascii_original	original_hum_ascii_original	93	93	0
original_hum	ascii_original	14	final_prompt_token_minus_5	7998	0.22291457653045654	0.22291457653045654	0.0	0.0	7	7	1	1	original_hum_ascii_original	original_hum_ascii_original	93	93	0
original_hum	ascii_original	14	final_prompt_token_minus_5	10804	0.11051413416862488	0.11051413416862488	0.0	0.0	28	28	1	1	original_hum_ascii_original	original_hum_ascii_original	93	93	0
original_hum	ascii_original	14	final_prompt_token_minus_5	11864	0.12023269385099411	0.12023269385099411	0.0	0.0	24	24	1	1	original_hum_ascii_original	original_hum_ascii_original	93	93	0
original_hum	ascii_original	14	final_prompt_token_minus_5	12179	0.14202867448329926	0.14202867448329926	0.0	0.0	16	16	1	1	original_hum_ascii_original	original_hum_ascii_original	93	93	0
original_hum	ascii_original	14	final_prompt_token_minus_5	12399	0.08793401718139648	0.08793401718139648	0.0	0.0	50	50	1	1	original_hum_ascii_original	original_hum_ascii_original	93	93	0
original_hum	ascii_original	14	final_prompt_token_minus_5	12420	0.7626116275787354	0.7626116275787354	0.0	0.0	2	2	1	1	original_hum_ascii_original	original_hum_ascii_original	93	93	0
original_hum	ascii_original	14	final_prompt_token_minus_5	12546	0.10370586812496185	0.10370586812496185	0.0	0.0	36	36	1	1	original_hum_ascii_original	original_hum_ascii_original	93	93	0
original_hum	ascii_original	14	final_prompt_token_minus_5	13119	0.15948860347270966	0.15948860347270966	0.0	0.0	14	14	1	1	original_hum_ascii_original	original_hum_ascii_original	93	93	0
original_hum	ascii_original	14	final_prompt_token_minus_5	13517	0.11006458103656769	0.11006458103656769	0.0	0.0	29	29	1	1	original_hum_ascii_original	original_hum_ascii_original	93	93	0
original_hum	ascii_original	14	final_prompt_token_minus_5	15006	0.09291967749595642	0.09291967749595642	0.0	0.0	42	42	1	1	original_hum_ascii_original	original_hum_ascii_original	93	93	0
original_hum	ascii_original	14	final_prompt_token_minus_5	16195	0.1765463501214981	0.1765463501214981	0.0	0.0	11	11	1	1	original_hum_ascii_original	original_hum_ascii_original	93	93	0
original_hum	ascii_original	14	final_prompt_token_minus_5	16973	0.13534760475158691	0.13534760475158691	0.0	0.0	19	19	1	1	original_hum_ascii_original	original_hum_ascii_original	93	93	0
original_hum	ascii_original	14	final_prompt_token_minus_5	17384	0.0928545594215393	0.0928545594215393	0.0	0.0	43	43	1	1	original_hum_ascii_original	original_hum_ascii_original	93	93	0
original_hum	ascii_original	14	final_prompt_token_minus_5	17656	0.12278657406568527	0.12278657406568527	0.0	0.0	23	23	1	1	original_hum_ascii_original	original_hum_ascii_original	93	93	0
original_hum	ascii_original	14	final_prompt_token_minus_5	17889	0.14771750569343567	0.14771750569343567	0.0	0.0	15	15	1	1	original_hum_ascii_original	original_hum_ascii_original	93	93	0
original_hum	ascii_original	14	final_prompt_token_minus_5	18673	0.18366771936416626	0.18366771936416626	0.0	0.0	9	9	1	1	original_hum_ascii_original	original_hum_ascii_original	93	93	0
original_hum	ascii_original	14	final_prompt_token_minus_5	18775	0.10586845874786377	0.10586845874786377	0.0	0.0	34	34	1	1	original_hum_ascii_original	original_hum_ascii_original	93	93	0
original_hum	ascii_original	14	final_prompt_token_minus_5	19919	0.12692531943321228	0.12692531943321228	0.0	0.0	22	22	1	1	original_hum_ascii_original	original_hum_ascii_original	93	93	0
original_hum	ascii_original	14	final_prompt_token_minus_5	20064	0.13042046129703522	0.13042046129703522	0.0	0.0	21	21	1	1	original_hum_ascii_original	original_hum_ascii_original	93	93	0
original_hum	ascii_original	14	final_prompt_token_minus_5	20557	0.18499016761779785	0.18499016761779785	0.0	0.0	8	8	1	1	original_hum_ascii_original	original_hum_ascii_original	93	93	0
original_hum	ascii_original	14	final_prompt_token_minus_5	20681	0.09171319007873535	0.09171319007873535	0.0	0.0	45	45	1	1	original_hum_ascii_original	original_hum_ascii_original	93	93	0
original_hum	ascii_original	14	final_prompt_token_minus_5	21803	0.09094459563493729	0.09094459563493729	0.0	0.0	47	47	1	1	original_hum_ascii_original	original_hum_ascii_original	93	93	0
original_hum	ascii_original	14	final_prompt_token_minus_5	22208	0.09776429831981659	0.09776429831981659	0.0	0.0	40	40	1	1	original_hum_ascii_original	original_hum_ascii_original	93	93	0
original_hum	ascii_original	14	final_prompt_token_minus_5	22813	0.10602040588855743	0.10602040588855743	0.0	0.0	32	32	1	1	original_hum_ascii_original	original_hum_ascii_original	93	93	0
original_hum	ascii_original	14	final_prompt_token_minus_5	23073	0.1408545970916748	0.1408545970916748	0.0	0.0	17	17	1	1	original_hum_ascii_original	original_hum_ascii_original	93	93	0
original_hum	ascii_original	14	final_prompt_token_minus_5	23364	0.10133588314056396	0.10133588314056396	0.0	0.0	38	38	1	1	original_hum_ascii_original	original_hum_ascii_original	93	93	0
original_hum	ascii_original	14	final_prompt_token_minus_5	23957	0.09750664979219437	0.09750664979219437	0.0	0.0	41	41	1	1	original_hum_ascii_original	original_hum_ascii_original	93	93	0
original_hum	ascii_original	14	final_prompt_token_minus_5	25125	0.10812551528215408	0.10812551528215408	0.0	0.0	31	31	1	1	original_hum_ascii_original	original_hum_ascii_original	93	93	0
original_hum	ascii_original	14	final_prompt_token_minus_5	26945	0.11726683378219604	0.11726683378219604	0.0	0.0	26	26	1	1	original_hum_ascii_original	original_hum_ascii_original	93	93	0
original_hum	ascii_original	14	final_prompt_token_minus_5	27023	0.4281465411186218	0.4281465411186218	0.0	0.0	4	4	1	1	original_hum_ascii_original	original_hum_ascii_original	93	93	0
original_hum	ascii_original	14	final_prompt_token_minus_5	28149	0.10150748491287231	0.10150748491287231	0.0	0.0	37	37	1	1	original_hum_ascii_original	original_hum_ascii_original	93	93	0
original_hum	ascii_original	14	final_prompt_token_minus_5	29868	0.13392025232315063	0.13392025232315063	0.0	0.0	20	20	1	1	original_hum_ascii_original	original_hum_ascii_original	93	93	0
original_hum	ascii_original	14	final_prompt_token_minus_5	30950	0.11847710609436035	0.11847710609436035	0.0	0.0	25	25	1	1	original_hum_ascii_original	original_hum_ascii_original	93	93	0
original_hum	ascii_original	14	final_prompt_token_minus_5	31267	0.0927112028002739	0.0927112028002739	0.0	0.0	44	44	1	1	original_hum_ascii_original	original_hum_ascii_original	93	93	0
original_hum	ascii_original	14	final_prompt_token_minus_5	31558	0.0915255919098854	0.0915255919098854	0.0	0.0	46	46	1	1	original_hum_ascii_original	original_hum_ascii_original	93	93	0
original_hum	ascii_original	14	final_prompt_token_minus_5	31733	0.10594604909420013	0.10594604909420013	0.0	0.0	33	33	1	1	original_hum_ascii_original	original_hum_ascii_original	93	93	0
original_hum	ascii_original	14	final_prompt_token_minus_10	389	0.22831714153289795	0.22831714153289795	0.0	0.0	12	12	1	1	original_hum_ascii_original	original_hum_ascii_original	93	93	0
original_hum	ascii_original	14	final_prompt_token_minus_10	438	0.12640373408794403	0.12640373408794403	0.0	0.0	48	48	1	1	original_hum_ascii_original	original_hum_ascii_original	93	93	0
original_hum	ascii_original	14	final_prompt_token_minus_10	872	0.14789557456970215	0.14789557456970215	0.0	0.0	32	32	1	1	original_hum_ascii_original	original_hum_ascii_original	93	93	0
original_hum	ascii_original	14	final_prompt_token_minus_10	2328	0.24085605144500732	0.24085605144500732	0.0	0.0	11	11	1	1	original_hum_ascii_original	original_hum_ascii_original	93	93	0
original_hum	ascii_original	14	final_prompt_token_minus_10	2961	0.29128599166870117	0.29128599166870117	0.0	0.0	7	7	1	1	original_hum_ascii_original	original_hum_ascii_original	93	93	0
original_hum	ascii_original	14	final_prompt_token_minus_10	3994	0.29292353987693787	0.29292353987693787	0.0	0.0	6	6	1	1	original_hum_ascii_original	original_hum_ascii_original	93	93	0
original_hum	ascii_original	14	final_prompt_token_minus_10	4718	0.13467371463775635	0.13467371463775635	0.0	0.0	40	40	1	1	original_hum_ascii_original	original_hum_ascii_original	93	93	0
original_hum	ascii_original	14	final_prompt_token_minus_10	5903	0.19853372871875763	0.19853372871875763	0.0	0.0	15	15	1	1	original_hum_ascii_original	original_hum_ascii_original	93	93	0
original_hum	ascii_original	14	final_prompt_token_minus_10	6192	0.1287318468093872	0.1287318468093872	0.0	0.0	47	47	1	1	original_hum_ascii_original	original_hum_ascii_original	93	93	0
original_hum	ascii_original	14	final_prompt_token_minus_10	6557	0.19661995768547058	0.19661995768547058	0.0	0.0	17	17	1	1	original_hum_ascii_original	original_hum_ascii_original	93	93	0
original_hum	ascii_original	14	final_prompt_token_minus_10	6642	0.2821335792541504	0.2821335792541504	0.0	0.0	8	8	1	1	original_hum_ascii_original	original_hum_ascii_original	93	93	0
original_hum	ascii_original	14	final_prompt_token_minus_10	7427	0.13666051626205444	0.13666051626205444	0.0	0.0	39	39	1	1	original_hum_ascii_original	original_hum_ascii_original	93	93	0
original_hum	ascii_original	14	final_prompt_token_minus_10	7845	0.19415977597236633	0.19415977597236633	0.0	0.0	18	18	1	1	original_hum_ascii_original	original_hum_ascii_original	93	93	0
original_hum	ascii_original	14	final_prompt_token_minus_10	9867	0.1296529769897461	0.1296529769897461	0.0	0.0	46	46	1	1	original_hum_ascii_original	original_hum_ascii_original	93	93	0
original_hum	ascii_original	14	final_prompt_token_minus_10	9914	0.1473228633403778	0.1473228633403778	0.0	0.0	33	33	1	1	original_hum_ascii_original	original_hum_ascii_original	93	93	0
original_hum	ascii_original	14	final_prompt_token_minus_10	10221	0.13865381479263306	0.13865381479263306	0.0	0.0	36	36	1	1	original_hum_ascii_original	original_hum_ascii_original	93	93	0
original_hum	ascii_original	14	final_prompt_token_minus_10	10677	0.15325823426246643	0.15325823426246643	0.0	0.0	29	29	1	1	original_hum_ascii_original	original_hum_ascii_original	93	93	0
original_hum	ascii_original	14	final_prompt_token_minus_10	10845	0.26700595021247864	0.26700595021247864	0.0	0.0	10	10	1	1	original_hum_ascii_original	original_hum_ascii_original	93	93	0
original_hum	ascii_original	14	final_prompt_token_minus_10	10976	0.18629325926303864	0.18629325926303864	0.0	0.0	19	19	1	1	original_hum_ascii_original	original_hum_ascii_original	93	93	0
original_hum	ascii_original	14	final_prompt_token_minus_10	11466	0.14874418079853058	0.14874418079853058	0.0	0.0	31	31	1	1	original_hum_ascii_original	original_hum_ascii_original	93	93	0
original_hum	ascii_original	14	final_prompt_token_minus_10	11646	0.13824020326137543	0.13824020326137543	0.0	0.0	37	37	1	1	original_hum_ascii_original	original_hum_ascii_original	93	93	0
original_hum	ascii_original	14	final_prompt_token_minus_10	11914	0.29545357823371887	0.29545357823371887	0.0	0.0	5	5	1	1	original_hum_ascii_original	original_hum_ascii_original	93	93	0
original_hum	ascii_original	14	final_prompt_token_minus_10	13119	0.22814424335956573	0.22814424335956573	0.0	0.0	13	13	1	1	original_hum_ascii_original	original_hum_ascii_original	93	93	0
original_hum	ascii_original	14	final_prompt_token_minus_10	13454	0.1422826200723648	0.1422826200723648	0.0	0.0	35	35	1	1	original_hum_ascii_original	original_hum_ascii_original	93	93	0
original_hum	ascii_original	14	final_prompt_token_minus_10	14360	0.17904530465602875	0.17904530465602875	0.0	0.0	22	22	1	1	original_hum_ascii_original	original_hum_ascii_original	93	93	0
original_hum	ascii_original	14	final_prompt_token_minus_10	14507	0.14582833647727966	0.14582833647727966	0.0	0.0	34	34	1	1	original_hum_ascii_original	original_hum_ascii_original	93	93	0
original_hum	ascii_original	14	final_prompt_token_minus_10	16436	0.12284058332443237	0.12284058332443237	0.0	0.0	50	50	1	1	original_hum_ascii_original	original_hum_ascii_original	93	93	0
original_hum	ascii_original	14	final_prompt_token_minus_10	16973	0.12634897232055664	0.12634897232055664	0.0	0.0	49	49	1	1	original_hum_ascii_original	original_hum_ascii_original	93	93	0
original_hum	ascii_original	14	final_prompt_token_minus_10	17072	0.13056580722332	0.13056580722332	0.0	0.0	45	45	1	1	original_hum_ascii_original	original_hum_ascii_original	93	93	0
original_hum	ascii_original	14	final_prompt_token_minus_10	17816	0.15343055129051208	0.15343055129051208	0.0	0.0	28	28	1	1	original_hum_ascii_original	original_hum_ascii_original	93	93	0
original_hum	ascii_original	14	final_prompt_token_minus_10	18079	0.1681946963071823	0.1681946963071823	0.0	0.0	23	23	1	1	original_hum_ascii_original	original_hum_ascii_original	93	93	0
original_hum	ascii_original	14	final_prompt_token_minus_10	19988	0.30489277839660645	0.30489277839660645	0.0	0.0	4	4	1	1	original_hum_ascii_original	original_hum_ascii_original	93	93	0
original_hum	ascii_original	14	final_prompt_token_minus_10	20345	0.1641150414943695	0.1641150414943695	0.0	0.0	24	24	1	1	original_hum_ascii_original	original_hum_ascii_original	93	93	0
original_hum	ascii_original	14	final_prompt_token_minus_10	20402	0.1313169151544571	0.1313169151544571	0.0	0.0	41	41	1	1	original_hum_ascii_original	original_hum_ascii_original	93	93	0
original_hum	ascii_original	14	final_prompt_token_minus_10	20529	0.17968140542507172	0.17968140542507172	0.0	0.0	21	21	1	1	original_hum_ascii_original	original_hum_ascii_original	93	93	0
original_hum	ascii_original	14	final_prompt_token_minus_10	20557	0.28096428513526917	0.28096428513526917	0.0	0.0	9	9	1	1	original_hum_ascii_original	original_hum_ascii_original	93	93	0
original_hum	ascii_original	14	final_prompt_token_minus_10	21486	0.13101494312286377	0.13101494312286377	0.0	0.0	44	44	1	1	original_hum_ascii_original	original_hum_ascii_original	93	93	0
original_hum	ascii_original	14	final_prompt_token_minus_10	21821	0.1489848643541336	0.1489848643541336	0.0	0.0	30	30	1	1	original_hum_ascii_original	original_hum_ascii_original	93	93	0
original_hum	ascii_original	14	final_prompt_token_minus_10	22234	0.19749358296394348	0.19749358296394348	0.0	0.0	16	16	1	1	original_hum_ascii_original	original_hum_ascii_original	93	93	0
original_hum	ascii_original	14	final_prompt_token_minus_10	22870	0.13787509500980377	0.13787509500980377	0.0	0.0	38	38	1	1	original_hum_ascii_original	original_hum_ascii_original	93	93	0
original_hum	ascii_original	14	final_prompt_token_minus_10	22945	0.13124960660934448	0.13124960660934448	0.0	0.0	42	42	1	1	original_hum_ascii_original	original_hum_ascii_original	93	93	0
original_hum	ascii_original	14	final_prompt_token_minus_10	23493	0.1580626517534256	0.1580626517534256	0.0	0.0	27	27	1	1	original_hum_ascii_original	original_hum_ascii_original	93	93	0
original_hum	ascii_original	14	final_prompt_token_minus_10	24296	0.3665282130241394	0.3665282130241394	0.0	0.0	3	3	1	1	original_hum_ascii_original	original_hum_ascii_original	93	93	0
original_hum	ascii_original	14	final_prompt_token_minus_10	26049	0.18129445612430573	0.18129445612430573	0.0	0.0	20	20	1	1	original_hum_ascii_original	original_hum_ascii_original	93	93	0
original_hum	ascii_original	14	final_prompt_token_minus_10	27057	0.21331223845481873	0.21331223845481873	0.0	0.0	14	14	1	1	original_hum_ascii_original	original_hum_ascii_original	93	93	0
original_hum	ascii_original	14	final_prompt_token_minus_10	27661	0.16031919419765472	0.16031919419765472	0.0	0.0	25	25	1	1	original_hum_ascii_original	original_hum_ascii_original	93	93	0
original_hum	ascii_original	14	final_prompt_token_minus_10	28627	0.1588219702243805	0.1588219702243805	0.0	0.0	26	26	1	1	original_hum_ascii_original	original_hum_ascii_original	93	93	0
original_hum	ascii_original	14	final_prompt_token_minus_10	29791	0.13114282488822937	0.13114282488822937	0.0	0.0	43	43	1	1	original_hum_ascii_original	original_hum_ascii_original	93	93	0
original_hum	ascii_original	14	final_prompt_token_minus_10	31706	0.38800662755966187	0.38800662755966187	0.0	0.0	2	2	1	1	original_hum_ascii_original	original_hum_ascii_original	93	93	0
original_hum	ascii_original	14	final_prompt_token_minus_10	31733	0.4693179726600647	0.4693179726600647	0.0	0.0	1	1	1	1	original_hum_ascii_original	original_hum_ascii_original	93	93	0
original_hum	d_to_ḑ	26	final_prompt_token	599	0.26421117782592773	0.2543397545814514	-0.009871423244476318	0.009871423244476318	14	18	1	1	original_hum_ascii_original	original_hum_d_to_ḑ	93	124	31
original_hum	d_to_ḑ	26	final_prompt_token	799	0.0	0.22199967503547668	0.22199967503547668	0.22199967503547668		23	0	1	original_hum_ascii_original	original_hum_d_to_ḑ	93	124	31
original_hum	d_to_ḑ	26	final_prompt_token	1626	0.42868274450302124	0.36685711145401	-0.06182563304901123	0.06182563304901123	4	6	1	1	original_hum_ascii_original	original_hum_d_to_ḑ	93	124	31
original_hum	d_to_ḑ	26	final_prompt_token	2722	0.18328024446964264	0.0	-0.18328024446964264	0.18328024446964264	35		1	0	original_hum_ascii_original	original_hum_d_to_ḑ	93	124	31
original_hum	d_to_ḑ	26	final_prompt_token	2938	1.5165886878967285	1.4191093444824219	-0.09747934341430664	0.09747934341430664	1	1	1	1	original_hum_ascii_original	original_hum_d_to_ḑ	93	124	31
original_hum	d_to_ḑ	26	final_prompt_token	3241	0.39762821793556213	0.39311277866363525	-0.00451543927192688	0.00451543927192688	6	5	1	1	original_hum_ascii_original	original_hum_d_to_ḑ	93	124	31
original_hum	d_to_ḑ	26	final_prompt_token	3271	0.1778457760810852	0.18286727368831635	0.00502149760723114	0.00502149760723114	39	33	1	1	original_hum_ascii_original	original_hum_d_to_ḑ	93	124	31
original_hum	d_to_ḑ	26	final_prompt_token	4795	0.15955334901809692	0.0	-0.15955334901809692	0.15955334901809692	46		1	0	original_hum_ascii_original	original_hum_d_to_ḑ	93	124	31
original_hum	d_to_ḑ	26	final_prompt_token	5257	0.24086657166481018	0.2598108649253845	0.01894429326057434	0.01894429326057434	19	15	1	1	original_hum_ascii_original	original_hum_d_to_ḑ	93	124	31
original_hum	d_to_ḑ	26	final_prompt_token	5995	0.0	0.15720348060131073	0.15720348060131073	0.15720348060131073		46	0	1	original_hum_ascii_original	original_hum_d_to_ḑ	93	124	31
original_hum	d_to_ḑ	26	final_prompt_token	6021	0.2518101930618286	0.2491822987794876	-0.0026278942823410034	0.0026278942823410034	16	19	1	1	original_hum_ascii_original	original_hum_d_to_ḑ	93	124	31
original_hum	d_to_ḑ	26	final_prompt_token	6194	0.3265438377857208	0.27976322174072266	-0.04678061604499817	0.04678061604499817	11	12	1	1	original_hum_ascii_original	original_hum_d_to_ḑ	93	124	31
original_hum	d_to_ḑ	26	final_prompt_token	6429	0.28714343905448914	0.30359748005867004	0.016454041004180908	0.016454041004180908	12	10	1	1	original_hum_ascii_original	original_hum_d_to_ḑ	93	124	31
original_hum	d_to_ḑ	26	final_prompt_token	6593	0.17148388922214508	0.0	-0.17148388922214508	0.17148388922214508	44		1	0	original_hum_ascii_original	original_hum_d_to_ḑ	93	124	31
original_hum	d_to_ḑ	26	final_prompt_token	7108	0.17276988923549652	0.0	-0.17276988923549652	0.17276988923549652	43		1	0	original_hum_ascii_original	original_hum_d_to_ḑ	93	124	31
original_hum	d_to_ḑ	26	final_prompt_token	7163	0.18945331871509552	0.1776902675628662	-0.011763051152229309	0.011763051152229309	31	35	1	1	original_hum_ascii_original	original_hum_d_to_ḑ	93	124	31
original_hum	d_to_ḑ	26	final_prompt_token	7982	0.22221095860004425	0.19445542991161346	-0.027755528688430786	0.027755528688430786	23	28	1	1	original_hum_ascii_original	original_hum_d_to_ḑ	93	124	31
original_hum	d_to_ḑ	26	final_prompt_token	8216	0.17607000470161438	0.18992263078689575	0.013852626085281372	0.013852626085281372	40	31	1	1	original_hum_ascii_original	original_hum_d_to_ḑ	93	124	31
original_hum	d_to_ḑ	26	final_prompt_token	8418	0.17841987311840057	0.1636323779821396	-0.014787495136260986	0.014787495136260986	38	44	1	1	original_hum_ascii_original	original_hum_d_to_ḑ	93	124	31
original_hum	d_to_ḑ	26	final_prompt_token	8882	0.17877648770809174	0.19398610293865204	0.015209615230560303	0.015209615230560303	37	29	1	1	original_hum_ascii_original	original_hum_d_to_ḑ	93	124	31
original_hum	d_to_ḑ	26	final_prompt_token	9745	0.1738123893737793	0.0	-0.1738123893737793	0.1738123893737793	41		1	0	original_hum_ascii_original	original_hum_d_to_ḑ	93	124	31
original_hum	d_to_ḑ	26	final_prompt_token	11256	0.3714236319065094	0.4188053607940674	0.04738172888755798	0.04738172888755798	8	4	1	1	original_hum_ascii_original	original_hum_d_to_ḑ	93	124	31
original_hum	d_to_ḑ	26	final_prompt_token	11456	0.17288172245025635	0.16548827290534973	-0.007393449544906616	0.007393449544906616	42	42	1	1	original_hum_ascii_original	original_hum_d_to_ḑ	93	124	31
original_hum	d_to_ḑ	26	final_prompt_token	12320	0.21982868015766144	0.2203332781791687	0.0005045980215072632	0.0005045980215072632	24	24	1	1	original_hum_ascii_original	original_hum_d_to_ḑ	93	124	31
original_hum	d_to_ḑ	26	final_prompt_token	13061	0.20255284011363983	0.1648384928703308	-0.03771434724330902	0.03771434724330902	27	43	1	1	original_hum_ascii_original	original_hum_d_to_ḑ	93	124	31
original_hum	d_to_ḑ	26	final_prompt_token	13916	0.20334245264530182	0.1907757967710495	-0.01256665587425232	0.01256665587425232	26	30	1	1	original_hum_ascii_original	original_hum_d_to_ḑ	93	124	31
original_hum	d_to_ḑ	26	final_prompt_token	13935	0.33480870723724365	0.3231457769870758	-0.011662930250167847	0.011662930250167847	9	8	1	1	original_hum_ascii_original	original_hum_d_to_ḑ	93	124	31
original_hum	d_to_ḑ	26	final_prompt_token	14614	0.18283355236053467	0.15708012878894806	-0.02575342357158661	0.02575342357158661	36	47	1	1	original_hum_ascii_original	original_hum_d_to_ḑ	93	124	31
original_hum	d_to_ḑ	26	final_prompt_token	15076	0.18733566999435425	0.23772160708904266	0.050385937094688416	0.050385937094688416	33	20	1	1	original_hum_ascii_original	original_hum_d_to_ḑ	93	124	31
original_hum	d_to_ḑ	26	final_prompt_token	15560	0.18576200306415558	0.16820482909679413	-0.01755717396736145	0.01755717396736145	34	41	1	1	original_hum_ascii_original	original_hum_d_to_ḑ	93	124	31
original_hum	d_to_ḑ	26	final_prompt_token	15954	0.33095675706863403	0.30385756492614746	-0.027099192142486572	0.027099192142486572	10	9	1	1	original_hum_ascii_original	original_hum_d_to_ḑ	93	124	31
original_hum	d_to_ḑ	26	final_prompt_token	16439	0.0	0.18667393922805786	0.18667393922805786	0.18667393922805786		32	0	1	original_hum_ascii_original	original_hum_d_to_ḑ	93	124	31
original_hum	d_to_ḑ	26	final_prompt_token	17394	0.2099277377128601	0.1992855966091156	-0.010642141103744507	0.010642141103744507	25	26	1	1	original_hum_ascii_original	original_hum_d_to_ḑ	93	124	31
original_hum	d_to_ḑ	26	final_prompt_token	17869	0.19256216287612915	0.17034298181533813	-0.022219181060791016	0.022219181060791016	29	38	1	1	original_hum_ascii_original	original_hum_d_to_ḑ	93	124	31
original_hum	d_to_ḑ	26	final_prompt_token	18198	0.2619461417198181	0.22990632057189941	-0.0320398211479187	0.0320398211479187	15	21	1	1	original_hum_ascii_original	original_hum_d_to_ḑ	93	124	31
original_hum	d_to_ḑ	26	final_prompt_token	18937	0.6793770790100098	0.6690738201141357	-0.010303258895874023	0.010303258895874023	3	2	1	1	original_hum_ascii_original	original_hum_d_to_ḑ	93	124	31
original_hum	d_to_ḑ	26	final_prompt_token	19335	0.1567714810371399	0.0	-0.1567714810371399	0.1567714810371399	49		1	0	original_hum_ascii_original	original_hum_d_to_ḑ	93	124	31
original_hum	d_to_ḑ	26	final_prompt_token	19389	0.3767392933368683	0.36197859048843384	-0.014760702848434448	0.014760702848434448	7	7	1	1	original_hum_ascii_original	original_hum_d_to_ḑ	93	124	31
original_hum	d_to_ḑ	26	final_prompt_token	19850	0.0	0.1569613218307495	0.1569613218307495	0.1569613218307495		48	0	1	original_hum_ascii_original	original_hum_d_to_ḑ	93	124	31
original_hum	d_to_ḑ	26	final_prompt_token	21181	0.16554288566112518	0.15595223009586334	-0.00959065556526184	0.00959065556526184	45	49	1	1	original_hum_ascii_original	original_hum_d_to_ḑ	93	124	31
original_hum	d_to_ḑ	26	final_prompt_token	21539	0.0	0.17231743037700653	0.17231743037700653	0.17231743037700653		36	0	1	original_hum_ascii_original	original_hum_d_to_ḑ	93	124	31
original_hum	d_to_ḑ	26	final_prompt_token	22503	0.0	0.1708146333694458	0.1708146333694458	0.1708146333694458		37	0	1	original_hum_ascii_original	original_hum_d_to_ḑ	93	124	31
original_hum	d_to_ḑ	26	final_prompt_token	23977	0.1921742558479309	0.0	-0.1921742558479309	0.1921742558479309	30		1	0	original_hum_ascii_original	original_hum_d_to_ḑ	93	124	31
original_hum	d_to_ḑ	26	final_prompt_token	25001	0.2486875057220459	0.2547481954097748	0.006060689687728882	0.006060689687728882	17	16	1	1	original_hum_ascii_original	original_hum_d_to_ḑ	93	124	31
original_hum	d_to_ḑ	26	final_prompt_token	25351	0.0	0.15449291467666626	0.15449291467666626	0.15449291467666626		50	0	1	original_hum_ascii_original	original_hum_d_to_ḑ	93	124	31
original_hum	d_to_ḑ	26	final_prompt_token	25575	0.24138617515563965	0.2241550236940384	-0.017231151461601257	0.017231151461601257	18	22	1	1	original_hum_ascii_original	original_hum_d_to_ḑ	93	124	31
original_hum	d_to_ḑ	26	final_prompt_token	26363	0.15943516790866852	0.17028479278087616	0.010849624872207642	0.010849624872207642	47	39	1	1	original_hum_ascii_original	original_hum_d_to_ḑ	93	124	31
original_hum	d_to_ḑ	26	final_prompt_token	26684	0.22939588129520416	0.27230241894721985	0.042906537652015686	0.042906537652015686	20	13	1	1	original_hum_ascii_original	original_hum_d_to_ḑ	93	124	31
original_hum	d_to_ḑ	26	final_prompt_token	27342	0.22260019183158875	0.26426881551742554	0.04166862368583679	0.04166862368583679	22	14	1	1	original_hum_ascii_original	original_hum_d_to_ḑ	93	124	31
original_hum	d_to_ḑ	26	final_prompt_token	27872	0.15484745800495148	0.0	-0.15484745800495148	0.15484745800495148	50		1	0	original_hum_ascii_original	original_hum_d_to_ḑ	93	124	31
original_hum	d_to_ḑ	26	final_prompt_token	28713	0.6876921057701111	0.6564428806304932	-0.03124922513961792	0.03124922513961792	2	3	1	1	original_hum_ascii_original	original_hum_d_to_ḑ	93	124	31
original_hum	d_to_ḑ	26	final_prompt_token	29524	0.267924427986145	0.25457924604415894	-0.013345181941986084	0.013345181941986084	13	17	1	1	original_hum_ascii_original	original_hum_d_to_ḑ	93	124	31
original_hum	d_to_ḑ	26	final_prompt_token	30033	0.18751904368400574	0.1817430555820465	-0.0057759881019592285	0.0057759881019592285	32	34	1	1	original_hum_ascii_original	original_hum_d_to_ḑ	93	124	31
original_hum	d_to_ḑ	26	final_prompt_token	30453	0.19626596570014954	0.19626474380493164	-1.2218952178955078e-06	1.2218952178955078e-06	28	27	1	1	original_hum_ascii_original	original_hum_d_to_ḑ	93	124	31
original_hum	d_to_ḑ	26	final_prompt_token	31073	0.0	0.15929970145225525	0.15929970145225525	0.15929970145225525		45	0	1	original_hum_ascii_original	original_hum_d_to_ḑ	93	124	31
original_hum	d_to_ḑ	26	final_prompt_token	31784	0.0	0.1700439751148224	0.1700439751148224	0.1700439751148224		40	0	1	original_hum_ascii_original	original_hum_d_to_ḑ	93	124	31
original_hum	d_to_ḑ	26	final_prompt_token	31908	0.4130459427833557	0.292633056640625	-0.12041288614273071	0.12041288614273071	5	11	1	1	original_hum_ascii_original	original_hum_d_to_ḑ	93	124	31
original_hum	d_to_ḑ	26	final_prompt_token	32454	0.1574060618877411	0.0	-0.1574060618877411	0.1574060618877411	48		1	0	original_hum_ascii_original	original_hum_d_to_ḑ	93	124	31
original_hum	d_to_ḑ	26	final_prompt_token	32698	0.2284238040447235	0.21616384387016296	-0.012259960174560547	0.012259960174560547	21	25	1	1	original_hum_ascii_original	original_hum_d_to_ḑ	93	124	31
original_hum	d_to_ḑ	26	final_prompt_token_minus_1	704	0.2613154947757721	0.21520686149597168	-0.046108633279800415	0.046108633279800415	14	21	1	1	original_hum_ascii_original	original_hum_d_to_ḑ	93	124	31
original_hum	d_to_ḑ	26	final_prompt_token_minus_1	799	2.0849788188934326	2.0068798065185547	-0.07809901237487793	0.07809901237487793	1	1	1	1	original_hum_ascii_original	original_hum_d_to_ḑ	93	124	31
original_hum	d_to_ḑ	26	final_prompt_token_minus_1	1659	0.16034561395645142	0.1735299527645111	0.013184338808059692	0.013184338808059692	45	32	1	1	original_hum_ascii_original	original_hum_d_to_ḑ	93	124	31
original_hum	d_to_ḑ	26	final_prompt_token_minus_1	2938	1.0453124046325684	1.053802490234375	0.00849008560180664	0.00849008560180664	2	2	1	1	original_hum_ascii_original	original_hum_d_to_ḑ	93	124	31
original_hum	d_to_ḑ	26	final_prompt_token_minus_1	4844	0.16514423489570618	0.15999826788902283	-0.00514596700668335	0.00514596700668335	43	39	1	1	original_hum_ascii_original	original_hum_d_to_ḑ	93	124	31
original_hum	d_to_ḑ	26	final_prompt_token_minus_1	5257	0.22263261675834656	0.1995612382888794	-0.023071378469467163	0.023071378469467163	25	26	1	1	original_hum_ascii_original	original_hum_d_to_ḑ	93	124	31
original_hum	d_to_ḑ	26	final_prompt_token_minus_1	6593	0.1902092844247818	0.16995181143283844	-0.02025747299194336	0.02025747299194336	32	35	1	1	original_hum_ascii_original	original_hum_d_to_ḑ	93	124	31
original_hum	d_to_ḑ	26	final_prompt_token_minus_1	7506	0.17481431365013123	0.163349449634552	-0.011464864015579224	0.011464864015579224	36	37	1	1	original_hum_ascii_original	original_hum_d_to_ḑ	93	124	31
original_hum	d_to_ḑ	26	final_prompt_token_minus_1	7982	0.26551687717437744	0.2338547259569168	-0.03166215121746063	0.03166215121746063	13	19	1	1	original_hum_ascii_original	original_hum_d_to_ḑ	93	124	31
original_hum	d_to_ḑ	26	final_prompt_token_minus_1	8216	0.22875705361366272	0.2343226969242096	0.005565643310546875	0.005565643310546875	23	18	1	1	original_hum_ascii_original	original_hum_d_to_ḑ	93	124	31
original_hum	d_to_ḑ	26	final_prompt_token_minus_1	8882	0.23224426805973053	0.21301551163196564	-0.019228756427764893	0.019228756427764893	20	23	1	1	original_hum_ascii_original	original_hum_d_to_ḑ	93	124	31
original_hum	d_to_ḑ	26	final_prompt_token_minus_1	8891	0.21474391222000122	0.18265435099601746	-0.032089561223983765	0.032089561223983765	27	28	1	1	original_hum_ascii_original	original_hum_d_to_ḑ	93	124	31
original_hum	d_to_ḑ	26	final_prompt_token_minus_1	9241	0.24169208109378815	0.25527769327163696	0.013585612177848816	0.013585612177848816	17	15	1	1	original_hum_ascii_original	original_hum_d_to_ḑ	93	124	31
original_hum	d_to_ḑ	26	final_prompt_token_minus_1	9990	0.23132158815860748	0.2164575159549713	-0.01486407220363617	0.01486407220363617	22	20	1	1	original_hum_ascii_original	original_hum_d_to_ḑ	93	124	31
original_hum	d_to_ḑ	26	final_prompt_token_minus_1	10265	0.1704370677471161	0.1506464183330536	-0.0197906494140625	0.0197906494140625	41	46	1	1	original_hum_ascii_original	original_hum_d_to_ḑ	93	124	31
original_hum	d_to_ḑ	26	final_prompt_token_minus_1	10709	0.19084370136260986	0.19949527084827423	0.008651569485664368	0.008651569485664368	31	27	1	1	original_hum_ascii_original	original_hum_d_to_ḑ	93	124	31
original_hum	d_to_ḑ	26	final_prompt_token_minus_1	10764	0.15153810381889343	0.1470421552658081	-0.004495948553085327	0.004495948553085327	50	48	1	1	original_hum_ascii_original	original_hum_d_to_ḑ	93	124	31
original_hum	d_to_ḑ	26	final_prompt_token_minus_1	11256	0.3408229649066925	0.3321896195411682	-0.008633345365524292	0.008633345365524292	5	6	1	1	original_hum_ascii_original	original_hum_d_to_ḑ	93	124	31
original_hum	d_to_ḑ	26	final_prompt_token_minus_1	13916	0.1931859254837036	0.16112631559371948	-0.03205960988998413	0.03205960988998413	30	38	1	1	original_hum_ascii_original	original_hum_d_to_ḑ	93	124	31
original_hum	d_to_ḑ	26	final_prompt_token_minus_1	15076	0.20724529027938843	0.25653743743896484	0.049292147159576416	0.049292147159576416	28	14	1	1	original_hum_ascii_original	original_hum_d_to_ḑ	93	124	31
original_hum	d_to_ḑ	26	final_prompt_token_minus_1	15484	0.0	0.1451185792684555	0.1451185792684555	0.1451185792684555		50	0	1	original_hum_ascii_original	original_hum_d_to_ḑ	93	124	31
original_hum	d_to_ḑ	26	final_prompt_token_minus_1	16041	0.1622762382030487	0.15117642283439636	-0.011099815368652344	0.011099815368652344	44	45	1	1	original_hum_ascii_original	original_hum_d_to_ḑ	93	124	31
original_hum	d_to_ḑ	26	final_prompt_token_minus_1	16439	0.30100175738334656	0.306962788105011	0.005961030721664429	0.005961030721664429	9	7	1	1	original_hum_ascii_original	original_hum_d_to_ḑ	93	124	31
original_hum	d_to_ḑ	26	final_prompt_token_minus_1	16475	0.22713349759578705	0.23531751334667206	0.00818401575088501	0.00818401575088501	24	17	1	1	original_hum_ascii_original	original_hum_d_to_ḑ	93	124	31
original_hum	d_to_ḑ	26	final_prompt_token_minus_1	16706	0.598991870880127	0.585575520992279	-0.0134163498878479	0.0134163498878479	3	3	1	1	original_hum_ascii_original	original_hum_d_to_ḑ	93	124	31
original_hum	d_to_ḑ	26	final_prompt_token_minus_1	16793	0.15720468759536743	0.0	-0.15720468759536743	0.15720468759536743	46		1	0	original_hum_ascii_original	original_hum_d_to_ḑ	93	124	31
original_hum	d_to_ḑ	26	final_prompt_token_minus_1	17164	0.1829492151737213	0.18211156129837036	-0.0008376538753509521	0.0008376538753509521	34	30	1	1	original_hum_ascii_original	original_hum_d_to_ḑ	93	124	31
original_hum	d_to_ḑ	26	final_prompt_token_minus_1	17869	0.1889125108718872	0.18000513315200806	-0.00890737771987915	0.00890737771987915	33	31	1	1	original_hum_ascii_original	original_hum_d_to_ḑ	93	124	31
original_hum	d_to_ḑ	26	final_prompt_token_minus_1	18977	0.17101836204528809	0.1715087890625	0.0004904270172119141	0.0004904270172119141	40	33	1	1	original_hum_ascii_original	original_hum_d_to_ḑ	93	124	31
original_hum	d_to_ḑ	26	final_prompt_token_minus_1	19389	0.3204427659511566	0.3332185745239258	0.012775808572769165	0.012775808572769165	7	5	1	1	original_hum_ascii_original	original_hum_d_to_ḑ	93	124	31
original_hum	d_to_ḑ	26	final_prompt_token_minus_1	19850	0.28381407260894775	0.25955188274383545	-0.024262189865112305	0.024262189865112305	12	13	1	1	original_hum_ascii_original	original_hum_d_to_ḑ	93	124	31
original_hum	d_to_ḑ	26	final_prompt_token_minus_1	20031	0.2509620487689972	0.2715727388858795	0.020610690116882324	0.020610690116882324	16	11	1	1	original_hum_ascii_original	original_hum_d_to_ḑ	93	124	31
original_hum	d_to_ḑ	26	final_prompt_token_minus_1	22025	0.0	0.15390098094940186	0.15390098094940186	0.15390098094940186		42	0	1	original_hum_ascii_original	original_hum_d_to_ḑ	93	124	31
original_hum	d_to_ḑ	26	final_prompt_token_minus_1	22353	0.23205679655075073	0.2039521187543869	-0.02810467779636383	0.02810467779636383	21	24	1	1	original_hum_ascii_original	original_hum_d_to_ḑ	93	124	31
original_hum	d_to_ḑ	26	final_prompt_token_minus_1	22922	0.17136210203170776	0.0	-0.17136210203170776	0.17136210203170776	39		1	0	original_hum_ascii_original	original_hum_d_to_ḑ	93	124	31
original_hum	d_to_ḑ	26	final_prompt_token_minus_1	23071	0.23368534445762634	0.21377691626548767	-0.019908428192138672	0.019908428192138672	19	22	1	1	original_hum_ascii_original	original_hum_d_to_ḑ	93	124	31
original_hum	d_to_ḑ	26	final_prompt_token_minus_1	24636	0.0	0.14925506711006165	0.14925506711006165	0.14925506711006165		47	0	1	original_hum_ascii_original	original_hum_d_to_ḑ	93	124	31
original_hum	d_to_ḑ	26	final_prompt_token_minus_1	25001	0.29920151829719543	0.2953749895095825	-0.003826528787612915	0.003826528787612915	10	9	1	1	original_hum_ascii_original	original_hum_d_to_ḑ	93	124	31
original_hum	d_to_ḑ	26	final_prompt_token_minus_1	26262	0.16707271337509155	0.15517231822013855	-0.011900395154953003	0.011900395154953003	42	41	1	1	original_hum_ascii_original	original_hum_d_to_ḑ	93	124	31
original_hum	d_to_ḑ	26	final_prompt_token_minus_1	26598	0.23765140771865845	0.20387645065784454	-0.033774957060813904	0.033774957060813904	18	25	1	1	original_hum_ascii_original	original_hum_d_to_ḑ	93	124	31
original_hum	d_to_ḑ	26	final_prompt_token_minus_1	26684	0.3267297148704529	0.30137330293655396	-0.025356411933898926	0.025356411933898926	6	8	1	1	original_hum_ascii_original	original_hum_d_to_ḑ	93	124	31
original_hum	d_to_ḑ	26	final_prompt_token_minus_1	27263	0.15293630957603455	0.0	-0.15293630957603455	0.15293630957603455	48		1	0	original_hum_ascii_original	original_hum_d_to_ḑ	93	124	31
original_hum	d_to_ḑ	26	final_prompt_token_minus_1	27342	0.49847736954689026	0.5054231882095337	0.006945818662643433	0.006945818662643433	4	4	1	1	original_hum_ascii_original	original_hum_d_to_ḑ	93	124	31
original_hum	d_to_ḑ	26	final_prompt_token_minus_1	27461	0.1745932400226593	0.15898169577121735	-0.015611544251441956	0.015611544251441956	37	40	1	1	original_hum_ascii_original	original_hum_d_to_ḑ	93	124	31
original_hum	d_to_ḑ	26	final_prompt_token_minus_1	29065	0.26044073700904846	0.23543505370616913	-0.025005683302879333	0.025005683302879333	15	16	1	1	original_hum_ascii_original	original_hum_d_to_ḑ	93	124	31
original_hum	d_to_ḑ	26	final_prompt_token_minus_1	29171	0.2880919575691223	0.26568466424942017	-0.02240729331970215	0.02240729331970215	11	12	1	1	original_hum_ascii_original	original_hum_d_to_ḑ	93	124	31
original_hum	d_to_ḑ	26	final_prompt_token_minus_1	29472	0.21717436611652374	0.18232448399066925	-0.03484988212585449	0.03484988212585449	26	29	1	1	original_hum_ascii_original	original_hum_d_to_ḑ	93	124	31
original_hum	d_to_ḑ	26	final_prompt_token_minus_1	31073	0.0	0.15365730226039886	0.15365730226039886	0.15365730226039886		44	0	1	original_hum_ascii_original	original_hum_d_to_ḑ	93	124	31
original_hum	d_to_ḑ	26	final_prompt_token_minus_1	31420	0.1995328962802887	0.16677434742450714	-0.032758548855781555	0.032758548855781555	29	36	1	1	original_hum_ascii_original	original_hum_d_to_ḑ	93	124	31
original_hum	d_to_ḑ	26	final_prompt_token_minus_1	31489	0.15497832000255585	0.0	-0.15497832000255585	0.15497832000255585	47		1	0	original_hum_ascii_original	original_hum_d_to_ḑ	93	124	31
original_hum	d_to_ḑ	26	final_prompt_token_minus_1	31784	0.17284302413463593	0.17020925879478455	-0.0026337653398513794	0.0026337653398513794	38	34	1	1	original_hum_ascii_original	original_hum_d_to_ḑ	93	124	31
original_hum	d_to_ḑ	26	final_prompt_token_minus_1	31836	0.18255946040153503	0.1538575440645218	-0.028701916337013245	0.028701916337013245	35	43	1	1	original_hum_ascii_original	original_hum_d_to_ḑ	93	124	31
original_hum	d_to_ḑ	26	final_prompt_token_minus_1	32448	0.15181764960289001	0.1465790569782257	-0.005238592624664307	0.005238592624664307	49	49	1	1	original_hum_ascii_original	original_hum_d_to_ḑ	93	124	31
original_hum	d_to_ḑ	26	final_prompt_token_minus_1	32454	0.30890461802482605	0.28868088126182556	-0.02022373676300049	0.02022373676300049	8	10	1	1	original_hum_ascii_original	original_hum_d_to_ḑ	93	124	31
original_hum	d_to_ḑ	26	final_prompt_token_minus_5	234	0.15021774172782898	0.0	-0.15021774172782898	0.15021774172782898	49		1	0	original_hum_ascii_original	original_hum_d_to_ḑ	93	124	31
original_hum	d_to_ḑ	26	final_prompt_token_minus_5	380	0.17311793565750122	0.19091445207595825	0.01779651641845703	0.01779651641845703	33	20	1	1	original_hum_ascii_original	original_hum_d_to_ḑ	93	124	31
original_hum	d_to_ḑ	26	final_prompt_token_minus_5	557	0.0	0.15300247073173523	0.15300247073173523	0.15300247073173523		35	0	1	original_hum_ascii_original	original_hum_d_to_ḑ	93	124	31
original_hum	d_to_ḑ	26	final_prompt_token_minus_5	704	0.16919872164726257	0.0	-0.16919872164726257	0.16919872164726257	37		1	0	original_hum_ascii_original	original_hum_d_to_ḑ	93	124	31
original_hum	d_to_ḑ	26	final_prompt_token_minus_5	1277	0.17406241595745087	0.0	-0.17406241595745087	0.17406241595745087	32		1	0	original_hum_ascii_original	original_hum_d_to_ḑ	93	124	31
original_hum	d_to_ḑ	26	final_prompt_token_minus_5	1984	0.45683109760284424	0.43177083134651184	-0.025060266256332397	0.025060266256332397	5	5	1	1	original_hum_ascii_original	original_hum_d_to_ḑ	93	124	31
original_hum	d_to_ḑ	26	final_prompt_token_minus_5	2547	0.17214435338974	0.1577766388654709	-0.014367714524269104	0.014367714524269104	35	33	1	1	original_hum_ascii_original	original_hum_d_to_ḑ	93	124	31
original_hum	d_to_ḑ	26	final_prompt_token_minus_5	2786	0.1821536421775818	0.0	-0.1821536421775818	0.1821536421775818	29		1	0	original_hum_ascii_original	original_hum_d_to_ḑ	93	124	31
original_hum	d_to_ḑ	26	final_prompt_token_minus_5	2802	0.17630228400230408	0.1669456660747528	-0.00935661792755127	0.00935661792755127	30	26	1	1	original_hum_ascii_original	original_hum_d_to_ḑ	93	124	31
original_hum	d_to_ḑ	26	final_prompt_token_minus_5	2938	0.8425180912017822	1.193082332611084	0.35056424140930176	0.35056424140930176	2	2	1	1	original_hum_ascii_original	original_hum_d_to_ḑ	93	124	31
original_hum	d_to_ḑ	26	final_prompt_token_minus_5	3271	0.22114868462085724	0.16352032124996185	-0.057628363370895386	0.057628363370895386	19	27	1	1	original_hum_ascii_original	original_hum_d_to_ḑ	93	124	31
original_hum	d_to_ḑ	26	final_prompt_token_minus_5	4067	0.2697277069091797	0.20741534233093262	-0.06231236457824707	0.06231236457824707	13	16	1	1	original_hum_ascii_original	original_hum_d_to_ḑ	93	124	31
original_hum	d_to_ḑ	26	final_prompt_token_minus_5	4514	1.3619940280914307	1.2408981323242188	-0.12109589576721191	0.12109589576721191	1	1	1	1	original_hum_ascii_original	original_hum_d_to_ḑ	93	124	31
original_hum	d_to_ḑ	26	final_prompt_token_minus_5	5230	0.5138218998908997	0.5325241088867188	0.018702208995819092	0.018702208995819092	4	4	1	1	original_hum_ascii_original	original_hum_d_to_ḑ	93	124	31
original_hum	d_to_ḑ	26	final_prompt_token_minus_5	5412	0.3838328719139099	0.3339615762233734	-0.0498712956905365	0.0498712956905365	8	8	1	1	original_hum_ascii_original	original_hum_d_to_ḑ	93	124	31
original_hum	d_to_ḑ	26	final_prompt_token_minus_5	5566	0.26797810196876526	0.2370065152645111	-0.03097158670425415	0.03097158670425415	14	13	1	1	original_hum_ascii_original	original_hum_d_to_ḑ	93	124	31
original_hum	d_to_ḑ	26	final_prompt_token_minus_5	5669	0.0	0.13996398448944092	0.13996398448944092	0.13996398448944092		43	0	1	original_hum_ascii_original	original_hum_d_to_ḑ	93	124	31
original_hum	d_to_ḑ	26	final_prompt_token_minus_5	6629	0.0	0.13236118853092194	0.13236118853092194	0.13236118853092194		48	0	1	original_hum_ascii_original	original_hum_d_to_ḑ	93	124	31
original_hum	d_to_ḑ	26	final_prompt_token_minus_5	7159	0.16116683185100555	0.0	-0.16116683185100555	0.16116683185100555	41		1	0	original_hum_ascii_original	original_hum_d_to_ḑ	93	124	31
original_hum	d_to_ḑ	26	final_prompt_token_minus_5	7777	0.0	0.15965133905410767	0.15965133905410767	0.15965133905410767		32	0	1	original_hum_ascii_original	original_hum_d_to_ḑ	93	124	31
original_hum	d_to_ḑ	26	final_prompt_token_minus_5	7982	0.4084320068359375	0.34090352058410645	-0.06752848625183105	0.06752848625183105	7	7	1	1	original_hum_ascii_original	original_hum_d_to_ḑ	93	124	31
original_hum	d_to_ḑ	26	final_prompt_token_minus_5	9784	0.17475195229053497	0.16072501242160797	-0.014026939868927002	0.014026939868927002	31	30	1	1	original_hum_ascii_original	original_hum_d_to_ḑ	93	124	31
original_hum	d_to_ḑ	26	final_prompt_token_minus_5	11145	0.1727781593799591	0.17775028944015503	0.004972130060195923	0.004972130060195923	34	24	1	1	original_hum_ascii_original	original_hum_d_to_ḑ	93	124	31
original_hum	d_to_ḑ	26	final_prompt_token_minus_5	11331	0.1540197730064392	0.0	-0.1540197730064392	0.1540197730064392	46		1	0	original_hum_ascii_original	original_hum_d_to_ḑ	93	124	31
original_hum	d_to_ḑ	26	final_prompt_token_minus_5	11412	0.3010661005973816	0.2983633875846863	-0.0027027130126953125	0.0027027130126953125	11	9	1	1	original_hum_ascii_original	original_hum_d_to_ḑ	93	124	31
original_hum	d_to_ḑ	26	final_prompt_token_minus_5	11456	0.17166537046432495	0.14790530502796173	-0.02376006543636322	0.02376006543636322	36	37	1	1	original_hum_ascii_original	original_hum_d_to_ḑ	93	124	31
original_hum	d_to_ḑ	26	final_prompt_token_minus_5	12693	0.19581195712089539	0.19814515113830566	0.0023331940174102783	0.0023331940174102783	25	18	1	1	original_hum_ascii_original	original_hum_d_to_ḑ	93	124	31
original_hum	d_to_ḑ	26	final_prompt_token_minus_5	12709	0.18538178503513336	0.16847483813762665	-0.016906946897506714	0.016906946897506714	27	25	1	1	original_hum_ascii_original	original_hum_d_to_ḑ	93	124	31
original_hum	d_to_ḑ	26	final_prompt_token_minus_5	12998	0.16676536202430725	0.14165878295898438	-0.025106579065322876	0.025106579065322876	39	40	1	1	original_hum_ascii_original	original_hum_d_to_ḑ	93	124	31
original_hum	d_to_ḑ	26	final_prompt_token_minus_5	13599	0.24375773966312408	0.22912685573101044	-0.014630883932113647	0.014630883932113647	17	14	1	1	original_hum_ascii_original	original_hum_d_to_ḑ	93	124	31
original_hum	d_to_ḑ	26	final_prompt_token_minus_5	14142	0.18797194957733154	0.0	-0.18797194957733154	0.18797194957733154	26		1	0	original_hum_ascii_original	original_hum_d_to_ḑ	93	124	31
original_hum	d_to_ḑ	26	final_prompt_token_minus_5	14667	0.19799308478832245	0.1799686700105667	-0.018024414777755737	0.018024414777755737	23	22	1	1	original_hum_ascii_original	original_hum_d_to_ḑ	93	124	31
original_hum	d_to_ḑ	26	final_prompt_token_minus_5	14771	0.16651684045791626	0.13961175084114075	-0.026905089616775513	0.026905089616775513	40	45	1	1	original_hum_ascii_original	original_hum_d_to_ḑ	93	124	31
original_hum	d_to_ḑ	26	final_prompt_token_minus_5	14855	0.0	0.1618829071521759	0.1618829071521759	0.1618829071521759		29	0	1	original_hum_ascii_original	original_hum_d_to_ḑ	93	124	31
original_hum	d_to_ḑ	26	final_prompt_token_minus_5	14949	0.1974395513534546	0.1304129660129547	-0.06702658534049988	0.06702658534049988	24	49	1	1	original_hum_ascii_original	original_hum_d_to_ḑ	93	124	31
original_hum	d_to_ḑ	26	final_prompt_token_minus_5	15420	0.27171340584754944	0.21835029125213623	-0.05336311459541321	0.05336311459541321	12	15	1	1	original_hum_ascii_original	original_hum_d_to_ḑ	93	124	31
original_hum	d_to_ḑ	26	final_prompt_token_minus_5	16041	0.2182314395904541	0.190799742937088	-0.02743169665336609	0.02743169665336609	20	21	1	1	original_hum_ascii_original	original_hum_d_to_ḑ	93	124	31
original_hum	d_to_ḑ	26	final_prompt_token_minus_5	16793	0.0	0.14150279760360718	0.14150279760360718	0.14150279760360718		41	0	1	original_hum_ascii_original	original_hum_d_to_ḑ	93	124	31
original_hum	d_to_ḑ	26	final_prompt_token_minus_5	18665	0.1512882560491562	0.0	-0.1512882560491562	0.1512882560491562	47		1	0	original_hum_ascii_original	original_hum_d_to_ḑ	93	124	31
original_hum	d_to_ḑ	26	final_prompt_token_minus_5	19389	0.2609201967716217	0.2068883776664734	-0.054031819105148315	0.054031819105148315	15	17	1	1	original_hum_ascii_original	original_hum_d_to_ḑ	93	124	31
original_hum	d_to_ḑ	26	final_prompt_token_minus_5	19668	0.374565988779068	0.27991676330566406	-0.09464922547340393	0.09464922547340393	9	10	1	1	original_hum_ascii_original	original_hum_d_to_ḑ	93	124	31
original_hum	d_to_ḑ	26	final_prompt_token_minus_5	19878	0.1497126817703247	0.0	-0.1497126817703247	0.1497126817703247	50		1	0	original_hum_ascii_original	original_hum_d_to_ḑ	93	124	31
original_hum	d_to_ḑ	26	final_prompt_token_minus_5	20330	0.0	0.12973377108573914	0.12973377108573914	0.12973377108573914		50	0	1	original_hum_ascii_original	original_hum_d_to_ḑ	93	124	31
original_hum	d_to_ḑ	26	final_prompt_token_minus_5	21350	0.0	0.13753071427345276	0.13753071427345276	0.13753071427345276		46	0	1	original_hum_ascii_original	original_hum_d_to_ḑ	93	124	31
original_hum	d_to_ḑ	26	final_prompt_token_minus_5	23071	0.1567426323890686	0.0	-0.1567426323890686	0.1567426323890686	43		1	0	original_hum_ascii_original	original_hum_d_to_ḑ	93	124	31
original_hum	d_to_ḑ	26	final_prompt_token_minus_5	23178	0.41616809368133545	0.37499138712882996	-0.04117670655250549	0.04117670655250549	6	6	1	1	original_hum_ascii_original	original_hum_d_to_ḑ	93	124	31
original_hum	d_to_ḑ	26	final_prompt_token_minus_5	23952	0.7403864860534668	0.6903201341629028	-0.050066351890563965	0.050066351890563965	3	3	1	1	original_hum_ascii_original	original_hum_d_to_ḑ	93	124	31
original_hum	d_to_ḑ	26	final_prompt_token_minus_5	24803	0.1504477560520172	0.16333645582199097	0.012888699769973755	0.012888699769973755	48	28	1	1	original_hum_ascii_original	original_hum_d_to_ḑ	93	124	31
original_hum	d_to_ḑ	26	final_prompt_token_minus_5	25228	0.1547814905643463	0.0	-0.1547814905643463	0.1547814905643463	45		1	0	original_hum_ascii_original	original_hum_d_to_ḑ	93	124	31
original_hum	d_to_ḑ	26	final_prompt_token_minus_5	27281	0.19916246831417084	0.19430263340473175	-0.004859834909439087	0.004859834909439087	22	19	1	1	original_hum_ascii_original	original_hum_d_to_ḑ	93	124	31
original_hum	d_to_ḑ	26	final_prompt_token_minus_5	27606	0.0	0.14511600136756897	0.14511600136756897	0.14511600136756897		38	0	1	original_hum_ascii_original	original_hum_d_to_ḑ	93	124	31
original_hum	d_to_ḑ	26	final_prompt_token_minus_5	28289	0.0	0.14900407195091248	0.14900407195091248	0.14900407195091248		36	0	1	original_hum_ascii_original	original_hum_d_to_ḑ	93	124	31
original_hum	d_to_ḑ	26	final_prompt_token_minus_5	28777	0.0	0.1413094848394394	0.1413094848394394	0.1413094848394394		42	0	1	original_hum_ascii_original	original_hum_d_to_ḑ	93	124	31
original_hum	d_to_ḑ	26	final_prompt_token_minus_5	29275	0.18314476311206818	0.17809556424617767	-0.005049198865890503	0.005049198865890503	28	23	1	1	original_hum_ascii_original	original_hum_d_to_ḑ	93	124	31
original_hum	d_to_ḑ	26	final_prompt_token_minus_5	30153	0.1580786108970642	0.16065877676010132	0.0025801658630371094	0.0025801658630371094	42	31	1	1	original_hum_ascii_original	original_hum_d_to_ḑ	93	124	31
original_hum	d_to_ḑ	26	final_prompt_token_minus_5	30911	0.3365362882614136	0.2662743330001831	-0.07026195526123047	0.07026195526123047	10	11	1	1	original_hum_ascii_original	original_hum_d_to_ḑ	93	124	31
original_hum	d_to_ḑ	26	final_prompt_token_minus_5	31025	0.15671776235103607	0.13752317428588867	-0.0191945880651474	0.0191945880651474	44	47	1	1	original_hum_ascii_original	original_hum_d_to_ḑ	93	124	31
original_hum	d_to_ḑ	26	final_prompt_token_minus_5	31206	0.25306740403175354	0.2377844601869583	-0.015282943844795227	0.015282943844795227	16	12	1	1	original_hum_ascii_original	original_hum_d_to_ḑ	93	124	31
original_hum	d_to_ḑ	26	final_prompt_token_minus_5	31589	0.20227934420108795	0.15601617097854614	-0.04626317322254181	0.04626317322254181	21	34	1	1	original_hum_ascii_original	original_hum_d_to_ḑ	93	124	31
original_hum	d_to_ḑ	26	final_prompt_token_minus_5	31632	0.22159573435783386	0.13972154259681702	-0.08187419176101685	0.08187419176101685	18	44	1	1	original_hum_ascii_original	original_hum_d_to_ḑ	93	124	31
original_hum	d_to_ḑ	26	final_prompt_token_minus_5	31784	0.16785354912281036	0.14504334330558777	-0.022810205817222595	0.022810205817222595	38	39	1	1	original_hum_ascii_original	original_hum_d_to_ḑ	93	124	31
original_hum	d_to_ḑ	26	final_prompt_token_minus_10	75	0.3511373996734619	0.3880513906478882	0.03691399097442627	0.03691399097442627	11	10	1	1	original_hum_ascii_original	original_hum_d_to_ḑ	93	124	31
original_hum	d_to_ḑ	26	final_prompt_token_minus_10	428	0.23780721426010132	0.2692105174064636	0.031403303146362305	0.031403303146362305	37	26	1	1	original_hum_ascii_original	original_hum_d_to_ḑ	93	124	31
original_hum	d_to_ḑ	26	final_prompt_token_minus_10	677	0.4729844331741333	0.5709430575370789	0.09795862436294556	0.09795862436294556	5	3	1	1	original_hum_ascii_original	original_hum_d_to_ḑ	93	124	31
original_hum	d_to_ḑ	26	final_prompt_token_minus_10	704	0.4263949990272522	0.4000110626220703	-0.026383936405181885	0.026383936405181885	9	8	1	1	original_hum_ascii_original	original_hum_d_to_ḑ	93	124	31
original_hum	d_to_ḑ	26	final_prompt_token_minus_10	805	0.3022213578224182	0.32813411951065063	0.025912761688232422	0.025912761688232422	17	14	1	1	original_hum_ascii_original	original_hum_d_to_ḑ	93	124	31
original_hum	d_to_ḑ	26	final_prompt_token_minus_10	1205	0.21149316430091858	0.2264353334903717	0.014942169189453125	0.014942169189453125	46	38	1	1	original_hum_ascii_original	original_hum_d_to_ḑ	93	124	31
original_hum	d_to_ḑ	26	final_prompt_token_minus_10	1206	0.0	0.24399077892303467	0.24399077892303467	0.24399077892303467		35	0	1	original_hum_ascii_original	original_hum_d_to_ḑ	93	124	31
original_hum	d_to_ḑ	26	final_prompt_token_minus_10	1238	0.0	0.2679431438446045	0.2679431438446045	0.2679431438446045		27	0	1	original_hum_ascii_original	original_hum_d_to_ḑ	93	124	31
original_hum	d_to_ḑ	26	final_prompt_token_minus_10	1930	0.20506784319877625	0.22265666723251343	0.017588824033737183	0.017588824033737183	48	42	1	1	original_hum_ascii_original	original_hum_d_to_ḑ	93	124	31
original_hum	d_to_ḑ	26	final_prompt_token_minus_10	2228	0.31241273880004883	0.2961236238479614	-0.016289114952087402	0.016289114952087402	16	20	1	1	original_hum_ascii_original	original_hum_d_to_ḑ	93	124	31
original_hum	d_to_ḑ	26	final_prompt_token_minus_10	2430	0.31360340118408203	0.31930795311927795	0.005704551935195923	0.005704551935195923	15	15	1	1	original_hum_ascii_original	original_hum_d_to_ḑ	93	124	31
original_hum	d_to_ḑ	26	final_prompt_token_minus_10	2567	0.20114853978157043	0.0	-0.20114853978157043	0.20114853978157043	49		1	0	original_hum_ascii_original	original_hum_d_to_ḑ	93	124	31
original_hum	d_to_ḑ	26	final_prompt_token_minus_10	2720	0.0	0.24475085735321045	0.24475085735321045	0.24475085735321045		33	0	1	original_hum_ascii_original	original_hum_d_to_ḑ	93	124	31
original_hum	d_to_ḑ	26	final_prompt_token_minus_10	2938	0.506166934967041	0.29410600662231445	-0.21206092834472656	0.21206092834472656	3	21	1	1	original_hum_ascii_original	original_hum_d_to_ḑ	93	124	31
original_hum	d_to_ḑ	26	final_prompt_token_minus_10	3313	0.25181522965431213	0.21567711234092712	-0.03613811731338501	0.03613811731338501	31	46	1	1	original_hum_ascii_original	original_hum_d_to_ḑ	93	124	31
original_hum	d_to_ḑ	26	final_prompt_token_minus_10	3361	0.0	0.22841134667396545	0.22841134667396545	0.22841134667396545		37	0	1	original_hum_ascii_original	original_hum_d_to_ḑ	93	124	31
original_hum	d_to_ḑ	26	final_prompt_token_minus_10	4715	0.0	0.30265989899635315	0.30265989899635315	0.30265989899635315		19	0	1	original_hum_ascii_original	original_hum_d_to_ḑ	93	124	31
original_hum	d_to_ḑ	26	final_prompt_token_minus_10	5024	0.1957503706216812	0.0	-0.1957503706216812	0.1957503706216812	50		1	0	original_hum_ascii_original	original_hum_d_to_ḑ	93	124	31
original_hum	d_to_ḑ	26	final_prompt_token_minus_10	5417	0.22449925541877747	0.21049508452415466	-0.014004170894622803	0.014004170894622803	42	49	1	1	original_hum_ascii_original	original_hum_d_to_ḑ	93	124	31
original_hum	d_to_ḑ	26	final_prompt_token_minus_10	6069	0.46696481108665466	0.465749591588974	-0.001215219497680664	0.001215219497680664	6	5	1	1	original_hum_ascii_original	original_hum_d_to_ḑ	93	124	31
original_hum	d_to_ḑ	26	final_prompt_token_minus_10	7334	0.24433588981628418	0.0	-0.24433588981628418	0.24433588981628418	33		1	0	original_hum_ascii_original	original_hum_d_to_ḑ	93	124	31
original_hum	d_to_ḑ	26	final_prompt_token_minus_10	7711	0.23950497806072235	0.24892424046993256	0.009419262409210205	0.009419262409210205	35	32	1	1	original_hum_ascii_original	original_hum_d_to_ḑ	93	124	31
original_hum	d_to_ḑ	26	final_prompt_token_minus_10	7754	0.22224204242229462	0.29310131072998047	0.07085926830768585	0.07085926830768585	43	22	1	1	original_hum_ascii_original	original_hum_d_to_ḑ	93	124	31
original_hum	d_to_ḑ	26	final_prompt_token_minus_10	7837	0.2901982069015503	0.4976106286048889	0.20741242170333862	0.20741242170333862	22	4	1	1	original_hum_ascii_original	original_hum_d_to_ḑ	93	124	31
original_hum	d_to_ḑ	26	final_prompt_token_minus_10	7982	0.3287926912307739	0.27820348739624023	-0.05058920383453369	0.05058920383453369	12	23	1	1	original_hum_ascii_original	original_hum_d_to_ḑ	93	124	31
original_hum	d_to_ḑ	26	final_prompt_token_minus_10	9576	0.32189232110977173	0.27462318539619446	-0.04726913571357727	0.04726913571357727	14	24	1	1	original_hum_ascii_original	original_hum_d_to_ḑ	93	124	31
original_hum	d_to_ḑ	26	final_prompt_token_minus_10	9860	0.23908907175064087	0.25642502307891846	0.017335951328277588	0.017335951328277588	36	29	1	1	original_hum_ascii_original	original_hum_d_to_ḑ	93	124	31
original_hum	d_to_ḑ	26	final_prompt_token_minus_10	10346	0.3018604516983032	0.31016701459884644	0.008306562900543213	0.008306562900543213	18	16	1	1	original_hum_ascii_original	original_hum_d_to_ḑ	93	124	31
original_hum	d_to_ḑ	26	final_prompt_token_minus_10	10709	0.4288721978664398	0.37930846214294434	-0.04956373572349548	0.04956373572349548	8	12	1	1	original_hum_ascii_original	original_hum_d_to_ḑ	93	124	31
original_hum	d_to_ḑ	26	final_prompt_token_minus_10	11147	0.21604067087173462	0.0	-0.21604067087173462	0.21604067087173462	45		1	0	original_hum_ascii_original	original_hum_d_to_ḑ	93	124	31
original_hum	d_to_ḑ	26	final_prompt_token_minus_10	12704	0.0	0.3084837794303894	0.3084837794303894	0.3084837794303894		17	0	1	original_hum_ascii_original	original_hum_d_to_ḑ	93	124	31
original_hum	d_to_ḑ	26	final_prompt_token_minus_10	14672	0.4373258054256439	0.3851967453956604	-0.05212906002998352	0.05212906002998352	7	11	1	1	original_hum_ascii_original	original_hum_d_to_ḑ	93	124	31
original_hum	d_to_ḑ	26	final_prompt_token_minus_10	15458	0.2680817246437073	0.2445107400417328	-0.023570984601974487	0.023570984601974487	28	34	1	1	original_hum_ascii_original	original_hum_d_to_ḑ	93	124	31
original_hum	d_to_ḑ	26	final_prompt_token_minus_10	16073	0.0	0.2235306203365326	0.2235306203365326	0.2235306203365326		40	0	1	original_hum_ascii_original	original_hum_d_to_ḑ	93	124	31
original_hum	d_to_ḑ	26	final_prompt_token_minus_10	16439	0.3258412778377533	0.43014538288116455	0.10430410504341125	0.10430410504341125	13	6	1	1	original_hum_ascii_original	original_hum_d_to_ḑ	93	124	31
original_hum	d_to_ḑ	26	final_prompt_token_minus_10	17869	0.23722341656684875	0.0	-0.23722341656684875	0.23722341656684875	38		1	0	original_hum_ascii_original	original_hum_d_to_ḑ	93	124	31
original_hum	d_to_ḑ	26	final_prompt_token_minus_10	18527	0.6229004859924316	0.6763356328010559	0.05343514680862427	0.05343514680862427	2	2	1	1	original_hum_ascii_original	original_hum_d_to_ḑ	93	124	31
original_hum	d_to_ḑ	26	final_prompt_token_minus_10	18847	0.376891165971756	0.3994113504886627	0.02252018451690674	0.02252018451690674	10	9	1	1	original_hum_ascii_original	original_hum_d_to_ḑ	93	124	31
original_hum	d_to_ḑ	26	final_prompt_token_minus_10	19185	0.2483186572790146	0.0	-0.2483186572790146	0.2483186572790146	32		1	0	original_hum_ascii_original	original_hum_d_to_ḑ	93	124	31
original_hum	d_to_ḑ	26	final_prompt_token_minus_10	19389	0.29297420382499695	0.21193009614944458	-0.08104410767555237	0.08104410767555237	21	47	1	1	original_hum_ascii_original	original_hum_d_to_ḑ	93	124	31
original_hum	d_to_ḑ	26	final_prompt_token_minus_10	20303	0.27866989374160767	0.306124746799469	0.027454853057861328	0.027454853057861328	25	18	1	1	original_hum_ascii_original	original_hum_d_to_ḑ	93	124	31
original_hum	d_to_ḑ	26	final_prompt_token_minus_10	21539	0.21820080280303955	0.0	-0.21820080280303955	0.21820080280303955	44		1	0	original_hum_ascii_original	original_hum_d_to_ḑ	93	124	31
original_hum	d_to_ḑ	26	final_prompt_token_minus_10	21687	0.2775919735431671	0.25352442264556885	-0.024067550897598267	0.024067550897598267	26	30	1	1	original_hum_ascii_original	original_hum_d_to_ḑ	93	124	31
original_hum	d_to_ḑ	26	final_prompt_token_minus_10	21750	0.2274419516324997	0.21681681275367737	-0.010625138878822327	0.010625138878822327	41	45	1	1	original_hum_ascii_original	original_hum_d_to_ḑ	93	124	31
original_hum	d_to_ḑ	26	final_prompt_token_minus_10	22114	0.0	0.20778651535511017	0.20778651535511017	0.20778651535511017		50	0	1	original_hum_ascii_original	original_hum_d_to_ḑ	93	124	31
original_hum	d_to_ḑ	26	final_prompt_token_minus_10	22495	0.27249377965927124	0.22282841801643372	-0.049665361642837524	0.049665361642837524	27	41	1	1	original_hum_ascii_original	original_hum_d_to_ḑ	93	124	31
original_hum	d_to_ḑ	26	final_prompt_token_minus_10	22922	0.24284201860427856	0.25856807827949524	0.015726059675216675	0.015726059675216675	34	28	1	1	original_hum_ascii_original	original_hum_d_to_ḑ	93	124	31
original_hum	d_to_ḑ	26	final_prompt_token_minus_10	24339	0.20780378580093384	0.0	-0.20780378580093384	0.20780378580093384	47		1	0	original_hum_ascii_original	original_hum_d_to_ḑ	93	124	31
original_hum	d_to_ḑ	26	final_prompt_token_minus_10	25421	0.26164594292640686	0.22568413615226746	-0.035961806774139404	0.035961806774139404	29	39	1	1	original_hum_ascii_original	original_hum_d_to_ḑ	93	124	31
original_hum	d_to_ḑ	26	final_prompt_token_minus_10	26216	0.23426811397075653	0.0	-0.23426811397075653	0.23426811397075653	40		1	0	original_hum_ascii_original	original_hum_d_to_ḑ	93	124	31
original_hum	d_to_ḑ	26	final_prompt_token_minus_10	26403	0.482820600271225	0.3324553370475769	-0.15036526322364807	0.15036526322364807	4	13	1	1	original_hum_ascii_original	original_hum_d_to_ḑ	93	124	31
original_hum	d_to_ḑ	26	final_prompt_token_minus_10	26586	0.0	0.21104435622692108	0.21104435622692108	0.21104435622692108		48	0	1	original_hum_ascii_original	original_hum_d_to_ḑ	93	124	31
original_hum	d_to_ḑ	26	final_prompt_token_minus_10	26684	0.889609694480896	0.9172029495239258	0.027593255043029785	0.027593255043029785	1	1	1	1	original_hum_ascii_original	original_hum_d_to_ḑ	93	124	31
original_hum	d_to_ḑ	26	final_prompt_token_minus_10	27281	0.30006492137908936	0.23334631323814392	-0.06671860814094543	0.06671860814094543	19	36	1	1	original_hum_ascii_original	original_hum_d_to_ḑ	93	124	31
original_hum	d_to_ḑ	26	final_prompt_token_minus_10	28971	0.29622629284858704	0.22107574343681335	-0.07515054941177368	0.07515054941177368	20	44	1	1	original_hum_ascii_original	original_hum_d_to_ḑ	93	124	31
original_hum	d_to_ḑ	26	final_prompt_token_minus_10	29466	0.28463661670684814	0.2702103853225708	-0.014426231384277344	0.014426231384277344	24	25	1	1	original_hum_ascii_original	original_hum_d_to_ḑ	93	124	31
original_hum	d_to_ḑ	26	final_prompt_token_minus_10	30036	0.2868102490901947	0.4072026312351227	0.12039238214492798	0.12039238214492798	23	7	1	1	original_hum_ascii_original	original_hum_d_to_ḑ	93	124	31
original_hum	d_to_ḑ	26	final_prompt_token_minus_10	31836	0.2347840964794159	0.2529296278953552	0.01814553141593933	0.01814553141593933	39	31	1	1	original_hum_ascii_original	original_hum_d_to_ḑ	93	124	31
original_hum	d_to_ḑ	26	final_prompt_token_minus_10	31897	0.25210583209991455	0.22252105176448822	-0.02958478033542633	0.02958478033542633	30	43	1	1	original_hum_ascii_original	original_hum_d_to_ḑ	93	124	31
original_hum	d_to_ḑ	14	final_prompt_token	992	0.17527851462364197	0.15752673149108887	-0.0177517831325531	0.0177517831325531	16	19	1	1	original_hum_ascii_original	original_hum_d_to_ḑ	93	124	31
original_hum	d_to_ḑ	14	final_prompt_token	1168	0.21415798366069794	0.19835668802261353	-0.01580129563808441	0.01580129563808441	7	10	1	1	original_hum_ascii_original	original_hum_d_to_ḑ	93	124	31
original_hum	d_to_ḑ	14	final_prompt_token	1797	0.12409529089927673	0.10760217905044556	-0.016493111848831177	0.016493111848831177	44	50	1	1	original_hum_ascii_original	original_hum_d_to_ḑ	93	124	31
original_hum	d_to_ḑ	14	final_prompt_token	1814	0.13580195605754852	0.1352093517780304	-0.0005926042795181274	0.0005926042795181274	32	29	1	1	original_hum_ascii_original	original_hum_d_to_ḑ	93	124	31
original_hum	d_to_ḑ	14	final_prompt_token	2176	0.2016182541847229	0.19271045923233032	-0.008907794952392578	0.008907794952392578	11	12	1	1	original_hum_ascii_original	original_hum_d_to_ḑ	93	124	31
original_hum	d_to_ḑ	14	final_prompt_token	2266	0.1252298653125763	0.11978419125080109	-0.0054456740617752075	0.0054456740617752075	42	40	1	1	original_hum_ascii_original	original_hum_d_to_ḑ	93	124	31
original_hum	d_to_ḑ	14	final_prompt_token	2961	0.5185853242874146	0.5092240571975708	-0.00936126708984375	0.00936126708984375	1	1	1	1	original_hum_ascii_original	original_hum_d_to_ḑ	93	124	31
original_hum	d_to_ḑ	14	final_prompt_token	3291	0.0	0.11838863044977188	0.11838863044977188	0.11838863044977188		41	0	1	original_hum_ascii_original	original_hum_d_to_ḑ	93	124	31
original_hum	d_to_ḑ	14	final_prompt_token	3830	0.511833131313324	0.4991646409034729	-0.012668490409851074	0.012668490409851074	2	2	1	1	original_hum_ascii_original	original_hum_d_to_ḑ	93	124	31
original_hum	d_to_ḑ	14	final_prompt_token	4428	0.13570520281791687	0.146744966506958	0.011039763689041138	0.011039763689041138	33	22	1	1	original_hum_ascii_original	original_hum_d_to_ḑ	93	124	31
original_hum	d_to_ḑ	14	final_prompt_token	4620	0.12692593038082123	0.1238805279135704	-0.003045402467250824	0.003045402467250824	40	37	1	1	original_hum_ascii_original	original_hum_d_to_ḑ	93	124	31
original_hum	d_to_ḑ	14	final_prompt_token	4880	0.11506478488445282	0.0	-0.11506478488445282	0.11506478488445282	49		1	0	original_hum_ascii_original	original_hum_d_to_ḑ	93	124	31
original_hum	d_to_ḑ	14	final_prompt_token	4953	0.17742495238780975	0.19413956999778748	0.016714617609977722	0.016714617609977722	15	11	1	1	original_hum_ascii_original	original_hum_d_to_ḑ	93	124	31
original_hum	d_to_ḑ	14	final_prompt_token	6429	0.2723112404346466	0.2563457787036896	-0.01596546173095703	0.01596546173095703	4	5	1	1	original_hum_ascii_original	original_hum_d_to_ḑ	93	124	31
original_hum	d_to_ḑ	14	final_prompt_token	7163	0.34494391083717346	0.36708757281303406	0.022143661975860596	0.022143661975860596	3	3	1	1	original_hum_ascii_original	original_hum_d_to_ḑ	93	124	31
original_hum	d_to_ḑ	14	final_prompt_token	8033	0.21156567335128784	0.2669205665588379	0.05535489320755005	0.05535489320755005	8	4	1	1	original_hum_ascii_original	original_hum_d_to_ḑ	93	124	31
original_hum	d_to_ḑ	14	final_prompt_token	8677	0.0	0.11662926524877548	0.11662926524877548	0.11662926524877548		43	0	1	original_hum_ascii_original	original_hum_d_to_ḑ	93	124	31
original_hum	d_to_ḑ	14	final_prompt_token	9030	0.1373305469751358	0.10959060490131378	-0.02773994207382202	0.02773994207382202	29	47	1	1	original_hum_ascii_original	original_hum_d_to_ḑ	93	124	31
original_hum	d_to_ḑ	14	final_prompt_token	9383	0.13118919730186462	0.13981375098228455	0.008624553680419922	0.008624553680419922	36	25	1	1	original_hum_ascii_original	original_hum_d_to_ḑ	93	124	31
original_hum	d_to_ḑ	14	final_prompt_token	10976	0.15480084717273712	0.13949793577194214	-0.015302911400794983	0.015302911400794983	22	26	1	1	original_hum_ascii_original	original_hum_d_to_ḑ	93	124	31
original_hum	d_to_ḑ	14	final_prompt_token	11006	0.0	0.1374289095401764	0.1374289095401764	0.1374289095401764		28	0	1	original_hum_ascii_original	original_hum_d_to_ḑ	93	124	31
original_hum	d_to_ḑ	14	final_prompt_token	11464	0.13259612023830414	0.11672256886959076	-0.01587355136871338	0.01587355136871338	34	42	1	1	original_hum_ascii_original	original_hum_d_to_ḑ	93	124	31
original_hum	d_to_ḑ	14	final_prompt_token	11864	0.0	0.10824991762638092	0.10824991762638092	0.10824991762638092		49	0	1	original_hum_ascii_original	original_hum_d_to_ḑ	93	124	31
original_hum	d_to_ḑ	14	final_prompt_token	12080	0.14483243227005005	0.1300288885831833	-0.01480354368686676	0.01480354368686676	24	31	1	1	original_hum_ascii_original	original_hum_d_to_ḑ	93	124	31
original_hum	d_to_ḑ	14	final_prompt_token	12433	0.11901742219924927	0.0	-0.11901742219924927	0.11901742219924927	46		1	0	original_hum_ascii_original	original_hum_d_to_ḑ	93	124	31
original_hum	d_to_ḑ	14	final_prompt_token	12817	0.13707657158374786	0.14025837182998657	0.0031818002462387085	0.0031818002462387085	30	24	1	1	original_hum_ascii_original	original_hum_d_to_ḑ	93	124	31
original_hum	d_to_ḑ	14	final_prompt_token	13029	0.1324918121099472	0.12834432721138	-0.0041474848985672	0.0041474848985672	35	34	1	1	original_hum_ascii_original	original_hum_d_to_ḑ	93	124	31
original_hum	d_to_ḑ	14	final_prompt_token	14679	0.12387111783027649	0.12971453368663788	0.005843415856361389	0.005843415856361389	45	32	1	1	original_hum_ascii_original	original_hum_d_to_ḑ	93	124	31
original_hum	d_to_ḑ	14	final_prompt_token	14885	0.1365322768688202	0.13187956809997559	-0.0046527087688446045	0.0046527087688446045	31	30	1	1	original_hum_ascii_original	original_hum_d_to_ḑ	93	124	31
original_hum	d_to_ḑ	14	final_prompt_token	14932	0.1438901424407959	0.144540935754776	0.0006507933139801025	0.0006507933139801025	25	23	1	1	original_hum_ascii_original	original_hum_d_to_ḑ	93	124	31
original_hum	d_to_ḑ	14	final_prompt_token	15605	0.16277040541172028	0.15070484578609467	-0.01206555962562561	0.01206555962562561	19	20	1	1	original_hum_ascii_original	original_hum_d_to_ḑ	93	124	31
original_hum	d_to_ḑ	14	final_prompt_token	16382	0.20584312081336975	0.17553427815437317	-0.030308842658996582	0.030308842658996582	9	17	1	1	original_hum_ascii_original	original_hum_d_to_ḑ	93	124	31
original_hum	d_to_ḑ	14	final_prompt_token	16801	0.1905839890241623	0.1826229691505432	-0.00796101987361908	0.00796101987361908	14	15	1	1	original_hum_ascii_original	original_hum_d_to_ḑ	93	124	31
original_hum	d_to_ḑ	14	final_prompt_token	16845	0.1151876226067543	0.0	-0.1151876226067543	0.1151876226067543	48		1	0	original_hum_ascii_original	original_hum_d_to_ḑ	93	124	31
original_hum	d_to_ḑ	14	final_prompt_token	17193	0.1705974042415619	0.1839073747396469	0.013309970498085022	0.013309970498085022	17	14	1	1	original_hum_ascii_original	original_hum_d_to_ḑ	93	124	31
original_hum	d_to_ḑ	14	final_prompt_token	17275	0.1272931694984436	0.1110626608133316	-0.016230508685112	0.016230508685112	38	45	1	1	original_hum_ascii_original	original_hum_d_to_ḑ	93	124	31
original_hum	d_to_ḑ	14	final_prompt_token	17656	0.128530353307724	0.11993449181318283	-0.008595861494541168	0.008595861494541168	37	39	1	1	original_hum_ascii_original	original_hum_d_to_ḑ	93	124	31
original_hum	d_to_ḑ	14	final_prompt_token	18895	0.1380925178527832	0.13768693804740906	-0.0004055798053741455	0.0004055798053741455	28	27	1	1	original_hum_ascii_original	original_hum_d_to_ḑ	93	124	31
original_hum	d_to_ḑ	14	final_prompt_token	20402	0.19249580800533295	0.1777803599834442	-0.014715448021888733	0.014715448021888733	12	16	1	1	original_hum_ascii_original	original_hum_d_to_ḑ	93	124	31
original_hum	d_to_ḑ	14	final_prompt_token	20557	0.25481921434402466	0.2346474826335907	-0.02017173171043396	0.02017173171043396	5	7	1	1	original_hum_ascii_original	original_hum_d_to_ḑ	93	124	31
original_hum	d_to_ḑ	14	final_prompt_token	20681	0.1260993778705597	0.12295006215572357	-0.0031493157148361206	0.0031493157148361206	41	38	1	1	original_hum_ascii_original	original_hum_d_to_ḑ	93	124	31
original_hum	d_to_ḑ	14	final_prompt_token	20769	0.16162540018558502	0.15902186930179596	-0.0026035308837890625	0.0026035308837890625	20	18	1	1	original_hum_ascii_original	original_hum_d_to_ḑ	93	124	31
original_hum	d_to_ḑ	14	final_prompt_token	22687	0.0	0.11035260558128357	0.11035260558128357	0.11035260558128357		46	0	1	original_hum_ascii_original	original_hum_d_to_ḑ	93	124	31
original_hum	d_to_ḑ	14	final_prompt_token	23427	0.0	0.10897934436798096	0.10897934436798096	0.10897934436798096		48	0	1	original_hum_ascii_original	original_hum_d_to_ḑ	93	124	31
original_hum	d_to_ḑ	14	final_prompt_token	23591	0.14032292366027832	0.1261766403913498	-0.014146283268928528	0.014146283268928528	27	36	1	1	original_hum_ascii_original	original_hum_d_to_ḑ	93	124	31
original_hum	d_to_ḑ	14	final_prompt_token	25151	0.15837322175502777	0.18985040485858917	0.0314771831035614	0.0314771831035614	21	13	1	1	original_hum_ascii_original	original_hum_d_to_ḑ	93	124	31
original_hum	d_to_ḑ	14	final_prompt_token	26050	0.114312082529068	0.11389230191707611	-0.0004197806119918823	0.0004197806119918823	50	44	1	1	original_hum_ascii_original	original_hum_d_to_ḑ	93	124	31
original_hum	d_to_ḑ	14	final_prompt_token	26237	0.16283361613750458	0.14773039519786835	-0.01510322093963623	0.01510322093963623	18	21	1	1	original_hum_ascii_original	original_hum_d_to_ḑ	93	124	31
original_hum	d_to_ḑ	14	final_prompt_token	28025	0.11595268547534943	0.0	-0.11595268547534943	0.11595268547534943	47		1	0	original_hum_ascii_original	original_hum_d_to_ḑ	93	124	31
original_hum	d_to_ḑ	14	final_prompt_token	30170	0.19237349927425385	0.23116102814674377	0.03878752887248993	0.03878752887248993	13	8	1	1	original_hum_ascii_original	original_hum_d_to_ḑ	93	124	31
original_hum	d_to_ḑ	14	final_prompt_token	30172	0.12711578607559204	0.0	-0.12711578607559204	0.12711578607559204	39		1	0	original_hum_ascii_original	original_hum_d_to_ḑ	93	124	31
original_hum	d_to_ḑ	14	final_prompt_token	30964	0.2511886656284332	0.2370443046092987	-0.014144361019134521	0.014144361019134521	6	6	1	1	original_hum_ascii_original	original_hum_d_to_ḑ	93	124	31
original_hum	d_to_ḑ	14	final_prompt_token	31774	0.1435861885547638	0.12724478542804718	-0.016341403126716614	0.016341403126716614	26	35	1	1	original_hum_ascii_original	original_hum_d_to_ḑ	93	124	31
original_hum	d_to_ḑ	14	final_prompt_token	32300	0.2046404778957367	0.2091299295425415	0.00448945164680481	0.00448945164680481	10	9	1	1	original_hum_ascii_original	original_hum_d_to_ḑ	93	124	31
original_hum	d_to_ḑ	14	final_prompt_token	32358	0.1246265321969986	0.0	-0.1246265321969986	0.1246265321969986	43		1	0	original_hum_ascii_original	original_hum_d_to_ḑ	93	124	31
original_hum	d_to_ḑ	14	final_prompt_token	32621	0.14936262369155884	0.12915879487991333	-0.020203828811645508	0.020203828811645508	23	33	1	1	original_hum_ascii_original	original_hum_d_to_ḑ	93	124	31
original_hum	d_to_ḑ	14	final_prompt_token_minus_1	1013	0.09495832026004791	0.09694615006446838	0.001987829804420471	0.001987829804420471	25	27	1	1	original_hum_ascii_original	original_hum_d_to_ḑ	93	124	31
original_hum	d_to_ḑ	14	final_prompt_token_minus_1	1102	0.07666369527578354	0.0	-0.07666369527578354	0.07666369527578354	47		1	0	original_hum_ascii_original	original_hum_d_to_ḑ	93	124	31
original_hum	d_to_ḑ	14	final_prompt_token_minus_1	2665	0.07960088551044464	0.0	-0.07960088551044464	0.07960088551044464	40		1	0	original_hum_ascii_original	original_hum_d_to_ḑ	93	124	31
original_hum	d_to_ḑ	14	final_prompt_token_minus_1	2961	1.0314112901687622	1.1592881679534912	0.127876877784729	0.127876877784729	2	2	1	1	original_hum_ascii_original	original_hum_d_to_ḑ	93	124	31
original_hum	d_to_ḑ	14	final_prompt_token_minus_1	3170	0.0	0.09176164865493774	0.09176164865493774	0.09176164865493774		29	0	1	original_hum_ascii_original	original_hum_d_to_ḑ	93	124	31
original_hum	d_to_ḑ	14	final_prompt_token_minus_1	3289	0.21890011429786682	0.21757462620735168	-0.0013254880905151367	0.0013254880905151367	8	7	1	1	original_hum_ascii_original	original_hum_d_to_ḑ	93	124	31
original_hum	d_to_ḑ	14	final_prompt_token_minus_1	3557	0.13522164523601532	0.13810832798480988	0.0028866827487945557	0.0028866827487945557	18	15	1	1	original_hum_ascii_original	original_hum_d_to_ḑ	93	124	31
original_hum	d_to_ḑ	14	final_prompt_token_minus_1	4337	0.07833660393953323	0.0	-0.07833660393953323	0.07833660393953323	42		1	0	original_hum_ascii_original	original_hum_d_to_ḑ	93	124	31
original_hum	d_to_ḑ	14	final_prompt_token_minus_1	4880	0.08719722926616669	0.07738946378231049	-0.009807765483856201	0.009807765483856201	29	40	1	1	original_hum_ascii_original	original_hum_d_to_ḑ	93	124	31
original_hum	d_to_ḑ	14	final_prompt_token_minus_1	4953	0.1415524184703827	0.15676334500312805	0.015210926532745361	0.015210926532745361	16	11	1	1	original_hum_ascii_original	original_hum_d_to_ḑ	93	124	31
original_hum	d_to_ḑ	14	final_prompt_token_minus_1	4959	0.07820617407560349	0.0	-0.07820617407560349	0.07820617407560349	43		1	0	original_hum_ascii_original	original_hum_d_to_ḑ	93	124	31
original_hum	d_to_ḑ	14	final_prompt_token_minus_1	6025	0.09043773263692856	0.0880126878619194	-0.0024250447750091553	0.0024250447750091553	28	32	1	1	original_hum_ascii_original	original_hum_d_to_ḑ	93	124	31
original_hum	d_to_ḑ	14	final_prompt_token_minus_1	6429	0.22330895066261292	0.20533454418182373	-0.017974406480789185	0.017974406480789185	7	8	1	1	original_hum_ascii_original	original_hum_d_to_ḑ	93	124	31
original_hum	d_to_ḑ	14	final_prompt_token_minus_1	7163	0.21606037020683289	0.20139732956886292	-0.01466304063796997	0.01466304063796997	9	9	1	1	original_hum_ascii_original	original_hum_d_to_ḑ	93	124	31
original_hum	d_to_ḑ	14	final_prompt_token_minus_1	8033	1.3254016637802124	1.2464951276779175	-0.07890653610229492	0.07890653610229492	1	1	1	1	original_hum_ascii_original	original_hum_d_to_ḑ	93	124	31
original_hum	d_to_ḑ	14	final_prompt_token_minus_1	11006	0.0	0.08669830113649368	0.08669830113649368	0.08669830113649368		34	0	1	original_hum_ascii_original	original_hum_d_to_ḑ	93	124	31
original_hum	d_to_ḑ	14	final_prompt_token_minus_1	11522	0.10359454154968262	0.1164722591638565	0.01287771761417389	0.01287771761417389	20	19	1	1	original_hum_ascii_original	original_hum_d_to_ḑ	93	124	31
original_hum	d_to_ḑ	14	final_prompt_token_minus_1	11726	0.07187807559967041	0.0934419333934784	0.021563857793807983	0.021563857793807983	50	28	1	1	original_hum_ascii_original	original_hum_d_to_ḑ	93	124	31
original_hum	d_to_ḑ	14	final_prompt_token_minus_1	11831	0.08563582599163055	0.07681737840175629	-0.008818447589874268	0.008818447589874268	30	41	1	1	original_hum_ascii_original	original_hum_d_to_ḑ	93	124	31
original_hum	d_to_ḑ	14	final_prompt_token_minus_1	11864	0.084995336830616	0.097041055560112	0.012045718729496002	0.012045718729496002	31	26	1	1	original_hum_ascii_original	original_hum_d_to_ḑ	93	124	31
original_hum	d_to_ḑ	14	final_prompt_token_minus_1	12000	0.14680488407611847	0.1412653774023056	-0.005539506673812866	0.005539506673812866	14	14	1	1	original_hum_ascii_original	original_hum_d_to_ḑ	93	124	31
original_hum	d_to_ḑ	14	final_prompt_token_minus_1	12578	0.08373109251260757	0.07817115634679794	-0.005559936165809631	0.005559936165809631	32	39	1	1	original_hum_ascii_original	original_hum_d_to_ḑ	93	124	31
original_hum	d_to_ḑ	14	final_prompt_token_minus_1	13029	0.10216090083122253	0.10788057744503021	0.005719676613807678	0.005719676613807678	21	21	1	1	original_hum_ascii_original	original_hum_d_to_ḑ	93	124	31
original_hum	d_to_ḑ	14	final_prompt_token_minus_1	13119	0.14598676562309265	0.1325906217098236	-0.013396143913269043	0.013396143913269043	15	17	1	1	original_hum_ascii_original	original_hum_d_to_ḑ	93	124	31
original_hum	d_to_ḑ	14	final_prompt_token_minus_1	13275	0.0	0.08852355182170868	0.08852355182170868	0.08852355182170868		30	0	1	original_hum_ascii_original	original_hum_d_to_ḑ	93	124	31
original_hum	d_to_ḑ	14	final_prompt_token_minus_1	13692	0.08346346020698547	0.07632513344287872	-0.0071383267641067505	0.0071383267641067505	33	43	1	1	original_hum_ascii_original	original_hum_d_to_ḑ	93	124	31
original_hum	d_to_ḑ	14	final_prompt_token_minus_1	14932	0.07605382055044174	0.083628349006176	0.007574528455734253	0.007574528455734253	48	37	1	1	original_hum_ascii_original	original_hum_d_to_ḑ	93	124	31
original_hum	d_to_ḑ	14	final_prompt_token_minus_1	15006	0.0	0.07229186594486237	0.07229186594486237	0.07229186594486237		47	0	1	original_hum_ascii_original	original_hum_d_to_ḑ	93	124	31
original_hum	d_to_ḑ	14	final_prompt_token_minus_1	15396	0.17640447616577148	0.19518032670021057	0.018775850534439087	0.018775850534439087	11	10	1	1	original_hum_ascii_original	original_hum_d_to_ḑ	93	124	31
original_hum	d_to_ḑ	14	final_prompt_token_minus_1	15605	0.08014270663261414	0.07624702155590057	-0.003895685076713562	0.003895685076713562	38	44	1	1	original_hum_ascii_original	original_hum_d_to_ḑ	93	124	31
original_hum	d_to_ḑ	14	final_prompt_token_minus_1	16077	0.1330661177635193	0.11362795531749725	-0.019438162446022034	0.019438162446022034	19	20	1	1	original_hum_ascii_original	original_hum_d_to_ḑ	93	124	31
original_hum	d_to_ḑ	14	final_prompt_token_minus_1	17656	0.07976562529802322	0.08827648311853409	0.008510857820510864	0.008510857820510864	39	31	1	1	original_hum_ascii_original	original_hum_d_to_ḑ	93	124	31
original_hum	d_to_ḑ	14	final_prompt_token_minus_1	18609	0.0	0.07121346890926361	0.07121346890926361	0.07121346890926361		48	0	1	original_hum_ascii_original	original_hum_d_to_ḑ	93	124	31
original_hum	d_to_ḑ	14	final_prompt_token_minus_1	19133	0.24571211636066437	0.23713909089565277	-0.008573025465011597	0.008573025465011597	5	5	1	1	original_hum_ascii_original	original_hum_d_to_ḑ	93	124	31
original_hum	d_to_ḑ	14	final_prompt_token_minus_1	20403	0.09776154160499573	0.10287638008594513	0.005114838480949402	0.005114838480949402	24	22	1	1	original_hum_ascii_original	original_hum_d_to_ḑ	93	124	31
original_hum	d_to_ḑ	14	final_prompt_token_minus_1	20557	0.18130949139595032	0.15020745992660522	-0.031102031469345093	0.031102031469345093	10	12	1	1	original_hum_ascii_original	original_hum_d_to_ḑ	93	124	31
original_hum	d_to_ḑ	14	final_prompt_token_minus_1	20681	0.1379212737083435	0.14476372301578522	0.006842449307441711	0.006842449307441711	17	13	1	1	original_hum_ascii_original	original_hum_d_to_ḑ	93	124	31
original_hum	d_to_ḑ	14	final_prompt_token_minus_1	20998	0.09990052133798599	0.10011285543441772	0.00021233409643173218	0.00021233409643173218	22	23	1	1	original_hum_ascii_original	original_hum_d_to_ḑ	93	124	31
original_hum	d_to_ḑ	14	final_prompt_token_minus_1	21393	0.08071122318506241	0.08432276546955109	0.003611542284488678	0.003611542284488678	36	36	1	1	original_hum_ascii_original	original_hum_d_to_ḑ	93	124	31
original_hum	d_to_ḑ	14	final_prompt_token_minus_1	21405	0.08184586465358734	0.0	-0.08184586465358734	0.08184586465358734	35		1	0	original_hum_ascii_original	original_hum_d_to_ḑ	93	124	31
original_hum	d_to_ḑ	14	final_prompt_token_minus_1	21447	0.24075758457183838	0.22692903876304626	-0.013828545808792114	0.013828545808792114	6	6	1	1	original_hum_ascii_original	original_hum_d_to_ḑ	93	124	31
original_hum	d_to_ḑ	14	final_prompt_token_minus_1	21817	0.0	0.0702928900718689	0.0702928900718689	0.0702928900718689		49	0	1	original_hum_ascii_original	original_hum_d_to_ḑ	93	124	31
original_hum	d_to_ḑ	14	final_prompt_token_minus_1	21981	0.2605286240577698	0.2694582939147949	0.008929669857025146	0.008929669857025146	4	4	1	1	original_hum_ascii_original	original_hum_d_to_ḑ	93	124	31
original_hum	d_to_ḑ	14	final_prompt_token_minus_1	22608	0.08023607730865479	0.0	-0.08023607730865479	0.08023607730865479	37		1	0	original_hum_ascii_original	original_hum_d_to_ḑ	93	124	31
original_hum	d_to_ḑ	14	final_prompt_token_minus_1	22813	0.07742861658334732	0.09712687134742737	0.019698254764080048	0.019698254764080048	46	25	1	1	original_hum_ascii_original	original_hum_d_to_ḑ	93	124	31
original_hum	d_to_ḑ	14	final_prompt_token_minus_1	23505	0.14780056476593018	0.13445962965488434	-0.013340935111045837	0.013340935111045837	12	16	1	1	original_hum_ascii_original	original_hum_d_to_ḑ	93	124	31
original_hum	d_to_ḑ	14	final_prompt_token_minus_1	25151	0.14700427651405334	0.12861110270023346	-0.018393173813819885	0.018393173813819885	13	18	1	1	original_hum_ascii_original	original_hum_d_to_ḑ	93	124	31
original_hum	d_to_ḑ	14	final_prompt_token_minus_1	25427	0.0	0.07650871574878693	0.07650871574878693	0.07650871574878693		42	0	1	original_hum_ascii_original	original_hum_d_to_ḑ	93	124	31
original_hum	d_to_ḑ	14	final_prompt_token_minus_1	26050	0.09191124141216278	0.0845034271478653	-0.007407814264297485	0.007407814264297485	27	35	1	1	original_hum_ascii_original	original_hum_d_to_ḑ	93	124	31
original_hum	d_to_ḑ	14	final_prompt_token_minus_1	26615	0.09321640431880951	0.07438313961029053	-0.018833264708518982	0.018833264708518982	26	46	1	1	original_hum_ascii_original	original_hum_d_to_ḑ	93	124	31
original_hum	d_to_ḑ	14	final_prompt_token_minus_1	28492	0.09920089691877365	0.09912832081317902	-7.257610559463501e-05	7.257610559463501e-05	23	24	1	1	original_hum_ascii_original	original_hum_d_to_ḑ	93	124	31
original_hum	d_to_ḑ	14	final_prompt_token_minus_1	28536	0.07590261101722717	0.07471267133951187	-0.0011899396777153015	0.0011899396777153015	49	45	1	1	original_hum_ascii_original	original_hum_d_to_ḑ	93	124	31
original_hum	d_to_ḑ	14	final_prompt_token_minus_1	29619	0.07801148295402527	0.08725302666425705	0.009241543710231781	0.009241543710231781	44	33	1	1	original_hum_ascii_original	original_hum_d_to_ḑ	93	124	31
original_hum	d_to_ḑ	14	final_prompt_token_minus_1	30170	0.3690895140171051	0.3695007562637329	0.0004112422466278076	0.0004112422466278076	3	3	1	1	original_hum_ascii_original	original_hum_d_to_ḑ	93	124	31
original_hum	d_to_ḑ	14	final_prompt_token_minus_1	30225	0.07931183278560638	0.0	-0.07931183278560638	0.07931183278560638	41		1	0	original_hum_ascii_original	original_hum_d_to_ḑ	93	124	31
original_hum	d_to_ḑ	14	final_prompt_token_minus_1	31733	0.07765716314315796	0.0	-0.07765716314315796	0.07765716314315796	45		1	0	original_hum_ascii_original	original_hum_d_to_ḑ	93	124	31
original_hum	d_to_ḑ	14	final_prompt_token_minus_1	32204	0.08204953372478485	0.08225948363542557	0.00020994991064071655	0.00020994991064071655	34	38	1	1	original_hum_ascii_original	original_hum_d_to_ḑ	93	124	31
original_hum	d_to_ḑ	14	final_prompt_token_minus_1	32722	0.0	0.06567969173192978	0.06567969173192978	0.06567969173192978		50	0	1	original_hum_ascii_original	original_hum_d_to_ḑ	93	124	31
original_hum	d_to_ḑ	14	final_prompt_token_minus_5	210	0.08845587819814682	0.0	-0.08845587819814682	0.08845587819814682	48		1	0	original_hum_ascii_original	original_hum_d_to_ḑ	93	124	31
original_hum	d_to_ḑ	14	final_prompt_token_minus_5	372	0.0	0.0835418552160263	0.0835418552160263	0.0835418552160263		49	0	1	original_hum_ascii_original	original_hum_d_to_ḑ	93	124	31
original_hum	d_to_ḑ	14	final_prompt_token_minus_5	438	0.16378967463970184	0.14167585968971252	-0.02211381494998932	0.02211381494998932	13	14	1	1	original_hum_ascii_original	original_hum_d_to_ḑ	93	124	31
original_hum	d_to_ḑ	14	final_prompt_token_minus_5	1803	0.0	0.09415720403194427	0.09415720403194427	0.09415720403194427		43	0	1	original_hum_ascii_original	original_hum_d_to_ḑ	93	124	31
original_hum	d_to_ḑ	14	final_prompt_token_minus_5	1973	0.17396679520606995	0.17729860544204712	0.003331810235977173	0.003331810235977173	12	10	1	1	original_hum_ascii_original	original_hum_d_to_ḑ	93	124	31
original_hum	d_to_ḑ	14	final_prompt_token_minus_5	2961	1.0757501125335693	1.2187285423278809	0.14297842979431152	0.14297842979431152	1	1	1	1	original_hum_ascii_original	original_hum_d_to_ḑ	93	124	31
original_hum	d_to_ḑ	14	final_prompt_token_minus_5	3454	0.08824450522661209	0.0	-0.08824450522661209	0.08824450522661209	49		1	0	original_hum_ascii_original	original_hum_d_to_ḑ	93	124	31
original_hum	d_to_ḑ	14	final_prompt_token_minus_5	3781	0.13802973926067352	0.11763601005077362	-0.020393729209899902	0.020393729209899902	18	20	1	1	original_hum_ascii_original	original_hum_d_to_ḑ	93	124	31
original_hum	d_to_ḑ	14	final_prompt_token_minus_5	4010	0.23250465095043182	0.22079139947891235	-0.01171325147151947	0.01171325147151947	6	6	1	1	original_hum_ascii_original	original_hum_d_to_ḑ	93	124	31
original_hum	d_to_ḑ	14	final_prompt_token_minus_5	4170	0.0	0.11209745705127716	0.11209745705127716	0.11209745705127716		23	0	1	original_hum_ascii_original	original_hum_d_to_ḑ	93	124	31
original_hum	d_to_ḑ	14	final_prompt_token_minus_5	4850	0.10583700984716415	0.0	-0.10583700984716415	0.10583700984716415	35		1	0	original_hum_ascii_original	original_hum_d_to_ḑ	93	124	31
original_hum	d_to_ḑ	14	final_prompt_token_minus_5	5032	0.1081906259059906	0.10335883498191833	-0.004831790924072266	0.004831790924072266	30	33	1	1	original_hum_ascii_original	original_hum_d_to_ḑ	93	124	31
original_hum	d_to_ḑ	14	final_prompt_token_minus_5	5267	0.0	0.0834728330373764	0.0834728330373764	0.0834728330373764		50	0	1	original_hum_ascii_original	original_hum_d_to_ḑ	93	124	31
original_hum	d_to_ḑ	14	final_prompt_token_minus_5	6429	0.26575198769569397	0.2597511112689972	-0.006000876426696777	0.006000876426696777	5	5	1	1	original_hum_ascii_original	original_hum_d_to_ḑ	93	124	31
original_hum	d_to_ḑ	14	final_prompt_token_minus_5	6442	0.09860055893659592	0.11902470886707306	0.020424149930477142	0.020424149930477142	39	19	1	1	original_hum_ascii_original	original_hum_d_to_ḑ	93	124	31
original_hum	d_to_ḑ	14	final_prompt_token_minus_5	6477	0.1163020133972168	0.10599096119403839	-0.010311052203178406	0.010311052203178406	27	29	1	1	original_hum_ascii_original	original_hum_d_to_ḑ	93	124	31
original_hum	d_to_ḑ	14	final_prompt_token_minus_5	6658	0.0	0.09717107564210892	0.09717107564210892	0.09717107564210892		39	0	1	original_hum_ascii_original	original_hum_d_to_ḑ	93	124	31
original_hum	d_to_ḑ	14	final_prompt_token_minus_5	6804	0.5306376814842224	0.5056427717208862	-0.02499490976333618	0.02499490976333618	3	3	1	1	original_hum_ascii_original	original_hum_d_to_ḑ	93	124	31
original_hum	d_to_ḑ	14	final_prompt_token_minus_5	6846	0.18230310082435608	0.1687002182006836	-0.013602882623672485	0.013602882623672485	10	11	1	1	original_hum_ascii_original	original_hum_d_to_ḑ	93	124	31
original_hum	d_to_ḑ	14	final_prompt_token_minus_5	7998	0.22291457653045654	0.18183773756027222	-0.041076838970184326	0.041076838970184326	7	9	1	1	original_hum_ascii_original	original_hum_d_to_ḑ	93	124	31
original_hum	d_to_ḑ	14	final_prompt_token_minus_5	10804	0.11051413416862488	0.12088952958583832	0.01037539541721344	0.01037539541721344	28	18	1	1	original_hum_ascii_original	original_hum_d_to_ḑ	93	124	31
original_hum	d_to_ḑ	14	final_prompt_token_minus_5	11864	0.12023269385099411	0.11148044466972351	-0.0087522491812706	0.0087522491812706	24	26	1	1	original_hum_ascii_original	original_hum_d_to_ḑ	93	124	31
original_hum	d_to_ḑ	14	final_prompt_token_minus_5	12179	0.14202867448329926	0.12495386600494385	-0.017074808478355408	0.017074808478355408	16	17	1	1	original_hum_ascii_original	original_hum_d_to_ḑ	93	124	31
original_hum	d_to_ḑ	14	final_prompt_token_minus_5	12399	0.08793401718139648	0.0	-0.08793401718139648	0.08793401718139648	50		1	0	original_hum_ascii_original	original_hum_d_to_ḑ	93	124	31
original_hum	d_to_ḑ	14	final_prompt_token_minus_5	12420	0.7626116275787354	0.6710562109947205	-0.09155541658401489	0.09155541658401489	2	2	1	1	original_hum_ascii_original	original_hum_d_to_ḑ	93	124	31
original_hum	d_to_ḑ	14	final_prompt_token_minus_5	12546	0.10370586812496185	0.0	-0.10370586812496185	0.10370586812496185	36		1	0	original_hum_ascii_original	original_hum_d_to_ḑ	93	124	31
original_hum	d_to_ḑ	14	final_prompt_token_minus_5	13119	0.15948860347270966	0.10302583128213882	-0.05646277219057083	0.05646277219057083	14	34	1	1	original_hum_ascii_original	original_hum_d_to_ḑ	93	124	31
original_hum	d_to_ḑ	14	final_prompt_token_minus_5	13517	0.11006458103656769	0.1156061440706253	0.005541563034057617	0.005541563034057617	29	21	1	1	original_hum_ascii_original	original_hum_d_to_ḑ	93	124	31
original_hum	d_to_ḑ	14	final_prompt_token_minus_5	15006	0.09291967749595642	0.0935632586479187	0.0006435811519622803	0.0006435811519622803	42	44	1	1	original_hum_ascii_original	original_hum_d_to_ḑ	93	124	31
original_hum	d_to_ḑ	14	final_prompt_token_minus_5	15473	0.0	0.10428018867969513	0.10428018867969513	0.10428018867969513		32	0	1	original_hum_ascii_original	original_hum_d_to_ḑ	93	124	31
original_hum	d_to_ḑ	14	final_prompt_token_minus_5	16195	0.1765463501214981	0.21349970996379852	0.036953359842300415	0.036953359842300415	11	7	1	1	original_hum_ascii_original	original_hum_d_to_ḑ	93	124	31
original_hum	d_to_ḑ	14	final_prompt_token_minus_5	16973	0.13534760475158691	0.0	-0.13534760475158691	0.13534760475158691	19		1	0	original_hum_ascii_original	original_hum_d_to_ḑ	93	124	31
original_hum	d_to_ḑ	14	final_prompt_token_minus_5	17225	0.0	0.10544093698263168	0.10544093698263168	0.10544093698263168		30	0	1	original_hum_ascii_original	original_hum_d_to_ḑ	93	124	31
original_hum	d_to_ḑ	14	final_prompt_token_minus_5	17384	0.0928545594215393	0.0	-0.0928545594215393	0.0928545594215393	43		1	0	original_hum_ascii_original	original_hum_d_to_ḑ	93	124	31
original_hum	d_to_ḑ	14	final_prompt_token_minus_5	17656	0.12278657406568527	0.10802824050188065	-0.014758333563804626	0.014758333563804626	23	28	1	1	original_hum_ascii_original	original_hum_d_to_ḑ	93	124	31
original_hum	d_to_ḑ	14	final_prompt_token_minus_5	17889	0.14771750569343567	0.11545286327600479	-0.03226464241743088	0.03226464241743088	15	22	1	1	original_hum_ascii_original	original_hum_d_to_ḑ	93	124	31
original_hum	d_to_ḑ	14	final_prompt_token_minus_5	18673	0.18366771936416626	0.18776625394821167	0.00409853458404541	0.00409853458404541	9	8	1	1	original_hum_ascii_original	original_hum_d_to_ḑ	93	124	31
original_hum	d_to_ḑ	14	final_prompt_token_minus_5	18775	0.10586845874786377	0.10495414584875107	-0.0009143128991127014	0.0009143128991127014	34	31	1	1	original_hum_ascii_original	original_hum_d_to_ḑ	93	124	31
original_hum	d_to_ḑ	14	final_prompt_token_minus_5	18826	0.0	0.08354782313108444	0.08354782313108444	0.08354782313108444		48	0	1	original_hum_ascii_original	original_hum_d_to_ḑ	93	124	31
original_hum	d_to_ḑ	14	final_prompt_token_minus_5	19919	0.12692531943321228	0.10235191881656647	-0.024573400616645813	0.024573400616645813	22	36	1	1	original_hum_ascii_original	original_hum_d_to_ḑ	93	124	31
original_hum	d_to_ḑ	14	final_prompt_token_minus_5	20064	0.13042046129703522	0.13939863443374634	0.00897817313671112	0.00897817313671112	21	15	1	1	original_hum_ascii_original	original_hum_d_to_ḑ	93	124	31
original_hum	d_to_ḑ	14	final_prompt_token_minus_5	20557	0.18499016761779785	0.1522204875946045	-0.03276968002319336	0.03276968002319336	8	12	1	1	original_hum_ascii_original	original_hum_d_to_ḑ	93	124	31
original_hum	d_to_ḑ	14	final_prompt_token_minus_5	20681	0.09171319007873535	0.10063698887825012	0.00892379879951477	0.00892379879951477	45	37	1	1	original_hum_ascii_original	original_hum_d_to_ḑ	93	124	31
original_hum	d_to_ḑ	14	final_prompt_token_minus_5	21803	0.09094459563493729	0.08525151759386063	-0.00569307804107666	0.00569307804107666	47	46	1	1	original_hum_ascii_original	original_hum_d_to_ḑ	93	124	31
original_hum	d_to_ḑ	14	final_prompt_token_minus_5	22137	0.0	0.08442285656929016	0.08442285656929016	0.08442285656929016		47	0	1	original_hum_ascii_original	original_hum_d_to_ḑ	93	124	31
original_hum	d_to_ḑ	14	final_prompt_token_minus_5	22208	0.09776429831981659	0.09716836363077164	-0.0005959346890449524	0.0005959346890449524	40	40	1	1	original_hum_ascii_original	original_hum_d_to_ḑ	93	124	31
original_hum	d_to_ḑ	14	final_prompt_token_minus_5	22813	0.10602040588855743	0.10280394554138184	-0.003216460347175598	0.003216460347175598	32	35	1	1	original_hum_ascii_original	original_hum_d_to_ḑ	93	124	31
original_hum	d_to_ḑ	14	final_prompt_token_minus_5	23073	0.1408545970916748	0.144214928150177	0.0033603310585021973	0.0033603310585021973	17	13	1	1	original_hum_ascii_original	original_hum_d_to_ḑ	93	124	31
original_hum	d_to_ḑ	14	final_prompt_token_minus_5	23364	0.10133588314056396	0.11187829077243805	0.010542407631874084	0.010542407631874084	38	25	1	1	original_hum_ascii_original	original_hum_d_to_ḑ	93	124	31
original_hum	d_to_ḑ	14	final_prompt_token_minus_5	23957	0.09750664979219437	0.11202844232320786	0.014521792531013489	0.014521792531013489	41	24	1	1	original_hum_ascii_original	original_hum_d_to_ḑ	93	124	31
original_hum	d_to_ḑ	14	final_prompt_token_minus_5	24704	0.0	0.0945088118314743	0.0945088118314743	0.0945088118314743		41	0	1	original_hum_ascii_original	original_hum_d_to_ḑ	93	124	31
original_hum	d_to_ḑ	14	final_prompt_token_minus_5	25125	0.10812551528215408	0.11127950996160507	0.0031539946794509888	0.0031539946794509888	31	27	1	1	original_hum_ascii_original	original_hum_d_to_ḑ	93	124	31
original_hum	d_to_ḑ	14	final_prompt_token_minus_5	26945	0.11726683378219604	0.132977694272995	0.01571086049079895	0.01571086049079895	26	16	1	1	original_hum_ascii_original	original_hum_d_to_ḑ	93	124	31
original_hum	d_to_ḑ	14	final_prompt_token_minus_5	27023	0.4281465411186218	0.41212892532348633	-0.016017615795135498	0.016017615795135498	4	4	1	1	original_hum_ascii_original	original_hum_d_to_ḑ	93	124	31
original_hum	d_to_ḑ	14	final_prompt_token_minus_5	28149	0.10150748491287231	0.0	-0.10150748491287231	0.10150748491287231	37		1	0	original_hum_ascii_original	original_hum_d_to_ḑ	93	124	31
original_hum	d_to_ḑ	14	final_prompt_token_minus_5	29868	0.13392025232315063	0.09430892765522003	-0.0396113246679306	0.0396113246679306	20	42	1	1	original_hum_ascii_original	original_hum_d_to_ḑ	93	124	31
original_hum	d_to_ḑ	14	final_prompt_token_minus_5	30950	0.11847710609436035	0.09772220253944397	-0.020754903554916382	0.020754903554916382	25	38	1	1	original_hum_ascii_original	original_hum_d_to_ḑ	93	124	31
original_hum	d_to_ḑ	14	final_prompt_token_minus_5	31267	0.0927112028002739	0.0	-0.0927112028002739	0.0927112028002739	44		1	0	original_hum_ascii_original	original_hum_d_to_ḑ	93	124	31
original_hum	d_to_ḑ	14	final_prompt_token_minus_5	31558	0.0915255919098854	0.08768200874328613	-0.0038435831665992737	0.0038435831665992737	46	45	1	1	original_hum_ascii_original	original_hum_d_to_ḑ	93	124	31
original_hum	d_to_ḑ	14	final_prompt_token_minus_5	31733	0.10594604909420013	0.0	-0.10594604909420013	0.10594604909420013	33		1	0	original_hum_ascii_original	original_hum_d_to_ḑ	93	124	31
original_hum	d_to_ḑ	14	final_prompt_token_minus_10	389	0.22831714153289795	0.2546091675758362	0.026292026042938232	0.026292026042938232	12	11	1	1	original_hum_ascii_original	original_hum_d_to_ḑ	93	124	31
original_hum	d_to_ḑ	14	final_prompt_token_minus_10	438	0.12640373408794403	0.0	-0.12640373408794403	0.12640373408794403	48		1	0	original_hum_ascii_original	original_hum_d_to_ḑ	93	124	31
original_hum	d_to_ḑ	14	final_prompt_token_minus_10	872	0.14789557456970215	0.17998909950256348	0.03209352493286133	0.03209352493286133	32	22	1	1	original_hum_ascii_original	original_hum_d_to_ḑ	93	124	31
original_hum	d_to_ḑ	14	final_prompt_token_minus_10	2328	0.24085605144500732	0.2579142153263092	0.01705816388130188	0.01705816388130188	11	9	1	1	original_hum_ascii_original	original_hum_d_to_ḑ	93	124	31
original_hum	d_to_ḑ	14	final_prompt_token_minus_10	2696	0.0	0.14432671666145325	0.14432671666145325	0.14432671666145325		43	0	1	original_hum_ascii_original	original_hum_d_to_ḑ	93	124	31
original_hum	d_to_ḑ	14	final_prompt_token_minus_10	2961	0.29128599166870117	0.20589542388916016	-0.08539056777954102	0.08539056777954102	7	18	1	1	original_hum_ascii_original	original_hum_d_to_ḑ	93	124	31
original_hum	d_to_ḑ	14	final_prompt_token_minus_10	3994	0.29292353987693787	0.3231900930404663	0.030266553163528442	0.030266553163528442	6	5	1	1	original_hum_ascii_original	original_hum_d_to_ḑ	93	124	31
original_hum	d_to_ḑ	14	final_prompt_token_minus_10	4295	0.0	0.14056938886642456	0.14056938886642456	0.14056938886642456		46	0	1	original_hum_ascii_original	original_hum_d_to_ḑ	93	124	31
original_hum	d_to_ḑ	14	final_prompt_token_minus_10	4341	0.0	0.14894598722457886	0.14894598722457886	0.14894598722457886		38	0	1	original_hum_ascii_original	original_hum_d_to_ḑ	93	124	31
original_hum	d_to_ḑ	14	final_prompt_token_minus_10	4718	0.13467371463775635	0.0	-0.13467371463775635	0.13467371463775635	40		1	0	original_hum_ascii_original	original_hum_d_to_ḑ	93	124	31
original_hum	d_to_ḑ	14	final_prompt_token_minus_10	5156	0.0	0.1646365523338318	0.1646365523338318	0.1646365523338318		28	0	1	original_hum_ascii_original	original_hum_d_to_ḑ	93	124	31
original_hum	d_to_ḑ	14	final_prompt_token_minus_10	5166	0.0	0.14482168853282928	0.14482168853282928	0.14482168853282928		41	0	1	original_hum_ascii_original	original_hum_d_to_ḑ	93	124	31
original_hum	d_to_ḑ	14	final_prompt_token_minus_10	5903	0.19853372871875763	0.1748969405889511	-0.02363678812980652	0.02363678812980652	15	25	1	1	original_hum_ascii_original	original_hum_d_to_ḑ	93	124	31
original_hum	d_to_ḑ	14	final_prompt_token_minus_10	6192	0.1287318468093872	0.0	-0.1287318468093872	0.1287318468093872	47		1	0	original_hum_ascii_original	original_hum_d_to_ḑ	93	124	31
original_hum	d_to_ḑ	14	final_prompt_token_minus_10	6557	0.19661995768547058	0.18442444503307343	-0.012195512652397156	0.012195512652397156	17	20	1	1	original_hum_ascii_original	original_hum_d_to_ḑ	93	124	31
original_hum	d_to_ḑ	14	final_prompt_token_minus_10	6642	0.2821335792541504	0.2557166814804077	-0.026416897773742676	0.026416897773742676	8	10	1	1	original_hum_ascii_original	original_hum_d_to_ḑ	93	124	31
original_hum	d_to_ḑ	14	final_prompt_token_minus_10	7427	0.13666051626205444	0.0	-0.13666051626205444	0.13666051626205444	39		1	0	original_hum_ascii_original	original_hum_d_to_ḑ	93	124	31
original_hum	d_to_ḑ	14	final_prompt_token_minus_10	7845	0.19415977597236633	0.2408497929573059	0.046690016984939575	0.046690016984939575	18	12	1	1	original_hum_ascii_original	original_hum_d_to_ḑ	93	124	31
original_hum	d_to_ḑ	14	final_prompt_token_minus_10	8462	0.0	0.1502251774072647	0.1502251774072647	0.1502251774072647		37	0	1	original_hum_ascii_original	original_hum_d_to_ḑ	93	124	31
original_hum	d_to_ḑ	14	final_prompt_token_minus_10	9867	0.1296529769897461	0.15379780530929565	0.02414482831954956	0.02414482831954956	46	36	1	1	original_hum_ascii_original	original_hum_d_to_ḑ	93	124	31
original_hum	d_to_ḑ	14	final_prompt_token_minus_10	9914	0.1473228633403778	0.13872301578521729	-0.008599847555160522	0.008599847555160522	33	48	1	1	original_hum_ascii_original	original_hum_d_to_ḑ	93	124	31
original_hum	d_to_ḑ	14	final_prompt_token_minus_10	10221	0.13865381479263306	0.0	-0.13865381479263306	0.13865381479263306	36		1	0	original_hum_ascii_original	original_hum_d_to_ḑ	93	124	31
original_hum	d_to_ḑ	14	final_prompt_token_minus_10	10677	0.15325823426246643	0.14469632506370544	-0.008561909198760986	0.008561909198760986	29	42	1	1	original_hum_ascii_original	original_hum_d_to_ḑ	93	124	31
original_hum	d_to_ḑ	14	final_prompt_token_minus_10	10845	0.26700595021247864	0.2990138828754425	0.03200793266296387	0.03200793266296387	10	6	1	1	original_hum_ascii_original	original_hum_d_to_ḑ	93	124	31
original_hum	d_to_ḑ	14	final_prompt_token_minus_10	10976	0.18629325926303864	0.2163812816143036	0.030088022351264954	0.030088022351264954	19	15	1	1	original_hum_ascii_original	original_hum_d_to_ḑ	93	124	31
original_hum	d_to_ḑ	14	final_prompt_token_minus_10	11309	0.0	0.1386878937482834	0.1386878937482834	0.1386878937482834		49	0	1	original_hum_ascii_original	original_hum_d_to_ḑ	93	124	31
original_hum	d_to_ḑ	14	final_prompt_token_minus_10	11466	0.14874418079853058	0.1586391180753708	0.00989493727684021	0.00989493727684021	31	32	1	1	original_hum_ascii_original	original_hum_d_to_ḑ	93	124	31
original_hum	d_to_ḑ	14	final_prompt_token_minus_10	11646	0.13824020326137543	0.0	-0.13824020326137543	0.13824020326137543	37		1	0	original_hum_ascii_original	original_hum_d_to_ḑ	93	124	31
original_hum	d_to_ḑ	14	final_prompt_token_minus_10	11914	0.29545357823371887	0.3782898187637329	0.08283624053001404	0.08283624053001404	5	1	1	1	original_hum_ascii_original	original_hum_d_to_ḑ	93	124	31
original_hum	d_to_ḑ	14	final_prompt_token_minus_10	13119	0.22814424335956573	0.20750467479228973	-0.020639568567276	0.020639568567276	13	17	1	1	original_hum_ascii_original	original_hum_d_to_ḑ	93	124	31
original_hum	d_to_ḑ	14	final_prompt_token_minus_10	13454	0.1422826200723648	0.14702719449996948	0.004744574427604675	0.004744574427604675	35	39	1	1	original_hum_ascii_original	original_hum_d_to_ḑ	93	124	31
original_hum	d_to_ḑ	14	final_prompt_token_minus_10	14360	0.17904530465602875	0.23022377490997314	0.0511784702539444	0.0511784702539444	22	13	1	1	original_hum_ascii_original	original_hum_d_to_ḑ	93	124	31
original_hum	d_to_ḑ	14	final_prompt_token_minus_10	14507	0.14582833647727966	0.1597130298614502	0.013884693384170532	0.013884693384170532	34	31	1	1	original_hum_ascii_original	original_hum_d_to_ḑ	93	124	31
original_hum	d_to_ḑ	14	final_prompt_token_minus_10	16436	0.12284058332443237	0.14503847062587738	0.022197887301445007	0.022197887301445007	50	40	1	1	original_hum_ascii_original	original_hum_d_to_ḑ	93	124	31
original_hum	d_to_ḑ	14	final_prompt_token_minus_10	16973	0.12634897232055664	0.0	-0.12634897232055664	0.12634897232055664	49		1	0	original_hum_ascii_original	original_hum_d_to_ḑ	93	124	31
original_hum	d_to_ḑ	14	final_prompt_token_minus_10	17072	0.13056580722332	0.0	-0.13056580722332	0.13056580722332	45		1	0	original_hum_ascii_original	original_hum_d_to_ḑ	93	124	31
original_hum	d_to_ḑ	14	final_prompt_token_minus_10	17816	0.15343055129051208	0.0	-0.15343055129051208	0.15343055129051208	28		1	0	original_hum_ascii_original	original_hum_d_to_ḑ	93	124	31
original_hum	d_to_ḑ	14	final_prompt_token_minus_10	18079	0.1681946963071823	0.1620980203151703	-0.006096675992012024	0.006096675992012024	23	30	1	1	original_hum_ascii_original	original_hum_d_to_ḑ	93	124	31
original_hum	d_to_ḑ	14	final_prompt_token_minus_10	18996	0.0	0.1710439920425415	0.1710439920425415	0.1710439920425415		26	0	1	original_hum_ascii_original	original_hum_d_to_ḑ	93	124	31
original_hum	d_to_ḑ	14	final_prompt_token_minus_10	19988	0.30489277839660645	0.33266010880470276	0.027767330408096313	0.027767330408096313	4	3	1	1	original_hum_ascii_original	original_hum_d_to_ḑ	93	124	31
original_hum	d_to_ḑ	14	final_prompt_token_minus_10	20345	0.1641150414943695	0.16242095828056335	-0.0016940832138061523	0.0016940832138061523	24	29	1	1	original_hum_ascii_original	original_hum_d_to_ḑ	93	124	31
original_hum	d_to_ḑ	14	final_prompt_token_minus_10	20402	0.1313169151544571	0.15768422186374664	0.02636730670928955	0.02636730670928955	41	34	1	1	original_hum_ascii_original	original_hum_d_to_ḑ	93	124	31
original_hum	d_to_ḑ	14	final_prompt_token_minus_10	20529	0.17968140542507172	0.18191993236541748	0.002238526940345764	0.002238526940345764	21	21	1	1	original_hum_ascii_original	original_hum_d_to_ḑ	93	124	31
original_hum	d_to_ḑ	14	final_prompt_token_minus_10	20557	0.28096428513526917	0.2696303725242615	-0.01133391261100769	0.01133391261100769	9	8	1	1	original_hum_ascii_original	original_hum_d_to_ḑ	93	124	31
original_hum	d_to_ḑ	14	final_prompt_token_minus_10	21486	0.13101494312286377	0.0	-0.13101494312286377	0.13101494312286377	44		1	0	original_hum_ascii_original	original_hum_d_to_ḑ	93	124	31
original_hum	d_to_ḑ	14	final_prompt_token_minus_10	21821	0.1489848643541336	0.0	-0.1489848643541336	0.1489848643541336	30		1	0	original_hum_ascii_original	original_hum_d_to_ḑ	93	124	31
original_hum	d_to_ḑ	14	final_prompt_token_minus_10	22026	0.0	0.1432759165763855	0.1432759165763855	0.1432759165763855		45	0	1	original_hum_ascii_original	original_hum_d_to_ḑ	93	124	31
original_hum	d_to_ḑ	14	final_prompt_token_minus_10	22234	0.19749358296394348	0.21015238761901855	0.012658804655075073	0.012658804655075073	16	16	1	1	original_hum_ascii_original	original_hum_d_to_ḑ	93	124	31
original_hum	d_to_ḑ	14	final_prompt_token_minus_10	22870	0.13787509500980377	0.0	-0.13787509500980377	0.13787509500980377	38		1	0	original_hum_ascii_original	original_hum_d_to_ḑ	93	124	31
original_hum	d_to_ḑ	14	final_prompt_token_minus_10	22945	0.13124960660934448	0.0	-0.13124960660934448	0.13124960660934448	42		1	0	original_hum_ascii_original	original_hum_d_to_ḑ	93	124	31
original_hum	d_to_ḑ	14	final_prompt_token_minus_10	23493	0.1580626517534256	0.14430786669254303	-0.013754785060882568	0.013754785060882568	27	44	1	1	original_hum_ascii_original	original_hum_d_to_ḑ	93	124	31
original_hum	d_to_ḑ	14	final_prompt_token_minus_10	24296	0.3665282130241394	0.3245302438735962	-0.04199796915054321	0.04199796915054321	3	4	1	1	original_hum_ascii_original	original_hum_d_to_ḑ	93	124	31
original_hum	d_to_ḑ	14	final_prompt_token_minus_10	24731	0.0	0.14046069979667664	0.14046069979667664	0.14046069979667664		47	0	1	original_hum_ascii_original	original_hum_d_to_ḑ	93	124	31
original_hum	d_to_ḑ	14	final_prompt_token_minus_10	26049	0.18129445612430573	0.1761608123779297	-0.005133643746376038	0.005133643746376038	20	24	1	1	original_hum_ascii_original	original_hum_d_to_ḑ	93	124	31
original_hum	d_to_ḑ	14	final_prompt_token_minus_10	27057	0.21331223845481873	0.22274133563041687	0.009429097175598145	0.009429097175598145	14	14	1	1	original_hum_ascii_original	original_hum_d_to_ḑ	93	124	31
original_hum	d_to_ḑ	14	final_prompt_token_minus_10	27661	0.16031919419765472	0.18721845746040344	0.026899263262748718	0.026899263262748718	25	19	1	1	original_hum_ascii_original	original_hum_d_to_ḑ	93	124	31
original_hum	d_to_ḑ	14	final_prompt_token_minus_10	28432	0.0	0.15734457969665527	0.15734457969665527	0.15734457969665527		35	0	1	original_hum_ascii_original	original_hum_d_to_ḑ	93	124	31
original_hum	d_to_ḑ	14	final_prompt_token_minus_10	28627	0.1588219702243805	0.1792302429676056	0.020408272743225098	0.020408272743225098	26	23	1	1	original_hum_ascii_original	original_hum_d_to_ḑ	93	124	31
original_hum	d_to_ḑ	14	final_prompt_token_minus_10	29174	0.0	0.15788546204566956	0.15788546204566956	0.15788546204566956		33	0	1	original_hum_ascii_original	original_hum_d_to_ḑ	93	124	31
original_hum	d_to_ḑ	14	final_prompt_token_minus_10	29791	0.13114282488822937	0.0	-0.13114282488822937	0.13114282488822937	43		1	0	original_hum_ascii_original	original_hum_d_to_ḑ	93	124	31
original_hum	d_to_ḑ	14	final_prompt_token_minus_10	30010	0.0	0.13733714818954468	0.13733714818954468	0.13733714818954468		50	0	1	original_hum_ascii_original	original_hum_d_to_ḑ	93	124	31
original_hum	d_to_ḑ	14	final_prompt_token_minus_10	30199	0.0	0.1696300506591797	0.1696300506591797	0.1696300506591797		27	0	1	original_hum_ascii_original	original_hum_d_to_ḑ	93	124	31
original_hum	d_to_ḑ	14	final_prompt_token_minus_10	31706	0.38800662755966187	0.2707720994949341	-0.11723452806472778	0.11723452806472778	2	7	1	1	original_hum_ascii_original	original_hum_d_to_ḑ	93	124	31
original_hum	d_to_ḑ	14	final_prompt_token_minus_10	31733	0.4693179726600647	0.34894099831581116	-0.12037697434425354	0.12037697434425354	1	2	1	1	original_hum_ascii_original	original_hum_d_to_ḑ	93	124	31
original_hum	e_to_ē	26	final_prompt_token	599	0.26421117782592773	0.2215757966041565	-0.04263538122177124	0.04263538122177124	14	20	1	1	original_hum_ascii_original	original_hum_e_to_ē	93	177	84
original_hum	e_to_ē	26	final_prompt_token	1242	0.0	0.22755178809165955	0.22755178809165955	0.22755178809165955		19	0	1	original_hum_ascii_original	original_hum_e_to_ē	93	177	84
original_hum	e_to_ē	26	final_prompt_token	1626	0.42868274450302124	0.35695791244506836	-0.07172483205795288	0.07172483205795288	4	7	1	1	original_hum_ascii_original	original_hum_e_to_ē	93	177	84
original_hum	e_to_ē	26	final_prompt_token	2276	0.0	0.17069977521896362	0.17069977521896362	0.17069977521896362		40	0	1	original_hum_ascii_original	original_hum_e_to_ē	93	177	84
original_hum	e_to_ē	26	final_prompt_token	2722	0.18328024446964264	0.0	-0.18328024446964264	0.18328024446964264	35		1	0	original_hum_ascii_original	original_hum_e_to_ē	93	177	84
original_hum	e_to_ē	26	final_prompt_token	2938	1.5165886878967285	1.775752305984497	0.25916361808776855	0.25916361808776855	1	1	1	1	original_hum_ascii_original	original_hum_e_to_ē	93	177	84
original_hum	e_to_ē	26	final_prompt_token	2959	0.0	0.17455333471298218	0.17455333471298218	0.17455333471298218		38	0	1	original_hum_ascii_original	original_hum_e_to_ē	93	177	84
original_hum	e_to_ē	26	final_prompt_token	3241	0.39762821793556213	0.46468019485473633	0.0670519769191742	0.0670519769191742	6	4	1	1	original_hum_ascii_original	original_hum_e_to_ē	93	177	84
original_hum	e_to_ē	26	final_prompt_token	3271	0.1778457760810852	0.0	-0.1778457760810852	0.1778457760810852	39		1	0	original_hum_ascii_original	original_hum_e_to_ē	93	177	84
original_hum	e_to_ē	26	final_prompt_token	4795	0.15955334901809692	0.0	-0.15955334901809692	0.15955334901809692	46		1	0	original_hum_ascii_original	original_hum_e_to_ē	93	177	84
original_hum	e_to_ē	26	final_prompt_token	4993	0.0	0.15907587110996246	0.15907587110996246	0.15907587110996246		48	0	1	original_hum_ascii_original	original_hum_e_to_ē	93	177	84
original_hum	e_to_ē	26	final_prompt_token	5257	0.24086657166481018	0.0	-0.24086657166481018	0.24086657166481018	19		1	0	original_hum_ascii_original	original_hum_e_to_ē	93	177	84
original_hum	e_to_ē	26	final_prompt_token	6021	0.2518101930618286	0.0	-0.2518101930618286	0.2518101930618286	16		1	0	original_hum_ascii_original	original_hum_e_to_ē	93	177	84
original_hum	e_to_ē	26	final_prompt_token	6194	0.3265438377857208	0.30317357182502747	-0.02337026596069336	0.02337026596069336	11	10	1	1	original_hum_ascii_original	original_hum_e_to_ē	93	177	84
original_hum	e_to_ē	26	final_prompt_token	6429	0.28714343905448914	0.2053971290588379	-0.08174630999565125	0.08174630999565125	12	27	1	1	original_hum_ascii_original	original_hum_e_to_ē	93	177	84
original_hum	e_to_ē	26	final_prompt_token	6593	0.17148388922214508	0.17458507418632507	0.0031011849641799927	0.0031011849641799927	44	37	1	1	original_hum_ascii_original	original_hum_e_to_ē	93	177	84
original_hum	e_to_ē	26	final_prompt_token	7108	0.17276988923549652	0.1808028221130371	0.008032932877540588	0.008032932877540588	43	35	1	1	original_hum_ascii_original	original_hum_e_to_ē	93	177	84
original_hum	e_to_ē	26	final_prompt_token	7163	0.18945331871509552	0.21322934329509735	0.02377602458000183	0.02377602458000183	31	22	1	1	original_hum_ascii_original	original_hum_e_to_ē	93	177	84
original_hum	e_to_ē	26	final_prompt_token	7982	0.22221095860004425	0.177902951836586	-0.04430800676345825	0.04430800676345825	23	36	1	1	original_hum_ascii_original	original_hum_e_to_ē	93	177	84
original_hum	e_to_ē	26	final_prompt_token	8216	0.17607000470161438	0.0	-0.17607000470161438	0.17607000470161438	40		1	0	original_hum_ascii_original	original_hum_e_to_ē	93	177	84
original_hum	e_to_ē	26	final_prompt_token	8418	0.17841987311840057	0.16318722069263458	-0.015232652425765991	0.015232652425765991	38	46	1	1	original_hum_ascii_original	original_hum_e_to_ē	93	177	84
original_hum	e_to_ē	26	final_prompt_token	8882	0.17877648770809174	0.0	-0.17877648770809174	0.17877648770809174	37		1	0	original_hum_ascii_original	original_hum_e_to_ē	93	177	84
original_hum	e_to_ē	26	final_prompt_token	8928	0.0	0.1936897188425064	0.1936897188425064	0.1936897188425064		28	0	1	original_hum_ascii_original	original_hum_e_to_ē	93	177	84
original_hum	e_to_ē	26	final_prompt_token	9745	0.1738123893737793	0.0	-0.1738123893737793	0.1738123893737793	41		1	0	original_hum_ascii_original	original_hum_e_to_ē	93	177	84
original_hum	e_to_ē	26	final_prompt_token	10386	0.0	0.16685588657855988	0.16685588657855988	0.16685588657855988		44	0	1	original_hum_ascii_original	original_hum_e_to_ē	93	177	84
original_hum	e_to_ē	26	final_prompt_token	10676	0.0	0.2062346190214157	0.2062346190214157	0.2062346190214157		25	0	1	original_hum_ascii_original	original_hum_e_to_ē	93	177	84
original_hum	e_to_ē	26	final_prompt_token	10709	0.0	0.1859498769044876	0.1859498769044876	0.1859498769044876		32	0	1	original_hum_ascii_original	original_hum_e_to_ē	93	177	84
original_hum	e_to_ē	26	final_prompt_token	11256	0.3714236319065094	0.0	-0.3714236319065094	0.3714236319065094	8		1	0	original_hum_ascii_original	original_hum_e_to_ē	93	177	84
original_hum	e_to_ē	26	final_prompt_token	11456	0.17288172245025635	0.15837518870830536	-0.014506533741950989	0.014506533741950989	42	49	1	1	original_hum_ascii_original	original_hum_e_to_ē	93	177	84
original_hum	e_to_ē	26	final_prompt_token	11650	0.0	0.18292224407196045	0.18292224407196045	0.18292224407196045		34	0	1	original_hum_ascii_original	original_hum_e_to_ē	93	177	84
original_hum	e_to_ē	26	final_prompt_token	12320	0.21982868015766144	0.20843063294887543	-0.01139804720878601	0.01139804720878601	24	24	1	1	original_hum_ascii_original	original_hum_e_to_ē	93	177	84
original_hum	e_to_ē	26	final_prompt_token	13061	0.20255284011363983	0.0	-0.20255284011363983	0.20255284011363983	27		1	0	original_hum_ascii_original	original_hum_e_to_ē	93	177	84
original_hum	e_to_ē	26	final_prompt_token	13791	0.0	0.1674596220254898	0.1674596220254898	0.1674596220254898		42	0	1	original_hum_ascii_original	original_hum_e_to_ē	93	177	84
original_hum	e_to_ē	26	final_prompt_token	13916	0.20334245264530182	0.15999570488929749	-0.043346747756004333	0.043346747756004333	26	47	1	1	original_hum_ascii_original	original_hum_e_to_ē	93	177	84
original_hum	e_to_ē	26	final_prompt_token	13935	0.33480870723724365	0.3831566870212555	0.04834797978401184	0.04834797978401184	9	6	1	1	original_hum_ascii_original	original_hum_e_to_ē	93	177	84
original_hum	e_to_ē	26	final_prompt_token	14614	0.18283355236053467	0.18884991109371185	0.006016358733177185	0.006016358733177185	36	30	1	1	original_hum_ascii_original	original_hum_e_to_ē	93	177	84
original_hum	e_to_ē	26	final_prompt_token	14858	0.0	0.23145878314971924	0.23145878314971924	0.23145878314971924		18	0	1	original_hum_ascii_original	original_hum_e_to_ē	93	177	84
original_hum	e_to_ē	26	final_prompt_token	15076	0.18733566999435425	0.27430200576782227	0.08696633577346802	0.08696633577346802	33	13	1	1	original_hum_ascii_original	original_hum_e_to_ē	93	177	84
original_hum	e_to_ē	26	final_prompt_token	15560	0.18576200306415558	0.0	-0.18576200306415558	0.18576200306415558	34		1	0	original_hum_ascii_original	original_hum_e_to_ē	93	177	84
original_hum	e_to_ē	26	final_prompt_token	15954	0.33095675706863403	0.2405102699995041	-0.09044648706912994	0.09044648706912994	10	15	1	1	original_hum_ascii_original	original_hum_e_to_ē	93	177	84
original_hum	e_to_ē	26	final_prompt_token	16131	0.0	0.16888427734375	0.16888427734375	0.16888427734375		41	0	1	original_hum_ascii_original	original_hum_e_to_ē	93	177	84
original_hum	e_to_ē	26	final_prompt_token	16439	0.0	0.2690475881099701	0.2690475881099701	0.2690475881099701		14	0	1	original_hum_ascii_original	original_hum_e_to_ē	93	177	84
original_hum	e_to_ē	26	final_prompt_token	16785	0.0	0.15560674667358398	0.15560674667358398	0.15560674667358398		50	0	1	original_hum_ascii_original	original_hum_e_to_ē	93	177	84
original_hum	e_to_ē	26	final_prompt_token	17394	0.2099277377128601	0.24025797843933105	0.030330240726470947	0.030330240726470947	25	16	1	1	original_hum_ascii_original	original_hum_e_to_ē	93	177	84
original_hum	e_to_ē	26	final_prompt_token	17869	0.19256216287612915	0.0	-0.19256216287612915	0.19256216287612915	29		1	0	original_hum_ascii_original	original_hum_e_to_ē	93	177	84
original_hum	e_to_ē	26	final_prompt_token	18198	0.2619461417198181	0.0	-0.2619461417198181	0.2619461417198181	15		1	0	original_hum_ascii_original	original_hum_e_to_ē	93	177	84
original_hum	e_to_ē	26	final_prompt_token	18937	0.6793770790100098	0.5808959007263184	-0.0984811782836914	0.0984811782836914	3	2	1	1	original_hum_ascii_original	original_hum_e_to_ē	93	177	84
original_hum	e_to_ē	26	final_prompt_token	19335	0.1567714810371399	0.18437154591083527	0.027600064873695374	0.027600064873695374	49	33	1	1	original_hum_ascii_original	original_hum_e_to_ē	93	177	84
original_hum	e_to_ē	26	final_prompt_token	19389	0.3767392933368683	0.40884095430374146	0.03210166096687317	0.03210166096687317	7	5	1	1	original_hum_ascii_original	original_hum_e_to_ē	93	177	84
original_hum	e_to_ē	26	final_prompt_token	21181	0.16554288566112518	0.0	-0.16554288566112518	0.16554288566112518	45		1	0	original_hum_ascii_original	original_hum_e_to_ē	93	177	84
original_hum	e_to_ē	26	final_prompt_token	22503	0.0	0.16450506448745728	0.16450506448745728	0.16450506448745728		45	0	1	original_hum_ascii_original	original_hum_e_to_ē	93	177	84
original_hum	e_to_ē	26	final_prompt_token	23977	0.1921742558479309	0.2969534397125244	0.1047791838645935	0.1047791838645935	30	11	1	1	original_hum_ascii_original	original_hum_e_to_ē	93	177	84
original_hum	e_to_ē	26	final_prompt_token	25001	0.2486875057220459	0.0	-0.2486875057220459	0.2486875057220459	17		1	0	original_hum_ascii_original	original_hum_e_to_ē	93	177	84
original_hum	e_to_ē	26	final_prompt_token	25377	0.0	0.19007611274719238	0.19007611274719238	0.19007611274719238		29	0	1	original_hum_ascii_original	original_hum_e_to_ē	93	177	84
original_hum	e_to_ē	26	final_prompt_token	25575	0.24138617515563965	0.21670186519622803	-0.02468430995941162	0.02468430995941162	18	21	1	1	original_hum_ascii_original	original_hum_e_to_ē	93	177	84
original_hum	e_to_ē	26	final_prompt_token	26363	0.15943516790866852	0.0	-0.15943516790866852	0.15943516790866852	47		1	0	original_hum_ascii_original	original_hum_e_to_ē	93	177	84
original_hum	e_to_ē	26	final_prompt_token	26684	0.22939588129520416	0.3516089618206024	0.12221308052539825	0.12221308052539825	20	8	1	1	original_hum_ascii_original	original_hum_e_to_ē	93	177	84
original_hum	e_to_ē	26	final_prompt_token	27342	0.22260019183158875	0.20613917708396912	-0.01646101474761963	0.01646101474761963	22	26	1	1	original_hum_ascii_original	original_hum_e_to_ē	93	177	84
original_hum	e_to_ē	26	final_prompt_token	27872	0.15484745800495148	0.2392137348651886	0.08436627686023712	0.08436627686023712	50	17	1	1	original_hum_ascii_original	original_hum_e_to_ē	93	177	84
original_hum	e_to_ē	26	final_prompt_token	28696	0.0	0.17374655604362488	0.17374655604362488	0.17374655604362488		39	0	1	original_hum_ascii_original	original_hum_e_to_ē	93	177	84
original_hum	e_to_ē	26	final_prompt_token	28713	0.6876921057701111	0.5581822395324707	-0.12950986623764038	0.12950986623764038	2	3	1	1	original_hum_ascii_original	original_hum_e_to_ē	93	177	84
original_hum	e_to_ē	26	final_prompt_token	29282	0.0	0.1888013482093811	0.1888013482093811	0.1888013482093811		31	0	1	original_hum_ascii_original	original_hum_e_to_ē	93	177	84
original_hum	e_to_ē	26	final_prompt_token	29524	0.267924427986145	0.3387097716331482	0.07078534364700317	0.07078534364700317	13	9	1	1	original_hum_ascii_original	original_hum_e_to_ē	93	177	84
original_hum	e_to_ē	26	final_prompt_token	30033	0.18751904368400574	0.21233855187892914	0.0248195081949234	0.0248195081949234	32	23	1	1	original_hum_ascii_original	original_hum_e_to_ē	93	177	84
original_hum	e_to_ē	26	final_prompt_token	30453	0.19626596570014954	0.0	-0.19626596570014954	0.19626596570014954	28		1	0	original_hum_ascii_original	original_hum_e_to_ē	93	177	84
original_hum	e_to_ē	26	final_prompt_token	31908	0.4130459427833557	0.28148046135902405	-0.13156548142433167	0.13156548142433167	5	12	1	1	original_hum_ascii_original	original_hum_e_to_ē	93	177	84
original_hum	e_to_ē	26	final_prompt_token	32454	0.1574060618877411	0.0	-0.1574060618877411	0.1574060618877411	48		1	0	original_hum_ascii_original	original_hum_e_to_ē	93	177	84
original_hum	e_to_ē	26	final_prompt_token	32698	0.2284238040447235	0.16703754663467407	-0.06138625741004944	0.06138625741004944	21	43	1	1	original_hum_ascii_original	original_hum_e_to_ē	93	177	84
original_hum	e_to_ē	26	final_prompt_token_minus_1	704	0.2613154947757721	0.20640873908996582	-0.054906755685806274	0.054906755685806274	14	25	1	1	original_hum_ascii_original	original_hum_e_to_ē	93	177	84
original_hum	e_to_ē	26	final_prompt_token_minus_1	799	2.0849788188934326	1.7937448024749756	-0.29123401641845703	0.29123401641845703	1	1	1	1	original_hum_ascii_original	original_hum_e_to_ē	93	177	84
original_hum	e_to_ē	26	final_prompt_token_minus_1	1659	0.16034561395645142	0.1894851177930832	0.029139503836631775	0.029139503836631775	45	33	1	1	original_hum_ascii_original	original_hum_e_to_ē	93	177	84
original_hum	e_to_ē	26	final_prompt_token_minus_1	1953	0.0	0.23106490075588226	0.23106490075588226	0.23106490075588226		17	0	1	original_hum_ascii_original	original_hum_e_to_ē	93	177	84
original_hum	e_to_ē	26	final_prompt_token_minus_1	2938	1.0453124046325684	1.1274240016937256	0.08211159706115723	0.08211159706115723	2	2	1	1	original_hum_ascii_original	original_hum_e_to_ē	93	177	84
original_hum	e_to_ē	26	final_prompt_token_minus_1	3805	0.0	0.14285071194171906	0.14285071194171906	0.14285071194171906		50	0	1	original_hum_ascii_original	original_hum_e_to_ē	93	177	84
original_hum	e_to_ē	26	final_prompt_token_minus_1	4844	0.16514423489570618	0.0	-0.16514423489570618	0.16514423489570618	43		1	0	original_hum_ascii_original	original_hum_e_to_ē	93	177	84
original_hum	e_to_ē	26	final_prompt_token_minus_1	5257	0.22263261675834656	0.2117544412612915	-0.010878175497055054	0.010878175497055054	25	23	1	1	original_hum_ascii_original	original_hum_e_to_ē	93	177	84
original_hum	e_to_ē	26	final_prompt_token_minus_1	6593	0.1902092844247818	0.1714114099740982	-0.018797874450683594	0.018797874450683594	32	36	1	1	original_hum_ascii_original	original_hum_e_to_ē	93	177	84
original_hum	e_to_ē	26	final_prompt_token_minus_1	7506	0.17481431365013123	0.19319063425064087	0.018376320600509644	0.018376320600509644	36	32	1	1	original_hum_ascii_original	original_hum_e_to_ē	93	177	84
original_hum	e_to_ē	26	final_prompt_token_minus_1	7982	0.26551687717437744	0.19358667731285095	-0.07193019986152649	0.07193019986152649	13	31	1	1	original_hum_ascii_original	original_hum_e_to_ē	93	177	84
original_hum	e_to_ē	26	final_prompt_token_minus_1	8216	0.22875705361366272	0.16271549463272095	-0.06604155898094177	0.06604155898094177	23	39	1	1	original_hum_ascii_original	original_hum_e_to_ē	93	177	84
original_hum	e_to_ē	26	final_prompt_token_minus_1	8882	0.23224426805973053	0.2337084710597992	0.0014642030000686646	0.0014642030000686646	20	15	1	1	original_hum_ascii_original	original_hum_e_to_ē	93	177	84
original_hum	e_to_ē	26	final_prompt_token_minus_1	8891	0.21474391222000122	0.16236689686775208	-0.052377015352249146	0.052377015352249146	27	40	1	1	original_hum_ascii_original	original_hum_e_to_ē	93	177	84
original_hum	e_to_ē	26	final_prompt_token_minus_1	8894	0.0	0.15098489820957184	0.15098489820957184	0.15098489820957184		44	0	1	original_hum_ascii_original	original_hum_e_to_ē	93	177	84
original_hum	e_to_ē	26	final_prompt_token_minus_1	9241	0.24169208109378815	0.0	-0.24169208109378815	0.24169208109378815	17		1	0	original_hum_ascii_original	original_hum_e_to_ē	93	177	84
original_hum	e_to_ē	26	final_prompt_token_minus_1	9385	0.0	0.1462494283914566	0.1462494283914566	0.1462494283914566		48	0	1	original_hum_ascii_original	original_hum_e_to_ē	93	177	84
original_hum	e_to_ē	26	final_prompt_token_minus_1	9990	0.23132158815860748	0.2621992528438568	0.03087766468524933	0.03087766468524933	22	11	1	1	original_hum_ascii_original	original_hum_e_to_ē	93	177	84
original_hum	e_to_ē	26	final_prompt_token_minus_1	10146	0.0	0.15942633152008057	0.15942633152008057	0.15942633152008057		41	0	1	original_hum_ascii_original	original_hum_e_to_ē	93	177	84
original_hum	e_to_ē	26	final_prompt_token_minus_1	10265	0.1704370677471161	0.18781797587871552	0.017380908131599426	0.017380908131599426	41	34	1	1	original_hum_ascii_original	original_hum_e_to_ē	93	177	84
original_hum	e_to_ē	26	final_prompt_token_minus_1	10709	0.19084370136260986	0.0	-0.19084370136260986	0.19084370136260986	31		1	0	original_hum_ascii_original	original_hum_e_to_ē	93	177	84
original_hum	e_to_ē	26	final_prompt_token_minus_1	10764	0.15153810381889343	0.0	-0.15153810381889343	0.15153810381889343	50		1	0	original_hum_ascii_original	original_hum_e_to_ē	93	177	84
original_hum	e_to_ē	26	final_prompt_token_minus_1	11256	0.3408229649066925	0.2319628894329071	-0.1088600754737854	0.1088600754737854	5	16	1	1	original_hum_ascii_original	original_hum_e_to_ē	93	177	84
original_hum	e_to_ē	26	final_prompt_token_minus_1	13916	0.1931859254837036	0.14478492736816406	-0.04840099811553955	0.04840099811553955	30	49	1	1	original_hum_ascii_original	original_hum_e_to_ē	93	177	84
original_hum	e_to_ē	26	final_prompt_token_minus_1	14836	0.0	0.3239731788635254	0.3239731788635254	0.3239731788635254		6	0	1	original_hum_ascii_original	original_hum_e_to_ē	93	177	84
original_hum	e_to_ē	26	final_prompt_token_minus_1	14870	0.0	0.27308082580566406	0.27308082580566406	0.27308082580566406		10	0	1	original_hum_ascii_original	original_hum_e_to_ē	93	177	84
original_hum	e_to_ē	26	final_prompt_token_minus_1	15076	0.20724529027938843	0.238634392619133	0.03138910233974457	0.03138910233974457	28	13	1	1	original_hum_ascii_original	original_hum_e_to_ē	93	177	84
original_hum	e_to_ē	26	final_prompt_token_minus_1	16041	0.1622762382030487	0.0	-0.1622762382030487	0.1622762382030487	44		1	0	original_hum_ascii_original	original_hum_e_to_ē	93	177	84
original_hum	e_to_ē	26	final_prompt_token_minus_1	16439	0.30100175738334656	0.36753445863723755	0.06653270125389099	0.06653270125389099	9	5	1	1	original_hum_ascii_original	original_hum_e_to_ē	93	177	84
original_hum	e_to_ē	26	final_prompt_token_minus_1	16475	0.22713349759578705	0.2120482623577118	-0.015085235238075256	0.015085235238075256	24	22	1	1	original_hum_ascii_original	original_hum_e_to_ē	93	177	84
original_hum	e_to_ē	26	final_prompt_token_minus_1	16706	0.598991870880127	0.4667453467845917	-0.13224652409553528	0.13224652409553528	3	3	1	1	original_hum_ascii_original	original_hum_e_to_ē	93	177	84
original_hum	e_to_ē	26	final_prompt_token_minus_1	16793	0.15720468759536743	0.16516587138175964	0.007961183786392212	0.007961183786392212	46	38	1	1	original_hum_ascii_original	original_hum_e_to_ē	93	177	84
original_hum	e_to_ē	26	final_prompt_token_minus_1	17164	0.1829492151737213	0.21520236134529114	0.032253146171569824	0.032253146171569824	34	19	1	1	original_hum_ascii_original	original_hum_e_to_ē	93	177	84
original_hum	e_to_ē	26	final_prompt_token_minus_1	17869	0.1889125108718872	0.1990659534931183	0.010153442621231079	0.010153442621231079	33	29	1	1	original_hum_ascii_original	original_hum_e_to_ē	93	177	84
original_hum	e_to_ē	26	final_prompt_token_minus_1	18977	0.17101836204528809	0.0	-0.17101836204528809	0.17101836204528809	40		1	0	original_hum_ascii_original	original_hum_e_to_ē	93	177	84
original_hum	e_to_ē	26	final_prompt_token_minus_1	19389	0.3204427659511566	0.32151588797569275	0.0010731220245361328	0.0010731220245361328	7	7	1	1	original_hum_ascii_original	original_hum_e_to_ē	93	177	84
original_hum	e_to_ē	26	final_prompt_token_minus_1	19850	0.28381407260894775	0.21290642023086548	-0.07090765237808228	0.07090765237808228	12	21	1	1	original_hum_ascii_original	original_hum_e_to_ē	93	177	84
original_hum	e_to_ē	26	final_prompt_token_minus_1	20031	0.2509620487689972	0.0	-0.2509620487689972	0.2509620487689972	16		1	0	original_hum_ascii_original	original_hum_e_to_ē	93	177	84
original_hum	e_to_ē	26	final_prompt_token_minus_1	20642	0.0	0.21004649996757507	0.21004649996757507	0.21004649996757507		24	0	1	original_hum_ascii_original	original_hum_e_to_ē	93	177	84
original_hum	e_to_ē	26	final_prompt_token_minus_1	22025	0.0	0.1565282642841339	0.1565282642841339	0.1565282642841339		43	0	1	original_hum_ascii_original	original_hum_e_to_ē	93	177	84
original_hum	e_to_ē	26	final_prompt_token_minus_1	22129	0.0	0.2009975165128708	0.2009975165128708	0.2009975165128708		28	0	1	original_hum_ascii_original	original_hum_e_to_ē	93	177	84
original_hum	e_to_ē	26	final_prompt_token_minus_1	22353	0.23205679655075073	0.21820184588432312	-0.013854950666427612	0.013854950666427612	21	18	1	1	original_hum_ascii_original	original_hum_e_to_ē	93	177	84
original_hum	e_to_ē	26	final_prompt_token_minus_1	22584	0.0	0.15004226565361023	0.15004226565361023	0.15004226565361023		46	0	1	original_hum_ascii_original	original_hum_e_to_ē	93	177	84
original_hum	e_to_ē	26	final_prompt_token_minus_1	22922	0.17136210203170776	0.0	-0.17136210203170776	0.17136210203170776	39		1	0	original_hum_ascii_original	original_hum_e_to_ē	93	177	84
original_hum	e_to_ē	26	final_prompt_token_minus_1	23071	0.23368534445762634	0.20334988832473755	-0.030335456132888794	0.030335456132888794	19	27	1	1	original_hum_ascii_original	original_hum_e_to_ē	93	177	84
original_hum	e_to_ē	26	final_prompt_token_minus_1	23171	0.0	0.21315960586071014	0.21315960586071014	0.21315960586071014		20	0	1	original_hum_ascii_original	original_hum_e_to_ē	93	177	84
original_hum	e_to_ē	26	final_prompt_token_minus_1	24977	0.0	0.15705178678035736	0.15705178678035736	0.15705178678035736		42	0	1	original_hum_ascii_original	original_hum_e_to_ē	93	177	84
original_hum	e_to_ē	26	final_prompt_token_minus_1	25001	0.29920151829719543	0.2046007513999939	-0.09460076689720154	0.09460076689720154	10	26	1	1	original_hum_ascii_original	original_hum_e_to_ē	93	177	84
original_hum	e_to_ē	26	final_prompt_token_minus_1	26262	0.16707271337509155	0.0	-0.16707271337509155	0.16707271337509155	42		1	0	original_hum_ascii_original	original_hum_e_to_ē	93	177	84
original_hum	e_to_ē	26	final_prompt_token_minus_1	26598	0.23765140771865845	0.0	-0.23765140771865845	0.23765140771865845	18		1	0	original_hum_ascii_original	original_hum_e_to_ē	93	177	84
original_hum	e_to_ē	26	final_prompt_token_minus_1	26684	0.3267297148704529	0.3060018718242645	-0.020727843046188354	0.020727843046188354	6	8	1	1	original_hum_ascii_original	original_hum_e_to_ē	93	177	84
original_hum	e_to_ē	26	final_prompt_token_minus_1	27263	0.15293630957603455	0.0	-0.15293630957603455	0.15293630957603455	48		1	0	original_hum_ascii_original	original_hum_e_to_ē	93	177	84
original_hum	e_to_ē	26	final_prompt_token_minus_1	27342	0.49847736954689026	0.4588027894496918	-0.039674580097198486	0.039674580097198486	4	4	1	1	original_hum_ascii_original	original_hum_e_to_ē	93	177	84
original_hum	e_to_ē	26	final_prompt_token_minus_1	27461	0.1745932400226593	0.0	-0.1745932400226593	0.1745932400226593	37		1	0	original_hum_ascii_original	original_hum_e_to_ē	93	177	84
original_hum	e_to_ē	26	final_prompt_token_minus_1	29065	0.26044073700904846	0.23704956471920013	-0.023391172289848328	0.023391172289848328	15	14	1	1	original_hum_ascii_original	original_hum_e_to_ē	93	177	84
original_hum	e_to_ē	26	final_prompt_token_minus_1	29171	0.2880919575691223	0.2855386435985565	-0.002553313970565796	0.002553313970565796	11	9	1	1	original_hum_ascii_original	original_hum_e_to_ē	93	177	84
original_hum	e_to_ē	26	final_prompt_token_minus_1	29472	0.21717436611652374	0.0	-0.21717436611652374	0.21717436611652374	26		1	0	original_hum_ascii_original	original_hum_e_to_ē	93	177	84
original_hum	e_to_ē	26	final_prompt_token_minus_1	30205	0.0	0.16954557597637177	0.16954557597637177	0.16954557597637177		37	0	1	original_hum_ascii_original	original_hum_e_to_ē	93	177	84
original_hum	e_to_ē	26	final_prompt_token_minus_1	31090	0.0	0.19468946754932404	0.19468946754932404	0.19468946754932404		30	0	1	original_hum_ascii_original	original_hum_e_to_ē	93	177	84
original_hum	e_to_ē	26	final_prompt_token_minus_1	31420	0.1995328962802887	0.0	-0.1995328962802887	0.1995328962802887	29		1	0	original_hum_ascii_original	original_hum_e_to_ē	93	177	84
original_hum	e_to_ē	26	final_prompt_token_minus_1	31489	0.15497832000255585	0.0	-0.15497832000255585	0.15497832000255585	47		1	0	original_hum_ascii_original	original_hum_e_to_ē	93	177	84
original_hum	e_to_ē	26	final_prompt_token_minus_1	31784	0.17284302413463593	0.15045657753944397	-0.022386446595191956	0.022386446595191956	38	45	1	1	original_hum_ascii_original	original_hum_e_to_ē	93	177	84
original_hum	e_to_ē	26	final_prompt_token_minus_1	31836	0.18255946040153503	0.1474861204624176	-0.03507333993911743	0.03507333993911743	35	47	1	1	original_hum_ascii_original	original_hum_e_to_ē	93	177	84
original_hum	e_to_ē	26	final_prompt_token_minus_1	32448	0.15181764960289001	0.18677163124084473	0.03495398163795471	0.03495398163795471	49	35	1	1	original_hum_ascii_original	original_hum_e_to_ē	93	177	84
original_hum	e_to_ē	26	final_prompt_token_minus_1	32454	0.30890461802482605	0.24751022458076477	-0.06139439344406128	0.06139439344406128	8	12	1	1	original_hum_ascii_original	original_hum_e_to_ē	93	177	84
original_hum	e_to_ē	26	final_prompt_token_minus_5	234	0.15021774172782898	0.0	-0.15021774172782898	0.15021774172782898	49		1	0	original_hum_ascii_original	original_hum_e_to_ē	93	177	84
original_hum	e_to_ē	26	final_prompt_token_minus_5	380	0.17311793565750122	0.0	-0.17311793565750122	0.17311793565750122	33		1	0	original_hum_ascii_original	original_hum_e_to_ē	93	177	84
original_hum	e_to_ē	26	final_prompt_token_minus_5	704	0.16919872164726257	0.0	-0.16919872164726257	0.16919872164726257	37		1	0	original_hum_ascii_original	original_hum_e_to_ē	93	177	84
original_hum	e_to_ē	26	final_prompt_token_minus_5	1277	0.17406241595745087	0.0	-0.17406241595745087	0.17406241595745087	32		1	0	original_hum_ascii_original	original_hum_e_to_ē	93	177	84
original_hum	e_to_ē	26	final_prompt_token_minus_5	1984	0.45683109760284424	0.0	-0.45683109760284424	0.45683109760284424	5		1	0	original_hum_ascii_original	original_hum_e_to_ē	93	177	84
original_hum	e_to_ē	26	final_prompt_token_minus_5	2547	0.17214435338974	0.0	-0.17214435338974	0.17214435338974	35		1	0	original_hum_ascii_original	original_hum_e_to_ē	93	177	84
original_hum	e_to_ē	26	final_prompt_token_minus_5	2786	0.1821536421775818	0.0	-0.1821536421775818	0.1821536421775818	29		1	0	original_hum_ascii_original	original_hum_e_to_ē	93	177	84
original_hum	e_to_ē	26	final_prompt_token_minus_5	2802	0.17630228400230408	0.0	-0.17630228400230408	0.17630228400230408	30		1	0	original_hum_ascii_original	original_hum_e_to_ē	93	177	84
original_hum	e_to_ē	26	final_prompt_token_minus_5	2938	0.8425180912017822	0.585808515548706	-0.25670957565307617	0.25670957565307617	2	1	1	1	original_hum_ascii_original	original_hum_e_to_ē	93	177	84
original_hum	e_to_ē	26	final_prompt_token_minus_5	2977	0.0	0.20615431666374207	0.20615431666374207	0.20615431666374207		30	0	1	original_hum_ascii_original	original_hum_e_to_ē	93	177	84
original_hum	e_to_ē	26	final_prompt_token_minus_5	3271	0.22114868462085724	0.0	-0.22114868462085724	0.22114868462085724	19		1	0	original_hum_ascii_original	original_hum_e_to_ē	93	177	84
original_hum	e_to_ē	26	final_prompt_token_minus_5	4067	0.2697277069091797	0.0	-0.2697277069091797	0.2697277069091797	13		1	0	original_hum_ascii_original	original_hum_e_to_ē	93	177	84
original_hum	e_to_ē	26	final_prompt_token_minus_5	4204	0.0	0.3158043622970581	0.3158043622970581	0.3158043622970581		12	0	1	original_hum_ascii_original	original_hum_e_to_ē	93	177	84
original_hum	e_to_ē	26	final_prompt_token_minus_5	4514	1.3619940280914307	0.0	-1.3619940280914307	1.3619940280914307	1		1	0	original_hum_ascii_original	original_hum_e_to_ē	93	177	84
original_hum	e_to_ē	26	final_prompt_token_minus_5	4795	0.0	0.21657085418701172	0.21657085418701172	0.21657085418701172		26	0	1	original_hum_ascii_original	original_hum_e_to_ē	93	177	84
original_hum	e_to_ē	26	final_prompt_token_minus_5	5230	0.5138218998908997	0.0	-0.5138218998908997	0.5138218998908997	4		1	0	original_hum_ascii_original	original_hum_e_to_ē	93	177	84
original_hum	e_to_ē	26	final_prompt_token_minus_5	5412	0.3838328719139099	0.0	-0.3838328719139099	0.3838328719139099	8		1	0	original_hum_ascii_original	original_hum_e_to_ē	93	177	84
original_hum	e_to_ē	26	final_prompt_token_minus_5	5566	0.26797810196876526	0.0	-0.26797810196876526	0.26797810196876526	14		1	0	original_hum_ascii_original	original_hum_e_to_ē	93	177	84
original_hum	e_to_ē	26	final_prompt_token_minus_5	5995	0.0	0.2817552387714386	0.2817552387714386	0.2817552387714386		15	0	1	original_hum_ascii_original	original_hum_e_to_ē	93	177	84
original_hum	e_to_ē	26	final_prompt_token_minus_5	6429	0.0	0.27135759592056274	0.27135759592056274	0.27135759592056274		17	0	1	original_hum_ascii_original	original_hum_e_to_ē	93	177	84
original_hum	e_to_ē	26	final_prompt_token_minus_5	7133	0.0	0.1749960035085678	0.1749960035085678	0.1749960035085678		38	0	1	original_hum_ascii_original	original_hum_e_to_ē	93	177	84
original_hum	e_to_ē	26	final_prompt_token_minus_5	7159	0.16116683185100555	0.0	-0.16116683185100555	0.16116683185100555	41		1	0	original_hum_ascii_original	original_hum_e_to_ē	93	177	84
original_hum	e_to_ē	26	final_prompt_token_minus_5	7982	0.4084320068359375	0.33814936876296997	-0.07028263807296753	0.07028263807296753	7	10	1	1	original_hum_ascii_original	original_hum_e_to_ē	93	177	84
original_hum	e_to_ē	26	final_prompt_token_minus_5	9317	0.0	0.2789188325405121	0.2789188325405121	0.2789188325405121		16	0	1	original_hum_ascii_original	original_hum_e_to_ē	93	177	84
original_hum	e_to_ē	26	final_prompt_token_minus_5	9745	0.0	0.17439481616020203	0.17439481616020203	0.17439481616020203		39	0	1	original_hum_ascii_original	original_hum_e_to_ē	93	177	84
original_hum	e_to_ē	26	final_prompt_token_minus_5	9784	0.17475195229053497	0.0	-0.17475195229053497	0.17475195229053497	31		1	0	original_hum_ascii_original	original_hum_e_to_ē	93	177	84
original_hum	e_to_ē	26	final_prompt_token_minus_5	10146	0.0	0.2263410985469818	0.2263410985469818	0.2263410985469818		22	0	1	original_hum_ascii_original	original_hum_e_to_ē	93	177	84
original_hum	e_to_ē	26	final_prompt_token_minus_5	10265	0.0	0.15974268317222595	0.15974268317222595	0.15974268317222595		50	0	1	original_hum_ascii_original	original_hum_e_to_ē	93	177	84
original_hum	e_to_ē	26	final_prompt_token_minus_5	10612	0.0	0.3797459602355957	0.3797459602355957	0.3797459602355957		7	0	1	original_hum_ascii_original	original_hum_e_to_ē	93	177	84
original_hum	e_to_ē	26	final_prompt_token_minus_5	10636	0.0	0.1694825142621994	0.1694825142621994	0.1694825142621994		41	0	1	original_hum_ascii_original	original_hum_e_to_ē	93	177	84
original_hum	e_to_ē	26	final_prompt_token_minus_5	11145	0.1727781593799591	0.0	-0.1727781593799591	0.1727781593799591	34		1	0	original_hum_ascii_original	original_hum_e_to_ē	93	177	84
original_hum	e_to_ē	26	final_prompt_token_minus_5	11256	0.0	0.298267662525177	0.298267662525177	0.298267662525177		13	0	1	original_hum_ascii_original	original_hum_e_to_ē	93	177	84
original_hum	e_to_ē	26	final_prompt_token_minus_5	11331	0.1540197730064392	0.0	-0.1540197730064392	0.1540197730064392	46		1	0	original_hum_ascii_original	original_hum_e_to_ē	93	177	84
original_hum	e_to_ē	26	final_prompt_token_minus_5	11412	0.3010661005973816	0.0	-0.3010661005973816	0.3010661005973816	11		1	0	original_hum_ascii_original	original_hum_e_to_ē	93	177	84
original_hum	e_to_ē	26	final_prompt_token_minus_5	11456	0.17166537046432495	0.21246179938316345	0.0407964289188385	0.0407964289188385	36	28	1	1	original_hum_ascii_original	original_hum_e_to_ē	93	177	84
original_hum	e_to_ē	26	final_prompt_token_minus_5	12693	0.19581195712089539	0.0	-0.19581195712089539	0.19581195712089539	25		1	0	original_hum_ascii_original	original_hum_e_to_ē	93	177	84
original_hum	e_to_ē	26	final_prompt_token_minus_5	12709	0.18538178503513336	0.0	-0.18538178503513336	0.18538178503513336	27		1	0	original_hum_ascii_original	original_hum_e_to_ē	93	177	84
original_hum	e_to_ē	26	final_prompt_token_minus_5	12998	0.16676536202430725	0.0	-0.16676536202430725	0.16676536202430725	39		1	0	original_hum_ascii_original	original_hum_e_to_ē	93	177	84
original_hum	e_to_ē	26	final_prompt_token_minus_5	13412	0.0	0.20122092962265015	0.20122092962265015	0.20122092962265015		31	0	1	original_hum_ascii_original	original_hum_e_to_ē	93	177	84
original_hum	e_to_ē	26	final_prompt_token_minus_5	13599	0.24375773966312408	0.0	-0.24375773966312408	0.24375773966312408	17		1	0	original_hum_ascii_original	original_hum_e_to_ē	93	177	84
original_hum	e_to_ē	26	final_prompt_token_minus_5	14142	0.18797194957733154	0.0	-0.18797194957733154	0.18797194957733154	26		1	0	original_hum_ascii_original	original_hum_e_to_ē	93	177	84
original_hum	e_to_ē	26	final_prompt_token_minus_5	14182	0.0	0.16680429875850677	0.16680429875850677	0.16680429875850677		45	0	1	original_hum_ascii_original	original_hum_e_to_ē	93	177	84
original_hum	e_to_ē	26	final_prompt_token_minus_5	14667	0.19799308478832245	0.0	-0.19799308478832245	0.19799308478832245	23		1	0	original_hum_ascii_original	original_hum_e_to_ē	93	177	84
original_hum	e_to_ē	26	final_prompt_token_minus_5	14727	0.0	0.22352789342403412	0.22352789342403412	0.22352789342403412		24	0	1	original_hum_ascii_original	original_hum_e_to_ē	93	177	84
original_hum	e_to_ē	26	final_prompt_token_minus_5	14768	0.0	0.21533197164535522	0.21533197164535522	0.21533197164535522		27	0	1	original_hum_ascii_original	original_hum_e_to_ē	93	177	84
original_hum	e_to_ē	26	final_prompt_token_minus_5	14771	0.16651684045791626	0.0	-0.16651684045791626	0.16651684045791626	40		1	0	original_hum_ascii_original	original_hum_e_to_ē	93	177	84
original_hum	e_to_ē	26	final_prompt_token_minus_5	14949	0.1974395513534546	0.0	-0.1974395513534546	0.1974395513534546	24		1	0	original_hum_ascii_original	original_hum_e_to_ē	93	177	84
original_hum	e_to_ē	26	final_prompt_token_minus_5	15420	0.27171340584754944	0.0	-0.27171340584754944	0.27171340584754944	12		1	0	original_hum_ascii_original	original_hum_e_to_ē	93	177	84
original_hum	e_to_ē	26	final_prompt_token_minus_5	16041	0.2182314395904541	0.0	-0.2182314395904541	0.2182314395904541	20		1	0	original_hum_ascii_original	original_hum_e_to_ē	93	177	84
original_hum	e_to_ē	26	final_prompt_token_minus_5	16344	0.0	0.36549079418182373	0.36549079418182373	0.36549079418182373		8	0	1	original_hum_ascii_original	original_hum_e_to_ē	93	177	84
original_hum	e_to_ē	26	final_prompt_token_minus_5	16439	0.0	0.1758095920085907	0.1758095920085907	0.1758095920085907		37	0	1	original_hum_ascii_original	original_hum_e_to_ē	93	177	84
original_hum	e_to_ē	26	final_prompt_token_minus_5	17766	0.0	0.22850167751312256	0.22850167751312256	0.22850167751312256		21	0	1	original_hum_ascii_original	original_hum_e_to_ē	93	177	84
original_hum	e_to_ē	26	final_prompt_token_minus_5	17869	0.0	0.1618247926235199	0.1618247926235199	0.1618247926235199		49	0	1	original_hum_ascii_original	original_hum_e_to_ē	93	177	84
original_hum	e_to_ē	26	final_prompt_token_minus_5	18198	0.0	0.35984718799591064	0.35984718799591064	0.35984718799591064		9	0	1	original_hum_ascii_original	original_hum_e_to_ē	93	177	84
original_hum	e_to_ē	26	final_prompt_token_minus_5	18415	0.0	0.16518178582191467	0.16518178582191467	0.16518178582191467		46	0	1	original_hum_ascii_original	original_hum_e_to_ē	93	177	84
original_hum	e_to_ē	26	final_prompt_token_minus_5	18665	0.1512882560491562	0.0	-0.1512882560491562	0.1512882560491562	47		1	0	original_hum_ascii_original	original_hum_e_to_ē	93	177	84
original_hum	e_to_ē	26	final_prompt_token_minus_5	18937	0.0	0.5106685161590576	0.5106685161590576	0.5106685161590576		2	0	1	original_hum_ascii_original	original_hum_e_to_ē	93	177	84
original_hum	e_to_ē	26	final_prompt_token_minus_5	19281	0.0	0.21054217219352722	0.21054217219352722	0.21054217219352722		29	0	1	original_hum_ascii_original	original_hum_e_to_ē	93	177	84
original_hum	e_to_ē	26	final_prompt_token_minus_5	19389	0.2609201967716217	0.39674055576324463	0.13582035899162292	0.13582035899162292	15	6	1	1	original_hum_ascii_original	original_hum_e_to_ē	93	177	84
original_hum	e_to_ē	26	final_prompt_token_minus_5	19668	0.374565988779068	0.0	-0.374565988779068	0.374565988779068	9		1	0	original_hum_ascii_original	original_hum_e_to_ē	93	177	84
original_hum	e_to_ē	26	final_prompt_token_minus_5	19848	0.0	0.4628060460090637	0.4628060460090637	0.4628060460090637		4	0	1	original_hum_ascii_original	original_hum_e_to_ē	93	177	84
original_hum	e_to_ē	26	final_prompt_token_minus_5	19878	0.1497126817703247	0.0	-0.1497126817703247	0.1497126817703247	50		1	0	original_hum_ascii_original	original_hum_e_to_ē	93	177	84
original_hum	e_to_ē	26	final_prompt_token_minus_5	19943	0.0	0.2173750102519989	0.2173750102519989	0.2173750102519989		25	0	1	original_hum_ascii_original	original_hum_e_to_ē	93	177	84
original_hum	e_to_ē	26	final_prompt_token_minus_5	20971	0.0	0.26933741569519043	0.26933741569519043	0.26933741569519043		18	0	1	original_hum_ascii_original	original_hum_e_to_ē	93	177	84
original_hum	e_to_ē	26	final_prompt_token_minus_5	21478	0.0	0.2897864282131195	0.2897864282131195	0.2897864282131195		14	0	1	original_hum_ascii_original	original_hum_e_to_ē	93	177	84
original_hum	e_to_ē	26	final_prompt_token_minus_5	21706	0.0	0.16783356666564941	0.16783356666564941	0.16783356666564941		43	0	1	original_hum_ascii_original	original_hum_e_to_ē	93	177	84
original_hum	e_to_ē	26	final_prompt_token_minus_5	22076	0.0	0.16378659009933472	0.16378659009933472	0.16378659009933472		47	0	1	original_hum_ascii_original	original_hum_e_to_ē	93	177	84
original_hum	e_to_ē	26	final_prompt_token_minus_5	22080	0.0	0.447916179895401	0.447916179895401	0.447916179895401		5	0	1	original_hum_ascii_original	original_hum_e_to_ē	93	177	84
original_hum	e_to_ē	26	final_prompt_token_minus_5	22182	0.0	0.16750091314315796	0.16750091314315796	0.16750091314315796		44	0	1	original_hum_ascii_original	original_hum_e_to_ē	93	177	84
original_hum	e_to_ē	26	final_prompt_token_minus_5	23071	0.1567426323890686	0.0	-0.1567426323890686	0.1567426323890686	43		1	0	original_hum_ascii_original	original_hum_e_to_ē	93	177	84
original_hum	e_to_ē	26	final_prompt_token_minus_5	23178	0.41616809368133545	0.0	-0.41616809368133545	0.41616809368133545	6		1	0	original_hum_ascii_original	original_hum_e_to_ē	93	177	84
original_hum	e_to_ē	26	final_prompt_token_minus_5	23941	0.0	0.1730642020702362	0.1730642020702362	0.1730642020702362		40	0	1	original_hum_ascii_original	original_hum_e_to_ē	93	177	84
original_hum	e_to_ē	26	final_prompt_token_minus_5	23952	0.7403864860534668	0.0	-0.7403864860534668	0.7403864860534668	3		1	0	original_hum_ascii_original	original_hum_e_to_ē	93	177	84
original_hum	e_to_ē	26	final_prompt_token_minus_5	24803	0.1504477560520172	0.0	-0.1504477560520172	0.1504477560520172	48		1	0	original_hum_ascii_original	original_hum_e_to_ē	93	177	84
original_hum	e_to_ē	26	final_prompt_token_minus_5	25077	0.0	0.269228458404541	0.269228458404541	0.269228458404541		19	0	1	original_hum_ascii_original	original_hum_e_to_ē	93	177	84
original_hum	e_to_ē	26	final_prompt_token_minus_5	25228	0.1547814905643463	0.0	-0.1547814905643463	0.1547814905643463	45		1	0	original_hum_ascii_original	original_hum_e_to_ē	93	177	84
original_hum	e_to_ē	26	final_prompt_token_minus_5	25377	0.0	0.18439069390296936	0.18439069390296936	0.18439069390296936		35	0	1	original_hum_ascii_original	original_hum_e_to_ē	93	177	84
original_hum	e_to_ē	26	final_prompt_token_minus_5	25601	0.0	0.17923949658870697	0.17923949658870697	0.17923949658870697		36	0	1	original_hum_ascii_original	original_hum_e_to_ē	93	177	84
original_hum	e_to_ē	26	final_prompt_token_minus_5	27281	0.19916246831417084	0.0	-0.19916246831417084	0.19916246831417084	22		1	0	original_hum_ascii_original	original_hum_e_to_ē	93	177	84
original_hum	e_to_ē	26	final_prompt_token_minus_5	27461	0.0	0.16351982951164246	0.16351982951164246	0.16351982951164246		48	0	1	original_hum_ascii_original	original_hum_e_to_ē	93	177	84
original_hum	e_to_ē	26	final_prompt_token_minus_5	27541	0.0	0.3252333998680115	0.3252333998680115	0.3252333998680115		11	0	1	original_hum_ascii_original	original_hum_e_to_ē	93	177	84
original_hum	e_to_ē	26	final_prompt_token_minus_5	28713	0.0	0.5081287622451782	0.5081287622451782	0.5081287622451782		3	0	1	original_hum_ascii_original	original_hum_e_to_ē	93	177	84
original_hum	e_to_ē	26	final_prompt_token_minus_5	29275	0.18314476311206818	0.0	-0.18314476311206818	0.18314476311206818	28		1	0	original_hum_ascii_original	original_hum_e_to_ē	93	177	84
original_hum	e_to_ē	26	final_prompt_token_minus_5	30153	0.1580786108970642	0.0	-0.1580786108970642	0.1580786108970642	42		1	0	original_hum_ascii_original	original_hum_e_to_ē	93	177	84
original_hum	e_to_ē	26	final_prompt_token_minus_5	30607	0.0	0.22597739100456238	0.22597739100456238	0.22597739100456238		23	0	1	original_hum_ascii_original	original_hum_e_to_ē	93	177	84
original_hum	e_to_ē	26	final_prompt_token_minus_5	30911	0.3365362882614136	0.0	-0.3365362882614136	0.3365362882614136	10		1	0	original_hum_ascii_original	original_hum_e_to_ē	93	177	84
original_hum	e_to_ē	26	final_prompt_token_minus_5	31025	0.15671776235103607	0.0	-0.15671776235103607	0.15671776235103607	44		1	0	original_hum_ascii_original	original_hum_e_to_ē	93	177	84
original_hum	e_to_ē	26	final_prompt_token_minus_5	31073	0.0	0.19447028636932373	0.19447028636932373	0.19447028636932373		32	0	1	original_hum_ascii_original	original_hum_e_to_ē	93	177	84
original_hum	e_to_ē	26	final_prompt_token_minus_5	31206	0.25306740403175354	0.0	-0.25306740403175354	0.25306740403175354	16		1	0	original_hum_ascii_original	original_hum_e_to_ē	93	177	84
original_hum	e_to_ē	26	final_prompt_token_minus_5	31589	0.20227934420108795	0.0	-0.20227934420108795	0.20227934420108795	21		1	0	original_hum_ascii_original	original_hum_e_to_ē	93	177	84
original_hum	e_to_ē	26	final_prompt_token_minus_5	31632	0.22159573435783386	0.0	-0.22159573435783386	0.22159573435783386	18		1	0	original_hum_ascii_original	original_hum_e_to_ē	93	177	84
original_hum	e_to_ē	26	final_prompt_token_minus_5	31784	0.16785354912281036	0.0	-0.16785354912281036	0.16785354912281036	38		1	0	original_hum_ascii_original	original_hum_e_to_ē	93	177	84
original_hum	e_to_ē	26	final_prompt_token_minus_5	31836	0.0	0.23908847570419312	0.23908847570419312	0.23908847570419312		20	0	1	original_hum_ascii_original	original_hum_e_to_ē	93	177	84
original_hum	e_to_ē	26	final_prompt_token_minus_5	31908	0.0	0.1943192034959793	0.1943192034959793	0.1943192034959793		33	0	1	original_hum_ascii_original	original_hum_e_to_ē	93	177	84
original_hum	e_to_ē	26	final_prompt_token_minus_5	32454	0.0	0.19076848030090332	0.19076848030090332	0.19076848030090332		34	0	1	original_hum_ascii_original	original_hum_e_to_ē	93	177	84
original_hum	e_to_ē	26	final_prompt_token_minus_5	32698	0.0	0.1679297387599945	0.1679297387599945	0.1679297387599945		42	0	1	original_hum_ascii_original	original_hum_e_to_ē	93	177	84
original_hum	e_to_ē	26	final_prompt_token_minus_10	75	0.3511373996734619	0.0	-0.3511373996734619	0.3511373996734619	11		1	0	original_hum_ascii_original	original_hum_e_to_ē	93	177	84
original_hum	e_to_ē	26	final_prompt_token_minus_10	380	0.0	0.2636132538318634	0.2636132538318634	0.2636132538318634		13	0	1	original_hum_ascii_original	original_hum_e_to_ē	93	177	84
original_hum	e_to_ē	26	final_prompt_token_minus_10	428	0.23780721426010132	0.0	-0.23780721426010132	0.23780721426010132	37		1	0	original_hum_ascii_original	original_hum_e_to_ē	93	177	84
original_hum	e_to_ē	26	final_prompt_token_minus_10	677	0.4729844331741333	0.0	-0.4729844331741333	0.4729844331741333	5		1	0	original_hum_ascii_original	original_hum_e_to_ē	93	177	84
original_hum	e_to_ē	26	final_prompt_token_minus_10	704	0.4263949990272522	0.0	-0.4263949990272522	0.4263949990272522	9		1	0	original_hum_ascii_original	original_hum_e_to_ē	93	177	84
original_hum	e_to_ē	26	final_prompt_token_minus_10	805	0.3022213578224182	0.0	-0.3022213578224182	0.3022213578224182	17		1	0	original_hum_ascii_original	original_hum_e_to_ē	93	177	84
original_hum	e_to_ē	26	final_prompt_token_minus_10	1205	0.21149316430091858	0.0	-0.21149316430091858	0.21149316430091858	46		1	0	original_hum_ascii_original	original_hum_e_to_ē	93	177	84
original_hum	e_to_ē	26	final_prompt_token_minus_10	1464	0.0	0.3683229088783264	0.3683229088783264	0.3683229088783264		7	0	1	original_hum_ascii_original	original_hum_e_to_ē	93	177	84
original_hum	e_to_ē	26	final_prompt_token_minus_10	1930	0.20506784319877625	0.0	-0.20506784319877625	0.20506784319877625	48		1	0	original_hum_ascii_original	original_hum_e_to_ē	93	177	84
original_hum	e_to_ē	26	final_prompt_token_minus_10	1953	0.0	0.22840484976768494	0.22840484976768494	0.22840484976768494		18	0	1	original_hum_ascii_original	original_hum_e_to_ē	93	177	84
original_hum	e_to_ē	26	final_prompt_token_minus_10	1999	0.0	0.18210065364837646	0.18210065364837646	0.18210065364837646		33	0	1	original_hum_ascii_original	original_hum_e_to_ē	93	177	84
original_hum	e_to_ē	26	final_prompt_token_minus_10	2228	0.31241273880004883	0.0	-0.31241273880004883	0.31241273880004883	16		1	0	original_hum_ascii_original	original_hum_e_to_ē	93	177	84
original_hum	e_to_ē	26	final_prompt_token_minus_10	2324	0.0	0.15872621536254883	0.15872621536254883	0.15872621536254883		45	0	1	original_hum_ascii_original	original_hum_e_to_ē	93	177	84
original_hum	e_to_ē	26	final_prompt_token_minus_10	2430	0.31360340118408203	0.0	-0.31360340118408203	0.31360340118408203	15		1	0	original_hum_ascii_original	original_hum_e_to_ē	93	177	84
original_hum	e_to_ē	26	final_prompt_token_minus_10	2567	0.20114853978157043	0.0	-0.20114853978157043	0.20114853978157043	49		1	0	original_hum_ascii_original	original_hum_e_to_ē	93	177	84
original_hum	e_to_ē	26	final_prompt_token_minus_10	2916	0.0	0.18472370505332947	0.18472370505332947	0.18472370505332947		31	0	1	original_hum_ascii_original	original_hum_e_to_ē	93	177	84
original_hum	e_to_ē	26	final_prompt_token_minus_10	2938	0.506166934967041	1.9906902313232422	1.4845232963562012	1.4845232963562012	3	1	1	1	original_hum_ascii_original	original_hum_e_to_ē	93	177	84
original_hum	e_to_ē	26	final_prompt_token_minus_10	3313	0.25181522965431213	0.0	-0.25181522965431213	0.25181522965431213	31		1	0	original_hum_ascii_original	original_hum_e_to_ē	93	177	84
original_hum	e_to_ē	26	final_prompt_token_minus_10	3964	0.0	0.1706760972738266	0.1706760972738266	0.1706760972738266		38	0	1	original_hum_ascii_original	original_hum_e_to_ē	93	177	84
original_hum	e_to_ē	26	final_prompt_token_minus_10	4067	0.0	0.17154748737812042	0.17154748737812042	0.17154748737812042		37	0	1	original_hum_ascii_original	original_hum_e_to_ē	93	177	84
original_hum	e_to_ē	26	final_prompt_token_minus_10	5024	0.1957503706216812	0.0	-0.1957503706216812	0.1957503706216812	50		1	0	original_hum_ascii_original	original_hum_e_to_ē	93	177	84
original_hum	e_to_ē	26	final_prompt_token_minus_10	5230	0.0	0.8907768130302429	0.8907768130302429	0.8907768130302429		3	0	1	original_hum_ascii_original	original_hum_e_to_ē	93	177	84
original_hum	e_to_ē	26	final_prompt_token_minus_10	5417	0.22449925541877747	0.0	-0.22449925541877747	0.22449925541877747	42		1	0	original_hum_ascii_original	original_hum_e_to_ē	93	177	84
original_hum	e_to_ē	26	final_prompt_token_minus_10	6069	0.46696481108665466	0.0	-0.46696481108665466	0.46696481108665466	6		1	0	original_hum_ascii_original	original_hum_e_to_ē	93	177	84
original_hum	e_to_ē	26	final_prompt_token_minus_10	6429	0.0	0.19168728590011597	0.19168728590011597	0.19168728590011597		28	0	1	original_hum_ascii_original	original_hum_e_to_ē	93	177	84
original_hum	e_to_ē	26	final_prompt_token_minus_10	7334	0.24433588981628418	0.0	-0.24433588981628418	0.24433588981628418	33		1	0	original_hum_ascii_original	original_hum_e_to_ē	93	177	84
original_hum	e_to_ē	26	final_prompt_token_minus_10	7407	0.0	0.16932711005210876	0.16932711005210876	0.16932711005210876		40	0	1	original_hum_ascii_original	original_hum_e_to_ē	93	177	84
original_hum	e_to_ē	26	final_prompt_token_minus_10	7711	0.23950497806072235	0.0	-0.23950497806072235	0.23950497806072235	35		1	0	original_hum_ascii_original	original_hum_e_to_ē	93	177	84
original_hum	e_to_ē	26	final_prompt_token_minus_10	7754	0.22224204242229462	0.0	-0.22224204242229462	0.22224204242229462	43		1	0	original_hum_ascii_original	original_hum_e_to_ē	93	177	84
original_hum	e_to_ē	26	final_prompt_token_minus_10	7837	0.2901982069015503	0.0	-0.2901982069015503	0.2901982069015503	22		1	0	original_hum_ascii_original	original_hum_e_to_ē	93	177	84
original_hum	e_to_ē	26	final_prompt_token_minus_10	7982	0.3287926912307739	0.20046575367450714	-0.12832693755626678	0.12832693755626678	12	25	1	1	original_hum_ascii_original	original_hum_e_to_ē	93	177	84
original_hum	e_to_ē	26	final_prompt_token_minus_10	9241	0.0	0.34165066480636597	0.34165066480636597	0.34165066480636597		8	0	1	original_hum_ascii_original	original_hum_e_to_ē	93	177	84
original_hum	e_to_ē	26	final_prompt_token_minus_10	9510	0.0	0.21470554172992706	0.21470554172992706	0.21470554172992706		20	0	1	original_hum_ascii_original	original_hum_e_to_ē	93	177	84
original_hum	e_to_ē	26	final_prompt_token_minus_10	9576	0.32189232110977173	0.0	-0.32189232110977173	0.32189232110977173	14		1	0	original_hum_ascii_original	original_hum_e_to_ē	93	177	84
original_hum	e_to_ē	26	final_prompt_token_minus_10	9860	0.23908907175064087	0.0	-0.23908907175064087	0.23908907175064087	36		1	0	original_hum_ascii_original	original_hum_e_to_ē	93	177	84
original_hum	e_to_ē	26	final_prompt_token_minus_10	10146	0.0	0.28858429193496704	0.28858429193496704	0.28858429193496704		11	0	1	original_hum_ascii_original	original_hum_e_to_ē	93	177	84
original_hum	e_to_ē	26	final_prompt_token_minus_10	10346	0.3018604516983032	0.0	-0.3018604516983032	0.3018604516983032	18		1	0	original_hum_ascii_original	original_hum_e_to_ē	93	177	84
original_hum	e_to_ē	26	final_prompt_token_minus_10	10709	0.4288721978664398	0.0	-0.4288721978664398	0.4288721978664398	8		1	0	original_hum_ascii_original	original_hum_e_to_ē	93	177	84
original_hum	e_to_ē	26	final_prompt_token_minus_10	10956	0.0	0.15711860358715057	0.15711860358715057	0.15711860358715057		48	0	1	original_hum_ascii_original	original_hum_e_to_ē	93	177	84
original_hum	e_to_ē	26	final_prompt_token_minus_10	11145	0.0	0.28768038749694824	0.28768038749694824	0.28768038749694824		12	0	1	original_hum_ascii_original	original_hum_e_to_ē	93	177	84
original_hum	e_to_ē	26	final_prompt_token_minus_10	11147	0.21604067087173462	0.0	-0.21604067087173462	0.21604067087173462	45		1	0	original_hum_ascii_original	original_hum_e_to_ē	93	177	84
original_hum	e_to_ē	26	final_prompt_token_minus_10	11412	0.0	0.9749024510383606	0.9749024510383606	0.9749024510383606		2	0	1	original_hum_ascii_original	original_hum_e_to_ē	93	177	84
original_hum	e_to_ē	26	final_prompt_token_minus_10	12693	0.0	0.22996282577514648	0.22996282577514648	0.22996282577514648		17	0	1	original_hum_ascii_original	original_hum_e_to_ē	93	177	84
original_hum	e_to_ē	26	final_prompt_token_minus_10	12801	0.0	0.3140588402748108	0.3140588402748108	0.3140588402748108		10	0	1	original_hum_ascii_original	original_hum_e_to_ē	93	177	84
original_hum	e_to_ē	26	final_prompt_token_minus_10	13359	0.0	0.31768640875816345	0.31768640875816345	0.31768640875816345		9	0	1	original_hum_ascii_original	original_hum_e_to_ē	93	177	84
original_hum	e_to_ē	26	final_prompt_token_minus_10	14432	0.0	0.1701042503118515	0.1701042503118515	0.1701042503118515		39	0	1	original_hum_ascii_original	original_hum_e_to_ē	93	177	84
original_hum	e_to_ē	26	final_prompt_token_minus_10	14672	0.4373258054256439	0.0	-0.4373258054256439	0.4373258054256439	7		1	0	original_hum_ascii_original	original_hum_e_to_ē	93	177	84
original_hum	e_to_ē	26	final_prompt_token_minus_10	15420	0.0	0.21041667461395264	0.21041667461395264	0.21041667461395264		22	0	1	original_hum_ascii_original	original_hum_e_to_ē	93	177	84
original_hum	e_to_ē	26	final_prompt_token_minus_10	15458	0.2680817246437073	0.0	-0.2680817246437073	0.2680817246437073	28		1	0	original_hum_ascii_original	original_hum_e_to_ē	93	177	84
original_hum	e_to_ē	26	final_prompt_token_minus_10	16439	0.3258412778377533	0.0	-0.3258412778377533	0.3258412778377533	13		1	0	original_hum_ascii_original	original_hum_e_to_ē	93	177	84
original_hum	e_to_ē	26	final_prompt_token_minus_10	17671	0.0	0.16201715171337128	0.16201715171337128	0.16201715171337128		43	0	1	original_hum_ascii_original	original_hum_e_to_ē	93	177	84
original_hum	e_to_ē	26	final_prompt_token_minus_10	17869	0.23722341656684875	0.0	-0.23722341656684875	0.23722341656684875	38		1	0	original_hum_ascii_original	original_hum_e_to_ē	93	177	84
original_hum	e_to_ē	26	final_prompt_token_minus_10	18527	0.6229004859924316	0.0	-0.6229004859924316	0.6229004859924316	2		1	0	original_hum_ascii_original	original_hum_e_to_ē	93	177	84
original_hum	e_to_ē	26	final_prompt_token_minus_10	18592	0.0	0.15898101031780243	0.15898101031780243	0.15898101031780243		44	0	1	original_hum_ascii_original	original_hum_e_to_ē	93	177	84
original_hum	e_to_ē	26	final_prompt_token_minus_10	18842	0.0	0.15373143553733826	0.15373143553733826	0.15373143553733826		50	0	1	original_hum_ascii_original	original_hum_e_to_ē	93	177	84
original_hum	e_to_ē	26	final_prompt_token_minus_10	18847	0.376891165971756	0.0	-0.376891165971756	0.376891165971756	10		1	0	original_hum_ascii_original	original_hum_e_to_ē	93	177	84
original_hum	e_to_ē	26	final_prompt_token_minus_10	18965	0.0	0.1863478422164917	0.1863478422164917	0.1863478422164917		30	0	1	original_hum_ascii_original	original_hum_e_to_ē	93	177	84
original_hum	e_to_ē	26	final_prompt_token_minus_10	19185	0.2483186572790146	0.0	-0.2483186572790146	0.2483186572790146	32		1	0	original_hum_ascii_original	original_hum_e_to_ē	93	177	84
original_hum	e_to_ē	26	final_prompt_token_minus_10	19337	0.0	0.18410535156726837	0.18410535156726837	0.18410535156726837		32	0	1	original_hum_ascii_original	original_hum_e_to_ē	93	177	84
original_hum	e_to_ē	26	final_prompt_token_minus_10	19389	0.29297420382499695	0.0	-0.29297420382499695	0.29297420382499695	21		1	0	original_hum_ascii_original	original_hum_e_to_ē	93	177	84
original_hum	e_to_ē	26	final_prompt_token_minus_10	19668	0.0	0.16552434861660004	0.16552434861660004	0.16552434861660004		42	0	1	original_hum_ascii_original	original_hum_e_to_ē	93	177	84
original_hum	e_to_ē	26	final_prompt_token_minus_10	20303	0.27866989374160767	0.0	-0.27866989374160767	0.27866989374160767	25		1	0	original_hum_ascii_original	original_hum_e_to_ē	93	177	84
original_hum	e_to_ē	26	final_prompt_token_minus_10	20909	0.0	0.19167587161064148	0.19167587161064148	0.19167587161064148		29	0	1	original_hum_ascii_original	original_hum_e_to_ē	93	177	84
original_hum	e_to_ē	26	final_prompt_token_minus_10	20971	0.0	0.20843225717544556	0.20843225717544556	0.20843225717544556		23	0	1	original_hum_ascii_original	original_hum_e_to_ē	93	177	84
original_hum	e_to_ē	26	final_prompt_token_minus_10	21462	0.0	0.2139405757188797	0.2139405757188797	0.2139405757188797		21	0	1	original_hum_ascii_original	original_hum_e_to_ē	93	177	84
original_hum	e_to_ē	26	final_prompt_token_minus_10	21539	0.21820080280303955	0.0	-0.21820080280303955	0.21820080280303955	44		1	0	original_hum_ascii_original	original_hum_e_to_ē	93	177	84
original_hum	e_to_ē	26	final_prompt_token_minus_10	21687	0.2775919735431671	0.0	-0.2775919735431671	0.2775919735431671	26		1	0	original_hum_ascii_original	original_hum_e_to_ē	93	177	84
original_hum	e_to_ē	26	final_prompt_token_minus_10	21750	0.2274419516324997	0.0	-0.2274419516324997	0.2274419516324997	41		1	0	original_hum_ascii_original	original_hum_e_to_ē	93	177	84
original_hum	e_to_ē	26	final_prompt_token_minus_10	21783	0.0	0.1656927764415741	0.1656927764415741	0.1656927764415741		41	0	1	original_hum_ascii_original	original_hum_e_to_ē	93	177	84
original_hum	e_to_ē	26	final_prompt_token_minus_10	22452	0.0	0.1749943047761917	0.1749943047761917	0.1749943047761917		36	0	1	original_hum_ascii_original	original_hum_e_to_ē	93	177	84
original_hum	e_to_ē	26	final_prompt_token_minus_10	22495	0.27249377965927124	0.0	-0.27249377965927124	0.27249377965927124	27		1	0	original_hum_ascii_original	original_hum_e_to_ē	93	177	84
original_hum	e_to_ē	26	final_prompt_token_minus_10	22922	0.24284201860427856	0.0	-0.24284201860427856	0.24284201860427856	34		1	0	original_hum_ascii_original	original_hum_e_to_ē	93	177	84
original_hum	e_to_ē	26	final_prompt_token_minus_10	23178	0.0	0.5296115875244141	0.5296115875244141	0.5296115875244141		4	0	1	original_hum_ascii_original	original_hum_e_to_ē	93	177	84
original_hum	e_to_ē	26	final_prompt_token_minus_10	23952	0.0	0.41772955656051636	0.41772955656051636	0.41772955656051636		5	0	1	original_hum_ascii_original	original_hum_e_to_ē	93	177	84
original_hum	e_to_ē	26	final_prompt_token_minus_10	24339	0.20780378580093384	0.0	-0.20780378580093384	0.20780378580093384	47		1	0	original_hum_ascii_original	original_hum_e_to_ē	93	177	84
original_hum	e_to_ē	26	final_prompt_token_minus_10	25421	0.26164594292640686	0.0	-0.26164594292640686	0.26164594292640686	29		1	0	original_hum_ascii_original	original_hum_e_to_ē	93	177	84
original_hum	e_to_ē	26	final_prompt_token_minus_10	25494	0.0	0.15631243586540222	0.15631243586540222	0.15631243586540222		49	0	1	original_hum_ascii_original	original_hum_e_to_ē	93	177	84
original_hum	e_to_ē	26	final_prompt_token_minus_10	25960	0.0	0.39260825514793396	0.39260825514793396	0.39260825514793396		6	0	1	original_hum_ascii_original	original_hum_e_to_ē	93	177	84
original_hum	e_to_ē	26	final_prompt_token_minus_10	26216	0.23426811397075653	0.0	-0.23426811397075653	0.23426811397075653	40		1	0	original_hum_ascii_original	original_hum_e_to_ē	93	177	84
original_hum	e_to_ē	26	final_prompt_token_minus_10	26403	0.482820600271225	0.0	-0.482820600271225	0.482820600271225	4		1	0	original_hum_ascii_original	original_hum_e_to_ē	93	177	84
original_hum	e_to_ē	26	final_prompt_token_minus_10	26684	0.889609694480896	0.0	-0.889609694480896	0.889609694480896	1		1	0	original_hum_ascii_original	original_hum_e_to_ē	93	177	84
original_hum	e_to_ē	26	final_prompt_token_minus_10	27281	0.30006492137908936	0.0	-0.30006492137908936	0.30006492137908936	19		1	0	original_hum_ascii_original	original_hum_e_to_ē	93	177	84
original_hum	e_to_ē	26	final_prompt_token_minus_10	28971	0.29622629284858704	0.0	-0.29622629284858704	0.29622629284858704	20		1	0	original_hum_ascii_original	original_hum_e_to_ē	93	177	84
original_hum	e_to_ē	26	final_prompt_token_minus_10	29131	0.0	0.19195425510406494	0.19195425510406494	0.19195425510406494		27	0	1	original_hum_ascii_original	original_hum_e_to_ē	93	177	84
original_hum	e_to_ē	26	final_prompt_token_minus_10	29466	0.28463661670684814	0.0	-0.28463661670684814	0.28463661670684814	24		1	0	original_hum_ascii_original	original_hum_e_to_ē	93	177	84
original_hum	e_to_ē	26	final_prompt_token_minus_10	29537	0.0	0.20328260958194733	0.20328260958194733	0.20328260958194733		24	0	1	original_hum_ascii_original	original_hum_e_to_ē	93	177	84
original_hum	e_to_ē	26	final_prompt_token_minus_10	29592	0.0	0.17572757601737976	0.17572757601737976	0.17572757601737976		34	0	1	original_hum_ascii_original	original_hum_e_to_ē	93	177	84
original_hum	e_to_ē	26	final_prompt_token_minus_10	30026	0.0	0.15762290358543396	0.15762290358543396	0.15762290358543396		47	0	1	original_hum_ascii_original	original_hum_e_to_ē	93	177	84
original_hum	e_to_ē	26	final_prompt_token_minus_10	30036	0.2868102490901947	0.0	-0.2868102490901947	0.2868102490901947	23		1	0	original_hum_ascii_original	original_hum_e_to_ē	93	177	84
original_hum	e_to_ē	26	final_prompt_token_minus_10	30737	0.0	0.25866150856018066	0.25866150856018066	0.25866150856018066		14	0	1	original_hum_ascii_original	original_hum_e_to_ē	93	177	84
original_hum	e_to_ē	26	final_prompt_token_minus_10	30835	0.0	0.17539703845977783	0.17539703845977783	0.17539703845977783		35	0	1	original_hum_ascii_original	original_hum_e_to_ē	93	177	84
original_hum	e_to_ē	26	final_prompt_token_minus_10	31206	0.0	0.19230711460113525	0.19230711460113525	0.19230711460113525		26	0	1	original_hum_ascii_original	original_hum_e_to_ē	93	177	84
original_hum	e_to_ē	26	final_prompt_token_minus_10	31420	0.0	0.2522130012512207	0.2522130012512207	0.2522130012512207		16	0	1	original_hum_ascii_original	original_hum_e_to_ē	93	177	84
original_hum	e_to_ē	26	final_prompt_token_minus_10	31836	0.2347840964794159	0.0	-0.2347840964794159	0.2347840964794159	39		1	0	original_hum_ascii_original	original_hum_e_to_ē	93	177	84
original_hum	e_to_ē	26	final_prompt_token_minus_10	31897	0.25210583209991455	0.0	-0.25210583209991455	0.25210583209991455	30		1	0	original_hum_ascii_original	original_hum_e_to_ē	93	177	84
original_hum	e_to_ē	26	final_prompt_token_minus_10	32285	0.0	0.15811792016029358	0.15811792016029358	0.15811792016029358		46	0	1	original_hum_ascii_original	original_hum_e_to_ē	93	177	84
original_hum	e_to_ē	26	final_prompt_token_minus_10	32287	0.0	0.25640976428985596	0.25640976428985596	0.25640976428985596		15	0	1	original_hum_ascii_original	original_hum_e_to_ē	93	177	84
original_hum	e_to_ē	26	final_prompt_token_minus_10	32485	0.0	0.21759353578090668	0.21759353578090668	0.21759353578090668		19	0	1	original_hum_ascii_original	original_hum_e_to_ē	93	177	84
original_hum	e_to_ē	14	final_prompt_token	992	0.17527851462364197	0.19093218445777893	0.015653669834136963	0.015653669834136963	16	11	1	1	original_hum_ascii_original	original_hum_e_to_ē	93	177	84
original_hum	e_to_ē	14	final_prompt_token	1168	0.21415798366069794	0.17715699970722198	-0.03700098395347595	0.03700098395347595	7	13	1	1	original_hum_ascii_original	original_hum_e_to_ē	93	177	84
original_hum	e_to_ē	14	final_prompt_token	1797	0.12409529089927673	0.0	-0.12409529089927673	0.12409529089927673	44		1	0	original_hum_ascii_original	original_hum_e_to_ē	93	177	84
original_hum	e_to_ē	14	final_prompt_token	1814	0.13580195605754852	0.0	-0.13580195605754852	0.13580195605754852	32		1	0	original_hum_ascii_original	original_hum_e_to_ē	93	177	84
original_hum	e_to_ē	14	final_prompt_token	2176	0.2016182541847229	0.15682125091552734	-0.04479700326919556	0.04479700326919556	11	17	1	1	original_hum_ascii_original	original_hum_e_to_ē	93	177	84
original_hum	e_to_ē	14	final_prompt_token	2266	0.1252298653125763	0.0	-0.1252298653125763	0.1252298653125763	42		1	0	original_hum_ascii_original	original_hum_e_to_ē	93	177	84
original_hum	e_to_ē	14	final_prompt_token	2380	0.0	0.11991502344608307	0.11991502344608307	0.11991502344608307		37	0	1	original_hum_ascii_original	original_hum_e_to_ē	93	177	84
original_hum	e_to_ē	14	final_prompt_token	2722	0.0	0.12452231347560883	0.12452231347560883	0.12452231347560883		31	0	1	original_hum_ascii_original	original_hum_e_to_ē	93	177	84
original_hum	e_to_ē	14	final_prompt_token	2961	0.5185853242874146	0.5817221403121948	0.06313681602478027	0.06313681602478027	1	1	1	1	original_hum_ascii_original	original_hum_e_to_ē	93	177	84
original_hum	e_to_ē	14	final_prompt_token	3001	0.0	0.11103512346744537	0.11103512346744537	0.11103512346744537		44	0	1	original_hum_ascii_original	original_hum_e_to_ē	93	177	84
original_hum	e_to_ē	14	final_prompt_token	3289	0.0	0.12318385392427444	0.12318385392427444	0.12318385392427444		32	0	1	original_hum_ascii_original	original_hum_e_to_ē	93	177	84
original_hum	e_to_ē	14	final_prompt_token	3830	0.511833131313324	0.47910594940185547	-0.032727181911468506	0.032727181911468506	2	2	1	1	original_hum_ascii_original	original_hum_e_to_ē	93	177	84
original_hum	e_to_ē	14	final_prompt_token	4428	0.13570520281791687	0.16021378338336945	0.024508580565452576	0.024508580565452576	33	15	1	1	original_hum_ascii_original	original_hum_e_to_ē	93	177	84
original_hum	e_to_ē	14	final_prompt_token	4620	0.12692593038082123	0.14649292826652527	0.01956699788570404	0.01956699788570404	40	21	1	1	original_hum_ascii_original	original_hum_e_to_ē	93	177	84
original_hum	e_to_ē	14	final_prompt_token	4880	0.11506478488445282	0.0	-0.11506478488445282	0.11506478488445282	49		1	0	original_hum_ascii_original	original_hum_e_to_ē	93	177	84
original_hum	e_to_ē	14	final_prompt_token	4953	0.17742495238780975	0.16018535196781158	-0.01723960041999817	0.01723960041999817	15	16	1	1	original_hum_ascii_original	original_hum_e_to_ē	93	177	84
original_hum	e_to_ē	14	final_prompt_token	6052	0.0	0.10503149032592773	0.10503149032592773	0.10503149032592773		50	0	1	original_hum_ascii_original	original_hum_e_to_ē	93	177	84
original_hum	e_to_ē	14	final_prompt_token	6427	0.0	0.11302313208580017	0.11302313208580017	0.11302313208580017		43	0	1	original_hum_ascii_original	original_hum_e_to_ē	93	177	84
original_hum	e_to_ē	14	final_prompt_token	6429	0.2723112404346466	0.2963605523109436	0.024049311876296997	0.024049311876296997	4	4	1	1	original_hum_ascii_original	original_hum_e_to_ē	93	177	84
original_hum	e_to_ē	14	final_prompt_token	6836	0.0	0.11947570741176605	0.11947570741176605	0.11947570741176605		38	0	1	original_hum_ascii_original	original_hum_e_to_ē	93	177	84
original_hum	e_to_ē	14	final_prompt_token	7163	0.34494391083717346	0.34377506375312805	-0.0011688470840454102	0.0011688470840454102	3	3	1	1	original_hum_ascii_original	original_hum_e_to_ē	93	177	84
original_hum	e_to_ē	14	final_prompt_token	8033	0.21156567335128784	0.23052608966827393	0.018960416316986084	0.018960416316986084	8	6	1	1	original_hum_ascii_original	original_hum_e_to_ē	93	177	84
original_hum	e_to_ē	14	final_prompt_token	8677	0.0	0.13390189409255981	0.13390189409255981	0.13390189409255981		26	0	1	original_hum_ascii_original	original_hum_e_to_ē	93	177	84
original_hum	e_to_ē	14	final_prompt_token	9030	0.1373305469751358	0.16681358218193054	0.02948303520679474	0.02948303520679474	29	14	1	1	original_hum_ascii_original	original_hum_e_to_ē	93	177	84
original_hum	e_to_ē	14	final_prompt_token	9298	0.0	0.10705643892288208	0.10705643892288208	0.10705643892288208		46	0	1	original_hum_ascii_original	original_hum_e_to_ē	93	177	84
original_hum	e_to_ē	14	final_prompt_token	9383	0.13118919730186462	0.0	-0.13118919730186462	0.13118919730186462	36		1	0	original_hum_ascii_original	original_hum_e_to_ē	93	177	84
original_hum	e_to_ē	14	final_prompt_token	10976	0.15480084717273712	0.19595114886760712	0.041150301694869995	0.041150301694869995	22	10	1	1	original_hum_ascii_original	original_hum_e_to_ē	93	177	84
original_hum	e_to_ē	14	final_prompt_token	11006	0.0	0.11386976391077042	0.11386976391077042	0.11386976391077042		42	0	1	original_hum_ascii_original	original_hum_e_to_ē	93	177	84
original_hum	e_to_ē	14	final_prompt_token	11464	0.13259612023830414	0.0	-0.13259612023830414	0.13259612023830414	34		1	0	original_hum_ascii_original	original_hum_e_to_ē	93	177	84
original_hum	e_to_ē	14	final_prompt_token	11914	0.0	0.12194112688302994	0.12194112688302994	0.12194112688302994		34	0	1	original_hum_ascii_original	original_hum_e_to_ē	93	177	84
original_hum	e_to_ē	14	final_prompt_token	12080	0.14483243227005005	0.12247897684574127	-0.022353455424308777	0.022353455424308777	24	33	1	1	original_hum_ascii_original	original_hum_e_to_ē	93	177	84
original_hum	e_to_ē	14	final_prompt_token	12433	0.11901742219924927	0.0	-0.11901742219924927	0.11901742219924927	46		1	0	original_hum_ascii_original	original_hum_e_to_ē	93	177	84
original_hum	e_to_ē	14	final_prompt_token	12817	0.13707657158374786	0.0	-0.13707657158374786	0.13707657158374786	30		1	0	original_hum_ascii_original	original_hum_e_to_ē	93	177	84
original_hum	e_to_ē	14	final_prompt_token	13029	0.1324918121099472	0.0	-0.1324918121099472	0.1324918121099472	35		1	0	original_hum_ascii_original	original_hum_e_to_ē	93	177	84
original_hum	e_to_ē	14	final_prompt_token	13064	0.0	0.10620371997356415	0.10620371997356415	0.10620371997356415		49	0	1	original_hum_ascii_original	original_hum_e_to_ē	93	177	84
original_hum	e_to_ē	14	final_prompt_token	14679	0.12387111783027649	0.1456412822008133	0.021770164370536804	0.021770164370536804	45	22	1	1	original_hum_ascii_original	original_hum_e_to_ē	93	177	84
original_hum	e_to_ē	14	final_prompt_token	14885	0.1365322768688202	0.1251363903284073	-0.011395886540412903	0.011395886540412903	31	30	1	1	original_hum_ascii_original	original_hum_e_to_ē	93	177	84
original_hum	e_to_ē	14	final_prompt_token	14932	0.1438901424407959	0.13170126080513	-0.012188881635665894	0.012188881635665894	25	28	1	1	original_hum_ascii_original	original_hum_e_to_ē	93	177	84
original_hum	e_to_ē	14	final_prompt_token	15605	0.16277040541172028	0.0	-0.16277040541172028	0.16277040541172028	19		1	0	original_hum_ascii_original	original_hum_e_to_ē	93	177	84
original_hum	e_to_ē	14	final_prompt_token	16382	0.20584312081336975	0.18237900733947754	-0.023464113473892212	0.023464113473892212	9	12	1	1	original_hum_ascii_original	original_hum_e_to_ē	93	177	84
original_hum	e_to_ē	14	final_prompt_token	16459	0.0	0.1353670209646225	0.1353670209646225	0.1353670209646225		25	0	1	original_hum_ascii_original	original_hum_e_to_ē	93	177	84
original_hum	e_to_ē	14	final_prompt_token	16801	0.1905839890241623	0.1200212612748146	-0.07056272774934769	0.07056272774934769	14	36	1	1	original_hum_ascii_original	original_hum_e_to_ē	93	177	84
original_hum	e_to_ē	14	final_prompt_token	16845	0.1151876226067543	0.0	-0.1151876226067543	0.1151876226067543	48		1	0	original_hum_ascii_original	original_hum_e_to_ē	93	177	84
original_hum	e_to_ē	14	final_prompt_token	17193	0.1705974042415619	0.2275673896074295	0.056969985365867615	0.056969985365867615	17	7	1	1	original_hum_ascii_original	original_hum_e_to_ē	93	177	84
original_hum	e_to_ē	14	final_prompt_token	17275	0.1272931694984436	0.12178917229175568	-0.005503997206687927	0.005503997206687927	38	35	1	1	original_hum_ascii_original	original_hum_e_to_ē	93	177	84
original_hum	e_to_ē	14	final_prompt_token	17359	0.0	0.11741156131029129	0.11741156131029129	0.11741156131029129		40	0	1	original_hum_ascii_original	original_hum_e_to_ē	93	177	84
original_hum	e_to_ē	14	final_prompt_token	17471	0.0	0.1069440245628357	0.1069440245628357	0.1069440245628357		47	0	1	original_hum_ascii_original	original_hum_e_to_ē	93	177	84
original_hum	e_to_ē	14	final_prompt_token	17656	0.128530353307724	0.0	-0.128530353307724	0.128530353307724	37		1	0	original_hum_ascii_original	original_hum_e_to_ē	93	177	84
original_hum	e_to_ē	14	final_prompt_token	18895	0.1380925178527832	0.14826560020446777	0.01017308235168457	0.01017308235168457	28	20	1	1	original_hum_ascii_original	original_hum_e_to_ē	93	177	84
original_hum	e_to_ē	14	final_prompt_token	20402	0.19249580800533295	0.0	-0.19249580800533295	0.19249580800533295	12		1	0	original_hum_ascii_original	original_hum_e_to_ē	93	177	84
original_hum	e_to_ē	14	final_prompt_token	20557	0.25481921434402466	0.2267087996006012	-0.028110414743423462	0.028110414743423462	5	8	1	1	original_hum_ascii_original	original_hum_e_to_ē	93	177	84
original_hum	e_to_ē	14	final_prompt_token	20681	0.1260993778705597	0.1445324420928955	0.018433064222335815	0.018433064222335815	41	23	1	1	original_hum_ascii_original	original_hum_e_to_ē	93	177	84
original_hum	e_to_ē	14	final_prompt_token	20769	0.16162540018558502	0.13351701200008392	-0.0281083881855011	0.0281083881855011	20	27	1	1	original_hum_ascii_original	original_hum_e_to_ē	93	177	84
original_hum	e_to_ē	14	final_prompt_token	23591	0.14032292366027832	0.0	-0.14032292366027832	0.14032292366027832	27		1	0	original_hum_ascii_original	original_hum_e_to_ē	93	177	84
original_hum	e_to_ē	14	final_prompt_token	25151	0.15837322175502777	0.11828742176294327	-0.0400857999920845	0.0400857999920845	21	39	1	1	original_hum_ascii_original	original_hum_e_to_ē	93	177	84
original_hum	e_to_ē	14	final_prompt_token	25874	0.0	0.11579002439975739	0.11579002439975739	0.11579002439975739		41	0	1	original_hum_ascii_original	original_hum_e_to_ē	93	177	84
original_hum	e_to_ē	14	final_prompt_token	26050	0.114312082529068	0.0	-0.114312082529068	0.114312082529068	50		1	0	original_hum_ascii_original	original_hum_e_to_ē	93	177	84
original_hum	e_to_ē	14	final_prompt_token	26237	0.16283361613750458	0.14426273107528687	-0.018570885062217712	0.018570885062217712	18	24	1	1	original_hum_ascii_original	original_hum_e_to_ē	93	177	84
original_hum	e_to_ē	14	final_prompt_token	27706	0.0	0.10706651955842972	0.10706651955842972	0.10706651955842972		45	0	1	original_hum_ascii_original	original_hum_e_to_ē	93	177	84
original_hum	e_to_ē	14	final_prompt_token	28025	0.11595268547534943	0.0	-0.11595268547534943	0.11595268547534943	47		1	0	original_hum_ascii_original	original_hum_e_to_ē	93	177	84
original_hum	e_to_ē	14	final_prompt_token	30170	0.19237349927425385	0.2106303870677948	0.018256887793540955	0.018256887793540955	13	9	1	1	original_hum_ascii_original	original_hum_e_to_ē	93	177	84
original_hum	e_to_ē	14	final_prompt_token	30172	0.12711578607559204	0.12609200179576874	-0.0010237842798233032	0.0010237842798233032	39	29	1	1	original_hum_ascii_original	original_hum_e_to_ē	93	177	84
original_hum	e_to_ē	14	final_prompt_token	30964	0.2511886656284332	0.2732285261154175	0.022039860486984253	0.022039860486984253	6	5	1	1	original_hum_ascii_original	original_hum_e_to_ē	93	177	84
original_hum	e_to_ē	14	final_prompt_token	31758	0.0	0.15269508957862854	0.15269508957862854	0.15269508957862854		18	0	1	original_hum_ascii_original	original_hum_e_to_ē	93	177	84
original_hum	e_to_ē	14	final_prompt_token	31774	0.1435861885547638	0.149764284491539	0.0061780959367752075	0.0061780959367752075	26	19	1	1	original_hum_ascii_original	original_hum_e_to_ē	93	177	84
original_hum	e_to_ē	14	final_prompt_token	32300	0.2046404778957367	0.10668778419494629	-0.0979526937007904	0.0979526937007904	10	48	1	1	original_hum_ascii_original	original_hum_e_to_ē	93	177	84
original_hum	e_to_ē	14	final_prompt_token	32358	0.1246265321969986	0.0	-0.1246265321969986	0.1246265321969986	43		1	0	original_hum_ascii_original	original_hum_e_to_ē	93	177	84
original_hum	e_to_ē	14	final_prompt_token	32621	0.14936262369155884	0.0	-0.14936262369155884	0.14936262369155884	23		1	0	original_hum_ascii_original	original_hum_e_to_ē	93	177	84
original_hum	e_to_ē	14	final_prompt_token_minus_1	992	0.0	0.131403848528862	0.131403848528862	0.131403848528862		21	0	1	original_hum_ascii_original	original_hum_e_to_ē	93	177	84
original_hum	e_to_ē	14	final_prompt_token_minus_1	1013	0.09495832026004791	0.10653708130121231	0.011578761041164398	0.011578761041164398	25	32	1	1	original_hum_ascii_original	original_hum_e_to_ē	93	177	84
original_hum	e_to_ē	14	final_prompt_token_minus_1	1102	0.07666369527578354	0.10889972001314163	0.03223602473735809	0.03223602473735809	47	31	1	1	original_hum_ascii_original	original_hum_e_to_ē	93	177	84
original_hum	e_to_ē	14	final_prompt_token_minus_1	1981	0.0	0.12558946013450623	0.12558946013450623	0.12558946013450623		22	0	1	original_hum_ascii_original	original_hum_e_to_ē	93	177	84
original_hum	e_to_ē	14	final_prompt_token_minus_1	2665	0.07960088551044464	0.0	-0.07960088551044464	0.07960088551044464	40		1	0	original_hum_ascii_original	original_hum_e_to_ē	93	177	84
original_hum	e_to_ē	14	final_prompt_token_minus_1	2961	1.0314112901687622	1.3276751041412354	0.29626381397247314	0.29626381397247314	2	1	1	1	original_hum_ascii_original	original_hum_e_to_ē	93	177	84
original_hum	e_to_ē	14	final_prompt_token_minus_1	3170	0.0	0.11705902963876724	0.11705902963876724	0.11705902963876724		26	0	1	original_hum_ascii_original	original_hum_e_to_ē	93	177	84
original_hum	e_to_ē	14	final_prompt_token_minus_1	3289	0.21890011429786682	0.25565508008003235	0.03675496578216553	0.03675496578216553	8	7	1	1	original_hum_ascii_original	original_hum_e_to_ē	93	177	84
original_hum	e_to_ē	14	final_prompt_token_minus_1	3557	0.13522164523601532	0.14812283217906952	0.0129011869430542	0.0129011869430542	18	18	1	1	original_hum_ascii_original	original_hum_e_to_ē	93	177	84
original_hum	e_to_ē	14	final_prompt_token_minus_1	4170	0.0	0.09522952884435654	0.09522952884435654	0.09522952884435654		40	0	1	original_hum_ascii_original	original_hum_e_to_ē	93	177	84
original_hum	e_to_ē	14	final_prompt_token_minus_1	4337	0.07833660393953323	0.0	-0.07833660393953323	0.07833660393953323	42		1	0	original_hum_ascii_original	original_hum_e_to_ē	93	177	84
original_hum	e_to_ē	14	final_prompt_token_minus_1	4560	0.0	0.09616751968860626	0.09616751968860626	0.09616751968860626		39	0	1	original_hum_ascii_original	original_hum_e_to_ē	93	177	84
original_hum	e_to_ē	14	final_prompt_token_minus_1	4880	0.08719722926616669	0.08669725060462952	-0.0004999786615371704	0.0004999786615371704	29	49	1	1	original_hum_ascii_original	original_hum_e_to_ē	93	177	84
original_hum	e_to_ē	14	final_prompt_token_minus_1	4953	0.1415524184703827	0.14128275215625763	-0.00026966631412506104	0.00026966631412506104	16	19	1	1	original_hum_ascii_original	original_hum_e_to_ē	93	177	84
original_hum	e_to_ē	14	final_prompt_token_minus_1	4959	0.07820617407560349	0.0	-0.07820617407560349	0.07820617407560349	43		1	0	original_hum_ascii_original	original_hum_e_to_ē	93	177	84
original_hum	e_to_ē	14	final_prompt_token_minus_1	6025	0.09043773263692856	0.10289601236581802	0.012458279728889465	0.012458279728889465	28	35	1	1	original_hum_ascii_original	original_hum_e_to_ē	93	177	84
original_hum	e_to_ē	14	final_prompt_token_minus_1	6429	0.22330895066261292	0.26301589608192444	0.03970694541931152	0.03970694541931152	7	5	1	1	original_hum_ascii_original	original_hum_e_to_ē	93	177	84
original_hum	e_to_ē	14	final_prompt_token_minus_1	6442	0.0	0.09281159192323685	0.09281159192323685	0.09281159192323685		45	0	1	original_hum_ascii_original	original_hum_e_to_ē	93	177	84
original_hum	e_to_ē	14	final_prompt_token_minus_1	6681	0.0	0.2153627872467041	0.2153627872467041	0.2153627872467041		11	0	1	original_hum_ascii_original	original_hum_e_to_ē	93	177	84
original_hum	e_to_ē	14	final_prompt_token_minus_1	7163	0.21606037020683289	0.25414833426475525	0.03808796405792236	0.03808796405792236	9	8	1	1	original_hum_ascii_original	original_hum_e_to_ē	93	177	84
original_hum	e_to_ē	14	final_prompt_token_minus_1	7175	0.0	0.15284298360347748	0.15284298360347748	0.15284298360347748		16	0	1	original_hum_ascii_original	original_hum_e_to_ē	93	177	84
original_hum	e_to_ē	14	final_prompt_token_minus_1	7297	0.0	0.10331705957651138	0.10331705957651138	0.10331705957651138		34	0	1	original_hum_ascii_original	original_hum_e_to_ē	93	177	84
original_hum	e_to_ē	14	final_prompt_token_minus_1	8033	1.3254016637802124	1.1971511840820312	-0.12825047969818115	0.12825047969818115	1	2	1	1	original_hum_ascii_original	original_hum_e_to_ē	93	177	84
original_hum	e_to_ē	14	final_prompt_token_minus_1	11006	0.0	0.0940566435456276	0.0940566435456276	0.0940566435456276		43	0	1	original_hum_ascii_original	original_hum_e_to_ē	93	177	84
original_hum	e_to_ē	14	final_prompt_token_minus_1	11227	0.0	0.09482219070196152	0.09482219070196152	0.09482219070196152		42	0	1	original_hum_ascii_original	original_hum_e_to_ē	93	177	84
original_hum	e_to_ē	14	final_prompt_token_minus_1	11522	0.10359454154968262	0.12247435748577118	0.018879815936088562	0.018879815936088562	20	24	1	1	original_hum_ascii_original	original_hum_e_to_ē	93	177	84
original_hum	e_to_ē	14	final_prompt_token_minus_1	11726	0.07187807559967041	0.0	-0.07187807559967041	0.07187807559967041	50		1	0	original_hum_ascii_original	original_hum_e_to_ē	93	177	84
original_hum	e_to_ē	14	final_prompt_token_minus_1	11831	0.08563582599163055	0.0	-0.08563582599163055	0.08563582599163055	30		1	0	original_hum_ascii_original	original_hum_e_to_ē	93	177	84
original_hum	e_to_ē	14	final_prompt_token_minus_1	11864	0.084995336830616	0.11760623753070831	0.032610900700092316	0.032610900700092316	31	25	1	1	original_hum_ascii_original	original_hum_e_to_ē	93	177	84
original_hum	e_to_ē	14	final_prompt_token_minus_1	12000	0.14680488407611847	0.19156955182552338	0.04476466774940491	0.04476466774940491	14	12	1	1	original_hum_ascii_original	original_hum_e_to_ē	93	177	84
original_hum	e_to_ē	14	final_prompt_token_minus_1	12578	0.08373109251260757	0.0	-0.08373109251260757	0.08373109251260757	32		1	0	original_hum_ascii_original	original_hum_e_to_ē	93	177	84
original_hum	e_to_ē	14	final_prompt_token_minus_1	13029	0.10216090083122253	0.08790016174316406	-0.014260739088058472	0.014260739088058472	21	48	1	1	original_hum_ascii_original	original_hum_e_to_ē	93	177	84
original_hum	e_to_ē	14	final_prompt_token_minus_1	13119	0.14598676562309265	0.13336282968521118	-0.01262393593788147	0.01262393593788147	15	20	1	1	original_hum_ascii_original	original_hum_e_to_ē	93	177	84
original_hum	e_to_ē	14	final_prompt_token_minus_1	13538	0.0	0.2254488468170166	0.2254488468170166	0.2254488468170166		10	0	1	original_hum_ascii_original	original_hum_e_to_ē	93	177	84
original_hum	e_to_ē	14	final_prompt_token_minus_1	13692	0.08346346020698547	0.0	-0.08346346020698547	0.08346346020698547	33		1	0	original_hum_ascii_original	original_hum_e_to_ē	93	177	84
original_hum	e_to_ē	14	final_prompt_token_minus_1	14932	0.07605382055044174	0.0	-0.07605382055044174	0.07605382055044174	48		1	0	original_hum_ascii_original	original_hum_e_to_ē	93	177	84
original_hum	e_to_ē	14	final_prompt_token_minus_1	15006	0.0	0.10030554234981537	0.10030554234981537	0.10030554234981537		36	0	1	original_hum_ascii_original	original_hum_e_to_ē	93	177	84
original_hum	e_to_ē	14	final_prompt_token_minus_1	15396	0.17640447616577148	0.1518787145614624	-0.024525761604309082	0.024525761604309082	11	17	1	1	original_hum_ascii_original	original_hum_e_to_ē	93	177	84
original_hum	e_to_ē	14	final_prompt_token_minus_1	15501	0.0	0.1633223444223404	0.1633223444223404	0.1633223444223404		15	0	1	original_hum_ascii_original	original_hum_e_to_ē	93	177	84
original_hum	e_to_ē	14	final_prompt_token_minus_1	15605	0.08014270663261414	0.0	-0.08014270663261414	0.08014270663261414	38		1	0	original_hum_ascii_original	original_hum_e_to_ē	93	177	84
original_hum	e_to_ē	14	final_prompt_token_minus_1	16077	0.1330661177635193	0.0	-0.1330661177635193	0.1330661177635193	19		1	0	original_hum_ascii_original	original_hum_e_to_ē	93	177	84
original_hum	e_to_ē	14	final_prompt_token_minus_1	17419	0.0	0.09361729770898819	0.09361729770898819	0.09361729770898819		44	0	1	original_hum_ascii_original	original_hum_e_to_ē	93	177	84
original_hum	e_to_ē	14	final_prompt_token_minus_1	17656	0.07976562529802322	0.0	-0.07976562529802322	0.07976562529802322	39		1	0	original_hum_ascii_original	original_hum_e_to_ē	93	177	84
original_hum	e_to_ē	14	final_prompt_token_minus_1	19133	0.24571211636066437	0.260964035987854	0.015251919627189636	0.015251919627189636	5	6	1	1	original_hum_ascii_original	original_hum_e_to_ē	93	177	84
original_hum	e_to_ē	14	final_prompt_token_minus_1	19493	0.0	0.09913133829832077	0.09913133829832077	0.09913133829832077		37	0	1	original_hum_ascii_original	original_hum_e_to_ē	93	177	84
original_hum	e_to_ē	14	final_prompt_token_minus_1	20403	0.09776154160499573	0.08560940623283386	-0.012152135372161865	0.012152135372161865	24	50	1	1	original_hum_ascii_original	original_hum_e_to_ē	93	177	84
original_hum	e_to_ē	14	final_prompt_token_minus_1	20557	0.18130949139595032	0.10470415651798248	-0.07660533487796783	0.07660533487796783	10	33	1	1	original_hum_ascii_original	original_hum_e_to_ē	93	177	84
original_hum	e_to_ē	14	final_prompt_token_minus_1	20681	0.1379212737083435	0.16971193253993988	0.031790658831596375	0.031790658831596375	17	14	1	1	original_hum_ascii_original	original_hum_e_to_ē	93	177	84
original_hum	e_to_ē	14	final_prompt_token_minus_1	20762	0.0	0.08989030122756958	0.08989030122756958	0.08989030122756958		47	0	1	original_hum_ascii_original	original_hum_e_to_ē	93	177	84
original_hum	e_to_ē	14	final_prompt_token_minus_1	20998	0.09990052133798599	0.09190665930509567	-0.00799386203289032	0.00799386203289032	22	46	1	1	original_hum_ascii_original	original_hum_e_to_ē	93	177	84
original_hum	e_to_ē	14	final_prompt_token_minus_1	21393	0.08071122318506241	0.0	-0.08071122318506241	0.08071122318506241	36		1	0	original_hum_ascii_original	original_hum_e_to_ē	93	177	84
original_hum	e_to_ē	14	final_prompt_token_minus_1	21405	0.08184586465358734	0.0	-0.08184586465358734	0.08184586465358734	35		1	0	original_hum_ascii_original	original_hum_e_to_ē	93	177	84
original_hum	e_to_ē	14	final_prompt_token_minus_1	21447	0.24075758457183838	0.1820450723171234	-0.058712512254714966	0.058712512254714966	6	13	1	1	original_hum_ascii_original	original_hum_e_to_ē	93	177	84
original_hum	e_to_ē	14	final_prompt_token_minus_1	21981	0.2605286240577698	0.23263494670391083	-0.027893677353858948	0.027893677353858948	4	9	1	1	original_hum_ascii_original	original_hum_e_to_ē	93	177	84
original_hum	e_to_ē	14	final_prompt_token_minus_1	22608	0.08023607730865479	0.0	-0.08023607730865479	0.08023607730865479	37		1	0	original_hum_ascii_original	original_hum_e_to_ē	93	177	84
original_hum	e_to_ē	14	final_prompt_token_minus_1	22813	0.07742861658334732	0.0	-0.07742861658334732	0.07742861658334732	46		1	0	original_hum_ascii_original	original_hum_e_to_ē	93	177	84
original_hum	e_to_ē	14	final_prompt_token_minus_1	23505	0.14780056476593018	0.09514603763818741	-0.05265452712774277	0.05265452712774277	12	41	1	1	original_hum_ascii_original	original_hum_e_to_ē	93	177	84
original_hum	e_to_ē	14	final_prompt_token_minus_1	25151	0.14700427651405334	0.11406473815441132	-0.03293953835964203	0.03293953835964203	13	29	1	1	original_hum_ascii_original	original_hum_e_to_ē	93	177	84
original_hum	e_to_ē	14	final_prompt_token_minus_1	26050	0.09191124141216278	0.12424927949905396	0.032338038086891174	0.032338038086891174	27	23	1	1	original_hum_ascii_original	original_hum_e_to_ē	93	177	84
original_hum	e_to_ē	14	final_prompt_token_minus_1	26615	0.09321640431880951	0.0	-0.09321640431880951	0.09321640431880951	26		1	0	original_hum_ascii_original	original_hum_e_to_ē	93	177	84
original_hum	e_to_ē	14	final_prompt_token_minus_1	28492	0.09920089691877365	0.11607319116592407	0.01687229424715042	0.01687229424715042	23	27	1	1	original_hum_ascii_original	original_hum_e_to_ē	93	177	84
original_hum	e_to_ē	14	final_prompt_token_minus_1	28536	0.07590261101722717	0.0	-0.07590261101722717	0.07590261101722717	49		1	0	original_hum_ascii_original	original_hum_e_to_ē	93	177	84
original_hum	e_to_ē	14	final_prompt_token_minus_1	29619	0.07801148295402527	0.0	-0.07801148295402527	0.07801148295402527	44		1	0	original_hum_ascii_original	original_hum_e_to_ē	93	177	84
original_hum	e_to_ē	14	final_prompt_token_minus_1	30170	0.3690895140171051	0.33446797728538513	-0.03462153673171997	0.03462153673171997	3	3	1	1	original_hum_ascii_original	original_hum_e_to_ē	93	177	84
original_hum	e_to_ē	14	final_prompt_token_minus_1	30225	0.07931183278560638	0.09910973161458969	0.019797898828983307	0.019797898828983307	41	38	1	1	original_hum_ascii_original	original_hum_e_to_ē	93	177	84
original_hum	e_to_ē	14	final_prompt_token_minus_1	31733	0.07765716314315796	0.0	-0.07765716314315796	0.07765716314315796	45		1	0	original_hum_ascii_original	original_hum_e_to_ē	93	177	84
original_hum	e_to_ē	14	final_prompt_token_minus_1	31774	0.0	0.11281248182058334	0.11281248182058334	0.11281248182058334		30	0	1	original_hum_ascii_original	original_hum_e_to_ē	93	177	84
original_hum	e_to_ē	14	final_prompt_token_minus_1	32204	0.08204953372478485	0.0	-0.08204953372478485	0.08204953372478485	34		1	0	original_hum_ascii_original	original_hum_e_to_ē	93	177	84
original_hum	e_to_ē	14	final_prompt_token_minus_1	32427	0.0	0.2721186876296997	0.2721186876296997	0.2721186876296997		4	0	1	original_hum_ascii_original	original_hum_e_to_ē	93	177	84
original_hum	e_to_ē	14	final_prompt_token_minus_1	32680	0.0	0.11428158730268478	0.11428158730268478	0.11428158730268478		28	0	1	original_hum_ascii_original	original_hum_e_to_ē	93	177	84
original_hum	e_to_ē	14	final_prompt_token_minus_5	210	0.08845587819814682	0.0	-0.08845587819814682	0.08845587819814682	48		1	0	original_hum_ascii_original	original_hum_e_to_ē	93	177	84
original_hum	e_to_ē	14	final_prompt_token_minus_5	438	0.16378967463970184	0.19791138172149658	0.03412170708179474	0.03412170708179474	13	12	1	1	original_hum_ascii_original	original_hum_e_to_ē	93	177	84
original_hum	e_to_ē	14	final_prompt_token_minus_5	1973	0.17396679520606995	0.0	-0.17396679520606995	0.17396679520606995	12		1	0	original_hum_ascii_original	original_hum_e_to_ē	93	177	84
original_hum	e_to_ē	14	final_prompt_token_minus_5	2176	0.0	0.08888386934995651	0.08888386934995651	0.08888386934995651		42	0	1	original_hum_ascii_original	original_hum_e_to_ē	93	177	84
original_hum	e_to_ē	14	final_prompt_token_minus_5	2948	0.0	0.3866475820541382	0.3866475820541382	0.3866475820541382		3	0	1	original_hum_ascii_original	original_hum_e_to_ē	93	177	84
original_hum	e_to_ē	14	final_prompt_token_minus_5	2961	1.0757501125335693	0.6540818214416504	-0.42166829109191895	0.42166829109191895	1	1	1	1	original_hum_ascii_original	original_hum_e_to_ē	93	177	84
original_hum	e_to_ē	14	final_prompt_token_minus_5	3001	0.0	0.22331291437149048	0.22331291437149048	0.22331291437149048		7	0	1	original_hum_ascii_original	original_hum_e_to_ē	93	177	84
original_hum	e_to_ē	14	final_prompt_token_minus_5	3344	0.0	0.10833676159381866	0.10833676159381866	0.10833676159381866		33	0	1	original_hum_ascii_original	original_hum_e_to_ē	93	177	84
original_hum	e_to_ē	14	final_prompt_token_minus_5	3454	0.08824450522661209	0.0	-0.08824450522661209	0.08824450522661209	49		1	0	original_hum_ascii_original	original_hum_e_to_ē	93	177	84
original_hum	e_to_ē	14	final_prompt_token_minus_5	3575	0.0	0.09388241171836853	0.09388241171836853	0.09388241171836853		38	0	1	original_hum_ascii_original	original_hum_e_to_ē	93	177	84
original_hum	e_to_ē	14	final_prompt_token_minus_5	3781	0.13802973926067352	0.0	-0.13802973926067352	0.13802973926067352	18		1	0	original_hum_ascii_original	original_hum_e_to_ē	93	177	84
original_hum	e_to_ē	14	final_prompt_token_minus_5	3830	0.0	0.4919739365577698	0.4919739365577698	0.4919739365577698		2	0	1	original_hum_ascii_original	original_hum_e_to_ē	93	177	84
original_hum	e_to_ē	14	final_prompt_token_minus_5	3996	0.0	0.08697211742401123	0.08697211742401123	0.08697211742401123		44	0	1	original_hum_ascii_original	original_hum_e_to_ē	93	177	84
original_hum	e_to_ē	14	final_prompt_token_minus_5	4010	0.23250465095043182	0.21644413471221924	-0.016060516238212585	0.016060516238212585	6	9	1	1	original_hum_ascii_original	original_hum_e_to_ē	93	177	84
original_hum	e_to_ē	14	final_prompt_token_minus_5	4850	0.10583700984716415	0.0	-0.10583700984716415	0.10583700984716415	35		1	0	original_hum_ascii_original	original_hum_e_to_ē	93	177	84
original_hum	e_to_ē	14	final_prompt_token_minus_5	5032	0.1081906259059906	0.0	-0.1081906259059906	0.1081906259059906	30		1	0	original_hum_ascii_original	original_hum_e_to_ē	93	177	84
original_hum	e_to_ē	14	final_prompt_token_minus_5	6429	0.26575198769569397	0.29267627000808716	0.02692428231239319	0.02692428231239319	5	4	1	1	original_hum_ascii_original	original_hum_e_to_ē	93	177	84
original_hum	e_to_ē	14	final_prompt_token_minus_5	6442	0.09860055893659592	0.0	-0.09860055893659592	0.09860055893659592	39		1	0	original_hum_ascii_original	original_hum_e_to_ē	93	177	84
original_hum	e_to_ē	14	final_prompt_token_minus_5	6477	0.1163020133972168	0.0	-0.1163020133972168	0.1163020133972168	27		1	0	original_hum_ascii_original	original_hum_e_to_ē	93	177	84
original_hum	e_to_ē	14	final_prompt_token_minus_5	6483	0.0	0.12765926122665405	0.12765926122665405	0.12765926122665405		25	0	1	original_hum_ascii_original	original_hum_e_to_ē	93	177	84
original_hum	e_to_ē	14	final_prompt_token_minus_5	6804	0.5306376814842224	0.0	-0.5306376814842224	0.5306376814842224	3		1	0	original_hum_ascii_original	original_hum_e_to_ē	93	177	84
original_hum	e_to_ē	14	final_prompt_token_minus_5	6846	0.18230310082435608	0.0	-0.18230310082435608	0.18230310082435608	10		1	0	original_hum_ascii_original	original_hum_e_to_ē	93	177	84
original_hum	e_to_ē	14	final_prompt_token_minus_5	7998	0.22291457653045654	0.0	-0.22291457653045654	0.22291457653045654	7		1	0	original_hum_ascii_original	original_hum_e_to_ē	93	177	84
original_hum	e_to_ē	14	final_prompt_token_minus_5	8556	0.0	0.10956735908985138	0.10956735908985138	0.10956735908985138		32	0	1	original_hum_ascii_original	original_hum_e_to_ē	93	177	84
original_hum	e_to_ē	14	final_prompt_token_minus_5	9106	0.0	0.21956129372119904	0.21956129372119904	0.21956129372119904		8	0	1	original_hum_ascii_original	original_hum_e_to_ē	93	177	84
original_hum	e_to_ē	14	final_prompt_token_minus_5	9330	0.0	0.08482910692691803	0.08482910692691803	0.08482910692691803		47	0	1	original_hum_ascii_original	original_hum_e_to_ē	93	177	84
original_hum	e_to_ē	14	final_prompt_token_minus_5	10804	0.11051413416862488	0.0	-0.11051413416862488	0.11051413416862488	28		1	0	original_hum_ascii_original	original_hum_e_to_ē	93	177	84
original_hum	e_to_ē	14	final_prompt_token_minus_5	11315	0.0	0.11282090842723846	0.11282090842723846	0.11282090842723846		29	0	1	original_hum_ascii_original	original_hum_e_to_ē	93	177	84
original_hum	e_to_ē	14	final_prompt_token_minus_5	11491	0.0	0.23917986452579498	0.23917986452579498	0.23917986452579498		6	0	1	original_hum_ascii_original	original_hum_e_to_ē	93	177	84
original_hum	e_to_ē	14	final_prompt_token_minus_5	11513	0.0	0.14538788795471191	0.14538788795471191	0.14538788795471191		21	0	1	original_hum_ascii_original	original_hum_e_to_ē	93	177	84
original_hum	e_to_ē	14	final_prompt_token_minus_5	11864	0.12023269385099411	0.0	-0.12023269385099411	0.12023269385099411	24		1	0	original_hum_ascii_original	original_hum_e_to_ē	93	177	84
original_hum	e_to_ē	14	final_prompt_token_minus_5	11944	0.0	0.2479380965232849	0.2479380965232849	0.2479380965232849		5	0	1	original_hum_ascii_original	original_hum_e_to_ē	93	177	84
original_hum	e_to_ē	14	final_prompt_token_minus_5	12179	0.14202867448329926	0.0	-0.14202867448329926	0.14202867448329926	16		1	0	original_hum_ascii_original	original_hum_e_to_ē	93	177	84
original_hum	e_to_ē	14	final_prompt_token_minus_5	12399	0.08793401718139648	0.0	-0.08793401718139648	0.08793401718139648	50		1	0	original_hum_ascii_original	original_hum_e_to_ē	93	177	84
original_hum	e_to_ē	14	final_prompt_token_minus_5	12420	0.7626116275787354	0.0	-0.7626116275787354	0.7626116275787354	2		1	0	original_hum_ascii_original	original_hum_e_to_ē	93	177	84
original_hum	e_to_ē	14	final_prompt_token_minus_5	12546	0.10370586812496185	0.0	-0.10370586812496185	0.10370586812496185	36		1	0	original_hum_ascii_original	original_hum_e_to_ē	93	177	84
original_hum	e_to_ē	14	final_prompt_token_minus_5	12817	0.0	0.1163485199213028	0.1163485199213028	0.1163485199213028		28	0	1	original_hum_ascii_original	original_hum_e_to_ē	93	177	84
original_hum	e_to_ē	14	final_prompt_token_minus_5	13119	0.15948860347270966	0.09116751700639725	-0.06832108646631241	0.06832108646631241	14	40	1	1	original_hum_ascii_original	original_hum_e_to_ē	93	177	84
original_hum	e_to_ē	14	final_prompt_token_minus_5	13517	0.11006458103656769	0.0	-0.11006458103656769	0.11006458103656769	29		1	0	original_hum_ascii_original	original_hum_e_to_ē	93	177	84
original_hum	e_to_ē	14	final_prompt_token_minus_5	14648	0.0	0.1178244799375534	0.1178244799375534	0.1178244799375534		27	0	1	original_hum_ascii_original	original_hum_e_to_ē	93	177	84
original_hum	e_to_ē	14	final_prompt_token_minus_5	14885	0.0	0.12107545137405396	0.12107545137405396	0.12107545137405396		26	0	1	original_hum_ascii_original	original_hum_e_to_ē	93	177	84
original_hum	e_to_ē	14	final_prompt_token_minus_5	15006	0.09291967749595642	0.08936451375484467	-0.0035551637411117554	0.0035551637411117554	42	41	1	1	original_hum_ascii_original	original_hum_e_to_ē	93	177	84
original_hum	e_to_ē	14	final_prompt_token_minus_5	15260	0.0	0.08466379344463348	0.08466379344463348	0.08466379344463348		48	0	1	original_hum_ascii_original	original_hum_e_to_ē	93	177	84
original_hum	e_to_ē	14	final_prompt_token_minus_5	15527	0.0	0.14909052848815918	0.14909052848815918	0.14909052848815918		18	0	1	original_hum_ascii_original	original_hum_e_to_ē	93	177	84
original_hum	e_to_ē	14	final_prompt_token_minus_5	16195	0.1765463501214981	0.0	-0.1765463501214981	0.1765463501214981	11		1	0	original_hum_ascii_original	original_hum_e_to_ē	93	177	84
original_hum	e_to_ē	14	final_prompt_token_minus_5	16325	0.0	0.09676247090101242	0.09676247090101242	0.09676247090101242		36	0	1	original_hum_ascii_original	original_hum_e_to_ē	93	177	84
original_hum	e_to_ē	14	final_prompt_token_minus_5	16973	0.13534760475158691	0.0	-0.13534760475158691	0.13534760475158691	19		1	0	original_hum_ascii_original	original_hum_e_to_ē	93	177	84
original_hum	e_to_ē	14	final_prompt_token_minus_5	17059	0.0	0.20962679386138916	0.20962679386138916	0.20962679386138916		10	0	1	original_hum_ascii_original	original_hum_e_to_ē	93	177	84
original_hum	e_to_ē	14	final_prompt_token_minus_5	17193	0.0	0.15902425348758698	0.15902425348758698	0.15902425348758698		17	0	1	original_hum_ascii_original	original_hum_e_to_ē	93	177	84
original_hum	e_to_ē	14	final_prompt_token_minus_5	17225	0.0	0.08536165207624435	0.08536165207624435	0.08536165207624435		46	0	1	original_hum_ascii_original	original_hum_e_to_ē	93	177	84
original_hum	e_to_ē	14	final_prompt_token_minus_5	17275	0.0	0.11009065061807632	0.11009065061807632	0.11009065061807632		31	0	1	original_hum_ascii_original	original_hum_e_to_ē	93	177	84
original_hum	e_to_ē	14	final_prompt_token_minus_5	17384	0.0928545594215393	0.09891319274902344	0.006058633327484131	0.006058633327484131	43	34	1	1	original_hum_ascii_original	original_hum_e_to_ē	93	177	84
original_hum	e_to_ē	14	final_prompt_token_minus_5	17656	0.12278657406568527	0.14470738172531128	0.021920807659626007	0.021920807659626007	23	23	1	1	original_hum_ascii_original	original_hum_e_to_ē	93	177	84
original_hum	e_to_ē	14	final_prompt_token_minus_5	17889	0.14771750569343567	0.0	-0.14771750569343567	0.14771750569343567	15		1	0	original_hum_ascii_original	original_hum_e_to_ē	93	177	84
original_hum	e_to_ē	14	final_prompt_token_minus_5	18673	0.18366771936416626	0.0	-0.18366771936416626	0.18366771936416626	9		1	0	original_hum_ascii_original	original_hum_e_to_ē	93	177	84
original_hum	e_to_ē	14	final_prompt_token_minus_5	18775	0.10586845874786377	0.0	-0.10586845874786377	0.10586845874786377	34		1	0	original_hum_ascii_original	original_hum_e_to_ē	93	177	84
original_hum	e_to_ē	14	final_prompt_token_minus_5	19919	0.12692531943321228	0.0	-0.12692531943321228	0.12692531943321228	22		1	0	original_hum_ascii_original	original_hum_e_to_ē	93	177	84
original_hum	e_to_ē	14	final_prompt_token_minus_5	20064	0.13042046129703522	0.16369256377220154	0.03327210247516632	0.03327210247516632	21	16	1	1	original_hum_ascii_original	original_hum_e_to_ē	93	177	84
original_hum	e_to_ē	14	final_prompt_token_minus_5	20557	0.18499016761779785	0.19629818201065063	0.011308014392852783	0.011308014392852783	8	13	1	1	original_hum_ascii_original	original_hum_e_to_ē	93	177	84
original_hum	e_to_ē	14	final_prompt_token_minus_5	20681	0.09171319007873535	0.0	-0.09171319007873535	0.09171319007873535	45		1	0	original_hum_ascii_original	original_hum_e_to_ē	93	177	84
original_hum	e_to_ē	14	final_prompt_token_minus_5	20714	0.0	0.09852802753448486	0.09852802753448486	0.09852802753448486		35	0	1	original_hum_ascii_original	original_hum_e_to_ē	93	177	84
original_hum	e_to_ē	14	final_prompt_token_minus_5	21303	0.0	0.14472836256027222	0.14472836256027222	0.14472836256027222		22	0	1	original_hum_ascii_original	original_hum_e_to_ē	93	177	84
original_hum	e_to_ē	14	final_prompt_token_minus_5	21803	0.09094459563493729	0.0	-0.09094459563493729	0.09094459563493729	47		1	0	original_hum_ascii_original	original_hum_e_to_ē	93	177	84
original_hum	e_to_ē	14	final_prompt_token_minus_5	22153	0.0	0.08628490567207336	0.08628490567207336	0.08628490567207336		45	0	1	original_hum_ascii_original	original_hum_e_to_ē	93	177	84
original_hum	e_to_ē	14	final_prompt_token_minus_5	22208	0.09776429831981659	0.0	-0.09776429831981659	0.09776429831981659	40		1	0	original_hum_ascii_original	original_hum_e_to_ē	93	177	84
original_hum	e_to_ē	14	final_prompt_token_minus_5	22601	0.0	0.1473177671432495	0.1473177671432495	0.1473177671432495		19	0	1	original_hum_ascii_original	original_hum_e_to_ē	93	177	84
original_hum	e_to_ē	14	final_prompt_token_minus_5	22813	0.10602040588855743	0.0	-0.10602040588855743	0.10602040588855743	32		1	0	original_hum_ascii_original	original_hum_e_to_ē	93	177	84
original_hum	e_to_ē	14	final_prompt_token_minus_5	23073	0.1408545970916748	0.0	-0.1408545970916748	0.1408545970916748	17		1	0	original_hum_ascii_original	original_hum_e_to_ē	93	177	84
original_hum	e_to_ē	14	final_prompt_token_minus_5	23364	0.10133588314056396	0.1767522096633911	0.07541632652282715	0.07541632652282715	38	15	1	1	original_hum_ascii_original	original_hum_e_to_ē	93	177	84
original_hum	e_to_ē	14	final_prompt_token_minus_5	23785	0.0	0.08389844000339508	0.08389844000339508	0.08389844000339508		50	0	1	original_hum_ascii_original	original_hum_e_to_ē	93	177	84
original_hum	e_to_ē	14	final_prompt_token_minus_5	23957	0.09750664979219437	0.0	-0.09750664979219437	0.09750664979219437	41		1	0	original_hum_ascii_original	original_hum_e_to_ē	93	177	84
original_hum	e_to_ē	14	final_prompt_token_minus_5	24528	0.0	0.11138004064559937	0.11138004064559937	0.11138004064559937		30	0	1	original_hum_ascii_original	original_hum_e_to_ē	93	177	84
original_hum	e_to_ē	14	final_prompt_token_minus_5	25125	0.10812551528215408	0.0	-0.10812551528215408	0.10812551528215408	31		1	0	original_hum_ascii_original	original_hum_e_to_ē	93	177	84
original_hum	e_to_ē	14	final_prompt_token_minus_5	26050	0.0	0.14432285726070404	0.14432285726070404	0.14432285726070404		24	0	1	original_hum_ascii_original	original_hum_e_to_ē	93	177	84
original_hum	e_to_ē	14	final_prompt_token_minus_5	26156	0.0	0.14707966148853302	0.14707966148853302	0.14707966148853302		20	0	1	original_hum_ascii_original	original_hum_e_to_ē	93	177	84
original_hum	e_to_ē	14	final_prompt_token_minus_5	26945	0.11726683378219604	0.0	-0.11726683378219604	0.11726683378219604	26		1	0	original_hum_ascii_original	original_hum_e_to_ē	93	177	84
original_hum	e_to_ē	14	final_prompt_token_minus_5	27023	0.4281465411186218	0.09404003620147705	-0.3341065049171448	0.3341065049171448	4	37	1	1	original_hum_ascii_original	original_hum_e_to_ē	93	177	84
original_hum	e_to_ē	14	final_prompt_token_minus_5	27507	0.0	0.08428772538900375	0.08428772538900375	0.08428772538900375		49	0	1	original_hum_ascii_original	original_hum_e_to_ē	93	177	84
original_hum	e_to_ē	14	final_prompt_token_minus_5	27532	0.0	0.2052636742591858	0.2052636742591858	0.2052636742591858		11	0	1	original_hum_ascii_original	original_hum_e_to_ē	93	177	84
original_hum	e_to_ē	14	final_prompt_token_minus_5	28149	0.10150748491287231	0.0	-0.10150748491287231	0.10150748491287231	37		1	0	original_hum_ascii_original	original_hum_e_to_ē	93	177	84
original_hum	e_to_ē	14	final_prompt_token_minus_5	29868	0.13392025232315063	0.0884597897529602	-0.04546046257019043	0.04546046257019043	20	43	1	1	original_hum_ascii_original	original_hum_e_to_ē	93	177	84
original_hum	e_to_ē	14	final_prompt_token_minus_5	30811	0.0	0.1921975463628769	0.1921975463628769	0.1921975463628769		14	0	1	original_hum_ascii_original	original_hum_e_to_ē	93	177	84
original_hum	e_to_ē	14	final_prompt_token_minus_5	30822	0.0	0.0931307002902031	0.0931307002902031	0.0931307002902031		39	0	1	original_hum_ascii_original	original_hum_e_to_ē	93	177	84
original_hum	e_to_ē	14	final_prompt_token_minus_5	30950	0.11847710609436035	0.0	-0.11847710609436035	0.11847710609436035	25		1	0	original_hum_ascii_original	original_hum_e_to_ē	93	177	84
original_hum	e_to_ē	14	final_prompt_token_minus_5	31267	0.0927112028002739	0.0	-0.0927112028002739	0.0927112028002739	44		1	0	original_hum_ascii_original	original_hum_e_to_ē	93	177	84
original_hum	e_to_ē	14	final_prompt_token_minus_5	31558	0.0915255919098854	0.0	-0.0915255919098854	0.0915255919098854	46		1	0	original_hum_ascii_original	original_hum_e_to_ē	93	177	84
original_hum	e_to_ē	14	final_prompt_token_minus_5	31733	0.10594604909420013	0.0	-0.10594604909420013	0.10594604909420013	33		1	0	original_hum_ascii_original	original_hum_e_to_ē	93	177	84
original_hum	e_to_ē	14	final_prompt_token_minus_10	372	0.0	0.1345730721950531	0.1345730721950531	0.1345730721950531		25	0	1	original_hum_ascii_original	original_hum_e_to_ē	93	177	84
original_hum	e_to_ē	14	final_prompt_token_minus_10	389	0.22831714153289795	0.0	-0.22831714153289795	0.22831714153289795	12		1	0	original_hum_ascii_original	original_hum_e_to_ē	93	177	84
original_hum	e_to_ē	14	final_prompt_token_minus_10	438	0.12640373408794403	0.0	-0.12640373408794403	0.12640373408794403	48		1	0	original_hum_ascii_original	original_hum_e_to_ē	93	177	84
original_hum	e_to_ē	14	final_prompt_token_minus_10	872	0.14789557456970215	0.0	-0.14789557456970215	0.14789557456970215	32		1	0	original_hum_ascii_original	original_hum_e_to_ē	93	177	84
original_hum	e_to_ē	14	final_prompt_token_minus_10	2172	0.0	0.10556358844041824	0.10556358844041824	0.10556358844041824		44	0	1	original_hum_ascii_original	original_hum_e_to_ē	93	177	84
original_hum	e_to_ē	14	final_prompt_token_minus_10	2211	0.0	0.2558264136314392	0.2558264136314392	0.2558264136314392		7	0	1	original_hum_ascii_original	original_hum_e_to_ē	93	177	84
original_hum	e_to_ē	14	final_prompt_token_minus_10	2221	0.0	0.10209862887859344	0.10209862887859344	0.10209862887859344		50	0	1	original_hum_ascii_original	original_hum_e_to_ē	93	177	84
original_hum	e_to_ē	14	final_prompt_token_minus_10	2328	0.24085605144500732	0.0	-0.24085605144500732	0.24085605144500732	11		1	0	original_hum_ascii_original	original_hum_e_to_ē	93	177	84
original_hum	e_to_ē	14	final_prompt_token_minus_10	2696	0.0	0.11872413009405136	0.11872413009405136	0.11872413009405136		37	0	1	original_hum_ascii_original	original_hum_e_to_ē	93	177	84
original_hum	e_to_ē	14	final_prompt_token_minus_10	2961	0.29128599166870117	1.3380500078201294	1.0467640161514282	1.0467640161514282	7	1	1	1	original_hum_ascii_original	original_hum_e_to_ē	93	177	84
original_hum	e_to_ē	14	final_prompt_token_minus_10	3122	0.0	0.17264117300510406	0.17264117300510406	0.17264117300510406		14	0	1	original_hum_ascii_original	original_hum_e_to_ē	93	177	84
original_hum	e_to_ē	14	final_prompt_token_minus_10	3994	0.29292353987693787	0.0	-0.29292353987693787	0.29292353987693787	6		1	0	original_hum_ascii_original	original_hum_e_to_ē	93	177	84
original_hum	e_to_ē	14	final_prompt_token_minus_10	4010	0.0	0.12252342700958252	0.12252342700958252	0.12252342700958252		32	0	1	original_hum_ascii_original	original_hum_e_to_ē	93	177	84
original_hum	e_to_ē	14	final_prompt_token_minus_10	4170	0.0	0.11450880765914917	0.11450880765914917	0.11450880765914917		41	0	1	original_hum_ascii_original	original_hum_e_to_ē	93	177	84
original_hum	e_to_ē	14	final_prompt_token_minus_10	4605	0.0	0.12208215147256851	0.12208215147256851	0.12208215147256851		33	0	1	original_hum_ascii_original	original_hum_e_to_ē	93	177	84
original_hum	e_to_ē	14	final_prompt_token_minus_10	4718	0.13467371463775635	0.0	-0.13467371463775635	0.13467371463775635	40		1	0	original_hum_ascii_original	original_hum_e_to_ē	93	177	84
original_hum	e_to_ē	14	final_prompt_token_minus_10	4753	0.0	0.1230936124920845	0.1230936124920845	0.1230936124920845		31	0	1	original_hum_ascii_original	original_hum_e_to_ē	93	177	84
original_hum	e_to_ē	14	final_prompt_token_minus_10	5903	0.19853372871875763	0.0	-0.19853372871875763	0.19853372871875763	15		1	0	original_hum_ascii_original	original_hum_e_to_ē	93	177	84
original_hum	e_to_ē	14	final_prompt_token_minus_10	6192	0.1287318468093872	0.0	-0.1287318468093872	0.1287318468093872	47		1	0	original_hum_ascii_original	original_hum_e_to_ē	93	177	84
original_hum	e_to_ē	14	final_prompt_token_minus_10	6427	0.0	0.10402700304985046	0.10402700304985046	0.10402700304985046		47	0	1	original_hum_ascii_original	original_hum_e_to_ē	93	177	84
original_hum	e_to_ē	14	final_prompt_token_minus_10	6429	0.0	0.3138597309589386	0.3138597309589386	0.3138597309589386		6	0	1	original_hum_ascii_original	original_hum_e_to_ē	93	177	84
original_hum	e_to_ē	14	final_prompt_token_minus_10	6442	0.0	0.13005363941192627	0.13005363941192627	0.13005363941192627		28	0	1	original_hum_ascii_original	original_hum_e_to_ē	93	177	84
original_hum	e_to_ē	14	final_prompt_token_minus_10	6557	0.19661995768547058	0.0	-0.19661995768547058	0.19661995768547058	17		1	0	original_hum_ascii_original	original_hum_e_to_ē	93	177	84
original_hum	e_to_ē	14	final_prompt_token_minus_10	6642	0.2821335792541504	0.0	-0.2821335792541504	0.2821335792541504	8		1	0	original_hum_ascii_original	original_hum_e_to_ē	93	177	84
original_hum	e_to_ē	14	final_prompt_token_minus_10	6681	0.0	0.16941015422344208	0.16941015422344208	0.16941015422344208		15	0	1	original_hum_ascii_original	original_hum_e_to_ē	93	177	84
original_hum	e_to_ē	14	final_prompt_token_minus_10	6804	0.0	0.9330912232398987	0.9330912232398987	0.9330912232398987		2	0	1	original_hum_ascii_original	original_hum_e_to_ē	93	177	84
original_hum	e_to_ē	14	final_prompt_token_minus_10	7427	0.13666051626205444	0.0	-0.13666051626205444	0.13666051626205444	39		1	0	original_hum_ascii_original	original_hum_e_to_ē	93	177	84
original_hum	e_to_ē	14	final_prompt_token_minus_10	7845	0.19415977597236633	0.0	-0.19415977597236633	0.19415977597236633	18		1	0	original_hum_ascii_original	original_hum_e_to_ē	93	177	84
original_hum	e_to_ē	14	final_prompt_token_minus_10	7998	0.0	0.32258787751197815	0.32258787751197815	0.32258787751197815		5	0	1	original_hum_ascii_original	original_hum_e_to_ē	93	177	84
original_hum	e_to_ē	14	final_prompt_token_minus_10	8009	0.0	0.18419350683689117	0.18419350683689117	0.18419350683689117		12	0	1	original_hum_ascii_original	original_hum_e_to_ē	93	177	84
original_hum	e_to_ē	14	final_prompt_token_minus_10	8556	0.0	0.10290724039077759	0.10290724039077759	0.10290724039077759		48	0	1	original_hum_ascii_original	original_hum_e_to_ē	93	177	84
original_hum	e_to_ē	14	final_prompt_token_minus_10	9106	0.0	0.15303801000118256	0.15303801000118256	0.15303801000118256		22	0	1	original_hum_ascii_original	original_hum_e_to_ē	93	177	84
original_hum	e_to_ē	14	final_prompt_token_minus_10	9336	0.0	0.18233728408813477	0.18233728408813477	0.18233728408813477		13	0	1	original_hum_ascii_original	original_hum_e_to_ē	93	177	84
original_hum	e_to_ē	14	final_prompt_token_minus_10	9867	0.1296529769897461	0.0	-0.1296529769897461	0.1296529769897461	46		1	0	original_hum_ascii_original	original_hum_e_to_ē	93	177	84
original_hum	e_to_ē	14	final_prompt_token_minus_10	9914	0.1473228633403778	0.0	-0.1473228633403778	0.1473228633403778	33		1	0	original_hum_ascii_original	original_hum_e_to_ē	93	177	84
original_hum	e_to_ē	14	final_prompt_token_minus_10	10221	0.13865381479263306	0.0	-0.13865381479263306	0.13865381479263306	36		1	0	original_hum_ascii_original	original_hum_e_to_ē	93	177	84
original_hum	e_to_ē	14	final_prompt_token_minus_10	10677	0.15325823426246643	0.0	-0.15325823426246643	0.15325823426246643	29		1	0	original_hum_ascii_original	original_hum_e_to_ē	93	177	84
original_hum	e_to_ē	14	final_prompt_token_minus_10	10845	0.26700595021247864	0.0	-0.26700595021247864	0.26700595021247864	10		1	0	original_hum_ascii_original	original_hum_e_to_ē	93	177	84
original_hum	e_to_ē	14	final_prompt_token_minus_10	10913	0.0	0.10552313923835754	0.10552313923835754	0.10552313923835754		45	0	1	original_hum_ascii_original	original_hum_e_to_ē	93	177	84
original_hum	e_to_ē	14	final_prompt_token_minus_10	10976	0.18629325926303864	0.0	-0.18629325926303864	0.18629325926303864	19		1	0	original_hum_ascii_original	original_hum_e_to_ē	93	177	84
original_hum	e_to_ē	14	final_prompt_token_minus_10	11315	0.0	0.16910526156425476	0.16910526156425476	0.16910526156425476		16	0	1	original_hum_ascii_original	original_hum_e_to_ē	93	177	84
original_hum	e_to_ē	14	final_prompt_token_minus_10	11466	0.14874418079853058	0.0	-0.14874418079853058	0.14874418079853058	31		1	0	original_hum_ascii_original	original_hum_e_to_ē	93	177	84
original_hum	e_to_ē	14	final_prompt_token_minus_10	11646	0.13824020326137543	0.0	-0.13824020326137543	0.13824020326137543	37		1	0	original_hum_ascii_original	original_hum_e_to_ē	93	177	84
original_hum	e_to_ē	14	final_prompt_token_minus_10	11914	0.29545357823371887	0.0	-0.29545357823371887	0.29545357823371887	5		1	0	original_hum_ascii_original	original_hum_e_to_ē	93	177	84
original_hum	e_to_ē	14	final_prompt_token_minus_10	12179	0.0	0.16674628853797913	0.16674628853797913	0.16674628853797913		19	0	1	original_hum_ascii_original	original_hum_e_to_ē	93	177	84
original_hum	e_to_ē	14	final_prompt_token_minus_10	13119	0.22814424335956573	0.13736401498317719	-0.09078022837638855	0.09078022837638855	13	24	1	1	original_hum_ascii_original	original_hum_e_to_ē	93	177	84
original_hum	e_to_ē	14	final_prompt_token_minus_10	13454	0.1422826200723648	0.0	-0.1422826200723648	0.1422826200723648	35		1	0	original_hum_ascii_original	original_hum_e_to_ē	93	177	84
original_hum	e_to_ē	14	final_prompt_token_minus_10	13517	0.0	0.1307152360677719	0.1307152360677719	0.1307152360677719		27	0	1	original_hum_ascii_original	original_hum_e_to_ē	93	177	84
original_hum	e_to_ē	14	final_prompt_token_minus_10	13742	0.0	0.10893391817808151	0.10893391817808151	0.10893391817808151		43	0	1	original_hum_ascii_original	original_hum_e_to_ē	93	177	84
original_hum	e_to_ē	14	final_prompt_token_minus_10	14287	0.0	0.11563239246606827	0.11563239246606827	0.11563239246606827		40	0	1	original_hum_ascii_original	original_hum_e_to_ē	93	177	84
original_hum	e_to_ē	14	final_prompt_token_minus_10	14360	0.17904530465602875	0.0	-0.17904530465602875	0.17904530465602875	22		1	0	original_hum_ascii_original	original_hum_e_to_ē	93	177	84
original_hum	e_to_ē	14	final_prompt_token_minus_10	14507	0.14582833647727966	0.0	-0.14582833647727966	0.14582833647727966	34		1	0	original_hum_ascii_original	original_hum_e_to_ē	93	177	84
original_hum	e_to_ē	14	final_prompt_token_minus_10	15473	0.0	0.16853506863117218	0.16853506863117218	0.16853506863117218		17	0	1	original_hum_ascii_original	original_hum_e_to_ē	93	177	84
original_hum	e_to_ē	14	final_prompt_token_minus_10	15501	0.0	0.16772544384002686	0.16772544384002686	0.16772544384002686		18	0	1	original_hum_ascii_original	original_hum_e_to_ē	93	177	84
original_hum	e_to_ē	14	final_prompt_token_minus_10	15998	0.0	0.12947042286396027	0.12947042286396027	0.12947042286396027		29	0	1	original_hum_ascii_original	original_hum_e_to_ē	93	177	84
original_hum	e_to_ē	14	final_prompt_token_minus_10	16195	0.0	0.6760366559028625	0.6760366559028625	0.6760366559028625		3	0	1	original_hum_ascii_original	original_hum_e_to_ē	93	177	84
original_hum	e_to_ē	14	final_prompt_token_minus_10	16436	0.12284058332443237	0.0	-0.12284058332443237	0.12284058332443237	50		1	0	original_hum_ascii_original	original_hum_e_to_ē	93	177	84
original_hum	e_to_ē	14	final_prompt_token_minus_10	16973	0.12634897232055664	0.0	-0.12634897232055664	0.12634897232055664	49		1	0	original_hum_ascii_original	original_hum_e_to_ē	93	177	84
original_hum	e_to_ē	14	final_prompt_token_minus_10	17072	0.13056580722332	0.0	-0.13056580722332	0.13056580722332	45		1	0	original_hum_ascii_original	original_hum_e_to_ē	93	177	84
original_hum	e_to_ē	14	final_prompt_token_minus_10	17259	0.0	0.10262476652860641	0.10262476652860641	0.10262476652860641		49	0	1	original_hum_ascii_original	original_hum_e_to_ē	93	177	84
original_hum	e_to_ē	14	final_prompt_token_minus_10	17816	0.15343055129051208	0.0	-0.15343055129051208	0.15343055129051208	28		1	0	original_hum_ascii_original	original_hum_e_to_ē	93	177	84
original_hum	e_to_ē	14	final_prompt_token_minus_10	18052	0.0	0.11595214158296585	0.11595214158296585	0.11595214158296585		39	0	1	original_hum_ascii_original	original_hum_e_to_ē	93	177	84
original_hum	e_to_ē	14	final_prompt_token_minus_10	18079	0.1681946963071823	0.0	-0.1681946963071823	0.1681946963071823	23		1	0	original_hum_ascii_original	original_hum_e_to_ē	93	177	84
original_hum	e_to_ē	14	final_prompt_token_minus_10	18607	0.0	0.12200256437063217	0.12200256437063217	0.12200256437063217		34	0	1	original_hum_ascii_original	original_hum_e_to_ē	93	177	84
original_hum	e_to_ē	14	final_prompt_token_minus_10	18609	0.0	0.10405023396015167	0.10405023396015167	0.10405023396015167		46	0	1	original_hum_ascii_original	original_hum_e_to_ē	93	177	84
original_hum	e_to_ē	14	final_prompt_token_minus_10	18673	0.0	0.19352877140045166	0.19352877140045166	0.19352877140045166		10	0	1	original_hum_ascii_original	original_hum_e_to_ē	93	177	84
original_hum	e_to_ē	14	final_prompt_token_minus_10	18982	0.0	0.15691740810871124	0.15691740810871124	0.15691740810871124		21	0	1	original_hum_ascii_original	original_hum_e_to_ē	93	177	84
original_hum	e_to_ē	14	final_prompt_token_minus_10	19133	0.0	0.21510611474514008	0.21510611474514008	0.21510611474514008		9	0	1	original_hum_ascii_original	original_hum_e_to_ē	93	177	84
original_hum	e_to_ē	14	final_prompt_token_minus_10	19614	0.0	0.11167287081480026	0.11167287081480026	0.11167287081480026		42	0	1	original_hum_ascii_original	original_hum_e_to_ē	93	177	84
original_hum	e_to_ē	14	final_prompt_token_minus_10	19988	0.30489277839660645	0.0	-0.30489277839660645	0.30489277839660645	4		1	0	original_hum_ascii_original	original_hum_e_to_ē	93	177	84
original_hum	e_to_ē	14	final_prompt_token_minus_10	20345	0.1641150414943695	0.0	-0.1641150414943695	0.1641150414943695	24		1	0	original_hum_ascii_original	original_hum_e_to_ē	93	177	84
original_hum	e_to_ē	14	final_prompt_token_minus_10	20402	0.1313169151544571	0.0	-0.1313169151544571	0.1313169151544571	41		1	0	original_hum_ascii_original	original_hum_e_to_ē	93	177	84
original_hum	e_to_ē	14	final_prompt_token_minus_10	20529	0.17968140542507172	0.0	-0.17968140542507172	0.17968140542507172	21		1	0	original_hum_ascii_original	original_hum_e_to_ē	93	177	84
original_hum	e_to_ē	14	final_prompt_token_minus_10	20557	0.28096428513526917	0.0	-0.28096428513526917	0.28096428513526917	9		1	0	original_hum_ascii_original	original_hum_e_to_ē	93	177	84
original_hum	e_to_ē	14	final_prompt_token_minus_10	21486	0.13101494312286377	0.0	-0.13101494312286377	0.13101494312286377	44		1	0	original_hum_ascii_original	original_hum_e_to_ē	93	177	84
original_hum	e_to_ē	14	final_prompt_token_minus_10	21821	0.1489848643541336	0.0	-0.1489848643541336	0.1489848643541336	30		1	0	original_hum_ascii_original	original_hum_e_to_ē	93	177	84
original_hum	e_to_ē	14	final_prompt_token_minus_10	22234	0.19749358296394348	0.0	-0.19749358296394348	0.19749358296394348	16		1	0	original_hum_ascii_original	original_hum_e_to_ē	93	177	84
original_hum	e_to_ē	14	final_prompt_token_minus_10	22870	0.13787509500980377	0.0	-0.13787509500980377	0.13787509500980377	38		1	0	original_hum_ascii_original	original_hum_e_to_ē	93	177	84
original_hum	e_to_ē	14	final_prompt_token_minus_10	22945	0.13124960660934448	0.0	-0.13124960660934448	0.13124960660934448	42		1	0	original_hum_ascii_original	original_hum_e_to_ē	93	177	84
original_hum	e_to_ē	14	final_prompt_token_minus_10	23073	0.0	0.1477532982826233	0.1477532982826233	0.1477532982826233		23	0	1	original_hum_ascii_original	original_hum_e_to_ē	93	177	84
original_hum	e_to_ē	14	final_prompt_token_minus_10	23364	0.0	0.12843582034111023	0.12843582034111023	0.12843582034111023		30	0	1	original_hum_ascii_original	original_hum_e_to_ē	93	177	84
original_hum	e_to_ē	14	final_prompt_token_minus_10	23493	0.1580626517534256	0.0	-0.1580626517534256	0.1580626517534256	27		1	0	original_hum_ascii_original	original_hum_e_to_ē	93	177	84
original_hum	e_to_ē	14	final_prompt_token_minus_10	24296	0.3665282130241394	0.0	-0.3665282130241394	0.3665282130241394	3		1	0	original_hum_ascii_original	original_hum_e_to_ē	93	177	84
original_hum	e_to_ē	14	final_prompt_token_minus_10	24536	0.0	0.16109420359134674	0.16109420359134674	0.16109420359134674		20	0	1	original_hum_ascii_original	original_hum_e_to_ē	93	177	84
original_hum	e_to_ē	14	final_prompt_token_minus_10	26049	0.18129445612430573	0.0	-0.18129445612430573	0.18129445612430573	20		1	0	original_hum_ascii_original	original_hum_e_to_ē	93	177	84
original_hum	e_to_ē	14	final_prompt_token_minus_10	26316	0.0	0.2375110238790512	0.2375110238790512	0.2375110238790512		8	0	1	original_hum_ascii_original	original_hum_e_to_ē	93	177	84
original_hum	e_to_ē	14	final_prompt_token_minus_10	27023	0.0	0.32734572887420654	0.32734572887420654	0.32734572887420654		4	0	1	original_hum_ascii_original	original_hum_e_to_ē	93	177	84
original_hum	e_to_ē	14	final_prompt_token_minus_10	27057	0.21331223845481873	0.0	-0.21331223845481873	0.21331223845481873	14		1	0	original_hum_ascii_original	original_hum_e_to_ē	93	177	84
original_hum	e_to_ē	14	final_prompt_token_minus_10	27661	0.16031919419765472	0.0	-0.16031919419765472	0.16031919419765472	25		1	0	original_hum_ascii_original	original_hum_e_to_ē	93	177	84
original_hum	e_to_ē	14	final_prompt_token_minus_10	28627	0.1588219702243805	0.0	-0.1588219702243805	0.1588219702243805	26		1	0	original_hum_ascii_original	original_hum_e_to_ē	93	177	84
original_hum	e_to_ē	14	final_prompt_token_minus_10	29791	0.13114282488822937	0.0	-0.13114282488822937	0.13114282488822937	43		1	0	original_hum_ascii_original	original_hum_e_to_ē	93	177	84
original_hum	e_to_ē	14	final_prompt_token_minus_10	29800	0.0	0.1334431767463684	0.1334431767463684	0.1334431767463684		26	0	1	original_hum_ascii_original	original_hum_e_to_ē	93	177	84
original_hum	e_to_ē	14	final_prompt_token_minus_10	30141	0.0	0.12118414044380188	0.12118414044380188	0.12118414044380188		35	0	1	original_hum_ascii_original	original_hum_e_to_ē	93	177	84
original_hum	e_to_ē	14	final_prompt_token_minus_10	31706	0.38800662755966187	0.0	-0.38800662755966187	0.38800662755966187	2		1	0	original_hum_ascii_original	original_hum_e_to_ē	93	177	84
original_hum	e_to_ē	14	final_prompt_token_minus_10	31733	0.4693179726600647	0.0	-0.4693179726600647	0.4693179726600647	1		1	0	original_hum_ascii_original	original_hum_e_to_ē	93	177	84
original_hum	e_to_ē	14	final_prompt_token_minus_10	31735	0.0	0.11602868884801865	0.11602868884801865	0.11602868884801865		38	0	1	original_hum_ascii_original	original_hum_e_to_ē	93	177	84
original_hum	e_to_ē	14	final_prompt_token_minus_10	32204	0.0	0.11885268986225128	0.11885268986225128	0.11885268986225128		36	0	1	original_hum_ascii_original	original_hum_e_to_ē	93	177	84
original_hum	e_to_ē	14	final_prompt_token_minus_10	32427	0.0	0.1927071064710617	0.1927071064710617	0.1927071064710617		11	0	1	original_hum_ascii_original	original_hum_e_to_ē	93	177	84
original_hum	d_plus_e	26	final_prompt_token	599	0.26421117782592773	0.22988085448741913	-0.034330323338508606	0.034330323338508606	14	14	1	1	original_hum_ascii_original	original_hum_d_plus_e	93	200	107
original_hum	d_plus_e	26	final_prompt_token	1626	0.42868274450302124	0.35307180881500244	-0.0756109356880188	0.0756109356880188	4	6	1	1	original_hum_ascii_original	original_hum_d_plus_e	93	200	107
original_hum	d_plus_e	26	final_prompt_token	2722	0.18328024446964264	0.0	-0.18328024446964264	0.18328024446964264	35		1	0	original_hum_ascii_original	original_hum_d_plus_e	93	200	107
original_hum	d_plus_e	26	final_prompt_token	2938	1.5165886878967285	1.8152925968170166	0.2987039089202881	0.2987039089202881	1	1	1	1	original_hum_ascii_original	original_hum_d_plus_e	93	200	107
original_hum	d_plus_e	26	final_prompt_token	2977	0.0	0.15675191581249237	0.15675191581249237	0.15675191581249237		41	0	1	original_hum_ascii_original	original_hum_d_plus_e	93	200	107
original_hum	d_plus_e	26	final_prompt_token	3241	0.39762821793556213	0.39733144640922546	-0.0002967715263366699	0.0002967715263366699	6	4	1	1	original_hum_ascii_original	original_hum_d_plus_e	93	200	107
original_hum	d_plus_e	26	final_prompt_token	3271	0.1778457760810852	0.0	-0.1778457760810852	0.1778457760810852	39		1	0	original_hum_ascii_original	original_hum_d_plus_e	93	200	107
original_hum	d_plus_e	26	final_prompt_token	4795	0.15955334901809692	0.0	-0.15955334901809692	0.15955334901809692	46		1	0	original_hum_ascii_original	original_hum_d_plus_e	93	200	107
original_hum	d_plus_e	26	final_prompt_token	5079	0.0	0.14727887511253357	0.14727887511253357	0.14727887511253357		46	0	1	original_hum_ascii_original	original_hum_d_plus_e	93	200	107
original_hum	d_plus_e	26	final_prompt_token	5257	0.24086657166481018	0.0	-0.24086657166481018	0.24086657166481018	19		1	0	original_hum_ascii_original	original_hum_d_plus_e	93	200	107
original_hum	d_plus_e	26	final_prompt_token	6021	0.2518101930618286	0.16195066273212433	-0.08985953032970428	0.08985953032970428	16	39	1	1	original_hum_ascii_original	original_hum_d_plus_e	93	200	107
original_hum	d_plus_e	26	final_prompt_token	6194	0.3265438377857208	0.29878324270248413	-0.027760595083236694	0.027760595083236694	11	8	1	1	original_hum_ascii_original	original_hum_d_plus_e	93	200	107
original_hum	d_plus_e	26	final_prompt_token	6429	0.28714343905448914	0.20429855585098267	-0.08284488320350647	0.08284488320350647	12	17	1	1	original_hum_ascii_original	original_hum_d_plus_e	93	200	107
original_hum	d_plus_e	26	final_prompt_token	6593	0.17148388922214508	0.0	-0.17148388922214508	0.17148388922214508	44		1	0	original_hum_ascii_original	original_hum_d_plus_e	93	200	107
original_hum	d_plus_e	26	final_prompt_token	7108	0.17276988923549652	0.0	-0.17276988923549652	0.17276988923549652	43		1	0	original_hum_ascii_original	original_hum_d_plus_e	93	200	107
original_hum	d_plus_e	26	final_prompt_token	7163	0.18945331871509552	0.16327354311943054	-0.026179775595664978	0.026179775595664978	31	38	1	1	original_hum_ascii_original	original_hum_d_plus_e	93	200	107
original_hum	d_plus_e	26	final_prompt_token	7982	0.22221095860004425	0.1730441004037857	-0.049166858196258545	0.049166858196258545	23	31	1	1	original_hum_ascii_original	original_hum_d_plus_e	93	200	107
original_hum	d_plus_e	26	final_prompt_token	8216	0.17607000470161438	0.17395630478858948	-0.0021136999130249023	0.0021136999130249023	40	30	1	1	original_hum_ascii_original	original_hum_d_plus_e	93	200	107
original_hum	d_plus_e	26	final_prompt_token	8418	0.17841987311840057	0.20229864120483398	0.02387876808643341	0.02387876808643341	38	19	1	1	original_hum_ascii_original	original_hum_d_plus_e	93	200	107
original_hum	d_plus_e	26	final_prompt_token	8882	0.17877648770809174	0.20923399925231934	0.0304575115442276	0.0304575115442276	37	16	1	1	original_hum_ascii_original	original_hum_d_plus_e	93	200	107
original_hum	d_plus_e	26	final_prompt_token	9728	0.0	0.14789718389511108	0.14789718389511108	0.14789718389511108		45	0	1	original_hum_ascii_original	original_hum_d_plus_e	93	200	107
original_hum	d_plus_e	26	final_prompt_token	9745	0.1738123893737793	0.0	-0.1738123893737793	0.1738123893737793	41		1	0	original_hum_ascii_original	original_hum_d_plus_e	93	200	107
original_hum	d_plus_e	26	final_prompt_token	10963	0.0	0.14261740446090698	0.14261740446090698	0.14261740446090698		50	0	1	original_hum_ascii_original	original_hum_d_plus_e	93	200	107
original_hum	d_plus_e	26	final_prompt_token	11256	0.3714236319065094	0.18141146004199982	-0.19001217186450958	0.19001217186450958	8	24	1	1	original_hum_ascii_original	original_hum_d_plus_e	93	200	107
original_hum	d_plus_e	26	final_prompt_token	11338	0.0	0.17418760061264038	0.17418760061264038	0.17418760061264038		29	0	1	original_hum_ascii_original	original_hum_d_plus_e	93	200	107
original_hum	d_plus_e	26	final_prompt_token	11456	0.17288172245025635	0.19722837209701538	0.024346649646759033	0.024346649646759033	42	21	1	1	original_hum_ascii_original	original_hum_d_plus_e	93	200	107
original_hum	d_plus_e	26	final_prompt_token	12320	0.21982868015766144	0.15131185948848724	-0.0685168206691742	0.0685168206691742	24	43	1	1	original_hum_ascii_original	original_hum_d_plus_e	93	200	107
original_hum	d_plus_e	26	final_prompt_token	13061	0.20255284011363983	0.1524142026901245	-0.05013863742351532	0.05013863742351532	27	42	1	1	original_hum_ascii_original	original_hum_d_plus_e	93	200	107
original_hum	d_plus_e	26	final_prompt_token	13916	0.20334245264530182	0.17681439220905304	-0.02652806043624878	0.02652806043624878	26	26	1	1	original_hum_ascii_original	original_hum_d_plus_e	93	200	107
original_hum	d_plus_e	26	final_prompt_token	13935	0.33480870723724365	0.2547314167022705	-0.08007729053497314	0.08007729053497314	9	11	1	1	original_hum_ascii_original	original_hum_d_plus_e	93	200	107
original_hum	d_plus_e	26	final_prompt_token	14223	0.0	0.14644159376621246	0.14644159376621246	0.14644159376621246		47	0	1	original_hum_ascii_original	original_hum_d_plus_e	93	200	107
original_hum	d_plus_e	26	final_prompt_token	14614	0.18283355236053467	0.17593038082122803	-0.006903171539306641	0.006903171539306641	36	27	1	1	original_hum_ascii_original	original_hum_d_plus_e	93	200	107
original_hum	d_plus_e	26	final_prompt_token	14858	0.0	0.19227926433086395	0.19227926433086395	0.19227926433086395		23	0	1	original_hum_ascii_original	original_hum_d_plus_e	93	200	107
original_hum	d_plus_e	26	final_prompt_token	15076	0.18733566999435425	0.23463955521583557	0.04730388522148132	0.04730388522148132	33	13	1	1	original_hum_ascii_original	original_hum_d_plus_e	93	200	107
original_hum	d_plus_e	26	final_prompt_token	15160	0.0	0.14588558673858643	0.14588558673858643	0.14588558673858643		48	0	1	original_hum_ascii_original	original_hum_d_plus_e	93	200	107
original_hum	d_plus_e	26	final_prompt_token	15560	0.18576200306415558	0.0	-0.18576200306415558	0.18576200306415558	34		1	0	original_hum_ascii_original	original_hum_d_plus_e	93	200	107
original_hum	d_plus_e	26	final_prompt_token	15954	0.33095675706863403	0.30948755145072937	-0.021469205617904663	0.021469205617904663	10	7	1	1	original_hum_ascii_original	original_hum_d_plus_e	93	200	107
original_hum	d_plus_e	26	final_prompt_token	17394	0.2099277377128601	0.20380717515945435	-0.006120562553405762	0.006120562553405762	25	18	1	1	original_hum_ascii_original	original_hum_d_plus_e	93	200	107
original_hum	d_plus_e	26	final_prompt_token	17869	0.19256216287612915	0.16581511497497559	-0.026747047901153564	0.026747047901153564	29	35	1	1	original_hum_ascii_original	original_hum_d_plus_e	93	200	107
original_hum	d_plus_e	26	final_prompt_token	18198	0.2619461417198181	0.15846721827983856	-0.10347892343997955	0.10347892343997955	15	40	1	1	original_hum_ascii_original	original_hum_d_plus_e	93	200	107
original_hum	d_plus_e	26	final_prompt_token	18937	0.6793770790100098	0.6355292797088623	-0.04384779930114746	0.04384779930114746	3	2	1	1	original_hum_ascii_original	original_hum_d_plus_e	93	200	107
original_hum	d_plus_e	26	final_prompt_token	19335	0.1567714810371399	0.14523114264011383	-0.011540338397026062	0.011540338397026062	49	49	1	1	original_hum_ascii_original	original_hum_d_plus_e	93	200	107
original_hum	d_plus_e	26	final_prompt_token	19389	0.3767392933368683	0.3663000762462616	-0.01043921709060669	0.01043921709060669	7	5	1	1	original_hum_ascii_original	original_hum_d_plus_e	93	200	107
original_hum	d_plus_e	26	final_prompt_token	21181	0.16554288566112518	0.0	-0.16554288566112518	0.16554288566112518	45		1	0	original_hum_ascii_original	original_hum_d_plus_e	93	200	107
original_hum	d_plus_e	26	final_prompt_token	21478	0.0	0.16523966193199158	0.16523966193199158	0.16523966193199158		36	0	1	original_hum_ascii_original	original_hum_d_plus_e	93	200	107
original_hum	d_plus_e	26	final_prompt_token	22503	0.0	0.17543835937976837	0.17543835937976837	0.17543835937976837		28	0	1	original_hum_ascii_original	original_hum_d_plus_e	93	200	107
original_hum	d_plus_e	26	final_prompt_token	23977	0.1921742558479309	0.27850404381752014	0.08632978796958923	0.08632978796958923	30	10	1	1	original_hum_ascii_original	original_hum_d_plus_e	93	200	107
original_hum	d_plus_e	26	final_prompt_token	25001	0.2486875057220459	0.0	-0.2486875057220459	0.2486875057220459	17		1	0	original_hum_ascii_original	original_hum_d_plus_e	93	200	107
original_hum	d_plus_e	26	final_prompt_token	25351	0.0	0.1652170717716217	0.1652170717716217	0.1652170717716217		37	0	1	original_hum_ascii_original	original_hum_d_plus_e	93	200	107
original_hum	d_plus_e	26	final_prompt_token	25377	0.0	0.17284780740737915	0.17284780740737915	0.17284780740737915		32	0	1	original_hum_ascii_original	original_hum_d_plus_e	93	200	107
original_hum	d_plus_e	26	final_prompt_token	25575	0.24138617515563965	0.1770055741071701	-0.06438060104846954	0.06438060104846954	18	25	1	1	original_hum_ascii_original	original_hum_d_plus_e	93	200	107
original_hum	d_plus_e	26	final_prompt_token	26363	0.15943516790866852	0.0	-0.15943516790866852	0.15943516790866852	47		1	0	original_hum_ascii_original	original_hum_d_plus_e	93	200	107
original_hum	d_plus_e	26	final_prompt_token	26684	0.22939588129520416	0.21945515275001526	-0.009940728545188904	0.009940728545188904	20	15	1	1	original_hum_ascii_original	original_hum_d_plus_e	93	200	107
original_hum	d_plus_e	26	final_prompt_token	27281	0.0	0.16788294911384583	0.16788294911384583	0.16788294911384583		34	0	1	original_hum_ascii_original	original_hum_d_plus_e	93	200	107
original_hum	d_plus_e	26	final_prompt_token	27342	0.22260019183158875	0.1969396471977234	-0.025660544633865356	0.025660544633865356	22	22	1	1	original_hum_ascii_original	original_hum_d_plus_e	93	200	107
original_hum	d_plus_e	26	final_prompt_token	27872	0.15484745800495148	0.169394850730896	0.014547392725944519	0.014547392725944519	50	33	1	1	original_hum_ascii_original	original_hum_d_plus_e	93	200	107
original_hum	d_plus_e	26	final_prompt_token	28713	0.6876921057701111	0.5826237797737122	-0.10506832599639893	0.10506832599639893	2	3	1	1	original_hum_ascii_original	original_hum_d_plus_e	93	200	107
original_hum	d_plus_e	26	final_prompt_token	29524	0.267924427986145	0.28380411863327026	0.015879690647125244	0.015879690647125244	13	9	1	1	original_hum_ascii_original	original_hum_d_plus_e	93	200	107
original_hum	d_plus_e	26	final_prompt_token	30033	0.18751904368400574	0.20210981369018555	0.01459077000617981	0.01459077000617981	32	20	1	1	original_hum_ascii_original	original_hum_d_plus_e	93	200	107
original_hum	d_plus_e	26	final_prompt_token	30453	0.19626596570014954	0.0	-0.19626596570014954	0.19626596570014954	28		1	0	original_hum_ascii_original	original_hum_d_plus_e	93	200	107
original_hum	d_plus_e	26	final_prompt_token	31908	0.4130459427833557	0.24539387226104736	-0.16765207052230835	0.16765207052230835	5	12	1	1	original_hum_ascii_original	original_hum_d_plus_e	93	200	107
original_hum	d_plus_e	26	final_prompt_token	32454	0.1574060618877411	0.0	-0.1574060618877411	0.1574060618877411	48		1	0	original_hum_ascii_original	original_hum_d_plus_e	93	200	107
original_hum	d_plus_e	26	final_prompt_token	32698	0.2284238040447235	0.15045037865638733	-0.07797342538833618	0.07797342538833618	21	44	1	1	original_hum_ascii_original	original_hum_d_plus_e	93	200	107
original_hum	d_plus_e	26	final_prompt_token_minus_1	704	0.2613154947757721	0.19691497087478638	-0.06440052390098572	0.06440052390098572	14	28	1	1	original_hum_ascii_original	original_hum_d_plus_e	93	200	107
original_hum	d_plus_e	26	final_prompt_token_minus_1	799	2.0849788188934326	1.723484992980957	-0.3614938259124756	0.3614938259124756	1	1	1	1	original_hum_ascii_original	original_hum_d_plus_e	93	200	107
original_hum	d_plus_e	26	final_prompt_token_minus_1	1659	0.16034561395645142	0.16853919625282288	0.00819358229637146	0.00819358229637146	45	36	1	1	original_hum_ascii_original	original_hum_d_plus_e	93	200	107
original_hum	d_plus_e	26	final_prompt_token_minus_1	1953	0.0	0.24170808494091034	0.24170808494091034	0.24170808494091034		14	0	1	original_hum_ascii_original	original_hum_d_plus_e	93	200	107
original_hum	d_plus_e	26	final_prompt_token_minus_1	2665	0.0	0.17834345996379852	0.17834345996379852	0.17834345996379852		34	0	1	original_hum_ascii_original	original_hum_d_plus_e	93	200	107
original_hum	d_plus_e	26	final_prompt_token_minus_1	2938	1.0453124046325684	1.1367404460906982	0.09142804145812988	0.09142804145812988	2	2	1	1	original_hum_ascii_original	original_hum_d_plus_e	93	200	107
original_hum	d_plus_e	26	final_prompt_token_minus_1	3805	0.0	0.16533717513084412	0.16533717513084412	0.16533717513084412		38	0	1	original_hum_ascii_original	original_hum_d_plus_e	93	200	107
original_hum	d_plus_e	26	final_prompt_token_minus_1	4844	0.16514423489570618	0.0	-0.16514423489570618	0.16514423489570618	43		1	0	original_hum_ascii_original	original_hum_d_plus_e	93	200	107
original_hum	d_plus_e	26	final_prompt_token_minus_1	5257	0.22263261675834656	0.22585609555244446	0.0032234787940979004	0.0032234787940979004	25	17	1	1	original_hum_ascii_original	original_hum_d_plus_e	93	200	107
original_hum	d_plus_e	26	final_prompt_token_minus_1	5995	0.0	0.1465664803981781	0.1465664803981781	0.1465664803981781		49	0	1	original_hum_ascii_original	original_hum_d_plus_e	93	200	107
original_hum	d_plus_e	26	final_prompt_token_minus_1	6593	0.1902092844247818	0.14878487586975098	-0.04142440855503082	0.04142440855503082	32	47	1	1	original_hum_ascii_original	original_hum_d_plus_e	93	200	107
original_hum	d_plus_e	26	final_prompt_token_minus_1	7506	0.17481431365013123	0.19901123642921448	0.024196922779083252	0.024196922779083252	36	26	1	1	original_hum_ascii_original	original_hum_d_plus_e	93	200	107
original_hum	d_plus_e	26	final_prompt_token_minus_1	7982	0.26551687717437744	0.20762906968593597	-0.05788780748844147	0.05788780748844147	13	23	1	1	original_hum_ascii_original	original_hum_d_plus_e	93	200	107
original_hum	d_plus_e	26	final_prompt_token_minus_1	8216	0.22875705361366272	0.15380612015724182	-0.0749509334564209	0.0749509334564209	23	45	1	1	original_hum_ascii_original	original_hum_d_plus_e	93	200	107
original_hum	d_plus_e	26	final_prompt_token_minus_1	8882	0.23224426805973053	0.29251378774642944	0.060269519686698914	0.060269519686698914	20	7	1	1	original_hum_ascii_original	original_hum_d_plus_e	93	200	107
original_hum	d_plus_e	26	final_prompt_token_minus_1	8891	0.21474391222000122	0.0	-0.21474391222000122	0.21474391222000122	27		1	0	original_hum_ascii_original	original_hum_d_plus_e	93	200	107
original_hum	d_plus_e	26	final_prompt_token_minus_1	9241	0.24169208109378815	0.18832281231880188	-0.05336926877498627	0.05336926877498627	17	31	1	1	original_hum_ascii_original	original_hum_d_plus_e	93	200	107
original_hum	d_plus_e	26	final_prompt_token_minus_1	9990	0.23132158815860748	0.25949880480766296	0.02817721664905548	0.02817721664905548	22	12	1	1	original_hum_ascii_original	original_hum_d_plus_e	93	200	107
original_hum	d_plus_e	26	final_prompt_token_minus_1	10265	0.1704370677471161	0.15956397354602814	-0.010873094201087952	0.010873094201087952	41	41	1	1	original_hum_ascii_original	original_hum_d_plus_e	93	200	107
original_hum	d_plus_e	26	final_prompt_token_minus_1	10709	0.19084370136260986	0.0	-0.19084370136260986	0.19084370136260986	31		1	0	original_hum_ascii_original	original_hum_d_plus_e	93	200	107
original_hum	d_plus_e	26	final_prompt_token_minus_1	10764	0.15153810381889343	0.0	-0.15153810381889343	0.15153810381889343	50		1	0	original_hum_ascii_original	original_hum_d_plus_e	93	200	107
original_hum	d_plus_e	26	final_prompt_token_minus_1	11256	0.3408229649066925	0.2719081938266754	-0.06891477108001709	0.06891477108001709	5	11	1	1	original_hum_ascii_original	original_hum_d_plus_e	93	200	107
original_hum	d_plus_e	26	final_prompt_token_minus_1	13916	0.1931859254837036	0.17009972035884857	-0.02308620512485504	0.02308620512485504	30	35	1	1	original_hum_ascii_original	original_hum_d_plus_e	93	200	107
original_hum	d_plus_e	26	final_prompt_token_minus_1	14836	0.0	0.32651248574256897	0.32651248574256897	0.32651248574256897		5	0	1	original_hum_ascii_original	original_hum_d_plus_e	93	200	107
original_hum	d_plus_e	26	final_prompt_token_minus_1	14870	0.0	0.24799975752830505	0.24799975752830505	0.24799975752830505		13	0	1	original_hum_ascii_original	original_hum_d_plus_e	93	200	107
original_hum	d_plus_e	26	final_prompt_token_minus_1	15076	0.20724529027938843	0.19787940382957458	-0.009365886449813843	0.009365886449813843	28	27	1	1	original_hum_ascii_original	original_hum_d_plus_e	93	200	107
original_hum	d_plus_e	26	final_prompt_token_minus_1	16041	0.1622762382030487	0.0	-0.1622762382030487	0.1622762382030487	44		1	0	original_hum_ascii_original	original_hum_d_plus_e	93	200	107
original_hum	d_plus_e	26	final_prompt_token_minus_1	16439	0.30100175738334656	0.2747179865837097	-0.02628377079963684	0.02628377079963684	9	10	1	1	original_hum_ascii_original	original_hum_d_plus_e	93	200	107
original_hum	d_plus_e	26	final_prompt_token_minus_1	16475	0.22713349759578705	0.2109358161687851	-0.016197681427001953	0.016197681427001953	24	22	1	1	original_hum_ascii_original	original_hum_d_plus_e	93	200	107
original_hum	d_plus_e	26	final_prompt_token_minus_1	16706	0.598991870880127	0.3891732692718506	-0.20981860160827637	0.20981860160827637	3	4	1	1	original_hum_ascii_original	original_hum_d_plus_e	93	200	107
original_hum	d_plus_e	26	final_prompt_token_minus_1	16793	0.15720468759536743	0.18953752517700195	0.03233283758163452	0.03233283758163452	46	30	1	1	original_hum_ascii_original	original_hum_d_plus_e	93	200	107
original_hum	d_plus_e	26	final_prompt_token_minus_1	17164	0.1829492151737213	0.19510051608085632	0.01215130090713501	0.01215130090713501	34	29	1	1	original_hum_ascii_original	original_hum_d_plus_e	93	200	107
original_hum	d_plus_e	26	final_prompt_token_minus_1	17869	0.1889125108718872	0.16362762451171875	-0.025284886360168457	0.025284886360168457	33	40	1	1	original_hum_ascii_original	original_hum_d_plus_e	93	200	107
original_hum	d_plus_e	26	final_prompt_token_minus_1	18977	0.17101836204528809	0.0	-0.17101836204528809	0.17101836204528809	40		1	0	original_hum_ascii_original	original_hum_d_plus_e	93	200	107
original_hum	d_plus_e	26	final_prompt_token_minus_1	19389	0.3204427659511566	0.31113332509994507	-0.009309440851211548	0.009309440851211548	7	6	1	1	original_hum_ascii_original	original_hum_d_plus_e	93	200	107
original_hum	d_plus_e	26	final_prompt_token_minus_1	19850	0.28381407260894775	0.28311777114868164	-0.0006963014602661133	0.0006963014602661133	12	8	1	1	original_hum_ascii_original	original_hum_d_plus_e	93	200	107
original_hum	d_plus_e	26	final_prompt_token_minus_1	20031	0.2509620487689972	0.0	-0.2509620487689972	0.2509620487689972	16		1	0	original_hum_ascii_original	original_hum_d_plus_e	93	200	107
original_hum	d_plus_e	26	final_prompt_token_minus_1	20642	0.0	0.21741528809070587	0.21741528809070587	0.21741528809070587		21	0	1	original_hum_ascii_original	original_hum_d_plus_e	93	200	107
original_hum	d_plus_e	26	final_prompt_token_minus_1	22025	0.0	0.18657329678535461	0.18657329678535461	0.18657329678535461		32	0	1	original_hum_ascii_original	original_hum_d_plus_e	93	200	107
original_hum	d_plus_e	26	final_prompt_token_minus_1	22129	0.0	0.21926452219486237	0.21926452219486237	0.21926452219486237		20	0	1	original_hum_ascii_original	original_hum_d_plus_e	93	200	107
original_hum	d_plus_e	26	final_prompt_token_minus_1	22353	0.23205679655075073	0.18001940846443176	-0.05203738808631897	0.05203738808631897	21	33	1	1	original_hum_ascii_original	original_hum_d_plus_e	93	200	107
original_hum	d_plus_e	26	final_prompt_token_minus_1	22584	0.0	0.15034162998199463	0.15034162998199463	0.15034162998199463		46	0	1	original_hum_ascii_original	original_hum_d_plus_e	93	200	107
original_hum	d_plus_e	26	final_prompt_token_minus_1	22922	0.17136210203170776	0.0	-0.17136210203170776	0.17136210203170776	39		1	0	original_hum_ascii_original	original_hum_d_plus_e	93	200	107
original_hum	d_plus_e	26	final_prompt_token_minus_1	23071	0.23368534445762634	0.20632123947143555	-0.027364104986190796	0.027364104986190796	19	24	1	1	original_hum_ascii_original	original_hum_d_plus_e	93	200	107
original_hum	d_plus_e	26	final_prompt_token_minus_1	23171	0.0	0.23204421997070312	0.23204421997070312	0.23204421997070312		16	0	1	original_hum_ascii_original	original_hum_d_plus_e	93	200	107
original_hum	d_plus_e	26	final_prompt_token_minus_1	24636	0.0	0.15472355484962463	0.15472355484962463	0.15472355484962463		43	0	1	original_hum_ascii_original	original_hum_d_plus_e	93	200	107
original_hum	d_plus_e	26	final_prompt_token_minus_1	24977	0.0	0.1455409675836563	0.1455409675836563	0.1455409675836563		50	0	1	original_hum_ascii_original	original_hum_d_plus_e	93	200	107
original_hum	d_plus_e	26	final_prompt_token_minus_1	25001	0.29920151829719543	0.19919437170028687	-0.10000714659690857	0.10000714659690857	10	25	1	1	original_hum_ascii_original	original_hum_d_plus_e	93	200	107
original_hum	d_plus_e	26	final_prompt_token_minus_1	25429	0.0	0.15565882623195648	0.15565882623195648	0.15565882623195648		42	0	1	original_hum_ascii_original	original_hum_d_plus_e	93	200	107
original_hum	d_plus_e	26	final_prompt_token_minus_1	26262	0.16707271337509155	0.0	-0.16707271337509155	0.16707271337509155	42		1	0	original_hum_ascii_original	original_hum_d_plus_e	93	200	107
original_hum	d_plus_e	26	final_prompt_token_minus_1	26598	0.23765140771865845	0.0	-0.23765140771865845	0.23765140771865845	18		1	0	original_hum_ascii_original	original_hum_d_plus_e	93	200	107
original_hum	d_plus_e	26	final_prompt_token_minus_1	26684	0.3267297148704529	0.2760849595069885	-0.050644755363464355	0.050644755363464355	6	9	1	1	original_hum_ascii_original	original_hum_d_plus_e	93	200	107
original_hum	d_plus_e	26	final_prompt_token_minus_1	27263	0.15293630957603455	0.0	-0.15293630957603455	0.15293630957603455	48		1	0	original_hum_ascii_original	original_hum_d_plus_e	93	200	107
original_hum	d_plus_e	26	final_prompt_token_minus_1	27342	0.49847736954689026	0.4273604452610016	-0.07111692428588867	0.07111692428588867	4	3	1	1	original_hum_ascii_original	original_hum_d_plus_e	93	200	107
original_hum	d_plus_e	26	final_prompt_token_minus_1	27461	0.1745932400226593	0.0	-0.1745932400226593	0.1745932400226593	37		1	0	original_hum_ascii_original	original_hum_d_plus_e	93	200	107
original_hum	d_plus_e	26	final_prompt_token_minus_1	29065	0.26044073700904846	0.21979768574237823	-0.04064305126667023	0.04064305126667023	15	19	1	1	original_hum_ascii_original	original_hum_d_plus_e	93	200	107
original_hum	d_plus_e	26	final_prompt_token_minus_1	29171	0.2880919575691223	0.2327241450548172	-0.055367812514305115	0.055367812514305115	11	15	1	1	original_hum_ascii_original	original_hum_d_plus_e	93	200	107
original_hum	d_plus_e	26	final_prompt_token_minus_1	29472	0.21717436611652374	0.0	-0.21717436611652374	0.21717436611652374	26		1	0	original_hum_ascii_original	original_hum_d_plus_e	93	200	107
original_hum	d_plus_e	26	final_prompt_token_minus_1	30205	0.0	0.16516238451004028	0.16516238451004028	0.16516238451004028		39	0	1	original_hum_ascii_original	original_hum_d_plus_e	93	200	107
original_hum	d_plus_e	26	final_prompt_token_minus_1	31090	0.0	0.15433847904205322	0.15433847904205322	0.15433847904205322		44	0	1	original_hum_ascii_original	original_hum_d_plus_e	93	200	107
original_hum	d_plus_e	26	final_prompt_token_minus_1	31420	0.1995328962802887	0.0	-0.1995328962802887	0.1995328962802887	29		1	0	original_hum_ascii_original	original_hum_d_plus_e	93	200	107
original_hum	d_plus_e	26	final_prompt_token_minus_1	31489	0.15497832000255585	0.0	-0.15497832000255585	0.15497832000255585	47		1	0	original_hum_ascii_original	original_hum_d_plus_e	93	200	107
original_hum	d_plus_e	26	final_prompt_token_minus_1	31784	0.17284302413463593	0.1472131907939911	-0.025629833340644836	0.025629833340644836	38	48	1	1	original_hum_ascii_original	original_hum_d_plus_e	93	200	107
original_hum	d_plus_e	26	final_prompt_token_minus_1	31836	0.18255946040153503	0.0	-0.18255946040153503	0.18255946040153503	35		1	0	original_hum_ascii_original	original_hum_d_plus_e	93	200	107
original_hum	d_plus_e	26	final_prompt_token_minus_1	32448	0.15181764960289001	0.16760581731796265	0.015788167715072632	0.015788167715072632	49	37	1	1	original_hum_ascii_original	original_hum_d_plus_e	93	200	107
original_hum	d_plus_e	26	final_prompt_token_minus_1	32454	0.30890461802482605	0.22488224506378174	-0.08402237296104431	0.08402237296104431	8	18	1	1	original_hum_ascii_original	original_hum_d_plus_e	93	200	107
original_hum	d_plus_e	26	final_prompt_token_minus_5	234	0.15021774172782898	0.0	-0.15021774172782898	0.15021774172782898	49		1	0	original_hum_ascii_original	original_hum_d_plus_e	93	200	107
original_hum	d_plus_e	26	final_prompt_token_minus_5	380	0.17311793565750122	0.0	-0.17311793565750122	0.17311793565750122	33		1	0	original_hum_ascii_original	original_hum_d_plus_e	93	200	107
original_hum	d_plus_e	26	final_prompt_token_minus_5	704	0.16919872164726257	0.0	-0.16919872164726257	0.16919872164726257	37		1	0	original_hum_ascii_original	original_hum_d_plus_e	93	200	107
original_hum	d_plus_e	26	final_prompt_token_minus_5	1277	0.17406241595745087	0.0	-0.17406241595745087	0.17406241595745087	32		1	0	original_hum_ascii_original	original_hum_d_plus_e	93	200	107
original_hum	d_plus_e	26	final_prompt_token_minus_5	1984	0.45683109760284424	0.0	-0.45683109760284424	0.45683109760284424	5		1	0	original_hum_ascii_original	original_hum_d_plus_e	93	200	107
original_hum	d_plus_e	26	final_prompt_token_minus_5	2547	0.17214435338974	0.0	-0.17214435338974	0.17214435338974	35		1	0	original_hum_ascii_original	original_hum_d_plus_e	93	200	107
original_hum	d_plus_e	26	final_prompt_token_minus_5	2786	0.1821536421775818	0.0	-0.1821536421775818	0.1821536421775818	29		1	0	original_hum_ascii_original	original_hum_d_plus_e	93	200	107
original_hum	d_plus_e	26	final_prompt_token_minus_5	2802	0.17630228400230408	0.0	-0.17630228400230408	0.17630228400230408	30		1	0	original_hum_ascii_original	original_hum_d_plus_e	93	200	107
original_hum	d_plus_e	26	final_prompt_token_minus_5	2938	0.8425180912017822	0.4619894027709961	-0.38052868843078613	0.38052868843078613	2	3	1	1	original_hum_ascii_original	original_hum_d_plus_e	93	200	107
original_hum	d_plus_e	26	final_prompt_token_minus_5	2977	0.0	0.1734767109155655	0.1734767109155655	0.1734767109155655		36	0	1	original_hum_ascii_original	original_hum_d_plus_e	93	200	107
original_hum	d_plus_e	26	final_prompt_token_minus_5	3271	0.22114868462085724	0.0	-0.22114868462085724	0.22114868462085724	19		1	0	original_hum_ascii_original	original_hum_d_plus_e	93	200	107
original_hum	d_plus_e	26	final_prompt_token_minus_5	4067	0.2697277069091797	0.0	-0.2697277069091797	0.2697277069091797	13		1	0	original_hum_ascii_original	original_hum_d_plus_e	93	200	107
original_hum	d_plus_e	26	final_prompt_token_minus_5	4204	0.0	0.33123332262039185	0.33123332262039185	0.33123332262039185		10	0	1	original_hum_ascii_original	original_hum_d_plus_e	93	200	107
original_hum	d_plus_e	26	final_prompt_token_minus_5	4514	1.3619940280914307	0.0	-1.3619940280914307	1.3619940280914307	1		1	0	original_hum_ascii_original	original_hum_d_plus_e	93	200	107
original_hum	d_plus_e	26	final_prompt_token_minus_5	4795	0.0	0.2532910108566284	0.2532910108566284	0.2532910108566284		17	0	1	original_hum_ascii_original	original_hum_d_plus_e	93	200	107
original_hum	d_plus_e	26	final_prompt_token_minus_5	5230	0.5138218998908997	0.0	-0.5138218998908997	0.5138218998908997	4		1	0	original_hum_ascii_original	original_hum_d_plus_e	93	200	107
original_hum	d_plus_e	26	final_prompt_token_minus_5	5412	0.3838328719139099	0.0	-0.3838328719139099	0.3838328719139099	8		1	0	original_hum_ascii_original	original_hum_d_plus_e	93	200	107
original_hum	d_plus_e	26	final_prompt_token_minus_5	5566	0.26797810196876526	0.0	-0.26797810196876526	0.26797810196876526	14		1	0	original_hum_ascii_original	original_hum_d_plus_e	93	200	107
original_hum	d_plus_e	26	final_prompt_token_minus_5	5995	0.0	0.233335942029953	0.233335942029953	0.233335942029953		21	0	1	original_hum_ascii_original	original_hum_d_plus_e	93	200	107
original_hum	d_plus_e	26	final_prompt_token_minus_5	6429	0.0	0.23656657338142395	0.23656657338142395	0.23656657338142395		19	0	1	original_hum_ascii_original	original_hum_d_plus_e	93	200	107
original_hum	d_plus_e	26	final_prompt_token_minus_5	7133	0.0	0.17473280429840088	0.17473280429840088	0.17473280429840088		35	0	1	original_hum_ascii_original	original_hum_d_plus_e	93	200	107
original_hum	d_plus_e	26	final_prompt_token_minus_5	7159	0.16116683185100555	0.0	-0.16116683185100555	0.16116683185100555	41		1	0	original_hum_ascii_original	original_hum_d_plus_e	93	200	107
original_hum	d_plus_e	26	final_prompt_token_minus_5	7982	0.4084320068359375	0.3194626569747925	-0.08896934986114502	0.08896934986114502	7	12	1	1	original_hum_ascii_original	original_hum_d_plus_e	93	200	107
original_hum	d_plus_e	26	final_prompt_token_minus_5	9295	0.0	0.16876614093780518	0.16876614093780518	0.16876614093780518		39	0	1	original_hum_ascii_original	original_hum_d_plus_e	93	200	107
original_hum	d_plus_e	26	final_prompt_token_minus_5	9317	0.0	0.2558085024356842	0.2558085024356842	0.2558085024356842		16	0	1	original_hum_ascii_original	original_hum_d_plus_e	93	200	107
original_hum	d_plus_e	26	final_prompt_token_minus_5	9784	0.17475195229053497	0.0	-0.17475195229053497	0.17475195229053497	31		1	0	original_hum_ascii_original	original_hum_d_plus_e	93	200	107
original_hum	d_plus_e	26	final_prompt_token_minus_5	10146	0.0	0.21174204349517822	0.21174204349517822	0.21174204349517822		25	0	1	original_hum_ascii_original	original_hum_d_plus_e	93	200	107
original_hum	d_plus_e	26	final_prompt_token_minus_5	10612	0.0	0.3763903081417084	0.3763903081417084	0.3763903081417084		7	0	1	original_hum_ascii_original	original_hum_d_plus_e	93	200	107
original_hum	d_plus_e	26	final_prompt_token_minus_5	10636	0.0	0.1828211396932602	0.1828211396932602	0.1828211396932602		33	0	1	original_hum_ascii_original	original_hum_d_plus_e	93	200	107
original_hum	d_plus_e	26	final_prompt_token_minus_5	11145	0.1727781593799591	0.0	-0.1727781593799591	0.1727781593799591	34		1	0	original_hum_ascii_original	original_hum_d_plus_e	93	200	107
original_hum	d_plus_e	26	final_prompt_token_minus_5	11256	0.0	0.31426802277565	0.31426802277565	0.31426802277565		14	0	1	original_hum_ascii_original	original_hum_d_plus_e	93	200	107
original_hum	d_plus_e	26	final_prompt_token_minus_5	11331	0.1540197730064392	0.0	-0.1540197730064392	0.1540197730064392	46		1	0	original_hum_ascii_original	original_hum_d_plus_e	93	200	107
original_hum	d_plus_e	26	final_prompt_token_minus_5	11412	0.3010661005973816	0.0	-0.3010661005973816	0.3010661005973816	11		1	0	original_hum_ascii_original	original_hum_d_plus_e	93	200	107
original_hum	d_plus_e	26	final_prompt_token_minus_5	11456	0.17166537046432495	0.21661362051963806	0.04494825005531311	0.04494825005531311	36	23	1	1	original_hum_ascii_original	original_hum_d_plus_e	93	200	107
original_hum	d_plus_e	26	final_prompt_token_minus_5	12693	0.19581195712089539	0.0	-0.19581195712089539	0.19581195712089539	25		1	0	original_hum_ascii_original	original_hum_d_plus_e	93	200	107
original_hum	d_plus_e	26	final_prompt_token_minus_5	12709	0.18538178503513336	0.0	-0.18538178503513336	0.18538178503513336	27		1	0	original_hum_ascii_original	original_hum_d_plus_e	93	200	107
original_hum	d_plus_e	26	final_prompt_token_minus_5	12998	0.16676536202430725	0.0	-0.16676536202430725	0.16676536202430725	39		1	0	original_hum_ascii_original	original_hum_d_plus_e	93	200	107
original_hum	d_plus_e	26	final_prompt_token_minus_5	13412	0.0	0.18628540635108948	0.18628540635108948	0.18628540635108948		31	0	1	original_hum_ascii_original	original_hum_d_plus_e	93	200	107
original_hum	d_plus_e	26	final_prompt_token_minus_5	13599	0.24375773966312408	0.0	-0.24375773966312408	0.24375773966312408	17		1	0	original_hum_ascii_original	original_hum_d_plus_e	93	200	107
original_hum	d_plus_e	26	final_prompt_token_minus_5	14142	0.18797194957733154	0.0	-0.18797194957733154	0.18797194957733154	26		1	0	original_hum_ascii_original	original_hum_d_plus_e	93	200	107
original_hum	d_plus_e	26	final_prompt_token_minus_5	14667	0.19799308478832245	0.0	-0.19799308478832245	0.19799308478832245	23		1	0	original_hum_ascii_original	original_hum_d_plus_e	93	200	107
original_hum	d_plus_e	26	final_prompt_token_minus_5	14727	0.0	0.22987984120845795	0.22987984120845795	0.22987984120845795		22	0	1	original_hum_ascii_original	original_hum_d_plus_e	93	200	107
original_hum	d_plus_e	26	final_prompt_token_minus_5	14768	0.0	0.1982976496219635	0.1982976496219635	0.1982976496219635		27	0	1	original_hum_ascii_original	original_hum_d_plus_e	93	200	107
original_hum	d_plus_e	26	final_prompt_token_minus_5	14771	0.16651684045791626	0.16046574711799622	-0.006051093339920044	0.006051093339920044	40	42	1	1	original_hum_ascii_original	original_hum_d_plus_e	93	200	107
original_hum	d_plus_e	26	final_prompt_token_minus_5	14949	0.1974395513534546	0.0	-0.1974395513534546	0.1974395513534546	24		1	0	original_hum_ascii_original	original_hum_d_plus_e	93	200	107
original_hum	d_plus_e	26	final_prompt_token_minus_5	15420	0.27171340584754944	0.0	-0.27171340584754944	0.27171340584754944	12		1	0	original_hum_ascii_original	original_hum_d_plus_e	93	200	107
original_hum	d_plus_e	26	final_prompt_token_minus_5	15560	0.0	0.15904466807842255	0.15904466807842255	0.15904466807842255		43	0	1	original_hum_ascii_original	original_hum_d_plus_e	93	200	107
original_hum	d_plus_e	26	final_prompt_token_minus_5	16041	0.2182314395904541	0.0	-0.2182314395904541	0.2182314395904541	20		1	0	original_hum_ascii_original	original_hum_d_plus_e	93	200	107
original_hum	d_plus_e	26	final_prompt_token_minus_5	16344	0.0	0.3158521354198456	0.3158521354198456	0.3158521354198456		13	0	1	original_hum_ascii_original	original_hum_d_plus_e	93	200	107
original_hum	d_plus_e	26	final_prompt_token_minus_5	16793	0.0	0.18014466762542725	0.18014466762542725	0.18014466762542725		34	0	1	original_hum_ascii_original	original_hum_d_plus_e	93	200	107
original_hum	d_plus_e	26	final_prompt_token_minus_5	17766	0.0	0.2523578405380249	0.2523578405380249	0.2523578405380249		18	0	1	original_hum_ascii_original	original_hum_d_plus_e	93	200	107
original_hum	d_plus_e	26	final_prompt_token_minus_5	17869	0.0	0.15288332104682922	0.15288332104682922	0.15288332104682922		48	0	1	original_hum_ascii_original	original_hum_d_plus_e	93	200	107
original_hum	d_plus_e	26	final_prompt_token_minus_5	18198	0.0	0.4023120403289795	0.4023120403289795	0.4023120403289795		6	0	1	original_hum_ascii_original	original_hum_d_plus_e	93	200	107
original_hum	d_plus_e	26	final_prompt_token_minus_5	18415	0.0	0.16659507155418396	0.16659507155418396	0.16659507155418396		40	0	1	original_hum_ascii_original	original_hum_d_plus_e	93	200	107
original_hum	d_plus_e	26	final_prompt_token_minus_5	18656	0.0	0.15192824602127075	0.15192824602127075	0.15192824602127075		50	0	1	original_hum_ascii_original	original_hum_d_plus_e	93	200	107
original_hum	d_plus_e	26	final_prompt_token_minus_5	18665	0.1512882560491562	0.0	-0.1512882560491562	0.1512882560491562	47		1	0	original_hum_ascii_original	original_hum_d_plus_e	93	200	107
original_hum	d_plus_e	26	final_prompt_token_minus_5	18937	0.0	0.5553584098815918	0.5553584098815918	0.5553584098815918		1	0	1	original_hum_ascii_original	original_hum_d_plus_e	93	200	107
original_hum	d_plus_e	26	final_prompt_token_minus_5	19281	0.0	0.2113867700099945	0.2113867700099945	0.2113867700099945		26	0	1	original_hum_ascii_original	original_hum_d_plus_e	93	200	107
original_hum	d_plus_e	26	final_prompt_token_minus_5	19389	0.2609201967716217	0.35927367210388184	0.09835347533226013	0.09835347533226013	15	8	1	1	original_hum_ascii_original	original_hum_d_plus_e	93	200	107
original_hum	d_plus_e	26	final_prompt_token_minus_5	19668	0.374565988779068	0.0	-0.374565988779068	0.374565988779068	9		1	0	original_hum_ascii_original	original_hum_d_plus_e	93	200	107
original_hum	d_plus_e	26	final_prompt_token_minus_5	19848	0.0	0.46180135011672974	0.46180135011672974	0.46180135011672974		4	0	1	original_hum_ascii_original	original_hum_d_plus_e	93	200	107
original_hum	d_plus_e	26	final_prompt_token_minus_5	19878	0.1497126817703247	0.0	-0.1497126817703247	0.1497126817703247	50		1	0	original_hum_ascii_original	original_hum_d_plus_e	93	200	107
original_hum	d_plus_e	26	final_prompt_token_minus_5	19943	0.0	0.21318504214286804	0.21318504214286804	0.21318504214286804		24	0	1	original_hum_ascii_original	original_hum_d_plus_e	93	200	107
original_hum	d_plus_e	26	final_prompt_token_minus_5	20971	0.0	0.30290699005126953	0.30290699005126953	0.30290699005126953		15	0	1	original_hum_ascii_original	original_hum_d_plus_e	93	200	107
original_hum	d_plus_e	26	final_prompt_token_minus_5	21478	0.0	0.32100895047187805	0.32100895047187805	0.32100895047187805		11	0	1	original_hum_ascii_original	original_hum_d_plus_e	93	200	107
original_hum	d_plus_e	26	final_prompt_token_minus_5	22076	0.0	0.15522266924381256	0.15522266924381256	0.15522266924381256		44	0	1	original_hum_ascii_original	original_hum_d_plus_e	93	200	107
original_hum	d_plus_e	26	final_prompt_token_minus_5	22080	0.0	0.4437335729598999	0.4437335729598999	0.4437335729598999		5	0	1	original_hum_ascii_original	original_hum_d_plus_e	93	200	107
original_hum	d_plus_e	26	final_prompt_token_minus_5	22182	0.0	0.17003405094146729	0.17003405094146729	0.17003405094146729		38	0	1	original_hum_ascii_original	original_hum_d_plus_e	93	200	107
original_hum	d_plus_e	26	final_prompt_token_minus_5	23071	0.1567426323890686	0.0	-0.1567426323890686	0.1567426323890686	43		1	0	original_hum_ascii_original	original_hum_d_plus_e	93	200	107
original_hum	d_plus_e	26	final_prompt_token_minus_5	23178	0.41616809368133545	0.0	-0.41616809368133545	0.41616809368133545	6		1	0	original_hum_ascii_original	original_hum_d_plus_e	93	200	107
original_hum	d_plus_e	26	final_prompt_token_minus_5	23941	0.0	0.19696453213691711	0.19696453213691711	0.19696453213691711		28	0	1	original_hum_ascii_original	original_hum_d_plus_e	93	200	107
original_hum	d_plus_e	26	final_prompt_token_minus_5	23952	0.7403864860534668	0.0	-0.7403864860534668	0.7403864860534668	3		1	0	original_hum_ascii_original	original_hum_d_plus_e	93	200	107
original_hum	d_plus_e	26	final_prompt_token_minus_5	24803	0.1504477560520172	0.0	-0.1504477560520172	0.1504477560520172	48		1	0	original_hum_ascii_original	original_hum_d_plus_e	93	200	107
original_hum	d_plus_e	26	final_prompt_token_minus_5	25077	0.0	0.193758025765419	0.193758025765419	0.193758025765419		30	0	1	original_hum_ascii_original	original_hum_d_plus_e	93	200	107
original_hum	d_plus_e	26	final_prompt_token_minus_5	25161	0.0	0.1533140391111374	0.1533140391111374	0.1533140391111374		47	0	1	original_hum_ascii_original	original_hum_d_plus_e	93	200	107
original_hum	d_plus_e	26	final_prompt_token_minus_5	25228	0.1547814905643463	0.0	-0.1547814905643463	0.1547814905643463	45		1	0	original_hum_ascii_original	original_hum_d_plus_e	93	200	107
original_hum	d_plus_e	26	final_prompt_token_minus_5	25377	0.0	0.1543983817100525	0.1543983817100525	0.1543983817100525		46	0	1	original_hum_ascii_original	original_hum_d_plus_e	93	200	107
original_hum	d_plus_e	26	final_prompt_token_minus_5	25601	0.0	0.1544143110513687	0.1544143110513687	0.1544143110513687		45	0	1	original_hum_ascii_original	original_hum_d_plus_e	93	200	107
original_hum	d_plus_e	26	final_prompt_token_minus_5	26803	0.0	0.1953210085630417	0.1953210085630417	0.1953210085630417		29	0	1	original_hum_ascii_original	original_hum_d_plus_e	93	200	107
original_hum	d_plus_e	26	final_prompt_token_minus_5	27281	0.19916246831417084	0.15288136899471283	-0.04628109931945801	0.04628109931945801	22	49	1	1	original_hum_ascii_original	original_hum_d_plus_e	93	200	107
original_hum	d_plus_e	26	final_prompt_token_minus_5	27541	0.0	0.3542938232421875	0.3542938232421875	0.3542938232421875		9	0	1	original_hum_ascii_original	original_hum_d_plus_e	93	200	107
original_hum	d_plus_e	26	final_prompt_token_minus_5	28713	0.0	0.4920955300331116	0.4920955300331116	0.4920955300331116		2	0	1	original_hum_ascii_original	original_hum_d_plus_e	93	200	107
original_hum	d_plus_e	26	final_prompt_token_minus_5	29275	0.18314476311206818	0.0	-0.18314476311206818	0.18314476311206818	28		1	0	original_hum_ascii_original	original_hum_d_plus_e	93	200	107
original_hum	d_plus_e	26	final_prompt_token_minus_5	29295	0.0	0.16562630236148834	0.16562630236148834	0.16562630236148834		41	0	1	original_hum_ascii_original	original_hum_d_plus_e	93	200	107
original_hum	d_plus_e	26	final_prompt_token_minus_5	30153	0.1580786108970642	0.0	-0.1580786108970642	0.1580786108970642	42		1	0	original_hum_ascii_original	original_hum_d_plus_e	93	200	107
original_hum	d_plus_e	26	final_prompt_token_minus_5	30607	0.0	0.233402281999588	0.233402281999588	0.233402281999588		20	0	1	original_hum_ascii_original	original_hum_d_plus_e	93	200	107
original_hum	d_plus_e	26	final_prompt_token_minus_5	30911	0.3365362882614136	0.0	-0.3365362882614136	0.3365362882614136	10		1	0	original_hum_ascii_original	original_hum_d_plus_e	93	200	107
original_hum	d_plus_e	26	final_prompt_token_minus_5	31025	0.15671776235103607	0.0	-0.15671776235103607	0.15671776235103607	44		1	0	original_hum_ascii_original	original_hum_d_plus_e	93	200	107
original_hum	d_plus_e	26	final_prompt_token_minus_5	31073	0.0	0.1733849048614502	0.1733849048614502	0.1733849048614502		37	0	1	original_hum_ascii_original	original_hum_d_plus_e	93	200	107
original_hum	d_plus_e	26	final_prompt_token_minus_5	31206	0.25306740403175354	0.0	-0.25306740403175354	0.25306740403175354	16		1	0	original_hum_ascii_original	original_hum_d_plus_e	93	200	107
original_hum	d_plus_e	26	final_prompt_token_minus_5	31589	0.20227934420108795	0.0	-0.20227934420108795	0.20227934420108795	21		1	0	original_hum_ascii_original	original_hum_d_plus_e	93	200	107
original_hum	d_plus_e	26	final_prompt_token_minus_5	31632	0.22159573435783386	0.0	-0.22159573435783386	0.22159573435783386	18		1	0	original_hum_ascii_original	original_hum_d_plus_e	93	200	107
original_hum	d_plus_e	26	final_prompt_token_minus_5	31784	0.16785354912281036	0.0	-0.16785354912281036	0.16785354912281036	38		1	0	original_hum_ascii_original	original_hum_d_plus_e	93	200	107
original_hum	d_plus_e	26	final_prompt_token_minus_5	31836	0.0	0.1838800460100174	0.1838800460100174	0.1838800460100174		32	0	1	original_hum_ascii_original	original_hum_d_plus_e	93	200	107
original_hum	d_plus_e	26	final_prompt_token_minus_10	75	0.3511373996734619	0.0	-0.3511373996734619	0.3511373996734619	11		1	0	original_hum_ascii_original	original_hum_d_plus_e	93	200	107
original_hum	d_plus_e	26	final_prompt_token_minus_10	380	0.0	0.25765836238861084	0.25765836238861084	0.25765836238861084		13	0	1	original_hum_ascii_original	original_hum_d_plus_e	93	200	107
original_hum	d_plus_e	26	final_prompt_token_minus_10	428	0.23780721426010132	0.0	-0.23780721426010132	0.23780721426010132	37		1	0	original_hum_ascii_original	original_hum_d_plus_e	93	200	107
original_hum	d_plus_e	26	final_prompt_token_minus_10	677	0.4729844331741333	0.0	-0.4729844331741333	0.4729844331741333	5		1	0	original_hum_ascii_original	original_hum_d_plus_e	93	200	107
original_hum	d_plus_e	26	final_prompt_token_minus_10	704	0.4263949990272522	0.0	-0.4263949990272522	0.4263949990272522	9		1	0	original_hum_ascii_original	original_hum_d_plus_e	93	200	107
original_hum	d_plus_e	26	final_prompt_token_minus_10	805	0.3022213578224182	0.0	-0.3022213578224182	0.3022213578224182	17		1	0	original_hum_ascii_original	original_hum_d_plus_e	93	200	107
original_hum	d_plus_e	26	final_prompt_token_minus_10	1205	0.21149316430091858	0.0	-0.21149316430091858	0.21149316430091858	46		1	0	original_hum_ascii_original	original_hum_d_plus_e	93	200	107
original_hum	d_plus_e	26	final_prompt_token_minus_10	1464	0.0	0.3477156460285187	0.3477156460285187	0.3477156460285187		6	0	1	original_hum_ascii_original	original_hum_d_plus_e	93	200	107
original_hum	d_plus_e	26	final_prompt_token_minus_10	1877	0.0	0.1543646603822708	0.1543646603822708	0.1543646603822708		42	0	1	original_hum_ascii_original	original_hum_d_plus_e	93	200	107
original_hum	d_plus_e	26	final_prompt_token_minus_10	1930	0.20506784319877625	0.0	-0.20506784319877625	0.20506784319877625	48		1	0	original_hum_ascii_original	original_hum_d_plus_e	93	200	107
original_hum	d_plus_e	26	final_prompt_token_minus_10	1953	0.0	0.2287629246711731	0.2287629246711731	0.2287629246711731		15	0	1	original_hum_ascii_original	original_hum_d_plus_e	93	200	107
original_hum	d_plus_e	26	final_prompt_token_minus_10	1999	0.0	0.17449302971363068	0.17449302971363068	0.17449302971363068		29	0	1	original_hum_ascii_original	original_hum_d_plus_e	93	200	107
original_hum	d_plus_e	26	final_prompt_token_minus_10	2228	0.31241273880004883	0.0	-0.31241273880004883	0.31241273880004883	16		1	0	original_hum_ascii_original	original_hum_d_plus_e	93	200	107
original_hum	d_plus_e	26	final_prompt_token_minus_10	2324	0.0	0.15373864769935608	0.15373864769935608	0.15373864769935608		44	0	1	original_hum_ascii_original	original_hum_d_plus_e	93	200	107
original_hum	d_plus_e	26	final_prompt_token_minus_10	2430	0.31360340118408203	0.0	-0.31360340118408203	0.31360340118408203	15		1	0	original_hum_ascii_original	original_hum_d_plus_e	93	200	107
original_hum	d_plus_e	26	final_prompt_token_minus_10	2567	0.20114853978157043	0.0	-0.20114853978157043	0.20114853978157043	49		1	0	original_hum_ascii_original	original_hum_d_plus_e	93	200	107
original_hum	d_plus_e	26	final_prompt_token_minus_10	2642	0.0	0.1477590799331665	0.1477590799331665	0.1477590799331665		49	0	1	original_hum_ascii_original	original_hum_d_plus_e	93	200	107
original_hum	d_plus_e	26	final_prompt_token_minus_10	2916	0.0	0.1707371175289154	0.1707371175289154	0.1707371175289154		30	0	1	original_hum_ascii_original	original_hum_d_plus_e	93	200	107
original_hum	d_plus_e	26	final_prompt_token_minus_10	2938	0.506166934967041	1.9164313077926636	1.4102643728256226	1.4102643728256226	3	1	1	1	original_hum_ascii_original	original_hum_d_plus_e	93	200	107
original_hum	d_plus_e	26	final_prompt_token_minus_10	3313	0.25181522965431213	0.0	-0.25181522965431213	0.25181522965431213	31		1	0	original_hum_ascii_original	original_hum_d_plus_e	93	200	107
original_hum	d_plus_e	26	final_prompt_token_minus_10	3964	0.0	0.1621231883764267	0.1621231883764267	0.1621231883764267		36	0	1	original_hum_ascii_original	original_hum_d_plus_e	93	200	107
original_hum	d_plus_e	26	final_prompt_token_minus_10	4048	0.0	0.14875474572181702	0.14875474572181702	0.14875474572181702		47	0	1	original_hum_ascii_original	original_hum_d_plus_e	93	200	107
original_hum	d_plus_e	26	final_prompt_token_minus_10	5024	0.1957503706216812	0.0	-0.1957503706216812	0.1957503706216812	50		1	0	original_hum_ascii_original	original_hum_d_plus_e	93	200	107
original_hum	d_plus_e	26	final_prompt_token_minus_10	5230	0.0	0.89198237657547	0.89198237657547	0.89198237657547		3	0	1	original_hum_ascii_original	original_hum_d_plus_e	93	200	107
original_hum	d_plus_e	26	final_prompt_token_minus_10	5412	0.0	0.15795767307281494	0.15795767307281494	0.15795767307281494		37	0	1	original_hum_ascii_original	original_hum_d_plus_e	93	200	107
original_hum	d_plus_e	26	final_prompt_token_minus_10	5417	0.22449925541877747	0.0	-0.22449925541877747	0.22449925541877747	42		1	0	original_hum_ascii_original	original_hum_d_plus_e	93	200	107
original_hum	d_plus_e	26	final_prompt_token_minus_10	6069	0.46696481108665466	0.0	-0.46696481108665466	0.46696481108665466	6		1	0	original_hum_ascii_original	original_hum_d_plus_e	93	200	107
original_hum	d_plus_e	26	final_prompt_token_minus_10	6429	0.0	0.1685178279876709	0.1685178279876709	0.1685178279876709		31	0	1	original_hum_ascii_original	original_hum_d_plus_e	93	200	107
original_hum	d_plus_e	26	final_prompt_token_minus_10	7334	0.24433588981628418	0.0	-0.24433588981628418	0.24433588981628418	33		1	0	original_hum_ascii_original	original_hum_d_plus_e	93	200	107
original_hum	d_plus_e	26	final_prompt_token_minus_10	7407	0.0	0.1548180878162384	0.1548180878162384	0.1548180878162384		41	0	1	original_hum_ascii_original	original_hum_d_plus_e	93	200	107
original_hum	d_plus_e	26	final_prompt_token_minus_10	7711	0.23950497806072235	0.0	-0.23950497806072235	0.23950497806072235	35		1	0	original_hum_ascii_original	original_hum_d_plus_e	93	200	107
original_hum	d_plus_e	26	final_prompt_token_minus_10	7754	0.22224204242229462	0.0	-0.22224204242229462	0.22224204242229462	43		1	0	original_hum_ascii_original	original_hum_d_plus_e	93	200	107
original_hum	d_plus_e	26	final_prompt_token_minus_10	7837	0.2901982069015503	0.0	-0.2901982069015503	0.2901982069015503	22		1	0	original_hum_ascii_original	original_hum_d_plus_e	93	200	107
original_hum	d_plus_e	26	final_prompt_token_minus_10	7982	0.3287926912307739	0.19826821982860565	-0.13052447140216827	0.13052447140216827	12	21	1	1	original_hum_ascii_original	original_hum_d_plus_e	93	200	107
original_hum	d_plus_e	26	final_prompt_token_minus_10	9241	0.0	0.3246232271194458	0.3246232271194458	0.3246232271194458		8	0	1	original_hum_ascii_original	original_hum_d_plus_e	93	200	107
original_hum	d_plus_e	26	final_prompt_token_minus_10	9510	0.0	0.20030871033668518	0.20030871033668518	0.20030871033668518		20	0	1	original_hum_ascii_original	original_hum_d_plus_e	93	200	107
original_hum	d_plus_e	26	final_prompt_token_minus_10	9576	0.32189232110977173	0.0	-0.32189232110977173	0.32189232110977173	14		1	0	original_hum_ascii_original	original_hum_d_plus_e	93	200	107
original_hum	d_plus_e	26	final_prompt_token_minus_10	9860	0.23908907175064087	0.0	-0.23908907175064087	0.23908907175064087	36		1	0	original_hum_ascii_original	original_hum_d_plus_e	93	200	107
original_hum	d_plus_e	26	final_prompt_token_minus_10	10146	0.0	0.22440102696418762	0.22440102696418762	0.22440102696418762		16	0	1	original_hum_ascii_original	original_hum_d_plus_e	93	200	107
original_hum	d_plus_e	26	final_prompt_token_minus_10	10346	0.3018604516983032	0.0	-0.3018604516983032	0.3018604516983032	18		1	0	original_hum_ascii_original	original_hum_d_plus_e	93	200	107
original_hum	d_plus_e	26	final_prompt_token_minus_10	10709	0.4288721978664398	0.0	-0.4288721978664398	0.4288721978664398	8		1	0	original_hum_ascii_original	original_hum_d_plus_e	93	200	107
original_hum	d_plus_e	26	final_prompt_token_minus_10	11145	0.0	0.26929938793182373	0.26929938793182373	0.26929938793182373		10	0	1	original_hum_ascii_original	original_hum_d_plus_e	93	200	107
original_hum	d_plus_e	26	final_prompt_token_minus_10	11147	0.21604067087173462	0.0	-0.21604067087173462	0.21604067087173462	45		1	0	original_hum_ascii_original	original_hum_d_plus_e	93	200	107
original_hum	d_plus_e	26	final_prompt_token_minus_10	11412	0.0	0.9351230263710022	0.9351230263710022	0.9351230263710022		2	0	1	original_hum_ascii_original	original_hum_d_plus_e	93	200	107
original_hum	d_plus_e	26	final_prompt_token_minus_10	12034	0.0	0.14640969038009644	0.14640969038009644	0.14640969038009644		50	0	1	original_hum_ascii_original	original_hum_d_plus_e	93	200	107
original_hum	d_plus_e	26	final_prompt_token_minus_10	12693	0.0	0.180861234664917	0.180861234664917	0.180861234664917		27	0	1	original_hum_ascii_original	original_hum_d_plus_e	93	200	107
original_hum	d_plus_e	26	final_prompt_token_minus_10	12801	0.0	0.2414039522409439	0.2414039522409439	0.2414039522409439		14	0	1	original_hum_ascii_original	original_hum_d_plus_e	93	200	107
original_hum	d_plus_e	26	final_prompt_token_minus_10	13359	0.0	0.29376527667045593	0.29376527667045593	0.29376527667045593		9	0	1	original_hum_ascii_original	original_hum_d_plus_e	93	200	107
original_hum	d_plus_e	26	final_prompt_token_minus_10	14432	0.0	0.21369324624538422	0.21369324624538422	0.21369324624538422		18	0	1	original_hum_ascii_original	original_hum_d_plus_e	93	200	107
original_hum	d_plus_e	26	final_prompt_token_minus_10	14672	0.4373258054256439	0.0	-0.4373258054256439	0.4373258054256439	7		1	0	original_hum_ascii_original	original_hum_d_plus_e	93	200	107
original_hum	d_plus_e	26	final_prompt_token_minus_10	15420	0.0	0.19571679830551147	0.19571679830551147	0.19571679830551147		22	0	1	original_hum_ascii_original	original_hum_d_plus_e	93	200	107
original_hum	d_plus_e	26	final_prompt_token_minus_10	15458	0.2680817246437073	0.0	-0.2680817246437073	0.2680817246437073	28		1	0	original_hum_ascii_original	original_hum_d_plus_e	93	200	107
original_hum	d_plus_e	26	final_prompt_token_minus_10	16439	0.3258412778377533	0.0	-0.3258412778377533	0.3258412778377533	13		1	0	original_hum_ascii_original	original_hum_d_plus_e	93	200	107
original_hum	d_plus_e	26	final_prompt_token_minus_10	16987	0.0	0.1548791527748108	0.1548791527748108	0.1548791527748108		40	0	1	original_hum_ascii_original	original_hum_d_plus_e	93	200	107
original_hum	d_plus_e	26	final_prompt_token_minus_10	17671	0.0	0.15041814744472504	0.15041814744472504	0.15041814744472504		45	0	1	original_hum_ascii_original	original_hum_d_plus_e	93	200	107
original_hum	d_plus_e	26	final_prompt_token_minus_10	17869	0.23722341656684875	0.0	-0.23722341656684875	0.23722341656684875	38		1	0	original_hum_ascii_original	original_hum_d_plus_e	93	200	107
original_hum	d_plus_e	26	final_prompt_token_minus_10	18527	0.6229004859924316	0.0	-0.6229004859924316	0.6229004859924316	2		1	0	original_hum_ascii_original	original_hum_d_plus_e	93	200	107
original_hum	d_plus_e	26	final_prompt_token_minus_10	18665	0.0	0.1567048877477646	0.1567048877477646	0.1567048877477646		38	0	1	original_hum_ascii_original	original_hum_d_plus_e	93	200	107
original_hum	d_plus_e	26	final_prompt_token_minus_10	18847	0.376891165971756	0.0	-0.376891165971756	0.376891165971756	10		1	0	original_hum_ascii_original	original_hum_d_plus_e	93	200	107
original_hum	d_plus_e	26	final_prompt_token_minus_10	19185	0.2483186572790146	0.0	-0.2483186572790146	0.2483186572790146	32		1	0	original_hum_ascii_original	original_hum_d_plus_e	93	200	107
original_hum	d_plus_e	26	final_prompt_token_minus_10	19337	0.0	0.1672721952199936	0.1672721952199936	0.1672721952199936		32	0	1	original_hum_ascii_original	original_hum_d_plus_e	93	200	107
original_hum	d_plus_e	26	final_prompt_token_minus_10	19389	0.29297420382499695	0.0	-0.29297420382499695	0.29297420382499695	21		1	0	original_hum_ascii_original	original_hum_d_plus_e	93	200	107
original_hum	d_plus_e	26	final_prompt_token_minus_10	19668	0.0	0.19499266147613525	0.19499266147613525	0.19499266147613525		23	0	1	original_hum_ascii_original	original_hum_d_plus_e	93	200	107
original_hum	d_plus_e	26	final_prompt_token_minus_10	20303	0.27866989374160767	0.0	-0.27866989374160767	0.27866989374160767	25		1	0	original_hum_ascii_original	original_hum_d_plus_e	93	200	107
original_hum	d_plus_e	26	final_prompt_token_minus_10	20909	0.0	0.16709677875041962	0.16709677875041962	0.16709677875041962		34	0	1	original_hum_ascii_original	original_hum_d_plus_e	93	200	107
original_hum	d_plus_e	26	final_prompt_token_minus_10	20971	0.0	0.21021056175231934	0.21021056175231934	0.21021056175231934		19	0	1	original_hum_ascii_original	original_hum_d_plus_e	93	200	107
original_hum	d_plus_e	26	final_prompt_token_minus_10	21462	0.0	0.154139906167984	0.154139906167984	0.154139906167984		43	0	1	original_hum_ascii_original	original_hum_d_plus_e	93	200	107
original_hum	d_plus_e	26	final_prompt_token_minus_10	21539	0.21820080280303955	0.0	-0.21820080280303955	0.21820080280303955	44		1	0	original_hum_ascii_original	original_hum_d_plus_e	93	200	107
original_hum	d_plus_e	26	final_prompt_token_minus_10	21687	0.2775919735431671	0.0	-0.2775919735431671	0.2775919735431671	26		1	0	original_hum_ascii_original	original_hum_d_plus_e	93	200	107
original_hum	d_plus_e	26	final_prompt_token_minus_10	21750	0.2274419516324997	0.0	-0.2274419516324997	0.2274419516324997	41		1	0	original_hum_ascii_original	original_hum_d_plus_e	93	200	107
original_hum	d_plus_e	26	final_prompt_token_minus_10	22182	0.0	0.1910306215286255	0.1910306215286255	0.1910306215286255		25	0	1	original_hum_ascii_original	original_hum_d_plus_e	93	200	107
original_hum	d_plus_e	26	final_prompt_token_minus_10	22452	0.0	0.1489369124174118	0.1489369124174118	0.1489369124174118		46	0	1	original_hum_ascii_original	original_hum_d_plus_e	93	200	107
original_hum	d_plus_e	26	final_prompt_token_minus_10	22495	0.27249377965927124	0.0	-0.27249377965927124	0.27249377965927124	27		1	0	original_hum_ascii_original	original_hum_d_plus_e	93	200	107
original_hum	d_plus_e	26	final_prompt_token_minus_10	22922	0.24284201860427856	0.0	-0.24284201860427856	0.24284201860427856	34		1	0	original_hum_ascii_original	original_hum_d_plus_e	93	200	107
original_hum	d_plus_e	26	final_prompt_token_minus_10	23178	0.0	0.4573662281036377	0.4573662281036377	0.4573662281036377		4	0	1	original_hum_ascii_original	original_hum_d_plus_e	93	200	107
original_hum	d_plus_e	26	final_prompt_token_minus_10	23952	0.0	0.3887796401977539	0.3887796401977539	0.3887796401977539		5	0	1	original_hum_ascii_original	original_hum_d_plus_e	93	200	107
original_hum	d_plus_e	26	final_prompt_token_minus_10	24339	0.20780378580093384	0.0	-0.20780378580093384	0.20780378580093384	47		1	0	original_hum_ascii_original	original_hum_d_plus_e	93	200	107
original_hum	d_plus_e	26	final_prompt_token_minus_10	25421	0.26164594292640686	0.0	-0.26164594292640686	0.26164594292640686	29		1	0	original_hum_ascii_original	original_hum_d_plus_e	93	200	107
original_hum	d_plus_e	26	final_prompt_token_minus_10	25960	0.0	0.3405265510082245	0.3405265510082245	0.3405265510082245		7	0	1	original_hum_ascii_original	original_hum_d_plus_e	93	200	107
original_hum	d_plus_e	26	final_prompt_token_minus_10	26216	0.23426811397075653	0.0	-0.23426811397075653	0.23426811397075653	40		1	0	original_hum_ascii_original	original_hum_d_plus_e	93	200	107
original_hum	d_plus_e	26	final_prompt_token_minus_10	26403	0.482820600271225	0.0	-0.482820600271225	0.482820600271225	4		1	0	original_hum_ascii_original	original_hum_d_plus_e	93	200	107
original_hum	d_plus_e	26	final_prompt_token_minus_10	26684	0.889609694480896	0.0	-0.889609694480896	0.889609694480896	1		1	0	original_hum_ascii_original	original_hum_d_plus_e	93	200	107
original_hum	d_plus_e	26	final_prompt_token_minus_10	27281	0.30006492137908936	0.0	-0.30006492137908936	0.30006492137908936	19		1	0	original_hum_ascii_original	original_hum_d_plus_e	93	200	107
original_hum	d_plus_e	26	final_prompt_token_minus_10	28289	0.0	0.1563526690006256	0.1563526690006256	0.1563526690006256		39	0	1	original_hum_ascii_original	original_hum_d_plus_e	93	200	107
original_hum	d_plus_e	26	final_prompt_token_minus_10	28971	0.29622629284858704	0.0	-0.29622629284858704	0.29622629284858704	20		1	0	original_hum_ascii_original	original_hum_d_plus_e	93	200	107
original_hum	d_plus_e	26	final_prompt_token_minus_10	29131	0.0	0.1789247691631317	0.1789247691631317	0.1789247691631317		28	0	1	original_hum_ascii_original	original_hum_d_plus_e	93	200	107
original_hum	d_plus_e	26	final_prompt_token_minus_10	29466	0.28463661670684814	0.0	-0.28463661670684814	0.28463661670684814	24		1	0	original_hum_ascii_original	original_hum_d_plus_e	93	200	107
original_hum	d_plus_e	26	final_prompt_token_minus_10	29537	0.0	0.16712743043899536	0.16712743043899536	0.16712743043899536		33	0	1	original_hum_ascii_original	original_hum_d_plus_e	93	200	107
original_hum	d_plus_e	26	final_prompt_token_minus_10	29592	0.0	0.16420835256576538	0.16420835256576538	0.16420835256576538		35	0	1	original_hum_ascii_original	original_hum_d_plus_e	93	200	107
original_hum	d_plus_e	26	final_prompt_token_minus_10	30036	0.2868102490901947	0.0	-0.2868102490901947	0.2868102490901947	23		1	0	original_hum_ascii_original	original_hum_d_plus_e	93	200	107
original_hum	d_plus_e	26	final_prompt_token_minus_10	30737	0.0	0.25871944427490234	0.25871944427490234	0.25871944427490234		12	0	1	original_hum_ascii_original	original_hum_d_plus_e	93	200	107
original_hum	d_plus_e	26	final_prompt_token_minus_10	31206	0.0	0.19486908614635468	0.19486908614635468	0.19486908614635468		24	0	1	original_hum_ascii_original	original_hum_d_plus_e	93	200	107
original_hum	d_plus_e	26	final_prompt_token_minus_10	31420	0.0	0.18501341342926025	0.18501341342926025	0.18501341342926025		26	0	1	original_hum_ascii_original	original_hum_d_plus_e	93	200	107
original_hum	d_plus_e	26	final_prompt_token_minus_10	31836	0.2347840964794159	0.0	-0.2347840964794159	0.2347840964794159	39		1	0	original_hum_ascii_original	original_hum_d_plus_e	93	200	107
original_hum	d_plus_e	26	final_prompt_token_minus_10	31897	0.25210583209991455	0.0	-0.25210583209991455	0.25210583209991455	30		1	0	original_hum_ascii_original	original_hum_d_plus_e	93	200	107
original_hum	d_plus_e	26	final_prompt_token_minus_10	32285	0.0	0.1483268439769745	0.1483268439769745	0.1483268439769745		48	0	1	original_hum_ascii_original	original_hum_d_plus_e	93	200	107
original_hum	d_plus_e	26	final_prompt_token_minus_10	32287	0.0	0.2643511891365051	0.2643511891365051	0.2643511891365051		11	0	1	original_hum_ascii_original	original_hum_d_plus_e	93	200	107
original_hum	d_plus_e	26	final_prompt_token_minus_10	32485	0.0	0.22263982892036438	0.22263982892036438	0.22263982892036438		17	0	1	original_hum_ascii_original	original_hum_d_plus_e	93	200	107
original_hum	d_plus_e	14	final_prompt_token	992	0.17527851462364197	0.18505004048347473	0.009771525859832764	0.009771525859832764	16	12	1	1	original_hum_ascii_original	original_hum_d_plus_e	93	200	107
original_hum	d_plus_e	14	final_prompt_token	1013	0.0	0.10547947138547897	0.10547947138547897	0.10547947138547897		49	0	1	original_hum_ascii_original	original_hum_d_plus_e	93	200	107
original_hum	d_plus_e	14	final_prompt_token	1168	0.21415798366069794	0.19537770748138428	-0.01878027617931366	0.01878027617931366	7	11	1	1	original_hum_ascii_original	original_hum_d_plus_e	93	200	107
original_hum	d_plus_e	14	final_prompt_token	1797	0.12409529089927673	0.0	-0.12409529089927673	0.12409529089927673	44		1	0	original_hum_ascii_original	original_hum_d_plus_e	93	200	107
original_hum	d_plus_e	14	final_prompt_token	1814	0.13580195605754852	0.0	-0.13580195605754852	0.13580195605754852	32		1	0	original_hum_ascii_original	original_hum_d_plus_e	93	200	107
original_hum	d_plus_e	14	final_prompt_token	2176	0.2016182541847229	0.17654907703399658	-0.02506917715072632	0.02506917715072632	11	14	1	1	original_hum_ascii_original	original_hum_d_plus_e	93	200	107
original_hum	d_plus_e	14	final_prompt_token	2266	0.1252298653125763	0.0	-0.1252298653125763	0.1252298653125763	42		1	0	original_hum_ascii_original	original_hum_d_plus_e	93	200	107
original_hum	d_plus_e	14	final_prompt_token	2722	0.0	0.12494677305221558	0.12494677305221558	0.12494677305221558		30	0	1	original_hum_ascii_original	original_hum_d_plus_e	93	200	107
original_hum	d_plus_e	14	final_prompt_token	2961	0.5185853242874146	0.47301793098449707	-0.04556739330291748	0.04556739330291748	1	2	1	1	original_hum_ascii_original	original_hum_d_plus_e	93	200	107
original_hum	d_plus_e	14	final_prompt_token	3001	0.0	0.14311321079730988	0.14311321079730988	0.14311321079730988		23	0	1	original_hum_ascii_original	original_hum_d_plus_e	93	200	107
original_hum	d_plus_e	14	final_prompt_token	3289	0.0	0.1296788454055786	0.1296788454055786	0.1296788454055786		27	0	1	original_hum_ascii_original	original_hum_d_plus_e	93	200	107
original_hum	d_plus_e	14	final_prompt_token	3784	0.0	0.11259181052446365	0.11259181052446365	0.11259181052446365		42	0	1	original_hum_ascii_original	original_hum_d_plus_e	93	200	107
original_hum	d_plus_e	14	final_prompt_token	3830	0.511833131313324	0.5063984394073486	-0.005434691905975342	0.005434691905975342	2	1	1	1	original_hum_ascii_original	original_hum_d_plus_e	93	200	107
original_hum	d_plus_e	14	final_prompt_token	4428	0.13570520281791687	0.13032953441143036	-0.005375668406486511	0.005375668406486511	33	26	1	1	original_hum_ascii_original	original_hum_d_plus_e	93	200	107
original_hum	d_plus_e	14	final_prompt_token	4620	0.12692593038082123	0.157198965549469	0.030273035168647766	0.030273035168647766	40	16	1	1	original_hum_ascii_original	original_hum_d_plus_e	93	200	107
original_hum	d_plus_e	14	final_prompt_token	4880	0.11506478488445282	0.11406747996807098	-0.000997304916381836	0.000997304916381836	49	39	1	1	original_hum_ascii_original	original_hum_d_plus_e	93	200	107
original_hum	d_plus_e	14	final_prompt_token	4953	0.17742495238780975	0.12152323126792908	-0.055901721119880676	0.055901721119880676	15	33	1	1	original_hum_ascii_original	original_hum_d_plus_e	93	200	107
original_hum	d_plus_e	14	final_prompt_token	4959	0.0	0.10726448893547058	0.10726448893547058	0.10726448893547058		47	0	1	original_hum_ascii_original	original_hum_d_plus_e	93	200	107
original_hum	d_plus_e	14	final_prompt_token	6429	0.2723112404346466	0.28721967339515686	0.014908432960510254	0.014908432960510254	4	4	1	1	original_hum_ascii_original	original_hum_d_plus_e	93	200	107
original_hum	d_plus_e	14	final_prompt_token	6836	0.0	0.11271040141582489	0.11271040141582489	0.11271040141582489		41	0	1	original_hum_ascii_original	original_hum_d_plus_e	93	200	107
original_hum	d_plus_e	14	final_prompt_token	7163	0.34494391083717346	0.32456880807876587	-0.020375102758407593	0.020375102758407593	3	3	1	1	original_hum_ascii_original	original_hum_d_plus_e	93	200	107
original_hum	d_plus_e	14	final_prompt_token	8033	0.21156567335128784	0.21476641297340393	0.003200739622116089	0.003200739622116089	8	8	1	1	original_hum_ascii_original	original_hum_d_plus_e	93	200	107
original_hum	d_plus_e	14	final_prompt_token	8677	0.0	0.12492159754037857	0.12492159754037857	0.12492159754037857		31	0	1	original_hum_ascii_original	original_hum_d_plus_e	93	200	107
original_hum	d_plus_e	14	final_prompt_token	9030	0.1373305469751358	0.15445011854171753	0.017119571566581726	0.017119571566581726	29	19	1	1	original_hum_ascii_original	original_hum_d_plus_e	93	200	107
original_hum	d_plus_e	14	final_prompt_token	9298	0.0	0.11404255032539368	0.11404255032539368	0.11404255032539368		40	0	1	original_hum_ascii_original	original_hum_d_plus_e	93	200	107
original_hum	d_plus_e	14	final_prompt_token	9383	0.13118919730186462	0.0	-0.13118919730186462	0.13118919730186462	36		1	0	original_hum_ascii_original	original_hum_d_plus_e	93	200	107
original_hum	d_plus_e	14	final_prompt_token	10976	0.15480084717273712	0.22352217137813568	0.06872132420539856	0.06872132420539856	22	6	1	1	original_hum_ascii_original	original_hum_d_plus_e	93	200	107
original_hum	d_plus_e	14	final_prompt_token	11464	0.13259612023830414	0.0	-0.13259612023830414	0.13259612023830414	34		1	0	original_hum_ascii_original	original_hum_d_plus_e	93	200	107
original_hum	d_plus_e	14	final_prompt_token	11914	0.0	0.11651767045259476	0.11651767045259476	0.11651767045259476		35	0	1	original_hum_ascii_original	original_hum_d_plus_e	93	200	107
original_hum	d_plus_e	14	final_prompt_token	12080	0.14483243227005005	0.10910193622112274	-0.03573049604892731	0.03573049604892731	24	45	1	1	original_hum_ascii_original	original_hum_d_plus_e	93	200	107
original_hum	d_plus_e	14	final_prompt_token	12257	0.0	0.10930067300796509	0.10930067300796509	0.10930067300796509		44	0	1	original_hum_ascii_original	original_hum_d_plus_e	93	200	107
original_hum	d_plus_e	14	final_prompt_token	12433	0.11901742219924927	0.0	-0.11901742219924927	0.11901742219924927	46		1	0	original_hum_ascii_original	original_hum_d_plus_e	93	200	107
original_hum	d_plus_e	14	final_prompt_token	12817	0.13707657158374786	0.0	-0.13707657158374786	0.13707657158374786	30		1	0	original_hum_ascii_original	original_hum_d_plus_e	93	200	107
original_hum	d_plus_e	14	final_prompt_token	13029	0.1324918121099472	0.0	-0.1324918121099472	0.1324918121099472	35		1	0	original_hum_ascii_original	original_hum_d_plus_e	93	200	107
original_hum	d_plus_e	14	final_prompt_token	13064	0.0	0.11591897904872894	0.11591897904872894	0.11591897904872894		36	0	1	original_hum_ascii_original	original_hum_d_plus_e	93	200	107
original_hum	d_plus_e	14	final_prompt_token	14679	0.12387111783027649	0.16217587888240814	0.03830476105213165	0.03830476105213165	45	15	1	1	original_hum_ascii_original	original_hum_d_plus_e	93	200	107
original_hum	d_plus_e	14	final_prompt_token	14885	0.1365322768688202	0.0	-0.1365322768688202	0.1365322768688202	31		1	0	original_hum_ascii_original	original_hum_d_plus_e	93	200	107
original_hum	d_plus_e	14	final_prompt_token	14932	0.1438901424407959	0.14696171879768372	0.0030715763568878174	0.0030715763568878174	25	21	1	1	original_hum_ascii_original	original_hum_d_plus_e	93	200	107
original_hum	d_plus_e	14	final_prompt_token	15272	0.0	0.10557235777378082	0.10557235777378082	0.10557235777378082		48	0	1	original_hum_ascii_original	original_hum_d_plus_e	93	200	107
original_hum	d_plus_e	14	final_prompt_token	15605	0.16277040541172028	0.11410143226385117	-0.04866897314786911	0.04866897314786911	19	38	1	1	original_hum_ascii_original	original_hum_d_plus_e	93	200	107
original_hum	d_plus_e	14	final_prompt_token	16382	0.20584312081336975	0.18124490976333618	-0.02459821105003357	0.02459821105003357	9	13	1	1	original_hum_ascii_original	original_hum_d_plus_e	93	200	107
original_hum	d_plus_e	14	final_prompt_token	16801	0.1905839890241623	0.11110416054725647	-0.07947982847690582	0.07947982847690582	14	43	1	1	original_hum_ascii_original	original_hum_d_plus_e	93	200	107
original_hum	d_plus_e	14	final_prompt_token	16845	0.1151876226067543	0.0	-0.1151876226067543	0.1151876226067543	48		1	0	original_hum_ascii_original	original_hum_d_plus_e	93	200	107
original_hum	d_plus_e	14	final_prompt_token	17193	0.1705974042415619	0.20405246317386627	0.03345505893230438	0.03345505893230438	17	10	1	1	original_hum_ascii_original	original_hum_d_plus_e	93	200	107
original_hum	d_plus_e	14	final_prompt_token	17275	0.1272931694984436	0.12004952132701874	-0.007243648171424866	0.007243648171424866	38	34	1	1	original_hum_ascii_original	original_hum_d_plus_e	93	200	107
original_hum	d_plus_e	14	final_prompt_token	17359	0.0	0.1255784034729004	0.1255784034729004	0.1255784034729004		29	0	1	original_hum_ascii_original	original_hum_d_plus_e	93	200	107
original_hum	d_plus_e	14	final_prompt_token	17471	0.0	0.13405707478523254	0.13405707478523254	0.13405707478523254		25	0	1	original_hum_ascii_original	original_hum_d_plus_e	93	200	107
original_hum	d_plus_e	14	final_prompt_token	17656	0.128530353307724	0.0	-0.128530353307724	0.128530353307724	37		1	0	original_hum_ascii_original	original_hum_d_plus_e	93	200	107
original_hum	d_plus_e	14	final_prompt_token	18895	0.1380925178527832	0.15682050585746765	0.018727988004684448	0.018727988004684448	28	18	1	1	original_hum_ascii_original	original_hum_d_plus_e	93	200	107
original_hum	d_plus_e	14	final_prompt_token	20402	0.19249580800533295	0.10532636940479279	-0.08716943860054016	0.08716943860054016	12	50	1	1	original_hum_ascii_original	original_hum_d_plus_e	93	200	107
original_hum	d_plus_e	14	final_prompt_token	20557	0.25481921434402466	0.22209432721138	-0.03272488713264465	0.03272488713264465	5	7	1	1	original_hum_ascii_original	original_hum_d_plus_e	93	200	107
original_hum	d_plus_e	14	final_prompt_token	20681	0.1260993778705597	0.12259688973426819	-0.003502488136291504	0.003502488136291504	41	32	1	1	original_hum_ascii_original	original_hum_d_plus_e	93	200	107
original_hum	d_plus_e	14	final_prompt_token	20769	0.16162540018558502	0.12923692166805267	-0.03238847851753235	0.03238847851753235	20	28	1	1	original_hum_ascii_original	original_hum_d_plus_e	93	200	107
original_hum	d_plus_e	14	final_prompt_token	20923	0.0	0.10878047347068787	0.10878047347068787	0.10878047347068787		46	0	1	original_hum_ascii_original	original_hum_d_plus_e	93	200	107
original_hum	d_plus_e	14	final_prompt_token	23591	0.14032292366027832	0.11525022983551025	-0.025072693824768066	0.025072693824768066	27	37	1	1	original_hum_ascii_original	original_hum_d_plus_e	93	200	107
original_hum	d_plus_e	14	final_prompt_token	25151	0.15837322175502777	0.1512349396944046	-0.007138282060623169	0.007138282060623169	21	20	1	1	original_hum_ascii_original	original_hum_d_plus_e	93	200	107
original_hum	d_plus_e	14	final_prompt_token	26050	0.114312082529068	0.0	-0.114312082529068	0.114312082529068	50		1	0	original_hum_ascii_original	original_hum_d_plus_e	93	200	107
original_hum	d_plus_e	14	final_prompt_token	26237	0.16283361613750458	0.14521880447864532	-0.017614811658859253	0.017614811658859253	18	22	1	1	original_hum_ascii_original	original_hum_d_plus_e	93	200	107
original_hum	d_plus_e	14	final_prompt_token	28025	0.11595268547534943	0.0	-0.11595268547534943	0.11595268547534943	47		1	0	original_hum_ascii_original	original_hum_d_plus_e	93	200	107
original_hum	d_plus_e	14	final_prompt_token	30170	0.19237349927425385	0.20739209651947021	0.01501859724521637	0.01501859724521637	13	9	1	1	original_hum_ascii_original	original_hum_d_plus_e	93	200	107
original_hum	d_plus_e	14	final_prompt_token	30172	0.12711578607559204	0.0	-0.12711578607559204	0.12711578607559204	39		1	0	original_hum_ascii_original	original_hum_d_plus_e	93	200	107
original_hum	d_plus_e	14	final_prompt_token	30964	0.2511886656284332	0.27682554721832275	0.025636881589889526	0.025636881589889526	6	5	1	1	original_hum_ascii_original	original_hum_d_plus_e	93	200	107
original_hum	d_plus_e	14	final_prompt_token	31758	0.0	0.1571359634399414	0.1571359634399414	0.1571359634399414		17	0	1	original_hum_ascii_original	original_hum_d_plus_e	93	200	107
original_hum	d_plus_e	14	final_prompt_token	31774	0.1435861885547638	0.14209529757499695	-0.0014908909797668457	0.0014908909797668457	26	24	1	1	original_hum_ascii_original	original_hum_d_plus_e	93	200	107
original_hum	d_plus_e	14	final_prompt_token	32300	0.2046404778957367	0.0	-0.2046404778957367	0.2046404778957367	10		1	0	original_hum_ascii_original	original_hum_d_plus_e	93	200	107
original_hum	d_plus_e	14	final_prompt_token	32358	0.1246265321969986	0.0	-0.1246265321969986	0.1246265321969986	43		1	0	original_hum_ascii_original	original_hum_d_plus_e	93	200	107
original_hum	d_plus_e	14	final_prompt_token	32621	0.14936262369155884	0.0	-0.14936262369155884	0.14936262369155884	23		1	0	original_hum_ascii_original	original_hum_d_plus_e	93	200	107
original_hum	d_plus_e	14	final_prompt_token_minus_1	992	0.0	0.11042764037847519	0.11042764037847519	0.11042764037847519		28	0	1	original_hum_ascii_original	original_hum_d_plus_e	93	200	107
original_hum	d_plus_e	14	final_prompt_token_minus_1	1013	0.09495832026004791	0.10681693255901337	0.011858612298965454	0.011858612298965454	25	31	1	1	original_hum_ascii_original	original_hum_d_plus_e	93	200	107
original_hum	d_plus_e	14	final_prompt_token_minus_1	1102	0.07666369527578354	0.09751253575086594	0.020848840475082397	0.020848840475082397	47	39	1	1	original_hum_ascii_original	original_hum_d_plus_e	93	200	107
original_hum	d_plus_e	14	final_prompt_token_minus_1	1981	0.0	0.11179667711257935	0.11179667711257935	0.11179667711257935		27	0	1	original_hum_ascii_original	original_hum_d_plus_e	93	200	107
original_hum	d_plus_e	14	final_prompt_token_minus_1	2665	0.07960088551044464	0.0	-0.07960088551044464	0.07960088551044464	40		1	0	original_hum_ascii_original	original_hum_d_plus_e	93	200	107
original_hum	d_plus_e	14	final_prompt_token_minus_1	2961	1.0314112901687622	1.3483335971832275	0.31692230701446533	0.31692230701446533	2	1	1	1	original_hum_ascii_original	original_hum_d_plus_e	93	200	107
original_hum	d_plus_e	14	final_prompt_token_minus_1	3170	0.0	0.09954177588224411	0.09954177588224411	0.09954177588224411		38	0	1	original_hum_ascii_original	original_hum_d_plus_e	93	200	107
original_hum	d_plus_e	14	final_prompt_token_minus_1	3289	0.21890011429786682	0.23823967576026917	0.019339561462402344	0.019339561462402344	8	8	1	1	original_hum_ascii_original	original_hum_d_plus_e	93	200	107
original_hum	d_plus_e	14	final_prompt_token_minus_1	3557	0.13522164523601532	0.13458451628684998	-0.0006371289491653442	0.0006371289491653442	18	20	1	1	original_hum_ascii_original	original_hum_d_plus_e	93	200	107
original_hum	d_plus_e	14	final_prompt_token_minus_1	4337	0.07833660393953323	0.0	-0.07833660393953323	0.07833660393953323	42		1	0	original_hum_ascii_original	original_hum_d_plus_e	93	200	107
original_hum	d_plus_e	14	final_prompt_token_minus_1	4880	0.08719722926616669	0.10178522765636444	0.014587998390197754	0.014587998390197754	29	36	1	1	original_hum_ascii_original	original_hum_d_plus_e	93	200	107
original_hum	d_plus_e	14	final_prompt_token_minus_1	4953	0.1415524184703827	0.11729015409946442	-0.024262264370918274	0.024262264370918274	16	24	1	1	original_hum_ascii_original	original_hum_d_plus_e	93	200	107
original_hum	d_plus_e	14	final_prompt_token_minus_1	4959	0.07820617407560349	0.0	-0.07820617407560349	0.07820617407560349	43		1	0	original_hum_ascii_original	original_hum_d_plus_e	93	200	107
original_hum	d_plus_e	14	final_prompt_token_minus_1	6025	0.09043773263692856	0.10759321600198746	0.0171554833650589	0.0171554833650589	28	30	1	1	original_hum_ascii_original	original_hum_d_plus_e	93	200	107
original_hum	d_plus_e	14	final_prompt_token_minus_1	6429	0.22330895066261292	0.2586137056350708	0.035304754972457886	0.035304754972457886	7	5	1	1	original_hum_ascii_original	original_hum_d_plus_e	93	200	107
original_hum	d_plus_e	14	final_prompt_token_minus_1	6681	0.0	0.23441927134990692	0.23441927134990692	0.23441927134990692		9	0	1	original_hum_ascii_original	original_hum_d_plus_e	93	200	107
original_hum	d_plus_e	14	final_prompt_token_minus_1	7163	0.21606037020683289	0.2484750747680664	0.03241470456123352	0.03241470456123352	9	7	1	1	original_hum_ascii_original	original_hum_d_plus_e	93	200	107
original_hum	d_plus_e	14	final_prompt_token_minus_1	7175	0.0	0.13523419201374054	0.13523419201374054	0.13523419201374054		19	0	1	original_hum_ascii_original	original_hum_d_plus_e	93	200	107
original_hum	d_plus_e	14	final_prompt_token_minus_1	7297	0.0	0.12262053787708282	0.12262053787708282	0.12262053787708282		22	0	1	original_hum_ascii_original	original_hum_d_plus_e	93	200	107
original_hum	d_plus_e	14	final_prompt_token_minus_1	8033	1.3254016637802124	1.1607214212417603	-0.16468024253845215	0.16468024253845215	1	2	1	1	original_hum_ascii_original	original_hum_d_plus_e	93	200	107
original_hum	d_plus_e	14	final_prompt_token_minus_1	11006	0.0	0.09004040062427521	0.09004040062427521	0.09004040062427521		50	0	1	original_hum_ascii_original	original_hum_d_plus_e	93	200	107
original_hum	d_plus_e	14	final_prompt_token_minus_1	11522	0.10359454154968262	0.1133107990026474	0.009716257452964783	0.009716257452964783	20	26	1	1	original_hum_ascii_original	original_hum_d_plus_e	93	200	107
original_hum	d_plus_e	14	final_prompt_token_minus_1	11726	0.07187807559967041	0.09280380606651306	0.02092573046684265	0.02092573046684265	50	44	1	1	original_hum_ascii_original	original_hum_d_plus_e	93	200	107
original_hum	d_plus_e	14	final_prompt_token_minus_1	11831	0.08563582599163055	0.0	-0.08563582599163055	0.08563582599163055	30		1	0	original_hum_ascii_original	original_hum_d_plus_e	93	200	107
original_hum	d_plus_e	14	final_prompt_token_minus_1	11864	0.084995336830616	0.11869408190250397	0.03369874507188797	0.03369874507188797	31	23	1	1	original_hum_ascii_original	original_hum_d_plus_e	93	200	107
original_hum	d_plus_e	14	final_prompt_token_minus_1	12000	0.14680488407611847	0.1758323609828949	0.029027476906776428	0.029027476906776428	14	13	1	1	original_hum_ascii_original	original_hum_d_plus_e	93	200	107
original_hum	d_plus_e	14	final_prompt_token_minus_1	12578	0.08373109251260757	0.0	-0.08373109251260757	0.08373109251260757	32		1	0	original_hum_ascii_original	original_hum_d_plus_e	93	200	107
original_hum	d_plus_e	14	final_prompt_token_minus_1	13029	0.10216090083122253	0.09125851094722748	-0.010902389883995056	0.010902389883995056	21	45	1	1	original_hum_ascii_original	original_hum_d_plus_e	93	200	107
original_hum	d_plus_e	14	final_prompt_token_minus_1	13119	0.14598676562309265	0.14746694266796112	0.0014801770448684692	0.0014801770448684692	15	18	1	1	original_hum_ascii_original	original_hum_d_plus_e	93	200	107
original_hum	d_plus_e	14	final_prompt_token_minus_1	13538	0.0	0.2291422188282013	0.2291422188282013	0.2291422188282013		11	0	1	original_hum_ascii_original	original_hum_d_plus_e	93	200	107
original_hum	d_plus_e	14	final_prompt_token_minus_1	13692	0.08346346020698547	0.0	-0.08346346020698547	0.08346346020698547	33		1	0	original_hum_ascii_original	original_hum_d_plus_e	93	200	107
original_hum	d_plus_e	14	final_prompt_token_minus_1	14774	0.0	0.09114408493041992	0.09114408493041992	0.09114408493041992		46	0	1	original_hum_ascii_original	original_hum_d_plus_e	93	200	107
original_hum	d_plus_e	14	final_prompt_token_minus_1	14932	0.07605382055044174	0.0	-0.07605382055044174	0.07605382055044174	48		1	0	original_hum_ascii_original	original_hum_d_plus_e	93	200	107
original_hum	d_plus_e	14	final_prompt_token_minus_1	15396	0.17640447616577148	0.15483355522155762	-0.021570920944213867	0.021570920944213867	11	15	1	1	original_hum_ascii_original	original_hum_d_plus_e	93	200	107
original_hum	d_plus_e	14	final_prompt_token_minus_1	15501	0.0	0.17533573508262634	0.17533573508262634	0.17533573508262634		14	0	1	original_hum_ascii_original	original_hum_d_plus_e	93	200	107
original_hum	d_plus_e	14	final_prompt_token_minus_1	15605	0.08014270663261414	0.0	-0.08014270663261414	0.08014270663261414	38		1	0	original_hum_ascii_original	original_hum_d_plus_e	93	200	107
original_hum	d_plus_e	14	final_prompt_token_minus_1	16077	0.1330661177635193	0.0	-0.1330661177635193	0.1330661177635193	19		1	0	original_hum_ascii_original	original_hum_d_plus_e	93	200	107
original_hum	d_plus_e	14	final_prompt_token_minus_1	17419	0.0	0.10015221685171127	0.10015221685171127	0.10015221685171127		37	0	1	original_hum_ascii_original	original_hum_d_plus_e	93	200	107
original_hum	d_plus_e	14	final_prompt_token_minus_1	17656	0.07976562529802322	0.0	-0.07976562529802322	0.07976562529802322	39		1	0	original_hum_ascii_original	original_hum_d_plus_e	93	200	107
original_hum	d_plus_e	14	final_prompt_token_minus_1	18609	0.0	0.094562828540802	0.094562828540802	0.094562828540802		42	0	1	original_hum_ascii_original	original_hum_d_plus_e	93	200	107
original_hum	d_plus_e	14	final_prompt_token_minus_1	19133	0.24571211636066437	0.2544403076171875	0.008728191256523132	0.008728191256523132	5	6	1	1	original_hum_ascii_original	original_hum_d_plus_e	93	200	107
original_hum	d_plus_e	14	final_prompt_token_minus_1	19493	0.0	0.0908457487821579	0.0908457487821579	0.0908457487821579		47	0	1	original_hum_ascii_original	original_hum_d_plus_e	93	200	107
original_hum	d_plus_e	14	final_prompt_token_minus_1	20403	0.09776154160499573	0.10353259742259979	0.005771055817604065	0.005771055817604065	24	32	1	1	original_hum_ascii_original	original_hum_d_plus_e	93	200	107
original_hum	d_plus_e	14	final_prompt_token_minus_1	20557	0.18130949139595032	0.09062917530536652	-0.0906803160905838	0.0906803160905838	10	48	1	1	original_hum_ascii_original	original_hum_d_plus_e	93	200	107
original_hum	d_plus_e	14	final_prompt_token_minus_1	20681	0.1379212737083435	0.15367557108402252	0.015754297375679016	0.015754297375679016	17	16	1	1	original_hum_ascii_original	original_hum_d_plus_e	93	200	107
original_hum	d_plus_e	14	final_prompt_token_minus_1	20762	0.0	0.09008096158504486	0.09008096158504486	0.09008096158504486		49	0	1	original_hum_ascii_original	original_hum_d_plus_e	93	200	107
original_hum	d_plus_e	14	final_prompt_token_minus_1	20998	0.09990052133798599	0.10309339314699173	0.0031928718090057373	0.0031928718090057373	22	33	1	1	original_hum_ascii_original	original_hum_d_plus_e	93	200	107
original_hum	d_plus_e	14	final_prompt_token_minus_1	21393	0.08071122318506241	0.0	-0.08071122318506241	0.08071122318506241	36		1	0	original_hum_ascii_original	original_hum_d_plus_e	93	200	107
original_hum	d_plus_e	14	final_prompt_token_minus_1	21405	0.08184586465358734	0.0	-0.08184586465358734	0.08184586465358734	35		1	0	original_hum_ascii_original	original_hum_d_plus_e	93	200	107
original_hum	d_plus_e	14	final_prompt_token_minus_1	21447	0.24075758457183838	0.1794879138469696	-0.061269670724868774	0.061269670724868774	6	12	1	1	original_hum_ascii_original	original_hum_d_plus_e	93	200	107
original_hum	d_plus_e	14	final_prompt_token_minus_1	21981	0.2605286240577698	0.23093943297863007	-0.02958919107913971	0.02958919107913971	4	10	1	1	original_hum_ascii_original	original_hum_d_plus_e	93	200	107
original_hum	d_plus_e	14	final_prompt_token_minus_1	22608	0.08023607730865479	0.0	-0.08023607730865479	0.08023607730865479	37		1	0	original_hum_ascii_original	original_hum_d_plus_e	93	200	107
original_hum	d_plus_e	14	final_prompt_token_minus_1	22813	0.07742861658334732	0.0	-0.07742861658334732	0.07742861658334732	46		1	0	original_hum_ascii_original	original_hum_d_plus_e	93	200	107
original_hum	d_plus_e	14	final_prompt_token_minus_1	23505	0.14780056476593018	0.0960686132311821	-0.05173195153474808	0.05173195153474808	12	40	1	1	original_hum_ascii_original	original_hum_d_plus_e	93	200	107
original_hum	d_plus_e	14	final_prompt_token_minus_1	25151	0.14700427651405334	0.1511934995651245	0.004189223051071167	0.004189223051071167	13	17	1	1	original_hum_ascii_original	original_hum_d_plus_e	93	200	107
original_hum	d_plus_e	14	final_prompt_token_minus_1	26050	0.09191124141216278	0.11700786650180817	0.025096625089645386	0.025096625089645386	27	25	1	1	original_hum_ascii_original	original_hum_d_plus_e	93	200	107
original_hum	d_plus_e	14	final_prompt_token_minus_1	26615	0.09321640431880951	0.0	-0.09321640431880951	0.09321640431880951	26		1	0	original_hum_ascii_original	original_hum_d_plus_e	93	200	107
original_hum	d_plus_e	14	final_prompt_token_minus_1	28492	0.09920089691877365	0.10297159850597382	0.003770701587200165	0.003770701587200165	23	34	1	1	original_hum_ascii_original	original_hum_d_plus_e	93	200	107
original_hum	d_plus_e	14	final_prompt_token_minus_1	28536	0.07590261101722717	0.0	-0.07590261101722717	0.07590261101722717	49		1	0	original_hum_ascii_original	original_hum_d_plus_e	93	200	107
original_hum	d_plus_e	14	final_prompt_token_minus_1	28880	0.0	0.09393991529941559	0.09393991529941559	0.09393991529941559		43	0	1	original_hum_ascii_original	original_hum_d_plus_e	93	200	107
original_hum	d_plus_e	14	final_prompt_token_minus_1	29619	0.07801148295402527	0.0	-0.07801148295402527	0.07801148295402527	44		1	0	original_hum_ascii_original	original_hum_d_plus_e	93	200	107
original_hum	d_plus_e	14	final_prompt_token_minus_1	30170	0.3690895140171051	0.33685988187789917	-0.03222963213920593	0.03222963213920593	3	3	1	1	original_hum_ascii_original	original_hum_d_plus_e	93	200	107
original_hum	d_plus_e	14	final_prompt_token_minus_1	30225	0.07931183278560638	0.10207821428775787	0.02276638150215149	0.02276638150215149	41	35	1	1	original_hum_ascii_original	original_hum_d_plus_e	93	200	107
original_hum	d_plus_e	14	final_prompt_token_minus_1	31733	0.07765716314315796	0.0	-0.07765716314315796	0.07765716314315796	45		1	0	original_hum_ascii_original	original_hum_d_plus_e	93	200	107
original_hum	d_plus_e	14	final_prompt_token_minus_1	31774	0.0	0.10814718902111053	0.10814718902111053	0.10814718902111053		29	0	1	original_hum_ascii_original	original_hum_d_plus_e	93	200	107
original_hum	d_plus_e	14	final_prompt_token_minus_1	32204	0.08204953372478485	0.0	-0.08204953372478485	0.08204953372478485	34		1	0	original_hum_ascii_original	original_hum_d_plus_e	93	200	107
original_hum	d_plus_e	14	final_prompt_token_minus_1	32427	0.0	0.2662431597709656	0.2662431597709656	0.2662431597709656		4	0	1	original_hum_ascii_original	original_hum_d_plus_e	93	200	107
original_hum	d_plus_e	14	final_prompt_token_minus_1	32638	0.0	0.09534212946891785	0.09534212946891785	0.09534212946891785		41	0	1	original_hum_ascii_original	original_hum_d_plus_e	93	200	107
original_hum	d_plus_e	14	final_prompt_token_minus_1	32680	0.0	0.12388671189546585	0.12388671189546585	0.12388671189546585		21	0	1	original_hum_ascii_original	original_hum_d_plus_e	93	200	107
original_hum	d_plus_e	14	final_prompt_token_minus_5	210	0.08845587819814682	0.0	-0.08845587819814682	0.08845587819814682	48		1	0	original_hum_ascii_original	original_hum_d_plus_e	93	200	107
original_hum	d_plus_e	14	final_prompt_token_minus_5	438	0.16378967463970184	0.21563589572906494	0.0518462210893631	0.0518462210893631	13	10	1	1	original_hum_ascii_original	original_hum_d_plus_e	93	200	107
original_hum	d_plus_e	14	final_prompt_token_minus_5	878	0.0	0.08848925679922104	0.08848925679922104	0.08848925679922104		45	0	1	original_hum_ascii_original	original_hum_d_plus_e	93	200	107
original_hum	d_plus_e	14	final_prompt_token_minus_5	1973	0.17396679520606995	0.0	-0.17396679520606995	0.17396679520606995	12		1	0	original_hum_ascii_original	original_hum_d_plus_e	93	200	107
original_hum	d_plus_e	14	final_prompt_token_minus_5	2176	0.0	0.10305119305849075	0.10305119305849075	0.10305119305849075		36	0	1	original_hum_ascii_original	original_hum_d_plus_e	93	200	107
original_hum	d_plus_e	14	final_prompt_token_minus_5	2948	0.0	0.3272762894630432	0.3272762894630432	0.3272762894630432		3	0	1	original_hum_ascii_original	original_hum_d_plus_e	93	200	107
original_hum	d_plus_e	14	final_prompt_token_minus_5	2961	1.0757501125335693	0.6929881572723389	-0.38276195526123047	0.38276195526123047	1	1	1	1	original_hum_ascii_original	original_hum_d_plus_e	93	200	107
original_hum	d_plus_e	14	final_prompt_token_minus_5	3001	0.0	0.22256281971931458	0.22256281971931458	0.22256281971931458		9	0	1	original_hum_ascii_original	original_hum_d_plus_e	93	200	107
original_hum	d_plus_e	14	final_prompt_token_minus_5	3344	0.0	0.10953594744205475	0.10953594744205475	0.10953594744205475		33	0	1	original_hum_ascii_original	original_hum_d_plus_e	93	200	107
original_hum	d_plus_e	14	final_prompt_token_minus_5	3454	0.08824450522661209	0.0	-0.08824450522661209	0.08824450522661209	49		1	0	original_hum_ascii_original	original_hum_d_plus_e	93	200	107
original_hum	d_plus_e	14	final_prompt_token_minus_5	3575	0.0	0.09781292080879211	0.09781292080879211	0.09781292080879211		40	0	1	original_hum_ascii_original	original_hum_d_plus_e	93	200	107
original_hum	d_plus_e	14	final_prompt_token_minus_5	3781	0.13802973926067352	0.0	-0.13802973926067352	0.13802973926067352	18		1	0	original_hum_ascii_original	original_hum_d_plus_e	93	200	107
original_hum	d_plus_e	14	final_prompt_token_minus_5	3830	0.0	0.5111556053161621	0.5111556053161621	0.5111556053161621		2	0	1	original_hum_ascii_original	original_hum_d_plus_e	93	200	107
original_hum	d_plus_e	14	final_prompt_token_minus_5	3996	0.0	0.11837705224752426	0.11837705224752426	0.11837705224752426		28	0	1	original_hum_ascii_original	original_hum_d_plus_e	93	200	107
original_hum	d_plus_e	14	final_prompt_token_minus_5	4010	0.23250465095043182	0.23720747232437134	0.004702821373939514	0.004702821373939514	6	5	1	1	original_hum_ascii_original	original_hum_d_plus_e	93	200	107
original_hum	d_plus_e	14	final_prompt_token_minus_5	4850	0.10583700984716415	0.0	-0.10583700984716415	0.10583700984716415	35		1	0	original_hum_ascii_original	original_hum_d_plus_e	93	200	107
original_hum	d_plus_e	14	final_prompt_token_minus_5	5032	0.1081906259059906	0.0	-0.1081906259059906	0.1081906259059906	30		1	0	original_hum_ascii_original	original_hum_d_plus_e	93	200	107
original_hum	d_plus_e	14	final_prompt_token_minus_5	6223	0.0	0.09372629225254059	0.09372629225254059	0.09372629225254059		43	0	1	original_hum_ascii_original	original_hum_d_plus_e	93	200	107
original_hum	d_plus_e	14	final_prompt_token_minus_5	6429	0.26575198769569397	0.30019041895866394	0.03443843126296997	0.03443843126296997	5	4	1	1	original_hum_ascii_original	original_hum_d_plus_e	93	200	107
original_hum	d_plus_e	14	final_prompt_token_minus_5	6442	0.09860055893659592	0.0	-0.09860055893659592	0.09860055893659592	39		1	0	original_hum_ascii_original	original_hum_d_plus_e	93	200	107
original_hum	d_plus_e	14	final_prompt_token_minus_5	6477	0.1163020133972168	0.0	-0.1163020133972168	0.1163020133972168	27		1	0	original_hum_ascii_original	original_hum_d_plus_e	93	200	107
original_hum	d_plus_e	14	final_prompt_token_minus_5	6483	0.0	0.10515723377466202	0.10515723377466202	0.10515723377466202		35	0	1	original_hum_ascii_original	original_hum_d_plus_e	93	200	107
original_hum	d_plus_e	14	final_prompt_token_minus_5	6804	0.5306376814842224	0.0	-0.5306376814842224	0.5306376814842224	3		1	0	original_hum_ascii_original	original_hum_d_plus_e	93	200	107
original_hum	d_plus_e	14	final_prompt_token_minus_5	6846	0.18230310082435608	0.0	-0.18230310082435608	0.18230310082435608	10		1	0	original_hum_ascii_original	original_hum_d_plus_e	93	200	107
original_hum	d_plus_e	14	final_prompt_token_minus_5	7998	0.22291457653045654	0.0	-0.22291457653045654	0.22291457653045654	7		1	0	original_hum_ascii_original	original_hum_d_plus_e	93	200	107
original_hum	d_plus_e	14	final_prompt_token_minus_5	8556	0.0	0.11393608152866364	0.11393608152866364	0.11393608152866364		29	0	1	original_hum_ascii_original	original_hum_d_plus_e	93	200	107
original_hum	d_plus_e	14	final_prompt_token_minus_5	9106	0.0	0.23305876553058624	0.23305876553058624	0.23305876553058624		6	0	1	original_hum_ascii_original	original_hum_d_plus_e	93	200	107
original_hum	d_plus_e	14	final_prompt_token_minus_5	10804	0.11051413416862488	0.086952805519104	-0.023561328649520874	0.023561328649520874	28	48	1	1	original_hum_ascii_original	original_hum_d_plus_e	93	200	107
original_hum	d_plus_e	14	final_prompt_token_minus_5	11315	0.0	0.14456932246685028	0.14456932246685028	0.14456932246685028		23	0	1	original_hum_ascii_original	original_hum_d_plus_e	93	200	107
original_hum	d_plus_e	14	final_prompt_token_minus_5	11491	0.0	0.22410394251346588	0.22410394251346588	0.22410394251346588		8	0	1	original_hum_ascii_original	original_hum_d_plus_e	93	200	107
original_hum	d_plus_e	14	final_prompt_token_minus_5	11513	0.0	0.1456676423549652	0.1456676423549652	0.1456676423549652		22	0	1	original_hum_ascii_original	original_hum_d_plus_e	93	200	107
original_hum	d_plus_e	14	final_prompt_token_minus_5	11864	0.12023269385099411	0.0	-0.12023269385099411	0.12023269385099411	24		1	0	original_hum_ascii_original	original_hum_d_plus_e	93	200	107
original_hum	d_plus_e	14	final_prompt_token_minus_5	11944	0.0	0.22987782955169678	0.22987782955169678	0.22987782955169678		7	0	1	original_hum_ascii_original	original_hum_d_plus_e	93	200	107
original_hum	d_plus_e	14	final_prompt_token_minus_5	12179	0.14202867448329926	0.0	-0.14202867448329926	0.14202867448329926	16		1	0	original_hum_ascii_original	original_hum_d_plus_e	93	200	107
original_hum	d_plus_e	14	final_prompt_token_minus_5	12399	0.08793401718139648	0.0	-0.08793401718139648	0.08793401718139648	50		1	0	original_hum_ascii_original	original_hum_d_plus_e	93	200	107
original_hum	d_plus_e	14	final_prompt_token_minus_5	12420	0.7626116275787354	0.0	-0.7626116275787354	0.7626116275787354	2		1	0	original_hum_ascii_original	original_hum_d_plus_e	93	200	107
original_hum	d_plus_e	14	final_prompt_token_minus_5	12546	0.10370586812496185	0.0	-0.10370586812496185	0.10370586812496185	36		1	0	original_hum_ascii_original	original_hum_d_plus_e	93	200	107
original_hum	d_plus_e	14	final_prompt_token_minus_5	12817	0.0	0.11211998015642166	0.11211998015642166	0.11211998015642166		30	0	1	original_hum_ascii_original	original_hum_d_plus_e	93	200	107
original_hum	d_plus_e	14	final_prompt_token_minus_5	13119	0.15948860347270966	0.0	-0.15948860347270966	0.15948860347270966	14		1	0	original_hum_ascii_original	original_hum_d_plus_e	93	200	107
original_hum	d_plus_e	14	final_prompt_token_minus_5	13517	0.11006458103656769	0.0	-0.11006458103656769	0.11006458103656769	29		1	0	original_hum_ascii_original	original_hum_d_plus_e	93	200	107
original_hum	d_plus_e	14	final_prompt_token_minus_5	13883	0.0	0.08775735646486282	0.08775735646486282	0.08775735646486282		46	0	1	original_hum_ascii_original	original_hum_d_plus_e	93	200	107
original_hum	d_plus_e	14	final_prompt_token_minus_5	14648	0.0	0.08667545020580292	0.08667545020580292	0.08667545020580292		49	0	1	original_hum_ascii_original	original_hum_d_plus_e	93	200	107
original_hum	d_plus_e	14	final_prompt_token_minus_5	14885	0.0	0.12182998657226562	0.12182998657226562	0.12182998657226562		26	0	1	original_hum_ascii_original	original_hum_d_plus_e	93	200	107
original_hum	d_plus_e	14	final_prompt_token_minus_5	15006	0.09291967749595642	0.0	-0.09291967749595642	0.09291967749595642	42		1	0	original_hum_ascii_original	original_hum_d_plus_e	93	200	107
original_hum	d_plus_e	14	final_prompt_token_minus_5	15260	0.0	0.11056391149759293	0.11056391149759293	0.11056391149759293		32	0	1	original_hum_ascii_original	original_hum_d_plus_e	93	200	107
original_hum	d_plus_e	14	final_prompt_token_minus_5	15527	0.0	0.15444672107696533	0.15444672107696533	0.15444672107696533		20	0	1	original_hum_ascii_original	original_hum_d_plus_e	93	200	107
original_hum	d_plus_e	14	final_prompt_token_minus_5	16195	0.1765463501214981	0.0	-0.1765463501214981	0.1765463501214981	11		1	0	original_hum_ascii_original	original_hum_d_plus_e	93	200	107
original_hum	d_plus_e	14	final_prompt_token_minus_5	16325	0.0	0.08565740287303925	0.08565740287303925	0.08565740287303925		50	0	1	original_hum_ascii_original	original_hum_d_plus_e	93	200	107
original_hum	d_plus_e	14	final_prompt_token_minus_5	16973	0.13534760475158691	0.0	-0.13534760475158691	0.13534760475158691	19		1	0	original_hum_ascii_original	original_hum_d_plus_e	93	200	107
original_hum	d_plus_e	14	final_prompt_token_minus_5	17059	0.0	0.1640194058418274	0.1640194058418274	0.1640194058418274		16	0	1	original_hum_ascii_original	original_hum_d_plus_e	93	200	107
original_hum	d_plus_e	14	final_prompt_token_minus_5	17193	0.0	0.16355490684509277	0.16355490684509277	0.16355490684509277		17	0	1	original_hum_ascii_original	original_hum_d_plus_e	93	200	107
original_hum	d_plus_e	14	final_prompt_token_minus_5	17225	0.0	0.0877489298582077	0.0877489298582077	0.0877489298582077		47	0	1	original_hum_ascii_original	original_hum_d_plus_e	93	200	107
original_hum	d_plus_e	14	final_prompt_token_minus_5	17275	0.0	0.12166636437177658	0.12166636437177658	0.12166636437177658		27	0	1	original_hum_ascii_original	original_hum_d_plus_e	93	200	107
original_hum	d_plus_e	14	final_prompt_token_minus_5	17384	0.0928545594215393	0.0	-0.0928545594215393	0.0928545594215393	43		1	0	original_hum_ascii_original	original_hum_d_plus_e	93	200	107
original_hum	d_plus_e	14	final_prompt_token_minus_5	17656	0.12278657406568527	0.1465449035167694	0.023758329451084137	0.023758329451084137	23	21	1	1	original_hum_ascii_original	original_hum_d_plus_e	93	200	107
original_hum	d_plus_e	14	final_prompt_token_minus_5	17889	0.14771750569343567	0.0	-0.14771750569343567	0.14771750569343567	15		1	0	original_hum_ascii_original	original_hum_d_plus_e	93	200	107
original_hum	d_plus_e	14	final_prompt_token_minus_5	18609	0.0	0.11178629100322723	0.11178629100322723	0.11178629100322723		31	0	1	original_hum_ascii_original	original_hum_d_plus_e	93	200	107
original_hum	d_plus_e	14	final_prompt_token_minus_5	18673	0.18366771936416626	0.0	-0.18366771936416626	0.18366771936416626	9		1	0	original_hum_ascii_original	original_hum_d_plus_e	93	200	107
original_hum	d_plus_e	14	final_prompt_token_minus_5	18775	0.10586845874786377	0.0	-0.10586845874786377	0.10586845874786377	34		1	0	original_hum_ascii_original	original_hum_d_plus_e	93	200	107
original_hum	d_plus_e	14	final_prompt_token_minus_5	19919	0.12692531943321228	0.0	-0.12692531943321228	0.12692531943321228	22		1	0	original_hum_ascii_original	original_hum_d_plus_e	93	200	107
original_hum	d_plus_e	14	final_prompt_token_minus_5	20064	0.13042046129703522	0.19360463321208954	0.06318417191505432	0.06318417191505432	21	13	1	1	original_hum_ascii_original	original_hum_d_plus_e	93	200	107
original_hum	d_plus_e	14	final_prompt_token_minus_5	20557	0.18499016761779785	0.17910394072532654	-0.0058862268924713135	0.0058862268924713135	8	14	1	1	original_hum_ascii_original	original_hum_d_plus_e	93	200	107
original_hum	d_plus_e	14	final_prompt_token_minus_5	20681	0.09171319007873535	0.0	-0.09171319007873535	0.09171319007873535	45		1	0	original_hum_ascii_original	original_hum_d_plus_e	93	200	107
original_hum	d_plus_e	14	final_prompt_token_minus_5	21303	0.0	0.1433252990245819	0.1433252990245819	0.1433252990245819		24	0	1	original_hum_ascii_original	original_hum_d_plus_e	93	200	107
original_hum	d_plus_e	14	final_prompt_token_minus_5	21803	0.09094459563493729	0.0	-0.09094459563493729	0.09094459563493729	47		1	0	original_hum_ascii_original	original_hum_d_plus_e	93	200	107
original_hum	d_plus_e	14	final_prompt_token_minus_5	22153	0.0	0.09576253592967987	0.09576253592967987	0.09576253592967987		42	0	1	original_hum_ascii_original	original_hum_d_plus_e	93	200	107
original_hum	d_plus_e	14	final_prompt_token_minus_5	22208	0.09776429831981659	0.0	-0.09776429831981659	0.09776429831981659	40		1	0	original_hum_ascii_original	original_hum_d_plus_e	93	200	107
original_hum	d_plus_e	14	final_prompt_token_minus_5	22601	0.0	0.15852737426757812	0.15852737426757812	0.15852737426757812		18	0	1	original_hum_ascii_original	original_hum_d_plus_e	93	200	107
original_hum	d_plus_e	14	final_prompt_token_minus_5	22813	0.10602040588855743	0.0	-0.10602040588855743	0.10602040588855743	32		1	0	original_hum_ascii_original	original_hum_d_plus_e	93	200	107
original_hum	d_plus_e	14	final_prompt_token_minus_5	23073	0.1408545970916748	0.0935990959405899	-0.0472555011510849	0.0472555011510849	17	44	1	1	original_hum_ascii_original	original_hum_d_plus_e	93	200	107
original_hum	d_plus_e	14	final_prompt_token_minus_5	23364	0.10133588314056396	0.17045637965202332	0.06912049651145935	0.06912049651145935	38	15	1	1	original_hum_ascii_original	original_hum_d_plus_e	93	200	107
original_hum	d_plus_e	14	final_prompt_token_minus_5	23957	0.09750664979219437	0.0	-0.09750664979219437	0.09750664979219437	41		1	0	original_hum_ascii_original	original_hum_d_plus_e	93	200	107
original_hum	d_plus_e	14	final_prompt_token_minus_5	24528	0.0	0.10876214504241943	0.10876214504241943	0.10876214504241943		34	0	1	original_hum_ascii_original	original_hum_d_plus_e	93	200	107
original_hum	d_plus_e	14	final_prompt_token_minus_5	25125	0.10812551528215408	0.0	-0.10812551528215408	0.10812551528215408	31		1	0	original_hum_ascii_original	original_hum_d_plus_e	93	200	107
original_hum	d_plus_e	14	final_prompt_token_minus_5	26050	0.0	0.13267892599105835	0.13267892599105835	0.13267892599105835		25	0	1	original_hum_ascii_original	original_hum_d_plus_e	93	200	107
original_hum	d_plus_e	14	final_prompt_token_minus_5	26156	0.0	0.1563645303249359	0.1563645303249359	0.1563645303249359		19	0	1	original_hum_ascii_original	original_hum_d_plus_e	93	200	107
original_hum	d_plus_e	14	final_prompt_token_minus_5	26945	0.11726683378219604	0.0	-0.11726683378219604	0.11726683378219604	26		1	0	original_hum_ascii_original	original_hum_d_plus_e	93	200	107
original_hum	d_plus_e	14	final_prompt_token_minus_5	27023	0.4281465411186218	0.10040371865034103	-0.3277428224682808	0.3277428224682808	4	39	1	1	original_hum_ascii_original	original_hum_d_plus_e	93	200	107
original_hum	d_plus_e	14	final_prompt_token_minus_5	27507	0.0	0.09589144587516785	0.09589144587516785	0.09589144587516785		41	0	1	original_hum_ascii_original	original_hum_d_plus_e	93	200	107
original_hum	d_plus_e	14	final_prompt_token_minus_5	27532	0.0	0.213924378156662	0.213924378156662	0.213924378156662		11	0	1	original_hum_ascii_original	original_hum_d_plus_e	93	200	107
original_hum	d_plus_e	14	final_prompt_token_minus_5	28149	0.10150748491287231	0.0	-0.10150748491287231	0.10150748491287231	37		1	0	original_hum_ascii_original	original_hum_d_plus_e	93	200	107
original_hum	d_plus_e	14	final_prompt_token_minus_5	29480	0.0	0.1029767394065857	0.1029767394065857	0.1029767394065857		37	0	1	original_hum_ascii_original	original_hum_d_plus_e	93	200	107
original_hum	d_plus_e	14	final_prompt_token_minus_5	29868	0.13392025232315063	0.0	-0.13392025232315063	0.13392025232315063	20		1	0	original_hum_ascii_original	original_hum_d_plus_e	93	200	107
original_hum	d_plus_e	14	final_prompt_token_minus_5	30811	0.0	0.19645127654075623	0.19645127654075623	0.19645127654075623		12	0	1	original_hum_ascii_original	original_hum_d_plus_e	93	200	107
original_hum	d_plus_e	14	final_prompt_token_minus_5	30822	0.0	0.10253851860761642	0.10253851860761642	0.10253851860761642		38	0	1	original_hum_ascii_original	original_hum_d_plus_e	93	200	107
original_hum	d_plus_e	14	final_prompt_token_minus_5	30950	0.11847710609436035	0.0	-0.11847710609436035	0.11847710609436035	25		1	0	original_hum_ascii_original	original_hum_d_plus_e	93	200	107
original_hum	d_plus_e	14	final_prompt_token_minus_5	31267	0.0927112028002739	0.0	-0.0927112028002739	0.0927112028002739	44		1	0	original_hum_ascii_original	original_hum_d_plus_e	93	200	107
original_hum	d_plus_e	14	final_prompt_token_minus_5	31558	0.0915255919098854	0.0	-0.0915255919098854	0.0915255919098854	46		1	0	original_hum_ascii_original	original_hum_d_plus_e	93	200	107
original_hum	d_plus_e	14	final_prompt_token_minus_5	31733	0.10594604909420013	0.0	-0.10594604909420013	0.10594604909420013	33		1	0	original_hum_ascii_original	original_hum_d_plus_e	93	200	107
original_hum	d_plus_e	14	final_prompt_token_minus_10	372	0.0	0.1168062835931778	0.1168062835931778	0.1168062835931778		33	0	1	original_hum_ascii_original	original_hum_d_plus_e	93	200	107
original_hum	d_plus_e	14	final_prompt_token_minus_10	389	0.22831714153289795	0.0	-0.22831714153289795	0.22831714153289795	12		1	0	original_hum_ascii_original	original_hum_d_plus_e	93	200	107
original_hum	d_plus_e	14	final_prompt_token_minus_10	438	0.12640373408794403	0.0	-0.12640373408794403	0.12640373408794403	48		1	0	original_hum_ascii_original	original_hum_d_plus_e	93	200	107
original_hum	d_plus_e	14	final_prompt_token_minus_10	872	0.14789557456970215	0.0	-0.14789557456970215	0.14789557456970215	32		1	0	original_hum_ascii_original	original_hum_d_plus_e	93	200	107
original_hum	d_plus_e	14	final_prompt_token_minus_10	2172	0.0	0.10592021048069	0.10592021048069	0.10592021048069		44	0	1	original_hum_ascii_original	original_hum_d_plus_e	93	200	107
original_hum	d_plus_e	14	final_prompt_token_minus_10	2211	0.0	0.24107329547405243	0.24107329547405243	0.24107329547405243		7	0	1	original_hum_ascii_original	original_hum_d_plus_e	93	200	107
original_hum	d_plus_e	14	final_prompt_token_minus_10	2221	0.0	0.11286874860525131	0.11286874860525131	0.11286874860525131		37	0	1	original_hum_ascii_original	original_hum_d_plus_e	93	200	107
original_hum	d_plus_e	14	final_prompt_token_minus_10	2328	0.24085605144500732	0.0	-0.24085605144500732	0.24085605144500732	11		1	0	original_hum_ascii_original	original_hum_d_plus_e	93	200	107
original_hum	d_plus_e	14	final_prompt_token_minus_10	2696	0.0	0.11023639887571335	0.11023639887571335	0.11023639887571335		40	0	1	original_hum_ascii_original	original_hum_d_plus_e	93	200	107
original_hum	d_plus_e	14	final_prompt_token_minus_10	2961	0.29128599166870117	1.313249111175537	1.021963119506836	1.021963119506836	7	1	1	1	original_hum_ascii_original	original_hum_d_plus_e	93	200	107
original_hum	d_plus_e	14	final_prompt_token_minus_10	3122	0.0	0.20738115906715393	0.20738115906715393	0.20738115906715393		10	0	1	original_hum_ascii_original	original_hum_d_plus_e	93	200	107
original_hum	d_plus_e	14	final_prompt_token_minus_10	3994	0.29292353987693787	0.0	-0.29292353987693787	0.29292353987693787	6		1	0	original_hum_ascii_original	original_hum_d_plus_e	93	200	107
original_hum	d_plus_e	14	final_prompt_token_minus_10	4010	0.0	0.1094055324792862	0.1094055324792862	0.1094055324792862		42	0	1	original_hum_ascii_original	original_hum_d_plus_e	93	200	107
original_hum	d_plus_e	14	final_prompt_token_minus_10	4170	0.0	0.10903993248939514	0.10903993248939514	0.10903993248939514		43	0	1	original_hum_ascii_original	original_hum_d_plus_e	93	200	107
original_hum	d_plus_e	14	final_prompt_token_minus_10	4605	0.0	0.12336370348930359	0.12336370348930359	0.12336370348930359		30	0	1	original_hum_ascii_original	original_hum_d_plus_e	93	200	107
original_hum	d_plus_e	14	final_prompt_token_minus_10	4718	0.13467371463775635	0.0	-0.13467371463775635	0.13467371463775635	40		1	0	original_hum_ascii_original	original_hum_d_plus_e	93	200	107
original_hum	d_plus_e	14	final_prompt_token_minus_10	4753	0.0	0.12538444995880127	0.12538444995880127	0.12538444995880127		29	0	1	original_hum_ascii_original	original_hum_d_plus_e	93	200	107
original_hum	d_plus_e	14	final_prompt_token_minus_10	5903	0.19853372871875763	0.0	-0.19853372871875763	0.19853372871875763	15		1	0	original_hum_ascii_original	original_hum_d_plus_e	93	200	107
original_hum	d_plus_e	14	final_prompt_token_minus_10	6192	0.1287318468093872	0.0	-0.1287318468093872	0.1287318468093872	47		1	0	original_hum_ascii_original	original_hum_d_plus_e	93	200	107
original_hum	d_plus_e	14	final_prompt_token_minus_10	6429	0.0	0.3227051794528961	0.3227051794528961	0.3227051794528961		6	0	1	original_hum_ascii_original	original_hum_d_plus_e	93	200	107
original_hum	d_plus_e	14	final_prompt_token_minus_10	6442	0.0	0.11924933642148972	0.11924933642148972	0.11924933642148972		32	0	1	original_hum_ascii_original	original_hum_d_plus_e	93	200	107
original_hum	d_plus_e	14	final_prompt_token_minus_10	6557	0.19661995768547058	0.0	-0.19661995768547058	0.19661995768547058	17		1	0	original_hum_ascii_original	original_hum_d_plus_e	93	200	107
original_hum	d_plus_e	14	final_prompt_token_minus_10	6642	0.2821335792541504	0.0	-0.2821335792541504	0.2821335792541504	8		1	0	original_hum_ascii_original	original_hum_d_plus_e	93	200	107
original_hum	d_plus_e	14	final_prompt_token_minus_10	6681	0.0	0.16008307039737701	0.16008307039737701	0.16008307039737701		19	0	1	original_hum_ascii_original	original_hum_d_plus_e	93	200	107
original_hum	d_plus_e	14	final_prompt_token_minus_10	6804	0.0	0.9365907311439514	0.9365907311439514	0.9365907311439514		2	0	1	original_hum_ascii_original	original_hum_d_plus_e	93	200	107
original_hum	d_plus_e	14	final_prompt_token_minus_10	7427	0.13666051626205444	0.0	-0.13666051626205444	0.13666051626205444	39		1	0	original_hum_ascii_original	original_hum_d_plus_e	93	200	107
original_hum	d_plus_e	14	final_prompt_token_minus_10	7845	0.19415977597236633	0.0	-0.19415977597236633	0.19415977597236633	18		1	0	original_hum_ascii_original	original_hum_d_plus_e	93	200	107
original_hum	d_plus_e	14	final_prompt_token_minus_10	7998	0.0	0.34380078315734863	0.34380078315734863	0.34380078315734863		4	0	1	original_hum_ascii_original	original_hum_d_plus_e	93	200	107
original_hum	d_plus_e	14	final_prompt_token_minus_10	8009	0.0	0.17343100905418396	0.17343100905418396	0.17343100905418396		14	0	1	original_hum_ascii_original	original_hum_d_plus_e	93	200	107
original_hum	d_plus_e	14	final_prompt_token_minus_10	9106	0.0	0.1609874665737152	0.1609874665737152	0.1609874665737152		18	0	1	original_hum_ascii_original	original_hum_d_plus_e	93	200	107
original_hum	d_plus_e	14	final_prompt_token_minus_10	9336	0.0	0.15359151363372803	0.15359151363372803	0.15359151363372803		21	0	1	original_hum_ascii_original	original_hum_d_plus_e	93	200	107
original_hum	d_plus_e	14	final_prompt_token_minus_10	9867	0.1296529769897461	0.0	-0.1296529769897461	0.1296529769897461	46		1	0	original_hum_ascii_original	original_hum_d_plus_e	93	200	107
original_hum	d_plus_e	14	final_prompt_token_minus_10	9914	0.1473228633403778	0.0	-0.1473228633403778	0.1473228633403778	33		1	0	original_hum_ascii_original	original_hum_d_plus_e	93	200	107
original_hum	d_plus_e	14	final_prompt_token_minus_10	10221	0.13865381479263306	0.0	-0.13865381479263306	0.13865381479263306	36		1	0	original_hum_ascii_original	original_hum_d_plus_e	93	200	107
original_hum	d_plus_e	14	final_prompt_token_minus_10	10677	0.15325823426246643	0.0	-0.15325823426246643	0.15325823426246643	29		1	0	original_hum_ascii_original	original_hum_d_plus_e	93	200	107
original_hum	d_plus_e	14	final_prompt_token_minus_10	10845	0.26700595021247864	0.0	-0.26700595021247864	0.26700595021247864	10		1	0	original_hum_ascii_original	original_hum_d_plus_e	93	200	107
original_hum	d_plus_e	14	final_prompt_token_minus_10	10913	0.0	0.09829839318990707	0.09829839318990707	0.09829839318990707		50	0	1	original_hum_ascii_original	original_hum_d_plus_e	93	200	107
original_hum	d_plus_e	14	final_prompt_token_minus_10	10976	0.18629325926303864	0.0	-0.18629325926303864	0.18629325926303864	19		1	0	original_hum_ascii_original	original_hum_d_plus_e	93	200	107
original_hum	d_plus_e	14	final_prompt_token_minus_10	11315	0.0	0.1564728319644928	0.1564728319644928	0.1564728319644928		20	0	1	original_hum_ascii_original	original_hum_d_plus_e	93	200	107
original_hum	d_plus_e	14	final_prompt_token_minus_10	11466	0.14874418079853058	0.0	-0.14874418079853058	0.14874418079853058	31		1	0	original_hum_ascii_original	original_hum_d_plus_e	93	200	107
original_hum	d_plus_e	14	final_prompt_token_minus_10	11646	0.13824020326137543	0.0	-0.13824020326137543	0.13824020326137543	37		1	0	original_hum_ascii_original	original_hum_d_plus_e	93	200	107
original_hum	d_plus_e	14	final_prompt_token_minus_10	11914	0.29545357823371887	0.0	-0.29545357823371887	0.29545357823371887	5		1	0	original_hum_ascii_original	original_hum_d_plus_e	93	200	107
original_hum	d_plus_e	14	final_prompt_token_minus_10	12000	0.0	0.12271784991025925	0.12271784991025925	0.12271784991025925		31	0	1	original_hum_ascii_original	original_hum_d_plus_e	93	200	107
original_hum	d_plus_e	14	final_prompt_token_minus_10	12179	0.0	0.18073755502700806	0.18073755502700806	0.18073755502700806		13	0	1	original_hum_ascii_original	original_hum_d_plus_e	93	200	107
original_hum	d_plus_e	14	final_prompt_token_minus_10	13119	0.22814424335956573	0.11537928879261017	-0.11276495456695557	0.11276495456695557	13	34	1	1	original_hum_ascii_original	original_hum_d_plus_e	93	200	107
original_hum	d_plus_e	14	final_prompt_token_minus_10	13454	0.1422826200723648	0.0	-0.1422826200723648	0.1422826200723648	35		1	0	original_hum_ascii_original	original_hum_d_plus_e	93	200	107
original_hum	d_plus_e	14	final_prompt_token_minus_10	13517	0.0	0.11400909721851349	0.11400909721851349	0.11400909721851349		35	0	1	original_hum_ascii_original	original_hum_d_plus_e	93	200	107
original_hum	d_plus_e	14	final_prompt_token_minus_10	13742	0.0	0.10077653080224991	0.10077653080224991	0.10077653080224991		46	0	1	original_hum_ascii_original	original_hum_d_plus_e	93	200	107
original_hum	d_plus_e	14	final_prompt_token_minus_10	14287	0.0	0.13315455615520477	0.13315455615520477	0.13315455615520477		26	0	1	original_hum_ascii_original	original_hum_d_plus_e	93	200	107
original_hum	d_plus_e	14	final_prompt_token_minus_10	14360	0.17904530465602875	0.0	-0.17904530465602875	0.17904530465602875	22		1	0	original_hum_ascii_original	original_hum_d_plus_e	93	200	107
original_hum	d_plus_e	14	final_prompt_token_minus_10	14507	0.14582833647727966	0.0	-0.14582833647727966	0.14582833647727966	34		1	0	original_hum_ascii_original	original_hum_d_plus_e	93	200	107
original_hum	d_plus_e	14	final_prompt_token_minus_10	15473	0.0	0.16813205182552338	0.16813205182552338	0.16813205182552338		16	0	1	original_hum_ascii_original	original_hum_d_plus_e	93	200	107
original_hum	d_plus_e	14	final_prompt_token_minus_10	15501	0.0	0.18942584097385406	0.18942584097385406	0.18942584097385406		11	0	1	original_hum_ascii_original	original_hum_d_plus_e	93	200	107
original_hum	d_plus_e	14	final_prompt_token_minus_10	15998	0.0	0.1305629163980484	0.1305629163980484	0.1305629163980484		27	0	1	original_hum_ascii_original	original_hum_d_plus_e	93	200	107
original_hum	d_plus_e	14	final_prompt_token_minus_10	16195	0.0	0.6716731190681458	0.6716731190681458	0.6716731190681458		3	0	1	original_hum_ascii_original	original_hum_d_plus_e	93	200	107
original_hum	d_plus_e	14	final_prompt_token_minus_10	16436	0.12284058332443237	0.0	-0.12284058332443237	0.12284058332443237	50		1	0	original_hum_ascii_original	original_hum_d_plus_e	93	200	107
original_hum	d_plus_e	14	final_prompt_token_minus_10	16973	0.12634897232055664	0.0	-0.12634897232055664	0.12634897232055664	49		1	0	original_hum_ascii_original	original_hum_d_plus_e	93	200	107
original_hum	d_plus_e	14	final_prompt_token_minus_10	17072	0.13056580722332	0.0	-0.13056580722332	0.13056580722332	45		1	0	original_hum_ascii_original	original_hum_d_plus_e	93	200	107
original_hum	d_plus_e	14	final_prompt_token_minus_10	17259	0.0	0.09996072202920914	0.09996072202920914	0.09996072202920914		48	0	1	original_hum_ascii_original	original_hum_d_plus_e	93	200	107
original_hum	d_plus_e	14	final_prompt_token_minus_10	17816	0.15343055129051208	0.0	-0.15343055129051208	0.15343055129051208	28		1	0	original_hum_ascii_original	original_hum_d_plus_e	93	200	107
original_hum	d_plus_e	14	final_prompt_token_minus_10	18052	0.0	0.09998508542776108	0.09998508542776108	0.09998508542776108		47	0	1	original_hum_ascii_original	original_hum_d_plus_e	93	200	107
original_hum	d_plus_e	14	final_prompt_token_minus_10	18079	0.1681946963071823	0.0	-0.1681946963071823	0.1681946963071823	23		1	0	original_hum_ascii_original	original_hum_d_plus_e	93	200	107
original_hum	d_plus_e	14	final_prompt_token_minus_10	18607	0.0	0.10406800359487534	0.10406800359487534	0.10406800359487534		45	0	1	original_hum_ascii_original	original_hum_d_plus_e	93	200	107
original_hum	d_plus_e	14	final_prompt_token_minus_10	18609	0.0	0.11388500034809113	0.11388500034809113	0.11388500034809113		36	0	1	original_hum_ascii_original	original_hum_d_plus_e	93	200	107
original_hum	d_plus_e	14	final_prompt_token_minus_10	18673	0.0	0.18305939435958862	0.18305939435958862	0.18305939435958862		12	0	1	original_hum_ascii_original	original_hum_d_plus_e	93	200	107
original_hum	d_plus_e	14	final_prompt_token_minus_10	18982	0.0	0.16949313879013062	0.16949313879013062	0.16949313879013062		15	0	1	original_hum_ascii_original	original_hum_d_plus_e	93	200	107
original_hum	d_plus_e	14	final_prompt_token_minus_10	19133	0.0	0.20797710120677948	0.20797710120677948	0.20797710120677948		9	0	1	original_hum_ascii_original	original_hum_d_plus_e	93	200	107
original_hum	d_plus_e	14	final_prompt_token_minus_10	19614	0.0	0.1100032776594162	0.1100032776594162	0.1100032776594162		41	0	1	original_hum_ascii_original	original_hum_d_plus_e	93	200	107
original_hum	d_plus_e	14	final_prompt_token_minus_10	19988	0.30489277839660645	0.0	-0.30489277839660645	0.30489277839660645	4		1	0	original_hum_ascii_original	original_hum_d_plus_e	93	200	107
original_hum	d_plus_e	14	final_prompt_token_minus_10	20345	0.1641150414943695	0.0	-0.1641150414943695	0.1641150414943695	24		1	0	original_hum_ascii_original	original_hum_d_plus_e	93	200	107
original_hum	d_plus_e	14	final_prompt_token_minus_10	20402	0.1313169151544571	0.0	-0.1313169151544571	0.1313169151544571	41		1	0	original_hum_ascii_original	original_hum_d_plus_e	93	200	107
original_hum	d_plus_e	14	final_prompt_token_minus_10	20529	0.17968140542507172	0.0	-0.17968140542507172	0.17968140542507172	21		1	0	original_hum_ascii_original	original_hum_d_plus_e	93	200	107
original_hum	d_plus_e	14	final_prompt_token_minus_10	20557	0.28096428513526917	0.0	-0.28096428513526917	0.28096428513526917	9		1	0	original_hum_ascii_original	original_hum_d_plus_e	93	200	107
original_hum	d_plus_e	14	final_prompt_token_minus_10	21486	0.13101494312286377	0.0	-0.13101494312286377	0.13101494312286377	44		1	0	original_hum_ascii_original	original_hum_d_plus_e	93	200	107
original_hum	d_plus_e	14	final_prompt_token_minus_10	21821	0.1489848643541336	0.0	-0.1489848643541336	0.1489848643541336	30		1	0	original_hum_ascii_original	original_hum_d_plus_e	93	200	107
original_hum	d_plus_e	14	final_prompt_token_minus_10	22234	0.19749358296394348	0.0	-0.19749358296394348	0.19749358296394348	16		1	0	original_hum_ascii_original	original_hum_d_plus_e	93	200	107
original_hum	d_plus_e	14	final_prompt_token_minus_10	22870	0.13787509500980377	0.0	-0.13787509500980377	0.13787509500980377	38		1	0	original_hum_ascii_original	original_hum_d_plus_e	93	200	107
original_hum	d_plus_e	14	final_prompt_token_minus_10	22945	0.13124960660934448	0.0	-0.13124960660934448	0.13124960660934448	42		1	0	original_hum_ascii_original	original_hum_d_plus_e	93	200	107
original_hum	d_plus_e	14	final_prompt_token_minus_10	23073	0.0	0.13764864206314087	0.13764864206314087	0.13764864206314087		23	0	1	original_hum_ascii_original	original_hum_d_plus_e	93	200	107
original_hum	d_plus_e	14	final_prompt_token_minus_10	23364	0.0	0.13472113013267517	0.13472113013267517	0.13472113013267517		24	0	1	original_hum_ascii_original	original_hum_d_plus_e	93	200	107
original_hum	d_plus_e	14	final_prompt_token_minus_10	23493	0.1580626517534256	0.0	-0.1580626517534256	0.1580626517534256	27		1	0	original_hum_ascii_original	original_hum_d_plus_e	93	200	107
original_hum	d_plus_e	14	final_prompt_token_minus_10	24296	0.3665282130241394	0.0	-0.3665282130241394	0.3665282130241394	3		1	0	original_hum_ascii_original	original_hum_d_plus_e	93	200	107
original_hum	d_plus_e	14	final_prompt_token_minus_10	24536	0.0	0.14160601794719696	0.14160601794719696	0.14160601794719696		22	0	1	original_hum_ascii_original	original_hum_d_plus_e	93	200	107
original_hum	d_plus_e	14	final_prompt_token_minus_10	26049	0.18129445612430573	0.0	-0.18129445612430573	0.18129445612430573	20		1	0	original_hum_ascii_original	original_hum_d_plus_e	93	200	107
original_hum	d_plus_e	14	final_prompt_token_minus_10	26316	0.0	0.22967027127742767	0.22967027127742767	0.22967027127742767		8	0	1	original_hum_ascii_original	original_hum_d_plus_e	93	200	107
original_hum	d_plus_e	14	final_prompt_token_minus_10	27023	0.0	0.32769274711608887	0.32769274711608887	0.32769274711608887		5	0	1	original_hum_ascii_original	original_hum_d_plus_e	93	200	107
original_hum	d_plus_e	14	final_prompt_token_minus_10	27057	0.21331223845481873	0.0	-0.21331223845481873	0.21331223845481873	14		1	0	original_hum_ascii_original	original_hum_d_plus_e	93	200	107
original_hum	d_plus_e	14	final_prompt_token_minus_10	27661	0.16031919419765472	0.0	-0.16031919419765472	0.16031919419765472	25		1	0	original_hum_ascii_original	original_hum_d_plus_e	93	200	107
original_hum	d_plus_e	14	final_prompt_token_minus_10	28536	0.0	0.09865401685237885	0.09865401685237885	0.09865401685237885		49	0	1	original_hum_ascii_original	original_hum_d_plus_e	93	200	107
original_hum	d_plus_e	14	final_prompt_token_minus_10	28627	0.1588219702243805	0.0	-0.1588219702243805	0.1588219702243805	26		1	0	original_hum_ascii_original	original_hum_d_plus_e	93	200	107
original_hum	d_plus_e	14	final_prompt_token_minus_10	29791	0.13114282488822937	0.0	-0.13114282488822937	0.13114282488822937	43		1	0	original_hum_ascii_original	original_hum_d_plus_e	93	200	107
original_hum	d_plus_e	14	final_prompt_token_minus_10	29800	0.0	0.12668457627296448	0.12668457627296448	0.12668457627296448		28	0	1	original_hum_ascii_original	original_hum_d_plus_e	93	200	107
original_hum	d_plus_e	14	final_prompt_token_minus_10	30141	0.0	0.11133652925491333	0.11133652925491333	0.11133652925491333		39	0	1	original_hum_ascii_original	original_hum_d_plus_e	93	200	107
original_hum	d_plus_e	14	final_prompt_token_minus_10	31706	0.38800662755966187	0.0	-0.38800662755966187	0.38800662755966187	2		1	0	original_hum_ascii_original	original_hum_d_plus_e	93	200	107
original_hum	d_plus_e	14	final_prompt_token_minus_10	31733	0.4693179726600647	0.0	-0.4693179726600647	0.4693179726600647	1		1	0	original_hum_ascii_original	original_hum_d_plus_e	93	200	107
original_hum	d_plus_e	14	final_prompt_token_minus_10	31735	0.0	0.11281030625104904	0.11281030625104904	0.11281030625104904		38	0	1	original_hum_ascii_original	original_hum_d_plus_e	93	200	107
original_hum	d_plus_e	14	final_prompt_token_minus_10	32204	0.0	0.13353118300437927	0.13353118300437927	0.13353118300437927		25	0	1	original_hum_ascii_original	original_hum_d_plus_e	93	200	107
original_hum	d_plus_e	14	final_prompt_token_minus_10	32427	0.0	0.16676481068134308	0.16676481068134308	0.16676481068134308		17	0	1	original_hum_ascii_original	original_hum_d_plus_e	93	200	107
original_hum	s_to_ş	26	final_prompt_token	599	0.26421117782592773	0.22450387477874756	-0.039707303047180176	0.039707303047180176	14	20	1	1	original_hum_ascii_original	original_hum_s_to_ş	93	136	43
original_hum	s_to_ş	26	final_prompt_token	704	0.0	0.18862393498420715	0.18862393498420715	0.18862393498420715		30	0	1	original_hum_ascii_original	original_hum_s_to_ş	93	136	43
original_hum	s_to_ş	26	final_prompt_token	799	0.0	0.185621976852417	0.185621976852417	0.185621976852417		33	0	1	original_hum_ascii_original	original_hum_s_to_ş	93	136	43
original_hum	s_to_ş	26	final_prompt_token	1626	0.42868274450302124	0.223348468542099	-0.20533427596092224	0.20533427596092224	4	22	1	1	original_hum_ascii_original	original_hum_s_to_ş	93	136	43
original_hum	s_to_ş	26	final_prompt_token	2722	0.18328024446964264	0.0	-0.18328024446964264	0.18328024446964264	35		1	0	original_hum_ascii_original	original_hum_s_to_ş	93	136	43
original_hum	s_to_ş	26	final_prompt_token	2938	1.5165886878967285	1.7200827598571777	0.20349407196044922	0.20349407196044922	1	1	1	1	original_hum_ascii_original	original_hum_s_to_ş	93	136	43
original_hum	s_to_ş	26	final_prompt_token	3241	0.39762821793556213	0.4398913085460663	0.04226309061050415	0.04226309061050415	6	4	1	1	original_hum_ascii_original	original_hum_s_to_ş	93	136	43
original_hum	s_to_ş	26	final_prompt_token	3271	0.1778457760810852	0.16152699291706085	-0.016318783164024353	0.016318783164024353	39	45	1	1	original_hum_ascii_original	original_hum_s_to_ş	93	136	43
original_hum	s_to_ş	26	final_prompt_token	3689	0.0	0.1580226570367813	0.1580226570367813	0.1580226570367813		49	0	1	original_hum_ascii_original	original_hum_s_to_ş	93	136	43
original_hum	s_to_ş	26	final_prompt_token	4795	0.15955334901809692	0.0	-0.15955334901809692	0.15955334901809692	46		1	0	original_hum_ascii_original	original_hum_s_to_ş	93	136	43
original_hum	s_to_ş	26	final_prompt_token	5183	0.0	0.17106178402900696	0.17106178402900696	0.17106178402900696		39	0	1	original_hum_ascii_original	original_hum_s_to_ş	93	136	43
original_hum	s_to_ş	26	final_prompt_token	5257	0.24086657166481018	0.1626681089401245	-0.07819846272468567	0.07819846272468567	19	43	1	1	original_hum_ascii_original	original_hum_s_to_ş	93	136	43
original_hum	s_to_ş	26	final_prompt_token	6021	0.2518101930618286	0.22589951753616333	-0.025910675525665283	0.025910675525665283	16	19	1	1	original_hum_ascii_original	original_hum_s_to_ş	93	136	43
original_hum	s_to_ş	26	final_prompt_token	6194	0.3265438377857208	0.2721908688545227	-0.05435296893119812	0.05435296893119812	11	10	1	1	original_hum_ascii_original	original_hum_s_to_ş	93	136	43
original_hum	s_to_ş	26	final_prompt_token	6429	0.28714343905448914	0.32383403182029724	0.036690592765808105	0.036690592765808105	12	7	1	1	original_hum_ascii_original	original_hum_s_to_ş	93	136	43
original_hum	s_to_ş	26	final_prompt_token	6593	0.17148388922214508	0.17876924574375153	0.007285356521606445	0.007285356521606445	44	35	1	1	original_hum_ascii_original	original_hum_s_to_ş	93	136	43
original_hum	s_to_ş	26	final_prompt_token	7108	0.17276988923549652	0.0	-0.17276988923549652	0.17276988923549652	43		1	0	original_hum_ascii_original	original_hum_s_to_ş	93	136	43
original_hum	s_to_ş	26	final_prompt_token	7163	0.18945331871509552	0.23170407116413116	0.042250752449035645	0.042250752449035645	31	16	1	1	original_hum_ascii_original	original_hum_s_to_ş	93	136	43
original_hum	s_to_ş	26	final_prompt_token	7730	0.0	0.1584671288728714	0.1584671288728714	0.1584671288728714		48	0	1	original_hum_ascii_original	original_hum_s_to_ş	93	136	43
original_hum	s_to_ş	26	final_prompt_token	7982	0.22221095860004425	0.2278582751750946	0.005647316575050354	0.005647316575050354	23	18	1	1	original_hum_ascii_original	original_hum_s_to_ş	93	136	43
original_hum	s_to_ş	26	final_prompt_token	8216	0.17607000470161438	0.0	-0.17607000470161438	0.17607000470161438	40		1	0	original_hum_ascii_original	original_hum_s_to_ş	93	136	43
original_hum	s_to_ş	26	final_prompt_token	8418	0.17841987311840057	0.0	-0.17841987311840057	0.17841987311840057	38		1	0	original_hum_ascii_original	original_hum_s_to_ş	93	136	43
original_hum	s_to_ş	26	final_prompt_token	8882	0.17877648770809174	0.0	-0.17877648770809174	0.17877648770809174	37		1	0	original_hum_ascii_original	original_hum_s_to_ş	93	136	43
original_hum	s_to_ş	26	final_prompt_token	9745	0.1738123893737793	0.0	-0.1738123893737793	0.1738123893737793	41		1	0	original_hum_ascii_original	original_hum_s_to_ş	93	136	43
original_hum	s_to_ş	26	final_prompt_token	10146	0.0	0.20722097158432007	0.20722097158432007	0.20722097158432007		24	0	1	original_hum_ascii_original	original_hum_s_to_ş	93	136	43
original_hum	s_to_ş	26	final_prompt_token	10676	0.0	0.1731085181236267	0.1731085181236267	0.1731085181236267		36	0	1	original_hum_ascii_original	original_hum_s_to_ş	93	136	43
original_hum	s_to_ş	26	final_prompt_token	10709	0.0	0.18518725037574768	0.18518725037574768	0.18518725037574768		34	0	1	original_hum_ascii_original	original_hum_s_to_ş	93	136	43
original_hum	s_to_ş	26	final_prompt_token	11256	0.3714236319065094	0.23653438687324524	-0.13488924503326416	0.13488924503326416	8	15	1	1	original_hum_ascii_original	original_hum_s_to_ş	93	136	43
original_hum	s_to_ş	26	final_prompt_token	11456	0.17288172245025635	0.0	-0.17288172245025635	0.17288172245025635	42		1	0	original_hum_ascii_original	original_hum_s_to_ş	93	136	43
original_hum	s_to_ş	26	final_prompt_token	12320	0.21982868015766144	0.1619558334350586	-0.057872846722602844	0.057872846722602844	24	44	1	1	original_hum_ascii_original	original_hum_s_to_ş	93	136	43
original_hum	s_to_ş	26	final_prompt_token	13061	0.20255284011363983	0.0	-0.20255284011363983	0.20255284011363983	27		1	0	original_hum_ascii_original	original_hum_s_to_ş	93	136	43
original_hum	s_to_ş	26	final_prompt_token	13791	0.0	0.16644205152988434	0.16644205152988434	0.16644205152988434		41	0	1	original_hum_ascii_original	original_hum_s_to_ş	93	136	43
original_hum	s_to_ş	26	final_prompt_token	13916	0.20334245264530182	0.1610322892665863	-0.042310163378715515	0.042310163378715515	26	46	1	1	original_hum_ascii_original	original_hum_s_to_ş	93	136	43
original_hum	s_to_ş	26	final_prompt_token	13935	0.33480870723724365	0.2910507619380951	-0.04375794529914856	0.04375794529914856	9	8	1	1	original_hum_ascii_original	original_hum_s_to_ş	93	136	43
original_hum	s_to_ş	26	final_prompt_token	14614	0.18283355236053467	0.2015829235315323	0.01874937117099762	0.01874937117099762	36	26	1	1	original_hum_ascii_original	original_hum_s_to_ş	93	136	43
original_hum	s_to_ş	26	final_prompt_token	14727	0.0	0.15889720618724823	0.15889720618724823	0.15889720618724823		47	0	1	original_hum_ascii_original	original_hum_s_to_ş	93	136	43
original_hum	s_to_ş	26	final_prompt_token	14955	0.0	0.22313693165779114	0.22313693165779114	0.22313693165779114		23	0	1	original_hum_ascii_original	original_hum_s_to_ş	93	136	43
original_hum	s_to_ş	26	final_prompt_token	15076	0.18733566999435425	0.20713041722774506	0.019794747233390808	0.019794747233390808	33	25	1	1	original_hum_ascii_original	original_hum_s_to_ş	93	136	43
original_hum	s_to_ş	26	final_prompt_token	15560	0.18576200306415558	0.0	-0.18576200306415558	0.18576200306415558	34		1	0	original_hum_ascii_original	original_hum_s_to_ş	93	136	43
original_hum	s_to_ş	26	final_prompt_token	15954	0.33095675706863403	0.1651613563299179	-0.16579540073871613	0.16579540073871613	10	42	1	1	original_hum_ascii_original	original_hum_s_to_ş	93	136	43
original_hum	s_to_ş	26	final_prompt_token	16310	0.0	0.1879464089870453	0.1879464089870453	0.1879464089870453		31	0	1	original_hum_ascii_original	original_hum_s_to_ş	93	136	43
original_hum	s_to_ş	26	final_prompt_token	16439	0.0	0.28990745544433594	0.28990745544433594	0.28990745544433594		9	0	1	original_hum_ascii_original	original_hum_s_to_ş	93	136	43
original_hum	s_to_ş	26	final_prompt_token	17394	0.2099277377128601	0.19953161478042603	-0.010396122932434082	0.010396122932434082	25	27	1	1	original_hum_ascii_original	original_hum_s_to_ş	93	136	43
original_hum	s_to_ş	26	final_prompt_token	17869	0.19256216287612915	0.0	-0.19256216287612915	0.19256216287612915	29		1	0	original_hum_ascii_original	original_hum_s_to_ş	93	136	43
original_hum	s_to_ş	26	final_prompt_token	18198	0.2619461417198181	0.0	-0.2619461417198181	0.2619461417198181	15		1	0	original_hum_ascii_original	original_hum_s_to_ş	93	136	43
original_hum	s_to_ş	26	final_prompt_token	18937	0.6793770790100098	0.5981411933898926	-0.08123588562011719	0.08123588562011719	3	3	1	1	original_hum_ascii_original	original_hum_s_to_ş	93	136	43
original_hum	s_to_ş	26	final_prompt_token	19335	0.1567714810371399	0.0	-0.1567714810371399	0.1567714810371399	49		1	0	original_hum_ascii_original	original_hum_s_to_ş	93	136	43
original_hum	s_to_ş	26	final_prompt_token	19389	0.3767392933368683	0.3686116337776184	-0.008127659559249878	0.008127659559249878	7	5	1	1	original_hum_ascii_original	original_hum_s_to_ş	93	136	43
original_hum	s_to_ş	26	final_prompt_token	21181	0.16554288566112518	0.0	-0.16554288566112518	0.16554288566112518	45		1	0	original_hum_ascii_original	original_hum_s_to_ş	93	136	43
original_hum	s_to_ş	26	final_prompt_token	22503	0.0	0.2312105894088745	0.2312105894088745	0.2312105894088745		17	0	1	original_hum_ascii_original	original_hum_s_to_ş	93	136	43
original_hum	s_to_ş	26	final_prompt_token	23070	0.0	0.17297014594078064	0.17297014594078064	0.17297014594078064		37	0	1	original_hum_ascii_original	original_hum_s_to_ş	93	136	43
original_hum	s_to_ş	26	final_prompt_token	23977	0.1921742558479309	0.18577083945274353	-0.006403416395187378	0.006403416395187378	30	32	1	1	original_hum_ascii_original	original_hum_s_to_ş	93	136	43
original_hum	s_to_ş	26	final_prompt_token	25001	0.2486875057220459	0.0	-0.2486875057220459	0.2486875057220459	17		1	0	original_hum_ascii_original	original_hum_s_to_ş	93	136	43
original_hum	s_to_ş	26	final_prompt_token	25377	0.0	0.19301000237464905	0.19301000237464905	0.19301000237464905		29	0	1	original_hum_ascii_original	original_hum_s_to_ş	93	136	43
original_hum	s_to_ş	26	final_prompt_token	25575	0.24138617515563965	0.19346041977405548	-0.04792575538158417	0.04792575538158417	18	28	1	1	original_hum_ascii_original	original_hum_s_to_ş	93	136	43
original_hum	s_to_ş	26	final_prompt_token	26363	0.15943516790866852	0.0	-0.15943516790866852	0.15943516790866852	47		1	0	original_hum_ascii_original	original_hum_s_to_ş	93	136	43
original_hum	s_to_ş	26	final_prompt_token	26684	0.22939588129520416	0.36788275837898254	0.13848687708377838	0.13848687708377838	20	6	1	1	original_hum_ascii_original	original_hum_s_to_ş	93	136	43
original_hum	s_to_ş	26	final_prompt_token	27342	0.22260019183158875	0.0	-0.22260019183158875	0.22260019183158875	22		1	0	original_hum_ascii_original	original_hum_s_to_ş	93	136	43
original_hum	s_to_ş	26	final_prompt_token	27872	0.15484745800495148	0.2598728537559509	0.10502539575099945	0.10502539575099945	50	12	1	1	original_hum_ascii_original	original_hum_s_to_ş	93	136	43
original_hum	s_to_ş	26	final_prompt_token	28713	0.6876921057701111	0.649358332157135	-0.038333773612976074	0.038333773612976074	2	2	1	1	original_hum_ascii_original	original_hum_s_to_ş	93	136	43
original_hum	s_to_ş	26	final_prompt_token	29524	0.267924427986145	0.2656729817390442	-0.00225144624710083	0.00225144624710083	13	11	1	1	original_hum_ascii_original	original_hum_s_to_ş	93	136	43
original_hum	s_to_ş	26	final_prompt_token	30033	0.18751904368400574	0.17205838859081268	-0.015460655093193054	0.015460655093193054	32	38	1	1	original_hum_ascii_original	original_hum_s_to_ş	93	136	43
original_hum	s_to_ş	26	final_prompt_token	30453	0.19626596570014954	0.22342127561569214	0.027155309915542603	0.027155309915542603	28	21	1	1	original_hum_ascii_original	original_hum_s_to_ş	93	136	43
original_hum	s_to_ş	26	final_prompt_token	31440	0.0	0.1689806878566742	0.1689806878566742	0.1689806878566742		40	0	1	original_hum_ascii_original	original_hum_s_to_ş	93	136	43
original_hum	s_to_ş	26	final_prompt_token	31836	0.0	0.1557554453611374	0.1557554453611374	0.1557554453611374		50	0	1	original_hum_ascii_original	original_hum_s_to_ş	93	136	43
original_hum	s_to_ş	26	final_prompt_token	31908	0.4130459427833557	0.2368944138288498	-0.17615152895450592	0.17615152895450592	5	14	1	1	original_hum_ascii_original	original_hum_s_to_ş	93	136	43
original_hum	s_to_ş	26	final_prompt_token	32454	0.1574060618877411	0.0	-0.1574060618877411	0.1574060618877411	48		1	0	original_hum_ascii_original	original_hum_s_to_ş	93	136	43
original_hum	s_to_ş	26	final_prompt_token	32698	0.2284238040447235	0.24579817056655884	0.017374366521835327	0.017374366521835327	21	13	1	1	original_hum_ascii_original	original_hum_s_to_ş	93	136	43
original_hum	s_to_ş	26	final_prompt_token_minus_1	17	0.0	0.16312956809997559	0.16312956809997559	0.16312956809997559		34	0	1	original_hum_ascii_original	original_hum_s_to_ş	93	136	43
original_hum	s_to_ş	26	final_prompt_token_minus_1	704	0.2613154947757721	0.18714478611946106	-0.07417070865631104	0.07417070865631104	14	28	1	1	original_hum_ascii_original	original_hum_s_to_ş	93	136	43
original_hum	s_to_ş	26	final_prompt_token_minus_1	799	2.0849788188934326	1.8067212104797363	-0.2782576084136963	0.2782576084136963	1	1	1	1	original_hum_ascii_original	original_hum_s_to_ş	93	136	43
original_hum	s_to_ş	26	final_prompt_token_minus_1	1659	0.16034561395645142	0.17078469693660736	0.010439082980155945	0.010439082980155945	45	32	1	1	original_hum_ascii_original	original_hum_s_to_ş	93	136	43
original_hum	s_to_ş	26	final_prompt_token_minus_1	1953	0.0	0.24748732149600983	0.24748732149600983	0.24748732149600983		13	0	1	original_hum_ascii_original	original_hum_s_to_ş	93	136	43
original_hum	s_to_ş	26	final_prompt_token_minus_1	2938	1.0453124046325684	1.6121184825897217	0.5668060779571533	0.5668060779571533	2	2	1	1	original_hum_ascii_original	original_hum_s_to_ş	93	136	43
original_hum	s_to_ş	26	final_prompt_token_minus_1	3920	0.0	0.21790711581707	0.21790711581707	0.21790711581707		18	0	1	original_hum_ascii_original	original_hum_s_to_ş	93	136	43
original_hum	s_to_ş	26	final_prompt_token_minus_1	4844	0.16514423489570618	0.0	-0.16514423489570618	0.16514423489570618	43		1	0	original_hum_ascii_original	original_hum_s_to_ş	93	136	43
original_hum	s_to_ş	26	final_prompt_token_minus_1	5257	0.22263261675834656	0.3050408661365509	0.08240824937820435	0.08240824937820435	25	6	1	1	original_hum_ascii_original	original_hum_s_to_ş	93	136	43
original_hum	s_to_ş	26	final_prompt_token_minus_1	6429	0.0	0.14301615953445435	0.14301615953445435	0.14301615953445435		50	0	1	original_hum_ascii_original	original_hum_s_to_ş	93	136	43
original_hum	s_to_ş	26	final_prompt_token_minus_1	6593	0.1902092844247818	0.0	-0.1902092844247818	0.1902092844247818	32		1	0	original_hum_ascii_original	original_hum_s_to_ş	93	136	43
original_hum	s_to_ş	26	final_prompt_token_minus_1	7164	0.0	0.18880155682563782	0.18880155682563782	0.18880155682563782		27	0	1	original_hum_ascii_original	original_hum_s_to_ş	93	136	43
original_hum	s_to_ş	26	final_prompt_token_minus_1	7506	0.17481431365013123	0.0	-0.17481431365013123	0.17481431365013123	36		1	0	original_hum_ascii_original	original_hum_s_to_ş	93	136	43
original_hum	s_to_ş	26	final_prompt_token_minus_1	7982	0.26551687717437744	0.2579526901245117	-0.007564187049865723	0.007564187049865723	13	10	1	1	original_hum_ascii_original	original_hum_s_to_ş	93	136	43
original_hum	s_to_ş	26	final_prompt_token_minus_1	8216	0.22875705361366272	0.0	-0.22875705361366272	0.22875705361366272	23		1	0	original_hum_ascii_original	original_hum_s_to_ş	93	136	43
original_hum	s_to_ş	26	final_prompt_token_minus_1	8882	0.23224426805973053	0.22338902950286865	-0.008855238556861877	0.008855238556861877	20	17	1	1	original_hum_ascii_original	original_hum_s_to_ş	93	136	43
original_hum	s_to_ş	26	final_prompt_token_minus_1	8891	0.21474391222000122	0.0	-0.21474391222000122	0.21474391222000122	27		1	0	original_hum_ascii_original	original_hum_s_to_ş	93	136	43
original_hum	s_to_ş	26	final_prompt_token_minus_1	9241	0.24169208109378815	0.22491328418254852	-0.016778796911239624	0.016778796911239624	17	16	1	1	original_hum_ascii_original	original_hum_s_to_ş	93	136	43
original_hum	s_to_ş	26	final_prompt_token_minus_1	9990	0.23132158815860748	0.0	-0.23132158815860748	0.23132158815860748	22		1	0	original_hum_ascii_original	original_hum_s_to_ş	93	136	43
original_hum	s_to_ş	26	final_prompt_token_minus_1	10146	0.0	0.18531927466392517	0.18531927466392517	0.18531927466392517		29	0	1	original_hum_ascii_original	original_hum_s_to_ş	93	136	43
original_hum	s_to_ş	26	final_prompt_token_minus_1	10265	0.1704370677471161	0.21273955702781677	0.042302489280700684	0.042302489280700684	41	20	1	1	original_hum_ascii_original	original_hum_s_to_ş	93	136	43
original_hum	s_to_ş	26	final_prompt_token_minus_1	10709	0.19084370136260986	0.14692433178424835	-0.04391936957836151	0.04391936957836151	31	45	1	1	original_hum_ascii_original	original_hum_s_to_ş	93	136	43
original_hum	s_to_ş	26	final_prompt_token_minus_1	10764	0.15153810381889343	0.0	-0.15153810381889343	0.15153810381889343	50		1	0	original_hum_ascii_original	original_hum_s_to_ş	93	136	43
original_hum	s_to_ş	26	final_prompt_token_minus_1	11256	0.3408229649066925	0.16350311040878296	-0.17731985449790955	0.17731985449790955	5	33	1	1	original_hum_ascii_original	original_hum_s_to_ş	93	136	43
original_hum	s_to_ş	26	final_prompt_token_minus_1	13916	0.1931859254837036	0.0	-0.1931859254837036	0.1931859254837036	30		1	0	original_hum_ascii_original	original_hum_s_to_ş	93	136	43
original_hum	s_to_ş	26	final_prompt_token_minus_1	15076	0.20724529027938843	0.19068507850170135	-0.016560211777687073	0.016560211777687073	28	25	1	1	original_hum_ascii_original	original_hum_s_to_ş	93	136	43
original_hum	s_to_ş	26	final_prompt_token_minus_1	15484	0.0	0.15016530454158783	0.15016530454158783	0.15016530454158783		44	0	1	original_hum_ascii_original	original_hum_s_to_ş	93	136	43
original_hum	s_to_ş	26	final_prompt_token_minus_1	16041	0.1622762382030487	0.14392726123332977	-0.018348976969718933	0.018348976969718933	44	48	1	1	original_hum_ascii_original	original_hum_s_to_ş	93	136	43
original_hum	s_to_ş	26	final_prompt_token_minus_1	16439	0.30100175738334656	0.3677951693534851	0.06679341197013855	0.06679341197013855	9	4	1	1	original_hum_ascii_original	original_hum_s_to_ş	93	136	43
original_hum	s_to_ş	26	final_prompt_token_minus_1	16475	0.22713349759578705	0.249173104763031	0.022039607167243958	0.022039607167243958	24	12	1	1	original_hum_ascii_original	original_hum_s_to_ş	93	136	43
original_hum	s_to_ş	26	final_prompt_token_minus_1	16706	0.598991870880127	0.39952826499938965	-0.1994636058807373	0.1994636058807373	3	3	1	1	original_hum_ascii_original	original_hum_s_to_ş	93	136	43
original_hum	s_to_ş	26	final_prompt_token_minus_1	16793	0.15720468759536743	0.0	-0.15720468759536743	0.15720468759536743	46		1	0	original_hum_ascii_original	original_hum_s_to_ş	93	136	43
original_hum	s_to_ş	26	final_prompt_token_minus_1	17164	0.1829492151737213	0.23795196413993835	0.05500274896621704	0.05500274896621704	34	15	1	1	original_hum_ascii_original	original_hum_s_to_ş	93	136	43
original_hum	s_to_ş	26	final_prompt_token_minus_1	17257	0.0	0.15760460495948792	0.15760460495948792	0.15760460495948792		38	0	1	original_hum_ascii_original	original_hum_s_to_ş	93	136	43
original_hum	s_to_ş	26	final_prompt_token_minus_1	17846	0.0	0.17645370960235596	0.17645370960235596	0.17645370960235596		30	0	1	original_hum_ascii_original	original_hum_s_to_ş	93	136	43
original_hum	s_to_ş	26	final_prompt_token_minus_1	17869	0.1889125108718872	0.0	-0.1889125108718872	0.1889125108718872	33		1	0	original_hum_ascii_original	original_hum_s_to_ş	93	136	43
original_hum	s_to_ş	26	final_prompt_token_minus_1	18977	0.17101836204528809	0.0	-0.17101836204528809	0.17101836204528809	40		1	0	original_hum_ascii_original	original_hum_s_to_ş	93	136	43
original_hum	s_to_ş	26	final_prompt_token_minus_1	19389	0.3204427659511566	0.2987310588359833	-0.02171170711517334	0.02171170711517334	7	7	1	1	original_hum_ascii_original	original_hum_s_to_ş	93	136	43
original_hum	s_to_ş	26	final_prompt_token_minus_1	19850	0.28381407260894775	0.15829792618751526	-0.1255161464214325	0.1255161464214325	12	37	1	1	original_hum_ascii_original	original_hum_s_to_ş	93	136	43
original_hum	s_to_ş	26	final_prompt_token_minus_1	19943	0.0	0.1730443239212036	0.1730443239212036	0.1730443239212036		31	0	1	original_hum_ascii_original	original_hum_s_to_ş	93	136	43
original_hum	s_to_ş	26	final_prompt_token_minus_1	20031	0.2509620487689972	0.21607011556625366	-0.03489193320274353	0.03489193320274353	16	19	1	1	original_hum_ascii_original	original_hum_s_to_ş	93	136	43
original_hum	s_to_ş	26	final_prompt_token_minus_1	21478	0.0	0.16073094308376312	0.16073094308376312	0.16073094308376312		35	0	1	original_hum_ascii_original	original_hum_s_to_ş	93	136	43
original_hum	s_to_ş	26	final_prompt_token_minus_1	22025	0.0	0.15625883638858795	0.15625883638858795	0.15625883638858795		39	0	1	original_hum_ascii_original	original_hum_s_to_ş	93	136	43
original_hum	s_to_ş	26	final_prompt_token_minus_1	22129	0.0	0.19669188559055328	0.19669188559055328	0.19669188559055328		24	0	1	original_hum_ascii_original	original_hum_s_to_ş	93	136	43
original_hum	s_to_ş	26	final_prompt_token_minus_1	22353	0.23205679655075073	0.0	-0.23205679655075073	0.23205679655075073	21		1	0	original_hum_ascii_original	original_hum_s_to_ş	93	136	43
original_hum	s_to_ş	26	final_prompt_token_minus_1	22922	0.17136210203170776	0.0	-0.17136210203170776	0.17136210203170776	39		1	0	original_hum_ascii_original	original_hum_s_to_ş	93	136	43
original_hum	s_to_ş	26	final_prompt_token_minus_1	23071	0.23368534445762634	0.14614051580429077	-0.08754482865333557	0.08754482865333557	19	46	1	1	original_hum_ascii_original	original_hum_s_to_ş	93	136	43
original_hum	s_to_ş	26	final_prompt_token_minus_1	23545	0.0	0.1505638062953949	0.1505638062953949	0.1505638062953949		43	0	1	original_hum_ascii_original	original_hum_s_to_ş	93	136	43
original_hum	s_to_ş	26	final_prompt_token_minus_1	24141	0.0	0.15419334173202515	0.15419334173202515	0.15419334173202515		41	0	1	original_hum_ascii_original	original_hum_s_to_ş	93	136	43
original_hum	s_to_ş	26	final_prompt_token_minus_1	25001	0.29920151829719543	0.14433130621910095	-0.15487021207809448	0.15487021207809448	10	47	1	1	original_hum_ascii_original	original_hum_s_to_ş	93	136	43
original_hum	s_to_ş	26	final_prompt_token_minus_1	25377	0.0	0.14377030730247498	0.14377030730247498	0.14377030730247498		49	0	1	original_hum_ascii_original	original_hum_s_to_ş	93	136	43
original_hum	s_to_ş	26	final_prompt_token_minus_1	26262	0.16707271337509155	0.0	-0.16707271337509155	0.16707271337509155	42		1	0	original_hum_ascii_original	original_hum_s_to_ş	93	136	43
original_hum	s_to_ş	26	final_prompt_token_minus_1	26598	0.23765140771865845	0.15885205566883087	-0.07879935204982758	0.07879935204982758	18	36	1	1	original_hum_ascii_original	original_hum_s_to_ş	93	136	43
original_hum	s_to_ş	26	final_prompt_token_minus_1	26684	0.3267297148704529	0.2705642879009247	-0.0561654269695282	0.0561654269695282	6	8	1	1	original_hum_ascii_original	original_hum_s_to_ş	93	136	43
original_hum	s_to_ş	26	final_prompt_token_minus_1	27263	0.15293630957603455	0.0	-0.15293630957603455	0.15293630957603455	48		1	0	original_hum_ascii_original	original_hum_s_to_ş	93	136	43
original_hum	s_to_ş	26	final_prompt_token_minus_1	27342	0.49847736954689026	0.34748953580856323	-0.15098783373832703	0.15098783373832703	4	5	1	1	original_hum_ascii_original	original_hum_s_to_ş	93	136	43
original_hum	s_to_ş	26	final_prompt_token_minus_1	27461	0.1745932400226593	0.0	-0.1745932400226593	0.1745932400226593	37		1	0	original_hum_ascii_original	original_hum_s_to_ş	93	136	43
original_hum	s_to_ş	26	final_prompt_token_minus_1	28392	0.0	0.270057737827301	0.270057737827301	0.270057737827301		9	0	1	original_hum_ascii_original	original_hum_s_to_ş	93	136	43
original_hum	s_to_ş	26	final_prompt_token_minus_1	29065	0.26044073700904846	0.25208815932273865	-0.008352577686309814	0.008352577686309814	15	11	1	1	original_hum_ascii_original	original_hum_s_to_ş	93	136	43
original_hum	s_to_ş	26	final_prompt_token_minus_1	29171	0.2880919575691223	0.2392837256193161	-0.04880823194980621	0.04880823194980621	11	14	1	1	original_hum_ascii_original	original_hum_s_to_ş	93	136	43
original_hum	s_to_ş	26	final_prompt_token_minus_1	29472	0.21717436611652374	0.21157266199588776	-0.005601704120635986	0.005601704120635986	26	21	1	1	original_hum_ascii_original	original_hum_s_to_ş	93	136	43
original_hum	s_to_ş	26	final_prompt_token_minus_1	31090	0.0	0.1535070836544037	0.1535070836544037	0.1535070836544037		42	0	1	original_hum_ascii_original	original_hum_s_to_ş	93	136	43
original_hum	s_to_ş	26	final_prompt_token_minus_1	31420	0.1995328962802887	0.18972106277942657	-0.009811833500862122	0.009811833500862122	29	26	1	1	original_hum_ascii_original	original_hum_s_to_ş	93	136	43
original_hum	s_to_ş	26	final_prompt_token_minus_1	31489	0.15497832000255585	0.0	-0.15497832000255585	0.15497832000255585	47		1	0	original_hum_ascii_original	original_hum_s_to_ş	93	136	43
original_hum	s_to_ş	26	final_prompt_token_minus_1	31616	0.0	0.15437987446784973	0.15437987446784973	0.15437987446784973		40	0	1	original_hum_ascii_original	original_hum_s_to_ş	93	136	43
original_hum	s_to_ş	26	final_prompt_token_minus_1	31784	0.17284302413463593	0.0	-0.17284302413463593	0.17284302413463593	38		1	0	original_hum_ascii_original	original_hum_s_to_ş	93	136	43
original_hum	s_to_ş	26	final_prompt_token_minus_1	31836	0.18255946040153503	0.0	-0.18255946040153503	0.18255946040153503	35		1	0	original_hum_ascii_original	original_hum_s_to_ş	93	136	43
original_hum	s_to_ş	26	final_prompt_token_minus_1	32448	0.15181764960289001	0.20663845539093018	0.05482080578804016	0.05482080578804016	49	22	1	1	original_hum_ascii_original	original_hum_s_to_ş	93	136	43
original_hum	s_to_ş	26	final_prompt_token_minus_1	32454	0.30890461802482605	0.2045280933380127	-0.10437652468681335	0.10437652468681335	8	23	1	1	original_hum_ascii_original	original_hum_s_to_ş	93	136	43
original_hum	s_to_ş	26	final_prompt_token_minus_5	234	0.15021774172782898	0.0	-0.15021774172782898	0.15021774172782898	49		1	0	original_hum_ascii_original	original_hum_s_to_ş	93	136	43
original_hum	s_to_ş	26	final_prompt_token_minus_5	271	0.0	0.34203338623046875	0.34203338623046875	0.34203338623046875		8	0	1	original_hum_ascii_original	original_hum_s_to_ş	93	136	43
original_hum	s_to_ş	26	final_prompt_token_minus_5	380	0.17311793565750122	0.0	-0.17311793565750122	0.17311793565750122	33		1	0	original_hum_ascii_original	original_hum_s_to_ş	93	136	43
original_hum	s_to_ş	26	final_prompt_token_minus_5	399	0.0	0.21593722701072693	0.21593722701072693	0.21593722701072693		25	0	1	original_hum_ascii_original	original_hum_s_to_ş	93	136	43
original_hum	s_to_ş	26	final_prompt_token_minus_5	704	0.16919872164726257	0.0	-0.16919872164726257	0.16919872164726257	37		1	0	original_hum_ascii_original	original_hum_s_to_ş	93	136	43
original_hum	s_to_ş	26	final_prompt_token_minus_5	892	0.0	0.22325363755226135	0.22325363755226135	0.22325363755226135		20	0	1	original_hum_ascii_original	original_hum_s_to_ş	93	136	43
original_hum	s_to_ş	26	final_prompt_token_minus_5	1277	0.17406241595745087	0.0	-0.17406241595745087	0.17406241595745087	32		1	0	original_hum_ascii_original	original_hum_s_to_ş	93	136	43
original_hum	s_to_ş	26	final_prompt_token_minus_5	1438	0.0	0.1769299954175949	0.1769299954175949	0.1769299954175949		47	0	1	original_hum_ascii_original	original_hum_s_to_ş	93	136	43
original_hum	s_to_ş	26	final_prompt_token_minus_5	1953	0.0	0.3212283253669739	0.3212283253669739	0.3212283253669739		10	0	1	original_hum_ascii_original	original_hum_s_to_ş	93	136	43
original_hum	s_to_ş	26	final_prompt_token_minus_5	1955	0.0	0.18963849544525146	0.18963849544525146	0.18963849544525146		40	0	1	original_hum_ascii_original	original_hum_s_to_ş	93	136	43
original_hum	s_to_ş	26	final_prompt_token_minus_5	1984	0.45683109760284424	0.0	-0.45683109760284424	0.45683109760284424	5		1	0	original_hum_ascii_original	original_hum_s_to_ş	93	136	43
original_hum	s_to_ş	26	final_prompt_token_minus_5	2547	0.17214435338974	0.0	-0.17214435338974	0.17214435338974	35		1	0	original_hum_ascii_original	original_hum_s_to_ş	93	136	43
original_hum	s_to_ş	26	final_prompt_token_minus_5	2786	0.1821536421775818	0.0	-0.1821536421775818	0.1821536421775818	29		1	0	original_hum_ascii_original	original_hum_s_to_ş	93	136	43
original_hum	s_to_ş	26	final_prompt_token_minus_5	2802	0.17630228400230408	0.0	-0.17630228400230408	0.17630228400230408	30		1	0	original_hum_ascii_original	original_hum_s_to_ş	93	136	43
original_hum	s_to_ş	26	final_prompt_token_minus_5	2938	0.8425180912017822	1.3547780513763428	0.5122599601745605	0.5122599601745605	2	1	1	1	original_hum_ascii_original	original_hum_s_to_ş	93	136	43
original_hum	s_to_ş	26	final_prompt_token_minus_5	3271	0.22114868462085724	0.0	-0.22114868462085724	0.22114868462085724	19		1	0	original_hum_ascii_original	original_hum_s_to_ş	93	136	43
original_hum	s_to_ş	26	final_prompt_token_minus_5	4067	0.2697277069091797	0.0	-0.2697277069091797	0.2697277069091797	13		1	0	original_hum_ascii_original	original_hum_s_to_ş	93	136	43
original_hum	s_to_ş	26	final_prompt_token_minus_5	4514	1.3619940280914307	0.0	-1.3619940280914307	1.3619940280914307	1		1	0	original_hum_ascii_original	original_hum_s_to_ş	93	136	43
original_hum	s_to_ş	26	final_prompt_token_minus_5	4715	0.0	0.20046821236610413	0.20046821236610413	0.20046821236610413		35	0	1	original_hum_ascii_original	original_hum_s_to_ş	93	136	43
original_hum	s_to_ş	26	final_prompt_token_minus_5	4795	0.0	0.20197555422782898	0.20197555422782898	0.20197555422782898		34	0	1	original_hum_ascii_original	original_hum_s_to_ş	93	136	43
original_hum	s_to_ş	26	final_prompt_token_minus_5	5117	0.0	1.3324079513549805	1.3324079513549805	1.3324079513549805		2	0	1	original_hum_ascii_original	original_hum_s_to_ş	93	136	43
original_hum	s_to_ş	26	final_prompt_token_minus_5	5230	0.5138218998908997	0.0	-0.5138218998908997	0.5138218998908997	4		1	0	original_hum_ascii_original	original_hum_s_to_ş	93	136	43
original_hum	s_to_ş	26	final_prompt_token_minus_5	5412	0.3838328719139099	0.0	-0.3838328719139099	0.3838328719139099	8		1	0	original_hum_ascii_original	original_hum_s_to_ş	93	136	43
original_hum	s_to_ş	26	final_prompt_token_minus_5	5417	0.0	0.20929935574531555	0.20929935574531555	0.20929935574531555		29	0	1	original_hum_ascii_original	original_hum_s_to_ş	93	136	43
original_hum	s_to_ş	26	final_prompt_token_minus_5	5566	0.26797810196876526	0.0	-0.26797810196876526	0.26797810196876526	14		1	0	original_hum_ascii_original	original_hum_s_to_ş	93	136	43
original_hum	s_to_ş	26	final_prompt_token_minus_5	6987	0.0	0.2639492154121399	0.2639492154121399	0.2639492154121399		12	0	1	original_hum_ascii_original	original_hum_s_to_ş	93	136	43
original_hum	s_to_ş	26	final_prompt_token_minus_5	7159	0.16116683185100555	0.0	-0.16116683185100555	0.16116683185100555	41		1	0	original_hum_ascii_original	original_hum_s_to_ş	93	136	43
original_hum	s_to_ş	26	final_prompt_token_minus_5	7982	0.4084320068359375	0.0	-0.4084320068359375	0.4084320068359375	7		1	0	original_hum_ascii_original	original_hum_s_to_ş	93	136	43
original_hum	s_to_ş	26	final_prompt_token_minus_5	8595	0.0	0.32932049036026	0.32932049036026	0.32932049036026		9	0	1	original_hum_ascii_original	original_hum_s_to_ş	93	136	43
original_hum	s_to_ş	26	final_prompt_token_minus_5	8927	0.0	0.22312715649604797	0.22312715649604797	0.22312715649604797		21	0	1	original_hum_ascii_original	original_hum_s_to_ş	93	136	43
original_hum	s_to_ş	26	final_prompt_token_minus_5	9088	0.0	0.21240344643592834	0.21240344643592834	0.21240344643592834		28	0	1	original_hum_ascii_original	original_hum_s_to_ş	93	136	43
original_hum	s_to_ş	26	final_prompt_token_minus_5	9784	0.17475195229053497	0.0	-0.17475195229053497	0.17475195229053497	31		1	0	original_hum_ascii_original	original_hum_s_to_ş	93	136	43
original_hum	s_to_ş	26	final_prompt_token_minus_5	9814	0.0	0.3704800605773926	0.3704800605773926	0.3704800605773926		6	0	1	original_hum_ascii_original	original_hum_s_to_ş	93	136	43
original_hum	s_to_ş	26	final_prompt_token_minus_5	10265	0.0	0.21313634514808655	0.21313634514808655	0.21313634514808655		27	0	1	original_hum_ascii_original	original_hum_s_to_ş	93	136	43
original_hum	s_to_ş	26	final_prompt_token_minus_5	10636	0.0	0.6790322661399841	0.6790322661399841	0.6790322661399841		3	0	1	original_hum_ascii_original	original_hum_s_to_ş	93	136	43
original_hum	s_to_ş	26	final_prompt_token_minus_5	11145	0.1727781593799591	0.0	-0.1727781593799591	0.1727781593799591	34		1	0	original_hum_ascii_original	original_hum_s_to_ş	93	136	43
original_hum	s_to_ş	26	final_prompt_token_minus_5	11331	0.1540197730064392	0.0	-0.1540197730064392	0.1540197730064392	46		1	0	original_hum_ascii_original	original_hum_s_to_ş	93	136	43
original_hum	s_to_ş	26	final_prompt_token_minus_5	11335	0.0	0.254644513130188	0.254644513130188	0.254644513130188		14	0	1	original_hum_ascii_original	original_hum_s_to_ş	93	136	43
original_hum	s_to_ş	26	final_prompt_token_minus_5	11412	0.3010661005973816	0.0	-0.3010661005973816	0.3010661005973816	11		1	0	original_hum_ascii_original	original_hum_s_to_ş	93	136	43
original_hum	s_to_ş	26	final_prompt_token_minus_5	11456	0.17166537046432495	0.0	-0.17166537046432495	0.17166537046432495	36		1	0	original_hum_ascii_original	original_hum_s_to_ş	93	136	43
original_hum	s_to_ş	26	final_prompt_token_minus_5	11883	0.0	0.18739955127239227	0.18739955127239227	0.18739955127239227		42	0	1	original_hum_ascii_original	original_hum_s_to_ş	93	136	43
original_hum	s_to_ş	26	final_prompt_token_minus_5	12034	0.0	0.19112110137939453	0.19112110137939453	0.19112110137939453		37	0	1	original_hum_ascii_original	original_hum_s_to_ş	93	136	43
original_hum	s_to_ş	26	final_prompt_token_minus_5	12633	0.0	0.1975330412387848	0.1975330412387848	0.1975330412387848		36	0	1	original_hum_ascii_original	original_hum_s_to_ş	93	136	43
original_hum	s_to_ş	26	final_prompt_token_minus_5	12693	0.19581195712089539	0.1791628897190094	-0.016649067401885986	0.016649067401885986	25	45	1	1	original_hum_ascii_original	original_hum_s_to_ş	93	136	43
original_hum	s_to_ş	26	final_prompt_token_minus_5	12709	0.18538178503513336	0.0	-0.18538178503513336	0.18538178503513336	27		1	0	original_hum_ascii_original	original_hum_s_to_ş	93	136	43
original_hum	s_to_ş	26	final_prompt_token_minus_5	12998	0.16676536202430725	0.0	-0.16676536202430725	0.16676536202430725	39		1	0	original_hum_ascii_original	original_hum_s_to_ş	93	136	43
original_hum	s_to_ş	26	final_prompt_token_minus_5	13092	0.0	0.23760844767093658	0.23760844767093658	0.23760844767093658		17	0	1	original_hum_ascii_original	original_hum_s_to_ş	93	136	43
original_hum	s_to_ş	26	final_prompt_token_minus_5	13599	0.24375773966312408	0.0	-0.24375773966312408	0.24375773966312408	17		1	0	original_hum_ascii_original	original_hum_s_to_ş	93	136	43
original_hum	s_to_ş	26	final_prompt_token_minus_5	14142	0.18797194957733154	0.0	-0.18797194957733154	0.18797194957733154	26		1	0	original_hum_ascii_original	original_hum_s_to_ş	93	136	43
original_hum	s_to_ş	26	final_prompt_token_minus_5	14488	0.0	0.31112056970596313	0.31112056970596313	0.31112056970596313		11	0	1	original_hum_ascii_original	original_hum_s_to_ş	93	136	43
original_hum	s_to_ş	26	final_prompt_token_minus_5	14667	0.19799308478832245	0.0	-0.19799308478832245	0.19799308478832245	23		1	0	original_hum_ascii_original	original_hum_s_to_ş	93	136	43
original_hum	s_to_ş	26	final_prompt_token_minus_5	14771	0.16651684045791626	0.0	-0.16651684045791626	0.16651684045791626	40		1	0	original_hum_ascii_original	original_hum_s_to_ş	93	136	43
original_hum	s_to_ş	26	final_prompt_token_minus_5	14870	0.0	0.3568374216556549	0.3568374216556549	0.3568374216556549		7	0	1	original_hum_ascii_original	original_hum_s_to_ş	93	136	43
original_hum	s_to_ş	26	final_prompt_token_minus_5	14949	0.1974395513534546	0.0	-0.1974395513534546	0.1974395513534546	24		1	0	original_hum_ascii_original	original_hum_s_to_ş	93	136	43
original_hum	s_to_ş	26	final_prompt_token_minus_5	15160	0.0	0.22243425250053406	0.22243425250053406	0.22243425250053406		22	0	1	original_hum_ascii_original	original_hum_s_to_ş	93	136	43
original_hum	s_to_ş	26	final_prompt_token_minus_5	15420	0.27171340584754944	0.17362195253372192	-0.09809145331382751	0.09809145331382751	12	48	1	1	original_hum_ascii_original	original_hum_s_to_ş	93	136	43
original_hum	s_to_ş	26	final_prompt_token_minus_5	16041	0.2182314395904541	0.0	-0.2182314395904541	0.2182314395904541	20		1	0	original_hum_ascii_original	original_hum_s_to_ş	93	136	43
original_hum	s_to_ş	26	final_prompt_token_minus_5	16713	0.0	0.1881452053785324	0.1881452053785324	0.1881452053785324		41	0	1	original_hum_ascii_original	original_hum_s_to_ş	93	136	43
original_hum	s_to_ş	26	final_prompt_token_minus_5	16727	0.0	0.19003449380397797	0.19003449380397797	0.19003449380397797		39	0	1	original_hum_ascii_original	original_hum_s_to_ş	93	136	43
original_hum	s_to_ş	26	final_prompt_token_minus_5	16822	0.0	0.1702001690864563	0.1702001690864563	0.1702001690864563		50	0	1	original_hum_ascii_original	original_hum_s_to_ş	93	136	43
original_hum	s_to_ş	26	final_prompt_token_minus_5	18198	0.0	0.22241847217082977	0.22241847217082977	0.22241847217082977		23	0	1	original_hum_ascii_original	original_hum_s_to_ş	93	136	43
original_hum	s_to_ş	26	final_prompt_token_minus_5	18352	0.0	0.21352490782737732	0.21352490782737732	0.21352490782737732		26	0	1	original_hum_ascii_original	original_hum_s_to_ş	93	136	43
original_hum	s_to_ş	26	final_prompt_token_minus_5	18665	0.1512882560491562	0.0	-0.1512882560491562	0.1512882560491562	47		1	0	original_hum_ascii_original	original_hum_s_to_ş	93	136	43
original_hum	s_to_ş	26	final_prompt_token_minus_5	19337	0.0	0.20838068425655365	0.20838068425655365	0.20838068425655365		30	0	1	original_hum_ascii_original	original_hum_s_to_ş	93	136	43
original_hum	s_to_ş	26	final_prompt_token_minus_5	19389	0.2609201967716217	0.0	-0.2609201967716217	0.2609201967716217	15		1	0	original_hum_ascii_original	original_hum_s_to_ş	93	136	43
original_hum	s_to_ş	26	final_prompt_token_minus_5	19668	0.374565988779068	0.21902769804000854	-0.15553829073905945	0.15553829073905945	9	24	1	1	original_hum_ascii_original	original_hum_s_to_ş	93	136	43
original_hum	s_to_ş	26	final_prompt_token_minus_5	19878	0.1497126817703247	0.0	-0.1497126817703247	0.1497126817703247	50		1	0	original_hum_ascii_original	original_hum_s_to_ş	93	136	43
original_hum	s_to_ş	26	final_prompt_token_minus_5	21190	0.0	0.44129785895347595	0.44129785895347595	0.44129785895347595		5	0	1	original_hum_ascii_original	original_hum_s_to_ş	93	136	43
original_hum	s_to_ş	26	final_prompt_token_minus_5	21803	0.0	0.48638129234313965	0.48638129234313965	0.48638129234313965		4	0	1	original_hum_ascii_original	original_hum_s_to_ş	93	136	43
original_hum	s_to_ş	26	final_prompt_token_minus_5	22597	0.0	0.20523503422737122	0.20523503422737122	0.20523503422737122		32	0	1	original_hum_ascii_original	original_hum_s_to_ş	93	136	43
original_hum	s_to_ş	26	final_prompt_token_minus_5	23071	0.1567426323890686	0.0	-0.1567426323890686	0.1567426323890686	43		1	0	original_hum_ascii_original	original_hum_s_to_ş	93	136	43
original_hum	s_to_ş	26	final_prompt_token_minus_5	23178	0.41616809368133545	0.24355968832969666	-0.1726084053516388	0.1726084053516388	6	15	1	1	original_hum_ascii_original	original_hum_s_to_ş	93	136	43
original_hum	s_to_ş	26	final_prompt_token_minus_5	23673	0.0	0.23772290349006653	0.23772290349006653	0.23772290349006653		16	0	1	original_hum_ascii_original	original_hum_s_to_ş	93	136	43
original_hum	s_to_ş	26	final_prompt_token_minus_5	23797	0.0	0.1910949945449829	0.1910949945449829	0.1910949945449829		38	0	1	original_hum_ascii_original	original_hum_s_to_ş	93	136	43
original_hum	s_to_ş	26	final_prompt_token_minus_5	23952	0.7403864860534668	0.0	-0.7403864860534668	0.7403864860534668	3		1	0	original_hum_ascii_original	original_hum_s_to_ş	93	136	43
original_hum	s_to_ş	26	final_prompt_token_minus_5	24092	0.0	0.2584206759929657	0.2584206759929657	0.2584206759929657		13	0	1	original_hum_ascii_original	original_hum_s_to_ş	93	136	43
original_hum	s_to_ş	26	final_prompt_token_minus_5	24803	0.1504477560520172	0.0	-0.1504477560520172	0.1504477560520172	48		1	0	original_hum_ascii_original	original_hum_s_to_ş	93	136	43
original_hum	s_to_ş	26	final_prompt_token_minus_5	25228	0.1547814905643463	0.0	-0.1547814905643463	0.1547814905643463	45		1	0	original_hum_ascii_original	original_hum_s_to_ş	93	136	43
original_hum	s_to_ş	26	final_prompt_token_minus_5	26625	0.0	0.23471024632453918	0.23471024632453918	0.23471024632453918		18	0	1	original_hum_ascii_original	original_hum_s_to_ş	93	136	43
original_hum	s_to_ş	26	final_prompt_token_minus_5	27281	0.19916246831417084	0.0	-0.19916246831417084	0.19916246831417084	22		1	0	original_hum_ascii_original	original_hum_s_to_ş	93	136	43
original_hum	s_to_ş	26	final_prompt_token_minus_5	28093	0.0	0.1783761978149414	0.1783761978149414	0.1783761978149414		46	0	1	original_hum_ascii_original	original_hum_s_to_ş	93	136	43
original_hum	s_to_ş	26	final_prompt_token_minus_5	29131	0.0	0.22789150476455688	0.22789150476455688	0.22789150476455688		19	0	1	original_hum_ascii_original	original_hum_s_to_ş	93	136	43
original_hum	s_to_ş	26	final_prompt_token_minus_5	29136	0.0	0.20428402721881866	0.20428402721881866	0.20428402721881866		33	0	1	original_hum_ascii_original	original_hum_s_to_ş	93	136	43
original_hum	s_to_ş	26	final_prompt_token_minus_5	29275	0.18314476311206818	0.0	-0.18314476311206818	0.18314476311206818	28		1	0	original_hum_ascii_original	original_hum_s_to_ş	93	136	43
original_hum	s_to_ş	26	final_prompt_token_minus_5	29295	0.0	0.18642690777778625	0.18642690777778625	0.18642690777778625		43	0	1	original_hum_ascii_original	original_hum_s_to_ş	93	136	43
original_hum	s_to_ş	26	final_prompt_token_minus_5	30153	0.1580786108970642	0.0	-0.1580786108970642	0.1580786108970642	42		1	0	original_hum_ascii_original	original_hum_s_to_ş	93	136	43
original_hum	s_to_ş	26	final_prompt_token_minus_5	30871	0.0	0.20718719065189362	0.20718719065189362	0.20718719065189362		31	0	1	original_hum_ascii_original	original_hum_s_to_ş	93	136	43
original_hum	s_to_ş	26	final_prompt_token_minus_5	30911	0.3365362882614136	0.0	-0.3365362882614136	0.3365362882614136	10		1	0	original_hum_ascii_original	original_hum_s_to_ş	93	136	43
original_hum	s_to_ş	26	final_prompt_token_minus_5	31025	0.15671776235103607	0.0	-0.15671776235103607	0.15671776235103607	44		1	0	original_hum_ascii_original	original_hum_s_to_ş	93	136	43
original_hum	s_to_ş	26	final_prompt_token_minus_5	31073	0.0	0.17089848220348358	0.17089848220348358	0.17089848220348358		49	0	1	original_hum_ascii_original	original_hum_s_to_ş	93	136	43
original_hum	s_to_ş	26	final_prompt_token_minus_5	31206	0.25306740403175354	0.184661865234375	-0.06840553879737854	0.06840553879737854	16	44	1	1	original_hum_ascii_original	original_hum_s_to_ş	93	136	43
original_hum	s_to_ş	26	final_prompt_token_minus_5	31589	0.20227934420108795	0.0	-0.20227934420108795	0.20227934420108795	21		1	0	original_hum_ascii_original	original_hum_s_to_ş	93	136	43
original_hum	s_to_ş	26	final_prompt_token_minus_5	31632	0.22159573435783386	0.0	-0.22159573435783386	0.22159573435783386	18		1	0	original_hum_ascii_original	original_hum_s_to_ş	93	136	43
original_hum	s_to_ş	26	final_prompt_token_minus_5	31784	0.16785354912281036	0.0	-0.16785354912281036	0.16785354912281036	38		1	0	original_hum_ascii_original	original_hum_s_to_ş	93	136	43
original_hum	s_to_ş	26	final_prompt_token_minus_10	75	0.3511373996734619	0.0	-0.3511373996734619	0.3511373996734619	11		1	0	original_hum_ascii_original	original_hum_s_to_ş	93	136	43
original_hum	s_to_ş	26	final_prompt_token_minus_10	428	0.23780721426010132	0.0	-0.23780721426010132	0.23780721426010132	37		1	0	original_hum_ascii_original	original_hum_s_to_ş	93	136	43
original_hum	s_to_ş	26	final_prompt_token_minus_10	677	0.4729844331741333	0.0	-0.4729844331741333	0.4729844331741333	5		1	0	original_hum_ascii_original	original_hum_s_to_ş	93	136	43
original_hum	s_to_ş	26	final_prompt_token_minus_10	704	0.4263949990272522	0.0	-0.4263949990272522	0.4263949990272522	9		1	0	original_hum_ascii_original	original_hum_s_to_ş	93	136	43
original_hum	s_to_ş	26	final_prompt_token_minus_10	805	0.3022213578224182	0.0	-0.3022213578224182	0.3022213578224182	17		1	0	original_hum_ascii_original	original_hum_s_to_ş	93	136	43
original_hum	s_to_ş	26	final_prompt_token_minus_10	989	0.0	0.14871281385421753	0.14871281385421753	0.14871281385421753		34	0	1	original_hum_ascii_original	original_hum_s_to_ş	93	136	43
original_hum	s_to_ş	26	final_prompt_token_minus_10	1205	0.21149316430091858	0.0	-0.21149316430091858	0.21149316430091858	46		1	0	original_hum_ascii_original	original_hum_s_to_ş	93	136	43
original_hum	s_to_ş	26	final_prompt_token_minus_10	1711	0.0	0.6183782815933228	0.6183782815933228	0.6183782815933228		2	0	1	original_hum_ascii_original	original_hum_s_to_ş	93	136	43
original_hum	s_to_ş	26	final_prompt_token_minus_10	1880	0.0	0.14334304630756378	0.14334304630756378	0.14334304630756378		42	0	1	original_hum_ascii_original	original_hum_s_to_ş	93	136	43
original_hum	s_to_ş	26	final_prompt_token_minus_10	1930	0.20506784319877625	0.0	-0.20506784319877625	0.20506784319877625	48		1	0	original_hum_ascii_original	original_hum_s_to_ş	93	136	43
original_hum	s_to_ş	26	final_prompt_token_minus_10	2228	0.31241273880004883	0.0	-0.31241273880004883	0.31241273880004883	16		1	0	original_hum_ascii_original	original_hum_s_to_ş	93	136	43
original_hum	s_to_ş	26	final_prompt_token_minus_10	2430	0.31360340118408203	0.0	-0.31360340118408203	0.31360340118408203	15		1	0	original_hum_ascii_original	original_hum_s_to_ş	93	136	43
original_hum	s_to_ş	26	final_prompt_token_minus_10	2567	0.20114853978157043	0.0	-0.20114853978157043	0.20114853978157043	49		1	0	original_hum_ascii_original	original_hum_s_to_ş	93	136	43
original_hum	s_to_ş	26	final_prompt_token_minus_10	2938	0.506166934967041	2.590894937515259	2.0847280025482178	2.0847280025482178	3	1	1	1	original_hum_ascii_original	original_hum_s_to_ş	93	136	43
original_hum	s_to_ş	26	final_prompt_token_minus_10	3273	0.0	0.12759338319301605	0.12759338319301605	0.12759338319301605		50	0	1	original_hum_ascii_original	original_hum_s_to_ş	93	136	43
original_hum	s_to_ş	26	final_prompt_token_minus_10	3313	0.25181522965431213	0.0	-0.25181522965431213	0.25181522965431213	31		1	0	original_hum_ascii_original	original_hum_s_to_ş	93	136	43
original_hum	s_to_ş	26	final_prompt_token_minus_10	3704	0.0	0.14421473443508148	0.14421473443508148	0.14421473443508148		41	0	1	original_hum_ascii_original	original_hum_s_to_ş	93	136	43
original_hum	s_to_ş	26	final_prompt_token_minus_10	3920	0.0	0.16275814175605774	0.16275814175605774	0.16275814175605774		23	0	1	original_hum_ascii_original	original_hum_s_to_ş	93	136	43
original_hum	s_to_ş	26	final_prompt_token_minus_10	4306	0.0	0.14721593260765076	0.14721593260765076	0.14721593260765076		36	0	1	original_hum_ascii_original	original_hum_s_to_ş	93	136	43
original_hum	s_to_ş	26	final_prompt_token_minus_10	4468	0.0	0.1555471122264862	0.1555471122264862	0.1555471122264862		28	0	1	original_hum_ascii_original	original_hum_s_to_ş	93	136	43
original_hum	s_to_ş	26	final_prompt_token_minus_10	4494	0.0	0.3507545590400696	0.3507545590400696	0.3507545590400696		5	0	1	original_hum_ascii_original	original_hum_s_to_ş	93	136	43
original_hum	s_to_ş	26	final_prompt_token_minus_10	5024	0.1957503706216812	0.19220933318138123	-0.003541037440299988	0.003541037440299988	50	16	1	1	original_hum_ascii_original	original_hum_s_to_ş	93	136	43
original_hum	s_to_ş	26	final_prompt_token_minus_10	5417	0.22449925541877747	0.0	-0.22449925541877747	0.22449925541877747	42		1	0	original_hum_ascii_original	original_hum_s_to_ş	93	136	43
original_hum	s_to_ş	26	final_prompt_token_minus_10	6069	0.46696481108665466	0.0	-0.46696481108665466	0.46696481108665466	6		1	0	original_hum_ascii_original	original_hum_s_to_ş	93	136	43
original_hum	s_to_ş	26	final_prompt_token_minus_10	7334	0.24433588981628418	0.0	-0.24433588981628418	0.24433588981628418	33		1	0	original_hum_ascii_original	original_hum_s_to_ş	93	136	43
original_hum	s_to_ş	26	final_prompt_token_minus_10	7448	0.0	0.1566627025604248	0.1566627025604248	0.1566627025604248		27	0	1	original_hum_ascii_original	original_hum_s_to_ş	93	136	43
original_hum	s_to_ş	26	final_prompt_token_minus_10	7711	0.23950497806072235	0.0	-0.23950497806072235	0.23950497806072235	35		1	0	original_hum_ascii_original	original_hum_s_to_ş	93	136	43
original_hum	s_to_ş	26	final_prompt_token_minus_10	7754	0.22224204242229462	0.0	-0.22224204242229462	0.22224204242229462	43		1	0	original_hum_ascii_original	original_hum_s_to_ş	93	136	43
original_hum	s_to_ş	26	final_prompt_token_minus_10	7837	0.2901982069015503	0.0	-0.2901982069015503	0.2901982069015503	22		1	0	original_hum_ascii_original	original_hum_s_to_ş	93	136	43
original_hum	s_to_ş	26	final_prompt_token_minus_10	7982	0.3287926912307739	0.0	-0.3287926912307739	0.3287926912307739	12		1	0	original_hum_ascii_original	original_hum_s_to_ş	93	136	43
original_hum	s_to_ş	26	final_prompt_token_minus_10	9538	0.0	0.13318733870983124	0.13318733870983124	0.13318733870983124		46	0	1	original_hum_ascii_original	original_hum_s_to_ş	93	136	43
original_hum	s_to_ş	26	final_prompt_token_minus_10	9576	0.32189232110977173	0.0	-0.32189232110977173	0.32189232110977173	14		1	0	original_hum_ascii_original	original_hum_s_to_ş	93	136	43
original_hum	s_to_ş	26	final_prompt_token_minus_10	9860	0.23908907175064087	0.0	-0.23908907175064087	0.23908907175064087	36		1	0	original_hum_ascii_original	original_hum_s_to_ş	93	136	43
original_hum	s_to_ş	26	final_prompt_token_minus_10	10335	0.0	0.21544691920280457	0.21544691920280457	0.21544691920280457		13	0	1	original_hum_ascii_original	original_hum_s_to_ş	93	136	43
original_hum	s_to_ş	26	final_prompt_token_minus_10	10346	0.3018604516983032	0.0	-0.3018604516983032	0.3018604516983032	18		1	0	original_hum_ascii_original	original_hum_s_to_ş	93	136	43
original_hum	s_to_ş	26	final_prompt_token_minus_10	10427	0.0	0.16324499249458313	0.16324499249458313	0.16324499249458313		22	0	1	original_hum_ascii_original	original_hum_s_to_ş	93	136	43
original_hum	s_to_ş	26	final_prompt_token_minus_10	10709	0.4288721978664398	0.0	-0.4288721978664398	0.4288721978664398	8		1	0	original_hum_ascii_original	original_hum_s_to_ş	93	136	43
original_hum	s_to_ş	26	final_prompt_token_minus_10	11147	0.21604067087173462	0.0	-0.21604067087173462	0.21604067087173462	45		1	0	original_hum_ascii_original	original_hum_s_to_ş	93	136	43
original_hum	s_to_ş	26	final_prompt_token_minus_10	11652	0.0	0.14597883820533752	0.14597883820533752	0.14597883820533752		38	0	1	original_hum_ascii_original	original_hum_s_to_ş	93	136	43
original_hum	s_to_ş	26	final_prompt_token_minus_10	12320	0.0	0.15455368161201477	0.15455368161201477	0.15455368161201477		30	0	1	original_hum_ascii_original	original_hum_s_to_ş	93	136	43
original_hum	s_to_ş	26	final_prompt_token_minus_10	13232	0.0	0.34690287709236145	0.34690287709236145	0.34690287709236145		6	0	1	original_hum_ascii_original	original_hum_s_to_ş	93	136	43
original_hum	s_to_ş	26	final_prompt_token_minus_10	13487	0.0	0.19843178987503052	0.19843178987503052	0.19843178987503052		15	0	1	original_hum_ascii_original	original_hum_s_to_ş	93	136	43
original_hum	s_to_ş	26	final_prompt_token_minus_10	14178	0.0	0.13909491896629333	0.13909491896629333	0.13909491896629333		45	0	1	original_hum_ascii_original	original_hum_s_to_ş	93	136	43
original_hum	s_to_ş	26	final_prompt_token_minus_10	14672	0.4373258054256439	0.0	-0.4373258054256439	0.4373258054256439	7		1	0	original_hum_ascii_original	original_hum_s_to_ş	93	136	43
original_hum	s_to_ş	26	final_prompt_token_minus_10	15458	0.2680817246437073	0.0	-0.2680817246437073	0.2680817246437073	28		1	0	original_hum_ascii_original	original_hum_s_to_ş	93	136	43
original_hum	s_to_ş	26	final_prompt_token_minus_10	16439	0.3258412778377533	0.0	-0.3258412778377533	0.3258412778377533	13		1	0	original_hum_ascii_original	original_hum_s_to_ş	93	136	43
original_hum	s_to_ş	26	final_prompt_token_minus_10	16987	0.0	0.14563053846359253	0.14563053846359253	0.14563053846359253		39	0	1	original_hum_ascii_original	original_hum_s_to_ş	93	136	43
original_hum	s_to_ş	26	final_prompt_token_minus_10	17019	0.0	0.13190361857414246	0.13190361857414246	0.13190361857414246		47	0	1	original_hum_ascii_original	original_hum_s_to_ş	93	136	43
original_hum	s_to_ş	26	final_prompt_token_minus_10	17394	0.0	0.12837862968444824	0.12837862968444824	0.12837862968444824		49	0	1	original_hum_ascii_original	original_hum_s_to_ş	93	136	43
original_hum	s_to_ş	26	final_prompt_token_minus_10	17869	0.23722341656684875	0.0	-0.23722341656684875	0.23722341656684875	38		1	0	original_hum_ascii_original	original_hum_s_to_ş	93	136	43
original_hum	s_to_ş	26	final_prompt_token_minus_10	18198	0.0	0.12984374165534973	0.12984374165534973	0.12984374165534973		48	0	1	original_hum_ascii_original	original_hum_s_to_ş	93	136	43
original_hum	s_to_ş	26	final_prompt_token_minus_10	18224	0.0	0.17729024589061737	0.17729024589061737	0.17729024589061737		19	0	1	original_hum_ascii_original	original_hum_s_to_ş	93	136	43
original_hum	s_to_ş	26	final_prompt_token_minus_10	18527	0.6229004859924316	0.0	-0.6229004859924316	0.6229004859924316	2		1	0	original_hum_ascii_original	original_hum_s_to_ş	93	136	43
original_hum	s_to_ş	26	final_prompt_token_minus_10	18665	0.0	0.34075096249580383	0.34075096249580383	0.34075096249580383		7	0	1	original_hum_ascii_original	original_hum_s_to_ş	93	136	43
original_hum	s_to_ş	26	final_prompt_token_minus_10	18847	0.376891165971756	0.0	-0.376891165971756	0.376891165971756	10		1	0	original_hum_ascii_original	original_hum_s_to_ş	93	136	43
original_hum	s_to_ş	26	final_prompt_token_minus_10	19185	0.2483186572790146	0.0	-0.2483186572790146	0.2483186572790146	32		1	0	original_hum_ascii_original	original_hum_s_to_ş	93	136	43
original_hum	s_to_ş	26	final_prompt_token_minus_10	19389	0.29297420382499695	0.28947821259498596	-0.0034959912300109863	0.0034959912300109863	21	9	1	1	original_hum_ascii_original	original_hum_s_to_ş	93	136	43
original_hum	s_to_ş	26	final_prompt_token_minus_10	19668	0.0	0.439573734998703	0.439573734998703	0.439573734998703		4	0	1	original_hum_ascii_original	original_hum_s_to_ş	93	136	43
original_hum	s_to_ş	26	final_prompt_token_minus_10	19878	0.0	0.1550520658493042	0.1550520658493042	0.1550520658493042		29	0	1	original_hum_ascii_original	original_hum_s_to_ş	93	136	43
original_hum	s_to_ş	26	final_prompt_token_minus_10	20303	0.27866989374160767	0.0	-0.27866989374160767	0.27866989374160767	25		1	0	original_hum_ascii_original	original_hum_s_to_ş	93	136	43
original_hum	s_to_ş	26	final_prompt_token_minus_10	20566	0.0	0.149246945977211	0.149246945977211	0.149246945977211		32	0	1	original_hum_ascii_original	original_hum_s_to_ş	93	136	43
original_hum	s_to_ş	26	final_prompt_token_minus_10	20589	0.0	0.15947562456130981	0.15947562456130981	0.15947562456130981		25	0	1	original_hum_ascii_original	original_hum_s_to_ş	93	136	43
original_hum	s_to_ş	26	final_prompt_token_minus_10	21539	0.21820080280303955	0.0	-0.21820080280303955	0.21820080280303955	44		1	0	original_hum_ascii_original	original_hum_s_to_ş	93	136	43
original_hum	s_to_ş	26	final_prompt_token_minus_10	21687	0.2775919735431671	0.0	-0.2775919735431671	0.2775919735431671	26		1	0	original_hum_ascii_original	original_hum_s_to_ş	93	136	43
original_hum	s_to_ş	26	final_prompt_token_minus_10	21731	0.0	0.1454712152481079	0.1454712152481079	0.1454712152481079		40	0	1	original_hum_ascii_original	original_hum_s_to_ş	93	136	43
original_hum	s_to_ş	26	final_prompt_token_minus_10	21750	0.2274419516324997	0.0	-0.2274419516324997	0.2274419516324997	41		1	0	original_hum_ascii_original	original_hum_s_to_ş	93	136	43
original_hum	s_to_ş	26	final_prompt_token_minus_10	22360	0.0	0.14771899580955505	0.14771899580955505	0.14771899580955505		35	0	1	original_hum_ascii_original	original_hum_s_to_ş	93	136	43
original_hum	s_to_ş	26	final_prompt_token_minus_10	22495	0.27249377965927124	0.0	-0.27249377965927124	0.27249377965927124	27		1	0	original_hum_ascii_original	original_hum_s_to_ş	93	136	43
original_hum	s_to_ş	26	final_prompt_token_minus_10	22822	0.0	0.18643099069595337	0.18643099069595337	0.18643099069595337		17	0	1	original_hum_ascii_original	original_hum_s_to_ş	93	136	43
original_hum	s_to_ş	26	final_prompt_token_minus_10	22922	0.24284201860427856	0.0	-0.24284201860427856	0.24284201860427856	34		1	0	original_hum_ascii_original	original_hum_s_to_ş	93	136	43
original_hum	s_to_ş	26	final_prompt_token_minus_10	23177	0.0	0.16591520607471466	0.16591520607471466	0.16591520607471466		20	0	1	original_hum_ascii_original	original_hum_s_to_ş	93	136	43
original_hum	s_to_ş	26	final_prompt_token_minus_10	24339	0.20780378580093384	0.0	-0.20780378580093384	0.20780378580093384	47		1	0	original_hum_ascii_original	original_hum_s_to_ş	93	136	43
original_hum	s_to_ş	26	final_prompt_token_minus_10	24463	0.0	0.14898011088371277	0.14898011088371277	0.14898011088371277		33	0	1	original_hum_ascii_original	original_hum_s_to_ş	93	136	43
original_hum	s_to_ş	26	final_prompt_token_minus_10	25421	0.26164594292640686	0.0	-0.26164594292640686	0.26164594292640686	29		1	0	original_hum_ascii_original	original_hum_s_to_ş	93	136	43
original_hum	s_to_ş	26	final_prompt_token_minus_10	25631	0.0	0.1779419183731079	0.1779419183731079	0.1779419183731079		18	0	1	original_hum_ascii_original	original_hum_s_to_ş	93	136	43
original_hum	s_to_ş	26	final_prompt_token_minus_10	26216	0.23426811397075653	0.0	-0.23426811397075653	0.23426811397075653	40		1	0	original_hum_ascii_original	original_hum_s_to_ş	93	136	43
original_hum	s_to_ş	26	final_prompt_token_minus_10	26403	0.482820600271225	0.0	-0.482820600271225	0.482820600271225	4		1	0	original_hum_ascii_original	original_hum_s_to_ş	93	136	43
original_hum	s_to_ş	26	final_prompt_token_minus_10	26684	0.889609694480896	0.16169390082359314	-0.7279157936573029	0.7279157936573029	1	24	1	1	original_hum_ascii_original	original_hum_s_to_ş	93	136	43
original_hum	s_to_ş	26	final_prompt_token_minus_10	26833	0.0	0.15227477252483368	0.15227477252483368	0.15227477252483368		31	0	1	original_hum_ascii_original	original_hum_s_to_ş	93	136	43
original_hum	s_to_ş	26	final_prompt_token_minus_10	27281	0.30006492137908936	0.16513629257678986	-0.1349286288022995	0.1349286288022995	19	21	1	1	original_hum_ascii_original	original_hum_s_to_ş	93	136	43
original_hum	s_to_ş	26	final_prompt_token_minus_10	27543	0.0	0.14145132899284363	0.14145132899284363	0.14145132899284363		44	0	1	original_hum_ascii_original	original_hum_s_to_ş	93	136	43
original_hum	s_to_ş	26	final_prompt_token_minus_10	27806	0.0	0.1464649885892868	0.1464649885892868	0.1464649885892868		37	0	1	original_hum_ascii_original	original_hum_s_to_ş	93	136	43
original_hum	s_to_ş	26	final_prompt_token_minus_10	28713	0.0	0.22094129025936127	0.22094129025936127	0.22094129025936127		12	0	1	original_hum_ascii_original	original_hum_s_to_ş	93	136	43
original_hum	s_to_ş	26	final_prompt_token_minus_10	28971	0.29622629284858704	0.0	-0.29622629284858704	0.29622629284858704	20		1	0	original_hum_ascii_original	original_hum_s_to_ş	93	136	43
original_hum	s_to_ş	26	final_prompt_token_minus_10	29466	0.28463661670684814	0.0	-0.28463661670684814	0.28463661670684814	24		1	0	original_hum_ascii_original	original_hum_s_to_ş	93	136	43
original_hum	s_to_ş	26	final_prompt_token_minus_10	29872	0.0	0.5569573044776917	0.5569573044776917	0.5569573044776917		3	0	1	original_hum_ascii_original	original_hum_s_to_ş	93	136	43
original_hum	s_to_ş	26	final_prompt_token_minus_10	29996	0.0	0.2804328501224518	0.2804328501224518	0.2804328501224518		11	0	1	original_hum_ascii_original	original_hum_s_to_ş	93	136	43
original_hum	s_to_ş	26	final_prompt_token_minus_10	30036	0.2868102490901947	0.0	-0.2868102490901947	0.2868102490901947	23		1	0	original_hum_ascii_original	original_hum_s_to_ş	93	136	43
original_hum	s_to_ş	26	final_prompt_token_minus_10	30911	0.0	0.2917490303516388	0.2917490303516388	0.2917490303516388		8	0	1	original_hum_ascii_original	original_hum_s_to_ş	93	136	43
original_hum	s_to_ş	26	final_prompt_token_minus_10	31050	0.0	0.15731951594352722	0.15731951594352722	0.15731951594352722		26	0	1	original_hum_ascii_original	original_hum_s_to_ş	93	136	43
original_hum	s_to_ş	26	final_prompt_token_minus_10	31836	0.2347840964794159	0.14227482676506042	-0.09250926971435547	0.09250926971435547	39	43	1	1	original_hum_ascii_original	original_hum_s_to_ş	93	136	43
original_hum	s_to_ş	26	final_prompt_token_minus_10	31897	0.25210583209991455	0.0	-0.25210583209991455	0.25210583209991455	30		1	0	original_hum_ascii_original	original_hum_s_to_ş	93	136	43
original_hum	s_to_ş	26	final_prompt_token_minus_10	31908	0.0	0.2848474085330963	0.2848474085330963	0.2848474085330963		10	0	1	original_hum_ascii_original	original_hum_s_to_ş	93	136	43
original_hum	s_to_ş	26	final_prompt_token_minus_10	32361	0.0	0.2053222954273224	0.2053222954273224	0.2053222954273224		14	0	1	original_hum_ascii_original	original_hum_s_to_ş	93	136	43
original_hum	s_to_ş	14	final_prompt_token	992	0.17527851462364197	0.0	-0.17527851462364197	0.17527851462364197	16		1	0	original_hum_ascii_original	original_hum_s_to_ş	93	136	43
original_hum	s_to_ş	14	final_prompt_token	1168	0.21415798366069794	0.22479400038719177	0.010636016726493835	0.010636016726493835	7	7	1	1	original_hum_ascii_original	original_hum_s_to_ş	93	136	43
original_hum	s_to_ş	14	final_prompt_token	1797	0.12409529089927673	0.0	-0.12409529089927673	0.12409529089927673	44		1	0	original_hum_ascii_original	original_hum_s_to_ş	93	136	43
original_hum	s_to_ş	14	final_prompt_token	1814	0.13580195605754852	0.10721878707408905	-0.028583168983459473	0.028583168983459473	32	44	1	1	original_hum_ascii_original	original_hum_s_to_ş	93	136	43
original_hum	s_to_ş	14	final_prompt_token	2176	0.2016182541847229	0.16964676976203918	-0.031971484422683716	0.031971484422683716	11	13	1	1	original_hum_ascii_original	original_hum_s_to_ş	93	136	43
original_hum	s_to_ş	14	final_prompt_token	2260	0.0	0.10644154250621796	0.10644154250621796	0.10644154250621796		46	0	1	original_hum_ascii_original	original_hum_s_to_ş	93	136	43
original_hum	s_to_ş	14	final_prompt_token	2266	0.1252298653125763	0.0	-0.1252298653125763	0.1252298653125763	42		1	0	original_hum_ascii_original	original_hum_s_to_ş	93	136	43
original_hum	s_to_ş	14	final_prompt_token	2722	0.0	0.15501005947589874	0.15501005947589874	0.15501005947589874		16	0	1	original_hum_ascii_original	original_hum_s_to_ş	93	136	43
original_hum	s_to_ş	14	final_prompt_token	2961	0.5185853242874146	0.5110349655151367	-0.007550358772277832	0.007550358772277832	1	1	1	1	original_hum_ascii_original	original_hum_s_to_ş	93	136	43
original_hum	s_to_ş	14	final_prompt_token	3001	0.0	0.12378323078155518	0.12378323078155518	0.12378323078155518		36	0	1	original_hum_ascii_original	original_hum_s_to_ş	93	136	43
original_hum	s_to_ş	14	final_prompt_token	3289	0.0	0.15563178062438965	0.15563178062438965	0.15563178062438965		15	0	1	original_hum_ascii_original	original_hum_s_to_ş	93	136	43
original_hum	s_to_ş	14	final_prompt_token	3332	0.0	0.11104249209165573	0.11104249209165573	0.11104249209165573		42	0	1	original_hum_ascii_original	original_hum_s_to_ş	93	136	43
original_hum	s_to_ş	14	final_prompt_token	3557	0.0	0.14848145842552185	0.14848145842552185	0.14848145842552185		19	0	1	original_hum_ascii_original	original_hum_s_to_ş	93	136	43
original_hum	s_to_ş	14	final_prompt_token	3830	0.511833131313324	0.5035241842269897	-0.008308947086334229	0.008308947086334229	2	2	1	1	original_hum_ascii_original	original_hum_s_to_ş	93	136	43
original_hum	s_to_ş	14	final_prompt_token	4428	0.13570520281791687	0.0	-0.13570520281791687	0.13570520281791687	33		1	0	original_hum_ascii_original	original_hum_s_to_ş	93	136	43
original_hum	s_to_ş	14	final_prompt_token	4620	0.12692593038082123	0.17904701828956604	0.05212108790874481	0.05212108790874481	40	12	1	1	original_hum_ascii_original	original_hum_s_to_ş	93	136	43
original_hum	s_to_ş	14	final_prompt_token	4880	0.11506478488445282	0.0	-0.11506478488445282	0.11506478488445282	49		1	0	original_hum_ascii_original	original_hum_s_to_ş	93	136	43
original_hum	s_to_ş	14	final_prompt_token	4953	0.17742495238780975	0.10715457797050476	-0.07027037441730499	0.07027037441730499	15	45	1	1	original_hum_ascii_original	original_hum_s_to_ş	93	136	43
original_hum	s_to_ş	14	final_prompt_token	6422	0.0	0.10546224564313889	0.10546224564313889	0.10546224564313889		48	0	1	original_hum_ascii_original	original_hum_s_to_ş	93	136	43
original_hum	s_to_ş	14	final_prompt_token	6429	0.2723112404346466	0.2964441776275635	0.02413293719291687	0.02413293719291687	4	5	1	1	original_hum_ascii_original	original_hum_s_to_ş	93	136	43
original_hum	s_to_ş	14	final_prompt_token	7163	0.34494391083717346	0.3348396122455597	-0.01010429859161377	0.01010429859161377	3	3	1	1	original_hum_ascii_original	original_hum_s_to_ş	93	136	43
original_hum	s_to_ş	14	final_prompt_token	8033	0.21156567335128784	0.2679179608821869	0.05635228753089905	0.05635228753089905	8	6	1	1	original_hum_ascii_original	original_hum_s_to_ş	93	136	43
original_hum	s_to_ş	14	final_prompt_token	8677	0.0	0.13893428444862366	0.13893428444862366	0.13893428444862366		23	0	1	original_hum_ascii_original	original_hum_s_to_ş	93	136	43
original_hum	s_to_ş	14	final_prompt_token	9030	0.1373305469751358	0.10492555797100067	-0.03240498900413513	0.03240498900413513	29	49	1	1	original_hum_ascii_original	original_hum_s_to_ş	93	136	43
original_hum	s_to_ş	14	final_prompt_token	9383	0.13118919730186462	0.0	-0.13118919730186462	0.13118919730186462	36		1	0	original_hum_ascii_original	original_hum_s_to_ş	93	136	43
original_hum	s_to_ş	14	final_prompt_token	10138	0.0	0.12448614090681076	0.12448614090681076	0.12448614090681076		35	0	1	original_hum_ascii_original	original_hum_s_to_ş	93	136	43
original_hum	s_to_ş	14	final_prompt_token	10976	0.15480084717273712	0.21943242847919464	0.06463158130645752	0.06463158130645752	22	9	1	1	original_hum_ascii_original	original_hum_s_to_ş	93	136	43
original_hum	s_to_ş	14	final_prompt_token	11464	0.13259612023830414	0.1473103165626526	0.01471419632434845	0.01471419632434845	34	21	1	1	original_hum_ascii_original	original_hum_s_to_ş	93	136	43
original_hum	s_to_ş	14	final_prompt_token	12080	0.14483243227005005	0.14757969975471497	0.002747267484664917	0.002747267484664917	24	20	1	1	original_hum_ascii_original	original_hum_s_to_ş	93	136	43
original_hum	s_to_ş	14	final_prompt_token	12433	0.11901742219924927	0.0	-0.11901742219924927	0.11901742219924927	46		1	0	original_hum_ascii_original	original_hum_s_to_ş	93	136	43
original_hum	s_to_ş	14	final_prompt_token	12817	0.13707657158374786	0.0	-0.13707657158374786	0.13707657158374786	30		1	0	original_hum_ascii_original	original_hum_s_to_ş	93	136	43
original_hum	s_to_ş	14	final_prompt_token	13029	0.1324918121099472	0.0	-0.1324918121099472	0.1324918121099472	35		1	0	original_hum_ascii_original	original_hum_s_to_ş	93	136	43
original_hum	s_to_ş	14	final_prompt_token	13119	0.0	0.10937585681676865	0.10937585681676865	0.10937585681676865		43	0	1	original_hum_ascii_original	original_hum_s_to_ş	93	136	43
original_hum	s_to_ş	14	final_prompt_token	14679	0.12387111783027649	0.11299586296081543	-0.01087525486946106	0.01087525486946106	45	41	1	1	original_hum_ascii_original	original_hum_s_to_ş	93	136	43
original_hum	s_to_ş	14	final_prompt_token	14885	0.1365322768688202	0.14918091893196106	0.01264864206314087	0.01264864206314087	31	18	1	1	original_hum_ascii_original	original_hum_s_to_ş	93	136	43
original_hum	s_to_ş	14	final_prompt_token	14932	0.1438901424407959	0.20251718163490295	0.058627039194107056	0.058627039194107056	25	10	1	1	original_hum_ascii_original	original_hum_s_to_ş	93	136	43
original_hum	s_to_ş	14	final_prompt_token	15605	0.16277040541172028	0.14084862172603607	-0.021921783685684204	0.021921783685684204	19	22	1	1	original_hum_ascii_original	original_hum_s_to_ş	93	136	43
original_hum	s_to_ş	14	final_prompt_token	15702	0.0	0.11599836498498917	0.11599836498498917	0.11599836498498917		40	0	1	original_hum_ascii_original	original_hum_s_to_ş	93	136	43
original_hum	s_to_ş	14	final_prompt_token	16382	0.20584312081336975	0.15600252151489258	-0.04984059929847717	0.04984059929847717	9	14	1	1	original_hum_ascii_original	original_hum_s_to_ş	93	136	43
original_hum	s_to_ş	14	final_prompt_token	16459	0.0	0.11745704710483551	0.11745704710483551	0.11745704710483551		39	0	1	original_hum_ascii_original	original_hum_s_to_ş	93	136	43
original_hum	s_to_ş	14	final_prompt_token	16801	0.1905839890241623	0.0	-0.1905839890241623	0.1905839890241623	14		1	0	original_hum_ascii_original	original_hum_s_to_ş	93	136	43
original_hum	s_to_ş	14	final_prompt_token	16845	0.1151876226067543	0.0	-0.1151876226067543	0.1151876226067543	48		1	0	original_hum_ascii_original	original_hum_s_to_ş	93	136	43
original_hum	s_to_ş	14	final_prompt_token	17193	0.1705974042415619	0.1287367194890976	-0.041860684752464294	0.041860684752464294	17	31	1	1	original_hum_ascii_original	original_hum_s_to_ş	93	136	43
original_hum	s_to_ş	14	final_prompt_token	17275	0.1272931694984436	0.13378770649433136	0.006494536995887756	0.006494536995887756	38	27	1	1	original_hum_ascii_original	original_hum_s_to_ş	93	136	43
original_hum	s_to_ş	14	final_prompt_token	17656	0.128530353307724	0.0	-0.128530353307724	0.128530353307724	37		1	0	original_hum_ascii_original	original_hum_s_to_ş	93	136	43
original_hum	s_to_ş	14	final_prompt_token	18878	0.0	0.1298222541809082	0.1298222541809082	0.1298222541809082		30	0	1	original_hum_ascii_original	original_hum_s_to_ş	93	136	43
original_hum	s_to_ş	14	final_prompt_token	18895	0.1380925178527832	0.12773394584655762	-0.010358572006225586	0.010358572006225586	28	33	1	1	original_hum_ascii_original	original_hum_s_to_ş	93	136	43
original_hum	s_to_ş	14	final_prompt_token	18912	0.0	0.13005678355693817	0.13005678355693817	0.13005678355693817		29	0	1	original_hum_ascii_original	original_hum_s_to_ş	93	136	43
original_hum	s_to_ş	14	final_prompt_token	20402	0.19249580800533295	0.0	-0.19249580800533295	0.19249580800533295	12		1	0	original_hum_ascii_original	original_hum_s_to_ş	93	136	43
original_hum	s_to_ş	14	final_prompt_token	20557	0.25481921434402466	0.2244410216808319	-0.03037819266319275	0.03037819266319275	5	8	1	1	original_hum_ascii_original	original_hum_s_to_ş	93	136	43
original_hum	s_to_ş	14	final_prompt_token	20681	0.1260993778705597	0.13839061558246613	0.012291237711906433	0.012291237711906433	41	24	1	1	original_hum_ascii_original	original_hum_s_to_ş	93	136	43
original_hum	s_to_ş	14	final_prompt_token	20769	0.16162540018558502	0.11827503144741058	-0.04335036873817444	0.04335036873817444	20	38	1	1	original_hum_ascii_original	original_hum_s_to_ş	93	136	43
original_hum	s_to_ş	14	final_prompt_token	20923	0.0	0.15056303143501282	0.15056303143501282	0.15056303143501282		17	0	1	original_hum_ascii_original	original_hum_s_to_ş	93	136	43
original_hum	s_to_ş	14	final_prompt_token	21312	0.0	0.12818241119384766	0.12818241119384766	0.12818241119384766		32	0	1	original_hum_ascii_original	original_hum_s_to_ş	93	136	43
original_hum	s_to_ş	14	final_prompt_token	21981	0.0	0.1258329153060913	0.1258329153060913	0.1258329153060913		34	0	1	original_hum_ascii_original	original_hum_s_to_ş	93	136	43
original_hum	s_to_ş	14	final_prompt_token	22752	0.0	0.10366765409708023	0.10366765409708023	0.10366765409708023		50	0	1	original_hum_ascii_original	original_hum_s_to_ş	93	136	43
original_hum	s_to_ş	14	final_prompt_token	23505	0.0	0.13407109677791595	0.13407109677791595	0.13407109677791595		26	0	1	original_hum_ascii_original	original_hum_s_to_ş	93	136	43
original_hum	s_to_ş	14	final_prompt_token	23591	0.14032292366027832	0.0	-0.14032292366027832	0.14032292366027832	27		1	0	original_hum_ascii_original	original_hum_s_to_ş	93	136	43
original_hum	s_to_ş	14	final_prompt_token	25151	0.15837322175502777	0.0	-0.15837322175502777	0.15837322175502777	21		1	0	original_hum_ascii_original	original_hum_s_to_ş	93	136	43
original_hum	s_to_ş	14	final_prompt_token	26050	0.114312082529068	0.0	-0.114312082529068	0.114312082529068	50		1	0	original_hum_ascii_original	original_hum_s_to_ş	93	136	43
original_hum	s_to_ş	14	final_prompt_token	26237	0.16283361613750458	0.12094587087631226	-0.04188774526119232	0.04188774526119232	18	37	1	1	original_hum_ascii_original	original_hum_s_to_ş	93	136	43
original_hum	s_to_ş	14	final_prompt_token	28025	0.11595268547534943	0.0	-0.11595268547534943	0.11595268547534943	47		1	0	original_hum_ascii_original	original_hum_s_to_ş	93	136	43
original_hum	s_to_ş	14	final_prompt_token	30170	0.19237349927425385	0.3272087574005127	0.13483525812625885	0.13483525812625885	13	4	1	1	original_hum_ascii_original	original_hum_s_to_ş	93	136	43
original_hum	s_to_ş	14	final_prompt_token	30172	0.12711578607559204	0.13218426704406738	0.005068480968475342	0.005068480968475342	39	28	1	1	original_hum_ascii_original	original_hum_s_to_ş	93	136	43
original_hum	s_to_ş	14	final_prompt_token	30964	0.2511886656284332	0.1837034523487091	-0.06748521327972412	0.06748521327972412	6	11	1	1	original_hum_ascii_original	original_hum_s_to_ş	93	136	43
original_hum	s_to_ş	14	final_prompt_token	31774	0.1435861885547638	0.1381985992193222	-0.005387589335441589	0.005387589335441589	26	25	1	1	original_hum_ascii_original	original_hum_s_to_ş	93	136	43
original_hum	s_to_ş	14	final_prompt_token	32300	0.2046404778957367	0.10585882514715195	-0.09878165274858475	0.09878165274858475	10	47	1	1	original_hum_ascii_original	original_hum_s_to_ş	93	136	43
original_hum	s_to_ş	14	final_prompt_token	32358	0.1246265321969986	0.0	-0.1246265321969986	0.1246265321969986	43		1	0	original_hum_ascii_original	original_hum_s_to_ş	93	136	43
original_hum	s_to_ş	14	final_prompt_token	32621	0.14936262369155884	0.0	-0.14936262369155884	0.14936262369155884	23		1	0	original_hum_ascii_original	original_hum_s_to_ş	93	136	43
original_hum	s_to_ş	14	final_prompt_token_minus_1	1013	0.09495832026004791	0.10033881664276123	0.005380496382713318	0.005380496382713318	25	43	1	1	original_hum_ascii_original	original_hum_s_to_ş	93	136	43
original_hum	s_to_ş	14	final_prompt_token_minus_1	1102	0.07666369527578354	0.0	-0.07666369527578354	0.07666369527578354	47		1	0	original_hum_ascii_original	original_hum_s_to_ş	93	136	43
original_hum	s_to_ş	14	final_prompt_token_minus_1	1735	0.0	0.17373797297477722	0.17373797297477722	0.17373797297477722		20	0	1	original_hum_ascii_original	original_hum_s_to_ş	93	136	43
original_hum	s_to_ş	14	final_prompt_token_minus_1	2665	0.07960088551044464	0.0	-0.07960088551044464	0.07960088551044464	40		1	0	original_hum_ascii_original	original_hum_s_to_ş	93	136	43
original_hum	s_to_ş	14	final_prompt_token_minus_1	2961	1.0314112901687622	1.3187437057495117	0.2873324155807495	0.2873324155807495	2	1	1	1	original_hum_ascii_original	original_hum_s_to_ş	93	136	43
original_hum	s_to_ş	14	final_prompt_token_minus_1	3170	0.0	0.2215922772884369	0.2215922772884369	0.2215922772884369		10	0	1	original_hum_ascii_original	original_hum_s_to_ş	93	136	43
original_hum	s_to_ş	14	final_prompt_token_minus_1	3289	0.21890011429786682	0.26993975043296814	0.05103963613510132	0.05103963613510132	8	6	1	1	original_hum_ascii_original	original_hum_s_to_ş	93	136	43
original_hum	s_to_ş	14	final_prompt_token_minus_1	3557	0.13522164523601532	0.17377795279026031	0.038556307554244995	0.038556307554244995	18	19	1	1	original_hum_ascii_original	original_hum_s_to_ş	93	136	43
original_hum	s_to_ş	14	final_prompt_token_minus_1	4170	0.0	0.24061095714569092	0.24061095714569092	0.24061095714569092		7	0	1	original_hum_ascii_original	original_hum_s_to_ş	93	136	43
original_hum	s_to_ş	14	final_prompt_token_minus_1	4337	0.07833660393953323	0.0	-0.07833660393953323	0.07833660393953323	42		1	0	original_hum_ascii_original	original_hum_s_to_ş	93	136	43
original_hum	s_to_ş	14	final_prompt_token_minus_1	4880	0.08719722926616669	0.12844479084014893	0.04124756157398224	0.04124756157398224	29	28	1	1	original_hum_ascii_original	original_hum_s_to_ş	93	136	43
original_hum	s_to_ş	14	final_prompt_token_minus_1	4953	0.1415524184703827	0.14009173214435577	-0.0014606863260269165	0.0014606863260269165	16	23	1	1	original_hum_ascii_original	original_hum_s_to_ş	93	136	43
original_hum	s_to_ş	14	final_prompt_token_minus_1	4959	0.07820617407560349	0.0	-0.07820617407560349	0.07820617407560349	43		1	0	original_hum_ascii_original	original_hum_s_to_ş	93	136	43
original_hum	s_to_ş	14	final_prompt_token_minus_1	5914	0.0	0.1369335949420929	0.1369335949420929	0.1369335949420929		27	0	1	original_hum_ascii_original	original_hum_s_to_ş	93	136	43
original_hum	s_to_ş	14	final_prompt_token_minus_1	6025	0.09043773263692856	0.0	-0.09043773263692856	0.09043773263692856	28		1	0	original_hum_ascii_original	original_hum_s_to_ş	93	136	43
original_hum	s_to_ş	14	final_prompt_token_minus_1	6429	0.22330895066261292	0.29569360613822937	0.07238465547561646	0.07238465547561646	7	5	1	1	original_hum_ascii_original	original_hum_s_to_ş	93	136	43
original_hum	s_to_ş	14	final_prompt_token_minus_1	6658	0.0	0.10596031695604324	0.10596031695604324	0.10596031695604324		38	0	1	original_hum_ascii_original	original_hum_s_to_ş	93	136	43
original_hum	s_to_ş	14	final_prompt_token_minus_1	6681	0.0	0.22641652822494507	0.22641652822494507	0.22641652822494507		9	0	1	original_hum_ascii_original	original_hum_s_to_ş	93	136	43
original_hum	s_to_ş	14	final_prompt_token_minus_1	7163	0.21606037020683289	0.19269795715808868	-0.0233624130487442	0.0233624130487442	9	14	1	1	original_hum_ascii_original	original_hum_s_to_ş	93	136	43
original_hum	s_to_ş	14	final_prompt_token_minus_1	7297	0.0	0.11277635395526886	0.11277635395526886	0.11277635395526886		30	0	1	original_hum_ascii_original	original_hum_s_to_ş	93	136	43
original_hum	s_to_ş	14	final_prompt_token_minus_1	8033	1.3254016637802124	1.1220033168792725	-0.20339834690093994	0.20339834690093994	1	2	1	1	original_hum_ascii_original	original_hum_s_to_ş	93	136	43
original_hum	s_to_ş	14	final_prompt_token_minus_1	8556	0.0	0.09845289587974548	0.09845289587974548	0.09845289587974548		44	0	1	original_hum_ascii_original	original_hum_s_to_ş	93	136	43
original_hum	s_to_ş	14	final_prompt_token_minus_1	10816	0.0	0.09593658149242401	0.09593658149242401	0.09593658149242401		45	0	1	original_hum_ascii_original	original_hum_s_to_ş	93	136	43
original_hum	s_to_ş	14	final_prompt_token_minus_1	11522	0.10359454154968262	0.154169499874115	0.05057495832443237	0.05057495832443237	20	21	1	1	original_hum_ascii_original	original_hum_s_to_ş	93	136	43
original_hum	s_to_ş	14	final_prompt_token_minus_1	11726	0.07187807559967041	0.0	-0.07187807559967041	0.07187807559967041	50		1	0	original_hum_ascii_original	original_hum_s_to_ş	93	136	43
original_hum	s_to_ş	14	final_prompt_token_minus_1	11831	0.08563582599163055	0.11185310035943985	0.026217274367809296	0.026217274367809296	30	31	1	1	original_hum_ascii_original	original_hum_s_to_ş	93	136	43
original_hum	s_to_ş	14	final_prompt_token_minus_1	11864	0.084995336830616	0.0	-0.084995336830616	0.084995336830616	31		1	0	original_hum_ascii_original	original_hum_s_to_ş	93	136	43
original_hum	s_to_ş	14	final_prompt_token_minus_1	12000	0.14680488407611847	0.2281472235918045	0.08134233951568604	0.08134233951568604	14	8	1	1	original_hum_ascii_original	original_hum_s_to_ş	93	136	43
original_hum	s_to_ş	14	final_prompt_token_minus_1	12578	0.08373109251260757	0.10088494420051575	0.017153851687908173	0.017153851687908173	32	41	1	1	original_hum_ascii_original	original_hum_s_to_ş	93	136	43
original_hum	s_to_ş	14	final_prompt_token_minus_1	13029	0.10216090083122253	0.10247321426868439	0.00031231343746185303	0.00031231343746185303	21	39	1	1	original_hum_ascii_original	original_hum_s_to_ş	93	136	43
original_hum	s_to_ş	14	final_prompt_token_minus_1	13119	0.14598676562309265	0.13976436853408813	-0.006222397089004517	0.006222397089004517	15	24	1	1	original_hum_ascii_original	original_hum_s_to_ş	93	136	43
original_hum	s_to_ş	14	final_prompt_token_minus_1	13692	0.08346346020698547	0.0	-0.08346346020698547	0.08346346020698547	33		1	0	original_hum_ascii_original	original_hum_s_to_ş	93	136	43
original_hum	s_to_ş	14	final_prompt_token_minus_1	14932	0.07605382055044174	0.0	-0.07605382055044174	0.07605382055044174	48		1	0	original_hum_ascii_original	original_hum_s_to_ş	93	136	43
original_hum	s_to_ş	14	final_prompt_token_minus_1	15396	0.17640447616577148	0.10070120543241501	-0.07570327073335648	0.07570327073335648	11	42	1	1	original_hum_ascii_original	original_hum_s_to_ş	93	136	43
original_hum	s_to_ş	14	final_prompt_token_minus_1	15493	0.0	0.09022173285484314	0.09022173285484314	0.09022173285484314		49	0	1	original_hum_ascii_original	original_hum_s_to_ş	93	136	43
original_hum	s_to_ş	14	final_prompt_token_minus_1	15605	0.08014270663261414	0.10947488993406296	0.029332183301448822	0.029332183301448822	38	32	1	1	original_hum_ascii_original	original_hum_s_to_ş	93	136	43
original_hum	s_to_ş	14	final_prompt_token_minus_1	16077	0.1330661177635193	0.10936771333217621	-0.02369840443134308	0.02369840443134308	19	33	1	1	original_hum_ascii_original	original_hum_s_to_ş	93	136	43
original_hum	s_to_ş	14	final_prompt_token_minus_1	17656	0.07976562529802322	0.0	-0.07976562529802322	0.07976562529802322	39		1	0	original_hum_ascii_original	original_hum_s_to_ş	93	136	43
original_hum	s_to_ş	14	final_prompt_token_minus_1	19010	0.0	0.18593457341194153	0.18593457341194153	0.18593457341194153		16	0	1	original_hum_ascii_original	original_hum_s_to_ş	93	136	43
original_hum	s_to_ş	14	final_prompt_token_minus_1	19133	0.24571211636066437	0.20601557195186615	-0.03969654440879822	0.03969654440879822	5	12	1	1	original_hum_ascii_original	original_hum_s_to_ş	93	136	43
original_hum	s_to_ş	14	final_prompt_token_minus_1	19493	0.0	0.11677311360836029	0.11677311360836029	0.11677311360836029		29	0	1	original_hum_ascii_original	original_hum_s_to_ş	93	136	43
original_hum	s_to_ş	14	final_prompt_token_minus_1	20403	0.09776154160499573	0.0	-0.09776154160499573	0.09776154160499573	24		1	0	original_hum_ascii_original	original_hum_s_to_ş	93	136	43
original_hum	s_to_ş	14	final_prompt_token_minus_1	20557	0.18130949139595032	0.15123793482780457	-0.030071556568145752	0.030071556568145752	10	22	1	1	original_hum_ascii_original	original_hum_s_to_ş	93	136	43
original_hum	s_to_ş	14	final_prompt_token_minus_1	20678	0.0	0.08959607779979706	0.08959607779979706	0.08959607779979706		50	0	1	original_hum_ascii_original	original_hum_s_to_ş	93	136	43
original_hum	s_to_ş	14	final_prompt_token_minus_1	20681	0.1379212737083435	0.17888902127742767	0.04096774756908417	0.04096774756908417	17	18	1	1	original_hum_ascii_original	original_hum_s_to_ş	93	136	43
original_hum	s_to_ş	14	final_prompt_token_minus_1	20998	0.09990052133798599	0.0	-0.09990052133798599	0.09990052133798599	22		1	0	original_hum_ascii_original	original_hum_s_to_ş	93	136	43
original_hum	s_to_ş	14	final_prompt_token_minus_1	21393	0.08071122318506241	0.0	-0.08071122318506241	0.08071122318506241	36		1	0	original_hum_ascii_original	original_hum_s_to_ş	93	136	43
original_hum	s_to_ş	14	final_prompt_token_minus_1	21405	0.08184586465358734	0.0	-0.08184586465358734	0.08184586465358734	35		1	0	original_hum_ascii_original	original_hum_s_to_ş	93	136	43
original_hum	s_to_ş	14	final_prompt_token_minus_1	21447	0.24075758457183838	0.18911896646022797	-0.05163861811161041	0.05163861811161041	6	15	1	1	original_hum_ascii_original	original_hum_s_to_ş	93	136	43
original_hum	s_to_ş	14	final_prompt_token_minus_1	21981	0.2605286240577698	0.3527655005455017	0.09223687648773193	0.09223687648773193	4	4	1	1	original_hum_ascii_original	original_hum_s_to_ş	93	136	43
original_hum	s_to_ş	14	final_prompt_token_minus_1	22250	0.0	0.09042424708604813	0.09042424708604813	0.09042424708604813		47	0	1	original_hum_ascii_original	original_hum_s_to_ş	93	136	43
original_hum	s_to_ş	14	final_prompt_token_minus_1	22608	0.08023607730865479	0.0	-0.08023607730865479	0.08023607730865479	37		1	0	original_hum_ascii_original	original_hum_s_to_ş	93	136	43
original_hum	s_to_ş	14	final_prompt_token_minus_1	22813	0.07742861658334732	0.09028714895248413	0.01285853236913681	0.01285853236913681	46	48	1	1	original_hum_ascii_original	original_hum_s_to_ş	93	136	43
original_hum	s_to_ş	14	final_prompt_token_minus_1	23505	0.14780056476593018	0.13855601847171783	-0.009244546294212341	0.009244546294212341	12	25	1	1	original_hum_ascii_original	original_hum_s_to_ş	93	136	43
original_hum	s_to_ş	14	final_prompt_token_minus_1	24697	0.0	0.10928601026535034	0.10928601026535034	0.10928601026535034		34	0	1	original_hum_ascii_original	original_hum_s_to_ş	93	136	43
original_hum	s_to_ş	14	final_prompt_token_minus_1	25151	0.14700427651405334	0.0	-0.14700427651405334	0.14700427651405334	13		1	0	original_hum_ascii_original	original_hum_s_to_ş	93	136	43
original_hum	s_to_ş	14	final_prompt_token_minus_1	26050	0.09191124141216278	0.0	-0.09191124141216278	0.09191124141216278	27		1	0	original_hum_ascii_original	original_hum_s_to_ş	93	136	43
original_hum	s_to_ş	14	final_prompt_token_minus_1	26501	0.0	0.10812816023826599	0.10812816023826599	0.10812816023826599		36	0	1	original_hum_ascii_original	original_hum_s_to_ş	93	136	43
original_hum	s_to_ş	14	final_prompt_token_minus_1	26615	0.09321640431880951	0.0	-0.09321640431880951	0.09321640431880951	26		1	0	original_hum_ascii_original	original_hum_s_to_ş	93	136	43
original_hum	s_to_ş	14	final_prompt_token_minus_1	27706	0.0	0.10901074856519699	0.10901074856519699	0.10901074856519699		35	0	1	original_hum_ascii_original	original_hum_s_to_ş	93	136	43
original_hum	s_to_ş	14	final_prompt_token_minus_1	27817	0.0	0.19646379351615906	0.19646379351615906	0.19646379351615906		13	0	1	original_hum_ascii_original	original_hum_s_to_ş	93	136	43
original_hum	s_to_ş	14	final_prompt_token_minus_1	28492	0.09920089691877365	0.21867206692695618	0.11947117000818253	0.11947117000818253	23	11	1	1	original_hum_ascii_original	original_hum_s_to_ş	93	136	43
original_hum	s_to_ş	14	final_prompt_token_minus_1	28536	0.07590261101722717	0.0	-0.07590261101722717	0.07590261101722717	49		1	0	original_hum_ascii_original	original_hum_s_to_ş	93	136	43
original_hum	s_to_ş	14	final_prompt_token_minus_1	28824	0.0	0.10117624700069427	0.10117624700069427	0.10117624700069427		40	0	1	original_hum_ascii_original	original_hum_s_to_ş	93	136	43
original_hum	s_to_ş	14	final_prompt_token_minus_1	29619	0.07801148295402527	0.0	-0.07801148295402527	0.07801148295402527	44		1	0	original_hum_ascii_original	original_hum_s_to_ş	93	136	43
original_hum	s_to_ş	14	final_prompt_token_minus_1	30170	0.3690895140171051	0.5358744859695435	0.16678497195243835	0.16678497195243835	3	3	1	1	original_hum_ascii_original	original_hum_s_to_ş	93	136	43
original_hum	s_to_ş	14	final_prompt_token_minus_1	30225	0.07931183278560638	0.0	-0.07931183278560638	0.07931183278560638	41		1	0	original_hum_ascii_original	original_hum_s_to_ş	93	136	43
original_hum	s_to_ş	14	final_prompt_token_minus_1	31016	0.0	0.10775940120220184	0.10775940120220184	0.10775940120220184		37	0	1	original_hum_ascii_original	original_hum_s_to_ş	93	136	43
original_hum	s_to_ş	14	final_prompt_token_minus_1	31733	0.07765716314315796	0.0	-0.07765716314315796	0.07765716314315796	45		1	0	original_hum_ascii_original	original_hum_s_to_ş	93	136	43
original_hum	s_to_ş	14	final_prompt_token_minus_1	32204	0.08204953372478485	0.0	-0.08204953372478485	0.08204953372478485	34		1	0	original_hum_ascii_original	original_hum_s_to_ş	93	136	43
original_hum	s_to_ş	14	final_prompt_token_minus_1	32339	0.0	0.1371276080608368	0.1371276080608368	0.1371276080608368		26	0	1	original_hum_ascii_original	original_hum_s_to_ş	93	136	43
original_hum	s_to_ş	14	final_prompt_token_minus_1	32427	0.0	0.09552609920501709	0.09552609920501709	0.09552609920501709		46	0	1	original_hum_ascii_original	original_hum_s_to_ş	93	136	43
original_hum	s_to_ş	14	final_prompt_token_minus_1	32722	0.0	0.184380441904068	0.184380441904068	0.184380441904068		17	0	1	original_hum_ascii_original	original_hum_s_to_ş	93	136	43
original_hum	s_to_ş	14	final_prompt_token_minus_5	210	0.08845587819814682	0.0	-0.08845587819814682	0.08845587819814682	48		1	0	original_hum_ascii_original	original_hum_s_to_ş	93	136	43
original_hum	s_to_ş	14	final_prompt_token_minus_5	268	0.0	0.14524924755096436	0.14524924755096436	0.14524924755096436		31	0	1	original_hum_ascii_original	original_hum_s_to_ş	93	136	43
original_hum	s_to_ş	14	final_prompt_token_minus_5	299	0.0	0.11621807515621185	0.11621807515621185	0.11621807515621185		45	0	1	original_hum_ascii_original	original_hum_s_to_ş	93	136	43
original_hum	s_to_ş	14	final_prompt_token_minus_5	438	0.16378967463970184	0.2176770716905594	0.053887397050857544	0.053887397050857544	13	13	1	1	original_hum_ascii_original	original_hum_s_to_ş	93	136	43
original_hum	s_to_ş	14	final_prompt_token_minus_5	1973	0.17396679520606995	0.0	-0.17396679520606995	0.17396679520606995	12		1	0	original_hum_ascii_original	original_hum_s_to_ş	93	136	43
original_hum	s_to_ş	14	final_prompt_token_minus_5	2211	0.0	0.1859140545129776	0.1859140545129776	0.1859140545129776		19	0	1	original_hum_ascii_original	original_hum_s_to_ş	93	136	43
original_hum	s_to_ş	14	final_prompt_token_minus_5	2869	0.0	0.11453738808631897	0.11453738808631897	0.11453738808631897		46	0	1	original_hum_ascii_original	original_hum_s_to_ş	93	136	43
original_hum	s_to_ş	14	final_prompt_token_minus_5	2948	0.0	0.9168190360069275	0.9168190360069275	0.9168190360069275		2	0	1	original_hum_ascii_original	original_hum_s_to_ş	93	136	43
original_hum	s_to_ş	14	final_prompt_token_minus_5	2961	1.0757501125335693	1.1029001474380493	0.02715003490447998	0.02715003490447998	1	1	1	1	original_hum_ascii_original	original_hum_s_to_ş	93	136	43
original_hum	s_to_ş	14	final_prompt_token_minus_5	3226	0.0	0.2431085854768753	0.2431085854768753	0.2431085854768753		10	0	1	original_hum_ascii_original	original_hum_s_to_ş	93	136	43
original_hum	s_to_ş	14	final_prompt_token_minus_5	3454	0.08824450522661209	0.0	-0.08824450522661209	0.08824450522661209	49		1	0	original_hum_ascii_original	original_hum_s_to_ş	93	136	43
original_hum	s_to_ş	14	final_prompt_token_minus_5	3781	0.13802973926067352	0.0	-0.13802973926067352	0.13802973926067352	18		1	0	original_hum_ascii_original	original_hum_s_to_ş	93	136	43
original_hum	s_to_ş	14	final_prompt_token_minus_5	4010	0.23250465095043182	0.0	-0.23250465095043182	0.23250465095043182	6		1	0	original_hum_ascii_original	original_hum_s_to_ş	93	136	43
original_hum	s_to_ş	14	final_prompt_token_minus_5	4850	0.10583700984716415	0.0	-0.10583700984716415	0.10583700984716415	35		1	0	original_hum_ascii_original	original_hum_s_to_ş	93	136	43
original_hum	s_to_ş	14	final_prompt_token_minus_5	5032	0.1081906259059906	0.0	-0.1081906259059906	0.1081906259059906	30		1	0	original_hum_ascii_original	original_hum_s_to_ş	93	136	43
original_hum	s_to_ş	14	final_prompt_token_minus_5	5117	0.0	0.74177485704422	0.74177485704422	0.74177485704422		3	0	1	original_hum_ascii_original	original_hum_s_to_ş	93	136	43
original_hum	s_to_ş	14	final_prompt_token_minus_5	5267	0.0	0.16372010111808777	0.16372010111808777	0.16372010111808777		23	0	1	original_hum_ascii_original	original_hum_s_to_ş	93	136	43
original_hum	s_to_ş	14	final_prompt_token_minus_5	6223	0.0	0.38707444071769714	0.38707444071769714	0.38707444071769714		4	0	1	original_hum_ascii_original	original_hum_s_to_ş	93	136	43
original_hum	s_to_ş	14	final_prompt_token_minus_5	6429	0.26575198769569397	0.19506260752677917	-0.0706893801689148	0.0706893801689148	5	17	1	1	original_hum_ascii_original	original_hum_s_to_ş	93	136	43
original_hum	s_to_ş	14	final_prompt_token_minus_5	6442	0.09860055893659592	0.0	-0.09860055893659592	0.09860055893659592	39		1	0	original_hum_ascii_original	original_hum_s_to_ş	93	136	43
original_hum	s_to_ş	14	final_prompt_token_minus_5	6477	0.1163020133972168	0.0	-0.1163020133972168	0.1163020133972168	27		1	0	original_hum_ascii_original	original_hum_s_to_ş	93	136	43
original_hum	s_to_ş	14	final_prompt_token_minus_5	6681	0.0	0.19006361067295074	0.19006361067295074	0.19006361067295074		18	0	1	original_hum_ascii_original	original_hum_s_to_ş	93	136	43
original_hum	s_to_ş	14	final_prompt_token_minus_5	6804	0.5306376814842224	0.0	-0.5306376814842224	0.5306376814842224	3		1	0	original_hum_ascii_original	original_hum_s_to_ş	93	136	43
original_hum	s_to_ş	14	final_prompt_token_minus_5	6846	0.18230310082435608	0.0	-0.18230310082435608	0.18230310082435608	10		1	0	original_hum_ascii_original	original_hum_s_to_ş	93	136	43
original_hum	s_to_ş	14	final_prompt_token_minus_5	7175	0.0	0.24595782160758972	0.24595782160758972	0.24595782160758972		8	0	1	original_hum_ascii_original	original_hum_s_to_ş	93	136	43
original_hum	s_to_ş	14	final_prompt_token_minus_5	7297	0.0	0.11189748346805573	0.11189748346805573	0.11189748346805573		47	0	1	original_hum_ascii_original	original_hum_s_to_ş	93	136	43
original_hum	s_to_ş	14	final_prompt_token_minus_5	7998	0.22291457653045654	0.0	-0.22291457653045654	0.22291457653045654	7		1	0	original_hum_ascii_original	original_hum_s_to_ş	93	136	43
original_hum	s_to_ş	14	final_prompt_token_minus_5	8556	0.0	0.13289697468280792	0.13289697468280792	0.13289697468280792		38	0	1	original_hum_ascii_original	original_hum_s_to_ş	93	136	43
original_hum	s_to_ş	14	final_prompt_token_minus_5	8873	0.0	0.2217613309621811	0.2217613309621811	0.2217613309621811		12	0	1	original_hum_ascii_original	original_hum_s_to_ş	93	136	43
original_hum	s_to_ş	14	final_prompt_token_minus_5	9319	0.0	0.11149300634860992	0.11149300634860992	0.11149300634860992		50	0	1	original_hum_ascii_original	original_hum_s_to_ş	93	136	43
original_hum	s_to_ş	14	final_prompt_token_minus_5	10074	0.0	0.1399570107460022	0.1399570107460022	0.1399570107460022		33	0	1	original_hum_ascii_original	original_hum_s_to_ş	93	136	43
original_hum	s_to_ş	14	final_prompt_token_minus_5	10804	0.11051413416862488	0.0	-0.11051413416862488	0.11051413416862488	28		1	0	original_hum_ascii_original	original_hum_s_to_ş	93	136	43
original_hum	s_to_ş	14	final_prompt_token_minus_5	10948	0.0	0.11156345903873444	0.11156345903873444	0.11156345903873444		49	0	1	original_hum_ascii_original	original_hum_s_to_ş	93	136	43
original_hum	s_to_ş	14	final_prompt_token_minus_5	11393	0.0	0.12793035805225372	0.12793035805225372	0.12793035805225372		39	0	1	original_hum_ascii_original	original_hum_s_to_ş	93	136	43
original_hum	s_to_ş	14	final_prompt_token_minus_5	11503	0.0	0.17093393206596375	0.17093393206596375	0.17093393206596375		22	0	1	original_hum_ascii_original	original_hum_s_to_ş	93	136	43
original_hum	s_to_ş	14	final_prompt_token_minus_5	11680	0.0	0.13913878798484802	0.13913878798484802	0.13913878798484802		35	0	1	original_hum_ascii_original	original_hum_s_to_ş	93	136	43
original_hum	s_to_ş	14	final_prompt_token_minus_5	11864	0.12023269385099411	0.0	-0.12023269385099411	0.12023269385099411	24		1	0	original_hum_ascii_original	original_hum_s_to_ş	93	136	43
original_hum	s_to_ş	14	final_prompt_token_minus_5	12179	0.14202867448329926	0.0	-0.14202867448329926	0.14202867448329926	16		1	0	original_hum_ascii_original	original_hum_s_to_ş	93	136	43
original_hum	s_to_ş	14	final_prompt_token_minus_5	12399	0.08793401718139648	0.0	-0.08793401718139648	0.08793401718139648	50		1	0	original_hum_ascii_original	original_hum_s_to_ş	93	136	43
original_hum	s_to_ş	14	final_prompt_token_minus_5	12420	0.7626116275787354	0.0	-0.7626116275787354	0.7626116275787354	2		1	0	original_hum_ascii_original	original_hum_s_to_ş	93	136	43
original_hum	s_to_ş	14	final_prompt_token_minus_5	12546	0.10370586812496185	0.0	-0.10370586812496185	0.10370586812496185	36		1	0	original_hum_ascii_original	original_hum_s_to_ş	93	136	43
original_hum	s_to_ş	14	final_prompt_token_minus_5	13119	0.15948860347270966	0.12730728089809418	-0.03218132257461548	0.03218132257461548	14	40	1	1	original_hum_ascii_original	original_hum_s_to_ş	93	136	43
original_hum	s_to_ş	14	final_prompt_token_minus_5	13517	0.11006458103656769	0.0	-0.11006458103656769	0.11006458103656769	29		1	0	original_hum_ascii_original	original_hum_s_to_ş	93	136	43
original_hum	s_to_ş	14	final_prompt_token_minus_5	13643	0.0	0.14540748298168182	0.14540748298168182	0.14540748298168182		30	0	1	original_hum_ascii_original	original_hum_s_to_ş	93	136	43
original_hum	s_to_ş	14	final_prompt_token_minus_5	14885	0.0	0.13813112676143646	0.13813112676143646	0.13813112676143646		36	0	1	original_hum_ascii_original	original_hum_s_to_ş	93	136	43
original_hum	s_to_ş	14	final_prompt_token_minus_5	15006	0.09291967749595642	0.0	-0.09291967749595642	0.09291967749595642	42		1	0	original_hum_ascii_original	original_hum_s_to_ş	93	136	43
original_hum	s_to_ş	14	final_prompt_token_minus_5	15501	0.0	0.27813178300857544	0.27813178300857544	0.27813178300857544		7	0	1	original_hum_ascii_original	original_hum_s_to_ş	93	136	43
original_hum	s_to_ş	14	final_prompt_token_minus_5	16195	0.1765463501214981	0.0	-0.1765463501214981	0.1765463501214981	11		1	0	original_hum_ascii_original	original_hum_s_to_ş	93	136	43
original_hum	s_to_ş	14	final_prompt_token_minus_5	16973	0.13534760475158691	0.0	-0.13534760475158691	0.13534760475158691	19		1	0	original_hum_ascii_original	original_hum_s_to_ş	93	136	43
original_hum	s_to_ş	14	final_prompt_token_minus_5	17059	0.0	0.24437843263149261	0.24437843263149261	0.24437843263149261		9	0	1	original_hum_ascii_original	original_hum_s_to_ş	93	136	43
original_hum	s_to_ş	14	final_prompt_token_minus_5	17359	0.0	0.12670062482357025	0.12670062482357025	0.12670062482357025		41	0	1	original_hum_ascii_original	original_hum_s_to_ş	93	136	43
original_hum	s_to_ş	14	final_prompt_token_minus_5	17384	0.0928545594215393	0.0	-0.0928545594215393	0.0928545594215393	43		1	0	original_hum_ascii_original	original_hum_s_to_ş	93	136	43
original_hum	s_to_ş	14	final_prompt_token_minus_5	17629	0.0	0.16271893680095673	0.16271893680095673	0.16271893680095673		24	0	1	original_hum_ascii_original	original_hum_s_to_ş	93	136	43
original_hum	s_to_ş	14	final_prompt_token_minus_5	17656	0.12278657406568527	0.0	-0.12278657406568527	0.12278657406568527	23		1	0	original_hum_ascii_original	original_hum_s_to_ş	93	136	43
original_hum	s_to_ş	14	final_prompt_token_minus_5	17889	0.14771750569343567	0.0	-0.14771750569343567	0.14771750569343567	15		1	0	original_hum_ascii_original	original_hum_s_to_ş	93	136	43
original_hum	s_to_ş	14	final_prompt_token_minus_5	18004	0.0	0.20503655076026917	0.20503655076026917	0.20503655076026917		14	0	1	original_hum_ascii_original	original_hum_s_to_ş	93	136	43
original_hum	s_to_ş	14	final_prompt_token_minus_5	18091	0.0	0.15408161282539368	0.15408161282539368	0.15408161282539368		26	0	1	original_hum_ascii_original	original_hum_s_to_ş	93	136	43
original_hum	s_to_ş	14	final_prompt_token_minus_5	18673	0.18366771936416626	0.12622487545013428	-0.05744284391403198	0.05744284391403198	9	43	1	1	original_hum_ascii_original	original_hum_s_to_ş	93	136	43
original_hum	s_to_ş	14	final_prompt_token_minus_5	18775	0.10586845874786377	0.0	-0.10586845874786377	0.10586845874786377	34		1	0	original_hum_ascii_original	original_hum_s_to_ş	93	136	43
original_hum	s_to_ş	14	final_prompt_token_minus_5	19919	0.12692531943321228	0.0	-0.12692531943321228	0.12692531943321228	22		1	0	original_hum_ascii_original	original_hum_s_to_ş	93	136	43
original_hum	s_to_ş	14	final_prompt_token_minus_5	20064	0.13042046129703522	0.0	-0.13042046129703522	0.13042046129703522	21		1	0	original_hum_ascii_original	original_hum_s_to_ş	93	136	43
original_hum	s_to_ş	14	final_prompt_token_minus_5	20089	0.0	0.12649503350257874	0.12649503350257874	0.12649503350257874		42	0	1	original_hum_ascii_original	original_hum_s_to_ş	93	136	43
original_hum	s_to_ş	14	final_prompt_token_minus_5	20557	0.18499016761779785	0.1587260365486145	-0.02626413106918335	0.02626413106918335	8	25	1	1	original_hum_ascii_original	original_hum_s_to_ş	93	136	43
original_hum	s_to_ş	14	final_prompt_token_minus_5	20681	0.09171319007873535	0.14572328329086304	0.054010093212127686	0.054010093212127686	45	28	1	1	original_hum_ascii_original	original_hum_s_to_ş	93	136	43
original_hum	s_to_ş	14	final_prompt_token_minus_5	21803	0.09094459563493729	0.31132572889328003	0.22038113325834274	0.22038113325834274	47	6	1	1	original_hum_ascii_original	original_hum_s_to_ş	93	136	43
original_hum	s_to_ş	14	final_prompt_token_minus_5	22208	0.09776429831981659	0.0	-0.09776429831981659	0.09776429831981659	40		1	0	original_hum_ascii_original	original_hum_s_to_ş	93	136	43
original_hum	s_to_ş	14	final_prompt_token_minus_5	22813	0.10602040588855743	0.0	-0.10602040588855743	0.10602040588855743	32		1	0	original_hum_ascii_original	original_hum_s_to_ş	93	136	43
original_hum	s_to_ş	14	final_prompt_token_minus_5	23073	0.1408545970916748	0.17453624308109283	0.03368164598941803	0.03368164598941803	17	21	1	1	original_hum_ascii_original	original_hum_s_to_ş	93	136	43
original_hum	s_to_ş	14	final_prompt_token_minus_5	23320	0.0	0.19687195122241974	0.19687195122241974	0.19687195122241974		16	0	1	original_hum_ascii_original	original_hum_s_to_ş	93	136	43
original_hum	s_to_ş	14	final_prompt_token_minus_5	23364	0.10133588314056396	0.0	-0.10133588314056396	0.10133588314056396	38		1	0	original_hum_ascii_original	original_hum_s_to_ş	93	136	43
original_hum	s_to_ş	14	final_prompt_token_minus_5	23957	0.09750664979219437	0.0	-0.09750664979219437	0.09750664979219437	41		1	0	original_hum_ascii_original	original_hum_s_to_ş	93	136	43
original_hum	s_to_ş	14	final_prompt_token_minus_5	23991	0.0	0.13800309598445892	0.13800309598445892	0.13800309598445892		37	0	1	original_hum_ascii_original	original_hum_s_to_ş	93	136	43
original_hum	s_to_ş	14	final_prompt_token_minus_5	25125	0.10812551528215408	0.0	-0.10812551528215408	0.10812551528215408	31		1	0	original_hum_ascii_original	original_hum_s_to_ş	93	136	43
original_hum	s_to_ş	14	final_prompt_token_minus_5	26692	0.0	0.2369341254234314	0.2369341254234314	0.2369341254234314		11	0	1	original_hum_ascii_original	original_hum_s_to_ş	93	136	43
original_hum	s_to_ş	14	final_prompt_token_minus_5	26945	0.11726683378219604	0.0	-0.11726683378219604	0.11726683378219604	26		1	0	original_hum_ascii_original	original_hum_s_to_ş	93	136	43
original_hum	s_to_ş	14	final_prompt_token_minus_5	27023	0.4281465411186218	0.0	-0.4281465411186218	0.4281465411186218	4		1	0	original_hum_ascii_original	original_hum_s_to_ş	93	136	43
original_hum	s_to_ş	14	final_prompt_token_minus_5	27523	0.0	0.14000092446804047	0.14000092446804047	0.14000092446804047		32	0	1	original_hum_ascii_original	original_hum_s_to_ş	93	136	43
original_hum	s_to_ş	14	final_prompt_token_minus_5	27706	0.0	0.1117977425456047	0.1117977425456047	0.1117977425456047		48	0	1	original_hum_ascii_original	original_hum_s_to_ş	93	136	43
original_hum	s_to_ş	14	final_prompt_token_minus_5	28039	0.0	0.13979029655456543	0.13979029655456543	0.13979029655456543		34	0	1	original_hum_ascii_original	original_hum_s_to_ş	93	136	43
original_hum	s_to_ş	14	final_prompt_token_minus_5	28149	0.10150748491287231	0.0	-0.10150748491287231	0.10150748491287231	37		1	0	original_hum_ascii_original	original_hum_s_to_ş	93	136	43
original_hum	s_to_ş	14	final_prompt_token_minus_5	28880	0.0	0.14900025725364685	0.14900025725364685	0.14900025725364685		27	0	1	original_hum_ascii_original	original_hum_s_to_ş	93	136	43
original_hum	s_to_ş	14	final_prompt_token_minus_5	29868	0.13392025232315063	0.0	-0.13392025232315063	0.13392025232315063	20		1	0	original_hum_ascii_original	original_hum_s_to_ş	93	136	43
original_hum	s_to_ş	14	final_prompt_token_minus_5	30950	0.11847710609436035	0.0	-0.11847710609436035	0.11847710609436035	25		1	0	original_hum_ascii_original	original_hum_s_to_ş	93	136	43
original_hum	s_to_ş	14	final_prompt_token_minus_5	31060	0.0	0.12200625240802765	0.12200625240802765	0.12200625240802765		44	0	1	original_hum_ascii_original	original_hum_s_to_ş	93	136	43
original_hum	s_to_ş	14	final_prompt_token_minus_5	31119	0.0	0.1455499529838562	0.1455499529838562	0.1455499529838562		29	0	1	original_hum_ascii_original	original_hum_s_to_ş	93	136	43
original_hum	s_to_ş	14	final_prompt_token_minus_5	31267	0.0927112028002739	0.0	-0.0927112028002739	0.0927112028002739	44		1	0	original_hum_ascii_original	original_hum_s_to_ş	93	136	43
original_hum	s_to_ş	14	final_prompt_token_minus_5	31558	0.0915255919098854	0.0	-0.0915255919098854	0.0915255919098854	46		1	0	original_hum_ascii_original	original_hum_s_to_ş	93	136	43
original_hum	s_to_ş	14	final_prompt_token_minus_5	31733	0.10594604909420013	0.2027231901884079	0.09677714109420776	0.09677714109420776	33	15	1	1	original_hum_ascii_original	original_hum_s_to_ş	93	136	43
original_hum	s_to_ş	14	final_prompt_token_minus_5	31735	0.0	0.18433785438537598	0.18433785438537598	0.18433785438537598		20	0	1	original_hum_ascii_original	original_hum_s_to_ş	93	136	43
original_hum	s_to_ş	14	final_prompt_token_minus_5	32427	0.0	0.3118627071380615	0.3118627071380615	0.3118627071380615		5	0	1	original_hum_ascii_original	original_hum_s_to_ş	93	136	43
original_hum	s_to_ş	14	final_prompt_token_minus_10	389	0.22831714153289795	0.0	-0.22831714153289795	0.22831714153289795	12		1	0	original_hum_ascii_original	original_hum_s_to_ş	93	136	43
original_hum	s_to_ş	14	final_prompt_token_minus_10	438	0.12640373408794403	0.0	-0.12640373408794403	0.12640373408794403	48		1	0	original_hum_ascii_original	original_hum_s_to_ş	93	136	43
original_hum	s_to_ş	14	final_prompt_token_minus_10	872	0.14789557456970215	0.0	-0.14789557456970215	0.14789557456970215	32		1	0	original_hum_ascii_original	original_hum_s_to_ş	93	136	43
original_hum	s_to_ş	14	final_prompt_token_minus_10	995	0.0	0.13880597054958344	0.13880597054958344	0.13880597054958344		18	0	1	original_hum_ascii_original	original_hum_s_to_ş	93	136	43
original_hum	s_to_ş	14	final_prompt_token_minus_10	1168	0.0	0.21727342903614044	0.21727342903614044	0.21727342903614044		8	0	1	original_hum_ascii_original	original_hum_s_to_ş	93	136	43
original_hum	s_to_ş	14	final_prompt_token_minus_10	1735	0.0	0.1099126935005188	0.1099126935005188	0.1099126935005188		30	0	1	original_hum_ascii_original	original_hum_s_to_ş	93	136	43
original_hum	s_to_ş	14	final_prompt_token_minus_10	2328	0.24085605144500732	0.0	-0.24085605144500732	0.24085605144500732	11		1	0	original_hum_ascii_original	original_hum_s_to_ş	93	136	43
original_hum	s_to_ş	14	final_prompt_token_minus_10	2867	0.0	0.0817364826798439	0.0817364826798439	0.0817364826798439		46	0	1	original_hum_ascii_original	original_hum_s_to_ş	93	136	43
original_hum	s_to_ş	14	final_prompt_token_minus_10	2956	0.0	0.08105070143938065	0.08105070143938065	0.08105070143938065		47	0	1	original_hum_ascii_original	original_hum_s_to_ş	93	136	43
original_hum	s_to_ş	14	final_prompt_token_minus_10	2961	0.29128599166870117	0.8954159021377563	0.6041299104690552	0.6041299104690552	7	1	1	1	original_hum_ascii_original	original_hum_s_to_ş	93	136	43
original_hum	s_to_ş	14	final_prompt_token_minus_10	3994	0.29292353987693787	0.0	-0.29292353987693787	0.29292353987693787	6		1	0	original_hum_ascii_original	original_hum_s_to_ş	93	136	43
original_hum	s_to_ş	14	final_prompt_token_minus_10	4164	0.0	0.19219809770584106	0.19219809770584106	0.19219809770584106		11	0	1	original_hum_ascii_original	original_hum_s_to_ş	93	136	43
original_hum	s_to_ş	14	final_prompt_token_minus_10	4718	0.13467371463775635	0.0	-0.13467371463775635	0.13467371463775635	40		1	0	original_hum_ascii_original	original_hum_s_to_ş	93	136	43
original_hum	s_to_ş	14	final_prompt_token_minus_10	5903	0.19853372871875763	0.0	-0.19853372871875763	0.19853372871875763	15		1	0	original_hum_ascii_original	original_hum_s_to_ş	93	136	43
original_hum	s_to_ş	14	final_prompt_token_minus_10	6192	0.1287318468093872	0.0	-0.1287318468093872	0.1287318468093872	47		1	0	original_hum_ascii_original	original_hum_s_to_ş	93	136	43
original_hum	s_to_ş	14	final_prompt_token_minus_10	6429	0.0	0.09077450633049011	0.09077450633049011	0.09077450633049011		39	0	1	original_hum_ascii_original	original_hum_s_to_ş	93	136	43
original_hum	s_to_ş	14	final_prompt_token_minus_10	6533	0.0	0.0998285561800003	0.0998285561800003	0.0998285561800003		34	0	1	original_hum_ascii_original	original_hum_s_to_ş	93	136	43
original_hum	s_to_ş	14	final_prompt_token_minus_10	6557	0.19661995768547058	0.0	-0.19661995768547058	0.19661995768547058	17		1	0	original_hum_ascii_original	original_hum_s_to_ş	93	136	43
original_hum	s_to_ş	14	final_prompt_token_minus_10	6642	0.2821335792541504	0.0	-0.2821335792541504	0.2821335792541504	8		1	0	original_hum_ascii_original	original_hum_s_to_ş	93	136	43
original_hum	s_to_ş	14	final_prompt_token_minus_10	7427	0.13666051626205444	0.0	-0.13666051626205444	0.13666051626205444	39		1	0	original_hum_ascii_original	original_hum_s_to_ş	93	136	43
original_hum	s_to_ş	14	final_prompt_token_minus_10	7584	0.0	0.0796358734369278	0.0796358734369278	0.0796358734369278		49	0	1	original_hum_ascii_original	original_hum_s_to_ş	93	136	43
original_hum	s_to_ş	14	final_prompt_token_minus_10	7845	0.19415977597236633	0.0	-0.19415977597236633	0.19415977597236633	18		1	0	original_hum_ascii_original	original_hum_s_to_ş	93	136	43
original_hum	s_to_ş	14	final_prompt_token_minus_10	8121	0.0	0.12497960031032562	0.12497960031032562	0.12497960031032562		22	0	1	original_hum_ascii_original	original_hum_s_to_ş	93	136	43
original_hum	s_to_ş	14	final_prompt_token_minus_10	8356	0.0	0.08197879791259766	0.08197879791259766	0.08197879791259766		45	0	1	original_hum_ascii_original	original_hum_s_to_ş	93	136	43
original_hum	s_to_ş	14	final_prompt_token_minus_10	9030	0.0	0.09118643403053284	0.09118643403053284	0.09118643403053284		38	0	1	original_hum_ascii_original	original_hum_s_to_ş	93	136	43
original_hum	s_to_ş	14	final_prompt_token_minus_10	9106	0.0	0.11868828535079956	0.11868828535079956	0.11868828535079956		26	0	1	original_hum_ascii_original	original_hum_s_to_ş	93	136	43
original_hum	s_to_ş	14	final_prompt_token_minus_10	9867	0.1296529769897461	0.0	-0.1296529769897461	0.1296529769897461	46		1	0	original_hum_ascii_original	original_hum_s_to_ş	93	136	43
original_hum	s_to_ş	14	final_prompt_token_minus_10	9914	0.1473228633403778	0.0	-0.1473228633403778	0.1473228633403778	33		1	0	original_hum_ascii_original	original_hum_s_to_ş	93	136	43
original_hum	s_to_ş	14	final_prompt_token_minus_10	10221	0.13865381479263306	0.0	-0.13865381479263306	0.13865381479263306	36		1	0	original_hum_ascii_original	original_hum_s_to_ş	93	136	43
original_hum	s_to_ş	14	final_prompt_token_minus_10	10677	0.15325823426246643	0.0	-0.15325823426246643	0.15325823426246643	29		1	0	original_hum_ascii_original	original_hum_s_to_ş	93	136	43
original_hum	s_to_ş	14	final_prompt_token_minus_10	10845	0.26700595021247864	0.0	-0.26700595021247864	0.26700595021247864	10		1	0	original_hum_ascii_original	original_hum_s_to_ş	93	136	43
original_hum	s_to_ş	14	final_prompt_token_minus_10	10976	0.18629325926303864	0.0	-0.18629325926303864	0.18629325926303864	19		1	0	original_hum_ascii_original	original_hum_s_to_ş	93	136	43
original_hum	s_to_ş	14	final_prompt_token_minus_10	11466	0.14874418079853058	0.0	-0.14874418079853058	0.14874418079853058	31		1	0	original_hum_ascii_original	original_hum_s_to_ş	93	136	43
original_hum	s_to_ş	14	final_prompt_token_minus_10	11646	0.13824020326137543	0.0	-0.13824020326137543	0.13824020326137543	37		1	0	original_hum_ascii_original	original_hum_s_to_ş	93	136	43
original_hum	s_to_ş	14	final_prompt_token_minus_10	11914	0.29545357823371887	0.0	-0.29545357823371887	0.29545357823371887	5		1	0	original_hum_ascii_original	original_hum_s_to_ş	93	136	43
original_hum	s_to_ş	14	final_prompt_token_minus_10	12101	0.0	0.18295659124851227	0.18295659124851227	0.18295659124851227		12	0	1	original_hum_ascii_original	original_hum_s_to_ş	93	136	43
original_hum	s_to_ş	14	final_prompt_token_minus_10	12409	0.0	0.19799815118312836	0.19799815118312836	0.19799815118312836		10	0	1	original_hum_ascii_original	original_hum_s_to_ş	93	136	43
original_hum	s_to_ş	14	final_prompt_token_minus_10	12802	0.0	0.08828118443489075	0.08828118443489075	0.08828118443489075		42	0	1	original_hum_ascii_original	original_hum_s_to_ş	93	136	43
original_hum	s_to_ş	14	final_prompt_token_minus_10	13119	0.22814424335956573	0.0	-0.22814424335956573	0.22814424335956573	13		1	0	original_hum_ascii_original	original_hum_s_to_ş	93	136	43
original_hum	s_to_ş	14	final_prompt_token_minus_10	13252	0.0	0.0955275446176529	0.0955275446176529	0.0955275446176529		35	0	1	original_hum_ascii_original	original_hum_s_to_ş	93	136	43
original_hum	s_to_ş	14	final_prompt_token_minus_10	13454	0.1422826200723648	0.0	-0.1422826200723648	0.1422826200723648	35		1	0	original_hum_ascii_original	original_hum_s_to_ş	93	136	43
original_hum	s_to_ş	14	final_prompt_token_minus_10	13610	0.0	0.1083696112036705	0.1083696112036705	0.1083696112036705		31	0	1	original_hum_ascii_original	original_hum_s_to_ş	93	136	43
original_hum	s_to_ş	14	final_prompt_token_minus_10	14360	0.17904530465602875	0.0	-0.17904530465602875	0.17904530465602875	22		1	0	original_hum_ascii_original	original_hum_s_to_ş	93	136	43
original_hum	s_to_ş	14	final_prompt_token_minus_10	14507	0.14582833647727966	0.0	-0.14582833647727966	0.14582833647727966	34		1	0	original_hum_ascii_original	original_hum_s_to_ş	93	136	43
original_hum	s_to_ş	14	final_prompt_token_minus_10	14885	0.0	0.1316651850938797	0.1316651850938797	0.1316651850938797		20	0	1	original_hum_ascii_original	original_hum_s_to_ş	93	136	43
original_hum	s_to_ş	14	final_prompt_token_minus_10	15605	0.0	0.2448052018880844	0.2448052018880844	0.2448052018880844		5	0	1	original_hum_ascii_original	original_hum_s_to_ş	93	136	43
original_hum	s_to_ş	14	final_prompt_token_minus_10	16147	0.0	0.17425327003002167	0.17425327003002167	0.17425327003002167		14	0	1	original_hum_ascii_original	original_hum_s_to_ş	93	136	43
original_hum	s_to_ş	14	final_prompt_token_minus_10	16192	0.0	0.3279263377189636	0.3279263377189636	0.3279263377189636		3	0	1	original_hum_ascii_original	original_hum_s_to_ş	93	136	43
original_hum	s_to_ş	14	final_prompt_token_minus_10	16436	0.12284058332443237	0.0	-0.12284058332443237	0.12284058332443237	50		1	0	original_hum_ascii_original	original_hum_s_to_ş	93	136	43
original_hum	s_to_ş	14	final_prompt_token_minus_10	16563	0.0	0.08479104191064835	0.08479104191064835	0.08479104191064835		44	0	1	original_hum_ascii_original	original_hum_s_to_ş	93	136	43
original_hum	s_to_ş	14	final_prompt_token_minus_10	16801	0.0	0.10156835615634918	0.10156835615634918	0.10156835615634918		33	0	1	original_hum_ascii_original	original_hum_s_to_ş	93	136	43
original_hum	s_to_ş	14	final_prompt_token_minus_10	16973	0.12634897232055664	0.0	-0.12634897232055664	0.12634897232055664	49		1	0	original_hum_ascii_original	original_hum_s_to_ş	93	136	43
original_hum	s_to_ş	14	final_prompt_token_minus_10	17072	0.13056580722332	0.0	-0.13056580722332	0.13056580722332	45		1	0	original_hum_ascii_original	original_hum_s_to_ş	93	136	43
original_hum	s_to_ş	14	final_prompt_token_minus_10	17816	0.15343055129051208	0.0	-0.15343055129051208	0.15343055129051208	28		1	0	original_hum_ascii_original	original_hum_s_to_ş	93	136	43
original_hum	s_to_ş	14	final_prompt_token_minus_10	18039	0.0	0.2202310413122177	0.2202310413122177	0.2202310413122177		7	0	1	original_hum_ascii_original	original_hum_s_to_ş	93	136	43
original_hum	s_to_ş	14	final_prompt_token_minus_10	18079	0.1681946963071823	0.0	-0.1681946963071823	0.1681946963071823	23		1	0	original_hum_ascii_original	original_hum_s_to_ş	93	136	43
original_hum	s_to_ş	14	final_prompt_token_minus_10	18609	0.0	0.09235841035842896	0.09235841035842896	0.09235841035842896		36	0	1	original_hum_ascii_original	original_hum_s_to_ş	93	136	43
original_hum	s_to_ş	14	final_prompt_token_minus_10	19533	0.0	0.11329133808612823	0.11329133808612823	0.11329133808612823		29	0	1	original_hum_ascii_original	original_hum_s_to_ş	93	136	43
original_hum	s_to_ş	14	final_prompt_token_minus_10	19988	0.30489277839660645	0.0	-0.30489277839660645	0.30489277839660645	4		1	0	original_hum_ascii_original	original_hum_s_to_ş	93	136	43
original_hum	s_to_ş	14	final_prompt_token_minus_10	20345	0.1641150414943695	0.0	-0.1641150414943695	0.1641150414943695	24		1	0	original_hum_ascii_original	original_hum_s_to_ş	93	136	43
original_hum	s_to_ş	14	final_prompt_token_minus_10	20394	0.0	0.10724691301584244	0.10724691301584244	0.10724691301584244		32	0	1	original_hum_ascii_original	original_hum_s_to_ş	93	136	43
original_hum	s_to_ş	14	final_prompt_token_minus_10	20402	0.1313169151544571	0.0	-0.1313169151544571	0.1313169151544571	41		1	0	original_hum_ascii_original	original_hum_s_to_ş	93	136	43
original_hum	s_to_ş	14	final_prompt_token_minus_10	20529	0.17968140542507172	0.0	-0.17968140542507172	0.17968140542507172	21		1	0	original_hum_ascii_original	original_hum_s_to_ş	93	136	43
original_hum	s_to_ş	14	final_prompt_token_minus_10	20557	0.28096428513526917	0.12375748157501221	-0.15720680356025696	0.15720680356025696	9	23	1	1	original_hum_ascii_original	original_hum_s_to_ş	93	136	43
original_hum	s_to_ş	14	final_prompt_token_minus_10	20659	0.0	0.07930101454257965	0.07930101454257965	0.07930101454257965		50	0	1	original_hum_ascii_original	original_hum_s_to_ş	93	136	43
original_hum	s_to_ş	14	final_prompt_token_minus_10	21106	0.0	0.08776780217885971	0.08776780217885971	0.08776780217885971		43	0	1	original_hum_ascii_original	original_hum_s_to_ş	93	136	43
original_hum	s_to_ş	14	final_prompt_token_minus_10	21486	0.13101494312286377	0.0	-0.13101494312286377	0.13101494312286377	44		1	0	original_hum_ascii_original	original_hum_s_to_ş	93	136	43
original_hum	s_to_ş	14	final_prompt_token_minus_10	21668	0.0	0.17273882031440735	0.17273882031440735	0.17273882031440735		15	0	1	original_hum_ascii_original	original_hum_s_to_ş	93	136	43
original_hum	s_to_ş	14	final_prompt_token_minus_10	21821	0.1489848643541336	0.0	-0.1489848643541336	0.1489848643541336	30		1	0	original_hum_ascii_original	original_hum_s_to_ş	93	136	43
original_hum	s_to_ş	14	final_prompt_token_minus_10	22053	0.0	0.0895601436495781	0.0895601436495781	0.0895601436495781		41	0	1	original_hum_ascii_original	original_hum_s_to_ş	93	136	43
original_hum	s_to_ş	14	final_prompt_token_minus_10	22234	0.19749358296394348	0.0	-0.19749358296394348	0.19749358296394348	16		1	0	original_hum_ascii_original	original_hum_s_to_ş	93	136	43
original_hum	s_to_ş	14	final_prompt_token_minus_10	22289	0.0	0.119873046875	0.119873046875	0.119873046875		24	0	1	original_hum_ascii_original	original_hum_s_to_ş	93	136	43
original_hum	s_to_ş	14	final_prompt_token_minus_10	22305	0.0	0.11937718838453293	0.11937718838453293	0.11937718838453293		25	0	1	original_hum_ascii_original	original_hum_s_to_ş	93	136	43
original_hum	s_to_ş	14	final_prompt_token_minus_10	22725	0.0	0.238233745098114	0.238233745098114	0.238233745098114		6	0	1	original_hum_ascii_original	original_hum_s_to_ş	93	136	43
original_hum	s_to_ş	14	final_prompt_token_minus_10	22870	0.13787509500980377	0.0	-0.13787509500980377	0.13787509500980377	38		1	0	original_hum_ascii_original	original_hum_s_to_ş	93	136	43
original_hum	s_to_ş	14	final_prompt_token_minus_10	22945	0.13124960660934448	0.0	-0.13124960660934448	0.13124960660934448	42		1	0	original_hum_ascii_original	original_hum_s_to_ş	93	136	43
original_hum	s_to_ş	14	final_prompt_token_minus_10	23186	0.0	0.1267492175102234	0.1267492175102234	0.1267492175102234		21	0	1	original_hum_ascii_original	original_hum_s_to_ş	93	136	43
original_hum	s_to_ş	14	final_prompt_token_minus_10	23427	0.0	0.14219851791858673	0.14219851791858673	0.14219851791858673		17	0	1	original_hum_ascii_original	original_hum_s_to_ş	93	136	43
original_hum	s_to_ş	14	final_prompt_token_minus_10	23493	0.1580626517534256	0.0	-0.1580626517534256	0.1580626517534256	27		1	0	original_hum_ascii_original	original_hum_s_to_ş	93	136	43
original_hum	s_to_ş	14	final_prompt_token_minus_10	24296	0.3665282130241394	0.0	-0.3665282130241394	0.3665282130241394	3		1	0	original_hum_ascii_original	original_hum_s_to_ş	93	136	43
original_hum	s_to_ş	14	final_prompt_token_minus_10	24335	0.0	0.09014170616865158	0.09014170616865158	0.09014170616865158		40	0	1	original_hum_ascii_original	original_hum_s_to_ş	93	136	43
original_hum	s_to_ş	14	final_prompt_token_minus_10	26027	0.0	0.11830325424671173	0.11830325424671173	0.11830325424671173		27	0	1	original_hum_ascii_original	original_hum_s_to_ş	93	136	43
original_hum	s_to_ş	14	final_prompt_token_minus_10	26049	0.18129445612430573	0.0	-0.18129445612430573	0.18129445612430573	20		1	0	original_hum_ascii_original	original_hum_s_to_ş	93	136	43
original_hum	s_to_ş	14	final_prompt_token_minus_10	27057	0.21331223845481873	0.0	-0.21331223845481873	0.21331223845481873	14		1	0	original_hum_ascii_original	original_hum_s_to_ş	93	136	43
original_hum	s_to_ş	14	final_prompt_token_minus_10	27532	0.0	0.1148674264550209	0.1148674264550209	0.1148674264550209		28	0	1	original_hum_ascii_original	original_hum_s_to_ş	93	136	43
original_hum	s_to_ş	14	final_prompt_token_minus_10	27661	0.16031919419765472	0.0	-0.16031919419765472	0.16031919419765472	25		1	0	original_hum_ascii_original	original_hum_s_to_ş	93	136	43
original_hum	s_to_ş	14	final_prompt_token_minus_10	28065	0.0	0.1761465072631836	0.1761465072631836	0.1761465072631836		13	0	1	original_hum_ascii_original	original_hum_s_to_ş	93	136	43
original_hum	s_to_ş	14	final_prompt_token_minus_10	28088	0.0	0.20844829082489014	0.20844829082489014	0.20844829082489014		9	0	1	original_hum_ascii_original	original_hum_s_to_ş	93	136	43
original_hum	s_to_ş	14	final_prompt_token_minus_10	28627	0.1588219702243805	0.0	-0.1588219702243805	0.1588219702243805	26		1	0	original_hum_ascii_original	original_hum_s_to_ş	93	136	43
original_hum	s_to_ş	14	final_prompt_token_minus_10	28814	0.0	0.08006451278924942	0.08006451278924942	0.08006451278924942		48	0	1	original_hum_ascii_original	original_hum_s_to_ş	93	136	43
original_hum	s_to_ş	14	final_prompt_token_minus_10	29791	0.13114282488822937	0.0	-0.13114282488822937	0.13114282488822937	43		1	0	original_hum_ascii_original	original_hum_s_to_ş	93	136	43
original_hum	s_to_ş	14	final_prompt_token_minus_10	29918	0.0	0.09126635640859604	0.09126635640859604	0.09126635640859604		37	0	1	original_hum_ascii_original	original_hum_s_to_ş	93	136	43
original_hum	s_to_ş	14	final_prompt_token_minus_10	30010	0.0	0.16080449521541595	0.16080449521541595	0.16080449521541595		16	0	1	original_hum_ascii_original	original_hum_s_to_ş	93	136	43
original_hum	s_to_ş	14	final_prompt_token_minus_10	31706	0.38800662755966187	0.0	-0.38800662755966187	0.38800662755966187	2		1	0	original_hum_ascii_original	original_hum_s_to_ş	93	136	43
original_hum	s_to_ş	14	final_prompt_token_minus_10	31733	0.4693179726600647	0.2634085416793823	-0.20590943098068237	0.20590943098068237	1	4	1	1	original_hum_ascii_original	original_hum_s_to_ş	93	136	43
original_hum	s_to_ş	14	final_prompt_token_minus_10	31854	0.0	0.43213868141174316	0.43213868141174316	0.43213868141174316		2	0	1	original_hum_ascii_original	original_hum_s_to_ş	93	136	43
original_hum	s_to_ş	14	final_prompt_token_minus_10	32300	0.0	0.13568051159381866	0.13568051159381866	0.13568051159381866		19	0	1	original_hum_ascii_original	original_hum_s_to_ş	93	136	43
original_hum	s_to_ṡ	26	final_prompt_token	599	0.26421117782592773	0.21637558937072754	-0.047835588455200195	0.047835588455200195	14	18	1	1	original_hum_ascii_original	original_hum_s_to_ṡ	93	203	110
original_hum	s_to_ṡ	26	final_prompt_token	1626	0.42868274450302124	0.41931360960006714	-0.009369134902954102	0.009369134902954102	4	4	1	1	original_hum_ascii_original	original_hum_s_to_ṡ	93	203	110
original_hum	s_to_ṡ	26	final_prompt_token	2722	0.18328024446964264	0.0	-0.18328024446964264	0.18328024446964264	35		1	0	original_hum_ascii_original	original_hum_s_to_ṡ	93	203	110
original_hum	s_to_ṡ	26	final_prompt_token	2938	1.5165886878967285	1.7538371086120605	0.23724842071533203	0.23724842071533203	1	1	1	1	original_hum_ascii_original	original_hum_s_to_ṡ	93	203	110
original_hum	s_to_ṡ	26	final_prompt_token	2959	0.0	0.15470248460769653	0.15470248460769653	0.15470248460769653		35	0	1	original_hum_ascii_original	original_hum_s_to_ṡ	93	203	110
original_hum	s_to_ṡ	26	final_prompt_token	3241	0.39762821793556213	0.3461020290851593	-0.05152618885040283	0.05152618885040283	6	5	1	1	original_hum_ascii_original	original_hum_s_to_ṡ	93	203	110
original_hum	s_to_ṡ	26	final_prompt_token	3271	0.1778457760810852	0.14643344283103943	-0.031412333250045776	0.031412333250045776	39	41	1	1	original_hum_ascii_original	original_hum_s_to_ṡ	93	203	110
original_hum	s_to_ṡ	26	final_prompt_token	4795	0.15955334901809692	0.0	-0.15955334901809692	0.15955334901809692	46		1	0	original_hum_ascii_original	original_hum_s_to_ṡ	93	203	110
original_hum	s_to_ṡ	26	final_prompt_token	5024	0.0	0.14383526146411896	0.14383526146411896	0.14383526146411896		46	0	1	original_hum_ascii_original	original_hum_s_to_ṡ	93	203	110
original_hum	s_to_ṡ	26	final_prompt_token	5079	0.0	0.15191394090652466	0.15191394090652466	0.15191394090652466		37	0	1	original_hum_ascii_original	original_hum_s_to_ṡ	93	203	110
original_hum	s_to_ṡ	26	final_prompt_token	5257	0.24086657166481018	0.1921621859073639	-0.04870438575744629	0.04870438575744629	19	24	1	1	original_hum_ascii_original	original_hum_s_to_ṡ	93	203	110
original_hum	s_to_ṡ	26	final_prompt_token	6021	0.2518101930618286	0.19925498962402344	-0.052555203437805176	0.052555203437805176	16	21	1	1	original_hum_ascii_original	original_hum_s_to_ṡ	93	203	110
original_hum	s_to_ṡ	26	final_prompt_token	6194	0.3265438377857208	0.2873181700706482	-0.03922566771507263	0.03922566771507263	11	9	1	1	original_hum_ascii_original	original_hum_s_to_ṡ	93	203	110
original_hum	s_to_ṡ	26	final_prompt_token	6429	0.28714343905448914	0.2658553719520569	-0.02128806710243225	0.02128806710243225	12	12	1	1	original_hum_ascii_original	original_hum_s_to_ṡ	93	203	110
original_hum	s_to_ṡ	26	final_prompt_token	6593	0.17148388922214508	0.15974093973636627	-0.011742949485778809	0.011742949485778809	44	32	1	1	original_hum_ascii_original	original_hum_s_to_ṡ	93	203	110
original_hum	s_to_ṡ	26	final_prompt_token	7108	0.17276988923549652	0.0	-0.17276988923549652	0.17276988923549652	43		1	0	original_hum_ascii_original	original_hum_s_to_ṡ	93	203	110
original_hum	s_to_ṡ	26	final_prompt_token	7163	0.18945331871509552	0.20135855674743652	0.011905238032341003	0.011905238032341003	31	20	1	1	original_hum_ascii_original	original_hum_s_to_ṡ	93	203	110
original_hum	s_to_ṡ	26	final_prompt_token	7982	0.22221095860004425	0.0	-0.22221095860004425	0.22221095860004425	23		1	0	original_hum_ascii_original	original_hum_s_to_ṡ	93	203	110
original_hum	s_to_ṡ	26	final_prompt_token	8216	0.17607000470161438	0.14551252126693726	-0.030557483434677124	0.030557483434677124	40	42	1	1	original_hum_ascii_original	original_hum_s_to_ṡ	93	203	110
original_hum	s_to_ṡ	26	final_prompt_token	8418	0.17841987311840057	0.0	-0.17841987311840057	0.17841987311840057	38		1	0	original_hum_ascii_original	original_hum_s_to_ṡ	93	203	110
original_hum	s_to_ṡ	26	final_prompt_token	8882	0.17877648770809174	0.0	-0.17877648770809174	0.17877648770809174	37		1	0	original_hum_ascii_original	original_hum_s_to_ṡ	93	203	110
original_hum	s_to_ṡ	26	final_prompt_token	8928	0.0	0.15442341566085815	0.15442341566085815	0.15442341566085815		36	0	1	original_hum_ascii_original	original_hum_s_to_ṡ	93	203	110
original_hum	s_to_ṡ	26	final_prompt_token	9745	0.1738123893737793	0.0	-0.1738123893737793	0.1738123893737793	41		1	0	original_hum_ascii_original	original_hum_s_to_ṡ	93	203	110
original_hum	s_to_ṡ	26	final_prompt_token	10963	0.0	0.14499332010746002	0.14499332010746002	0.14499332010746002		44	0	1	original_hum_ascii_original	original_hum_s_to_ṡ	93	203	110
original_hum	s_to_ṡ	26	final_prompt_token	11256	0.3714236319065094	0.271169513463974	-0.1002541184425354	0.1002541184425354	8	11	1	1	original_hum_ascii_original	original_hum_s_to_ṡ	93	203	110
original_hum	s_to_ṡ	26	final_prompt_token	11312	0.0	0.14913971722126007	0.14913971722126007	0.14913971722126007		38	0	1	original_hum_ascii_original	original_hum_s_to_ṡ	93	203	110
original_hum	s_to_ṡ	26	final_prompt_token	11338	0.0	0.14879488945007324	0.14879488945007324	0.14879488945007324		39	0	1	original_hum_ascii_original	original_hum_s_to_ṡ	93	203	110
original_hum	s_to_ṡ	26	final_prompt_token	11456	0.17288172245025635	0.18563079833984375	0.012749075889587402	0.012749075889587402	42	25	1	1	original_hum_ascii_original	original_hum_s_to_ṡ	93	203	110
original_hum	s_to_ṡ	26	final_prompt_token	12320	0.21982868015766144	0.21200475096702576	-0.007823929190635681	0.007823929190635681	24	19	1	1	original_hum_ascii_original	original_hum_s_to_ṡ	93	203	110
original_hum	s_to_ṡ	26	final_prompt_token	13061	0.20255284011363983	0.17670685052871704	-0.02584598958492279	0.02584598958492279	27	27	1	1	original_hum_ascii_original	original_hum_s_to_ṡ	93	203	110
original_hum	s_to_ṡ	26	final_prompt_token	13916	0.20334245264530182	0.0	-0.20334245264530182	0.20334245264530182	26		1	0	original_hum_ascii_original	original_hum_s_to_ṡ	93	203	110
original_hum	s_to_ṡ	26	final_prompt_token	13935	0.33480870723724365	0.33742448687553406	0.0026157796382904053	0.0026157796382904053	9	7	1	1	original_hum_ascii_original	original_hum_s_to_ṡ	93	203	110
original_hum	s_to_ṡ	26	final_prompt_token	14614	0.18283355236053467	0.19907456636428833	0.016241014003753662	0.016241014003753662	36	22	1	1	original_hum_ascii_original	original_hum_s_to_ṡ	93	203	110
original_hum	s_to_ṡ	26	final_prompt_token	15076	0.18733566999435425	0.0	-0.18733566999435425	0.18733566999435425	33		1	0	original_hum_ascii_original	original_hum_s_to_ṡ	93	203	110
original_hum	s_to_ṡ	26	final_prompt_token	15560	0.18576200306415558	0.1484898030757904	-0.03727219998836517	0.03727219998836517	34	40	1	1	original_hum_ascii_original	original_hum_s_to_ṡ	93	203	110
original_hum	s_to_ṡ	26	final_prompt_token	15700	0.0	0.14546167850494385	0.14546167850494385	0.14546167850494385		43	0	1	original_hum_ascii_original	original_hum_s_to_ṡ	93	203	110
original_hum	s_to_ṡ	26	final_prompt_token	15954	0.33095675706863403	0.30369213223457336	-0.02726462483406067	0.02726462483406067	10	8	1	1	original_hum_ascii_original	original_hum_s_to_ṡ	93	203	110
original_hum	s_to_ṡ	26	final_prompt_token	17394	0.2099277377128601	0.25765398144721985	0.04772624373435974	0.04772624373435974	25	13	1	1	original_hum_ascii_original	original_hum_s_to_ṡ	93	203	110
original_hum	s_to_ṡ	26	final_prompt_token	17869	0.19256216287612915	0.14317959547042847	-0.049382567405700684	0.049382567405700684	29	47	1	1	original_hum_ascii_original	original_hum_s_to_ṡ	93	203	110
original_hum	s_to_ṡ	26	final_prompt_token	18198	0.2619461417198181	0.18464690446853638	-0.07729923725128174	0.07729923725128174	15	26	1	1	original_hum_ascii_original	original_hum_s_to_ṡ	93	203	110
original_hum	s_to_ṡ	26	final_prompt_token	18937	0.6793770790100098	0.6369986534118652	-0.04237842559814453	0.04237842559814453	3	2	1	1	original_hum_ascii_original	original_hum_s_to_ṡ	93	203	110
original_hum	s_to_ṡ	26	final_prompt_token	19335	0.1567714810371399	0.0	-0.1567714810371399	0.1567714810371399	49		1	0	original_hum_ascii_original	original_hum_s_to_ṡ	93	203	110
original_hum	s_to_ṡ	26	final_prompt_token	19389	0.3767392933368683	0.34373971819877625	-0.03299957513809204	0.03299957513809204	7	6	1	1	original_hum_ascii_original	original_hum_s_to_ṡ	93	203	110
original_hum	s_to_ṡ	26	final_prompt_token	19423	0.0	0.15659508109092712	0.15659508109092712	0.15659508109092712		34	0	1	original_hum_ascii_original	original_hum_s_to_ṡ	93	203	110
original_hum	s_to_ṡ	26	final_prompt_token	21181	0.16554288566112518	0.0	-0.16554288566112518	0.16554288566112518	45		1	0	original_hum_ascii_original	original_hum_s_to_ṡ	93	203	110
original_hum	s_to_ṡ	26	final_prompt_token	22503	0.0	0.1446908712387085	0.1446908712387085	0.1446908712387085		45	0	1	original_hum_ascii_original	original_hum_s_to_ṡ	93	203	110
original_hum	s_to_ṡ	26	final_prompt_token	23977	0.1921742558479309	0.2316211462020874	0.039446890354156494	0.039446890354156494	30	17	1	1	original_hum_ascii_original	original_hum_s_to_ṡ	93	203	110
original_hum	s_to_ṡ	26	final_prompt_token	25001	0.2486875057220459	0.1962060034275055	-0.052481502294540405	0.052481502294540405	17	23	1	1	original_hum_ascii_original	original_hum_s_to_ṡ	93	203	110
original_hum	s_to_ṡ	26	final_prompt_token	25351	0.0	0.16221605241298676	0.16221605241298676	0.16221605241298676		31	0	1	original_hum_ascii_original	original_hum_s_to_ṡ	93	203	110
original_hum	s_to_ṡ	26	final_prompt_token	25377	0.0	0.13980910181999207	0.13980910181999207	0.13980910181999207		50	0	1	original_hum_ascii_original	original_hum_s_to_ṡ	93	203	110
original_hum	s_to_ṡ	26	final_prompt_token	25446	0.0	0.17641767859458923	0.17641767859458923	0.17641767859458923		28	0	1	original_hum_ascii_original	original_hum_s_to_ṡ	93	203	110
original_hum	s_to_ṡ	26	final_prompt_token	25575	0.24138617515563965	0.2462281882762909	0.004842013120651245	0.004842013120651245	18	14	1	1	original_hum_ascii_original	original_hum_s_to_ṡ	93	203	110
original_hum	s_to_ṡ	26	final_prompt_token	26363	0.15943516790866852	0.0	-0.15943516790866852	0.15943516790866852	47		1	0	original_hum_ascii_original	original_hum_s_to_ṡ	93	203	110
original_hum	s_to_ṡ	26	final_prompt_token	26684	0.22939588129520416	0.23903422057628632	0.009638339281082153	0.009638339281082153	20	15	1	1	original_hum_ascii_original	original_hum_s_to_ṡ	93	203	110
original_hum	s_to_ṡ	26	final_prompt_token	27342	0.22260019183158875	0.1710512638092041	-0.051548928022384644	0.051548928022384644	22	29	1	1	original_hum_ascii_original	original_hum_s_to_ṡ	93	203	110
original_hum	s_to_ṡ	26	final_prompt_token	27872	0.15484745800495148	0.0	-0.15484745800495148	0.15484745800495148	50		1	0	original_hum_ascii_original	original_hum_s_to_ṡ	93	203	110
original_hum	s_to_ṡ	26	final_prompt_token	28713	0.6876921057701111	0.5529865622520447	-0.1347055435180664	0.1347055435180664	2	3	1	1	original_hum_ascii_original	original_hum_s_to_ṡ	93	203	110
original_hum	s_to_ṡ	26	final_prompt_token	29524	0.267924427986145	0.23207499086856842	-0.0358494371175766	0.0358494371175766	13	16	1	1	original_hum_ascii_original	original_hum_s_to_ṡ	93	203	110
original_hum	s_to_ṡ	26	final_prompt_token	30033	0.18751904368400574	0.1416333019733429	-0.04588574171066284	0.04588574171066284	32	48	1	1	original_hum_ascii_original	original_hum_s_to_ṡ	93	203	110
original_hum	s_to_ṡ	26	final_prompt_token	30453	0.19626596570014954	0.14086616039276123	-0.055399805307388306	0.055399805307388306	28	49	1	1	original_hum_ascii_original	original_hum_s_to_ṡ	93	203	110
original_hum	s_to_ṡ	26	final_prompt_token	30964	0.0	0.16774144768714905	0.16774144768714905	0.16774144768714905		30	0	1	original_hum_ascii_original	original_hum_s_to_ṡ	93	203	110
original_hum	s_to_ṡ	26	final_prompt_token	31908	0.4130459427833557	0.28212234377861023	-0.13092359900474548	0.13092359900474548	5	10	1	1	original_hum_ascii_original	original_hum_s_to_ṡ	93	203	110
original_hum	s_to_ṡ	26	final_prompt_token	32454	0.1574060618877411	0.0	-0.1574060618877411	0.1574060618877411	48		1	0	original_hum_ascii_original	original_hum_s_to_ṡ	93	203	110
original_hum	s_to_ṡ	26	final_prompt_token	32698	0.2284238040447235	0.0	-0.2284238040447235	0.2284238040447235	21		1	0	original_hum_ascii_original	original_hum_s_to_ṡ	93	203	110
original_hum	s_to_ṡ	26	final_prompt_token	32744	0.0	0.15830907225608826	0.15830907225608826	0.15830907225608826		33	0	1	original_hum_ascii_original	original_hum_s_to_ṡ	93	203	110
original_hum	s_to_ṡ	26	final_prompt_token_minus_1	17	0.0	0.14807531237602234	0.14807531237602234	0.14807531237602234		39	0	1	original_hum_ascii_original	original_hum_s_to_ṡ	93	203	110
original_hum	s_to_ṡ	26	final_prompt_token_minus_1	704	0.2613154947757721	0.21522873640060425	-0.04608675837516785	0.04608675837516785	14	14	1	1	original_hum_ascii_original	original_hum_s_to_ṡ	93	203	110
original_hum	s_to_ṡ	26	final_prompt_token_minus_1	799	2.0849788188934326	1.7813029289245605	-0.30367588996887207	0.30367588996887207	1	1	1	1	original_hum_ascii_original	original_hum_s_to_ṡ	93	203	110
original_hum	s_to_ṡ	26	final_prompt_token_minus_1	1659	0.16034561395645142	0.14275367558002472	-0.017591938376426697	0.017591938376426697	45	40	1	1	original_hum_ascii_original	original_hum_s_to_ṡ	93	203	110
original_hum	s_to_ṡ	26	final_prompt_token_minus_1	2938	1.0453124046325684	1.167341709136963	0.12202930450439453	0.12202930450439453	2	2	1	1	original_hum_ascii_original	original_hum_s_to_ṡ	93	203	110
original_hum	s_to_ṡ	26	final_prompt_token_minus_1	4844	0.16514423489570618	0.13657201826572418	-0.028572216629981995	0.028572216629981995	43	44	1	1	original_hum_ascii_original	original_hum_s_to_ṡ	93	203	110
original_hum	s_to_ṡ	26	final_prompt_token_minus_1	5257	0.22263261675834656	0.2001955211162567	-0.022437095642089844	0.022437095642089844	25	19	1	1	original_hum_ascii_original	original_hum_s_to_ṡ	93	203	110
original_hum	s_to_ṡ	26	final_prompt_token_minus_1	6375	0.0	0.15427334606647491	0.15427334606647491	0.15427334606647491		36	0	1	original_hum_ascii_original	original_hum_s_to_ṡ	93	203	110
original_hum	s_to_ṡ	26	final_prompt_token_minus_1	6593	0.1902092844247818	0.15918859839439392	-0.03102068603038788	0.03102068603038788	32	35	1	1	original_hum_ascii_original	original_hum_s_to_ṡ	93	203	110
original_hum	s_to_ṡ	26	final_prompt_token_minus_1	7506	0.17481431365013123	0.16106390953063965	-0.013750404119491577	0.013750404119491577	36	34	1	1	original_hum_ascii_original	original_hum_s_to_ṡ	93	203	110
original_hum	s_to_ṡ	26	final_prompt_token_minus_1	7982	0.26551687717437744	0.18586063385009766	-0.07965624332427979	0.07965624332427979	13	27	1	1	original_hum_ascii_original	original_hum_s_to_ṡ	93	203	110
original_hum	s_to_ṡ	26	final_prompt_token_minus_1	8216	0.22875705361366272	0.1903485357761383	-0.038408517837524414	0.038408517837524414	23	24	1	1	original_hum_ascii_original	original_hum_s_to_ṡ	93	203	110
original_hum	s_to_ṡ	26	final_prompt_token_minus_1	8882	0.23224426805973053	0.19116832315921783	-0.041075944900512695	0.041075944900512695	20	23	1	1	original_hum_ascii_original	original_hum_s_to_ṡ	93	203	110
original_hum	s_to_ṡ	26	final_prompt_token_minus_1	8891	0.21474391222000122	0.16261467337608337	-0.05212923884391785	0.05212923884391785	27	32	1	1	original_hum_ascii_original	original_hum_s_to_ṡ	93	203	110
original_hum	s_to_ṡ	26	final_prompt_token_minus_1	9241	0.24169208109378815	0.21497748792171478	-0.026714593172073364	0.026714593172073364	17	16	1	1	original_hum_ascii_original	original_hum_s_to_ṡ	93	203	110
original_hum	s_to_ṡ	26	final_prompt_token_minus_1	9990	0.23132158815860748	0.2122257798910141	-0.019095808267593384	0.019095808267593384	22	17	1	1	original_hum_ascii_original	original_hum_s_to_ṡ	93	203	110
original_hum	s_to_ṡ	26	final_prompt_token_minus_1	10265	0.1704370677471161	0.17075100541114807	0.0003139376640319824	0.0003139376640319824	41	29	1	1	original_hum_ascii_original	original_hum_s_to_ṡ	93	203	110
original_hum	s_to_ṡ	26	final_prompt_token_minus_1	10709	0.19084370136260986	0.1956505924463272	0.004806891083717346	0.004806891083717346	31	22	1	1	original_hum_ascii_original	original_hum_s_to_ṡ	93	203	110
original_hum	s_to_ṡ	26	final_prompt_token_minus_1	10764	0.15153810381889343	0.1349135786294937	-0.01662452518939972	0.01662452518939972	50	47	1	1	original_hum_ascii_original	original_hum_s_to_ṡ	93	203	110
original_hum	s_to_ṡ	26	final_prompt_token_minus_1	11256	0.3408229649066925	0.2584879398345947	-0.08233502507209778	0.08233502507209778	5	9	1	1	original_hum_ascii_original	original_hum_s_to_ṡ	93	203	110
original_hum	s_to_ṡ	26	final_prompt_token_minus_1	13916	0.1931859254837036	0.0	-0.1931859254837036	0.1931859254837036	30		1	0	original_hum_ascii_original	original_hum_s_to_ṡ	93	203	110
original_hum	s_to_ṡ	26	final_prompt_token_minus_1	15076	0.20724529027938843	0.16519971191883087	-0.042045578360557556	0.042045578360557556	28	31	1	1	original_hum_ascii_original	original_hum_s_to_ṡ	93	203	110
original_hum	s_to_ṡ	26	final_prompt_token_minus_1	16041	0.1622762382030487	0.0	-0.1622762382030487	0.1622762382030487	44		1	0	original_hum_ascii_original	original_hum_s_to_ṡ	93	203	110
original_hum	s_to_ṡ	26	final_prompt_token_minus_1	16439	0.30100175738334656	0.29887011647224426	-0.002131640911102295	0.002131640911102295	9	6	1	1	original_hum_ascii_original	original_hum_s_to_ṡ	93	203	110
original_hum	s_to_ṡ	26	final_prompt_token_minus_1	16475	0.22713349759578705	0.19573426246643066	-0.031399235129356384	0.031399235129356384	24	21	1	1	original_hum_ascii_original	original_hum_s_to_ṡ	93	203	110
original_hum	s_to_ṡ	26	final_prompt_token_minus_1	16706	0.598991870880127	0.5189080238342285	-0.08008384704589844	0.08008384704589844	3	3	1	1	original_hum_ascii_original	original_hum_s_to_ṡ	93	203	110
original_hum	s_to_ṡ	26	final_prompt_token_minus_1	16793	0.15720468759536743	0.0	-0.15720468759536743	0.15720468759536743	46		1	0	original_hum_ascii_original	original_hum_s_to_ṡ	93	203	110
original_hum	s_to_ṡ	26	final_prompt_token_minus_1	17164	0.1829492151737213	0.18829098343849182	0.005341768264770508	0.005341768264770508	34	25	1	1	original_hum_ascii_original	original_hum_s_to_ṡ	93	203	110
original_hum	s_to_ṡ	26	final_prompt_token_minus_1	17200	0.0	0.13739146292209625	0.13739146292209625	0.13739146292209625		43	0	1	original_hum_ascii_original	original_hum_s_to_ṡ	93	203	110
original_hum	s_to_ṡ	26	final_prompt_token_minus_1	17869	0.1889125108718872	0.15270298719406128	-0.03620952367782593	0.03620952367782593	33	37	1	1	original_hum_ascii_original	original_hum_s_to_ṡ	93	203	110
original_hum	s_to_ṡ	26	final_prompt_token_minus_1	18977	0.17101836204528809	0.0	-0.17101836204528809	0.17101836204528809	40		1	0	original_hum_ascii_original	original_hum_s_to_ṡ	93	203	110
original_hum	s_to_ṡ	26	final_prompt_token_minus_1	19389	0.3204427659511566	0.31650370359420776	-0.0039390623569488525	0.0039390623569488525	7	5	1	1	original_hum_ascii_original	original_hum_s_to_ṡ	93	203	110
original_hum	s_to_ṡ	26	final_prompt_token_minus_1	19850	0.28381407260894775	0.21519047021865845	-0.0686236023902893	0.0686236023902893	12	15	1	1	original_hum_ascii_original	original_hum_s_to_ṡ	93	203	110
original_hum	s_to_ṡ	26	final_prompt_token_minus_1	20031	0.2509620487689972	0.18701425194740295	-0.06394779682159424	0.06394779682159424	16	26	1	1	original_hum_ascii_original	original_hum_s_to_ṡ	93	203	110
original_hum	s_to_ṡ	26	final_prompt_token_minus_1	20642	0.0	0.1277499794960022	0.1277499794960022	0.1277499794960022		49	0	1	original_hum_ascii_original	original_hum_s_to_ṡ	93	203	110
original_hum	s_to_ṡ	26	final_prompt_token_minus_1	22353	0.23205679655075073	0.20237497985363007	-0.029681816697120667	0.029681816697120667	21	18	1	1	original_hum_ascii_original	original_hum_s_to_ṡ	93	203	110
original_hum	s_to_ṡ	26	final_prompt_token_minus_1	22922	0.17136210203170776	0.1490384340286255	-0.022323668003082275	0.022323668003082275	39	38	1	1	original_hum_ascii_original	original_hum_s_to_ṡ	93	203	110
original_hum	s_to_ṡ	26	final_prompt_token_minus_1	23071	0.23368534445762634	0.18480223417282104	-0.0488831102848053	0.0488831102848053	19	28	1	1	original_hum_ascii_original	original_hum_s_to_ṡ	93	203	110
original_hum	s_to_ṡ	26	final_prompt_token_minus_1	24636	0.0	0.13451483845710754	0.13451483845710754	0.13451483845710754		48	0	1	original_hum_ascii_original	original_hum_s_to_ṡ	93	203	110
original_hum	s_to_ṡ	26	final_prompt_token_minus_1	25001	0.29920151829719543	0.22172170877456665	-0.07747980952262878	0.07747980952262878	10	13	1	1	original_hum_ascii_original	original_hum_s_to_ṡ	93	203	110
original_hum	s_to_ṡ	26	final_prompt_token_minus_1	26262	0.16707271337509155	0.0	-0.16707271337509155	0.16707271337509155	42		1	0	original_hum_ascii_original	original_hum_s_to_ṡ	93	203	110
original_hum	s_to_ṡ	26	final_prompt_token_minus_1	26598	0.23765140771865845	0.22480225563049316	-0.012849152088165283	0.012849152088165283	18	11	1	1	original_hum_ascii_original	original_hum_s_to_ṡ	93	203	110
original_hum	s_to_ṡ	26	final_prompt_token_minus_1	26684	0.3267297148704529	0.29771268367767334	-0.02901703119277954	0.02901703119277954	6	7	1	1	original_hum_ascii_original	original_hum_s_to_ṡ	93	203	110
original_hum	s_to_ṡ	26	final_prompt_token_minus_1	26945	0.0	0.13582341372966766	0.13582341372966766	0.13582341372966766		46	0	1	original_hum_ascii_original	original_hum_s_to_ṡ	93	203	110
original_hum	s_to_ṡ	26	final_prompt_token_minus_1	27263	0.15293630957603455	0.12774455547332764	-0.02519175410270691	0.02519175410270691	48	50	1	1	original_hum_ascii_original	original_hum_s_to_ṡ	93	203	110
original_hum	s_to_ṡ	26	final_prompt_token_minus_1	27342	0.49847736954689026	0.4266175925731659	-0.07185977697372437	0.07185977697372437	4	4	1	1	original_hum_ascii_original	original_hum_s_to_ṡ	93	203	110
original_hum	s_to_ṡ	26	final_prompt_token_minus_1	27461	0.1745932400226593	0.16134679317474365	-0.01324644684791565	0.01324644684791565	37	33	1	1	original_hum_ascii_original	original_hum_s_to_ṡ	93	203	110
original_hum	s_to_ṡ	26	final_prompt_token_minus_1	29065	0.26044073700904846	0.24956104159355164	-0.010879695415496826	0.010879695415496826	15	10	1	1	original_hum_ascii_original	original_hum_s_to_ṡ	93	203	110
original_hum	s_to_ṡ	26	final_prompt_token_minus_1	29171	0.2880919575691223	0.22372744977474213	-0.06436450779438019	0.06436450779438019	11	12	1	1	original_hum_ascii_original	original_hum_s_to_ṡ	93	203	110
original_hum	s_to_ṡ	26	final_prompt_token_minus_1	29472	0.21717436611652374	0.1979951709508896	-0.019179195165634155	0.019179195165634155	26	20	1	1	original_hum_ascii_original	original_hum_s_to_ṡ	93	203	110
original_hum	s_to_ṡ	26	final_prompt_token_minus_1	31420	0.1995328962802887	0.0	-0.1995328962802887	0.1995328962802887	29		1	0	original_hum_ascii_original	original_hum_s_to_ṡ	93	203	110
original_hum	s_to_ṡ	26	final_prompt_token_minus_1	31489	0.15497832000255585	0.0	-0.15497832000255585	0.15497832000255585	47		1	0	original_hum_ascii_original	original_hum_s_to_ṡ	93	203	110
original_hum	s_to_ṡ	26	final_prompt_token_minus_1	31632	0.0	0.13763031363487244	0.13763031363487244	0.13763031363487244		42	0	1	original_hum_ascii_original	original_hum_s_to_ṡ	93	203	110
original_hum	s_to_ṡ	26	final_prompt_token_minus_1	31784	0.17284302413463593	0.14126935601234436	-0.031573668122291565	0.031573668122291565	38	41	1	1	original_hum_ascii_original	original_hum_s_to_ṡ	93	203	110
original_hum	s_to_ṡ	26	final_prompt_token_minus_1	31836	0.18255946040153503	0.13654804229736328	-0.04601141810417175	0.04601141810417175	35	45	1	1	original_hum_ascii_original	original_hum_s_to_ṡ	93	203	110
original_hum	s_to_ṡ	26	final_prompt_token_minus_1	32448	0.15181764960289001	0.16809526085853577	0.016277611255645752	0.016277611255645752	49	30	1	1	original_hum_ascii_original	original_hum_s_to_ṡ	93	203	110
original_hum	s_to_ṡ	26	final_prompt_token_minus_1	32454	0.30890461802482605	0.2885598838329315	-0.02034473419189453	0.02034473419189453	8	8	1	1	original_hum_ascii_original	original_hum_s_to_ṡ	93	203	110
original_hum	s_to_ṡ	26	final_prompt_token_minus_5	234	0.15021774172782898	0.0	-0.15021774172782898	0.15021774172782898	49		1	0	original_hum_ascii_original	original_hum_s_to_ṡ	93	203	110
original_hum	s_to_ṡ	26	final_prompt_token_minus_5	380	0.17311793565750122	0.0	-0.17311793565750122	0.17311793565750122	33		1	0	original_hum_ascii_original	original_hum_s_to_ṡ	93	203	110
original_hum	s_to_ṡ	26	final_prompt_token_minus_5	704	0.16919872164726257	0.0	-0.16919872164726257	0.16919872164726257	37		1	0	original_hum_ascii_original	original_hum_s_to_ṡ	93	203	110
original_hum	s_to_ṡ	26	final_prompt_token_minus_5	1277	0.17406241595745087	0.0	-0.17406241595745087	0.17406241595745087	32		1	0	original_hum_ascii_original	original_hum_s_to_ṡ	93	203	110
original_hum	s_to_ṡ	26	final_prompt_token_minus_5	1953	0.0	0.27417004108428955	0.27417004108428955	0.27417004108428955		22	0	1	original_hum_ascii_original	original_hum_s_to_ṡ	93	203	110
original_hum	s_to_ṡ	26	final_prompt_token_minus_5	1984	0.45683109760284424	0.0	-0.45683109760284424	0.45683109760284424	5		1	0	original_hum_ascii_original	original_hum_s_to_ṡ	93	203	110
original_hum	s_to_ṡ	26	final_prompt_token_minus_5	2355	0.0	0.5884813070297241	0.5884813070297241	0.5884813070297241		4	0	1	original_hum_ascii_original	original_hum_s_to_ṡ	93	203	110
original_hum	s_to_ṡ	26	final_prompt_token_minus_5	2547	0.17214435338974	0.0	-0.17214435338974	0.17214435338974	35		1	0	original_hum_ascii_original	original_hum_s_to_ṡ	93	203	110
original_hum	s_to_ṡ	26	final_prompt_token_minus_5	2555	0.0	0.18075042963027954	0.18075042963027954	0.18075042963027954		44	0	1	original_hum_ascii_original	original_hum_s_to_ṡ	93	203	110
original_hum	s_to_ṡ	26	final_prompt_token_minus_5	2786	0.1821536421775818	0.0	-0.1821536421775818	0.1821536421775818	29		1	0	original_hum_ascii_original	original_hum_s_to_ṡ	93	203	110
original_hum	s_to_ṡ	26	final_prompt_token_minus_5	2802	0.17630228400230408	0.0	-0.17630228400230408	0.17630228400230408	30		1	0	original_hum_ascii_original	original_hum_s_to_ṡ	93	203	110
original_hum	s_to_ṡ	26	final_prompt_token_minus_5	2938	0.8425180912017822	2.6079673767089844	1.7654492855072021	1.7654492855072021	2	1	1	1	original_hum_ascii_original	original_hum_s_to_ṡ	93	203	110
original_hum	s_to_ṡ	26	final_prompt_token_minus_5	3271	0.22114868462085724	0.0	-0.22114868462085724	0.22114868462085724	19		1	0	original_hum_ascii_original	original_hum_s_to_ṡ	93	203	110
original_hum	s_to_ṡ	26	final_prompt_token_minus_5	4067	0.2697277069091797	0.0	-0.2697277069091797	0.2697277069091797	13		1	0	original_hum_ascii_original	original_hum_s_to_ṡ	93	203	110
original_hum	s_to_ṡ	26	final_prompt_token_minus_5	4456	0.0	0.22743092477321625	0.22743092477321625	0.22743092477321625		30	0	1	original_hum_ascii_original	original_hum_s_to_ṡ	93	203	110
original_hum	s_to_ṡ	26	final_prompt_token_minus_5	4514	1.3619940280914307	0.0	-1.3619940280914307	1.3619940280914307	1		1	0	original_hum_ascii_original	original_hum_s_to_ṡ	93	203	110
original_hum	s_to_ṡ	26	final_prompt_token_minus_5	5230	0.5138218998908997	0.0	-0.5138218998908997	0.5138218998908997	4		1	0	original_hum_ascii_original	original_hum_s_to_ṡ	93	203	110
original_hum	s_to_ṡ	26	final_prompt_token_minus_5	5412	0.3838328719139099	0.0	-0.3838328719139099	0.3838328719139099	8		1	0	original_hum_ascii_original	original_hum_s_to_ṡ	93	203	110
original_hum	s_to_ṡ	26	final_prompt_token_minus_5	5566	0.26797810196876526	0.0	-0.26797810196876526	0.26797810196876526	14		1	0	original_hum_ascii_original	original_hum_s_to_ṡ	93	203	110
original_hum	s_to_ṡ	26	final_prompt_token_minus_5	6572	0.0	0.5482285022735596	0.5482285022735596	0.5482285022735596		5	0	1	original_hum_ascii_original	original_hum_s_to_ṡ	93	203	110
original_hum	s_to_ṡ	26	final_prompt_token_minus_5	6720	0.0	0.35485154390335083	0.35485154390335083	0.35485154390335083		13	0	1	original_hum_ascii_original	original_hum_s_to_ṡ	93	203	110
original_hum	s_to_ṡ	26	final_prompt_token_minus_5	7159	0.16116683185100555	0.0	-0.16116683185100555	0.16116683185100555	41		1	0	original_hum_ascii_original	original_hum_s_to_ṡ	93	203	110
original_hum	s_to_ṡ	26	final_prompt_token_minus_5	7164	0.0	0.4049285352230072	0.4049285352230072	0.4049285352230072		11	0	1	original_hum_ascii_original	original_hum_s_to_ṡ	93	203	110
original_hum	s_to_ṡ	26	final_prompt_token_minus_5	7982	0.4084320068359375	0.0	-0.4084320068359375	0.4084320068359375	7		1	0	original_hum_ascii_original	original_hum_s_to_ṡ	93	203	110
original_hum	s_to_ṡ	26	final_prompt_token_minus_5	8437	0.0	0.249116912484169	0.249116912484169	0.249116912484169		23	0	1	original_hum_ascii_original	original_hum_s_to_ṡ	93	203	110
original_hum	s_to_ṡ	26	final_prompt_token_minus_5	9446	0.0	0.20877063274383545	0.20877063274383545	0.20877063274383545		34	0	1	original_hum_ascii_original	original_hum_s_to_ṡ	93	203	110
original_hum	s_to_ṡ	26	final_prompt_token_minus_5	9655	0.0	0.18572649359703064	0.18572649359703064	0.18572649359703064		41	0	1	original_hum_ascii_original	original_hum_s_to_ṡ	93	203	110
original_hum	s_to_ṡ	26	final_prompt_token_minus_5	9784	0.17475195229053497	0.0	-0.17475195229053497	0.17475195229053497	31		1	0	original_hum_ascii_original	original_hum_s_to_ṡ	93	203	110
original_hum	s_to_ṡ	26	final_prompt_token_minus_5	9834	0.0	0.20435023307800293	0.20435023307800293	0.20435023307800293		38	0	1	original_hum_ascii_original	original_hum_s_to_ṡ	93	203	110
original_hum	s_to_ṡ	26	final_prompt_token_minus_5	10610	0.0	0.17815831303596497	0.17815831303596497	0.17815831303596497		45	0	1	original_hum_ascii_original	original_hum_s_to_ṡ	93	203	110
original_hum	s_to_ṡ	26	final_prompt_token_minus_5	11038	0.0	0.5388085842132568	0.5388085842132568	0.5388085842132568		6	0	1	original_hum_ascii_original	original_hum_s_to_ṡ	93	203	110
original_hum	s_to_ṡ	26	final_prompt_token_minus_5	11145	0.1727781593799591	0.0	-0.1727781593799591	0.1727781593799591	34		1	0	original_hum_ascii_original	original_hum_s_to_ṡ	93	203	110
original_hum	s_to_ṡ	26	final_prompt_token_minus_5	11282	0.0	0.23970766365528107	0.23970766365528107	0.23970766365528107		29	0	1	original_hum_ascii_original	original_hum_s_to_ṡ	93	203	110
original_hum	s_to_ṡ	26	final_prompt_token_minus_5	11331	0.1540197730064392	0.0	-0.1540197730064392	0.1540197730064392	46		1	0	original_hum_ascii_original	original_hum_s_to_ṡ	93	203	110
original_hum	s_to_ṡ	26	final_prompt_token_minus_5	11412	0.3010661005973816	0.0	-0.3010661005973816	0.3010661005973816	11		1	0	original_hum_ascii_original	original_hum_s_to_ṡ	93	203	110
original_hum	s_to_ṡ	26	final_prompt_token_minus_5	11456	0.17166537046432495	0.0	-0.17166537046432495	0.17166537046432495	36		1	0	original_hum_ascii_original	original_hum_s_to_ṡ	93	203	110
original_hum	s_to_ṡ	26	final_prompt_token_minus_5	12013	0.0	0.24285340309143066	0.24285340309143066	0.24285340309143066		26	0	1	original_hum_ascii_original	original_hum_s_to_ṡ	93	203	110
original_hum	s_to_ṡ	26	final_prompt_token_minus_5	12068	0.0	0.3046424388885498	0.3046424388885498	0.3046424388885498		17	0	1	original_hum_ascii_original	original_hum_s_to_ṡ	93	203	110
original_hum	s_to_ṡ	26	final_prompt_token_minus_5	12693	0.19581195712089539	0.0	-0.19581195712089539	0.19581195712089539	25		1	0	original_hum_ascii_original	original_hum_s_to_ṡ	93	203	110
original_hum	s_to_ṡ	26	final_prompt_token_minus_5	12709	0.18538178503513336	0.0	-0.18538178503513336	0.18538178503513336	27		1	0	original_hum_ascii_original	original_hum_s_to_ṡ	93	203	110
original_hum	s_to_ṡ	26	final_prompt_token_minus_5	12998	0.16676536202430725	0.0	-0.16676536202430725	0.16676536202430725	39		1	0	original_hum_ascii_original	original_hum_s_to_ṡ	93	203	110
original_hum	s_to_ṡ	26	final_prompt_token_minus_5	13564	0.0	0.2832763195037842	0.2832763195037842	0.2832763195037842		21	0	1	original_hum_ascii_original	original_hum_s_to_ṡ	93	203	110
original_hum	s_to_ṡ	26	final_prompt_token_minus_5	13599	0.24375773966312408	0.0	-0.24375773966312408	0.24375773966312408	17		1	0	original_hum_ascii_original	original_hum_s_to_ṡ	93	203	110
original_hum	s_to_ṡ	26	final_prompt_token_minus_5	14142	0.18797194957733154	0.0	-0.18797194957733154	0.18797194957733154	26		1	0	original_hum_ascii_original	original_hum_s_to_ṡ	93	203	110
original_hum	s_to_ṡ	26	final_prompt_token_minus_5	14667	0.19799308478832245	0.0	-0.19799308478832245	0.19799308478832245	23		1	0	original_hum_ascii_original	original_hum_s_to_ṡ	93	203	110
original_hum	s_to_ṡ	26	final_prompt_token_minus_5	14771	0.16651684045791626	0.0	-0.16651684045791626	0.16651684045791626	40		1	0	original_hum_ascii_original	original_hum_s_to_ṡ	93	203	110
original_hum	s_to_ṡ	26	final_prompt_token_minus_5	14949	0.1974395513534546	0.0	-0.1974395513534546	0.1974395513534546	24		1	0	original_hum_ascii_original	original_hum_s_to_ṡ	93	203	110
original_hum	s_to_ṡ	26	final_prompt_token_minus_5	15136	0.0	0.3093879222869873	0.3093879222869873	0.3093879222869873		16	0	1	original_hum_ascii_original	original_hum_s_to_ṡ	93	203	110
original_hum	s_to_ṡ	26	final_prompt_token_minus_5	15420	0.27171340584754944	0.0	-0.27171340584754944	0.27171340584754944	12		1	0	original_hum_ascii_original	original_hum_s_to_ṡ	93	203	110
original_hum	s_to_ṡ	26	final_prompt_token_minus_5	15696	0.0	0.17064806818962097	0.17064806818962097	0.17064806818962097		49	0	1	original_hum_ascii_original	original_hum_s_to_ṡ	93	203	110
original_hum	s_to_ṡ	26	final_prompt_token_minus_5	15882	0.0	0.2999771237373352	0.2999771237373352	0.2999771237373352		19	0	1	original_hum_ascii_original	original_hum_s_to_ṡ	93	203	110
original_hum	s_to_ṡ	26	final_prompt_token_minus_5	15971	0.0	0.2411794662475586	0.2411794662475586	0.2411794662475586		28	0	1	original_hum_ascii_original	original_hum_s_to_ṡ	93	203	110
original_hum	s_to_ṡ	26	final_prompt_token_minus_5	16041	0.2182314395904541	0.0	-0.2182314395904541	0.2182314395904541	20		1	0	original_hum_ascii_original	original_hum_s_to_ṡ	93	203	110
original_hum	s_to_ṡ	26	final_prompt_token_minus_5	16081	0.0	0.2915852665901184	0.2915852665901184	0.2915852665901184		20	0	1	original_hum_ascii_original	original_hum_s_to_ṡ	93	203	110
original_hum	s_to_ṡ	26	final_prompt_token_minus_5	16287	0.0	0.369733989238739	0.369733989238739	0.369733989238739		12	0	1	original_hum_ascii_original	original_hum_s_to_ṡ	93	203	110
original_hum	s_to_ṡ	26	final_prompt_token_minus_5	16582	0.0	0.1815221607685089	0.1815221607685089	0.1815221607685089		43	0	1	original_hum_ascii_original	original_hum_s_to_ṡ	93	203	110
original_hum	s_to_ṡ	26	final_prompt_token_minus_5	16612	0.0	0.7546331286430359	0.7546331286430359	0.7546331286430359		2	0	1	original_hum_ascii_original	original_hum_s_to_ṡ	93	203	110
original_hum	s_to_ṡ	26	final_prompt_token_minus_5	16624	0.0	0.20846205949783325	0.20846205949783325	0.20846205949783325		36	0	1	original_hum_ascii_original	original_hum_s_to_ṡ	93	203	110
original_hum	s_to_ṡ	26	final_prompt_token_minus_5	16958	0.0	0.3004767894744873	0.3004767894744873	0.3004767894744873		18	0	1	original_hum_ascii_original	original_hum_s_to_ṡ	93	203	110
original_hum	s_to_ṡ	26	final_prompt_token_minus_5	17023	0.0	0.7006158828735352	0.7006158828735352	0.7006158828735352		3	0	1	original_hum_ascii_original	original_hum_s_to_ṡ	93	203	110
original_hum	s_to_ṡ	26	final_prompt_token_minus_5	17538	0.0	0.16700884699821472	0.16700884699821472	0.16700884699821472		50	0	1	original_hum_ascii_original	original_hum_s_to_ṡ	93	203	110
original_hum	s_to_ṡ	26	final_prompt_token_minus_5	17586	0.0	0.34309273958206177	0.34309273958206177	0.34309273958206177		14	0	1	original_hum_ascii_original	original_hum_s_to_ṡ	93	203	110
original_hum	s_to_ṡ	26	final_prompt_token_minus_5	18665	0.1512882560491562	0.0	-0.1512882560491562	0.1512882560491562	47		1	0	original_hum_ascii_original	original_hum_s_to_ṡ	93	203	110
original_hum	s_to_ṡ	26	final_prompt_token_minus_5	19011	0.0	0.17741259932518005	0.17741259932518005	0.17741259932518005		46	0	1	original_hum_ascii_original	original_hum_s_to_ṡ	93	203	110
original_hum	s_to_ṡ	26	final_prompt_token_minus_5	19083	0.0	0.24147221446037292	0.24147221446037292	0.24147221446037292		27	0	1	original_hum_ascii_original	original_hum_s_to_ṡ	93	203	110
original_hum	s_to_ṡ	26	final_prompt_token_minus_5	19389	0.2609201967716217	0.0	-0.2609201967716217	0.2609201967716217	15		1	0	original_hum_ascii_original	original_hum_s_to_ṡ	93	203	110
original_hum	s_to_ṡ	26	final_prompt_token_minus_5	19668	0.374565988779068	0.0	-0.374565988779068	0.374565988779068	9		1	0	original_hum_ascii_original	original_hum_s_to_ṡ	93	203	110
original_hum	s_to_ṡ	26	final_prompt_token_minus_5	19878	0.1497126817703247	0.0	-0.1497126817703247	0.1497126817703247	50		1	0	original_hum_ascii_original	original_hum_s_to_ṡ	93	203	110
original_hum	s_to_ṡ	26	final_prompt_token_minus_5	21902	0.0	0.203074112534523	0.203074112534523	0.203074112534523		39	0	1	original_hum_ascii_original	original_hum_s_to_ṡ	93	203	110
original_hum	s_to_ṡ	26	final_prompt_token_minus_5	22359	0.0	0.1823645830154419	0.1823645830154419	0.1823645830154419		42	0	1	original_hum_ascii_original	original_hum_s_to_ṡ	93	203	110
original_hum	s_to_ṡ	26	final_prompt_token_minus_5	22418	0.0	0.20863088965415955	0.20863088965415955	0.20863088965415955		35	0	1	original_hum_ascii_original	original_hum_s_to_ṡ	93	203	110
original_hum	s_to_ṡ	26	final_prompt_token_minus_5	22510	0.0	0.1751481592655182	0.1751481592655182	0.1751481592655182		47	0	1	original_hum_ascii_original	original_hum_s_to_ṡ	93	203	110
original_hum	s_to_ṡ	26	final_prompt_token_minus_5	22822	0.0	0.20804689824581146	0.20804689824581146	0.20804689824581146		37	0	1	original_hum_ascii_original	original_hum_s_to_ṡ	93	203	110
original_hum	s_to_ṡ	26	final_prompt_token_minus_5	22935	0.0	0.4163409471511841	0.4163409471511841	0.4163409471511841		10	0	1	original_hum_ascii_original	original_hum_s_to_ṡ	93	203	110
original_hum	s_to_ṡ	26	final_prompt_token_minus_5	23071	0.1567426323890686	0.0	-0.1567426323890686	0.1567426323890686	43		1	0	original_hum_ascii_original	original_hum_s_to_ṡ	93	203	110
original_hum	s_to_ṡ	26	final_prompt_token_minus_5	23178	0.41616809368133545	0.0	-0.41616809368133545	0.41616809368133545	6		1	0	original_hum_ascii_original	original_hum_s_to_ṡ	93	203	110
original_hum	s_to_ṡ	26	final_prompt_token_minus_5	23422	0.0	0.22710174322128296	0.22710174322128296	0.22710174322128296		31	0	1	original_hum_ascii_original	original_hum_s_to_ṡ	93	203	110
original_hum	s_to_ṡ	26	final_prompt_token_minus_5	23952	0.7403864860534668	0.0	-0.7403864860534668	0.7403864860534668	3		1	0	original_hum_ascii_original	original_hum_s_to_ṡ	93	203	110
original_hum	s_to_ṡ	26	final_prompt_token_minus_5	24803	0.1504477560520172	0.0	-0.1504477560520172	0.1504477560520172	48		1	0	original_hum_ascii_original	original_hum_s_to_ṡ	93	203	110
original_hum	s_to_ṡ	26	final_prompt_token_minus_5	25141	0.0	0.4970870018005371	0.4970870018005371	0.4970870018005371		7	0	1	original_hum_ascii_original	original_hum_s_to_ṡ	93	203	110
original_hum	s_to_ṡ	26	final_prompt_token_minus_5	25228	0.1547814905643463	0.0	-0.1547814905643463	0.1547814905643463	45		1	0	original_hum_ascii_original	original_hum_s_to_ṡ	93	203	110
original_hum	s_to_ṡ	26	final_prompt_token_minus_5	25724	0.0	0.312887579202652	0.312887579202652	0.312887579202652		15	0	1	original_hum_ascii_original	original_hum_s_to_ṡ	93	203	110
original_hum	s_to_ṡ	26	final_prompt_token_minus_5	26683	0.0	0.19013828039169312	0.19013828039169312	0.19013828039169312		40	0	1	original_hum_ascii_original	original_hum_s_to_ṡ	93	203	110
original_hum	s_to_ṡ	26	final_prompt_token_minus_5	27281	0.19916246831417084	0.0	-0.19916246831417084	0.19916246831417084	22		1	0	original_hum_ascii_original	original_hum_s_to_ṡ	93	203	110
original_hum	s_to_ṡ	26	final_prompt_token_minus_5	27446	0.0	0.4391055703163147	0.4391055703163147	0.4391055703163147		9	0	1	original_hum_ascii_original	original_hum_s_to_ṡ	93	203	110
original_hum	s_to_ṡ	26	final_prompt_token_minus_5	27881	0.0	0.1740618646144867	0.1740618646144867	0.1740618646144867		48	0	1	original_hum_ascii_original	original_hum_s_to_ṡ	93	203	110
original_hum	s_to_ṡ	26	final_prompt_token_minus_5	28078	0.0	0.2160651981830597	0.2160651981830597	0.2160651981830597		33	0	1	original_hum_ascii_original	original_hum_s_to_ṡ	93	203	110
original_hum	s_to_ṡ	26	final_prompt_token_minus_5	28943	0.0	0.21738654375076294	0.21738654375076294	0.21738654375076294		32	0	1	original_hum_ascii_original	original_hum_s_to_ṡ	93	203	110
original_hum	s_to_ṡ	26	final_prompt_token_minus_5	29275	0.18314476311206818	0.0	-0.18314476311206818	0.18314476311206818	28		1	0	original_hum_ascii_original	original_hum_s_to_ṡ	93	203	110
original_hum	s_to_ṡ	26	final_prompt_token_minus_5	29711	0.0	0.47578519582748413	0.47578519582748413	0.47578519582748413		8	0	1	original_hum_ascii_original	original_hum_s_to_ṡ	93	203	110
original_hum	s_to_ṡ	26	final_prompt_token_minus_5	30015	0.0	0.2438579499721527	0.2438579499721527	0.2438579499721527		25	0	1	original_hum_ascii_original	original_hum_s_to_ṡ	93	203	110
original_hum	s_to_ṡ	26	final_prompt_token_minus_5	30153	0.1580786108970642	0.0	-0.1580786108970642	0.1580786108970642	42		1	0	original_hum_ascii_original	original_hum_s_to_ṡ	93	203	110
original_hum	s_to_ṡ	26	final_prompt_token_minus_5	30733	0.0	0.24408069252967834	0.24408069252967834	0.24408069252967834		24	0	1	original_hum_ascii_original	original_hum_s_to_ṡ	93	203	110
original_hum	s_to_ṡ	26	final_prompt_token_minus_5	30911	0.3365362882614136	0.0	-0.3365362882614136	0.3365362882614136	10		1	0	original_hum_ascii_original	original_hum_s_to_ṡ	93	203	110
original_hum	s_to_ṡ	26	final_prompt_token_minus_5	31025	0.15671776235103607	0.0	-0.15671776235103607	0.15671776235103607	44		1	0	original_hum_ascii_original	original_hum_s_to_ṡ	93	203	110
original_hum	s_to_ṡ	26	final_prompt_token_minus_5	31206	0.25306740403175354	0.0	-0.25306740403175354	0.25306740403175354	16		1	0	original_hum_ascii_original	original_hum_s_to_ṡ	93	203	110
original_hum	s_to_ṡ	26	final_prompt_token_minus_5	31589	0.20227934420108795	0.0	-0.20227934420108795	0.20227934420108795	21		1	0	original_hum_ascii_original	original_hum_s_to_ṡ	93	203	110
original_hum	s_to_ṡ	26	final_prompt_token_minus_5	31632	0.22159573435783386	0.0	-0.22159573435783386	0.22159573435783386	18		1	0	original_hum_ascii_original	original_hum_s_to_ṡ	93	203	110
original_hum	s_to_ṡ	26	final_prompt_token_minus_5	31784	0.16785354912281036	0.0	-0.16785354912281036	0.16785354912281036	38		1	0	original_hum_ascii_original	original_hum_s_to_ṡ	93	203	110
original_hum	s_to_ṡ	26	final_prompt_token_minus_10	75	0.3511373996734619	0.0	-0.3511373996734619	0.3511373996734619	11		1	0	original_hum_ascii_original	original_hum_s_to_ṡ	93	203	110
original_hum	s_to_ṡ	26	final_prompt_token_minus_10	271	0.0	0.3686489164829254	0.3686489164829254	0.3686489164829254		5	0	1	original_hum_ascii_original	original_hum_s_to_ṡ	93	203	110
original_hum	s_to_ṡ	26	final_prompt_token_minus_10	428	0.23780721426010132	0.0	-0.23780721426010132	0.23780721426010132	37		1	0	original_hum_ascii_original	original_hum_s_to_ṡ	93	203	110
original_hum	s_to_ṡ	26	final_prompt_token_minus_10	440	0.0	0.3491356074810028	0.3491356074810028	0.3491356074810028		7	0	1	original_hum_ascii_original	original_hum_s_to_ṡ	93	203	110
original_hum	s_to_ṡ	26	final_prompt_token_minus_10	677	0.4729844331741333	0.0	-0.4729844331741333	0.4729844331741333	5		1	0	original_hum_ascii_original	original_hum_s_to_ṡ	93	203	110
original_hum	s_to_ṡ	26	final_prompt_token_minus_10	704	0.4263949990272522	0.0	-0.4263949990272522	0.4263949990272522	9		1	0	original_hum_ascii_original	original_hum_s_to_ṡ	93	203	110
original_hum	s_to_ṡ	26	final_prompt_token_minus_10	805	0.3022213578224182	0.0	-0.3022213578224182	0.3022213578224182	17		1	0	original_hum_ascii_original	original_hum_s_to_ṡ	93	203	110
original_hum	s_to_ṡ	26	final_prompt_token_minus_10	1205	0.21149316430091858	0.0	-0.21149316430091858	0.21149316430091858	46		1	0	original_hum_ascii_original	original_hum_s_to_ṡ	93	203	110
original_hum	s_to_ṡ	26	final_prompt_token_minus_10	1438	0.0	0.14232513308525085	0.14232513308525085	0.14232513308525085		39	0	1	original_hum_ascii_original	original_hum_s_to_ṡ	93	203	110
original_hum	s_to_ṡ	26	final_prompt_token_minus_10	1612	0.0	0.16827139258384705	0.16827139258384705	0.16827139258384705		26	0	1	original_hum_ascii_original	original_hum_s_to_ṡ	93	203	110
original_hum	s_to_ṡ	26	final_prompt_token_minus_10	1733	0.0	0.1609877645969391	0.1609877645969391	0.1609877645969391		30	0	1	original_hum_ascii_original	original_hum_s_to_ṡ	93	203	110
original_hum	s_to_ṡ	26	final_prompt_token_minus_10	1930	0.20506784319877625	0.0	-0.20506784319877625	0.20506784319877625	48		1	0	original_hum_ascii_original	original_hum_s_to_ṡ	93	203	110
original_hum	s_to_ṡ	26	final_prompt_token_minus_10	1953	0.0	0.19318728148937225	0.19318728148937225	0.19318728148937225		16	0	1	original_hum_ascii_original	original_hum_s_to_ṡ	93	203	110
original_hum	s_to_ṡ	26	final_prompt_token_minus_10	2228	0.31241273880004883	0.0	-0.31241273880004883	0.31241273880004883	16		1	0	original_hum_ascii_original	original_hum_s_to_ṡ	93	203	110
original_hum	s_to_ṡ	26	final_prompt_token_minus_10	2430	0.31360340118408203	0.0	-0.31360340118408203	0.31360340118408203	15		1	0	original_hum_ascii_original	original_hum_s_to_ṡ	93	203	110
original_hum	s_to_ṡ	26	final_prompt_token_minus_10	2567	0.20114853978157043	0.0	-0.20114853978157043	0.20114853978157043	49		1	0	original_hum_ascii_original	original_hum_s_to_ṡ	93	203	110
original_hum	s_to_ṡ	26	final_prompt_token_minus_10	2938	0.506166934967041	1.8693311214447021	1.3631641864776611	1.3631641864776611	3	1	1	1	original_hum_ascii_original	original_hum_s_to_ṡ	93	203	110
original_hum	s_to_ṡ	26	final_prompt_token_minus_10	2977	0.0	0.17374728620052338	0.17374728620052338	0.17374728620052338		23	0	1	original_hum_ascii_original	original_hum_s_to_ṡ	93	203	110
original_hum	s_to_ṡ	26	final_prompt_token_minus_10	3273	0.0	0.15922607481479645	0.15922607481479645	0.15922607481479645		31	0	1	original_hum_ascii_original	original_hum_s_to_ṡ	93	203	110
original_hum	s_to_ṡ	26	final_prompt_token_minus_10	3313	0.25181522965431213	0.0	-0.25181522965431213	0.25181522965431213	31		1	0	original_hum_ascii_original	original_hum_s_to_ṡ	93	203	110
original_hum	s_to_ṡ	26	final_prompt_token_minus_10	3449	0.0	0.14341600239276886	0.14341600239276886	0.14341600239276886		37	0	1	original_hum_ascii_original	original_hum_s_to_ṡ	93	203	110
original_hum	s_to_ṡ	26	final_prompt_token_minus_10	4039	0.0	0.13263171911239624	0.13263171911239624	0.13263171911239624		49	0	1	original_hum_ascii_original	original_hum_s_to_ṡ	93	203	110
original_hum	s_to_ṡ	26	final_prompt_token_minus_10	4456	0.0	0.23326623439788818	0.23326623439788818	0.23326623439788818		13	0	1	original_hum_ascii_original	original_hum_s_to_ṡ	93	203	110
original_hum	s_to_ṡ	26	final_prompt_token_minus_10	5024	0.1957503706216812	0.0	-0.1957503706216812	0.1957503706216812	50		1	0	original_hum_ascii_original	original_hum_s_to_ṡ	93	203	110
original_hum	s_to_ṡ	26	final_prompt_token_minus_10	5417	0.22449925541877747	0.0	-0.22449925541877747	0.22449925541877747	42		1	0	original_hum_ascii_original	original_hum_s_to_ṡ	93	203	110
original_hum	s_to_ṡ	26	final_prompt_token_minus_10	6069	0.46696481108665466	0.0	-0.46696481108665466	0.46696481108665466	6		1	0	original_hum_ascii_original	original_hum_s_to_ṡ	93	203	110
original_hum	s_to_ṡ	26	final_prompt_token_minus_10	6572	0.0	0.18434277176856995	0.18434277176856995	0.18434277176856995		18	0	1	original_hum_ascii_original	original_hum_s_to_ṡ	93	203	110
original_hum	s_to_ṡ	26	final_prompt_token_minus_10	7164	0.0	0.2934502065181732	0.2934502065181732	0.2934502065181732		9	0	1	original_hum_ascii_original	original_hum_s_to_ṡ	93	203	110
original_hum	s_to_ṡ	26	final_prompt_token_minus_10	7334	0.24433588981628418	0.0	-0.24433588981628418	0.24433588981628418	33		1	0	original_hum_ascii_original	original_hum_s_to_ṡ	93	203	110
original_hum	s_to_ṡ	26	final_prompt_token_minus_10	7711	0.23950497806072235	0.1375734657049179	-0.10193151235580444	0.10193151235580444	35	43	1	1	original_hum_ascii_original	original_hum_s_to_ṡ	93	203	110
original_hum	s_to_ṡ	26	final_prompt_token_minus_10	7754	0.22224204242229462	0.0	-0.22224204242229462	0.22224204242229462	43		1	0	original_hum_ascii_original	original_hum_s_to_ṡ	93	203	110
original_hum	s_to_ṡ	26	final_prompt_token_minus_10	7837	0.2901982069015503	0.0	-0.2901982069015503	0.2901982069015503	22		1	0	original_hum_ascii_original	original_hum_s_to_ṡ	93	203	110
original_hum	s_to_ṡ	26	final_prompt_token_minus_10	7982	0.3287926912307739	0.0	-0.3287926912307739	0.3287926912307739	12		1	0	original_hum_ascii_original	original_hum_s_to_ṡ	93	203	110
original_hum	s_to_ṡ	26	final_prompt_token_minus_10	8418	0.0	0.16798323392868042	0.16798323392868042	0.16798323392868042		27	0	1	original_hum_ascii_original	original_hum_s_to_ṡ	93	203	110
original_hum	s_to_ṡ	26	final_prompt_token_minus_10	8437	0.0	0.17849348485469818	0.17849348485469818	0.17849348485469818		19	0	1	original_hum_ascii_original	original_hum_s_to_ṡ	93	203	110
original_hum	s_to_ṡ	26	final_prompt_token_minus_10	8659	0.0	0.15532054007053375	0.15532054007053375	0.15532054007053375		33	0	1	original_hum_ascii_original	original_hum_s_to_ṡ	93	203	110
original_hum	s_to_ṡ	26	final_prompt_token_minus_10	9004	0.0	0.17047162353992462	0.17047162353992462	0.17047162353992462		25	0	1	original_hum_ascii_original	original_hum_s_to_ṡ	93	203	110
original_hum	s_to_ṡ	26	final_prompt_token_minus_10	9446	0.0	0.1732456386089325	0.1732456386089325	0.1732456386089325		24	0	1	original_hum_ascii_original	original_hum_s_to_ṡ	93	203	110
original_hum	s_to_ṡ	26	final_prompt_token_minus_10	9576	0.32189232110977173	0.0	-0.32189232110977173	0.32189232110977173	14		1	0	original_hum_ascii_original	original_hum_s_to_ṡ	93	203	110
original_hum	s_to_ṡ	26	final_prompt_token_minus_10	9860	0.23908907175064087	0.0	-0.23908907175064087	0.23908907175064087	36		1	0	original_hum_ascii_original	original_hum_s_to_ṡ	93	203	110
original_hum	s_to_ṡ	26	final_prompt_token_minus_10	10265	0.0	0.1416122168302536	0.1416122168302536	0.1416122168302536		40	0	1	original_hum_ascii_original	original_hum_s_to_ṡ	93	203	110
original_hum	s_to_ṡ	26	final_prompt_token_minus_10	10346	0.3018604516983032	0.0	-0.3018604516983032	0.3018604516983032	18		1	0	original_hum_ascii_original	original_hum_s_to_ṡ	93	203	110
original_hum	s_to_ṡ	26	final_prompt_token_minus_10	10636	0.0	0.2940778136253357	0.2940778136253357	0.2940778136253357		8	0	1	original_hum_ascii_original	original_hum_s_to_ṡ	93	203	110
original_hum	s_to_ṡ	26	final_prompt_token_minus_10	10709	0.4288721978664398	0.0	-0.4288721978664398	0.4288721978664398	8		1	0	original_hum_ascii_original	original_hum_s_to_ṡ	93	203	110
original_hum	s_to_ṡ	26	final_prompt_token_minus_10	11147	0.21604067087173462	0.0	-0.21604067087173462	0.21604067087173462	45		1	0	original_hum_ascii_original	original_hum_s_to_ṡ	93	203	110
original_hum	s_to_ṡ	26	final_prompt_token_minus_10	13270	0.0	0.2742411494255066	0.2742411494255066	0.2742411494255066		11	0	1	original_hum_ascii_original	original_hum_s_to_ṡ	93	203	110
original_hum	s_to_ṡ	26	final_prompt_token_minus_10	13597	0.0	0.1894642412662506	0.1894642412662506	0.1894642412662506		17	0	1	original_hum_ascii_original	original_hum_s_to_ṡ	93	203	110
original_hum	s_to_ṡ	26	final_prompt_token_minus_10	13747	0.0	0.23287814855575562	0.23287814855575562	0.23287814855575562		14	0	1	original_hum_ascii_original	original_hum_s_to_ṡ	93	203	110
original_hum	s_to_ṡ	26	final_prompt_token_minus_10	13866	0.0	0.13792569935321808	0.13792569935321808	0.13792569935321808		42	0	1	original_hum_ascii_original	original_hum_s_to_ṡ	93	203	110
original_hum	s_to_ṡ	26	final_prompt_token_minus_10	14082	0.0	0.5461683869361877	0.5461683869361877	0.5461683869361877		2	0	1	original_hum_ascii_original	original_hum_s_to_ṡ	93	203	110
original_hum	s_to_ṡ	26	final_prompt_token_minus_10	14311	0.0	0.1611691415309906	0.1611691415309906	0.1611691415309906		29	0	1	original_hum_ascii_original	original_hum_s_to_ṡ	93	203	110
original_hum	s_to_ṡ	26	final_prompt_token_minus_10	14409	0.0	0.14515957236289978	0.14515957236289978	0.14515957236289978		36	0	1	original_hum_ascii_original	original_hum_s_to_ṡ	93	203	110
original_hum	s_to_ṡ	26	final_prompt_token_minus_10	14672	0.4373258054256439	0.0	-0.4373258054256439	0.4373258054256439	7		1	0	original_hum_ascii_original	original_hum_s_to_ṡ	93	203	110
original_hum	s_to_ṡ	26	final_prompt_token_minus_10	15458	0.2680817246437073	0.0	-0.2680817246437073	0.2680817246437073	28		1	0	original_hum_ascii_original	original_hum_s_to_ṡ	93	203	110
original_hum	s_to_ṡ	26	final_prompt_token_minus_10	16125	0.0	0.1370633989572525	0.1370633989572525	0.1370633989572525		44	0	1	original_hum_ascii_original	original_hum_s_to_ṡ	93	203	110
original_hum	s_to_ṡ	26	final_prompt_token_minus_10	16439	0.3258412778377533	0.0	-0.3258412778377533	0.3258412778377533	13		1	0	original_hum_ascii_original	original_hum_s_to_ṡ	93	203	110
original_hum	s_to_ṡ	26	final_prompt_token_minus_10	16612	0.0	0.49428510665893555	0.49428510665893555	0.49428510665893555		3	0	1	original_hum_ascii_original	original_hum_s_to_ṡ	93	203	110
original_hum	s_to_ṡ	26	final_prompt_token_minus_10	17869	0.23722341656684875	0.0	-0.23722341656684875	0.23722341656684875	38		1	0	original_hum_ascii_original	original_hum_s_to_ṡ	93	203	110
original_hum	s_to_ṡ	26	final_prompt_token_minus_10	18198	0.0	0.1459927260875702	0.1459927260875702	0.1459927260875702		35	0	1	original_hum_ascii_original	original_hum_s_to_ṡ	93	203	110
original_hum	s_to_ṡ	26	final_prompt_token_minus_10	18527	0.6229004859924316	0.0	-0.6229004859924316	0.6229004859924316	2		1	0	original_hum_ascii_original	original_hum_s_to_ṡ	93	203	110
original_hum	s_to_ṡ	26	final_prompt_token_minus_10	18847	0.376891165971756	0.13606317341327667	-0.2408279925584793	0.2408279925584793	10	46	1	1	original_hum_ascii_original	original_hum_s_to_ṡ	93	203	110
original_hum	s_to_ṡ	26	final_prompt_token_minus_10	19185	0.2483186572790146	0.0	-0.2483186572790146	0.2483186572790146	32		1	0	original_hum_ascii_original	original_hum_s_to_ṡ	93	203	110
original_hum	s_to_ṡ	26	final_prompt_token_minus_10	19243	0.0	0.13474386930465698	0.13474386930465698	0.13474386930465698		48	0	1	original_hum_ascii_original	original_hum_s_to_ṡ	93	203	110
original_hum	s_to_ṡ	26	final_prompt_token_minus_10	19389	0.29297420382499695	0.14064645767211914	-0.1523277461528778	0.1523277461528778	21	41	1	1	original_hum_ascii_original	original_hum_s_to_ṡ	93	203	110
original_hum	s_to_ṡ	26	final_prompt_token_minus_10	20303	0.27866989374160767	0.0	-0.27866989374160767	0.27866989374160767	25		1	0	original_hum_ascii_original	original_hum_s_to_ṡ	93	203	110
original_hum	s_to_ṡ	26	final_prompt_token_minus_10	20753	0.0	0.1783345341682434	0.1783345341682434	0.1783345341682434		20	0	1	original_hum_ascii_original	original_hum_s_to_ṡ	93	203	110
original_hum	s_to_ṡ	26	final_prompt_token_minus_10	21539	0.21820080280303955	0.0	-0.21820080280303955	0.21820080280303955	44		1	0	original_hum_ascii_original	original_hum_s_to_ṡ	93	203	110
original_hum	s_to_ṡ	26	final_prompt_token_minus_10	21687	0.2775919735431671	0.0	-0.2775919735431671	0.2775919735431671	26		1	0	original_hum_ascii_original	original_hum_s_to_ṡ	93	203	110
original_hum	s_to_ṡ	26	final_prompt_token_minus_10	21750	0.2274419516324997	0.0	-0.2274419516324997	0.2274419516324997	41		1	0	original_hum_ascii_original	original_hum_s_to_ṡ	93	203	110
original_hum	s_to_ṡ	26	final_prompt_token_minus_10	22188	0.0	0.13683119416236877	0.13683119416236877	0.13683119416236877		45	0	1	original_hum_ascii_original	original_hum_s_to_ṡ	93	203	110
original_hum	s_to_ṡ	26	final_prompt_token_minus_10	22495	0.27249377965927124	0.0	-0.27249377965927124	0.27249377965927124	27		1	0	original_hum_ascii_original	original_hum_s_to_ṡ	93	203	110
original_hum	s_to_ṡ	26	final_prompt_token_minus_10	22922	0.24284201860427856	0.0	-0.24284201860427856	0.24284201860427856	34		1	0	original_hum_ascii_original	original_hum_s_to_ṡ	93	203	110
original_hum	s_to_ṡ	26	final_prompt_token_minus_10	22932	0.0	0.1353793442249298	0.1353793442249298	0.1353793442249298		47	0	1	original_hum_ascii_original	original_hum_s_to_ṡ	93	203	110
original_hum	s_to_ṡ	26	final_prompt_token_minus_10	23177	0.0	0.43322622776031494	0.43322622776031494	0.43322622776031494		4	0	1	original_hum_ascii_original	original_hum_s_to_ṡ	93	203	110
original_hum	s_to_ṡ	26	final_prompt_token_minus_10	23324	0.0	0.16224844753742218	0.16224844753742218	0.16224844753742218		28	0	1	original_hum_ascii_original	original_hum_s_to_ṡ	93	203	110
original_hum	s_to_ṡ	26	final_prompt_token_minus_10	23673	0.0	0.1289498656988144	0.1289498656988144	0.1289498656988144		50	0	1	original_hum_ascii_original	original_hum_s_to_ṡ	93	203	110
original_hum	s_to_ṡ	26	final_prompt_token_minus_10	23882	0.0	0.17527151107788086	0.17527151107788086	0.17527151107788086		22	0	1	original_hum_ascii_original	original_hum_s_to_ṡ	93	203	110
original_hum	s_to_ṡ	26	final_prompt_token_minus_10	24339	0.20780378580093384	0.0	-0.20780378580093384	0.20780378580093384	47		1	0	original_hum_ascii_original	original_hum_s_to_ṡ	93	203	110
original_hum	s_to_ṡ	26	final_prompt_token_minus_10	25077	0.0	0.14275813102722168	0.14275813102722168	0.14275813102722168		38	0	1	original_hum_ascii_original	original_hum_s_to_ṡ	93	203	110
original_hum	s_to_ṡ	26	final_prompt_token_minus_10	25421	0.26164594292640686	0.0	-0.26164594292640686	0.26164594292640686	29		1	0	original_hum_ascii_original	original_hum_s_to_ṡ	93	203	110
original_hum	s_to_ṡ	26	final_prompt_token_minus_10	26216	0.23426811397075653	0.0	-0.23426811397075653	0.23426811397075653	40		1	0	original_hum_ascii_original	original_hum_s_to_ṡ	93	203	110
original_hum	s_to_ṡ	26	final_prompt_token_minus_10	26403	0.482820600271225	0.0	-0.482820600271225	0.482820600271225	4		1	0	original_hum_ascii_original	original_hum_s_to_ṡ	93	203	110
original_hum	s_to_ṡ	26	final_prompt_token_minus_10	26684	0.889609694480896	0.0	-0.889609694480896	0.889609694480896	1		1	0	original_hum_ascii_original	original_hum_s_to_ṡ	93	203	110
original_hum	s_to_ṡ	26	final_prompt_token_minus_10	27260	0.0	0.3595416247844696	0.3595416247844696	0.3595416247844696		6	0	1	original_hum_ascii_original	original_hum_s_to_ṡ	93	203	110
original_hum	s_to_ṡ	26	final_prompt_token_minus_10	27281	0.30006492137908936	0.23221620917320251	-0.06784871220588684	0.06784871220588684	19	15	1	1	original_hum_ascii_original	original_hum_s_to_ṡ	93	203	110
original_hum	s_to_ṡ	26	final_prompt_token_minus_10	27389	0.0	0.2793952524662018	0.2793952524662018	0.2793952524662018		10	0	1	original_hum_ascii_original	original_hum_s_to_ṡ	93	203	110
original_hum	s_to_ṡ	26	final_prompt_token_minus_10	27446	0.0	0.24991413950920105	0.24991413950920105	0.24991413950920105		12	0	1	original_hum_ascii_original	original_hum_s_to_ṡ	93	203	110
original_hum	s_to_ṡ	26	final_prompt_token_minus_10	28971	0.29622629284858704	0.0	-0.29622629284858704	0.29622629284858704	20		1	0	original_hum_ascii_original	original_hum_s_to_ṡ	93	203	110
original_hum	s_to_ṡ	26	final_prompt_token_minus_10	29466	0.28463661670684814	0.0	-0.28463661670684814	0.28463661670684814	24		1	0	original_hum_ascii_original	original_hum_s_to_ṡ	93	203	110
original_hum	s_to_ṡ	26	final_prompt_token_minus_10	30036	0.2868102490901947	0.0	-0.2868102490901947	0.2868102490901947	23		1	0	original_hum_ascii_original	original_hum_s_to_ṡ	93	203	110
original_hum	s_to_ṡ	26	final_prompt_token_minus_10	30205	0.0	0.17647823691368103	0.17647823691368103	0.17647823691368103		21	0	1	original_hum_ascii_original	original_hum_s_to_ṡ	93	203	110
original_hum	s_to_ṡ	26	final_prompt_token_minus_10	30989	0.0	0.14628732204437256	0.14628732204437256	0.14628732204437256		34	0	1	original_hum_ascii_original	original_hum_s_to_ṡ	93	203	110
original_hum	s_to_ṡ	26	final_prompt_token_minus_10	31836	0.2347840964794159	0.0	-0.2347840964794159	0.2347840964794159	39		1	0	original_hum_ascii_original	original_hum_s_to_ṡ	93	203	110
original_hum	s_to_ṡ	26	final_prompt_token_minus_10	31897	0.25210583209991455	0.0	-0.25210583209991455	0.25210583209991455	30		1	0	original_hum_ascii_original	original_hum_s_to_ṡ	93	203	110
original_hum	s_to_ṡ	26	final_prompt_token_minus_10	31938	0.0	0.1568571776151657	0.1568571776151657	0.1568571776151657		32	0	1	original_hum_ascii_original	original_hum_s_to_ṡ	93	203	110
original_hum	s_to_ṡ	14	final_prompt_token	992	0.17527851462364197	0.1548769325017929	-0.02040158212184906	0.02040158212184906	16	20	1	1	original_hum_ascii_original	original_hum_s_to_ṡ	93	203	110
original_hum	s_to_ṡ	14	final_prompt_token	1168	0.21415798366069794	0.22614014148712158	0.011982157826423645	0.011982157826423645	7	7	1	1	original_hum_ascii_original	original_hum_s_to_ṡ	93	203	110
original_hum	s_to_ṡ	14	final_prompt_token	1797	0.12409529089927673	0.0	-0.12409529089927673	0.12409529089927673	44		1	0	original_hum_ascii_original	original_hum_s_to_ṡ	93	203	110
original_hum	s_to_ṡ	14	final_prompt_token	1814	0.13580195605754852	0.0	-0.13580195605754852	0.13580195605754852	32		1	0	original_hum_ascii_original	original_hum_s_to_ṡ	93	203	110
original_hum	s_to_ṡ	14	final_prompt_token	2176	0.2016182541847229	0.1541670560836792	-0.0474511981010437	0.0474511981010437	11	21	1	1	original_hum_ascii_original	original_hum_s_to_ṡ	93	203	110
original_hum	s_to_ṡ	14	final_prompt_token	2266	0.1252298653125763	0.14711979031562805	0.021889925003051758	0.021889925003051758	42	25	1	1	original_hum_ascii_original	original_hum_s_to_ṡ	93	203	110
original_hum	s_to_ṡ	14	final_prompt_token	2961	0.5185853242874146	0.4706324338912964	-0.047952890396118164	0.047952890396118164	1	2	1	1	original_hum_ascii_original	original_hum_s_to_ṡ	93	203	110
original_hum	s_to_ṡ	14	final_prompt_token	3001	0.0	0.15280838310718536	0.15280838310718536	0.15280838310718536		22	0	1	original_hum_ascii_original	original_hum_s_to_ṡ	93	203	110
original_hum	s_to_ṡ	14	final_prompt_token	3289	0.0	0.15010526776313782	0.15010526776313782	0.15010526776313782		23	0	1	original_hum_ascii_original	original_hum_s_to_ṡ	93	203	110
original_hum	s_to_ṡ	14	final_prompt_token	3784	0.0	0.1363394558429718	0.1363394558429718	0.1363394558429718		31	0	1	original_hum_ascii_original	original_hum_s_to_ṡ	93	203	110
original_hum	s_to_ṡ	14	final_prompt_token	3830	0.511833131313324	0.5494307279586792	0.037597596645355225	0.037597596645355225	2	1	1	1	original_hum_ascii_original	original_hum_s_to_ṡ	93	203	110
original_hum	s_to_ṡ	14	final_prompt_token	4428	0.13570520281791687	0.16438478231430054	0.028679579496383667	0.028679579496383667	33	17	1	1	original_hum_ascii_original	original_hum_s_to_ṡ	93	203	110
original_hum	s_to_ṡ	14	final_prompt_token	4620	0.12692593038082123	0.13856567442417145	0.01163974404335022	0.01163974404335022	40	30	1	1	original_hum_ascii_original	original_hum_s_to_ṡ	93	203	110
original_hum	s_to_ṡ	14	final_prompt_token	4880	0.11506478488445282	0.0	-0.11506478488445282	0.11506478488445282	49		1	0	original_hum_ascii_original	original_hum_s_to_ṡ	93	203	110
original_hum	s_to_ṡ	14	final_prompt_token	4953	0.17742495238780975	0.16844028234481812	-0.008984670042991638	0.008984670042991638	15	15	1	1	original_hum_ascii_original	original_hum_s_to_ṡ	93	203	110
original_hum	s_to_ṡ	14	final_prompt_token	6429	0.2723112404346466	0.3066288232803345	0.034317582845687866	0.034317582845687866	4	4	1	1	original_hum_ascii_original	original_hum_s_to_ṡ	93	203	110
original_hum	s_to_ṡ	14	final_prompt_token	6836	0.0	0.11862193048000336	0.11862193048000336	0.11862193048000336		46	0	1	original_hum_ascii_original	original_hum_s_to_ṡ	93	203	110
original_hum	s_to_ṡ	14	final_prompt_token	7163	0.34494391083717346	0.3218570053577423	-0.023086905479431152	0.023086905479431152	3	3	1	1	original_hum_ascii_original	original_hum_s_to_ṡ	93	203	110
original_hum	s_to_ṡ	14	final_prompt_token	8033	0.21156567335128784	0.2243543565273285	0.01278868317604065	0.01278868317604065	8	8	1	1	original_hum_ascii_original	original_hum_s_to_ṡ	93	203	110
original_hum	s_to_ṡ	14	final_prompt_token	8677	0.0	0.13006585836410522	0.13006585836410522	0.13006585836410522		36	0	1	original_hum_ascii_original	original_hum_s_to_ṡ	93	203	110
original_hum	s_to_ṡ	14	final_prompt_token	9030	0.1373305469751358	0.14193864166736603	0.004608094692230225	0.004608094692230225	29	28	1	1	original_hum_ascii_original	original_hum_s_to_ṡ	93	203	110
original_hum	s_to_ṡ	14	final_prompt_token	9383	0.13118919730186462	0.11747195571660995	-0.01371724158525467	0.01371724158525467	36	48	1	1	original_hum_ascii_original	original_hum_s_to_ṡ	93	203	110
original_hum	s_to_ṡ	14	final_prompt_token	10633	0.0	0.1189592257142067	0.1189592257142067	0.1189592257142067		44	0	1	original_hum_ascii_original	original_hum_s_to_ṡ	93	203	110
original_hum	s_to_ṡ	14	final_prompt_token	10976	0.15480084717273712	0.16099834442138672	0.006197497248649597	0.006197497248649597	22	18	1	1	original_hum_ascii_original	original_hum_s_to_ṡ	93	203	110
original_hum	s_to_ṡ	14	final_prompt_token	11464	0.13259612023830414	0.0	-0.13259612023830414	0.13259612023830414	34		1	0	original_hum_ascii_original	original_hum_s_to_ṡ	93	203	110
original_hum	s_to_ṡ	14	final_prompt_token	11726	0.0	0.12429569661617279	0.12429569661617279	0.12429569661617279		38	0	1	original_hum_ascii_original	original_hum_s_to_ṡ	93	203	110
original_hum	s_to_ṡ	14	final_prompt_token	12080	0.14483243227005005	0.11896264553070068	-0.025869786739349365	0.025869786739349365	24	43	1	1	original_hum_ascii_original	original_hum_s_to_ṡ	93	203	110
original_hum	s_to_ṡ	14	final_prompt_token	12433	0.11901742219924927	0.0	-0.11901742219924927	0.11901742219924927	46		1	0	original_hum_ascii_original	original_hum_s_to_ṡ	93	203	110
original_hum	s_to_ṡ	14	final_prompt_token	12817	0.13707657158374786	0.0	-0.13707657158374786	0.13707657158374786	30		1	0	original_hum_ascii_original	original_hum_s_to_ṡ	93	203	110
original_hum	s_to_ṡ	14	final_prompt_token	13029	0.1324918121099472	0.12402434647083282	-0.00846746563911438	0.00846746563911438	35	39	1	1	original_hum_ascii_original	original_hum_s_to_ṡ	93	203	110
original_hum	s_to_ṡ	14	final_prompt_token	13571	0.0	0.11762472987174988	0.11762472987174988	0.11762472987174988		47	0	1	original_hum_ascii_original	original_hum_s_to_ṡ	93	203	110
original_hum	s_to_ṡ	14	final_prompt_token	14679	0.12387111783027649	0.0	-0.12387111783027649	0.12387111783027649	45		1	0	original_hum_ascii_original	original_hum_s_to_ṡ	93	203	110
original_hum	s_to_ṡ	14	final_prompt_token	14885	0.1365322768688202	0.13079747557640076	-0.005734801292419434	0.005734801292419434	31	35	1	1	original_hum_ascii_original	original_hum_s_to_ṡ	93	203	110
original_hum	s_to_ṡ	14	final_prompt_token	14932	0.1438901424407959	0.15667927265167236	0.012789130210876465	0.012789130210876465	25	19	1	1	original_hum_ascii_original	original_hum_s_to_ṡ	93	203	110
original_hum	s_to_ṡ	14	final_prompt_token	15605	0.16277040541172028	0.1485825628042221	-0.014187842607498169	0.014187842607498169	19	24	1	1	original_hum_ascii_original	original_hum_s_to_ṡ	93	203	110
original_hum	s_to_ṡ	14	final_prompt_token	16382	0.20584312081336975	0.1712857484817505	-0.03455737233161926	0.03455737233161926	9	13	1	1	original_hum_ascii_original	original_hum_s_to_ṡ	93	203	110
original_hum	s_to_ṡ	14	final_prompt_token	16801	0.1905839890241623	0.14623776078224182	-0.04434622824192047	0.04434622824192047	14	26	1	1	original_hum_ascii_original	original_hum_s_to_ṡ	93	203	110
original_hum	s_to_ṡ	14	final_prompt_token	16845	0.1151876226067543	0.0	-0.1151876226067543	0.1151876226067543	48		1	0	original_hum_ascii_original	original_hum_s_to_ṡ	93	203	110
original_hum	s_to_ṡ	14	final_prompt_token	17193	0.1705974042415619	0.19441507756710052	0.023817673325538635	0.023817673325538635	17	10	1	1	original_hum_ascii_original	original_hum_s_to_ṡ	93	203	110
original_hum	s_to_ṡ	14	final_prompt_token	17275	0.1272931694984436	0.11886385083198547	-0.00842931866645813	0.00842931866645813	38	45	1	1	original_hum_ascii_original	original_hum_s_to_ṡ	93	203	110
original_hum	s_to_ṡ	14	final_prompt_token	17656	0.128530353307724	0.13367673754692078	0.005146384239196777	0.005146384239196777	37	33	1	1	original_hum_ascii_original	original_hum_s_to_ṡ	93	203	110
original_hum	s_to_ṡ	14	final_prompt_token	18895	0.1380925178527832	0.12307550758123398	-0.015017010271549225	0.015017010271549225	28	40	1	1	original_hum_ascii_original	original_hum_s_to_ṡ	93	203	110
original_hum	s_to_ṡ	14	final_prompt_token	20402	0.19249580800533295	0.17181150615215302	-0.02068430185317993	0.02068430185317993	12	12	1	1	original_hum_ascii_original	original_hum_s_to_ṡ	93	203	110
original_hum	s_to_ṡ	14	final_prompt_token	20557	0.25481921434402466	0.22192752361297607	-0.032891690731048584	0.032891690731048584	5	9	1	1	original_hum_ascii_original	original_hum_s_to_ṡ	93	203	110
original_hum	s_to_ṡ	14	final_prompt_token	20681	0.1260993778705597	0.0	-0.1260993778705597	0.1260993778705597	41		1	0	original_hum_ascii_original	original_hum_s_to_ṡ	93	203	110
original_hum	s_to_ṡ	14	final_prompt_token	20769	0.16162540018558502	0.17071577906608582	0.009090378880500793	0.009090378880500793	20	14	1	1	original_hum_ascii_original	original_hum_s_to_ṡ	93	203	110
original_hum	s_to_ṡ	14	final_prompt_token	23505	0.0	0.11706216633319855	0.11706216633319855	0.11706216633319855		49	0	1	original_hum_ascii_original	original_hum_s_to_ṡ	93	203	110
original_hum	s_to_ṡ	14	final_prompt_token	23591	0.14032292366027832	0.12718917429447174	-0.01313374936580658	0.01313374936580658	27	37	1	1	original_hum_ascii_original	original_hum_s_to_ṡ	93	203	110
original_hum	s_to_ṡ	14	final_prompt_token	25151	0.15837322175502777	0.18643686175346375	0.028063639998435974	0.028063639998435974	21	11	1	1	original_hum_ascii_original	original_hum_s_to_ṡ	93	203	110
original_hum	s_to_ṡ	14	final_prompt_token	26050	0.114312082529068	0.11666946113109589	0.002357378602027893	0.002357378602027893	50	50	1	1	original_hum_ascii_original	original_hum_s_to_ṡ	93	203	110
original_hum	s_to_ṡ	14	final_prompt_token	26237	0.16283361613750458	0.1682562530040741	0.005422636866569519	0.005422636866569519	18	16	1	1	original_hum_ascii_original	original_hum_s_to_ṡ	93	203	110
original_hum	s_to_ṡ	14	final_prompt_token	28025	0.11595268547534943	0.0	-0.11595268547534943	0.11595268547534943	47		1	0	original_hum_ascii_original	original_hum_s_to_ṡ	93	203	110
original_hum	s_to_ṡ	14	final_prompt_token	30170	0.19237349927425385	0.22638054192066193	0.03400704264640808	0.03400704264640808	13	6	1	1	original_hum_ascii_original	original_hum_s_to_ṡ	93	203	110
original_hum	s_to_ṡ	14	final_prompt_token	30172	0.12711578607559204	0.13145378232002258	0.004337996244430542	0.004337996244430542	39	34	1	1	original_hum_ascii_original	original_hum_s_to_ṡ	93	203	110
original_hum	s_to_ṡ	14	final_prompt_token	30964	0.2511886656284332	0.25262460112571716	0.0014359354972839355	0.0014359354972839355	6	5	1	1	original_hum_ascii_original	original_hum_s_to_ṡ	93	203	110
original_hum	s_to_ṡ	14	final_prompt_token	31649	0.0	0.12037631124258041	0.12037631124258041	0.12037631124258041		42	0	1	original_hum_ascii_original	original_hum_s_to_ṡ	93	203	110
original_hum	s_to_ṡ	14	final_prompt_token	31758	0.0	0.12145024538040161	0.12145024538040161	0.12145024538040161		41	0	1	original_hum_ascii_original	original_hum_s_to_ṡ	93	203	110
original_hum	s_to_ṡ	14	final_prompt_token	31774	0.1435861885547638	0.1451113224029541	0.0015251338481903076	0.0015251338481903076	26	27	1	1	original_hum_ascii_original	original_hum_s_to_ṡ	93	203	110
original_hum	s_to_ṡ	14	final_prompt_token	32300	0.2046404778957367	0.13941322267055511	-0.06522725522518158	0.06522725522518158	10	29	1	1	original_hum_ascii_original	original_hum_s_to_ṡ	93	203	110
original_hum	s_to_ṡ	14	final_prompt_token	32358	0.1246265321969986	0.0	-0.1246265321969986	0.1246265321969986	43		1	0	original_hum_ascii_original	original_hum_s_to_ṡ	93	203	110
original_hum	s_to_ṡ	14	final_prompt_token	32621	0.14936262369155884	0.0	-0.14936262369155884	0.14936262369155884	23		1	0	original_hum_ascii_original	original_hum_s_to_ṡ	93	203	110
original_hum	s_to_ṡ	14	final_prompt_token	32721	0.0	0.1340445727109909	0.1340445727109909	0.1340445727109909		32	0	1	original_hum_ascii_original	original_hum_s_to_ṡ	93	203	110
original_hum	s_to_ṡ	14	final_prompt_token_minus_1	1013	0.09495832026004791	0.08404805511236191	-0.010910265147686005	0.010910265147686005	25	32	1	1	original_hum_ascii_original	original_hum_s_to_ṡ	93	203	110
original_hum	s_to_ṡ	14	final_prompt_token_minus_1	1102	0.07666369527578354	0.0	-0.07666369527578354	0.07666369527578354	47		1	0	original_hum_ascii_original	original_hum_s_to_ṡ	93	203	110
original_hum	s_to_ṡ	14	final_prompt_token_minus_1	1679	0.0	0.08264753222465515	0.08264753222465515	0.08264753222465515		35	0	1	original_hum_ascii_original	original_hum_s_to_ṡ	93	203	110
original_hum	s_to_ṡ	14	final_prompt_token_minus_1	2665	0.07960088551044464	0.0	-0.07960088551044464	0.07960088551044464	40		1	0	original_hum_ascii_original	original_hum_s_to_ṡ	93	203	110
original_hum	s_to_ṡ	14	final_prompt_token_minus_1	2942	0.0	0.07020499557256699	0.07020499557256699	0.07020499557256699		48	0	1	original_hum_ascii_original	original_hum_s_to_ṡ	93	203	110
original_hum	s_to_ṡ	14	final_prompt_token_minus_1	2961	1.0314112901687622	1.2623653411865234	0.23095405101776123	0.23095405101776123	2	1	1	1	original_hum_ascii_original	original_hum_s_to_ṡ	93	203	110
original_hum	s_to_ṡ	14	final_prompt_token_minus_1	3170	0.0	0.09072783589363098	0.09072783589363098	0.09072783589363098		28	0	1	original_hum_ascii_original	original_hum_s_to_ṡ	93	203	110
original_hum	s_to_ṡ	14	final_prompt_token_minus_1	3289	0.21890011429786682	0.2005687654018402	-0.01833134889602661	0.01833134889602661	8	8	1	1	original_hum_ascii_original	original_hum_s_to_ṡ	93	203	110
original_hum	s_to_ṡ	14	final_prompt_token_minus_1	3557	0.13522164523601532	0.1212906464934349	-0.013930998742580414	0.013930998742580414	18	18	1	1	original_hum_ascii_original	original_hum_s_to_ṡ	93	203	110
original_hum	s_to_ṡ	14	final_prompt_token_minus_1	4337	0.07833660393953323	0.1081327423453331	0.029796138405799866	0.029796138405799866	42	19	1	1	original_hum_ascii_original	original_hum_s_to_ṡ	93	203	110
original_hum	s_to_ṡ	14	final_prompt_token_minus_1	4620	0.0	0.08001955598592758	0.08001955598592758	0.08001955598592758		38	0	1	original_hum_ascii_original	original_hum_s_to_ṡ	93	203	110
original_hum	s_to_ṡ	14	final_prompt_token_minus_1	4880	0.08719722926616669	0.0	-0.08719722926616669	0.08719722926616669	29		1	0	original_hum_ascii_original	original_hum_s_to_ṡ	93	203	110
original_hum	s_to_ṡ	14	final_prompt_token_minus_1	4953	0.1415524184703827	0.12844854593276978	-0.013103872537612915	0.013103872537612915	16	15	1	1	original_hum_ascii_original	original_hum_s_to_ṡ	93	203	110
original_hum	s_to_ṡ	14	final_prompt_token_minus_1	4959	0.07820617407560349	0.07606112957000732	-0.002145044505596161	0.002145044505596161	43	42	1	1	original_hum_ascii_original	original_hum_s_to_ṡ	93	203	110
original_hum	s_to_ṡ	14	final_prompt_token_minus_1	6025	0.09043773263692856	0.09305670112371445	0.0026189684867858887	0.0026189684867858887	28	25	1	1	original_hum_ascii_original	original_hum_s_to_ṡ	93	203	110
original_hum	s_to_ṡ	14	final_prompt_token_minus_1	6429	0.22330895066261292	0.22627681493759155	0.0029678642749786377	0.0029678642749786377	7	7	1	1	original_hum_ascii_original	original_hum_s_to_ṡ	93	203	110
original_hum	s_to_ṡ	14	final_prompt_token_minus_1	6442	0.0	0.098110131919384	0.098110131919384	0.098110131919384		23	0	1	original_hum_ascii_original	original_hum_s_to_ṡ	93	203	110
original_hum	s_to_ṡ	14	final_prompt_token_minus_1	7163	0.21606037020683289	0.19420196115970612	-0.02185840904712677	0.02185840904712677	9	9	1	1	original_hum_ascii_original	original_hum_s_to_ṡ	93	203	110
original_hum	s_to_ṡ	14	final_prompt_token_minus_1	7297	0.0	0.07190833240747452	0.07190833240747452	0.07190833240747452		44	0	1	original_hum_ascii_original	original_hum_s_to_ṡ	93	203	110
original_hum	s_to_ṡ	14	final_prompt_token_minus_1	8033	1.3254016637802124	1.2045212984085083	-0.1208803653717041	0.1208803653717041	1	2	1	1	original_hum_ascii_original	original_hum_s_to_ṡ	93	203	110
original_hum	s_to_ṡ	14	final_prompt_token_minus_1	9986	0.0	0.0865962877869606	0.0865962877869606	0.0865962877869606		30	0	1	original_hum_ascii_original	original_hum_s_to_ṡ	93	203	110
original_hum	s_to_ṡ	14	final_prompt_token_minus_1	11227	0.0	0.080703966319561	0.080703966319561	0.080703966319561		37	0	1	original_hum_ascii_original	original_hum_s_to_ṡ	93	203	110
original_hum	s_to_ṡ	14	final_prompt_token_minus_1	11522	0.10359454154968262	0.13205353915691376	0.02845899760723114	0.02845899760723114	20	13	1	1	original_hum_ascii_original	original_hum_s_to_ṡ	93	203	110
original_hum	s_to_ṡ	14	final_prompt_token_minus_1	11726	0.07187807559967041	0.07074274122714996	-0.0011353343725204468	0.0011353343725204468	50	46	1	1	original_hum_ascii_original	original_hum_s_to_ṡ	93	203	110
original_hum	s_to_ṡ	14	final_prompt_token_minus_1	11831	0.08563582599163055	0.0	-0.08563582599163055	0.08563582599163055	30		1	0	original_hum_ascii_original	original_hum_s_to_ṡ	93	203	110
original_hum	s_to_ṡ	14	final_prompt_token_minus_1	11864	0.084995336830616	0.08265691250562668	-0.002338424324989319	0.002338424324989319	31	34	1	1	original_hum_ascii_original	original_hum_s_to_ṡ	93	203	110
original_hum	s_to_ṡ	14	final_prompt_token_minus_1	12000	0.14680488407611847	0.13951174914836884	-0.007293134927749634	0.007293134927749634	14	12	1	1	original_hum_ascii_original	original_hum_s_to_ṡ	93	203	110
original_hum	s_to_ṡ	14	final_prompt_token_minus_1	12578	0.08373109251260757	0.0	-0.08373109251260757	0.08373109251260757	32		1	0	original_hum_ascii_original	original_hum_s_to_ṡ	93	203	110
original_hum	s_to_ṡ	14	final_prompt_token_minus_1	13029	0.10216090083122253	0.09269830584526062	-0.009462594985961914	0.009462594985961914	21	26	1	1	original_hum_ascii_original	original_hum_s_to_ṡ	93	203	110
original_hum	s_to_ṡ	14	final_prompt_token_minus_1	13119	0.14598676562309265	0.14132188260555267	-0.004664883017539978	0.004664883017539978	15	11	1	1	original_hum_ascii_original	original_hum_s_to_ṡ	93	203	110
original_hum	s_to_ṡ	14	final_prompt_token_minus_1	13275	0.0	0.08396781980991364	0.08396781980991364	0.08396781980991364		33	0	1	original_hum_ascii_original	original_hum_s_to_ṡ	93	203	110
original_hum	s_to_ṡ	14	final_prompt_token_minus_1	13277	0.0	0.08092088997364044	0.08092088997364044	0.08092088997364044		36	0	1	original_hum_ascii_original	original_hum_s_to_ṡ	93	203	110
original_hum	s_to_ṡ	14	final_prompt_token_minus_1	13692	0.08346346020698547	0.0	-0.08346346020698547	0.08346346020698547	33		1	0	original_hum_ascii_original	original_hum_s_to_ṡ	93	203	110
original_hum	s_to_ṡ	14	final_prompt_token_minus_1	14774	0.0	0.06981705129146576	0.06981705129146576	0.06981705129146576		50	0	1	original_hum_ascii_original	original_hum_s_to_ṡ	93	203	110
original_hum	s_to_ṡ	14	final_prompt_token_minus_1	14932	0.07605382055044174	0.0	-0.07605382055044174	0.07605382055044174	48		1	0	original_hum_ascii_original	original_hum_s_to_ṡ	93	203	110
original_hum	s_to_ṡ	14	final_prompt_token_minus_1	15396	0.17640447616577148	0.14622420072555542	-0.030180275440216064	0.030180275440216064	11	10	1	1	original_hum_ascii_original	original_hum_s_to_ṡ	93	203	110
original_hum	s_to_ṡ	14	final_prompt_token_minus_1	15605	0.08014270663261414	0.07189203053712845	-0.008250676095485687	0.008250676095485687	38	45	1	1	original_hum_ascii_original	original_hum_s_to_ṡ	93	203	110
original_hum	s_to_ṡ	14	final_prompt_token_minus_1	16077	0.1330661177635193	0.092201367020607	-0.04086475074291229	0.04086475074291229	19	27	1	1	original_hum_ascii_original	original_hum_s_to_ṡ	93	203	110
original_hum	s_to_ṡ	14	final_prompt_token_minus_1	17656	0.07976562529802322	0.0	-0.07976562529802322	0.07976562529802322	39		1	0	original_hum_ascii_original	original_hum_s_to_ṡ	93	203	110
original_hum	s_to_ṡ	14	final_prompt_token_minus_1	18609	0.0	0.09401209652423859	0.09401209652423859	0.09401209652423859		24	0	1	original_hum_ascii_original	original_hum_s_to_ṡ	93	203	110
original_hum	s_to_ṡ	14	final_prompt_token_minus_1	19133	0.24571211636066437	0.27033722400665283	0.024625107645988464	0.024625107645988464	5	4	1	1	original_hum_ascii_original	original_hum_s_to_ṡ	93	203	110
original_hum	s_to_ṡ	14	final_prompt_token_minus_1	19493	0.0	0.0733654648065567	0.0733654648065567	0.0733654648065567		43	0	1	original_hum_ascii_original	original_hum_s_to_ṡ	93	203	110
original_hum	s_to_ṡ	14	final_prompt_token_minus_1	20403	0.09776154160499573	0.08573125302791595	-0.012030288577079773	0.012030288577079773	24	31	1	1	original_hum_ascii_original	original_hum_s_to_ṡ	93	203	110
original_hum	s_to_ṡ	14	final_prompt_token_minus_1	20557	0.18130949139595032	0.08787781000137329	-0.09343168139457703	0.09343168139457703	10	29	1	1	original_hum_ascii_original	original_hum_s_to_ṡ	93	203	110
original_hum	s_to_ṡ	14	final_prompt_token_minus_1	20681	0.1379212737083435	0.10467340052127838	-0.033247873187065125	0.033247873187065125	17	20	1	1	original_hum_ascii_original	original_hum_s_to_ṡ	93	203	110
original_hum	s_to_ṡ	14	final_prompt_token_minus_1	20998	0.09990052133798599	0.12364102900028229	0.023740507662296295	0.023740507662296295	22	16	1	1	original_hum_ascii_original	original_hum_s_to_ṡ	93	203	110
original_hum	s_to_ṡ	14	final_prompt_token_minus_1	21393	0.08071122318506241	0.12243913859128952	0.04172791540622711	0.04172791540622711	36	17	1	1	original_hum_ascii_original	original_hum_s_to_ṡ	93	203	110
original_hum	s_to_ṡ	14	final_prompt_token_minus_1	21405	0.08184586465358734	0.0	-0.08184586465358734	0.08184586465358734	35		1	0	original_hum_ascii_original	original_hum_s_to_ṡ	93	203	110
original_hum	s_to_ṡ	14	final_prompt_token_minus_1	21447	0.24075758457183838	0.24064362049102783	-0.00011396408081054688	0.00011396408081054688	6	6	1	1	original_hum_ascii_original	original_hum_s_to_ṡ	93	203	110
original_hum	s_to_ṡ	14	final_prompt_token_minus_1	21981	0.2605286240577698	0.2526726722717285	-0.00785595178604126	0.00785595178604126	4	5	1	1	original_hum_ascii_original	original_hum_s_to_ṡ	93	203	110
original_hum	s_to_ṡ	14	final_prompt_token_minus_1	22608	0.08023607730865479	0.0	-0.08023607730865479	0.08023607730865479	37		1	0	original_hum_ascii_original	original_hum_s_to_ṡ	93	203	110
original_hum	s_to_ṡ	14	final_prompt_token_minus_1	22813	0.07742861658334732	0.0	-0.07742861658334732	0.07742861658334732	46		1	0	original_hum_ascii_original	original_hum_s_to_ṡ	93	203	110
original_hum	s_to_ṡ	14	final_prompt_token_minus_1	23505	0.14780056476593018	0.10260473191738129	-0.04519583284854889	0.04519583284854889	12	21	1	1	original_hum_ascii_original	original_hum_s_to_ṡ	93	203	110
original_hum	s_to_ṡ	14	final_prompt_token_minus_1	25151	0.14700427651405334	0.1299765557050705	-0.01702772080898285	0.01702772080898285	13	14	1	1	original_hum_ascii_original	original_hum_s_to_ṡ	93	203	110
original_hum	s_to_ṡ	14	final_prompt_token_minus_1	26050	0.09191124141216278	0.09891271591186523	0.007001474499702454	0.007001474499702454	27	22	1	1	original_hum_ascii_original	original_hum_s_to_ṡ	93	203	110
original_hum	s_to_ṡ	14	final_prompt_token_minus_1	26615	0.09321640431880951	0.07016335427761078	-0.02305305004119873	0.02305305004119873	26	49	1	1	original_hum_ascii_original	original_hum_s_to_ṡ	93	203	110
original_hum	s_to_ṡ	14	final_prompt_token_minus_1	28492	0.09920089691877365	0.07713835686445236	-0.02206254005432129	0.02206254005432129	23	41	1	1	original_hum_ascii_original	original_hum_s_to_ṡ	93	203	110
original_hum	s_to_ṡ	14	final_prompt_token_minus_1	28536	0.07590261101722717	0.0	-0.07590261101722717	0.07590261101722717	49		1	0	original_hum_ascii_original	original_hum_s_to_ṡ	93	203	110
original_hum	s_to_ṡ	14	final_prompt_token_minus_1	28880	0.0	0.07887246459722519	0.07887246459722519	0.07887246459722519		39	0	1	original_hum_ascii_original	original_hum_s_to_ṡ	93	203	110
original_hum	s_to_ṡ	14	final_prompt_token_minus_1	29619	0.07801148295402527	0.0	-0.07801148295402527	0.07801148295402527	44		1	0	original_hum_ascii_original	original_hum_s_to_ṡ	93	203	110
original_hum	s_to_ṡ	14	final_prompt_token_minus_1	30170	0.3690895140171051	0.3644292652606964	-0.004660248756408691	0.004660248756408691	3	3	1	1	original_hum_ascii_original	original_hum_s_to_ṡ	93	203	110
original_hum	s_to_ṡ	14	final_prompt_token_minus_1	30225	0.07931183278560638	0.07803551852703094	-0.0012763142585754395	0.0012763142585754395	41	40	1	1	original_hum_ascii_original	original_hum_s_to_ṡ	93	203	110
original_hum	s_to_ṡ	14	final_prompt_token_minus_1	31733	0.07765716314315796	0.0	-0.07765716314315796	0.07765716314315796	45		1	0	original_hum_ascii_original	original_hum_s_to_ṡ	93	203	110
original_hum	s_to_ṡ	14	final_prompt_token_minus_1	32204	0.08204953372478485	0.0	-0.08204953372478485	0.08204953372478485	34		1	0	original_hum_ascii_original	original_hum_s_to_ṡ	93	203	110
original_hum	s_to_ṡ	14	final_prompt_token_minus_1	32638	0.0	0.07054080069065094	0.07054080069065094	0.07054080069065094		47	0	1	original_hum_ascii_original	original_hum_s_to_ṡ	93	203	110
original_hum	s_to_ṡ	14	final_prompt_token_minus_5	210	0.08845587819814682	0.0	-0.08845587819814682	0.08845587819814682	48		1	0	original_hum_ascii_original	original_hum_s_to_ṡ	93	203	110
original_hum	s_to_ṡ	14	final_prompt_token_minus_5	229	0.0	0.12154335528612137	0.12154335528612137	0.12154335528612137		48	0	1	original_hum_ascii_original	original_hum_s_to_ṡ	93	203	110
original_hum	s_to_ṡ	14	final_prompt_token_minus_5	438	0.16378967463970184	0.0	-0.16378967463970184	0.16378967463970184	13		1	0	original_hum_ascii_original	original_hum_s_to_ṡ	93	203	110
original_hum	s_to_ṡ	14	final_prompt_token_minus_5	1973	0.17396679520606995	0.0	-0.17396679520606995	0.17396679520606995	12		1	0	original_hum_ascii_original	original_hum_s_to_ṡ	93	203	110
original_hum	s_to_ṡ	14	final_prompt_token_minus_5	2072	0.0	0.33905836939811707	0.33905836939811707	0.33905836939811707		7	0	1	original_hum_ascii_original	original_hum_s_to_ṡ	93	203	110
original_hum	s_to_ṡ	14	final_prompt_token_minus_5	2587	0.0	0.14431160688400269	0.14431160688400269	0.14431160688400269		33	0	1	original_hum_ascii_original	original_hum_s_to_ṡ	93	203	110
original_hum	s_to_ṡ	14	final_prompt_token_minus_5	2961	1.0757501125335693	1.2631289958953857	0.1873788833618164	0.1873788833618164	1	1	1	1	original_hum_ascii_original	original_hum_s_to_ṡ	93	203	110
original_hum	s_to_ṡ	14	final_prompt_token_minus_5	2992	0.0	0.13659486174583435	0.13659486174583435	0.13659486174583435		36	0	1	original_hum_ascii_original	original_hum_s_to_ṡ	93	203	110
original_hum	s_to_ṡ	14	final_prompt_token_minus_5	3124	0.0	0.28700852394104004	0.28700852394104004	0.28700852394104004		8	0	1	original_hum_ascii_original	original_hum_s_to_ṡ	93	203	110
original_hum	s_to_ṡ	14	final_prompt_token_minus_5	3454	0.08824450522661209	0.0	-0.08824450522661209	0.08824450522661209	49		1	0	original_hum_ascii_original	original_hum_s_to_ṡ	93	203	110
original_hum	s_to_ṡ	14	final_prompt_token_minus_5	3781	0.13802973926067352	0.0	-0.13802973926067352	0.13802973926067352	18		1	0	original_hum_ascii_original	original_hum_s_to_ṡ	93	203	110
original_hum	s_to_ṡ	14	final_prompt_token_minus_5	4010	0.23250465095043182	0.0	-0.23250465095043182	0.23250465095043182	6		1	0	original_hum_ascii_original	original_hum_s_to_ṡ	93	203	110
original_hum	s_to_ṡ	14	final_prompt_token_minus_5	4170	0.0	0.1459159255027771	0.1459159255027771	0.1459159255027771		32	0	1	original_hum_ascii_original	original_hum_s_to_ṡ	93	203	110
original_hum	s_to_ṡ	14	final_prompt_token_minus_5	4742	0.0	0.24173161387443542	0.24173161387443542	0.24173161387443542		13	0	1	original_hum_ascii_original	original_hum_s_to_ṡ	93	203	110
original_hum	s_to_ṡ	14	final_prompt_token_minus_5	4850	0.10583700984716415	0.0	-0.10583700984716415	0.10583700984716415	35		1	0	original_hum_ascii_original	original_hum_s_to_ṡ	93	203	110
original_hum	s_to_ṡ	14	final_prompt_token_minus_5	5032	0.1081906259059906	0.0	-0.1081906259059906	0.1081906259059906	30		1	0	original_hum_ascii_original	original_hum_s_to_ṡ	93	203	110
original_hum	s_to_ṡ	14	final_prompt_token_minus_5	5861	0.0	0.1308690905570984	0.1308690905570984	0.1308690905570984		40	0	1	original_hum_ascii_original	original_hum_s_to_ṡ	93	203	110
original_hum	s_to_ṡ	14	final_prompt_token_minus_5	6429	0.26575198769569397	0.0	-0.26575198769569397	0.26575198769569397	5		1	0	original_hum_ascii_original	original_hum_s_to_ṡ	93	203	110
original_hum	s_to_ṡ	14	final_prompt_token_minus_5	6442	0.09860055893659592	0.0	-0.09860055893659592	0.09860055893659592	39		1	0	original_hum_ascii_original	original_hum_s_to_ṡ	93	203	110
original_hum	s_to_ṡ	14	final_prompt_token_minus_5	6477	0.1163020133972168	0.0	-0.1163020133972168	0.1163020133972168	27		1	0	original_hum_ascii_original	original_hum_s_to_ṡ	93	203	110
original_hum	s_to_ṡ	14	final_prompt_token_minus_5	6681	0.0	0.34149011969566345	0.34149011969566345	0.34149011969566345		6	0	1	original_hum_ascii_original	original_hum_s_to_ṡ	93	203	110
original_hum	s_to_ṡ	14	final_prompt_token_minus_5	6804	0.5306376814842224	0.0	-0.5306376814842224	0.5306376814842224	3		1	0	original_hum_ascii_original	original_hum_s_to_ṡ	93	203	110
original_hum	s_to_ṡ	14	final_prompt_token_minus_5	6846	0.18230310082435608	0.0	-0.18230310082435608	0.18230310082435608	10		1	0	original_hum_ascii_original	original_hum_s_to_ṡ	93	203	110
original_hum	s_to_ṡ	14	final_prompt_token_minus_5	7998	0.22291457653045654	0.0	-0.22291457653045654	0.22291457653045654	7		1	0	original_hum_ascii_original	original_hum_s_to_ṡ	93	203	110
original_hum	s_to_ṡ	14	final_prompt_token_minus_5	9080	0.0	0.26159775257110596	0.26159775257110596	0.26159775257110596		10	0	1	original_hum_ascii_original	original_hum_s_to_ṡ	93	203	110
original_hum	s_to_ṡ	14	final_prompt_token_minus_5	9276	0.0	0.11691957712173462	0.11691957712173462	0.11691957712173462		50	0	1	original_hum_ascii_original	original_hum_s_to_ṡ	93	203	110
original_hum	s_to_ṡ	14	final_prompt_token_minus_5	9439	0.0	0.21323588490486145	0.21323588490486145	0.21323588490486145		15	0	1	original_hum_ascii_original	original_hum_s_to_ṡ	93	203	110
original_hum	s_to_ṡ	14	final_prompt_token_minus_5	10627	0.0	0.16396406292915344	0.16396406292915344	0.16396406292915344		24	0	1	original_hum_ascii_original	original_hum_s_to_ṡ	93	203	110
original_hum	s_to_ṡ	14	final_prompt_token_minus_5	10804	0.11051413416862488	0.0	-0.11051413416862488	0.11051413416862488	28		1	0	original_hum_ascii_original	original_hum_s_to_ṡ	93	203	110
original_hum	s_to_ṡ	14	final_prompt_token_minus_5	11664	0.0	0.20111636817455292	0.20111636817455292	0.20111636817455292		18	0	1	original_hum_ascii_original	original_hum_s_to_ṡ	93	203	110
original_hum	s_to_ṡ	14	final_prompt_token_minus_5	11682	0.0	0.14713650941848755	0.14713650941848755	0.14713650941848755		31	0	1	original_hum_ascii_original	original_hum_s_to_ṡ	93	203	110
original_hum	s_to_ṡ	14	final_prompt_token_minus_5	11864	0.12023269385099411	0.0	-0.12023269385099411	0.12023269385099411	24		1	0	original_hum_ascii_original	original_hum_s_to_ṡ	93	203	110
original_hum	s_to_ṡ	14	final_prompt_token_minus_5	12179	0.14202867448329926	0.0	-0.14202867448329926	0.14202867448329926	16		1	0	original_hum_ascii_original	original_hum_s_to_ṡ	93	203	110
original_hum	s_to_ṡ	14	final_prompt_token_minus_5	12399	0.08793401718139648	0.0	-0.08793401718139648	0.08793401718139648	50		1	0	original_hum_ascii_original	original_hum_s_to_ṡ	93	203	110
original_hum	s_to_ṡ	14	final_prompt_token_minus_5	12420	0.7626116275787354	0.0	-0.7626116275787354	0.7626116275787354	2		1	0	original_hum_ascii_original	original_hum_s_to_ṡ	93	203	110
original_hum	s_to_ṡ	14	final_prompt_token_minus_5	12546	0.10370586812496185	0.0	-0.10370586812496185	0.10370586812496185	36		1	0	original_hum_ascii_original	original_hum_s_to_ṡ	93	203	110
original_hum	s_to_ṡ	14	final_prompt_token_minus_5	13002	0.0	0.37891459465026855	0.37891459465026855	0.37891459465026855		4	0	1	original_hum_ascii_original	original_hum_s_to_ṡ	93	203	110
original_hum	s_to_ṡ	14	final_prompt_token_minus_5	13119	0.15948860347270966	0.0	-0.15948860347270966	0.15948860347270966	14		1	0	original_hum_ascii_original	original_hum_s_to_ṡ	93	203	110
original_hum	s_to_ṡ	14	final_prompt_token_minus_5	13517	0.11006458103656769	0.0	-0.11006458103656769	0.11006458103656769	29		1	0	original_hum_ascii_original	original_hum_s_to_ṡ	93	203	110
original_hum	s_to_ṡ	14	final_prompt_token_minus_5	14318	0.0	0.1357034295797348	0.1357034295797348	0.1357034295797348		38	0	1	original_hum_ascii_original	original_hum_s_to_ṡ	93	203	110
original_hum	s_to_ṡ	14	final_prompt_token_minus_5	14829	0.0	0.17298181354999542	0.17298181354999542	0.17298181354999542		20	0	1	original_hum_ascii_original	original_hum_s_to_ṡ	93	203	110
original_hum	s_to_ṡ	14	final_prompt_token_minus_5	15006	0.09291967749595642	0.0	-0.09291967749595642	0.09291967749595642	42		1	0	original_hum_ascii_original	original_hum_s_to_ṡ	93	203	110
original_hum	s_to_ṡ	14	final_prompt_token_minus_5	15254	0.0	0.2563942074775696	0.2563942074775696	0.2563942074775696		11	0	1	original_hum_ascii_original	original_hum_s_to_ṡ	93	203	110
original_hum	s_to_ṡ	14	final_prompt_token_minus_5	15542	0.0	0.12990233302116394	0.12990233302116394	0.12990233302116394		42	0	1	original_hum_ascii_original	original_hum_s_to_ṡ	93	203	110
original_hum	s_to_ṡ	14	final_prompt_token_minus_5	15588	0.0	0.1653810292482376	0.1653810292482376	0.1653810292482376		23	0	1	original_hum_ascii_original	original_hum_s_to_ṡ	93	203	110
original_hum	s_to_ṡ	14	final_prompt_token_minus_5	16195	0.1765463501214981	0.0	-0.1765463501214981	0.1765463501214981	11		1	0	original_hum_ascii_original	original_hum_s_to_ṡ	93	203	110
original_hum	s_to_ṡ	14	final_prompt_token_minus_5	16371	0.0	0.1354396939277649	0.1354396939277649	0.1354396939277649		39	0	1	original_hum_ascii_original	original_hum_s_to_ṡ	93	203	110
original_hum	s_to_ṡ	14	final_prompt_token_minus_5	16375	0.0	0.7482963800430298	0.7482963800430298	0.7482963800430298		2	0	1	original_hum_ascii_original	original_hum_s_to_ṡ	93	203	110
original_hum	s_to_ṡ	14	final_prompt_token_minus_5	16973	0.13534760475158691	0.0	-0.13534760475158691	0.13534760475158691	19		1	0	original_hum_ascii_original	original_hum_s_to_ṡ	93	203	110
original_hum	s_to_ṡ	14	final_prompt_token_minus_5	17384	0.0928545594215393	0.0	-0.0928545594215393	0.0928545594215393	43		1	0	original_hum_ascii_original	original_hum_s_to_ṡ	93	203	110
original_hum	s_to_ṡ	14	final_prompt_token_minus_5	17656	0.12278657406568527	0.0	-0.12278657406568527	0.12278657406568527	23		1	0	original_hum_ascii_original	original_hum_s_to_ṡ	93	203	110
original_hum	s_to_ṡ	14	final_prompt_token_minus_5	17889	0.14771750569343567	0.0	-0.14771750569343567	0.14771750569343567	15		1	0	original_hum_ascii_original	original_hum_s_to_ṡ	93	203	110
original_hum	s_to_ṡ	14	final_prompt_token_minus_5	18401	0.0	0.27533990144729614	0.27533990144729614	0.27533990144729614		9	0	1	original_hum_ascii_original	original_hum_s_to_ṡ	93	203	110
original_hum	s_to_ṡ	14	final_prompt_token_minus_5	18673	0.18366771936416626	0.0	-0.18366771936416626	0.18366771936416626	9		1	0	original_hum_ascii_original	original_hum_s_to_ṡ	93	203	110
original_hum	s_to_ṡ	14	final_prompt_token_minus_5	18775	0.10586845874786377	0.0	-0.10586845874786377	0.10586845874786377	34		1	0	original_hum_ascii_original	original_hum_s_to_ṡ	93	203	110
original_hum	s_to_ṡ	14	final_prompt_token_minus_5	18812	0.0	0.11705788969993591	0.11705788969993591	0.11705788969993591		49	0	1	original_hum_ascii_original	original_hum_s_to_ṡ	93	203	110
original_hum	s_to_ṡ	14	final_prompt_token_minus_5	18999	0.0	0.1264200508594513	0.1264200508594513	0.1264200508594513		43	0	1	original_hum_ascii_original	original_hum_s_to_ṡ	93	203	110
original_hum	s_to_ṡ	14	final_prompt_token_minus_5	19919	0.12692531943321228	0.0	-0.12692531943321228	0.12692531943321228	22		1	0	original_hum_ascii_original	original_hum_s_to_ṡ	93	203	110
original_hum	s_to_ṡ	14	final_prompt_token_minus_5	20064	0.13042046129703522	0.0	-0.13042046129703522	0.13042046129703522	21		1	0	original_hum_ascii_original	original_hum_s_to_ṡ	93	203	110
original_hum	s_to_ṡ	14	final_prompt_token_minus_5	20557	0.18499016761779785	0.0	-0.18499016761779785	0.18499016761779785	8		1	0	original_hum_ascii_original	original_hum_s_to_ṡ	93	203	110
original_hum	s_to_ṡ	14	final_prompt_token_minus_5	20681	0.09171319007873535	0.0	-0.09171319007873535	0.09171319007873535	45		1	0	original_hum_ascii_original	original_hum_s_to_ṡ	93	203	110
original_hum	s_to_ṡ	14	final_prompt_token_minus_5	20686	0.0	0.1395646184682846	0.1395646184682846	0.1395646184682846		35	0	1	original_hum_ascii_original	original_hum_s_to_ṡ	93	203	110
original_hum	s_to_ṡ	14	final_prompt_token_minus_5	21238	0.0	0.14981737732887268	0.14981737732887268	0.14981737732887268		29	0	1	original_hum_ascii_original	original_hum_s_to_ṡ	93	203	110
original_hum	s_to_ṡ	14	final_prompt_token_minus_5	21281	0.0	0.16013342142105103	0.16013342142105103	0.16013342142105103		27	0	1	original_hum_ascii_original	original_hum_s_to_ṡ	93	203	110
original_hum	s_to_ṡ	14	final_prompt_token_minus_5	21762	0.0	0.19426709413528442	0.19426709413528442	0.19426709413528442		19	0	1	original_hum_ascii_original	original_hum_s_to_ṡ	93	203	110
original_hum	s_to_ṡ	14	final_prompt_token_minus_5	21803	0.09094459563493729	0.0	-0.09094459563493729	0.09094459563493729	47		1	0	original_hum_ascii_original	original_hum_s_to_ṡ	93	203	110
original_hum	s_to_ṡ	14	final_prompt_token_minus_5	22078	0.0	0.5648417472839355	0.5648417472839355	0.5648417472839355		3	0	1	original_hum_ascii_original	original_hum_s_to_ṡ	93	203	110
original_hum	s_to_ṡ	14	final_prompt_token_minus_5	22208	0.09776429831981659	0.0	-0.09776429831981659	0.09776429831981659	40		1	0	original_hum_ascii_original	original_hum_s_to_ṡ	93	203	110
original_hum	s_to_ṡ	14	final_prompt_token_minus_5	22305	0.0	0.2091864049434662	0.2091864049434662	0.2091864049434662		16	0	1	original_hum_ascii_original	original_hum_s_to_ṡ	93	203	110
original_hum	s_to_ṡ	14	final_prompt_token_minus_5	22658	0.0	0.13642184436321259	0.13642184436321259	0.13642184436321259		37	0	1	original_hum_ascii_original	original_hum_s_to_ṡ	93	203	110
original_hum	s_to_ṡ	14	final_prompt_token_minus_5	22725	0.0	0.12418525665998459	0.12418525665998459	0.12418525665998459		45	0	1	original_hum_ascii_original	original_hum_s_to_ṡ	93	203	110
original_hum	s_to_ṡ	14	final_prompt_token_minus_5	22813	0.10602040588855743	0.0	-0.10602040588855743	0.10602040588855743	32		1	0	original_hum_ascii_original	original_hum_s_to_ṡ	93	203	110
original_hum	s_to_ṡ	14	final_prompt_token_minus_5	23073	0.1408545970916748	0.0	-0.1408545970916748	0.1408545970916748	17		1	0	original_hum_ascii_original	original_hum_s_to_ṡ	93	203	110
original_hum	s_to_ṡ	14	final_prompt_token_minus_5	23364	0.10133588314056396	0.0	-0.10133588314056396	0.10133588314056396	38		1	0	original_hum_ascii_original	original_hum_s_to_ṡ	93	203	110
original_hum	s_to_ṡ	14	final_prompt_token_minus_5	23957	0.09750664979219437	0.0	-0.09750664979219437	0.09750664979219437	41		1	0	original_hum_ascii_original	original_hum_s_to_ṡ	93	203	110
original_hum	s_to_ṡ	14	final_prompt_token_minus_5	24448	0.0	0.1716315746307373	0.1716315746307373	0.1716315746307373		21	0	1	original_hum_ascii_original	original_hum_s_to_ṡ	93	203	110
original_hum	s_to_ṡ	14	final_prompt_token_minus_5	24694	0.0	0.17029955983161926	0.17029955983161926	0.17029955983161926		22	0	1	original_hum_ascii_original	original_hum_s_to_ṡ	93	203	110
original_hum	s_to_ṡ	14	final_prompt_token_minus_5	25125	0.10812551528215408	0.0	-0.10812551528215408	0.10812551528215408	31		1	0	original_hum_ascii_original	original_hum_s_to_ṡ	93	203	110
original_hum	s_to_ṡ	14	final_prompt_token_minus_5	25790	0.0	0.14111514389514923	0.14111514389514923	0.14111514389514923		34	0	1	original_hum_ascii_original	original_hum_s_to_ṡ	93	203	110
original_hum	s_to_ṡ	14	final_prompt_token_minus_5	26322	0.0	0.16073280572891235	0.16073280572891235	0.16073280572891235		26	0	1	original_hum_ascii_original	original_hum_s_to_ṡ	93	203	110
original_hum	s_to_ṡ	14	final_prompt_token_minus_5	26945	0.11726683378219604	0.0	-0.11726683378219604	0.11726683378219604	26		1	0	original_hum_ascii_original	original_hum_s_to_ṡ	93	203	110
original_hum	s_to_ṡ	14	final_prompt_token_minus_5	27023	0.4281465411186218	0.0	-0.4281465411186218	0.4281465411186218	4		1	0	original_hum_ascii_original	original_hum_s_to_ṡ	93	203	110
original_hum	s_to_ṡ	14	final_prompt_token_minus_5	27516	0.0	0.129973903298378	0.129973903298378	0.129973903298378		41	0	1	original_hum_ascii_original	original_hum_s_to_ṡ	93	203	110
original_hum	s_to_ṡ	14	final_prompt_token_minus_5	28006	0.0	0.21640372276306152	0.21640372276306152	0.21640372276306152		14	0	1	original_hum_ascii_original	original_hum_s_to_ṡ	93	203	110
original_hum	s_to_ṡ	14	final_prompt_token_minus_5	28149	0.10150748491287231	0.0	-0.10150748491287231	0.10150748491287231	37		1	0	original_hum_ascii_original	original_hum_s_to_ṡ	93	203	110
original_hum	s_to_ṡ	14	final_prompt_token_minus_5	28785	0.0	0.12231972068548203	0.12231972068548203	0.12231972068548203		46	0	1	original_hum_ascii_original	original_hum_s_to_ṡ	93	203	110
original_hum	s_to_ṡ	14	final_prompt_token_minus_5	28904	0.0	0.12220114469528198	0.12220114469528198	0.12220114469528198		47	0	1	original_hum_ascii_original	original_hum_s_to_ṡ	93	203	110
original_hum	s_to_ṡ	14	final_prompt_token_minus_5	29041	0.0	0.20581325888633728	0.20581325888633728	0.20581325888633728		17	0	1	original_hum_ascii_original	original_hum_s_to_ṡ	93	203	110
original_hum	s_to_ṡ	14	final_prompt_token_minus_5	29828	0.0	0.12444709986448288	0.12444709986448288	0.12444709986448288		44	0	1	original_hum_ascii_original	original_hum_s_to_ṡ	93	203	110
original_hum	s_to_ṡ	14	final_prompt_token_minus_5	29868	0.13392025232315063	0.0	-0.13392025232315063	0.13392025232315063	20		1	0	original_hum_ascii_original	original_hum_s_to_ṡ	93	203	110
original_hum	s_to_ṡ	14	final_prompt_token_minus_5	30275	0.0	0.3707997798919678	0.3707997798919678	0.3707997798919678		5	0	1	original_hum_ascii_original	original_hum_s_to_ṡ	93	203	110
original_hum	s_to_ṡ	14	final_prompt_token_minus_5	30950	0.11847710609436035	0.0	-0.11847710609436035	0.11847710609436035	25		1	0	original_hum_ascii_original	original_hum_s_to_ṡ	93	203	110
original_hum	s_to_ṡ	14	final_prompt_token_minus_5	31267	0.0927112028002739	0.0	-0.0927112028002739	0.0927112028002739	44		1	0	original_hum_ascii_original	original_hum_s_to_ṡ	93	203	110
original_hum	s_to_ṡ	14	final_prompt_token_minus_5	31558	0.0915255919098854	0.0	-0.0915255919098854	0.0915255919098854	46		1	0	original_hum_ascii_original	original_hum_s_to_ṡ	93	203	110
original_hum	s_to_ṡ	14	final_prompt_token_minus_5	31733	0.10594604909420013	0.0	-0.10594604909420013	0.10594604909420013	33		1	0	original_hum_ascii_original	original_hum_s_to_ṡ	93	203	110
original_hum	s_to_ṡ	14	final_prompt_token_minus_5	32183	0.0	0.1496017724275589	0.1496017724275589	0.1496017724275589		30	0	1	original_hum_ascii_original	original_hum_s_to_ṡ	93	203	110
original_hum	s_to_ṡ	14	final_prompt_token_minus_5	32562	0.0	0.16311562061309814	0.16311562061309814	0.16311562061309814		25	0	1	original_hum_ascii_original	original_hum_s_to_ṡ	93	203	110
original_hum	s_to_ṡ	14	final_prompt_token_minus_5	32569	0.0	0.25422048568725586	0.25422048568725586	0.25422048568725586		12	0	1	original_hum_ascii_original	original_hum_s_to_ṡ	93	203	110
original_hum	s_to_ṡ	14	final_prompt_token_minus_5	32654	0.0	0.154385507106781	0.154385507106781	0.154385507106781		28	0	1	original_hum_ascii_original	original_hum_s_to_ṡ	93	203	110
original_hum	s_to_ṡ	14	final_prompt_token_minus_10	389	0.22831714153289795	0.0	-0.22831714153289795	0.22831714153289795	12		1	0	original_hum_ascii_original	original_hum_s_to_ṡ	93	203	110
original_hum	s_to_ṡ	14	final_prompt_token_minus_10	438	0.12640373408794403	0.0	-0.12640373408794403	0.12640373408794403	48		1	0	original_hum_ascii_original	original_hum_s_to_ṡ	93	203	110
original_hum	s_to_ṡ	14	final_prompt_token_minus_10	872	0.14789557456970215	0.0	-0.14789557456970215	0.14789557456970215	32		1	0	original_hum_ascii_original	original_hum_s_to_ṡ	93	203	110
original_hum	s_to_ṡ	14	final_prompt_token_minus_10	1127	0.0	0.33139485120773315	0.33139485120773315	0.33139485120773315		2	0	1	original_hum_ascii_original	original_hum_s_to_ṡ	93	203	110
original_hum	s_to_ṡ	14	final_prompt_token_minus_10	2124	0.0	0.0969841256737709	0.0969841256737709	0.0969841256737709		41	0	1	original_hum_ascii_original	original_hum_s_to_ṡ	93	203	110
original_hum	s_to_ṡ	14	final_prompt_token_minus_10	2328	0.24085605144500732	0.0	-0.24085605144500732	0.24085605144500732	11		1	0	original_hum_ascii_original	original_hum_s_to_ṡ	93	203	110
original_hum	s_to_ṡ	14	final_prompt_token_minus_10	2961	0.29128599166870117	0.7632293701171875	0.47194337844848633	0.47194337844848633	7	1	1	1	original_hum_ascii_original	original_hum_s_to_ṡ	93	203	110
original_hum	s_to_ṡ	14	final_prompt_token_minus_10	2992	0.0	0.155045747756958	0.155045747756958	0.155045747756958		16	0	1	original_hum_ascii_original	original_hum_s_to_ṡ	93	203	110
original_hum	s_to_ṡ	14	final_prompt_token_minus_10	3994	0.29292353987693787	0.0	-0.29292353987693787	0.29292353987693787	6		1	0	original_hum_ascii_original	original_hum_s_to_ṡ	93	203	110
original_hum	s_to_ṡ	14	final_prompt_token_minus_10	4170	0.0	0.1942732334136963	0.1942732334136963	0.1942732334136963		8	0	1	original_hum_ascii_original	original_hum_s_to_ṡ	93	203	110
original_hum	s_to_ṡ	14	final_prompt_token_minus_10	4301	0.0	0.09530094265937805	0.09530094265937805	0.09530094265937805		43	0	1	original_hum_ascii_original	original_hum_s_to_ṡ	93	203	110
original_hum	s_to_ṡ	14	final_prompt_token_minus_10	4620	0.0	0.14465263485908508	0.14465263485908508	0.14465263485908508		19	0	1	original_hum_ascii_original	original_hum_s_to_ṡ	93	203	110
original_hum	s_to_ṡ	14	final_prompt_token_minus_10	4718	0.13467371463775635	0.0	-0.13467371463775635	0.13467371463775635	40		1	0	original_hum_ascii_original	original_hum_s_to_ṡ	93	203	110
original_hum	s_to_ṡ	14	final_prompt_token_minus_10	4742	0.0	0.20075848698616028	0.20075848698616028	0.20075848698616028		6	0	1	original_hum_ascii_original	original_hum_s_to_ṡ	93	203	110
original_hum	s_to_ṡ	14	final_prompt_token_minus_10	5903	0.19853372871875763	0.0	-0.19853372871875763	0.19853372871875763	15		1	0	original_hum_ascii_original	original_hum_s_to_ṡ	93	203	110
original_hum	s_to_ṡ	14	final_prompt_token_minus_10	6192	0.1287318468093872	0.0	-0.1287318468093872	0.1287318468093872	47		1	0	original_hum_ascii_original	original_hum_s_to_ṡ	93	203	110
original_hum	s_to_ṡ	14	final_prompt_token_minus_10	6429	0.0	0.15966373682022095	0.15966373682022095	0.15966373682022095		14	0	1	original_hum_ascii_original	original_hum_s_to_ṡ	93	203	110
original_hum	s_to_ṡ	14	final_prompt_token_minus_10	6557	0.19661995768547058	0.0	-0.19661995768547058	0.19661995768547058	17		1	0	original_hum_ascii_original	original_hum_s_to_ṡ	93	203	110
original_hum	s_to_ṡ	14	final_prompt_token_minus_10	6622	0.0	0.13692191243171692	0.13692191243171692	0.13692191243171692		24	0	1	original_hum_ascii_original	original_hum_s_to_ṡ	93	203	110
original_hum	s_to_ṡ	14	final_prompt_token_minus_10	6642	0.2821335792541504	0.0	-0.2821335792541504	0.2821335792541504	8		1	0	original_hum_ascii_original	original_hum_s_to_ṡ	93	203	110
original_hum	s_to_ṡ	14	final_prompt_token_minus_10	6681	0.0	0.14538028836250305	0.14538028836250305	0.14538028836250305		18	0	1	original_hum_ascii_original	original_hum_s_to_ṡ	93	203	110
original_hum	s_to_ṡ	14	final_prompt_token_minus_10	7427	0.13666051626205444	0.0	-0.13666051626205444	0.13666051626205444	39		1	0	original_hum_ascii_original	original_hum_s_to_ṡ	93	203	110
original_hum	s_to_ṡ	14	final_prompt_token_minus_10	7584	0.0	0.13737405836582184	0.13737405836582184	0.13737405836582184		23	0	1	original_hum_ascii_original	original_hum_s_to_ṡ	93	203	110
original_hum	s_to_ṡ	14	final_prompt_token_minus_10	7845	0.19415977597236633	0.0	-0.19415977597236633	0.19415977597236633	18		1	0	original_hum_ascii_original	original_hum_s_to_ṡ	93	203	110
original_hum	s_to_ṡ	14	final_prompt_token_minus_10	8756	0.0	0.1400226503610611	0.1400226503610611	0.1400226503610611		22	0	1	original_hum_ascii_original	original_hum_s_to_ṡ	93	203	110
original_hum	s_to_ṡ	14	final_prompt_token_minus_10	9170	0.0	0.13360553979873657	0.13360553979873657	0.13360553979873657		25	0	1	original_hum_ascii_original	original_hum_s_to_ṡ	93	203	110
original_hum	s_to_ṡ	14	final_prompt_token_minus_10	9867	0.1296529769897461	0.0	-0.1296529769897461	0.1296529769897461	46		1	0	original_hum_ascii_original	original_hum_s_to_ṡ	93	203	110
original_hum	s_to_ṡ	14	final_prompt_token_minus_10	9914	0.1473228633403778	0.0	-0.1473228633403778	0.1473228633403778	33		1	0	original_hum_ascii_original	original_hum_s_to_ṡ	93	203	110
original_hum	s_to_ṡ	14	final_prompt_token_minus_10	10221	0.13865381479263306	0.0	-0.13865381479263306	0.13865381479263306	36		1	0	original_hum_ascii_original	original_hum_s_to_ṡ	93	203	110
original_hum	s_to_ṡ	14	final_prompt_token_minus_10	10677	0.15325823426246643	0.0	-0.15325823426246643	0.15325823426246643	29		1	0	original_hum_ascii_original	original_hum_s_to_ṡ	93	203	110
original_hum	s_to_ṡ	14	final_prompt_token_minus_10	10845	0.26700595021247864	0.0	-0.26700595021247864	0.26700595021247864	10		1	0	original_hum_ascii_original	original_hum_s_to_ṡ	93	203	110
original_hum	s_to_ṡ	14	final_prompt_token_minus_10	10976	0.18629325926303864	0.0	-0.18629325926303864	0.18629325926303864	19		1	0	original_hum_ascii_original	original_hum_s_to_ṡ	93	203	110
original_hum	s_to_ṡ	14	final_prompt_token_minus_10	11466	0.14874418079853058	0.0	-0.14874418079853058	0.14874418079853058	31		1	0	original_hum_ascii_original	original_hum_s_to_ṡ	93	203	110
original_hum	s_to_ṡ	14	final_prompt_token_minus_10	11596	0.0	0.10582931339740753	0.10582931339740753	0.10582931339740753		32	0	1	original_hum_ascii_original	original_hum_s_to_ṡ	93	203	110
original_hum	s_to_ṡ	14	final_prompt_token_minus_10	11627	0.0	0.13164421916007996	0.13164421916007996	0.13164421916007996		26	0	1	original_hum_ascii_original	original_hum_s_to_ṡ	93	203	110
original_hum	s_to_ṡ	14	final_prompt_token_minus_10	11646	0.13824020326137543	0.0	-0.13824020326137543	0.13824020326137543	37		1	0	original_hum_ascii_original	original_hum_s_to_ṡ	93	203	110
original_hum	s_to_ṡ	14	final_prompt_token_minus_10	11914	0.29545357823371887	0.0	-0.29545357823371887	0.29545357823371887	5		1	0	original_hum_ascii_original	original_hum_s_to_ṡ	93	203	110
original_hum	s_to_ṡ	14	final_prompt_token_minus_10	11991	0.0	0.18222421407699585	0.18222421407699585	0.18222421407699585		9	0	1	original_hum_ascii_original	original_hum_s_to_ṡ	93	203	110
original_hum	s_to_ṡ	14	final_prompt_token_minus_10	12569	0.0	0.17103523015975952	0.17103523015975952	0.17103523015975952		12	0	1	original_hum_ascii_original	original_hum_s_to_ṡ	93	203	110
original_hum	s_to_ṡ	14	final_prompt_token_minus_10	12817	0.0	0.1281483769416809	0.1281483769416809	0.1281483769416809		27	0	1	original_hum_ascii_original	original_hum_s_to_ṡ	93	203	110
original_hum	s_to_ṡ	14	final_prompt_token_minus_10	13119	0.22814424335956573	0.0	-0.22814424335956573	0.22814424335956573	13		1	0	original_hum_ascii_original	original_hum_s_to_ṡ	93	203	110
original_hum	s_to_ṡ	14	final_prompt_token_minus_10	13404	0.0	0.09758235514163971	0.09758235514163971	0.09758235514163971		40	0	1	original_hum_ascii_original	original_hum_s_to_ṡ	93	203	110
original_hum	s_to_ṡ	14	final_prompt_token_minus_10	13454	0.1422826200723648	0.0	-0.1422826200723648	0.1422826200723648	35		1	0	original_hum_ascii_original	original_hum_s_to_ṡ	93	203	110
original_hum	s_to_ṡ	14	final_prompt_token_minus_10	13571	0.0	0.15914945304393768	0.15914945304393768	0.15914945304393768		15	0	1	original_hum_ascii_original	original_hum_s_to_ṡ	93	203	110
original_hum	s_to_ṡ	14	final_prompt_token_minus_10	14360	0.17904530465602875	0.0	-0.17904530465602875	0.17904530465602875	22		1	0	original_hum_ascii_original	original_hum_s_to_ṡ	93	203	110
original_hum	s_to_ṡ	14	final_prompt_token_minus_10	14507	0.14582833647727966	0.0	-0.14582833647727966	0.14582833647727966	34		1	0	original_hum_ascii_original	original_hum_s_to_ṡ	93	203	110
original_hum	s_to_ṡ	14	final_prompt_token_minus_10	15555	0.0	0.09498831629753113	0.09498831629753113	0.09498831629753113		45	0	1	original_hum_ascii_original	original_hum_s_to_ṡ	93	203	110
original_hum	s_to_ṡ	14	final_prompt_token_minus_10	16239	0.0	0.09815187752246857	0.09815187752246857	0.09815187752246857		39	0	1	original_hum_ascii_original	original_hum_s_to_ṡ	93	203	110
original_hum	s_to_ṡ	14	final_prompt_token_minus_10	16436	0.12284058332443237	0.0	-0.12284058332443237	0.12284058332443237	50		1	0	original_hum_ascii_original	original_hum_s_to_ṡ	93	203	110
original_hum	s_to_ṡ	14	final_prompt_token_minus_10	16495	0.0	0.17769938707351685	0.17769938707351685	0.17769938707351685		10	0	1	original_hum_ascii_original	original_hum_s_to_ṡ	93	203	110
original_hum	s_to_ṡ	14	final_prompt_token_minus_10	16799	0.0	0.09946849197149277	0.09946849197149277	0.09946849197149277		38	0	1	original_hum_ascii_original	original_hum_s_to_ṡ	93	203	110
original_hum	s_to_ṡ	14	final_prompt_token_minus_10	16973	0.12634897232055664	0.0	-0.12634897232055664	0.12634897232055664	49		1	0	original_hum_ascii_original	original_hum_s_to_ṡ	93	203	110
original_hum	s_to_ṡ	14	final_prompt_token_minus_10	17072	0.13056580722332	0.0	-0.13056580722332	0.13056580722332	45		1	0	original_hum_ascii_original	original_hum_s_to_ṡ	93	203	110
original_hum	s_to_ṡ	14	final_prompt_token_minus_10	17310	0.0	0.10081768780946732	0.10081768780946732	0.10081768780946732		37	0	1	original_hum_ascii_original	original_hum_s_to_ṡ	93	203	110
original_hum	s_to_ṡ	14	final_prompt_token_minus_10	17816	0.15343055129051208	0.0	-0.15343055129051208	0.15343055129051208	28		1	0	original_hum_ascii_original	original_hum_s_to_ṡ	93	203	110
original_hum	s_to_ṡ	14	final_prompt_token_minus_10	18079	0.1681946963071823	0.0	-0.1681946963071823	0.1681946963071823	23		1	0	original_hum_ascii_original	original_hum_s_to_ṡ	93	203	110
original_hum	s_to_ṡ	14	final_prompt_token_minus_10	19625	0.0	0.15356086194515228	0.15356086194515228	0.15356086194515228		17	0	1	original_hum_ascii_original	original_hum_s_to_ṡ	93	203	110
original_hum	s_to_ṡ	14	final_prompt_token_minus_10	19988	0.30489277839660645	0.0	-0.30489277839660645	0.30489277839660645	4		1	0	original_hum_ascii_original	original_hum_s_to_ṡ	93	203	110
original_hum	s_to_ṡ	14	final_prompt_token_minus_10	20345	0.1641150414943695	0.0	-0.1641150414943695	0.1641150414943695	24		1	0	original_hum_ascii_original	original_hum_s_to_ṡ	93	203	110
original_hum	s_to_ṡ	14	final_prompt_token_minus_10	20394	0.0	0.1047024205327034	0.1047024205327034	0.1047024205327034		33	0	1	original_hum_ascii_original	original_hum_s_to_ṡ	93	203	110
original_hum	s_to_ṡ	14	final_prompt_token_minus_10	20402	0.1313169151544571	0.14155684411525726	0.010239928960800171	0.010239928960800171	41	21	1	1	original_hum_ascii_original	original_hum_s_to_ṡ	93	203	110
original_hum	s_to_ṡ	14	final_prompt_token_minus_10	20529	0.17968140542507172	0.0	-0.17968140542507172	0.17968140542507172	21		1	0	original_hum_ascii_original	original_hum_s_to_ṡ	93	203	110
original_hum	s_to_ṡ	14	final_prompt_token_minus_10	20557	0.28096428513526917	0.09525515139102936	-0.1857091337442398	0.1857091337442398	9	44	1	1	original_hum_ascii_original	original_hum_s_to_ṡ	93	203	110
original_hum	s_to_ṡ	14	final_prompt_token_minus_10	21039	0.0	0.127618670463562	0.127618670463562	0.127618670463562		28	0	1	original_hum_ascii_original	original_hum_s_to_ṡ	93	203	110
original_hum	s_to_ṡ	14	final_prompt_token_minus_10	21486	0.13101494312286377	0.0	-0.13101494312286377	0.13101494312286377	44		1	0	original_hum_ascii_original	original_hum_s_to_ṡ	93	203	110
original_hum	s_to_ṡ	14	final_prompt_token_minus_10	21685	0.0	0.2219085395336151	0.2219085395336151	0.2219085395336151		5	0	1	original_hum_ascii_original	original_hum_s_to_ṡ	93	203	110
original_hum	s_to_ṡ	14	final_prompt_token_minus_10	21821	0.1489848643541336	0.0	-0.1489848643541336	0.1489848643541336	30		1	0	original_hum_ascii_original	original_hum_s_to_ṡ	93	203	110
original_hum	s_to_ṡ	14	final_prompt_token_minus_10	22087	0.0	0.1727171540260315	0.1727171540260315	0.1727171540260315		11	0	1	original_hum_ascii_original	original_hum_s_to_ṡ	93	203	110
original_hum	s_to_ṡ	14	final_prompt_token_minus_10	22234	0.19749358296394348	0.0	-0.19749358296394348	0.19749358296394348	16		1	0	original_hum_ascii_original	original_hum_s_to_ṡ	93	203	110
original_hum	s_to_ṡ	14	final_prompt_token_minus_10	22854	0.0	0.2644200921058655	0.2644200921058655	0.2644200921058655		4	0	1	original_hum_ascii_original	original_hum_s_to_ṡ	93	203	110
original_hum	s_to_ṡ	14	final_prompt_token_minus_10	22870	0.13787509500980377	0.0	-0.13787509500980377	0.13787509500980377	38		1	0	original_hum_ascii_original	original_hum_s_to_ṡ	93	203	110
original_hum	s_to_ṡ	14	final_prompt_token_minus_10	22945	0.13124960660934448	0.0	-0.13124960660934448	0.13124960660934448	42		1	0	original_hum_ascii_original	original_hum_s_to_ṡ	93	203	110
original_hum	s_to_ṡ	14	final_prompt_token_minus_10	23065	0.0	0.14323565363883972	0.14323565363883972	0.14323565363883972		20	0	1	original_hum_ascii_original	original_hum_s_to_ṡ	93	203	110
original_hum	s_to_ṡ	14	final_prompt_token_minus_10	23320	0.0	0.11058035492897034	0.11058035492897034	0.11058035492897034		30	0	1	original_hum_ascii_original	original_hum_s_to_ṡ	93	203	110
original_hum	s_to_ṡ	14	final_prompt_token_minus_10	23493	0.1580626517534256	0.0	-0.1580626517534256	0.1580626517534256	27		1	0	original_hum_ascii_original	original_hum_s_to_ṡ	93	203	110
original_hum	s_to_ṡ	14	final_prompt_token_minus_10	24049	0.0	0.11907419562339783	0.11907419562339783	0.11907419562339783		29	0	1	original_hum_ascii_original	original_hum_s_to_ṡ	93	203	110
original_hum	s_to_ṡ	14	final_prompt_token_minus_10	24296	0.3665282130241394	0.0	-0.3665282130241394	0.3665282130241394	3		1	0	original_hum_ascii_original	original_hum_s_to_ṡ	93	203	110
original_hum	s_to_ṡ	14	final_prompt_token_minus_10	24448	0.0	0.09610278904438019	0.09610278904438019	0.09610278904438019		42	0	1	original_hum_ascii_original	original_hum_s_to_ṡ	93	203	110
original_hum	s_to_ṡ	14	final_prompt_token_minus_10	25151	0.0	0.10376457870006561	0.10376457870006561	0.10376457870006561		34	0	1	original_hum_ascii_original	original_hum_s_to_ṡ	93	203	110
original_hum	s_to_ṡ	14	final_prompt_token_minus_10	25587	0.0	0.2001785784959793	0.2001785784959793	0.2001785784959793		7	0	1	original_hum_ascii_original	original_hum_s_to_ṡ	93	203	110
original_hum	s_to_ṡ	14	final_prompt_token_minus_10	26049	0.18129445612430573	0.10117354989051819	-0.08012090623378754	0.08012090623378754	20	36	1	1	original_hum_ascii_original	original_hum_s_to_ṡ	93	203	110
original_hum	s_to_ṡ	14	final_prompt_token_minus_10	26974	0.0	0.09269306063652039	0.09269306063652039	0.09269306063652039		48	0	1	original_hum_ascii_original	original_hum_s_to_ṡ	93	203	110
original_hum	s_to_ṡ	14	final_prompt_token_minus_10	27057	0.21331223845481873	0.0	-0.21331223845481873	0.21331223845481873	14		1	0	original_hum_ascii_original	original_hum_s_to_ṡ	93	203	110
original_hum	s_to_ṡ	14	final_prompt_token_minus_10	27392	0.0	0.11003308743238449	0.11003308743238449	0.11003308743238449		31	0	1	original_hum_ascii_original	original_hum_s_to_ṡ	93	203	110
original_hum	s_to_ṡ	14	final_prompt_token_minus_10	27523	0.0	0.09110023081302643	0.09110023081302643	0.09110023081302643		50	0	1	original_hum_ascii_original	original_hum_s_to_ṡ	93	203	110
original_hum	s_to_ṡ	14	final_prompt_token_minus_10	27661	0.16031919419765472	0.0	-0.16031919419765472	0.16031919419765472	25		1	0	original_hum_ascii_original	original_hum_s_to_ṡ	93	203	110
original_hum	s_to_ṡ	14	final_prompt_token_minus_10	27709	0.0	0.0937938392162323	0.0937938392162323	0.0937938392162323		47	0	1	original_hum_ascii_original	original_hum_s_to_ṡ	93	203	110
original_hum	s_to_ṡ	14	final_prompt_token_minus_10	28627	0.1588219702243805	0.0	-0.1588219702243805	0.1588219702243805	26		1	0	original_hum_ascii_original	original_hum_s_to_ṡ	93	203	110
original_hum	s_to_ṡ	14	final_prompt_token_minus_10	29791	0.13114282488822937	0.0	-0.13114282488822937	0.13114282488822937	43		1	0	original_hum_ascii_original	original_hum_s_to_ṡ	93	203	110
original_hum	s_to_ṡ	14	final_prompt_token_minus_10	30807	0.0	0.09447075426578522	0.09447075426578522	0.09447075426578522		46	0	1	original_hum_ascii_original	original_hum_s_to_ṡ	93	203	110
original_hum	s_to_ṡ	14	final_prompt_token_minus_10	31706	0.38800662755966187	0.0	-0.38800662755966187	0.38800662755966187	2		1	0	original_hum_ascii_original	original_hum_s_to_ṡ	93	203	110
original_hum	s_to_ṡ	14	final_prompt_token_minus_10	31733	0.4693179726600647	0.15968723595142365	-0.30963073670864105	0.30963073670864105	1	13	1	1	original_hum_ascii_original	original_hum_s_to_ṡ	93	203	110
original_hum	s_to_ṡ	14	final_prompt_token_minus_10	32054	0.0	0.10260568559169769	0.10260568559169769	0.10260568559169769		35	0	1	original_hum_ascii_original	original_hum_s_to_ṡ	93	203	110
original_hum	s_to_ṡ	14	final_prompt_token_minus_10	32183	0.0	0.09135592728853226	0.09135592728853226	0.09135592728853226		49	0	1	original_hum_ascii_original	original_hum_s_to_ṡ	93	203	110
original_hum	s_to_ṡ	14	final_prompt_token_minus_10	32427	0.0	0.278708815574646	0.278708815574646	0.278708815574646		3	0	1	original_hum_ascii_original	original_hum_s_to_ṡ	93	203	110
original_hum	all_diacritics	26	final_prompt_token	599	0.26421117782592773	0.0	-0.26421117782592773	0.26421117782592773	14		1	0	original_hum_ascii_original	original_hum_all_diacritics	93	350	257
original_hum	all_diacritics	26	final_prompt_token	704	0.0	0.16521871089935303	0.16521871089935303	0.16521871089935303		46	0	1	original_hum_ascii_original	original_hum_all_diacritics	93	350	257
original_hum	all_diacritics	26	final_prompt_token	799	0.0	0.36303597688674927	0.36303597688674927	0.36303597688674927		5	0	1	original_hum_ascii_original	original_hum_all_diacritics	93	350	257
original_hum	all_diacritics	26	final_prompt_token	1626	0.42868274450302124	0.1786130666732788	-0.25006967782974243	0.25006967782974243	4	37	1	1	original_hum_ascii_original	original_hum_all_diacritics	93	350	257
original_hum	all_diacritics	26	final_prompt_token	2722	0.18328024446964264	0.0	-0.18328024446964264	0.18328024446964264	35		1	0	original_hum_ascii_original	original_hum_all_diacritics	93	350	257
original_hum	all_diacritics	26	final_prompt_token	2848	0.0	0.2780117988586426	0.2780117988586426	0.2780117988586426		11	0	1	original_hum_ascii_original	original_hum_all_diacritics	93	350	257
original_hum	all_diacritics	26	final_prompt_token	2938	1.5165886878967285	1.6772806644439697	0.1606919765472412	0.1606919765472412	1	1	1	1	original_hum_ascii_original	original_hum_all_diacritics	93	350	257
original_hum	all_diacritics	26	final_prompt_token	3241	0.39762821793556213	0.34644120931625366	-0.05118700861930847	0.05118700861930847	6	7	1	1	original_hum_ascii_original	original_hum_all_diacritics	93	350	257
original_hum	all_diacritics	26	final_prompt_token	3271	0.1778457760810852	0.3336975574493408	0.15585178136825562	0.15585178136825562	39	8	1	1	original_hum_ascii_original	original_hum_all_diacritics	93	350	257
original_hum	all_diacritics	26	final_prompt_token	3920	0.0	0.19823876023292542	0.19823876023292542	0.19823876023292542		31	0	1	original_hum_ascii_original	original_hum_all_diacritics	93	350	257
original_hum	all_diacritics	26	final_prompt_token	4795	0.15955334901809692	0.0	-0.15955334901809692	0.15955334901809692	46		1	0	original_hum_ascii_original	original_hum_all_diacritics	93	350	257
original_hum	all_diacritics	26	final_prompt_token	5257	0.24086657166481018	0.1902497410774231	-0.050616830587387085	0.050616830587387085	19	33	1	1	original_hum_ascii_original	original_hum_all_diacritics	93	350	257
original_hum	all_diacritics	26	final_prompt_token	5417	0.0	0.26177921891212463	0.26177921891212463	0.26177921891212463		13	0	1	original_hum_ascii_original	original_hum_all_diacritics	93	350	257
original_hum	all_diacritics	26	final_prompt_token	6021	0.2518101930618286	0.2479875087738037	-0.0038226842880249023	0.0038226842880249023	16	18	1	1	original_hum_ascii_original	original_hum_all_diacritics	93	350	257
original_hum	all_diacritics	26	final_prompt_token	6193	0.0	0.22333446145057678	0.22333446145057678	0.22333446145057678		22	0	1	original_hum_ascii_original	original_hum_all_diacritics	93	350	257
original_hum	all_diacritics	26	final_prompt_token	6194	0.3265438377857208	0.3154187500476837	-0.01112508773803711	0.01112508773803711	11	9	1	1	original_hum_ascii_original	original_hum_all_diacritics	93	350	257
original_hum	all_diacritics	26	final_prompt_token	6429	0.28714343905448914	0.21033117175102234	-0.0768122673034668	0.0768122673034668	12	26	1	1	original_hum_ascii_original	original_hum_all_diacritics	93	350	257
original_hum	all_diacritics	26	final_prompt_token	6593	0.17148388922214508	0.0	-0.17148388922214508	0.17148388922214508	44		1	0	original_hum_ascii_original	original_hum_all_diacritics	93	350	257
original_hum	all_diacritics	26	final_prompt_token	7108	0.17276988923549652	0.0	-0.17276988923549652	0.17276988923549652	43		1	0	original_hum_ascii_original	original_hum_all_diacritics	93	350	257
original_hum	all_diacritics	26	final_prompt_token	7163	0.18945331871509552	0.0	-0.18945331871509552	0.18945331871509552	31		1	0	original_hum_ascii_original	original_hum_all_diacritics	93	350	257
original_hum	all_diacritics	26	final_prompt_token	7982	0.22221095860004425	0.25491705536842346	0.03270609676837921	0.03270609676837921	23	15	1	1	original_hum_ascii_original	original_hum_all_diacritics	93	350	257
original_hum	all_diacritics	26	final_prompt_token	8216	0.17607000470161438	0.16128602623939514	-0.014783978462219238	0.014783978462219238	40	48	1	1	original_hum_ascii_original	original_hum_all_diacritics	93	350	257
original_hum	all_diacritics	26	final_prompt_token	8418	0.17841987311840057	0.0	-0.17841987311840057	0.17841987311840057	38		1	0	original_hum_ascii_original	original_hum_all_diacritics	93	350	257
original_hum	all_diacritics	26	final_prompt_token	8882	0.17877648770809174	0.28827542066574097	0.10949893295764923	0.10949893295764923	37	10	1	1	original_hum_ascii_original	original_hum_all_diacritics	93	350	257
original_hum	all_diacritics	26	final_prompt_token	9745	0.1738123893737793	0.0	-0.1738123893737793	0.1738123893737793	41		1	0	original_hum_ascii_original	original_hum_all_diacritics	93	350	257
original_hum	all_diacritics	26	final_prompt_token	10146	0.0	0.25064679980278015	0.25064679980278015	0.25064679980278015		16	0	1	original_hum_ascii_original	original_hum_all_diacritics	93	350	257
original_hum	all_diacritics	26	final_prompt_token	10963	0.0	0.16804681718349457	0.16804681718349457	0.16804681718349457		43	0	1	original_hum_ascii_original	original_hum_all_diacritics	93	350	257
original_hum	all_diacritics	26	final_prompt_token	11256	0.3714236319065094	0.23499274253845215	-0.13643088936805725	0.13643088936805725	8	20	1	1	original_hum_ascii_original	original_hum_all_diacritics	93	350	257
original_hum	all_diacritics	26	final_prompt_token	11456	0.17288172245025635	0.0	-0.17288172245025635	0.17288172245025635	42		1	0	original_hum_ascii_original	original_hum_all_diacritics	93	350	257
original_hum	all_diacritics	26	final_prompt_token	12034	0.0	0.26140451431274414	0.26140451431274414	0.26140451431274414		14	0	1	original_hum_ascii_original	original_hum_all_diacritics	93	350	257
original_hum	all_diacritics	26	final_prompt_token	12320	0.21982868015766144	0.0	-0.21982868015766144	0.21982868015766144	24		1	0	original_hum_ascii_original	original_hum_all_diacritics	93	350	257
original_hum	all_diacritics	26	final_prompt_token	13061	0.20255284011363983	0.0	-0.20255284011363983	0.20255284011363983	27		1	0	original_hum_ascii_original	original_hum_all_diacritics	93	350	257
original_hum	all_diacritics	26	final_prompt_token	13916	0.20334245264530182	0.0	-0.20334245264530182	0.20334245264530182	26		1	0	original_hum_ascii_original	original_hum_all_diacritics	93	350	257
original_hum	all_diacritics	26	final_prompt_token	13935	0.33480870723724365	0.2682179808616638	-0.06659072637557983	0.06659072637557983	9	12	1	1	original_hum_ascii_original	original_hum_all_diacritics	93	350	257
original_hum	all_diacritics	26	final_prompt_token	14614	0.18283355236053467	0.1670549213886261	-0.01577863097190857	0.01577863097190857	36	44	1	1	original_hum_ascii_original	original_hum_all_diacritics	93	350	257
original_hum	all_diacritics	26	final_prompt_token	14727	0.0	0.16561438143253326	0.16561438143253326	0.16561438143253326		45	0	1	original_hum_ascii_original	original_hum_all_diacritics	93	350	257
original_hum	all_diacritics	26	final_prompt_token	14955	0.0	0.21581125259399414	0.21581125259399414	0.21581125259399414		24	0	1	original_hum_ascii_original	original_hum_all_diacritics	93	350	257
original_hum	all_diacritics	26	final_prompt_token	15076	0.18733566999435425	0.0	-0.18733566999435425	0.18733566999435425	33		1	0	original_hum_ascii_original	original_hum_all_diacritics	93	350	257
original_hum	all_diacritics	26	final_prompt_token	15160	0.0	0.20982733368873596	0.20982733368873596	0.20982733368873596		27	0	1	original_hum_ascii_original	original_hum_all_diacritics	93	350	257
original_hum	all_diacritics	26	final_prompt_token	15560	0.18576200306415558	0.0	-0.18576200306415558	0.18576200306415558	34		1	0	original_hum_ascii_original	original_hum_all_diacritics	93	350	257
original_hum	all_diacritics	26	final_prompt_token	15954	0.33095675706863403	0.0	-0.33095675706863403	0.33095675706863403	10		1	0	original_hum_ascii_original	original_hum_all_diacritics	93	350	257
original_hum	all_diacritics	26	final_prompt_token	16439	0.0	0.22005268931388855	0.22005268931388855	0.22005268931388855		23	0	1	original_hum_ascii_original	original_hum_all_diacritics	93	350	257
original_hum	all_diacritics	26	final_prompt_token	16475	0.0	0.18583954870700836	0.18583954870700836	0.18583954870700836		35	0	1	original_hum_ascii_original	original_hum_all_diacritics	93	350	257
original_hum	all_diacritics	26	final_prompt_token	16793	0.0	0.15845897793769836	0.15845897793769836	0.15845897793769836		50	0	1	original_hum_ascii_original	original_hum_all_diacritics	93	350	257
original_hum	all_diacritics	26	final_prompt_token	17394	0.2099277377128601	0.35151946544647217	0.14159172773361206	0.14159172773361206	25	6	1	1	original_hum_ascii_original	original_hum_all_diacritics	93	350	257
original_hum	all_diacritics	26	final_prompt_token	17869	0.19256216287612915	0.0	-0.19256216287612915	0.19256216287612915	29		1	0	original_hum_ascii_original	original_hum_all_diacritics	93	350	257
original_hum	all_diacritics	26	final_prompt_token	18009	0.0	0.19315817952156067	0.19315817952156067	0.19315817952156067		32	0	1	original_hum_ascii_original	original_hum_all_diacritics	93	350	257
original_hum	all_diacritics	26	final_prompt_token	18198	0.2619461417198181	0.0	-0.2619461417198181	0.2619461417198181	15		1	0	original_hum_ascii_original	original_hum_all_diacritics	93	350	257
original_hum	all_diacritics	26	final_prompt_token	18805	0.0	0.16109974682331085	0.16109974682331085	0.16109974682331085		49	0	1	original_hum_ascii_original	original_hum_all_diacritics	93	350	257
original_hum	all_diacritics	26	final_prompt_token	18937	0.6793770790100098	0.6526415348052979	-0.026735544204711914	0.026735544204711914	3	2	1	1	original_hum_ascii_original	original_hum_all_diacritics	93	350	257
original_hum	all_diacritics	26	final_prompt_token	19335	0.1567714810371399	0.0	-0.1567714810371399	0.1567714810371399	49		1	0	original_hum_ascii_original	original_hum_all_diacritics	93	350	257
original_hum	all_diacritics	26	final_prompt_token	19389	0.3767392933368683	0.0	-0.3767392933368683	0.3767392933368683	7		1	0	original_hum_ascii_original	original_hum_all_diacritics	93	350	257
original_hum	all_diacritics	26	final_prompt_token	21181	0.16554288566112518	0.0	-0.16554288566112518	0.16554288566112518	45		1	0	original_hum_ascii_original	original_hum_all_diacritics	93	350	257
original_hum	all_diacritics	26	final_prompt_token	21763	0.0	0.20420332252979279	0.20420332252979279	0.20420332252979279		30	0	1	original_hum_ascii_original	original_hum_all_diacritics	93	350	257
original_hum	all_diacritics	26	final_prompt_token	22429	0.0	0.20778079330921173	0.20778079330921173	0.20778079330921173		28	0	1	original_hum_ascii_original	original_hum_all_diacritics	93	350	257
original_hum	all_diacritics	26	final_prompt_token	22503	0.0	0.24814236164093018	0.24814236164093018	0.24814236164093018		17	0	1	original_hum_ascii_original	original_hum_all_diacritics	93	350	257
original_hum	all_diacritics	26	final_prompt_token	23977	0.1921742558479309	0.17172518372535706	-0.020449072122573853	0.020449072122573853	30	41	1	1	original_hum_ascii_original	original_hum_all_diacritics	93	350	257
original_hum	all_diacritics	26	final_prompt_token	25001	0.2486875057220459	0.2058495581150055	-0.042837947607040405	0.042837947607040405	17	29	1	1	original_hum_ascii_original	original_hum_all_diacritics	93	350	257
original_hum	all_diacritics	26	final_prompt_token	25325	0.0	0.16810911893844604	0.16810911893844604	0.16810911893844604		42	0	1	original_hum_ascii_original	original_hum_all_diacritics	93	350	257
original_hum	all_diacritics	26	final_prompt_token	25377	0.0	0.1745292842388153	0.1745292842388153	0.1745292842388153		39	0	1	original_hum_ascii_original	original_hum_all_diacritics	93	350	257
original_hum	all_diacritics	26	final_prompt_token	25575	0.24138617515563965	0.1737256944179535	-0.06766048073768616	0.06766048073768616	18	40	1	1	original_hum_ascii_original	original_hum_all_diacritics	93	350	257
original_hum	all_diacritics	26	final_prompt_token	26363	0.15943516790866852	0.0	-0.15943516790866852	0.15943516790866852	47		1	0	original_hum_ascii_original	original_hum_all_diacritics	93	350	257
original_hum	all_diacritics	26	final_prompt_token	26684	0.22939588129520416	0.37388402223587036	0.1444881409406662	0.1444881409406662	20	4	1	1	original_hum_ascii_original	original_hum_all_diacritics	93	350	257
original_hum	all_diacritics	26	final_prompt_token	27342	0.22260019183158875	0.0	-0.22260019183158875	0.22260019183158875	22		1	0	original_hum_ascii_original	original_hum_all_diacritics	93	350	257
original_hum	all_diacritics	26	final_prompt_token	27872	0.15484745800495148	0.21391846239566803	0.05907100439071655	0.05907100439071655	50	25	1	1	original_hum_ascii_original	original_hum_all_diacritics	93	350	257
original_hum	all_diacritics	26	final_prompt_token	28713	0.6876921057701111	0.5622580647468567	-0.1254340410232544	0.1254340410232544	2	3	1	1	original_hum_ascii_original	original_hum_all_diacritics	93	350	257
original_hum	all_diacritics	26	final_prompt_token	29524	0.267924427986145	0.2288835495710373	-0.03904087841510773	0.03904087841510773	13	21	1	1	original_hum_ascii_original	original_hum_all_diacritics	93	350	257
original_hum	all_diacritics	26	final_prompt_token	29611	0.0	0.16446226835250854	0.16446226835250854	0.16446226835250854		47	0	1	original_hum_ascii_original	original_hum_all_diacritics	93	350	257
original_hum	all_diacritics	26	final_prompt_token	30033	0.18751904368400574	0.0	-0.18751904368400574	0.18751904368400574	32		1	0	original_hum_ascii_original	original_hum_all_diacritics	93	350	257
original_hum	all_diacritics	26	final_prompt_token	30183	0.0	0.17497679591178894	0.17497679591178894	0.17497679591178894		38	0	1	original_hum_ascii_original	original_hum_all_diacritics	93	350	257
original_hum	all_diacritics	26	final_prompt_token	30453	0.19626596570014954	0.18740350008010864	-0.008862465620040894	0.008862465620040894	28	34	1	1	original_hum_ascii_original	original_hum_all_diacritics	93	350	257
original_hum	all_diacritics	26	final_prompt_token	31836	0.0	0.18474476039409637	0.18474476039409637	0.18474476039409637		36	0	1	original_hum_ascii_original	original_hum_all_diacritics	93	350	257
original_hum	all_diacritics	26	final_prompt_token	31908	0.4130459427833557	0.0	-0.4130459427833557	0.4130459427833557	5		1	0	original_hum_ascii_original	original_hum_all_diacritics	93	350	257
original_hum	all_diacritics	26	final_prompt_token	32454	0.1574060618877411	0.0	-0.1574060618877411	0.1574060618877411	48		1	0	original_hum_ascii_original	original_hum_all_diacritics	93	350	257
original_hum	all_diacritics	26	final_prompt_token	32698	0.2284238040447235	0.2397632896900177	0.01133948564529419	0.01133948564529419	21	19	1	1	original_hum_ascii_original	original_hum_all_diacritics	93	350	257
original_hum	all_diacritics	26	final_prompt_token_minus_1	704	0.2613154947757721	0.0	-0.2613154947757721	0.2613154947757721	14		1	0	original_hum_ascii_original	original_hum_all_diacritics	93	350	257
original_hum	all_diacritics	26	final_prompt_token_minus_1	799	2.0849788188934326	1.5659172534942627	-0.5190615653991699	0.5190615653991699	1	2	1	1	original_hum_ascii_original	original_hum_all_diacritics	93	350	257
original_hum	all_diacritics	26	final_prompt_token_minus_1	1659	0.16034561395645142	0.0	-0.16034561395645142	0.16034561395645142	45		1	0	original_hum_ascii_original	original_hum_all_diacritics	93	350	257
original_hum	all_diacritics	26	final_prompt_token_minus_1	1953	0.0	0.37353038787841797	0.37353038787841797	0.37353038787841797		6	0	1	original_hum_ascii_original	original_hum_all_diacritics	93	350	257
original_hum	all_diacritics	26	final_prompt_token_minus_1	2938	1.0453124046325684	2.028040885925293	0.9827284812927246	0.9827284812927246	2	1	1	1	original_hum_ascii_original	original_hum_all_diacritics	93	350	257
original_hum	all_diacritics	26	final_prompt_token_minus_1	3436	0.0	0.17190073430538177	0.17190073430538177	0.17190073430538177		35	0	1	original_hum_ascii_original	original_hum_all_diacritics	93	350	257
original_hum	all_diacritics	26	final_prompt_token_minus_1	3805	0.0	0.26114463806152344	0.26114463806152344	0.26114463806152344		14	0	1	original_hum_ascii_original	original_hum_all_diacritics	93	350	257
original_hum	all_diacritics	26	final_prompt_token_minus_1	3920	0.0	0.3278270661830902	0.3278270661830902	0.3278270661830902		9	0	1	original_hum_ascii_original	original_hum_all_diacritics	93	350	257
original_hum	all_diacritics	26	final_prompt_token_minus_1	4710	0.0	0.2172529697418213	0.2172529697418213	0.2172529697418213		22	0	1	original_hum_ascii_original	original_hum_all_diacritics	93	350	257
original_hum	all_diacritics	26	final_prompt_token_minus_1	4844	0.16514423489570618	0.0	-0.16514423489570618	0.16514423489570618	43		1	0	original_hum_ascii_original	original_hum_all_diacritics	93	350	257
original_hum	all_diacritics	26	final_prompt_token_minus_1	5257	0.22263261675834656	0.32343000173568726	0.1007973849773407	0.1007973849773407	25	11	1	1	original_hum_ascii_original	original_hum_all_diacritics	93	350	257
original_hum	all_diacritics	26	final_prompt_token_minus_1	5931	0.0	0.15598201751708984	0.15598201751708984	0.15598201751708984		47	0	1	original_hum_ascii_original	original_hum_all_diacritics	93	350	257
original_hum	all_diacritics	26	final_prompt_token_minus_1	5995	0.0	0.23695148527622223	0.23695148527622223	0.23695148527622223		19	0	1	original_hum_ascii_original	original_hum_all_diacritics	93	350	257
original_hum	all_diacritics	26	final_prompt_token_minus_1	6593	0.1902092844247818	0.0	-0.1902092844247818	0.1902092844247818	32		1	0	original_hum_ascii_original	original_hum_all_diacritics	93	350	257
original_hum	all_diacritics	26	final_prompt_token_minus_1	7164	0.0	0.3370995819568634	0.3370995819568634	0.3370995819568634		8	0	1	original_hum_ascii_original	original_hum_all_diacritics	93	350	257
original_hum	all_diacritics	26	final_prompt_token_minus_1	7506	0.17481431365013123	0.0	-0.17481431365013123	0.17481431365013123	36		1	0	original_hum_ascii_original	original_hum_all_diacritics	93	350	257
original_hum	all_diacritics	26	final_prompt_token_minus_1	7982	0.26551687717437744	0.2224859893321991	-0.043030887842178345	0.043030887842178345	13	21	1	1	original_hum_ascii_original	original_hum_all_diacritics	93	350	257
original_hum	all_diacritics	26	final_prompt_token_minus_1	8216	0.22875705361366272	0.0	-0.22875705361366272	0.22875705361366272	23		1	0	original_hum_ascii_original	original_hum_all_diacritics	93	350	257
original_hum	all_diacritics	26	final_prompt_token_minus_1	8882	0.23224426805973053	0.0	-0.23224426805973053	0.23224426805973053	20		1	0	original_hum_ascii_original	original_hum_all_diacritics	93	350	257
original_hum	all_diacritics	26	final_prompt_token_minus_1	8891	0.21474391222000122	0.0	-0.21474391222000122	0.21474391222000122	27		1	0	original_hum_ascii_original	original_hum_all_diacritics	93	350	257
original_hum	all_diacritics	26	final_prompt_token_minus_1	8894	0.0	0.16010130941867828	0.16010130941867828	0.16010130941867828		42	0	1	original_hum_ascii_original	original_hum_all_diacritics	93	350	257
original_hum	all_diacritics	26	final_prompt_token_minus_1	9241	0.24169208109378815	0.38619160652160645	0.1444995254278183	0.1444995254278183	17	5	1	1	original_hum_ascii_original	original_hum_all_diacritics	93	350	257
original_hum	all_diacritics	26	final_prompt_token_minus_1	9990	0.23132158815860748	0.0	-0.23132158815860748	0.23132158815860748	22		1	0	original_hum_ascii_original	original_hum_all_diacritics	93	350	257
original_hum	all_diacritics	26	final_prompt_token_minus_1	10146	0.0	0.2614750862121582	0.2614750862121582	0.2614750862121582		13	0	1	original_hum_ascii_original	original_hum_all_diacritics	93	350	257
original_hum	all_diacritics	26	final_prompt_token_minus_1	10265	0.1704370677471161	0.15792426466941833	-0.012512803077697754	0.012512803077697754	41	44	1	1	original_hum_ascii_original	original_hum_all_diacritics	93	350	257
original_hum	all_diacritics	26	final_prompt_token_minus_1	10688	0.0	0.18471740186214447	0.18471740186214447	0.18471740186214447		28	0	1	original_hum_ascii_original	original_hum_all_diacritics	93	350	257
original_hum	all_diacritics	26	final_prompt_token_minus_1	10709	0.19084370136260986	0.0	-0.19084370136260986	0.19084370136260986	31		1	0	original_hum_ascii_original	original_hum_all_diacritics	93	350	257
original_hum	all_diacritics	26	final_prompt_token_minus_1	10764	0.15153810381889343	0.0	-0.15153810381889343	0.15153810381889343	50		1	0	original_hum_ascii_original	original_hum_all_diacritics	93	350	257
original_hum	all_diacritics	26	final_prompt_token_minus_1	11256	0.3408229649066925	0.1740001142024994	-0.16682285070419312	0.16682285070419312	5	34	1	1	original_hum_ascii_original	original_hum_all_diacritics	93	350	257
original_hum	all_diacritics	26	final_prompt_token_minus_1	12034	0.0	0.5456775426864624	0.5456775426864624	0.5456775426864624		3	0	1	original_hum_ascii_original	original_hum_all_diacritics	93	350	257
original_hum	all_diacritics	26	final_prompt_token_minus_1	13359	0.0	0.1580502986907959	0.1580502986907959	0.1580502986907959		43	0	1	original_hum_ascii_original	original_hum_all_diacritics	93	350	257
original_hum	all_diacritics	26	final_prompt_token_minus_1	13608	0.0	0.1814626008272171	0.1814626008272171	0.1814626008272171		29	0	1	original_hum_ascii_original	original_hum_all_diacritics	93	350	257
original_hum	all_diacritics	26	final_prompt_token_minus_1	13916	0.1931859254837036	0.17161612212657928	-0.02156980335712433	0.02156980335712433	30	36	1	1	original_hum_ascii_original	original_hum_all_diacritics	93	350	257
original_hum	all_diacritics	26	final_prompt_token_minus_1	14553	0.0	0.1533103734254837	0.1533103734254837	0.1533103734254837		50	0	1	original_hum_ascii_original	original_hum_all_diacritics	93	350	257
original_hum	all_diacritics	26	final_prompt_token_minus_1	14836	0.0	0.4469677805900574	0.4469677805900574	0.4469677805900574		4	0	1	original_hum_ascii_original	original_hum_all_diacritics	93	350	257
original_hum	all_diacritics	26	final_prompt_token_minus_1	14870	0.0	0.21306635439395905	0.21306635439395905	0.21306635439395905		24	0	1	original_hum_ascii_original	original_hum_all_diacritics	93	350	257
original_hum	all_diacritics	26	final_prompt_token_minus_1	15076	0.20724529027938843	0.0	-0.20724529027938843	0.20724529027938843	28		1	0	original_hum_ascii_original	original_hum_all_diacritics	93	350	257
original_hum	all_diacritics	26	final_prompt_token_minus_1	15160	0.0	0.204424649477005	0.204424649477005	0.204424649477005		25	0	1	original_hum_ascii_original	original_hum_all_diacritics	93	350	257
original_hum	all_diacritics	26	final_prompt_token_minus_1	16041	0.1622762382030487	0.0	-0.1622762382030487	0.1622762382030487	44		1	0	original_hum_ascii_original	original_hum_all_diacritics	93	350	257
original_hum	all_diacritics	26	final_prompt_token_minus_1	16439	0.30100175738334656	0.25123360753059387	-0.049768149852752686	0.049768149852752686	9	17	1	1	original_hum_ascii_original	original_hum_all_diacritics	93	350	257
original_hum	all_diacritics	26	final_prompt_token_minus_1	16475	0.22713349759578705	0.3268354535102844	0.09970195591449738	0.09970195591449738	24	10	1	1	original_hum_ascii_original	original_hum_all_diacritics	93	350	257
original_hum	all_diacritics	26	final_prompt_token_minus_1	16706	0.598991870880127	0.25174248218536377	-0.3472493886947632	0.3472493886947632	3	16	1	1	original_hum_ascii_original	original_hum_all_diacritics	93	350	257
original_hum	all_diacritics	26	final_prompt_token_minus_1	16793	0.15720468759536743	0.0	-0.15720468759536743	0.15720468759536743	46		1	0	original_hum_ascii_original	original_hum_all_diacritics	93	350	257
original_hum	all_diacritics	26	final_prompt_token_minus_1	17164	0.1829492151737213	0.2591980993747711	0.0762488842010498	0.0762488842010498	34	15	1	1	original_hum_ascii_original	original_hum_all_diacritics	93	350	257
original_hum	all_diacritics	26	final_prompt_token_minus_1	17869	0.1889125108718872	0.0	-0.1889125108718872	0.1889125108718872	33		1	0	original_hum_ascii_original	original_hum_all_diacritics	93	350	257
original_hum	all_diacritics	26	final_prompt_token_minus_1	18372	0.0	0.16825652122497559	0.16825652122497559	0.16825652122497559		39	0	1	original_hum_ascii_original	original_hum_all_diacritics	93	350	257
original_hum	all_diacritics	26	final_prompt_token_minus_1	18977	0.17101836204528809	0.0	-0.17101836204528809	0.17101836204528809	40		1	0	original_hum_ascii_original	original_hum_all_diacritics	93	350	257
original_hum	all_diacritics	26	final_prompt_token_minus_1	19333	0.0	0.17987746000289917	0.17987746000289917	0.17987746000289917		31	0	1	original_hum_ascii_original	original_hum_all_diacritics	93	350	257
original_hum	all_diacritics	26	final_prompt_token_minus_1	19389	0.3204427659511566	0.0	-0.3204427659511566	0.3204427659511566	7		1	0	original_hum_ascii_original	original_hum_all_diacritics	93	350	257
original_hum	all_diacritics	26	final_prompt_token_minus_1	19602	0.0	0.18588781356811523	0.18588781356811523	0.18588781356811523		27	0	1	original_hum_ascii_original	original_hum_all_diacritics	93	350	257
original_hum	all_diacritics	26	final_prompt_token_minus_1	19850	0.28381407260894775	0.0	-0.28381407260894775	0.28381407260894775	12		1	0	original_hum_ascii_original	original_hum_all_diacritics	93	350	257
original_hum	all_diacritics	26	final_prompt_token_minus_1	20031	0.2509620487689972	0.17105582356452942	-0.07990622520446777	0.07990622520446777	16	37	1	1	original_hum_ascii_original	original_hum_all_diacritics	93	350	257
original_hum	all_diacritics	26	final_prompt_token_minus_1	20973	0.0	0.15368734300136566	0.15368734300136566	0.15368734300136566		49	0	1	original_hum_ascii_original	original_hum_all_diacritics	93	350	257
original_hum	all_diacritics	26	final_prompt_token_minus_1	21377	0.0	0.15612822771072388	0.15612822771072388	0.15612822771072388		45	0	1	original_hum_ascii_original	original_hum_all_diacritics	93	350	257
original_hum	all_diacritics	26	final_prompt_token_minus_1	21478	0.0	0.21359145641326904	0.21359145641326904	0.21359145641326904		23	0	1	original_hum_ascii_original	original_hum_all_diacritics	93	350	257
original_hum	all_diacritics	26	final_prompt_token_minus_1	22025	0.0	0.1807224154472351	0.1807224154472351	0.1807224154472351		30	0	1	original_hum_ascii_original	original_hum_all_diacritics	93	350	257
original_hum	all_diacritics	26	final_prompt_token_minus_1	22129	0.0	0.3000410199165344	0.3000410199165344	0.3000410199165344		12	0	1	original_hum_ascii_original	original_hum_all_diacritics	93	350	257
original_hum	all_diacritics	26	final_prompt_token_minus_1	22353	0.23205679655075073	0.0	-0.23205679655075073	0.23205679655075073	21		1	0	original_hum_ascii_original	original_hum_all_diacritics	93	350	257
original_hum	all_diacritics	26	final_prompt_token_minus_1	22513	0.0	0.19002754986286163	0.19002754986286163	0.19002754986286163		26	0	1	original_hum_ascii_original	original_hum_all_diacritics	93	350	257
original_hum	all_diacritics	26	final_prompt_token_minus_1	22922	0.17136210203170776	0.0	-0.17136210203170776	0.17136210203170776	39		1	0	original_hum_ascii_original	original_hum_all_diacritics	93	350	257
original_hum	all_diacritics	26	final_prompt_token_minus_1	23071	0.23368534445762634	0.0	-0.23368534445762634	0.23368534445762634	19		1	0	original_hum_ascii_original	original_hum_all_diacritics	93	350	257
original_hum	all_diacritics	26	final_prompt_token_minus_1	23662	0.0	0.16895157098770142	0.16895157098770142	0.16895157098770142		38	0	1	original_hum_ascii_original	original_hum_all_diacritics	93	350	257
original_hum	all_diacritics	26	final_prompt_token_minus_1	23673	0.0	0.1671924740076065	0.1671924740076065	0.1671924740076065		40	0	1	original_hum_ascii_original	original_hum_all_diacritics	93	350	257
original_hum	all_diacritics	26	final_prompt_token_minus_1	23714	0.0	0.1560184359550476	0.1560184359550476	0.1560184359550476		46	0	1	original_hum_ascii_original	original_hum_all_diacritics	93	350	257
original_hum	all_diacritics	26	final_prompt_token_minus_1	24636	0.0	0.24541756510734558	0.24541756510734558	0.24541756510734558		18	0	1	original_hum_ascii_original	original_hum_all_diacritics	93	350	257
original_hum	all_diacritics	26	final_prompt_token_minus_1	24977	0.0	0.1617402881383896	0.1617402881383896	0.1617402881383896		41	0	1	original_hum_ascii_original	original_hum_all_diacritics	93	350	257
original_hum	all_diacritics	26	final_prompt_token_minus_1	25001	0.29920151829719543	0.0	-0.29920151829719543	0.29920151829719543	10		1	0	original_hum_ascii_original	original_hum_all_diacritics	93	350	257
original_hum	all_diacritics	26	final_prompt_token_minus_1	25429	0.0	0.17691685259342194	0.17691685259342194	0.17691685259342194		33	0	1	original_hum_ascii_original	original_hum_all_diacritics	93	350	257
original_hum	all_diacritics	26	final_prompt_token_minus_1	26262	0.16707271337509155	0.0	-0.16707271337509155	0.16707271337509155	42		1	0	original_hum_ascii_original	original_hum_all_diacritics	93	350	257
original_hum	all_diacritics	26	final_prompt_token_minus_1	26598	0.23765140771865845	0.0	-0.23765140771865845	0.23765140771865845	18		1	0	original_hum_ascii_original	original_hum_all_diacritics	93	350	257
original_hum	all_diacritics	26	final_prompt_token_minus_1	26684	0.3267297148704529	0.2289048284292221	-0.09782488644123077	0.09782488644123077	6	20	1	1	original_hum_ascii_original	original_hum_all_diacritics	93	350	257
original_hum	all_diacritics	26	final_prompt_token_minus_1	27263	0.15293630957603455	0.0	-0.15293630957603455	0.15293630957603455	48		1	0	original_hum_ascii_original	original_hum_all_diacritics	93	350	257
original_hum	all_diacritics	26	final_prompt_token_minus_1	27342	0.49847736954689026	0.34478697180747986	-0.1536903977394104	0.1536903977394104	4	7	1	1	original_hum_ascii_original	original_hum_all_diacritics	93	350	257
original_hum	all_diacritics	26	final_prompt_token_minus_1	27461	0.1745932400226593	0.0	-0.1745932400226593	0.1745932400226593	37		1	0	original_hum_ascii_original	original_hum_all_diacritics	93	350	257
original_hum	all_diacritics	26	final_prompt_token_minus_1	27994	0.0	0.15460288524627686	0.15460288524627686	0.15460288524627686		48	0	1	original_hum_ascii_original	original_hum_all_diacritics	93	350	257
original_hum	all_diacritics	26	final_prompt_token_minus_1	29065	0.26044073700904846	0.17948654294013977	-0.08095419406890869	0.08095419406890869	15	32	1	1	original_hum_ascii_original	original_hum_all_diacritics	93	350	257
original_hum	all_diacritics	26	final_prompt_token_minus_1	29171	0.2880919575691223	0.0	-0.2880919575691223	0.2880919575691223	11		1	0	original_hum_ascii_original	original_hum_all_diacritics	93	350	257
original_hum	all_diacritics	26	final_prompt_token_minus_1	29472	0.21717436611652374	0.0	-0.21717436611652374	0.21717436611652374	26		1	0	original_hum_ascii_original	original_hum_all_diacritics	93	350	257
original_hum	all_diacritics	26	final_prompt_token_minus_1	31420	0.1995328962802887	0.0	-0.1995328962802887	0.1995328962802887	29		1	0	original_hum_ascii_original	original_hum_all_diacritics	93	350	257
original_hum	all_diacritics	26	final_prompt_token_minus_1	31489	0.15497832000255585	0.0	-0.15497832000255585	0.15497832000255585	47		1	0	original_hum_ascii_original	original_hum_all_diacritics	93	350	257
original_hum	all_diacritics	26	final_prompt_token_minus_1	31784	0.17284302413463593	0.0	-0.17284302413463593	0.17284302413463593	38		1	0	original_hum_ascii_original	original_hum_all_diacritics	93	350	257
original_hum	all_diacritics	26	final_prompt_token_minus_1	31836	0.18255946040153503	0.0	-0.18255946040153503	0.18255946040153503	35		1	0	original_hum_ascii_original	original_hum_all_diacritics	93	350	257
original_hum	all_diacritics	26	final_prompt_token_minus_1	32448	0.15181764960289001	0.0	-0.15181764960289001	0.15181764960289001	49		1	0	original_hum_ascii_original	original_hum_all_diacritics	93	350	257
original_hum	all_diacritics	26	final_prompt_token_minus_1	32454	0.30890461802482605	0.0	-0.30890461802482605	0.30890461802482605	8		1	0	original_hum_ascii_original	original_hum_all_diacritics	93	350	257
original_hum	all_diacritics	26	final_prompt_token_minus_5	234	0.15021774172782898	0.0	-0.15021774172782898	0.15021774172782898	49		1	0	original_hum_ascii_original	original_hum_all_diacritics	93	350	257
original_hum	all_diacritics	26	final_prompt_token_minus_5	380	0.17311793565750122	0.0	-0.17311793565750122	0.17311793565750122	33		1	0	original_hum_ascii_original	original_hum_all_diacritics	93	350	257
original_hum	all_diacritics	26	final_prompt_token_minus_5	704	0.16919872164726257	0.0	-0.16919872164726257	0.16919872164726257	37		1	0	original_hum_ascii_original	original_hum_all_diacritics	93	350	257
original_hum	all_diacritics	26	final_prompt_token_minus_5	730	0.0	0.1712045967578888	0.1712045967578888	0.1712045967578888		38	0	1	original_hum_ascii_original	original_hum_all_diacritics	93	350	257
original_hum	all_diacritics	26	final_prompt_token_minus_5	1277	0.17406241595745087	0.0	-0.17406241595745087	0.17406241595745087	32		1	0	original_hum_ascii_original	original_hum_all_diacritics	93	350	257
original_hum	all_diacritics	26	final_prompt_token_minus_5	1319	0.0	0.29609251022338867	0.29609251022338867	0.29609251022338867		14	0	1	original_hum_ascii_original	original_hum_all_diacritics	93	350	257
original_hum	all_diacritics	26	final_prompt_token_minus_5	1740	0.0	0.15865519642829895	0.15865519642829895	0.15865519642829895		43	0	1	original_hum_ascii_original	original_hum_all_diacritics	93	350	257
original_hum	all_diacritics	26	final_prompt_token_minus_5	1953	0.0	0.515450656414032	0.515450656414032	0.515450656414032		4	0	1	original_hum_ascii_original	original_hum_all_diacritics	93	350	257
original_hum	all_diacritics	26	final_prompt_token_minus_5	1984	0.45683109760284424	0.0	-0.45683109760284424	0.45683109760284424	5		1	0	original_hum_ascii_original	original_hum_all_diacritics	93	350	257
original_hum	all_diacritics	26	final_prompt_token_minus_5	2547	0.17214435338974	0.0	-0.17214435338974	0.17214435338974	35		1	0	original_hum_ascii_original	original_hum_all_diacritics	93	350	257
original_hum	all_diacritics	26	final_prompt_token_minus_5	2786	0.1821536421775818	0.0	-0.1821536421775818	0.1821536421775818	29		1	0	original_hum_ascii_original	original_hum_all_diacritics	93	350	257
original_hum	all_diacritics	26	final_prompt_token_minus_5	2802	0.17630228400230408	0.0	-0.17630228400230408	0.17630228400230408	30		1	0	original_hum_ascii_original	original_hum_all_diacritics	93	350	257
original_hum	all_diacritics	26	final_prompt_token_minus_5	2938	0.8425180912017822	2.097797393798828	1.255279302597046	1.255279302597046	2	1	1	1	original_hum_ascii_original	original_hum_all_diacritics	93	350	257
original_hum	all_diacritics	26	final_prompt_token_minus_5	3271	0.22114868462085724	0.0	-0.22114868462085724	0.22114868462085724	19		1	0	original_hum_ascii_original	original_hum_all_diacritics	93	350	257
original_hum	all_diacritics	26	final_prompt_token_minus_5	4067	0.2697277069091797	0.0	-0.2697277069091797	0.2697277069091797	13		1	0	original_hum_ascii_original	original_hum_all_diacritics	93	350	257
original_hum	all_diacritics	26	final_prompt_token_minus_5	4456	0.0	0.32155749201774597	0.32155749201774597	0.32155749201774597		11	0	1	original_hum_ascii_original	original_hum_all_diacritics	93	350	257
original_hum	all_diacritics	26	final_prompt_token_minus_5	4514	1.3619940280914307	0.0	-1.3619940280914307	1.3619940280914307	1		1	0	original_hum_ascii_original	original_hum_all_diacritics	93	350	257
original_hum	all_diacritics	26	final_prompt_token_minus_5	5230	0.5138218998908997	0.0	-0.5138218998908997	0.5138218998908997	4		1	0	original_hum_ascii_original	original_hum_all_diacritics	93	350	257
original_hum	all_diacritics	26	final_prompt_token_minus_5	5257	0.0	0.22942021489143372	0.22942021489143372	0.22942021489143372		21	0	1	original_hum_ascii_original	original_hum_all_diacritics	93	350	257
original_hum	all_diacritics	26	final_prompt_token_minus_5	5412	0.3838328719139099	0.0	-0.3838328719139099	0.3838328719139099	8		1	0	original_hum_ascii_original	original_hum_all_diacritics	93	350	257
original_hum	all_diacritics	26	final_prompt_token_minus_5	5566	0.26797810196876526	0.0	-0.26797810196876526	0.26797810196876526	14		1	0	original_hum_ascii_original	original_hum_all_diacritics	93	350	257
original_hum	all_diacritics	26	final_prompt_token_minus_5	6429	0.0	0.15303638577461243	0.15303638577461243	0.15303638577461243		48	0	1	original_hum_ascii_original	original_hum_all_diacritics	93	350	257
original_hum	all_diacritics	26	final_prompt_token_minus_5	7159	0.16116683185100555	0.0	-0.16116683185100555	0.16116683185100555	41		1	0	original_hum_ascii_original	original_hum_all_diacritics	93	350	257
original_hum	all_diacritics	26	final_prompt_token_minus_5	7982	0.4084320068359375	0.0	-0.4084320068359375	0.4084320068359375	7		1	0	original_hum_ascii_original	original_hum_all_diacritics	93	350	257
original_hum	all_diacritics	26	final_prompt_token_minus_5	9122	0.0	0.2049173265695572	0.2049173265695572	0.2049173265695572		30	0	1	original_hum_ascii_original	original_hum_all_diacritics	93	350	257
original_hum	all_diacritics	26	final_prompt_token_minus_5	9243	0.0	0.18482665717601776	0.18482665717601776	0.18482665717601776		34	0	1	original_hum_ascii_original	original_hum_all_diacritics	93	350	257
original_hum	all_diacritics	26	final_prompt_token_minus_5	9784	0.17475195229053497	0.0	-0.17475195229053497	0.17475195229053497	31		1	0	original_hum_ascii_original	original_hum_all_diacritics	93	350	257
original_hum	all_diacritics	26	final_prompt_token_minus_5	9953	0.0	0.1517089307308197	0.1517089307308197	0.1517089307308197		49	0	1	original_hum_ascii_original	original_hum_all_diacritics	93	350	257
original_hum	all_diacritics	26	final_prompt_token_minus_5	10648	0.0	0.15526185929775238	0.15526185929775238	0.15526185929775238		45	0	1	original_hum_ascii_original	original_hum_all_diacritics	93	350	257
original_hum	all_diacritics	26	final_prompt_token_minus_5	11038	0.0	0.31420189142227173	0.31420189142227173	0.31420189142227173		12	0	1	original_hum_ascii_original	original_hum_all_diacritics	93	350	257
original_hum	all_diacritics	26	final_prompt_token_minus_5	11066	0.0	0.1873205155134201	0.1873205155134201	0.1873205155134201		33	0	1	original_hum_ascii_original	original_hum_all_diacritics	93	350	257
original_hum	all_diacritics	26	final_prompt_token_minus_5	11145	0.1727781593799591	0.0	-0.1727781593799591	0.1727781593799591	34		1	0	original_hum_ascii_original	original_hum_all_diacritics	93	350	257
original_hum	all_diacritics	26	final_prompt_token_minus_5	11331	0.1540197730064392	0.0	-0.1540197730064392	0.1540197730064392	46		1	0	original_hum_ascii_original	original_hum_all_diacritics	93	350	257
original_hum	all_diacritics	26	final_prompt_token_minus_5	11412	0.3010661005973816	0.0	-0.3010661005973816	0.3010661005973816	11		1	0	original_hum_ascii_original	original_hum_all_diacritics	93	350	257
original_hum	all_diacritics	26	final_prompt_token_minus_5	11445	0.0	0.21349558234214783	0.21349558234214783	0.21349558234214783		26	0	1	original_hum_ascii_original	original_hum_all_diacritics	93	350	257
original_hum	all_diacritics	26	final_prompt_token_minus_5	11456	0.17166537046432495	0.0	-0.17166537046432495	0.17166537046432495	36		1	0	original_hum_ascii_original	original_hum_all_diacritics	93	350	257
original_hum	all_diacritics	26	final_prompt_token_minus_5	11889	0.0	0.16646774113178253	0.16646774113178253	0.16646774113178253		39	0	1	original_hum_ascii_original	original_hum_all_diacritics	93	350	257
original_hum	all_diacritics	26	final_prompt_token_minus_5	12034	0.0	0.2544710636138916	0.2544710636138916	0.2544710636138916		17	0	1	original_hum_ascii_original	original_hum_all_diacritics	93	350	257
original_hum	all_diacritics	26	final_prompt_token_minus_5	12068	0.0	0.2082647979259491	0.2082647979259491	0.2082647979259491		29	0	1	original_hum_ascii_original	original_hum_all_diacritics	93	350	257
original_hum	all_diacritics	26	final_prompt_token_minus_5	12693	0.19581195712089539	0.0	-0.19581195712089539	0.19581195712089539	25		1	0	original_hum_ascii_original	original_hum_all_diacritics	93	350	257
original_hum	all_diacritics	26	final_prompt_token_minus_5	12709	0.18538178503513336	0.0	-0.18538178503513336	0.18538178503513336	27		1	0	original_hum_ascii_original	original_hum_all_diacritics	93	350	257
original_hum	all_diacritics	26	final_prompt_token_minus_5	12998	0.16676536202430725	0.0	-0.16676536202430725	0.16676536202430725	39		1	0	original_hum_ascii_original	original_hum_all_diacritics	93	350	257
original_hum	all_diacritics	26	final_prompt_token_minus_5	13599	0.24375773966312408	0.0	-0.24375773966312408	0.24375773966312408	17		1	0	original_hum_ascii_original	original_hum_all_diacritics	93	350	257
original_hum	all_diacritics	26	final_prompt_token_minus_5	14083	0.0	0.1595313847064972	0.1595313847064972	0.1595313847064972		42	0	1	original_hum_ascii_original	original_hum_all_diacritics	93	350	257
original_hum	all_diacritics	26	final_prompt_token_minus_5	14142	0.18797194957733154	0.0	-0.18797194957733154	0.18797194957733154	26		1	0	original_hum_ascii_original	original_hum_all_diacritics	93	350	257
original_hum	all_diacritics	26	final_prompt_token_minus_5	14667	0.19799308478832245	0.0	-0.19799308478832245	0.19799308478832245	23		1	0	original_hum_ascii_original	original_hum_all_diacritics	93	350	257
original_hum	all_diacritics	26	final_prompt_token_minus_5	14771	0.16651684045791626	0.0	-0.16651684045791626	0.16651684045791626	40		1	0	original_hum_ascii_original	original_hum_all_diacritics	93	350	257
original_hum	all_diacritics	26	final_prompt_token_minus_5	14949	0.1974395513534546	0.0	-0.1974395513534546	0.1974395513534546	24		1	0	original_hum_ascii_original	original_hum_all_diacritics	93	350	257
original_hum	all_diacritics	26	final_prompt_token_minus_5	15420	0.27171340584754944	0.0	-0.27171340584754944	0.27171340584754944	12		1	0	original_hum_ascii_original	original_hum_all_diacritics	93	350	257
original_hum	all_diacritics	26	final_prompt_token_minus_5	15517	0.0	0.16063077747821808	0.16063077747821808	0.16063077747821808		41	0	1	original_hum_ascii_original	original_hum_all_diacritics	93	350	257
original_hum	all_diacritics	26	final_prompt_token_minus_5	16041	0.2182314395904541	0.0	-0.2182314395904541	0.2182314395904541	20		1	0	original_hum_ascii_original	original_hum_all_diacritics	93	350	257
original_hum	all_diacritics	26	final_prompt_token_minus_5	16081	0.0	0.5765544772148132	0.5765544772148132	0.5765544772148132		3	0	1	original_hum_ascii_original	original_hum_all_diacritics	93	350	257
original_hum	all_diacritics	26	final_prompt_token_minus_5	16607	0.0	0.38775789737701416	0.38775789737701416	0.38775789737701416		9	0	1	original_hum_ascii_original	original_hum_all_diacritics	93	350	257
original_hum	all_diacritics	26	final_prompt_token_minus_5	17023	0.0	0.49219465255737305	0.49219465255737305	0.49219465255737305		5	0	1	original_hum_ascii_original	original_hum_all_diacritics	93	350	257
original_hum	all_diacritics	26	final_prompt_token_minus_5	17400	0.0	0.22916662693023682	0.22916662693023682	0.22916662693023682		22	0	1	original_hum_ascii_original	original_hum_all_diacritics	93	350	257
original_hum	all_diacritics	26	final_prompt_token_minus_5	18665	0.1512882560491562	0.0	-0.1512882560491562	0.1512882560491562	47		1	0	original_hum_ascii_original	original_hum_all_diacritics	93	350	257
original_hum	all_diacritics	26	final_prompt_token_minus_5	18870	0.0	0.15423128008842468	0.15423128008842468	0.15423128008842468		47	0	1	original_hum_ascii_original	original_hum_all_diacritics	93	350	257
original_hum	all_diacritics	26	final_prompt_token_minus_5	19389	0.2609201967716217	0.0	-0.2609201967716217	0.2609201967716217	15		1	0	original_hum_ascii_original	original_hum_all_diacritics	93	350	257
original_hum	all_diacritics	26	final_prompt_token_minus_5	19668	0.374565988779068	0.0	-0.374565988779068	0.374565988779068	9		1	0	original_hum_ascii_original	original_hum_all_diacritics	93	350	257
original_hum	all_diacritics	26	final_prompt_token_minus_5	19878	0.1497126817703247	0.0	-0.1497126817703247	0.1497126817703247	50		1	0	original_hum_ascii_original	original_hum_all_diacritics	93	350	257
original_hum	all_diacritics	26	final_prompt_token_minus_5	20825	0.0	0.1611366868019104	0.1611366868019104	0.1611366868019104		40	0	1	original_hum_ascii_original	original_hum_all_diacritics	93	350	257
original_hum	all_diacritics	26	final_prompt_token_minus_5	20909	0.0	0.21113526821136475	0.21113526821136475	0.21113526821136475		27	0	1	original_hum_ascii_original	original_hum_all_diacritics	93	350	257
original_hum	all_diacritics	26	final_prompt_token_minus_5	21244	0.0	0.29194605350494385	0.29194605350494385	0.29194605350494385		15	0	1	original_hum_ascii_original	original_hum_all_diacritics	93	350	257
original_hum	all_diacritics	26	final_prompt_token_minus_5	21494	0.0	0.22371354699134827	0.22371354699134827	0.22371354699134827		24	0	1	original_hum_ascii_original	original_hum_all_diacritics	93	350	257
original_hum	all_diacritics	26	final_prompt_token_minus_5	21517	0.0	0.20091907680034637	0.20091907680034637	0.20091907680034637		32	0	1	original_hum_ascii_original	original_hum_all_diacritics	93	350	257
original_hum	all_diacritics	26	final_prompt_token_minus_5	22822	0.0	0.2306147813796997	0.2306147813796997	0.2306147813796997		20	0	1	original_hum_ascii_original	original_hum_all_diacritics	93	350	257
original_hum	all_diacritics	26	final_prompt_token_minus_5	22985	0.0	0.23761478066444397	0.23761478066444397	0.23761478066444397		18	0	1	original_hum_ascii_original	original_hum_all_diacritics	93	350	257
original_hum	all_diacritics	26	final_prompt_token_minus_5	23071	0.1567426323890686	0.0	-0.1567426323890686	0.1567426323890686	43		1	0	original_hum_ascii_original	original_hum_all_diacritics	93	350	257
original_hum	all_diacritics	26	final_prompt_token_minus_5	23178	0.41616809368133545	0.0	-0.41616809368133545	0.41616809368133545	6		1	0	original_hum_ascii_original	original_hum_all_diacritics	93	350	257
original_hum	all_diacritics	26	final_prompt_token_minus_5	23952	0.7403864860534668	0.0	-0.7403864860534668	0.7403864860534668	3		1	0	original_hum_ascii_original	original_hum_all_diacritics	93	350	257
original_hum	all_diacritics	26	final_prompt_token_minus_5	24305	0.0	0.47537147998809814	0.47537147998809814	0.47537147998809814		6	0	1	original_hum_ascii_original	original_hum_all_diacritics	93	350	257
original_hum	all_diacritics	26	final_prompt_token_minus_5	24575	0.0	0.23746447265148163	0.23746447265148163	0.23746447265148163		19	0	1	original_hum_ascii_original	original_hum_all_diacritics	93	350	257
original_hum	all_diacritics	26	final_prompt_token_minus_5	24803	0.1504477560520172	0.0	-0.1504477560520172	0.1504477560520172	48		1	0	original_hum_ascii_original	original_hum_all_diacritics	93	350	257
original_hum	all_diacritics	26	final_prompt_token_minus_5	24825	0.0	0.1803504079580307	0.1803504079580307	0.1803504079580307		35	0	1	original_hum_ascii_original	original_hum_all_diacritics	93	350	257
original_hum	all_diacritics	26	final_prompt_token_minus_5	25141	0.0	0.4588356018066406	0.4588356018066406	0.4588356018066406		7	0	1	original_hum_ascii_original	original_hum_all_diacritics	93	350	257
original_hum	all_diacritics	26	final_prompt_token_minus_5	25228	0.1547814905643463	0.0	-0.1547814905643463	0.1547814905643463	45		1	0	original_hum_ascii_original	original_hum_all_diacritics	93	350	257
original_hum	all_diacritics	26	final_prompt_token_minus_5	25610	0.0	0.15741972625255585	0.15741972625255585	0.15741972625255585		44	0	1	original_hum_ascii_original	original_hum_all_diacritics	93	350	257
original_hum	all_diacritics	26	final_prompt_token_minus_5	26093	0.0	0.22702740132808685	0.22702740132808685	0.22702740132808685		23	0	1	original_hum_ascii_original	original_hum_all_diacritics	93	350	257
original_hum	all_diacritics	26	final_prompt_token_minus_5	26273	0.0	0.21683695912361145	0.21683695912361145	0.21683695912361145		25	0	1	original_hum_ascii_original	original_hum_all_diacritics	93	350	257
original_hum	all_diacritics	26	final_prompt_token_minus_5	27097	0.0	0.17717085778713226	0.17717085778713226	0.17717085778713226		36	0	1	original_hum_ascii_original	original_hum_all_diacritics	93	350	257
original_hum	all_diacritics	26	final_prompt_token_minus_5	27281	0.19916246831417084	0.0	-0.19916246831417084	0.19916246831417084	22		1	0	original_hum_ascii_original	original_hum_all_diacritics	93	350	257
original_hum	all_diacritics	26	final_prompt_token_minus_5	27295	0.0	0.154296875	0.154296875	0.154296875		46	0	1	original_hum_ascii_original	original_hum_all_diacritics	93	350	257
original_hum	all_diacritics	26	final_prompt_token_minus_5	27446	0.0	0.4092182517051697	0.4092182517051697	0.4092182517051697		8	0	1	original_hum_ascii_original	original_hum_all_diacritics	93	350	257
original_hum	all_diacritics	26	final_prompt_token_minus_5	28078	0.0	0.20113103091716766	0.20113103091716766	0.20113103091716766		31	0	1	original_hum_ascii_original	original_hum_all_diacritics	93	350	257
original_hum	all_diacritics	26	final_prompt_token_minus_5	28392	0.0	0.8010821342468262	0.8010821342468262	0.8010821342468262		2	0	1	original_hum_ascii_original	original_hum_all_diacritics	93	350	257
original_hum	all_diacritics	26	final_prompt_token_minus_5	28398	0.0	0.17477409541606903	0.17477409541606903	0.17477409541606903		37	0	1	original_hum_ascii_original	original_hum_all_diacritics	93	350	257
original_hum	all_diacritics	26	final_prompt_token_minus_5	28647	0.0	0.20948439836502075	0.20948439836502075	0.20948439836502075		28	0	1	original_hum_ascii_original	original_hum_all_diacritics	93	350	257
original_hum	all_diacritics	26	final_prompt_token_minus_5	29275	0.18314476311206818	0.0	-0.18314476311206818	0.18314476311206818	28		1	0	original_hum_ascii_original	original_hum_all_diacritics	93	350	257
original_hum	all_diacritics	26	final_prompt_token_minus_5	29711	0.0	0.3079031705856323	0.3079031705856323	0.3079031705856323		13	0	1	original_hum_ascii_original	original_hum_all_diacritics	93	350	257
original_hum	all_diacritics	26	final_prompt_token_minus_5	29937	0.0	0.150859534740448	0.150859534740448	0.150859534740448		50	0	1	original_hum_ascii_original	original_hum_all_diacritics	93	350	257
original_hum	all_diacritics	26	final_prompt_token_minus_5	30153	0.1580786108970642	0.0	-0.1580786108970642	0.1580786108970642	42		1	0	original_hum_ascii_original	original_hum_all_diacritics	93	350	257
original_hum	all_diacritics	26	final_prompt_token_minus_5	30798	0.0	0.2614629864692688	0.2614629864692688	0.2614629864692688		16	0	1	original_hum_ascii_original	original_hum_all_diacritics	93	350	257
original_hum	all_diacritics	26	final_prompt_token_minus_5	30911	0.3365362882614136	0.0	-0.3365362882614136	0.3365362882614136	10		1	0	original_hum_ascii_original	original_hum_all_diacritics	93	350	257
original_hum	all_diacritics	26	final_prompt_token_minus_5	31025	0.15671776235103607	0.0	-0.15671776235103607	0.15671776235103607	44		1	0	original_hum_ascii_original	original_hum_all_diacritics	93	350	257
original_hum	all_diacritics	26	final_prompt_token_minus_5	31206	0.25306740403175354	0.0	-0.25306740403175354	0.25306740403175354	16		1	0	original_hum_ascii_original	original_hum_all_diacritics	93	350	257
original_hum	all_diacritics	26	final_prompt_token_minus_5	31261	0.0	0.3871860206127167	0.3871860206127167	0.3871860206127167		10	0	1	original_hum_ascii_original	original_hum_all_diacritics	93	350	257
original_hum	all_diacritics	26	final_prompt_token_minus_5	31589	0.20227934420108795	0.0	-0.20227934420108795	0.20227934420108795	21		1	0	original_hum_ascii_original	original_hum_all_diacritics	93	350	257
original_hum	all_diacritics	26	final_prompt_token_minus_5	31632	0.22159573435783386	0.0	-0.22159573435783386	0.22159573435783386	18		1	0	original_hum_ascii_original	original_hum_all_diacritics	93	350	257
original_hum	all_diacritics	26	final_prompt_token_minus_5	31784	0.16785354912281036	0.0	-0.16785354912281036	0.16785354912281036	38		1	0	original_hum_ascii_original	original_hum_all_diacritics	93	350	257
original_hum	all_diacritics	26	final_prompt_token_minus_10	75	0.3511373996734619	0.0	-0.3511373996734619	0.3511373996734619	11		1	0	original_hum_ascii_original	original_hum_all_diacritics	93	350	257
original_hum	all_diacritics	26	final_prompt_token_minus_10	428	0.23780721426010132	0.0	-0.23780721426010132	0.23780721426010132	37		1	0	original_hum_ascii_original	original_hum_all_diacritics	93	350	257
original_hum	all_diacritics	26	final_prompt_token_minus_10	677	0.4729844331741333	0.0	-0.4729844331741333	0.4729844331741333	5		1	0	original_hum_ascii_original	original_hum_all_diacritics	93	350	257
original_hum	all_diacritics	26	final_prompt_token_minus_10	704	0.4263949990272522	0.0	-0.4263949990272522	0.4263949990272522	9		1	0	original_hum_ascii_original	original_hum_all_diacritics	93	350	257
original_hum	all_diacritics	26	final_prompt_token_minus_10	805	0.3022213578224182	0.0	-0.3022213578224182	0.3022213578224182	17		1	0	original_hum_ascii_original	original_hum_all_diacritics	93	350	257
original_hum	all_diacritics	26	final_prompt_token_minus_10	1205	0.21149316430091858	0.0	-0.21149316430091858	0.21149316430091858	46		1	0	original_hum_ascii_original	original_hum_all_diacritics	93	350	257
original_hum	all_diacritics	26	final_prompt_token_minus_10	1929	0.0	0.5048046112060547	0.5048046112060547	0.5048046112060547		7	0	1	original_hum_ascii_original	original_hum_all_diacritics	93	350	257
original_hum	all_diacritics	26	final_prompt_token_minus_10	1930	0.20506784319877625	0.0	-0.20506784319877625	0.20506784319877625	48		1	0	original_hum_ascii_original	original_hum_all_diacritics	93	350	257
original_hum	all_diacritics	26	final_prompt_token_minus_10	1953	0.0	0.5704473257064819	0.5704473257064819	0.5704473257064819		4	0	1	original_hum_ascii_original	original_hum_all_diacritics	93	350	257
original_hum	all_diacritics	26	final_prompt_token_minus_10	2074	0.0	0.30497950315475464	0.30497950315475464	0.30497950315475464		18	0	1	original_hum_ascii_original	original_hum_all_diacritics	93	350	257
original_hum	all_diacritics	26	final_prompt_token_minus_10	2228	0.31241273880004883	0.0	-0.31241273880004883	0.31241273880004883	16		1	0	original_hum_ascii_original	original_hum_all_diacritics	93	350	257
original_hum	all_diacritics	26	final_prompt_token_minus_10	2430	0.31360340118408203	0.0	-0.31360340118408203	0.31360340118408203	15		1	0	original_hum_ascii_original	original_hum_all_diacritics	93	350	257
original_hum	all_diacritics	26	final_prompt_token_minus_10	2567	0.20114853978157043	0.0	-0.20114853978157043	0.20114853978157043	49		1	0	original_hum_ascii_original	original_hum_all_diacritics	93	350	257
original_hum	all_diacritics	26	final_prompt_token_minus_10	2938	0.506166934967041	2.602651596069336	2.096484661102295	2.096484661102295	3	1	1	1	original_hum_ascii_original	original_hum_all_diacritics	93	350	257
original_hum	all_diacritics	26	final_prompt_token_minus_10	3214	0.0	0.1925961971282959	0.1925961971282959	0.1925961971282959		42	0	1	original_hum_ascii_original	original_hum_all_diacritics	93	350	257
original_hum	all_diacritics	26	final_prompt_token_minus_10	3313	0.25181522965431213	0.0	-0.25181522965431213	0.25181522965431213	31		1	0	original_hum_ascii_original	original_hum_all_diacritics	93	350	257
original_hum	all_diacritics	26	final_prompt_token_minus_10	4456	0.0	0.20714476704597473	0.20714476704597473	0.20714476704597473		36	0	1	original_hum_ascii_original	original_hum_all_diacritics	93	350	257
original_hum	all_diacritics	26	final_prompt_token_minus_10	4519	0.0	0.21965786814689636	0.21965786814689636	0.21965786814689636		33	0	1	original_hum_ascii_original	original_hum_all_diacritics	93	350	257
original_hum	all_diacritics	26	final_prompt_token_minus_10	4598	0.0	0.19780004024505615	0.19780004024505615	0.19780004024505615		40	0	1	original_hum_ascii_original	original_hum_all_diacritics	93	350	257
original_hum	all_diacritics	26	final_prompt_token_minus_10	5024	0.1957503706216812	0.0	-0.1957503706216812	0.1957503706216812	50		1	0	original_hum_ascii_original	original_hum_all_diacritics	93	350	257
original_hum	all_diacritics	26	final_prompt_token_minus_10	5141	0.0	0.5228237509727478	0.5228237509727478	0.5228237509727478		5	0	1	original_hum_ascii_original	original_hum_all_diacritics	93	350	257
original_hum	all_diacritics	26	final_prompt_token_minus_10	5417	0.22449925541877747	0.0	-0.22449925541877747	0.22449925541877747	42		1	0	original_hum_ascii_original	original_hum_all_diacritics	93	350	257
original_hum	all_diacritics	26	final_prompt_token_minus_10	6069	0.46696481108665466	0.0	-0.46696481108665466	0.46696481108665466	6		1	0	original_hum_ascii_original	original_hum_all_diacritics	93	350	257
original_hum	all_diacritics	26	final_prompt_token_minus_10	6357	0.0	0.20298820734024048	0.20298820734024048	0.20298820734024048		39	0	1	original_hum_ascii_original	original_hum_all_diacritics	93	350	257
original_hum	all_diacritics	26	final_prompt_token_minus_10	6420	0.0	0.22511795163154602	0.22511795163154602	0.22511795163154602		30	0	1	original_hum_ascii_original	original_hum_all_diacritics	93	350	257
original_hum	all_diacritics	26	final_prompt_token_minus_10	7094	0.0	0.37929514050483704	0.37929514050483704	0.37929514050483704		11	0	1	original_hum_ascii_original	original_hum_all_diacritics	93	350	257
original_hum	all_diacritics	26	final_prompt_token_minus_10	7334	0.24433588981628418	0.0	-0.24433588981628418	0.24433588981628418	33		1	0	original_hum_ascii_original	original_hum_all_diacritics	93	350	257
original_hum	all_diacritics	26	final_prompt_token_minus_10	7711	0.23950497806072235	0.0	-0.23950497806072235	0.23950497806072235	35		1	0	original_hum_ascii_original	original_hum_all_diacritics	93	350	257
original_hum	all_diacritics	26	final_prompt_token_minus_10	7754	0.22224204242229462	0.0	-0.22224204242229462	0.22224204242229462	43		1	0	original_hum_ascii_original	original_hum_all_diacritics	93	350	257
original_hum	all_diacritics	26	final_prompt_token_minus_10	7837	0.2901982069015503	0.0	-0.2901982069015503	0.2901982069015503	22		1	0	original_hum_ascii_original	original_hum_all_diacritics	93	350	257
original_hum	all_diacritics	26	final_prompt_token_minus_10	7982	0.3287926912307739	0.0	-0.3287926912307739	0.3287926912307739	12		1	0	original_hum_ascii_original	original_hum_all_diacritics	93	350	257
original_hum	all_diacritics	26	final_prompt_token_minus_10	8619	0.0	0.23824548721313477	0.23824548721313477	0.23824548721313477		27	0	1	original_hum_ascii_original	original_hum_all_diacritics	93	350	257
original_hum	all_diacritics	26	final_prompt_token_minus_10	9441	0.0	0.19342796504497528	0.19342796504497528	0.19342796504497528		41	0	1	original_hum_ascii_original	original_hum_all_diacritics	93	350	257
original_hum	all_diacritics	26	final_prompt_token_minus_10	9576	0.32189232110977173	0.0	-0.32189232110977173	0.32189232110977173	14		1	0	original_hum_ascii_original	original_hum_all_diacritics	93	350	257
original_hum	all_diacritics	26	final_prompt_token_minus_10	9860	0.23908907175064087	0.0	-0.23908907175064087	0.23908907175064087	36		1	0	original_hum_ascii_original	original_hum_all_diacritics	93	350	257
original_hum	all_diacritics	26	final_prompt_token_minus_10	10346	0.3018604516983032	0.0	-0.3018604516983032	0.3018604516983032	18		1	0	original_hum_ascii_original	original_hum_all_diacritics	93	350	257
original_hum	all_diacritics	26	final_prompt_token_minus_10	10636	0.0	0.3173394799232483	0.3173394799232483	0.3173394799232483		16	0	1	original_hum_ascii_original	original_hum_all_diacritics	93	350	257
original_hum	all_diacritics	26	final_prompt_token_minus_10	10709	0.4288721978664398	0.0	-0.4288721978664398	0.4288721978664398	8		1	0	original_hum_ascii_original	original_hum_all_diacritics	93	350	257
original_hum	all_diacritics	26	final_prompt_token_minus_10	11038	0.0	0.2612057030200958	0.2612057030200958	0.2612057030200958		22	0	1	original_hum_ascii_original	original_hum_all_diacritics	93	350	257
original_hum	all_diacritics	26	final_prompt_token_minus_10	11147	0.21604067087173462	0.0	-0.21604067087173462	0.21604067087173462	45		1	0	original_hum_ascii_original	original_hum_all_diacritics	93	350	257
original_hum	all_diacritics	26	final_prompt_token_minus_10	12013	0.0	0.28634312748908997	0.28634312748908997	0.28634312748908997		20	0	1	original_hum_ascii_original	original_hum_all_diacritics	93	350	257
original_hum	all_diacritics	26	final_prompt_token_minus_10	12068	0.0	0.18431156873703003	0.18431156873703003	0.18431156873703003		47	0	1	original_hum_ascii_original	original_hum_all_diacritics	93	350	257
original_hum	all_diacritics	26	final_prompt_token_minus_10	12400	0.0	0.25380027294158936	0.25380027294158936	0.25380027294158936		24	0	1	original_hum_ascii_original	original_hum_all_diacritics	93	350	257
original_hum	all_diacritics	26	final_prompt_token_minus_10	14082	0.0	0.18353261053562164	0.18353261053562164	0.18353261053562164		48	0	1	original_hum_ascii_original	original_hum_all_diacritics	93	350	257
original_hum	all_diacritics	26	final_prompt_token_minus_10	14672	0.4373258054256439	0.0	-0.4373258054256439	0.4373258054256439	7		1	0	original_hum_ascii_original	original_hum_all_diacritics	93	350	257
original_hum	all_diacritics	26	final_prompt_token_minus_10	14949	0.0	0.1828615367412567	0.1828615367412567	0.1828615367412567		50	0	1	original_hum_ascii_original	original_hum_all_diacritics	93	350	257
original_hum	all_diacritics	26	final_prompt_token_minus_10	15400	0.0	0.20644456148147583	0.20644456148147583	0.20644456148147583		37	0	1	original_hum_ascii_original	original_hum_all_diacritics	93	350	257
original_hum	all_diacritics	26	final_prompt_token_minus_10	15458	0.2680817246437073	0.0	-0.2680817246437073	0.2680817246437073	28		1	0	original_hum_ascii_original	original_hum_all_diacritics	93	350	257
original_hum	all_diacritics	26	final_prompt_token_minus_10	16133	0.0	0.22393310070037842	0.22393310070037842	0.22393310070037842		32	0	1	original_hum_ascii_original	original_hum_all_diacritics	93	350	257
original_hum	all_diacritics	26	final_prompt_token_minus_10	16439	0.3258412778377533	0.0	-0.3258412778377533	0.3258412778377533	13		1	0	original_hum_ascii_original	original_hum_all_diacritics	93	350	257
original_hum	all_diacritics	26	final_prompt_token_minus_10	16612	0.0	0.6909125447273254	0.6909125447273254	0.6909125447273254		2	0	1	original_hum_ascii_original	original_hum_all_diacritics	93	350	257
original_hum	all_diacritics	26	final_prompt_token_minus_10	17023	0.0	0.5158588290214539	0.5158588290214539	0.5158588290214539		6	0	1	original_hum_ascii_original	original_hum_all_diacritics	93	350	257
original_hum	all_diacritics	26	final_prompt_token_minus_10	17812	0.0	0.3399258255958557	0.3399258255958557	0.3399258255958557		15	0	1	original_hum_ascii_original	original_hum_all_diacritics	93	350	257
original_hum	all_diacritics	26	final_prompt_token_minus_10	17869	0.23722341656684875	0.0	-0.23722341656684875	0.23722341656684875	38		1	0	original_hum_ascii_original	original_hum_all_diacritics	93	350	257
original_hum	all_diacritics	26	final_prompt_token_minus_10	18283	0.0	0.22848539054393768	0.22848539054393768	0.22848539054393768		29	0	1	original_hum_ascii_original	original_hum_all_diacritics	93	350	257
original_hum	all_diacritics	26	final_prompt_token_minus_10	18527	0.6229004859924316	0.0	-0.6229004859924316	0.6229004859924316	2		1	0	original_hum_ascii_original	original_hum_all_diacritics	93	350	257
original_hum	all_diacritics	26	final_prompt_token_minus_10	18765	0.0	0.23878921568393707	0.23878921568393707	0.23878921568393707		26	0	1	original_hum_ascii_original	original_hum_all_diacritics	93	350	257
original_hum	all_diacritics	26	final_prompt_token_minus_10	18832	0.0	0.18351107835769653	0.18351107835769653	0.18351107835769653		49	0	1	original_hum_ascii_original	original_hum_all_diacritics	93	350	257
original_hum	all_diacritics	26	final_prompt_token_minus_10	18847	0.376891165971756	0.0	-0.376891165971756	0.376891165971756	10		1	0	original_hum_ascii_original	original_hum_all_diacritics	93	350	257
original_hum	all_diacritics	26	final_prompt_token_minus_10	18901	0.0	0.18467147648334503	0.18467147648334503	0.18467147648334503		46	0	1	original_hum_ascii_original	original_hum_all_diacritics	93	350	257
original_hum	all_diacritics	26	final_prompt_token_minus_10	19005	0.0	0.22457963228225708	0.22457963228225708	0.22457963228225708		31	0	1	original_hum_ascii_original	original_hum_all_diacritics	93	350	257
original_hum	all_diacritics	26	final_prompt_token_minus_10	19185	0.2483186572790146	0.0	-0.2483186572790146	0.2483186572790146	32		1	0	original_hum_ascii_original	original_hum_all_diacritics	93	350	257
original_hum	all_diacritics	26	final_prompt_token_minus_10	19389	0.29297420382499695	0.0	-0.29297420382499695	0.29297420382499695	21		1	0	original_hum_ascii_original	original_hum_all_diacritics	93	350	257
original_hum	all_diacritics	26	final_prompt_token_minus_10	19983	0.0	0.19213613867759705	0.19213613867759705	0.19213613867759705		43	0	1	original_hum_ascii_original	original_hum_all_diacritics	93	350	257
original_hum	all_diacritics	26	final_prompt_token_minus_10	20303	0.27866989374160767	0.0	-0.27866989374160767	0.27866989374160767	25		1	0	original_hum_ascii_original	original_hum_all_diacritics	93	350	257
original_hum	all_diacritics	26	final_prompt_token_minus_10	20676	0.0	0.3447621464729309	0.3447621464729309	0.3447621464729309		14	0	1	original_hum_ascii_original	original_hum_all_diacritics	93	350	257
original_hum	all_diacritics	26	final_prompt_token_minus_10	21539	0.21820080280303955	0.0	-0.21820080280303955	0.21820080280303955	44		1	0	original_hum_ascii_original	original_hum_all_diacritics	93	350	257
original_hum	all_diacritics	26	final_prompt_token_minus_10	21687	0.2775919735431671	0.0	-0.2775919735431671	0.2775919735431671	26		1	0	original_hum_ascii_original	original_hum_all_diacritics	93	350	257
original_hum	all_diacritics	26	final_prompt_token_minus_10	21750	0.2274419516324997	0.0	-0.2274419516324997	0.2274419516324997	41		1	0	original_hum_ascii_original	original_hum_all_diacritics	93	350	257
original_hum	all_diacritics	26	final_prompt_token_minus_10	22188	0.0	0.23807446658611298	0.23807446658611298	0.23807446658611298		28	0	1	original_hum_ascii_original	original_hum_all_diacritics	93	350	257
original_hum	all_diacritics	26	final_prompt_token_minus_10	22288	0.0	0.24431473016738892	0.24431473016738892	0.24431473016738892		25	0	1	original_hum_ascii_original	original_hum_all_diacritics	93	350	257
original_hum	all_diacritics	26	final_prompt_token_minus_10	22495	0.27249377965927124	0.0	-0.27249377965927124	0.27249377965927124	27		1	0	original_hum_ascii_original	original_hum_all_diacritics	93	350	257
original_hum	all_diacritics	26	final_prompt_token_minus_10	22523	0.0	0.207935631275177	0.207935631275177	0.207935631275177		35	0	1	original_hum_ascii_original	original_hum_all_diacritics	93	350	257
original_hum	all_diacritics	26	final_prompt_token_minus_10	22922	0.24284201860427856	0.0	-0.24284201860427856	0.24284201860427856	34		1	0	original_hum_ascii_original	original_hum_all_diacritics	93	350	257
original_hum	all_diacritics	26	final_prompt_token_minus_10	22970	0.0	0.18687596917152405	0.18687596917152405	0.18687596917152405		45	0	1	original_hum_ascii_original	original_hum_all_diacritics	93	350	257
original_hum	all_diacritics	26	final_prompt_token_minus_10	24339	0.20780378580093384	0.0	-0.20780378580093384	0.20780378580093384	47		1	0	original_hum_ascii_original	original_hum_all_diacritics	93	350	257
original_hum	all_diacritics	26	final_prompt_token_minus_10	24524	0.0	0.21070660650730133	0.21070660650730133	0.21070660650730133		34	0	1	original_hum_ascii_original	original_hum_all_diacritics	93	350	257
original_hum	all_diacritics	26	final_prompt_token_minus_10	24825	0.0	0.277803510427475	0.277803510427475	0.277803510427475		21	0	1	original_hum_ascii_original	original_hum_all_diacritics	93	350	257
original_hum	all_diacritics	26	final_prompt_token_minus_10	25141	0.0	0.36928504705429077	0.36928504705429077	0.36928504705429077		12	0	1	original_hum_ascii_original	original_hum_all_diacritics	93	350	257
original_hum	all_diacritics	26	final_prompt_token_minus_10	25421	0.26164594292640686	0.0	-0.26164594292640686	0.26164594292640686	29		1	0	original_hum_ascii_original	original_hum_all_diacritics	93	350	257
original_hum	all_diacritics	26	final_prompt_token_minus_10	25762	0.0	0.20486938953399658	0.20486938953399658	0.20486938953399658		38	0	1	original_hum_ascii_original	original_hum_all_diacritics	93	350	257
original_hum	all_diacritics	26	final_prompt_token_minus_10	26216	0.23426811397075653	0.0	-0.23426811397075653	0.23426811397075653	40		1	0	original_hum_ascii_original	original_hum_all_diacritics	93	350	257
original_hum	all_diacritics	26	final_prompt_token_minus_10	26273	0.0	0.466378778219223	0.466378778219223	0.466378778219223		9	0	1	original_hum_ascii_original	original_hum_all_diacritics	93	350	257
original_hum	all_diacritics	26	final_prompt_token_minus_10	26403	0.482820600271225	0.0	-0.482820600271225	0.482820600271225	4		1	0	original_hum_ascii_original	original_hum_all_diacritics	93	350	257
original_hum	all_diacritics	26	final_prompt_token_minus_10	26653	0.0	0.44703978300094604	0.44703978300094604	0.44703978300094604		10	0	1	original_hum_ascii_original	original_hum_all_diacritics	93	350	257
original_hum	all_diacritics	26	final_prompt_token_minus_10	26684	0.889609694480896	0.0	-0.889609694480896	0.889609694480896	1		1	0	original_hum_ascii_original	original_hum_all_diacritics	93	350	257
original_hum	all_diacritics	26	final_prompt_token_minus_10	27281	0.30006492137908936	0.0	-0.30006492137908936	0.30006492137908936	19		1	0	original_hum_ascii_original	original_hum_all_diacritics	93	350	257
original_hum	all_diacritics	26	final_prompt_token_minus_10	27446	0.0	0.29801273345947266	0.29801273345947266	0.29801273345947266		19	0	1	original_hum_ascii_original	original_hum_all_diacritics	93	350	257
original_hum	all_diacritics	26	final_prompt_token_minus_10	28390	0.0	0.26059120893478394	0.26059120893478394	0.26059120893478394		23	0	1	original_hum_ascii_original	original_hum_all_diacritics	93	350	257
original_hum	all_diacritics	26	final_prompt_token_minus_10	28398	0.0	0.5940524339675903	0.5940524339675903	0.5940524339675903		3	0	1	original_hum_ascii_original	original_hum_all_diacritics	93	350	257
original_hum	all_diacritics	26	final_prompt_token_minus_10	28566	0.0	0.19105109572410583	0.19105109572410583	0.19105109572410583		44	0	1	original_hum_ascii_original	original_hum_all_diacritics	93	350	257
original_hum	all_diacritics	26	final_prompt_token_minus_10	28971	0.29622629284858704	0.0	-0.29622629284858704	0.29622629284858704	20		1	0	original_hum_ascii_original	original_hum_all_diacritics	93	350	257
original_hum	all_diacritics	26	final_prompt_token_minus_10	29466	0.28463661670684814	0.0	-0.28463661670684814	0.28463661670684814	24		1	0	original_hum_ascii_original	original_hum_all_diacritics	93	350	257
original_hum	all_diacritics	26	final_prompt_token_minus_10	29711	0.0	0.36033520102500916	0.36033520102500916	0.36033520102500916		13	0	1	original_hum_ascii_original	original_hum_all_diacritics	93	350	257
original_hum	all_diacritics	26	final_prompt_token_minus_10	30036	0.2868102490901947	0.0	-0.2868102490901947	0.2868102490901947	23		1	0	original_hum_ascii_original	original_hum_all_diacritics	93	350	257
original_hum	all_diacritics	26	final_prompt_token_minus_10	30592	0.0	0.3067014515399933	0.3067014515399933	0.3067014515399933		17	0	1	original_hum_ascii_original	original_hum_all_diacritics	93	350	257
original_hum	all_diacritics	26	final_prompt_token_minus_10	31261	0.0	0.47339195013046265	0.47339195013046265	0.47339195013046265		8	0	1	original_hum_ascii_original	original_hum_all_diacritics	93	350	257
original_hum	all_diacritics	26	final_prompt_token_minus_10	31836	0.2347840964794159	0.0	-0.2347840964794159	0.2347840964794159	39		1	0	original_hum_ascii_original	original_hum_all_diacritics	93	350	257
original_hum	all_diacritics	26	final_prompt_token_minus_10	31897	0.25210583209991455	0.0	-0.25210583209991455	0.25210583209991455	30		1	0	original_hum_ascii_original	original_hum_all_diacritics	93	350	257
original_hum	all_diacritics	14	final_prompt_token	992	0.17527851462364197	0.13338619470596313	-0.04189231991767883	0.04189231991767883	16	24	1	1	original_hum_ascii_original	original_hum_all_diacritics	93	350	257
original_hum	all_diacritics	14	final_prompt_token	1168	0.21415798366069794	0.1704965978860855	-0.04366138577461243	0.04366138577461243	7	14	1	1	original_hum_ascii_original	original_hum_all_diacritics	93	350	257
original_hum	all_diacritics	14	final_prompt_token	1797	0.12409529089927673	0.0	-0.12409529089927673	0.12409529089927673	44		1	0	original_hum_ascii_original	original_hum_all_diacritics	93	350	257
original_hum	all_diacritics	14	final_prompt_token	1814	0.13580195605754852	0.0	-0.13580195605754852	0.13580195605754852	32		1	0	original_hum_ascii_original	original_hum_all_diacritics	93	350	257
original_hum	all_diacritics	14	final_prompt_token	2176	0.2016182541847229	0.12876948714256287	-0.07284876704216003	0.07284876704216003	11	27	1	1	original_hum_ascii_original	original_hum_all_diacritics	93	350	257
original_hum	all_diacritics	14	final_prompt_token	2266	0.1252298653125763	0.0	-0.1252298653125763	0.1252298653125763	42		1	0	original_hum_ascii_original	original_hum_all_diacritics	93	350	257
original_hum	all_diacritics	14	final_prompt_token	2665	0.0	0.11358471214771271	0.11358471214771271	0.11358471214771271		36	0	1	original_hum_ascii_original	original_hum_all_diacritics	93	350	257
original_hum	all_diacritics	14	final_prompt_token	2722	0.0	0.17656469345092773	0.17656469345092773	0.17656469345092773		11	0	1	original_hum_ascii_original	original_hum_all_diacritics	93	350	257
original_hum	all_diacritics	14	final_prompt_token	2961	0.5185853242874146	0.6291145086288452	0.11052918434143066	0.11052918434143066	1	1	1	1	original_hum_ascii_original	original_hum_all_diacritics	93	350	257
original_hum	all_diacritics	14	final_prompt_token	3001	0.0	0.20850911736488342	0.20850911736488342	0.20850911736488342		8	0	1	original_hum_ascii_original	original_hum_all_diacritics	93	350	257
original_hum	all_diacritics	14	final_prompt_token	3289	0.0	0.16522035002708435	0.16522035002708435	0.16522035002708435		17	0	1	original_hum_ascii_original	original_hum_all_diacritics	93	350	257
original_hum	all_diacritics	14	final_prompt_token	3557	0.0	0.13131897151470184	0.13131897151470184	0.13131897151470184		25	0	1	original_hum_ascii_original	original_hum_all_diacritics	93	350	257
original_hum	all_diacritics	14	final_prompt_token	3784	0.0	0.10326638072729111	0.10326638072729111	0.10326638072729111		45	0	1	original_hum_ascii_original	original_hum_all_diacritics	93	350	257
original_hum	all_diacritics	14	final_prompt_token	3830	0.511833131313324	0.5800479054450989	0.0682147741317749	0.0682147741317749	2	2	1	1	original_hum_ascii_original	original_hum_all_diacritics	93	350	257
original_hum	all_diacritics	14	final_prompt_token	4428	0.13570520281791687	0.0	-0.13570520281791687	0.13570520281791687	33		1	0	original_hum_ascii_original	original_hum_all_diacritics	93	350	257
original_hum	all_diacritics	14	final_prompt_token	4620	0.12692593038082123	0.13533946871757507	0.008413538336753845	0.008413538336753845	40	23	1	1	original_hum_ascii_original	original_hum_all_diacritics	93	350	257
original_hum	all_diacritics	14	final_prompt_token	4729	0.0	0.10917699337005615	0.10917699337005615	0.10917699337005615		39	0	1	original_hum_ascii_original	original_hum_all_diacritics	93	350	257
original_hum	all_diacritics	14	final_prompt_token	4880	0.11506478488445282	0.12138612568378448	0.006321340799331665	0.006321340799331665	49	31	1	1	original_hum_ascii_original	original_hum_all_diacritics	93	350	257
original_hum	all_diacritics	14	final_prompt_token	4953	0.17742495238780975	0.0	-0.17742495238780975	0.17742495238780975	15		1	0	original_hum_ascii_original	original_hum_all_diacritics	93	350	257
original_hum	all_diacritics	14	final_prompt_token	6429	0.2723112404346466	0.24001017212867737	-0.03230106830596924	0.03230106830596924	4	7	1	1	original_hum_ascii_original	original_hum_all_diacritics	93	350	257
original_hum	all_diacritics	14	final_prompt_token	7163	0.34494391083717346	0.3927295207977295	0.04778560996055603	0.04778560996055603	3	3	1	1	original_hum_ascii_original	original_hum_all_diacritics	93	350	257
original_hum	all_diacritics	14	final_prompt_token	8033	0.21156567335128784	0.3033963739871979	0.09183070063591003	0.09183070063591003	8	5	1	1	original_hum_ascii_original	original_hum_all_diacritics	93	350	257
original_hum	all_diacritics	14	final_prompt_token	8556	0.0	0.09617651998996735	0.09617651998996735	0.09617651998996735		49	0	1	original_hum_ascii_original	original_hum_all_diacritics	93	350	257
original_hum	all_diacritics	14	final_prompt_token	9030	0.1373305469751358	0.11976289749145508	-0.017567649483680725	0.017567649483680725	29	32	1	1	original_hum_ascii_original	original_hum_all_diacritics	93	350	257
original_hum	all_diacritics	14	final_prompt_token	9383	0.13118919730186462	0.0	-0.13118919730186462	0.13118919730186462	36		1	0	original_hum_ascii_original	original_hum_all_diacritics	93	350	257
original_hum	all_diacritics	14	final_prompt_token	10845	0.0	0.11217854171991348	0.11217854171991348	0.11217854171991348		37	0	1	original_hum_ascii_original	original_hum_all_diacritics	93	350	257
original_hum	all_diacritics	14	final_prompt_token	10976	0.15480084717273712	0.2903561592102051	0.13555531203746796	0.13555531203746796	22	6	1	1	original_hum_ascii_original	original_hum_all_diacritics	93	350	257
original_hum	all_diacritics	14	final_prompt_token	11464	0.13259612023830414	0.0	-0.13259612023830414	0.13259612023830414	34		1	0	original_hum_ascii_original	original_hum_all_diacritics	93	350	257
original_hum	all_diacritics	14	final_prompt_token	11864	0.0	0.13074719905853271	0.13074719905853271	0.13074719905853271		26	0	1	original_hum_ascii_original	original_hum_all_diacritics	93	350	257
original_hum	all_diacritics	14	final_prompt_token	12080	0.14483243227005005	0.0	-0.14483243227005005	0.14483243227005005	24		1	0	original_hum_ascii_original	original_hum_all_diacritics	93	350	257
original_hum	all_diacritics	14	final_prompt_token	12257	0.0	0.12797591090202332	0.12797591090202332	0.12797591090202332		29	0	1	original_hum_ascii_original	original_hum_all_diacritics	93	350	257
original_hum	all_diacritics	14	final_prompt_token	12433	0.11901742219924927	0.0	-0.11901742219924927	0.11901742219924927	46		1	0	original_hum_ascii_original	original_hum_all_diacritics	93	350	257
original_hum	all_diacritics	14	final_prompt_token	12817	0.13707657158374786	0.0	-0.13707657158374786	0.13707657158374786	30		1	0	original_hum_ascii_original	original_hum_all_diacritics	93	350	257
original_hum	all_diacritics	14	final_prompt_token	13029	0.1324918121099472	0.0	-0.1324918121099472	0.1324918121099472	35		1	0	original_hum_ascii_original	original_hum_all_diacritics	93	350	257
original_hum	all_diacritics	14	final_prompt_token	14424	0.0	0.17496298253536224	0.17496298253536224	0.17496298253536224		12	0	1	original_hum_ascii_original	original_hum_all_diacritics	93	350	257
original_hum	all_diacritics	14	final_prompt_token	14679	0.12387111783027649	0.14987070858478546	0.025999590754508972	0.025999590754508972	45	19	1	1	original_hum_ascii_original	original_hum_all_diacritics	93	350	257
original_hum	all_diacritics	14	final_prompt_token	14885	0.1365322768688202	0.0	-0.1365322768688202	0.1365322768688202	31		1	0	original_hum_ascii_original	original_hum_all_diacritics	93	350	257
original_hum	all_diacritics	14	final_prompt_token	14932	0.1438901424407959	0.18099218606948853	0.03710204362869263	0.03710204362869263	25	10	1	1	original_hum_ascii_original	original_hum_all_diacritics	93	350	257
original_hum	all_diacritics	14	final_prompt_token	15006	0.0	0.09604351222515106	0.09604351222515106	0.09604351222515106		50	0	1	original_hum_ascii_original	original_hum_all_diacritics	93	350	257
original_hum	all_diacritics	14	final_prompt_token	15605	0.16277040541172028	0.09696938097476959	-0.06580102443695068	0.06580102443695068	19	47	1	1	original_hum_ascii_original	original_hum_all_diacritics	93	350	257
original_hum	all_diacritics	14	final_prompt_token	16382	0.20584312081336975	0.11944793909788132	-0.08639518171548843	0.08639518171548843	9	34	1	1	original_hum_ascii_original	original_hum_all_diacritics	93	350	257
original_hum	all_diacritics	14	final_prompt_token	16459	0.0	0.11752170324325562	0.11752170324325562	0.11752170324325562		35	0	1	original_hum_ascii_original	original_hum_all_diacritics	93	350	257
original_hum	all_diacritics	14	final_prompt_token	16801	0.1905839890241623	0.0	-0.1905839890241623	0.1905839890241623	14		1	0	original_hum_ascii_original	original_hum_all_diacritics	93	350	257
original_hum	all_diacritics	14	final_prompt_token	16845	0.1151876226067543	0.0	-0.1151876226067543	0.1151876226067543	48		1	0	original_hum_ascii_original	original_hum_all_diacritics	93	350	257
original_hum	all_diacritics	14	final_prompt_token	17193	0.1705974042415619	0.1447862982749939	-0.025811105966567993	0.025811105966567993	17	20	1	1	original_hum_ascii_original	original_hum_all_diacritics	93	350	257
original_hum	all_diacritics	14	final_prompt_token	17275	0.1272931694984436	0.0	-0.1272931694984436	0.1272931694984436	38		1	0	original_hum_ascii_original	original_hum_all_diacritics	93	350	257
original_hum	all_diacritics	14	final_prompt_token	17359	0.0	0.1273687332868576	0.1273687332868576	0.1273687332868576		30	0	1	original_hum_ascii_original	original_hum_all_diacritics	93	350	257
original_hum	all_diacritics	14	final_prompt_token	17656	0.128530353307724	0.0	-0.128530353307724	0.128530353307724	37		1	0	original_hum_ascii_original	original_hum_all_diacritics	93	350	257
original_hum	all_diacritics	14	final_prompt_token	18895	0.1380925178527832	0.0	-0.1380925178527832	0.1380925178527832	28		1	0	original_hum_ascii_original	original_hum_all_diacritics	93	350	257
original_hum	all_diacritics	14	final_prompt_token	20402	0.19249580800533295	0.0	-0.19249580800533295	0.19249580800533295	12		1	0	original_hum_ascii_original	original_hum_all_diacritics	93	350	257
original_hum	all_diacritics	14	final_prompt_token	20557	0.25481921434402466	0.1970127522945404	-0.05780646204948425	0.05780646204948425	5	9	1	1	original_hum_ascii_original	original_hum_all_diacritics	93	350	257
original_hum	all_diacritics	14	final_prompt_token	20636	0.0	0.10685839504003525	0.10685839504003525	0.10685839504003525		42	0	1	original_hum_ascii_original	original_hum_all_diacritics	93	350	257
original_hum	all_diacritics	14	final_prompt_token	20681	0.1260993778705597	0.0	-0.1260993778705597	0.1260993778705597	41		1	0	original_hum_ascii_original	original_hum_all_diacritics	93	350	257
original_hum	all_diacritics	14	final_prompt_token	20769	0.16162540018558502	0.0	-0.16162540018558502	0.16162540018558502	20		1	0	original_hum_ascii_original	original_hum_all_diacritics	93	350	257
original_hum	all_diacritics	14	final_prompt_token	20923	0.0	0.1697242707014084	0.1697242707014084	0.1697242707014084		16	0	1	original_hum_ascii_original	original_hum_all_diacritics	93	350	257
original_hum	all_diacritics	14	final_prompt_token	21265	0.0	0.1034560576081276	0.1034560576081276	0.1034560576081276		44	0	1	original_hum_ascii_original	original_hum_all_diacritics	93	350	257
original_hum	all_diacritics	14	final_prompt_token	21303	0.0	0.10775308310985565	0.10775308310985565	0.10775308310985565		41	0	1	original_hum_ascii_original	original_hum_all_diacritics	93	350	257
original_hum	all_diacritics	14	final_prompt_token	22687	0.0	0.09762634336948395	0.09762634336948395	0.09762634336948395		46	0	1	original_hum_ascii_original	original_hum_all_diacritics	93	350	257
original_hum	all_diacritics	14	final_prompt_token	23591	0.14032292366027832	0.0	-0.14032292366027832	0.14032292366027832	27		1	0	original_hum_ascii_original	original_hum_all_diacritics	93	350	257
original_hum	all_diacritics	14	final_prompt_token	24331	0.0	0.17134425044059753	0.17134425044059753	0.17134425044059753		13	0	1	original_hum_ascii_original	original_hum_all_diacritics	93	350	257
original_hum	all_diacritics	14	final_prompt_token	25151	0.15837322175502777	0.10549144446849823	-0.05288177728652954	0.05288177728652954	21	43	1	1	original_hum_ascii_original	original_hum_all_diacritics	93	350	257
original_hum	all_diacritics	14	final_prompt_token	25411	0.0	0.11965878307819366	0.11965878307819366	0.11965878307819366		33	0	1	original_hum_ascii_original	original_hum_all_diacritics	93	350	257
original_hum	all_diacritics	14	final_prompt_token	25704	0.0	0.11150169372558594	0.11150169372558594	0.11150169372558594		38	0	1	original_hum_ascii_original	original_hum_all_diacritics	93	350	257
original_hum	all_diacritics	14	final_prompt_token	26050	0.114312082529068	0.0	-0.114312082529068	0.114312082529068	50		1	0	original_hum_ascii_original	original_hum_all_diacritics	93	350	257
original_hum	all_diacritics	14	final_prompt_token	26237	0.16283361613750458	0.0	-0.16283361613750458	0.16283361613750458	18		1	0	original_hum_ascii_original	original_hum_all_diacritics	93	350	257
original_hum	all_diacritics	14	final_prompt_token	26701	0.0	0.12876397371292114	0.12876397371292114	0.12876397371292114		28	0	1	original_hum_ascii_original	original_hum_all_diacritics	93	350	257
original_hum	all_diacritics	14	final_prompt_token	27969	0.0	0.10830732434988022	0.10830732434988022	0.10830732434988022		40	0	1	original_hum_ascii_original	original_hum_all_diacritics	93	350	257
original_hum	all_diacritics	14	final_prompt_token	28025	0.11595268547534943	0.0	-0.11595268547534943	0.11595268547534943	47		1	0	original_hum_ascii_original	original_hum_all_diacritics	93	350	257
original_hum	all_diacritics	14	final_prompt_token	28175	0.0	0.09658608585596085	0.09658608585596085	0.09658608585596085		48	0	1	original_hum_ascii_original	original_hum_all_diacritics	93	350	257
original_hum	all_diacritics	14	final_prompt_token	28880	0.0	0.14146685600280762	0.14146685600280762	0.14146685600280762		21	0	1	original_hum_ascii_original	original_hum_all_diacritics	93	350	257
original_hum	all_diacritics	14	final_prompt_token	30170	0.19237349927425385	0.3039776384830475	0.11160413920879364	0.11160413920879364	13	4	1	1	original_hum_ascii_original	original_hum_all_diacritics	93	350	257
original_hum	all_diacritics	14	final_prompt_token	30172	0.12711578607559204	0.0	-0.12711578607559204	0.12711578607559204	39		1	0	original_hum_ascii_original	original_hum_all_diacritics	93	350	257
original_hum	all_diacritics	14	final_prompt_token	30964	0.2511886656284332	0.13568803668022156	-0.11550062894821167	0.11550062894821167	6	22	1	1	original_hum_ascii_original	original_hum_all_diacritics	93	350	257
original_hum	all_diacritics	14	final_prompt_token	31649	0.0	0.17015543580055237	0.17015543580055237	0.17015543580055237		15	0	1	original_hum_ascii_original	original_hum_all_diacritics	93	350	257
original_hum	all_diacritics	14	final_prompt_token	31774	0.1435861885547638	0.15962852537631989	0.01604233682155609	0.01604233682155609	26	18	1	1	original_hum_ascii_original	original_hum_all_diacritics	93	350	257
original_hum	all_diacritics	14	final_prompt_token	32300	0.2046404778957367	0.0	-0.2046404778957367	0.2046404778957367	10		1	0	original_hum_ascii_original	original_hum_all_diacritics	93	350	257
original_hum	all_diacritics	14	final_prompt_token	32358	0.1246265321969986	0.0	-0.1246265321969986	0.1246265321969986	43		1	0	original_hum_ascii_original	original_hum_all_diacritics	93	350	257
original_hum	all_diacritics	14	final_prompt_token	32621	0.14936262369155884	0.0	-0.14936262369155884	0.14936262369155884	23		1	0	original_hum_ascii_original	original_hum_all_diacritics	93	350	257
original_hum	all_diacritics	14	final_prompt_token_minus_1	1013	0.09495832026004791	0.0	-0.09495832026004791	0.09495832026004791	25		1	0	original_hum_ascii_original	original_hum_all_diacritics	93	350	257
original_hum	all_diacritics	14	final_prompt_token_minus_1	1102	0.07666369527578354	0.10088077932596207	0.024217084050178528	0.024217084050178528	47	38	1	1	original_hum_ascii_original	original_hum_all_diacritics	93	350	257
original_hum	all_diacritics	14	final_prompt_token_minus_1	1735	0.0	0.22587859630584717	0.22587859630584717	0.22587859630584717		11	0	1	original_hum_ascii_original	original_hum_all_diacritics	93	350	257
original_hum	all_diacritics	14	final_prompt_token_minus_1	2211	0.0	0.09043583273887634	0.09043583273887634	0.09043583273887634		42	0	1	original_hum_ascii_original	original_hum_all_diacritics	93	350	257
original_hum	all_diacritics	14	final_prompt_token_minus_1	2665	0.07960088551044464	0.16554757952690125	0.0859466940164566	0.0859466940164566	40	17	1	1	original_hum_ascii_original	original_hum_all_diacritics	93	350	257
original_hum	all_diacritics	14	final_prompt_token_minus_1	2961	1.0314112901687622	1.7363839149475098	0.7049726247787476	0.7049726247787476	2	1	1	1	original_hum_ascii_original	original_hum_all_diacritics	93	350	257
original_hum	all_diacritics	14	final_prompt_token_minus_1	3170	0.0	0.13452917337417603	0.13452917337417603	0.13452917337417603		25	0	1	original_hum_ascii_original	original_hum_all_diacritics	93	350	257
original_hum	all_diacritics	14	final_prompt_token_minus_1	3289	0.21890011429786682	0.17882314324378967	-0.04007697105407715	0.04007697105407715	8	15	1	1	original_hum_ascii_original	original_hum_all_diacritics	93	350	257
original_hum	all_diacritics	14	final_prompt_token_minus_1	3557	0.13522164523601532	0.1432054191827774	0.007983773946762085	0.007983773946762085	18	24	1	1	original_hum_ascii_original	original_hum_all_diacritics	93	350	257
original_hum	all_diacritics	14	final_prompt_token_minus_1	3796	0.0	0.09648153185844421	0.09648153185844421	0.09648153185844421		40	0	1	original_hum_ascii_original	original_hum_all_diacritics	93	350	257
original_hum	all_diacritics	14	final_prompt_token_minus_1	4170	0.0	0.35821375250816345	0.35821375250816345	0.35821375250816345		5	0	1	original_hum_ascii_original	original_hum_all_diacritics	93	350	257
original_hum	all_diacritics	14	final_prompt_token_minus_1	4337	0.07833660393953323	0.0	-0.07833660393953323	0.07833660393953323	42		1	0	original_hum_ascii_original	original_hum_all_diacritics	93	350	257
original_hum	all_diacritics	14	final_prompt_token_minus_1	4880	0.08719722926616669	0.11251015961170197	0.02531293034553528	0.02531293034553528	29	34	1	1	original_hum_ascii_original	original_hum_all_diacritics	93	350	257
original_hum	all_diacritics	14	final_prompt_token_minus_1	4953	0.1415524184703827	0.0	-0.1415524184703827	0.1415524184703827	16		1	0	original_hum_ascii_original	original_hum_all_diacritics	93	350	257
original_hum	all_diacritics	14	final_prompt_token_minus_1	4959	0.07820617407560349	0.0	-0.07820617407560349	0.07820617407560349	43		1	0	original_hum_ascii_original	original_hum_all_diacritics	93	350	257
original_hum	all_diacritics	14	final_prompt_token_minus_1	6025	0.09043773263692856	0.0	-0.09043773263692856	0.09043773263692856	28		1	0	original_hum_ascii_original	original_hum_all_diacritics	93	350	257
original_hum	all_diacritics	14	final_prompt_token_minus_1	6429	0.22330895066261292	0.24662917852401733	0.02332022786140442	0.02332022786140442	7	10	1	1	original_hum_ascii_original	original_hum_all_diacritics	93	350	257
original_hum	all_diacritics	14	final_prompt_token_minus_1	6442	0.0	0.2252179980278015	0.2252179980278015	0.2252179980278015		12	0	1	original_hum_ascii_original	original_hum_all_diacritics	93	350	257
original_hum	all_diacritics	14	final_prompt_token_minus_1	6681	0.0	0.27371442317962646	0.27371442317962646	0.27371442317962646		9	0	1	original_hum_ascii_original	original_hum_all_diacritics	93	350	257
original_hum	all_diacritics	14	final_prompt_token_minus_1	7163	0.21606037020683289	0.22291375696659088	0.006853386759757996	0.006853386759757996	9	13	1	1	original_hum_ascii_original	original_hum_all_diacritics	93	350	257
original_hum	all_diacritics	14	final_prompt_token_minus_1	7175	0.0	0.0987461656332016	0.0987461656332016	0.0987461656332016		39	0	1	original_hum_ascii_original	original_hum_all_diacritics	93	350	257
original_hum	all_diacritics	14	final_prompt_token_minus_1	7297	0.0	0.13094358146190643	0.13094358146190643	0.13094358146190643		29	0	1	original_hum_ascii_original	original_hum_all_diacritics	93	350	257
original_hum	all_diacritics	14	final_prompt_token_minus_1	8033	1.3254016637802124	1.2116609811782837	-0.11374068260192871	0.11374068260192871	1	2	1	1	original_hum_ascii_original	original_hum_all_diacritics	93	350	257
original_hum	all_diacritics	14	final_prompt_token_minus_1	11227	0.0	0.0878649652004242	0.0878649652004242	0.0878649652004242		46	0	1	original_hum_ascii_original	original_hum_all_diacritics	93	350	257
original_hum	all_diacritics	14	final_prompt_token_minus_1	11522	0.10359454154968262	0.16740041971206665	0.06380587816238403	0.06380587816238403	20	16	1	1	original_hum_ascii_original	original_hum_all_diacritics	93	350	257
original_hum	all_diacritics	14	final_prompt_token_minus_1	11726	0.07187807559967041	0.0	-0.07187807559967041	0.07187807559967041	50		1	0	original_hum_ascii_original	original_hum_all_diacritics	93	350	257
original_hum	all_diacritics	14	final_prompt_token_minus_1	11831	0.08563582599163055	0.0	-0.08563582599163055	0.08563582599163055	30		1	0	original_hum_ascii_original	original_hum_all_diacritics	93	350	257
original_hum	all_diacritics	14	final_prompt_token_minus_1	11864	0.084995336830616	0.08752617985010147	0.0025308430194854736	0.0025308430194854736	31	48	1	1	original_hum_ascii_original	original_hum_all_diacritics	93	350	257
original_hum	all_diacritics	14	final_prompt_token_minus_1	12000	0.14680488407611847	0.1292249858379364	-0.017579898238182068	0.017579898238182068	14	31	1	1	original_hum_ascii_original	original_hum_all_diacritics	93	350	257
original_hum	all_diacritics	14	final_prompt_token_minus_1	12578	0.08373109251260757	0.08593085408210754	0.0021997615694999695	0.0021997615694999695	32	50	1	1	original_hum_ascii_original	original_hum_all_diacritics	93	350	257
original_hum	all_diacritics	14	final_prompt_token_minus_1	13029	0.10216090083122253	0.0	-0.10216090083122253	0.10216090083122253	21		1	0	original_hum_ascii_original	original_hum_all_diacritics	93	350	257
original_hum	all_diacritics	14	final_prompt_token_minus_1	13057	0.0	0.08870980888605118	0.08870980888605118	0.08870980888605118		45	0	1	original_hum_ascii_original	original_hum_all_diacritics	93	350	257
original_hum	all_diacritics	14	final_prompt_token_minus_1	13119	0.14598676562309265	0.13449814915657043	-0.011488616466522217	0.011488616466522217	15	26	1	1	original_hum_ascii_original	original_hum_all_diacritics	93	350	257
original_hum	all_diacritics	14	final_prompt_token_minus_1	13538	0.0	0.3189939856529236	0.3189939856529236	0.3189939856529236		6	0	1	original_hum_ascii_original	original_hum_all_diacritics	93	350	257
original_hum	all_diacritics	14	final_prompt_token_minus_1	13692	0.08346346020698547	0.0	-0.08346346020698547	0.08346346020698547	33		1	0	original_hum_ascii_original	original_hum_all_diacritics	93	350	257
original_hum	all_diacritics	14	final_prompt_token_minus_1	14119	0.0	0.11228979378938675	0.11228979378938675	0.11228979378938675		35	0	1	original_hum_ascii_original	original_hum_all_diacritics	93	350	257
original_hum	all_diacritics	14	final_prompt_token_minus_1	14932	0.07605382055044174	0.0	-0.07605382055044174	0.07605382055044174	48		1	0	original_hum_ascii_original	original_hum_all_diacritics	93	350	257
original_hum	all_diacritics	14	final_prompt_token_minus_1	15396	0.17640447616577148	0.0	-0.17640447616577148	0.17640447616577148	11		1	0	original_hum_ascii_original	original_hum_all_diacritics	93	350	257
original_hum	all_diacritics	14	final_prompt_token_minus_1	15501	0.0	0.3603840172290802	0.3603840172290802	0.3603840172290802		4	0	1	original_hum_ascii_original	original_hum_all_diacritics	93	350	257
original_hum	all_diacritics	14	final_prompt_token_minus_1	15605	0.08014270663261414	0.0	-0.08014270663261414	0.08014270663261414	38		1	0	original_hum_ascii_original	original_hum_all_diacritics	93	350	257
original_hum	all_diacritics	14	final_prompt_token_minus_1	16077	0.1330661177635193	0.0	-0.1330661177635193	0.1330661177635193	19		1	0	original_hum_ascii_original	original_hum_all_diacritics	93	350	257
original_hum	all_diacritics	14	final_prompt_token_minus_1	16459	0.0	0.08685333281755447	0.08685333281755447	0.08685333281755447		49	0	1	original_hum_ascii_original	original_hum_all_diacritics	93	350	257
original_hum	all_diacritics	14	final_prompt_token_minus_1	17359	0.0	0.12002451717853546	0.12002451717853546	0.12002451717853546		33	0	1	original_hum_ascii_original	original_hum_all_diacritics	93	350	257
original_hum	all_diacritics	14	final_prompt_token_minus_1	17419	0.0	0.15835699439048767	0.15835699439048767	0.15835699439048767		20	0	1	original_hum_ascii_original	original_hum_all_diacritics	93	350	257
original_hum	all_diacritics	14	final_prompt_token_minus_1	17656	0.07976562529802322	0.0	-0.07976562529802322	0.07976562529802322	39		1	0	original_hum_ascii_original	original_hum_all_diacritics	93	350	257
original_hum	all_diacritics	14	final_prompt_token_minus_1	19133	0.24571211636066437	0.2873658537864685	0.04165373742580414	0.04165373742580414	5	7	1	1	original_hum_ascii_original	original_hum_all_diacritics	93	350	257
original_hum	all_diacritics	14	final_prompt_token_minus_1	20403	0.09776154160499573	0.0	-0.09776154160499573	0.09776154160499573	24		1	0	original_hum_ascii_original	original_hum_all_diacritics	93	350	257
original_hum	all_diacritics	14	final_prompt_token_minus_1	20557	0.18130949139595032	0.15946698188781738	-0.021842509508132935	0.021842509508132935	10	19	1	1	original_hum_ascii_original	original_hum_all_diacritics	93	350	257
original_hum	all_diacritics	14	final_prompt_token_minus_1	20681	0.1379212737083435	0.0	-0.1379212737083435	0.1379212737083435	17		1	0	original_hum_ascii_original	original_hum_all_diacritics	93	350	257
original_hum	all_diacritics	14	final_prompt_token_minus_1	20865	0.0	0.10240909457206726	0.10240909457206726	0.10240909457206726		37	0	1	original_hum_ascii_original	original_hum_all_diacritics	93	350	257
original_hum	all_diacritics	14	final_prompt_token_minus_1	20998	0.09990052133798599	0.16146241128444672	0.061561889946460724	0.061561889946460724	22	18	1	1	original_hum_ascii_original	original_hum_all_diacritics	93	350	257
original_hum	all_diacritics	14	final_prompt_token_minus_1	21016	0.0	0.15109720826148987	0.15109720826148987	0.15109720826148987		21	0	1	original_hum_ascii_original	original_hum_all_diacritics	93	350	257
original_hum	all_diacritics	14	final_prompt_token_minus_1	21265	0.0	0.13081374764442444	0.13081374764442444	0.13081374764442444		30	0	1	original_hum_ascii_original	original_hum_all_diacritics	93	350	257
original_hum	all_diacritics	14	final_prompt_token_minus_1	21393	0.08071122318506241	0.0	-0.08071122318506241	0.08071122318506241	36		1	0	original_hum_ascii_original	original_hum_all_diacritics	93	350	257
original_hum	all_diacritics	14	final_prompt_token_minus_1	21405	0.08184586465358734	0.0	-0.08184586465358734	0.08184586465358734	35		1	0	original_hum_ascii_original	original_hum_all_diacritics	93	350	257
original_hum	all_diacritics	14	final_prompt_token_minus_1	21447	0.24075758457183838	0.0	-0.24075758457183838	0.24075758457183838	6		1	0	original_hum_ascii_original	original_hum_all_diacritics	93	350	257
original_hum	all_diacritics	14	final_prompt_token_minus_1	21981	0.2605286240577698	0.13352788984775543	-0.12700073421001434	0.12700073421001434	4	28	1	1	original_hum_ascii_original	original_hum_all_diacritics	93	350	257
original_hum	all_diacritics	14	final_prompt_token_minus_1	22608	0.08023607730865479	0.0	-0.08023607730865479	0.08023607730865479	37		1	0	original_hum_ascii_original	original_hum_all_diacritics	93	350	257
original_hum	all_diacritics	14	final_prompt_token_minus_1	22813	0.07742861658334732	0.0	-0.07742861658334732	0.07742861658334732	46		1	0	original_hum_ascii_original	original_hum_all_diacritics	93	350	257
original_hum	all_diacritics	14	final_prompt_token_minus_1	23505	0.14780056476593018	0.0	-0.14780056476593018	0.14780056476593018	12		1	0	original_hum_ascii_original	original_hum_all_diacritics	93	350	257
original_hum	all_diacritics	14	final_prompt_token_minus_1	23555	0.0	0.08757026493549347	0.08757026493549347	0.08757026493549347		47	0	1	original_hum_ascii_original	original_hum_all_diacritics	93	350	257
original_hum	all_diacritics	14	final_prompt_token_minus_1	25151	0.14700427651405334	0.0	-0.14700427651405334	0.14700427651405334	13		1	0	original_hum_ascii_original	original_hum_all_diacritics	93	350	257
original_hum	all_diacritics	14	final_prompt_token_minus_1	25409	0.0	0.1335560828447342	0.1335560828447342	0.1335560828447342		27	0	1	original_hum_ascii_original	original_hum_all_diacritics	93	350	257
original_hum	all_diacritics	14	final_prompt_token_minus_1	26050	0.09191124141216278	0.0	-0.09191124141216278	0.09191124141216278	27		1	0	original_hum_ascii_original	original_hum_all_diacritics	93	350	257
original_hum	all_diacritics	14	final_prompt_token_minus_1	26374	0.0	0.14372195303440094	0.14372195303440094	0.14372195303440094		23	0	1	original_hum_ascii_original	original_hum_all_diacritics	93	350	257
original_hum	all_diacritics	14	final_prompt_token_minus_1	26615	0.09321640431880951	0.0	-0.09321640431880951	0.09321640431880951	26		1	0	original_hum_ascii_original	original_hum_all_diacritics	93	350	257
original_hum	all_diacritics	14	final_prompt_token_minus_1	27136	0.0	0.10689706355333328	0.10689706355333328	0.10689706355333328		36	0	1	original_hum_ascii_original	original_hum_all_diacritics	93	350	257
original_hum	all_diacritics	14	final_prompt_token_minus_1	28492	0.09920089691877365	0.12538371980190277	0.02618282288312912	0.02618282288312912	23	32	1	1	original_hum_ascii_original	original_hum_all_diacritics	93	350	257
original_hum	all_diacritics	14	final_prompt_token_minus_1	28536	0.07590261101722717	0.0	-0.07590261101722717	0.07590261101722717	49		1	0	original_hum_ascii_original	original_hum_all_diacritics	93	350	257
original_hum	all_diacritics	14	final_prompt_token_minus_1	28687	0.0	0.08926697820425034	0.08926697820425034	0.08926697820425034		44	0	1	original_hum_ascii_original	original_hum_all_diacritics	93	350	257
original_hum	all_diacritics	14	final_prompt_token_minus_1	28880	0.0	0.14554405212402344	0.14554405212402344	0.14554405212402344		22	0	1	original_hum_ascii_original	original_hum_all_diacritics	93	350	257
original_hum	all_diacritics	14	final_prompt_token_minus_1	29619	0.07801148295402527	0.0	-0.07801148295402527	0.07801148295402527	44		1	0	original_hum_ascii_original	original_hum_all_diacritics	93	350	257
original_hum	all_diacritics	14	final_prompt_token_minus_1	30170	0.3690895140171051	0.3905240297317505	0.021434515714645386	0.021434515714645386	3	3	1	1	original_hum_ascii_original	original_hum_all_diacritics	93	350	257
original_hum	all_diacritics	14	final_prompt_token_minus_1	30225	0.07931183278560638	0.09286320954561234	0.013551376760005951	0.013551376760005951	41	41	1	1	original_hum_ascii_original	original_hum_all_diacritics	93	350	257
original_hum	all_diacritics	14	final_prompt_token_minus_1	31733	0.07765716314315796	0.0	-0.07765716314315796	0.07765716314315796	45		1	0	original_hum_ascii_original	original_hum_all_diacritics	93	350	257
original_hum	all_diacritics	14	final_prompt_token_minus_1	32183	0.0	0.08996652811765671	0.08996652811765671	0.08996652811765671		43	0	1	original_hum_ascii_original	original_hum_all_diacritics	93	350	257
original_hum	all_diacritics	14	final_prompt_token_minus_1	32204	0.08204953372478485	0.0	-0.08204953372478485	0.08204953372478485	34		1	0	original_hum_ascii_original	original_hum_all_diacritics	93	350	257
original_hum	all_diacritics	14	final_prompt_token_minus_1	32427	0.0	0.2834656238555908	0.2834656238555908	0.2834656238555908		8	0	1	original_hum_ascii_original	original_hum_all_diacritics	93	350	257
original_hum	all_diacritics	14	final_prompt_token_minus_1	32680	0.0	0.19723045825958252	0.19723045825958252	0.19723045825958252		14	0	1	original_hum_ascii_original	original_hum_all_diacritics	93	350	257
original_hum	all_diacritics	14	final_prompt_token_minus_5	198	0.0	0.1583849936723709	0.1583849936723709	0.1583849936723709		42	0	1	original_hum_ascii_original	original_hum_all_diacritics	93	350	257
original_hum	all_diacritics	14	final_prompt_token_minus_5	210	0.08845587819814682	0.0	-0.08845587819814682	0.08845587819814682	48		1	0	original_hum_ascii_original	original_hum_all_diacritics	93	350	257
original_hum	all_diacritics	14	final_prompt_token_minus_5	229	0.0	0.137012779712677	0.137012779712677	0.137012779712677		50	0	1	original_hum_ascii_original	original_hum_all_diacritics	93	350	257
original_hum	all_diacritics	14	final_prompt_token_minus_5	438	0.16378967463970184	0.0	-0.16378967463970184	0.16378967463970184	13		1	0	original_hum_ascii_original	original_hum_all_diacritics	93	350	257
original_hum	all_diacritics	14	final_prompt_token_minus_5	764	0.0	0.21210604906082153	0.21210604906082153	0.21210604906082153		22	0	1	original_hum_ascii_original	original_hum_all_diacritics	93	350	257
original_hum	all_diacritics	14	final_prompt_token_minus_5	1973	0.17396679520606995	0.0	-0.17396679520606995	0.17396679520606995	12		1	0	original_hum_ascii_original	original_hum_all_diacritics	93	350	257
original_hum	all_diacritics	14	final_prompt_token_minus_5	2072	0.0	0.17931213974952698	0.17931213974952698	0.17931213974952698		31	0	1	original_hum_ascii_original	original_hum_all_diacritics	93	350	257
original_hum	all_diacritics	14	final_prompt_token_minus_5	2961	1.0757501125335693	1.1762175559997559	0.10046744346618652	0.10046744346618652	1	1	1	1	original_hum_ascii_original	original_hum_all_diacritics	93	350	257
original_hum	all_diacritics	14	final_prompt_token_minus_5	3170	0.0	0.15419921278953552	0.15419921278953552	0.15419921278953552		43	0	1	original_hum_ascii_original	original_hum_all_diacritics	93	350	257
original_hum	all_diacritics	14	final_prompt_token_minus_5	3454	0.08824450522661209	0.0	-0.08824450522661209	0.08824450522661209	49		1	0	original_hum_ascii_original	original_hum_all_diacritics	93	350	257
original_hum	all_diacritics	14	final_prompt_token_minus_5	3781	0.13802973926067352	0.0	-0.13802973926067352	0.13802973926067352	18		1	0	original_hum_ascii_original	original_hum_all_diacritics	93	350	257
original_hum	all_diacritics	14	final_prompt_token_minus_5	3867	0.0	0.17554573714733124	0.17554573714733124	0.17554573714733124		33	0	1	original_hum_ascii_original	original_hum_all_diacritics	93	350	257
original_hum	all_diacritics	14	final_prompt_token_minus_5	4010	0.23250465095043182	0.0	-0.23250465095043182	0.23250465095043182	6		1	0	original_hum_ascii_original	original_hum_all_diacritics	93	350	257
original_hum	all_diacritics	14	final_prompt_token_minus_5	4811	0.0	0.22927086055278778	0.22927086055278778	0.22927086055278778		18	0	1	original_hum_ascii_original	original_hum_all_diacritics	93	350	257
original_hum	all_diacritics	14	final_prompt_token_minus_5	4850	0.10583700984716415	0.0	-0.10583700984716415	0.10583700984716415	35		1	0	original_hum_ascii_original	original_hum_all_diacritics	93	350	257
original_hum	all_diacritics	14	final_prompt_token_minus_5	4960	0.0	0.2504136562347412	0.2504136562347412	0.2504136562347412		13	0	1	original_hum_ascii_original	original_hum_all_diacritics	93	350	257
original_hum	all_diacritics	14	final_prompt_token_minus_5	5032	0.1081906259059906	0.0	-0.1081906259059906	0.1081906259059906	30		1	0	original_hum_ascii_original	original_hum_all_diacritics	93	350	257
original_hum	all_diacritics	14	final_prompt_token_minus_5	5404	0.0	0.16201968491077423	0.16201968491077423	0.16201968491077423		39	0	1	original_hum_ascii_original	original_hum_all_diacritics	93	350	257
original_hum	all_diacritics	14	final_prompt_token_minus_5	5941	0.0	0.1681353747844696	0.1681353747844696	0.1681353747844696		38	0	1	original_hum_ascii_original	original_hum_all_diacritics	93	350	257
original_hum	all_diacritics	14	final_prompt_token_minus_5	6429	0.26575198769569397	0.20562869310379028	-0.060123294591903687	0.060123294591903687	5	23	1	1	original_hum_ascii_original	original_hum_all_diacritics	93	350	257
original_hum	all_diacritics	14	final_prompt_token_minus_5	6442	0.09860055893659592	0.0	-0.09860055893659592	0.09860055893659592	39		1	0	original_hum_ascii_original	original_hum_all_diacritics	93	350	257
original_hum	all_diacritics	14	final_prompt_token_minus_5	6477	0.1163020133972168	0.0	-0.1163020133972168	0.1163020133972168	27		1	0	original_hum_ascii_original	original_hum_all_diacritics	93	350	257
original_hum	all_diacritics	14	final_prompt_token_minus_5	6526	0.0	0.14244598150253296	0.14244598150253296	0.14244598150253296		46	0	1	original_hum_ascii_original	original_hum_all_diacritics	93	350	257
original_hum	all_diacritics	14	final_prompt_token_minus_5	6681	0.0	0.49462175369262695	0.49462175369262695	0.49462175369262695		3	0	1	original_hum_ascii_original	original_hum_all_diacritics	93	350	257
original_hum	all_diacritics	14	final_prompt_token_minus_5	6804	0.5306376814842224	0.0	-0.5306376814842224	0.5306376814842224	3		1	0	original_hum_ascii_original	original_hum_all_diacritics	93	350	257
original_hum	all_diacritics	14	final_prompt_token_minus_5	6846	0.18230310082435608	0.0	-0.18230310082435608	0.18230310082435608	10		1	0	original_hum_ascii_original	original_hum_all_diacritics	93	350	257
original_hum	all_diacritics	14	final_prompt_token_minus_5	7051	0.0	0.14722681045532227	0.14722681045532227	0.14722681045532227		44	0	1	original_hum_ascii_original	original_hum_all_diacritics	93	350	257
original_hum	all_diacritics	14	final_prompt_token_minus_5	7998	0.22291457653045654	0.0	-0.22291457653045654	0.22291457653045654	7		1	0	original_hum_ascii_original	original_hum_all_diacritics	93	350	257
original_hum	all_diacritics	14	final_prompt_token_minus_5	8547	0.0	0.19734065234661102	0.19734065234661102	0.19734065234661102		26	0	1	original_hum_ascii_original	original_hum_all_diacritics	93	350	257
original_hum	all_diacritics	14	final_prompt_token_minus_5	9080	0.0	0.14297176897525787	0.14297176897525787	0.14297176897525787		45	0	1	original_hum_ascii_original	original_hum_all_diacritics	93	350	257
original_hum	all_diacritics	14	final_prompt_token_minus_5	9106	0.0	0.2008180171251297	0.2008180171251297	0.2008180171251297		24	0	1	original_hum_ascii_original	original_hum_all_diacritics	93	350	257
original_hum	all_diacritics	14	final_prompt_token_minus_5	9122	0.0	0.3245825171470642	0.3245825171470642	0.3245825171470642		7	0	1	original_hum_ascii_original	original_hum_all_diacritics	93	350	257
original_hum	all_diacritics	14	final_prompt_token_minus_5	10804	0.11051413416862488	0.0	-0.11051413416862488	0.11051413416862488	28		1	0	original_hum_ascii_original	original_hum_all_diacritics	93	350	257
original_hum	all_diacritics	14	final_prompt_token_minus_5	11864	0.12023269385099411	0.0	-0.12023269385099411	0.12023269385099411	24		1	0	original_hum_ascii_original	original_hum_all_diacritics	93	350	257
original_hum	all_diacritics	14	final_prompt_token_minus_5	12179	0.14202867448329926	0.0	-0.14202867448329926	0.14202867448329926	16		1	0	original_hum_ascii_original	original_hum_all_diacritics	93	350	257
original_hum	all_diacritics	14	final_prompt_token_minus_5	12399	0.08793401718139648	0.0	-0.08793401718139648	0.08793401718139648	50		1	0	original_hum_ascii_original	original_hum_all_diacritics	93	350	257
original_hum	all_diacritics	14	final_prompt_token_minus_5	12420	0.7626116275787354	0.0	-0.7626116275787354	0.7626116275787354	2		1	0	original_hum_ascii_original	original_hum_all_diacritics	93	350	257
original_hum	all_diacritics	14	final_prompt_token_minus_5	12546	0.10370586812496185	0.0	-0.10370586812496185	0.10370586812496185	36		1	0	original_hum_ascii_original	original_hum_all_diacritics	93	350	257
original_hum	all_diacritics	14	final_prompt_token_minus_5	13092	0.0	0.13715174794197083	0.13715174794197083	0.13715174794197083		49	0	1	original_hum_ascii_original	original_hum_all_diacritics	93	350	257
original_hum	all_diacritics	14	final_prompt_token_minus_5	13119	0.15948860347270966	0.0	-0.15948860347270966	0.15948860347270966	14		1	0	original_hum_ascii_original	original_hum_all_diacritics	93	350	257
original_hum	all_diacritics	14	final_prompt_token_minus_5	13305	0.0	0.3029370903968811	0.3029370903968811	0.3029370903968811		10	0	1	original_hum_ascii_original	original_hum_all_diacritics	93	350	257
original_hum	all_diacritics	14	final_prompt_token_minus_5	13517	0.11006458103656769	0.0	-0.11006458103656769	0.11006458103656769	29		1	0	original_hum_ascii_original	original_hum_all_diacritics	93	350	257
original_hum	all_diacritics	14	final_prompt_token_minus_5	13737	0.0	0.2152780294418335	0.2152780294418335	0.2152780294418335		20	0	1	original_hum_ascii_original	original_hum_all_diacritics	93	350	257
original_hum	all_diacritics	14	final_prompt_token_minus_5	14083	0.0	0.2434106171131134	0.2434106171131134	0.2434106171131134		14	0	1	original_hum_ascii_original	original_hum_all_diacritics	93	350	257
original_hum	all_diacritics	14	final_prompt_token_minus_5	15006	0.09291967749595642	0.0	-0.09291967749595642	0.09291967749595642	42		1	0	original_hum_ascii_original	original_hum_all_diacritics	93	350	257
original_hum	all_diacritics	14	final_prompt_token_minus_5	15387	0.0	0.16969016194343567	0.16969016194343567	0.16969016194343567		35	0	1	original_hum_ascii_original	original_hum_all_diacritics	93	350	257
original_hum	all_diacritics	14	final_prompt_token_minus_5	16125	0.0	0.13915672898292542	0.13915672898292542	0.13915672898292542		48	0	1	original_hum_ascii_original	original_hum_all_diacritics	93	350	257
original_hum	all_diacritics	14	final_prompt_token_minus_5	16195	0.1765463501214981	0.0	-0.1765463501214981	0.1765463501214981	11		1	0	original_hum_ascii_original	original_hum_all_diacritics	93	350	257
original_hum	all_diacritics	14	final_prompt_token_minus_5	16371	0.0	0.23058900237083435	0.23058900237083435	0.23058900237083435		17	0	1	original_hum_ascii_original	original_hum_all_diacritics	93	350	257
original_hum	all_diacritics	14	final_prompt_token_minus_5	16973	0.13534760475158691	0.0	-0.13534760475158691	0.13534760475158691	19		1	0	original_hum_ascii_original	original_hum_all_diacritics	93	350	257
original_hum	all_diacritics	14	final_prompt_token_minus_5	17359	0.0	0.16866731643676758	0.16866731643676758	0.16866731643676758		36	0	1	original_hum_ascii_original	original_hum_all_diacritics	93	350	257
original_hum	all_diacritics	14	final_prompt_token_minus_5	17384	0.0928545594215393	0.0	-0.0928545594215393	0.0928545594215393	43		1	0	original_hum_ascii_original	original_hum_all_diacritics	93	350	257
original_hum	all_diacritics	14	final_prompt_token_minus_5	17656	0.12278657406568527	0.0	-0.12278657406568527	0.12278657406568527	23		1	0	original_hum_ascii_original	original_hum_all_diacritics	93	350	257
original_hum	all_diacritics	14	final_prompt_token_minus_5	17889	0.14771750569343567	0.0	-0.14771750569343567	0.14771750569343567	15		1	0	original_hum_ascii_original	original_hum_all_diacritics	93	350	257
original_hum	all_diacritics	14	final_prompt_token_minus_5	18401	0.0	0.20045053958892822	0.20045053958892822	0.20045053958892822		25	0	1	original_hum_ascii_original	original_hum_all_diacritics	93	350	257
original_hum	all_diacritics	14	final_prompt_token_minus_5	18503	0.0	0.23210901021957397	0.23210901021957397	0.23210901021957397		16	0	1	original_hum_ascii_original	original_hum_all_diacritics	93	350	257
original_hum	all_diacritics	14	final_prompt_token_minus_5	18581	0.0	0.21326172351837158	0.21326172351837158	0.21326172351837158		21	0	1	original_hum_ascii_original	original_hum_all_diacritics	93	350	257
original_hum	all_diacritics	14	final_prompt_token_minus_5	18673	0.18366771936416626	0.0	-0.18366771936416626	0.18366771936416626	9		1	0	original_hum_ascii_original	original_hum_all_diacritics	93	350	257
original_hum	all_diacritics	14	final_prompt_token_minus_5	18775	0.10586845874786377	0.0	-0.10586845874786377	0.10586845874786377	34		1	0	original_hum_ascii_original	original_hum_all_diacritics	93	350	257
original_hum	all_diacritics	14	final_prompt_token_minus_5	19712	0.0	0.19570083916187286	0.19570083916187286	0.19570083916187286		27	0	1	original_hum_ascii_original	original_hum_all_diacritics	93	350	257
original_hum	all_diacritics	14	final_prompt_token_minus_5	19919	0.12692531943321228	0.0	-0.12692531943321228	0.12692531943321228	22		1	0	original_hum_ascii_original	original_hum_all_diacritics	93	350	257
original_hum	all_diacritics	14	final_prompt_token_minus_5	20064	0.13042046129703522	0.0	-0.13042046129703522	0.13042046129703522	21		1	0	original_hum_ascii_original	original_hum_all_diacritics	93	350	257
original_hum	all_diacritics	14	final_prompt_token_minus_5	20557	0.18499016761779785	0.17096781730651855	-0.014022350311279297	0.014022350311279297	8	34	1	1	original_hum_ascii_original	original_hum_all_diacritics	93	350	257
original_hum	all_diacritics	14	final_prompt_token_minus_5	20681	0.09171319007873535	0.0	-0.09171319007873535	0.09171319007873535	45		1	0	original_hum_ascii_original	original_hum_all_diacritics	93	350	257
original_hum	all_diacritics	14	final_prompt_token_minus_5	20865	0.0	0.18024705350399017	0.18024705350399017	0.18024705350399017		30	0	1	original_hum_ascii_original	original_hum_all_diacritics	93	350	257
original_hum	all_diacritics	14	final_prompt_token_minus_5	21803	0.09094459563493729	0.0	-0.09094459563493729	0.09094459563493729	47		1	0	original_hum_ascii_original	original_hum_all_diacritics	93	350	257
original_hum	all_diacritics	14	final_prompt_token_minus_5	21981	0.0	0.17914339900016785	0.17914339900016785	0.17914339900016785		32	0	1	original_hum_ascii_original	original_hum_all_diacritics	93	350	257
original_hum	all_diacritics	14	final_prompt_token_minus_5	22078	0.0	0.315595805644989	0.315595805644989	0.315595805644989		8	0	1	original_hum_ascii_original	original_hum_all_diacritics	93	350	257
original_hum	all_diacritics	14	final_prompt_token_minus_5	22208	0.09776429831981659	0.0	-0.09776429831981659	0.09776429831981659	40		1	0	original_hum_ascii_original	original_hum_all_diacritics	93	350	257
original_hum	all_diacritics	14	final_prompt_token_minus_5	22813	0.10602040588855743	0.0	-0.10602040588855743	0.10602040588855743	32		1	0	original_hum_ascii_original	original_hum_all_diacritics	93	350	257
original_hum	all_diacritics	14	final_prompt_token_minus_5	23073	0.1408545970916748	0.0	-0.1408545970916748	0.1408545970916748	17		1	0	original_hum_ascii_original	original_hum_all_diacritics	93	350	257
original_hum	all_diacritics	14	final_prompt_token_minus_5	23171	0.0	0.1602049320936203	0.1602049320936203	0.1602049320936203		40	0	1	original_hum_ascii_original	original_hum_all_diacritics	93	350	257
original_hum	all_diacritics	14	final_prompt_token_minus_5	23364	0.10133588314056396	0.0	-0.10133588314056396	0.10133588314056396	38		1	0	original_hum_ascii_original	original_hum_all_diacritics	93	350	257
original_hum	all_diacritics	14	final_prompt_token_minus_5	23957	0.09750664979219437	0.0	-0.09750664979219437	0.09750664979219437	41		1	0	original_hum_ascii_original	original_hum_all_diacritics	93	350	257
original_hum	all_diacritics	14	final_prompt_token_minus_5	24694	0.0	0.27238935232162476	0.27238935232162476	0.27238935232162476		11	0	1	original_hum_ascii_original	original_hum_all_diacritics	93	350	257
original_hum	all_diacritics	14	final_prompt_token_minus_5	25125	0.10812551528215408	0.0	-0.10812551528215408	0.10812551528215408	31		1	0	original_hum_ascii_original	original_hum_all_diacritics	93	350	257
original_hum	all_diacritics	14	final_prompt_token_minus_5	26935	0.0	0.18621289730072021	0.18621289730072021	0.18621289730072021		29	0	1	original_hum_ascii_original	original_hum_all_diacritics	93	350	257
original_hum	all_diacritics	14	final_prompt_token_minus_5	26945	0.11726683378219604	0.0	-0.11726683378219604	0.11726683378219604	26		1	0	original_hum_ascii_original	original_hum_all_diacritics	93	350	257
original_hum	all_diacritics	14	final_prompt_token_minus_5	27023	0.4281465411186218	0.0	-0.4281465411186218	0.4281465411186218	4		1	0	original_hum_ascii_original	original_hum_all_diacritics	93	350	257
original_hum	all_diacritics	14	final_prompt_token_minus_5	27817	0.0	0.6386715769767761	0.6386715769767761	0.6386715769767761		2	0	1	original_hum_ascii_original	original_hum_all_diacritics	93	350	257
original_hum	all_diacritics	14	final_prompt_token_minus_5	28149	0.10150748491287231	0.0	-0.10150748491287231	0.10150748491287231	37		1	0	original_hum_ascii_original	original_hum_all_diacritics	93	350	257
original_hum	all_diacritics	14	final_prompt_token_minus_5	28492	0.0	0.24261948466300964	0.24261948466300964	0.24261948466300964		15	0	1	original_hum_ascii_original	original_hum_all_diacritics	93	350	257
original_hum	all_diacritics	14	final_prompt_token_minus_5	29041	0.0	0.48984232544898987	0.48984232544898987	0.48984232544898987		4	0	1	original_hum_ascii_original	original_hum_all_diacritics	93	350	257
original_hum	all_diacritics	14	final_prompt_token_minus_5	29481	0.0	0.15844237804412842	0.15844237804412842	0.15844237804412842		41	0	1	original_hum_ascii_original	original_hum_all_diacritics	93	350	257
original_hum	all_diacritics	14	final_prompt_token_minus_5	29828	0.0	0.13968735933303833	0.13968735933303833	0.13968735933303833		47	0	1	original_hum_ascii_original	original_hum_all_diacritics	93	350	257
original_hum	all_diacritics	14	final_prompt_token_minus_5	29868	0.13392025232315063	0.0	-0.13392025232315063	0.13392025232315063	20		1	0	original_hum_ascii_original	original_hum_all_diacritics	93	350	257
original_hum	all_diacritics	14	final_prompt_token_minus_5	30170	0.0	0.22050143778324127	0.22050143778324127	0.22050143778324127		19	0	1	original_hum_ascii_original	original_hum_all_diacritics	93	350	257
original_hum	all_diacritics	14	final_prompt_token_minus_5	30275	0.0	0.39436423778533936	0.39436423778533936	0.39436423778533936		5	0	1	original_hum_ascii_original	original_hum_all_diacritics	93	350	257
original_hum	all_diacritics	14	final_prompt_token_minus_5	30715	0.0	0.18806305527687073	0.18806305527687073	0.18806305527687073		28	0	1	original_hum_ascii_original	original_hum_all_diacritics	93	350	257
original_hum	all_diacritics	14	final_prompt_token_minus_5	30950	0.11847710609436035	0.0	-0.11847710609436035	0.11847710609436035	25		1	0	original_hum_ascii_original	original_hum_all_diacritics	93	350	257
original_hum	all_diacritics	14	final_prompt_token_minus_5	31192	0.0	0.38266420364379883	0.38266420364379883	0.38266420364379883		6	0	1	original_hum_ascii_original	original_hum_all_diacritics	93	350	257
original_hum	all_diacritics	14	final_prompt_token_minus_5	31267	0.0927112028002739	0.0	-0.0927112028002739	0.0927112028002739	44		1	0	original_hum_ascii_original	original_hum_all_diacritics	93	350	257
original_hum	all_diacritics	14	final_prompt_token_minus_5	31558	0.0915255919098854	0.0	-0.0915255919098854	0.0915255919098854	46		1	0	original_hum_ascii_original	original_hum_all_diacritics	93	350	257
original_hum	all_diacritics	14	final_prompt_token_minus_5	31733	0.10594604909420013	0.0	-0.10594604909420013	0.10594604909420013	33		1	0	original_hum_ascii_original	original_hum_all_diacritics	93	350	257
original_hum	all_diacritics	14	final_prompt_token_minus_5	32183	0.0	0.2645243704319	0.2645243704319	0.2645243704319		12	0	1	original_hum_ascii_original	original_hum_all_diacritics	93	350	257
original_hum	all_diacritics	14	final_prompt_token_minus_5	32562	0.0	0.3128823935985565	0.3128823935985565	0.3128823935985565		9	0	1	original_hum_ascii_original	original_hum_all_diacritics	93	350	257
original_hum	all_diacritics	14	final_prompt_token_minus_5	32654	0.0	0.16844162344932556	0.16844162344932556	0.16844162344932556		37	0	1	original_hum_ascii_original	original_hum_all_diacritics	93	350	257
original_hum	all_diacritics	14	final_prompt_token_minus_10	389	0.22831714153289795	0.0	-0.22831714153289795	0.22831714153289795	12		1	0	original_hum_ascii_original	original_hum_all_diacritics	93	350	257
original_hum	all_diacritics	14	final_prompt_token_minus_10	438	0.12640373408794403	0.0	-0.12640373408794403	0.12640373408794403	48		1	0	original_hum_ascii_original	original_hum_all_diacritics	93	350	257
original_hum	all_diacritics	14	final_prompt_token_minus_10	872	0.14789557456970215	0.0	-0.14789557456970215	0.14789557456970215	32		1	0	original_hum_ascii_original	original_hum_all_diacritics	93	350	257
original_hum	all_diacritics	14	final_prompt_token_minus_10	1658	0.0	0.15024828910827637	0.15024828910827637	0.15024828910827637		48	0	1	original_hum_ascii_original	original_hum_all_diacritics	93	350	257
original_hum	all_diacritics	14	final_prompt_token_minus_10	2072	0.0	0.17141807079315186	0.17141807079315186	0.17141807079315186		40	0	1	original_hum_ascii_original	original_hum_all_diacritics	93	350	257
original_hum	all_diacritics	14	final_prompt_token_minus_10	2328	0.24085605144500732	0.0	-0.24085605144500732	0.24085605144500732	11		1	0	original_hum_ascii_original	original_hum_all_diacritics	93	350	257
original_hum	all_diacritics	14	final_prompt_token_minus_10	2961	0.29128599166870117	1.1367123126983643	0.8454263210296631	0.8454263210296631	7	1	1	1	original_hum_ascii_original	original_hum_all_diacritics	93	350	257
original_hum	all_diacritics	14	final_prompt_token_minus_10	3994	0.29292353987693787	0.0	-0.29292353987693787	0.29292353987693787	6		1	0	original_hum_ascii_original	original_hum_all_diacritics	93	350	257
original_hum	all_diacritics	14	final_prompt_token_minus_10	4372	0.0	0.2669849097728729	0.2669849097728729	0.2669849097728729		14	0	1	original_hum_ascii_original	original_hum_all_diacritics	93	350	257
original_hum	all_diacritics	14	final_prompt_token_minus_10	4497	0.0	0.16800206899642944	0.16800206899642944	0.16800206899642944		41	0	1	original_hum_ascii_original	original_hum_all_diacritics	93	350	257
original_hum	all_diacritics	14	final_prompt_token_minus_10	4718	0.13467371463775635	0.0	-0.13467371463775635	0.13467371463775635	40		1	0	original_hum_ascii_original	original_hum_all_diacritics	93	350	257
original_hum	all_diacritics	14	final_prompt_token_minus_10	4742	0.0	0.7238025665283203	0.7238025665283203	0.7238025665283203		2	0	1	original_hum_ascii_original	original_hum_all_diacritics	93	350	257
original_hum	all_diacritics	14	final_prompt_token_minus_10	4811	0.0	0.20026351511478424	0.20026351511478424	0.20026351511478424		31	0	1	original_hum_ascii_original	original_hum_all_diacritics	93	350	257
original_hum	all_diacritics	14	final_prompt_token_minus_10	5141	0.0	0.24869035184383392	0.24869035184383392	0.24869035184383392		17	0	1	original_hum_ascii_original	original_hum_all_diacritics	93	350	257
original_hum	all_diacritics	14	final_prompt_token_minus_10	5903	0.19853372871875763	0.0	-0.19853372871875763	0.19853372871875763	15		1	0	original_hum_ascii_original	original_hum_all_diacritics	93	350	257
original_hum	all_diacritics	14	final_prompt_token_minus_10	6192	0.1287318468093872	0.0	-0.1287318468093872	0.1287318468093872	47		1	0	original_hum_ascii_original	original_hum_all_diacritics	93	350	257
original_hum	all_diacritics	14	final_prompt_token_minus_10	6219	0.0	0.18719296157360077	0.18719296157360077	0.18719296157360077		38	0	1	original_hum_ascii_original	original_hum_all_diacritics	93	350	257
original_hum	all_diacritics	14	final_prompt_token_minus_10	6557	0.19661995768547058	0.0	-0.19661995768547058	0.19661995768547058	17		1	0	original_hum_ascii_original	original_hum_all_diacritics	93	350	257
original_hum	all_diacritics	14	final_prompt_token_minus_10	6622	0.0	0.204973965883255	0.204973965883255	0.204973965883255		28	0	1	original_hum_ascii_original	original_hum_all_diacritics	93	350	257
original_hum	all_diacritics	14	final_prompt_token_minus_10	6642	0.2821335792541504	0.0	-0.2821335792541504	0.2821335792541504	8		1	0	original_hum_ascii_original	original_hum_all_diacritics	93	350	257
original_hum	all_diacritics	14	final_prompt_token_minus_10	6681	0.0	0.44690877199172974	0.44690877199172974	0.44690877199172974		4	0	1	original_hum_ascii_original	original_hum_all_diacritics	93	350	257
original_hum	all_diacritics	14	final_prompt_token_minus_10	6818	0.0	0.20107115805149078	0.20107115805149078	0.20107115805149078		30	0	1	original_hum_ascii_original	original_hum_all_diacritics	93	350	257
original_hum	all_diacritics	14	final_prompt_token_minus_10	7000	0.0	0.14895877242088318	0.14895877242088318	0.14895877242088318		50	0	1	original_hum_ascii_original	original_hum_all_diacritics	93	350	257
original_hum	all_diacritics	14	final_prompt_token_minus_10	7427	0.13666051626205444	0.0	-0.13666051626205444	0.13666051626205444	39		1	0	original_hum_ascii_original	original_hum_all_diacritics	93	350	257
original_hum	all_diacritics	14	final_prompt_token_minus_10	7845	0.19415977597236633	0.0	-0.19415977597236633	0.19415977597236633	18		1	0	original_hum_ascii_original	original_hum_all_diacritics	93	350	257
original_hum	all_diacritics	14	final_prompt_token_minus_10	7950	0.0	0.2208523452281952	0.2208523452281952	0.2208523452281952		26	0	1	original_hum_ascii_original	original_hum_all_diacritics	93	350	257
original_hum	all_diacritics	14	final_prompt_token_minus_10	8009	0.0	0.20171822607517242	0.20171822607517242	0.20171822607517242		29	0	1	original_hum_ascii_original	original_hum_all_diacritics	93	350	257
original_hum	all_diacritics	14	final_prompt_token_minus_10	9080	0.0	0.2772524356842041	0.2772524356842041	0.2772524356842041		13	0	1	original_hum_ascii_original	original_hum_all_diacritics	93	350	257
original_hum	all_diacritics	14	final_prompt_token_minus_10	9867	0.1296529769897461	0.0	-0.1296529769897461	0.1296529769897461	46		1	0	original_hum_ascii_original	original_hum_all_diacritics	93	350	257
original_hum	all_diacritics	14	final_prompt_token_minus_10	9914	0.1473228633403778	0.0	-0.1473228633403778	0.1473228633403778	33		1	0	original_hum_ascii_original	original_hum_all_diacritics	93	350	257
original_hum	all_diacritics	14	final_prompt_token_minus_10	9949	0.0	0.1492476761341095	0.1492476761341095	0.1492476761341095		49	0	1	original_hum_ascii_original	original_hum_all_diacritics	93	350	257
original_hum	all_diacritics	14	final_prompt_token_minus_10	10221	0.13865381479263306	0.0	-0.13865381479263306	0.13865381479263306	36		1	0	original_hum_ascii_original	original_hum_all_diacritics	93	350	257
original_hum	all_diacritics	14	final_prompt_token_minus_10	10677	0.15325823426246643	0.0	-0.15325823426246643	0.15325823426246643	29		1	0	original_hum_ascii_original	original_hum_all_diacritics	93	350	257
original_hum	all_diacritics	14	final_prompt_token_minus_10	10845	0.26700595021247864	0.0	-0.26700595021247864	0.26700595021247864	10		1	0	original_hum_ascii_original	original_hum_all_diacritics	93	350	257
original_hum	all_diacritics	14	final_prompt_token_minus_10	10976	0.18629325926303864	0.0	-0.18629325926303864	0.18629325926303864	19		1	0	original_hum_ascii_original	original_hum_all_diacritics	93	350	257
original_hum	all_diacritics	14	final_prompt_token_minus_10	11466	0.14874418079853058	0.0	-0.14874418079853058	0.14874418079853058	31		1	0	original_hum_ascii_original	original_hum_all_diacritics	93	350	257
original_hum	all_diacritics	14	final_prompt_token_minus_10	11646	0.13824020326137543	0.0	-0.13824020326137543	0.13824020326137543	37		1	0	original_hum_ascii_original	original_hum_all_diacritics	93	350	257
original_hum	all_diacritics	14	final_prompt_token_minus_10	11914	0.29545357823371887	0.0	-0.29545357823371887	0.29545357823371887	5		1	0	original_hum_ascii_original	original_hum_all_diacritics	93	350	257
original_hum	all_diacritics	14	final_prompt_token_minus_10	12358	0.0	0.15797975659370422	0.15797975659370422	0.15797975659370422		44	0	1	original_hum_ascii_original	original_hum_all_diacritics	93	350	257
original_hum	all_diacritics	14	final_prompt_token_minus_10	12373	0.0	0.15626437962055206	0.15626437962055206	0.15626437962055206		47	0	1	original_hum_ascii_original	original_hum_all_diacritics	93	350	257
original_hum	all_diacritics	14	final_prompt_token_minus_10	13119	0.22814424335956573	0.0	-0.22814424335956573	0.22814424335956573	13		1	0	original_hum_ascii_original	original_hum_all_diacritics	93	350	257
original_hum	all_diacritics	14	final_prompt_token_minus_10	13454	0.1422826200723648	0.0	-0.1422826200723648	0.1422826200723648	35		1	0	original_hum_ascii_original	original_hum_all_diacritics	93	350	257
original_hum	all_diacritics	14	final_prompt_token_minus_10	13488	0.0	0.25398531556129456	0.25398531556129456	0.25398531556129456		16	0	1	original_hum_ascii_original	original_hum_all_diacritics	93	350	257
original_hum	all_diacritics	14	final_prompt_token_minus_10	13737	0.0	0.40337908267974854	0.40337908267974854	0.40337908267974854		6	0	1	original_hum_ascii_original	original_hum_all_diacritics	93	350	257
original_hum	all_diacritics	14	final_prompt_token_minus_10	14287	0.0	0.1788339614868164	0.1788339614868164	0.1788339614868164		39	0	1	original_hum_ascii_original	original_hum_all_diacritics	93	350	257
original_hum	all_diacritics	14	final_prompt_token_minus_10	14360	0.17904530465602875	0.0	-0.17904530465602875	0.17904530465602875	22		1	0	original_hum_ascii_original	original_hum_all_diacritics	93	350	257
original_hum	all_diacritics	14	final_prompt_token_minus_10	14507	0.14582833647727966	0.0	-0.14582833647727966	0.14582833647727966	34		1	0	original_hum_ascii_original	original_hum_all_diacritics	93	350	257
original_hum	all_diacritics	14	final_prompt_token_minus_10	14712	0.0	0.18803855776786804	0.18803855776786804	0.18803855776786804		37	0	1	original_hum_ascii_original	original_hum_all_diacritics	93	350	257
original_hum	all_diacritics	14	final_prompt_token_minus_10	15254	0.0	0.24510720372200012	0.24510720372200012	0.24510720372200012		18	0	1	original_hum_ascii_original	original_hum_all_diacritics	93	350	257
original_hum	all_diacritics	14	final_prompt_token_minus_10	16326	0.0	0.2285892516374588	0.2285892516374588	0.2285892516374588		25	0	1	original_hum_ascii_original	original_hum_all_diacritics	93	350	257
original_hum	all_diacritics	14	final_prompt_token_minus_10	16371	0.0	0.1585380733013153	0.1585380733013153	0.1585380733013153		43	0	1	original_hum_ascii_original	original_hum_all_diacritics	93	350	257
original_hum	all_diacritics	14	final_prompt_token_minus_10	16436	0.12284058332443237	0.0	-0.12284058332443237	0.12284058332443237	50		1	0	original_hum_ascii_original	original_hum_all_diacritics	93	350	257
original_hum	all_diacritics	14	final_prompt_token_minus_10	16748	0.0	0.23888468742370605	0.23888468742370605	0.23888468742370605		22	0	1	original_hum_ascii_original	original_hum_all_diacritics	93	350	257
original_hum	all_diacritics	14	final_prompt_token_minus_10	16973	0.12634897232055664	0.0	-0.12634897232055664	0.12634897232055664	49		1	0	original_hum_ascii_original	original_hum_all_diacritics	93	350	257
original_hum	all_diacritics	14	final_prompt_token_minus_10	17072	0.13056580722332	0.0	-0.13056580722332	0.13056580722332	45		1	0	original_hum_ascii_original	original_hum_all_diacritics	93	350	257
original_hum	all_diacritics	14	final_prompt_token_minus_10	17816	0.15343055129051208	0.0	-0.15343055129051208	0.15343055129051208	28		1	0	original_hum_ascii_original	original_hum_all_diacritics	93	350	257
original_hum	all_diacritics	14	final_prompt_token_minus_10	18079	0.1681946963071823	0.0	-0.1681946963071823	0.1681946963071823	23		1	0	original_hum_ascii_original	original_hum_all_diacritics	93	350	257
original_hum	all_diacritics	14	final_prompt_token_minus_10	18401	0.0	0.2546648383140564	0.2546648383140564	0.2546648383140564		15	0	1	original_hum_ascii_original	original_hum_all_diacritics	93	350	257
original_hum	all_diacritics	14	final_prompt_token_minus_10	19514	0.0	0.156917005777359	0.156917005777359	0.156917005777359		45	0	1	original_hum_ascii_original	original_hum_all_diacritics	93	350	257
original_hum	all_diacritics	14	final_prompt_token_minus_10	19988	0.30489277839660645	0.0	-0.30489277839660645	0.30489277839660645	4		1	0	original_hum_ascii_original	original_hum_all_diacritics	93	350	257
original_hum	all_diacritics	14	final_prompt_token_minus_10	19991	0.0	0.24117839336395264	0.24117839336395264	0.24117839336395264		19	0	1	original_hum_ascii_original	original_hum_all_diacritics	93	350	257
original_hum	all_diacritics	14	final_prompt_token_minus_10	20345	0.1641150414943695	0.0	-0.1641150414943695	0.1641150414943695	24		1	0	original_hum_ascii_original	original_hum_all_diacritics	93	350	257
original_hum	all_diacritics	14	final_prompt_token_minus_10	20402	0.1313169151544571	0.0	-0.1313169151544571	0.1313169151544571	41		1	0	original_hum_ascii_original	original_hum_all_diacritics	93	350	257
original_hum	all_diacritics	14	final_prompt_token_minus_10	20426	0.0	0.21194520592689514	0.21194520592689514	0.21194520592689514		27	0	1	original_hum_ascii_original	original_hum_all_diacritics	93	350	257
original_hum	all_diacritics	14	final_prompt_token_minus_10	20529	0.17968140542507172	0.0	-0.17968140542507172	0.17968140542507172	21		1	0	original_hum_ascii_original	original_hum_all_diacritics	93	350	257
original_hum	all_diacritics	14	final_prompt_token_minus_10	20531	0.0	0.23162376880645752	0.23162376880645752	0.23162376880645752		23	0	1	original_hum_ascii_original	original_hum_all_diacritics	93	350	257
original_hum	all_diacritics	14	final_prompt_token_minus_10	20557	0.28096428513526917	0.0	-0.28096428513526917	0.28096428513526917	9		1	0	original_hum_ascii_original	original_hum_all_diacritics	93	350	257
original_hum	all_diacritics	14	final_prompt_token_minus_10	21025	0.0	0.19563312828540802	0.19563312828540802	0.19563312828540802		34	0	1	original_hum_ascii_original	original_hum_all_diacritics	93	350	257
original_hum	all_diacritics	14	final_prompt_token_minus_10	21486	0.13101494312286377	0.0	-0.13101494312286377	0.13101494312286377	44		1	0	original_hum_ascii_original	original_hum_all_diacritics	93	350	257
original_hum	all_diacritics	14	final_prompt_token_minus_10	21763	0.0	0.197569340467453	0.197569340467453	0.197569340467453		32	0	1	original_hum_ascii_original	original_hum_all_diacritics	93	350	257
original_hum	all_diacritics	14	final_prompt_token_minus_10	21764	0.0	0.24094340205192566	0.24094340205192566	0.24094340205192566		20	0	1	original_hum_ascii_original	original_hum_all_diacritics	93	350	257
original_hum	all_diacritics	14	final_prompt_token_minus_10	21821	0.1489848643541336	0.0	-0.1489848643541336	0.1489848643541336	30		1	0	original_hum_ascii_original	original_hum_all_diacritics	93	350	257
original_hum	all_diacritics	14	final_prompt_token_minus_10	22078	0.0	0.3394519090652466	0.3394519090652466	0.3394519090652466		8	0	1	original_hum_ascii_original	original_hum_all_diacritics	93	350	257
original_hum	all_diacritics	14	final_prompt_token_minus_10	22234	0.19749358296394348	0.0	-0.19749358296394348	0.19749358296394348	16		1	0	original_hum_ascii_original	original_hum_all_diacritics	93	350	257
original_hum	all_diacritics	14	final_prompt_token_minus_10	22523	0.0	0.5716304779052734	0.5716304779052734	0.5716304779052734		3	0	1	original_hum_ascii_original	original_hum_all_diacritics	93	350	257
original_hum	all_diacritics	14	final_prompt_token_minus_10	22854	0.0	0.4080917239189148	0.4080917239189148	0.4080917239189148		5	0	1	original_hum_ascii_original	original_hum_all_diacritics	93	350	257
original_hum	all_diacritics	14	final_prompt_token_minus_10	22870	0.13787509500980377	0.0	-0.13787509500980377	0.13787509500980377	38		1	0	original_hum_ascii_original	original_hum_all_diacritics	93	350	257
original_hum	all_diacritics	14	final_prompt_token_minus_10	22945	0.13124960660934448	0.0	-0.13124960660934448	0.13124960660934448	42		1	0	original_hum_ascii_original	original_hum_all_diacritics	93	350	257
original_hum	all_diacritics	14	final_prompt_token_minus_10	23171	0.0	0.15671572089195251	0.15671572089195251	0.15671572089195251		46	0	1	original_hum_ascii_original	original_hum_all_diacritics	93	350	257
original_hum	all_diacritics	14	final_prompt_token_minus_10	23493	0.1580626517534256	0.0	-0.1580626517534256	0.1580626517534256	27		1	0	original_hum_ascii_original	original_hum_all_diacritics	93	350	257
original_hum	all_diacritics	14	final_prompt_token_minus_10	24296	0.3665282130241394	0.0	-0.3665282130241394	0.3665282130241394	3		1	0	original_hum_ascii_original	original_hum_all_diacritics	93	350	257
original_hum	all_diacritics	14	final_prompt_token_minus_10	24694	0.0	0.3392159342765808	0.3392159342765808	0.3392159342765808		9	0	1	original_hum_ascii_original	original_hum_all_diacritics	93	350	257
original_hum	all_diacritics	14	final_prompt_token_minus_10	25905	0.0	0.19516810774803162	0.19516810774803162	0.19516810774803162		35	0	1	original_hum_ascii_original	original_hum_all_diacritics	93	350	257
original_hum	all_diacritics	14	final_prompt_token_minus_10	26049	0.18129445612430573	0.0	-0.18129445612430573	0.18129445612430573	20		1	0	original_hum_ascii_original	original_hum_all_diacritics	93	350	257
original_hum	all_diacritics	14	final_prompt_token_minus_10	26685	0.0	0.30261462926864624	0.30261462926864624	0.30261462926864624		11	0	1	original_hum_ascii_original	original_hum_all_diacritics	93	350	257
original_hum	all_diacritics	14	final_prompt_token_minus_10	27029	0.0	0.3410372734069824	0.3410372734069824	0.3410372734069824		7	0	1	original_hum_ascii_original	original_hum_all_diacritics	93	350	257
original_hum	all_diacritics	14	final_prompt_token_minus_10	27057	0.21331223845481873	0.0	-0.21331223845481873	0.21331223845481873	14		1	0	original_hum_ascii_original	original_hum_all_diacritics	93	350	257
original_hum	all_diacritics	14	final_prompt_token_minus_10	27433	0.0	0.19002410769462585	0.19002410769462585	0.19002410769462585		36	0	1	original_hum_ascii_original	original_hum_all_diacritics	93	350	257
original_hum	all_diacritics	14	final_prompt_token_minus_10	27661	0.16031919419765472	0.0	-0.16031919419765472	0.16031919419765472	25		1	0	original_hum_ascii_original	original_hum_all_diacritics	93	350	257
original_hum	all_diacritics	14	final_prompt_token_minus_10	28624	0.0	0.28376656770706177	0.28376656770706177	0.28376656770706177		12	0	1	original_hum_ascii_original	original_hum_all_diacritics	93	350	257
original_hum	all_diacritics	14	final_prompt_token_minus_10	28627	0.1588219702243805	0.0	-0.1588219702243805	0.1588219702243805	26		1	0	original_hum_ascii_original	original_hum_all_diacritics	93	350	257
original_hum	all_diacritics	14	final_prompt_token_minus_10	29081	0.0	0.31308239698410034	0.31308239698410034	0.31308239698410034		10	0	1	original_hum_ascii_original	original_hum_all_diacritics	93	350	257
original_hum	all_diacritics	14	final_prompt_token_minus_10	29220	0.0	0.1649595946073532	0.1649595946073532	0.1649595946073532		42	0	1	original_hum_ascii_original	original_hum_all_diacritics	93	350	257
original_hum	all_diacritics	14	final_prompt_token_minus_10	29791	0.13114282488822937	0.0	-0.13114282488822937	0.13114282488822937	43		1	0	original_hum_ascii_original	original_hum_all_diacritics	93	350	257
original_hum	all_diacritics	14	final_prompt_token_minus_10	31706	0.38800662755966187	0.0	-0.38800662755966187	0.38800662755966187	2		1	0	original_hum_ascii_original	original_hum_all_diacritics	93	350	257
original_hum	all_diacritics	14	final_prompt_token_minus_10	31733	0.4693179726600647	0.0	-0.4693179726600647	0.4693179726600647	1		1	0	original_hum_ascii_original	original_hum_all_diacritics	93	350	257
original_hum	all_diacritics	14	final_prompt_token_minus_10	31954	0.0	0.24013930559158325	0.24013930559158325	0.24013930559158325		21	0	1	original_hum_ascii_original	original_hum_all_diacritics	93	350	257
original_hum	all_diacritics	14	final_prompt_token_minus_10	31989	0.0	0.19689026474952698	0.19689026474952698	0.19689026474952698		33	0	1	original_hum_ascii_original	original_hum_all_diacritics	93	350	257
original_hum	all_diacritics	14	final_prompt_token_minus_10	32183	0.0	0.23009096086025238	0.23009096086025238	0.23009096086025238		24	0	1	original_hum_ascii_original	original_hum_all_diacritics	93	350	257
