prompt_id	prompt_family	perturbation_type	layer	position_label	token_position	token_string	feature_id	activation	rank	prompt_token_count
original_hum_ascii_original	original_hum	ascii_original	26	final_prompt_token	92	.	2938	1.5165886878967285	1	93
original_hum_ascii_original	original_hum	ascii_original	26	final_prompt_token	92	.	28713	0.6876921057701111	2	93
original_hum_ascii_original	original_hum	ascii_original	26	final_prompt_token	92	.	18937	0.6793770790100098	3	93
original_hum_ascii_original	original_hum	ascii_original	26	final_prompt_token	92	.	1626	0.42868274450302124	4	93
original_hum_ascii_original	original_hum	ascii_original	26	final_prompt_token	92	.	31908	0.4130459427833557	5	93
original_hum_ascii_original	original_hum	ascii_original	26	final_prompt_token	92	.	3241	0.39762821793556213	6	93
original_hum_ascii_original	original_hum	ascii_original	26	final_prompt_token	92	.	19389	0.3767392933368683	7	93
original_hum_ascii_original	original_hum	ascii_original	26	final_prompt_token	92	.	11256	0.3714236319065094	8	93
original_hum_ascii_original	original_hum	ascii_original	26	final_prompt_token	92	.	13935	0.33480870723724365	9	93
original_hum_ascii_original	original_hum	ascii_original	26	final_prompt_token	92	.	15954	0.33095675706863403	10	93
original_hum_ascii_original	original_hum	ascii_original	26	final_prompt_token	92	.	6194	0.3265438377857208	11	93
original_hum_ascii_original	original_hum	ascii_original	26	final_prompt_token	92	.	6429	0.28714343905448914	12	93
original_hum_ascii_original	original_hum	ascii_original	26	final_prompt_token	92	.	29524	0.267924427986145	13	93
original_hum_ascii_original	original_hum	ascii_original	26	final_prompt_token	92	.	599	0.26421117782592773	14	93
original_hum_ascii_original	original_hum	ascii_original	26	final_prompt_token	92	.	18198	0.2619461417198181	15	93
original_hum_ascii_original	original_hum	ascii_original	26	final_prompt_token	92	.	6021	0.2518101930618286	16	93
original_hum_ascii_original	original_hum	ascii_original	26	final_prompt_token	92	.	25001	0.2486875057220459	17	93
original_hum_ascii_original	original_hum	ascii_original	26	final_prompt_token	92	.	25575	0.24138617515563965	18	93
original_hum_ascii_original	original_hum	ascii_original	26	final_prompt_token	92	.	5257	0.24086657166481018	19	93
original_hum_ascii_original	original_hum	ascii_original	26	final_prompt_token	92	.	26684	0.22939588129520416	20	93
original_hum_ascii_original	original_hum	ascii_original	26	final_prompt_token	92	.	32698	0.2284238040447235	21	93
original_hum_ascii_original	original_hum	ascii_original	26	final_prompt_token	92	.	27342	0.22260019183158875	22	93
original_hum_ascii_original	original_hum	ascii_original	26	final_prompt_token	92	.	7982	0.22221095860004425	23	93
original_hum_ascii_original	original_hum	ascii_original	26	final_prompt_token	92	.	12320	0.21982868015766144	24	93
original_hum_ascii_original	original_hum	ascii_original	26	final_prompt_token	92	.	17394	0.2099277377128601	25	93
original_hum_ascii_original	original_hum	ascii_original	26	final_prompt_token	92	.	13916	0.20334245264530182	26	93
original_hum_ascii_original	original_hum	ascii_original	26	final_prompt_token	92	.	13061	0.20255284011363983	27	93
original_hum_ascii_original	original_hum	ascii_original	26	final_prompt_token	92	.	30453	0.19626596570014954	28	93
original_hum_ascii_original	original_hum	ascii_original	26	final_prompt_token	92	.	17869	0.19256216287612915	29	93
original_hum_ascii_original	original_hum	ascii_original	26	final_prompt_token	92	.	23977	0.1921742558479309	30	93
original_hum_ascii_original	original_hum	ascii_original	26	final_prompt_token	92	.	7163	0.18945331871509552	31	93
original_hum_ascii_original	original_hum	ascii_original	26	final_prompt_token	92	.	30033	0.18751904368400574	32	93
original_hum_ascii_original	original_hum	ascii_original	26	final_prompt_token	92	.	15076	0.18733566999435425	33	93
original_hum_ascii_original	original_hum	ascii_original	26	final_prompt_token	92	.	15560	0.18576200306415558	34	93
original_hum_ascii_original	original_hum	ascii_original	26	final_prompt_token	92	.	2722	0.18328024446964264	35	93
original_hum_ascii_original	original_hum	ascii_original	26	final_prompt_token	92	.	14614	0.18283355236053467	36	93
original_hum_ascii_original	original_hum	ascii_original	26	final_prompt_token	92	.	8882	0.17877648770809174	37	93
original_hum_ascii_original	original_hum	ascii_original	26	final_prompt_token	92	.	8418	0.17841987311840057	38	93
original_hum_ascii_original	original_hum	ascii_original	26	final_prompt_token	92	.	3271	0.1778457760810852	39	93
original_hum_ascii_original	original_hum	ascii_original	26	final_prompt_token	92	.	8216	0.17607000470161438	40	93
original_hum_ascii_original	original_hum	ascii_original	26	final_prompt_token	92	.	9745	0.1738123893737793	41	93
original_hum_ascii_original	original_hum	ascii_original	26	final_prompt_token	92	.	11456	0.17288172245025635	42	93
original_hum_ascii_original	original_hum	ascii_original	26	final_prompt_token	92	.	7108	0.17276988923549652	43	93
original_hum_ascii_original	original_hum	ascii_original	26	final_prompt_token	92	.	6593	0.17148388922214508	44	93
original_hum_ascii_original	original_hum	ascii_original	26	final_prompt_token	92	.	21181	0.16554288566112518	45	93
original_hum_ascii_original	original_hum	ascii_original	26	final_prompt_token	92	.	4795	0.15955334901809692	46	93
original_hum_ascii_original	original_hum	ascii_original	26	final_prompt_token	92	.	26363	0.15943516790866852	47	93
original_hum_ascii_original	original_hum	ascii_original	26	final_prompt_token	92	.	32454	0.1574060618877411	48	93
original_hum_ascii_original	original_hum	ascii_original	26	final_prompt_token	92	.	19335	0.1567714810371399	49	93
original_hum_ascii_original	original_hum	ascii_original	26	final_prompt_token	92	.	27872	0.15484745800495148	50	93
original_hum_ascii_original	original_hum	ascii_original	14	final_prompt_token	92	.	2961	0.5185853242874146	1	93
original_hum_ascii_original	original_hum	ascii_original	14	final_prompt_token	92	.	3830	0.511833131313324	2	93
original_hum_ascii_original	original_hum	ascii_original	14	final_prompt_token	92	.	7163	0.34494391083717346	3	93
original_hum_ascii_original	original_hum	ascii_original	14	final_prompt_token	92	.	6429	0.2723112404346466	4	93
original_hum_ascii_original	original_hum	ascii_original	14	final_prompt_token	92	.	20557	0.25481921434402466	5	93
original_hum_ascii_original	original_hum	ascii_original	14	final_prompt_token	92	.	30964	0.2511886656284332	6	93
original_hum_ascii_original	original_hum	ascii_original	14	final_prompt_token	92	.	1168	0.21415798366069794	7	93
original_hum_ascii_original	original_hum	ascii_original	14	final_prompt_token	92	.	8033	0.21156567335128784	8	93
original_hum_ascii_original	original_hum	ascii_original	14	final_prompt_token	92	.	16382	0.20584312081336975	9	93
original_hum_ascii_original	original_hum	ascii_original	14	final_prompt_token	92	.	32300	0.2046404778957367	10	93
original_hum_ascii_original	original_hum	ascii_original	14	final_prompt_token	92	.	2176	0.2016182541847229	11	93
original_hum_ascii_original	original_hum	ascii_original	14	final_prompt_token	92	.	20402	0.19249580800533295	12	93
original_hum_ascii_original	original_hum	ascii_original	14	final_prompt_token	92	.	30170	0.19237349927425385	13	93
original_hum_ascii_original	original_hum	ascii_original	14	final_prompt_token	92	.	16801	0.1905839890241623	14	93
original_hum_ascii_original	original_hum	ascii_original	14	final_prompt_token	92	.	4953	0.17742495238780975	15	93
original_hum_ascii_original	original_hum	ascii_original	14	final_prompt_token	92	.	992	0.17527851462364197	16	93
original_hum_ascii_original	original_hum	ascii_original	14	final_prompt_token	92	.	17193	0.1705974042415619	17	93
original_hum_ascii_original	original_hum	ascii_original	14	final_prompt_token	92	.	26237	0.16283361613750458	18	93
original_hum_ascii_original	original_hum	ascii_original	14	final_prompt_token	92	.	15605	0.16277040541172028	19	93
original_hum_ascii_original	original_hum	ascii_original	14	final_prompt_token	92	.	20769	0.16162540018558502	20	93
original_hum_ascii_original	original_hum	ascii_original	14	final_prompt_token	92	.	25151	0.15837322175502777	21	93
original_hum_ascii_original	original_hum	ascii_original	14	final_prompt_token	92	.	10976	0.15480084717273712	22	93
original_hum_ascii_original	original_hum	ascii_original	14	final_prompt_token	92	.	32621	0.14936262369155884	23	93
original_hum_ascii_original	original_hum	ascii_original	14	final_prompt_token	92	.	12080	0.14483243227005005	24	93
original_hum_ascii_original	original_hum	ascii_original	14	final_prompt_token	92	.	14932	0.1438901424407959	25	93
original_hum_ascii_original	original_hum	ascii_original	14	final_prompt_token	92	.	31774	0.1435861885547638	26	93
original_hum_ascii_original	original_hum	ascii_original	14	final_prompt_token	92	.	23591	0.14032292366027832	27	93
original_hum_ascii_original	original_hum	ascii_original	14	final_prompt_token	92	.	18895	0.1380925178527832	28	93
original_hum_ascii_original	original_hum	ascii_original	14	final_prompt_token	92	.	9030	0.1373305469751358	29	93
original_hum_ascii_original	original_hum	ascii_original	14	final_prompt_token	92	.	12817	0.13707657158374786	30	93
original_hum_ascii_original	original_hum	ascii_original	14	final_prompt_token	92	.	14885	0.1365322768688202	31	93
original_hum_ascii_original	original_hum	ascii_original	14	final_prompt_token	92	.	1814	0.13580195605754852	32	93
original_hum_ascii_original	original_hum	ascii_original	14	final_prompt_token	92	.	4428	0.13570520281791687	33	93
original_hum_ascii_original	original_hum	ascii_original	14	final_prompt_token	92	.	11464	0.13259612023830414	34	93
original_hum_ascii_original	original_hum	ascii_original	14	final_prompt_token	92	.	13029	0.1324918121099472	35	93
original_hum_ascii_original	original_hum	ascii_original	14	final_prompt_token	92	.	9383	0.13118919730186462	36	93
original_hum_ascii_original	original_hum	ascii_original	14	final_prompt_token	92	.	17656	0.128530353307724	37	93
original_hum_ascii_original	original_hum	ascii_original	14	final_prompt_token	92	.	17275	0.1272931694984436	38	93
original_hum_ascii_original	original_hum	ascii_original	14	final_prompt_token	92	.	30172	0.12711578607559204	39	93
original_hum_ascii_original	original_hum	ascii_original	14	final_prompt_token	92	.	4620	0.12692593038082123	40	93
original_hum_ascii_original	original_hum	ascii_original	14	final_prompt_token	92	.	20681	0.1260993778705597	41	93
original_hum_ascii_original	original_hum	ascii_original	14	final_prompt_token	92	.	2266	0.1252298653125763	42	93
original_hum_ascii_original	original_hum	ascii_original	14	final_prompt_token	92	.	32358	0.1246265321969986	43	93
original_hum_ascii_original	original_hum	ascii_original	14	final_prompt_token	92	.	1797	0.12409529089927673	44	93
original_hum_ascii_original	original_hum	ascii_original	14	final_prompt_token	92	.	14679	0.12387111783027649	45	93
original_hum_ascii_original	original_hum	ascii_original	14	final_prompt_token	92	.	12433	0.11901742219924927	46	93
original_hum_ascii_original	original_hum	ascii_original	14	final_prompt_token	92	.	28025	0.11595268547534943	47	93
original_hum_ascii_original	original_hum	ascii_original	14	final_prompt_token	92	.	16845	0.1151876226067543	48	93
original_hum_ascii_original	original_hum	ascii_original	14	final_prompt_token	92	.	4880	0.11506478488445282	49	93
original_hum_ascii_original	original_hum	ascii_original	14	final_prompt_token	92	.	26050	0.114312082529068	50	93
original_hum_ascii_original	original_hum	ascii_original	26	final_prompt_token_minus_1	91	check	799	2.0849788188934326	1	93
original_hum_ascii_original	original_hum	ascii_original	26	final_prompt_token_minus_1	91	check	2938	1.0453124046325684	2	93
original_hum_ascii_original	original_hum	ascii_original	26	final_prompt_token_minus_1	91	check	16706	0.598991870880127	3	93
original_hum_ascii_original	original_hum	ascii_original	26	final_prompt_token_minus_1	91	check	27342	0.49847736954689026	4	93
original_hum_ascii_original	original_hum	ascii_original	26	final_prompt_token_minus_1	91	check	11256	0.3408229649066925	5	93
original_hum_ascii_original	original_hum	ascii_original	26	final_prompt_token_minus_1	91	check	26684	0.3267297148704529	6	93
original_hum_ascii_original	original_hum	ascii_original	26	final_prompt_token_minus_1	91	check	19389	0.3204427659511566	7	93
original_hum_ascii_original	original_hum	ascii_original	26	final_prompt_token_minus_1	91	check	32454	0.30890461802482605	8	93
original_hum_ascii_original	original_hum	ascii_original	26	final_prompt_token_minus_1	91	check	16439	0.30100175738334656	9	93
original_hum_ascii_original	original_hum	ascii_original	26	final_prompt_token_minus_1	91	check	25001	0.29920151829719543	10	93
original_hum_ascii_original	original_hum	ascii_original	26	final_prompt_token_minus_1	91	check	29171	0.2880919575691223	11	93
original_hum_ascii_original	original_hum	ascii_original	26	final_prompt_token_minus_1	91	check	19850	0.28381407260894775	12	93
original_hum_ascii_original	original_hum	ascii_original	26	final_prompt_token_minus_1	91	check	7982	0.26551687717437744	13	93
original_hum_ascii_original	original_hum	ascii_original	26	final_prompt_token_minus_1	91	check	704	0.2613154947757721	14	93
original_hum_ascii_original	original_hum	ascii_original	26	final_prompt_token_minus_1	91	check	29065	0.26044073700904846	15	93
original_hum_ascii_original	original_hum	ascii_original	26	final_prompt_token_minus_1	91	check	20031	0.2509620487689972	16	93
original_hum_ascii_original	original_hum	ascii_original	26	final_prompt_token_minus_1	91	check	9241	0.24169208109378815	17	93
original_hum_ascii_original	original_hum	ascii_original	26	final_prompt_token_minus_1	91	check	26598	0.23765140771865845	18	93
original_hum_ascii_original	original_hum	ascii_original	26	final_prompt_token_minus_1	91	check	23071	0.23368534445762634	19	93
original_hum_ascii_original	original_hum	ascii_original	26	final_prompt_token_minus_1	91	check	8882	0.23224426805973053	20	93
original_hum_ascii_original	original_hum	ascii_original	26	final_prompt_token_minus_1	91	check	22353	0.23205679655075073	21	93
original_hum_ascii_original	original_hum	ascii_original	26	final_prompt_token_minus_1	91	check	9990	0.23132158815860748	22	93
original_hum_ascii_original	original_hum	ascii_original	26	final_prompt_token_minus_1	91	check	8216	0.22875705361366272	23	93
original_hum_ascii_original	original_hum	ascii_original	26	final_prompt_token_minus_1	91	check	16475	0.22713349759578705	24	93
original_hum_ascii_original	original_hum	ascii_original	26	final_prompt_token_minus_1	91	check	5257	0.22263261675834656	25	93
original_hum_ascii_original	original_hum	ascii_original	26	final_prompt_token_minus_1	91	check	29472	0.21717436611652374	26	93
original_hum_ascii_original	original_hum	ascii_original	26	final_prompt_token_minus_1	91	check	8891	0.21474391222000122	27	93
original_hum_ascii_original	original_hum	ascii_original	26	final_prompt_token_minus_1	91	check	15076	0.20724529027938843	28	93
original_hum_ascii_original	original_hum	ascii_original	26	final_prompt_token_minus_1	91	check	31420	0.1995328962802887	29	93
original_hum_ascii_original	original_hum	ascii_original	26	final_prompt_token_minus_1	91	check	13916	0.1931859254837036	30	93
original_hum_ascii_original	original_hum	ascii_original	26	final_prompt_token_minus_1	91	check	10709	0.19084370136260986	31	93
original_hum_ascii_original	original_hum	ascii_original	26	final_prompt_token_minus_1	91	check	6593	0.1902092844247818	32	93
original_hum_ascii_original	original_hum	ascii_original	26	final_prompt_token_minus_1	91	check	17869	0.1889125108718872	33	93
original_hum_ascii_original	original_hum	ascii_original	26	final_prompt_token_minus_1	91	check	17164	0.1829492151737213	34	93
original_hum_ascii_original	original_hum	ascii_original	26	final_prompt_token_minus_1	91	check	31836	0.18255946040153503	35	93
original_hum_ascii_original	original_hum	ascii_original	26	final_prompt_token_minus_1	91	check	7506	0.17481431365013123	36	93
original_hum_ascii_original	original_hum	ascii_original	26	final_prompt_token_minus_1	91	check	27461	0.1745932400226593	37	93
original_hum_ascii_original	original_hum	ascii_original	26	final_prompt_token_minus_1	91	check	31784	0.17284302413463593	38	93
original_hum_ascii_original	original_hum	ascii_original	26	final_prompt_token_minus_1	91	check	22922	0.17136210203170776	39	93
original_hum_ascii_original	original_hum	ascii_original	26	final_prompt_token_minus_1	91	check	18977	0.17101836204528809	40	93
original_hum_ascii_original	original_hum	ascii_original	26	final_prompt_token_minus_1	91	check	10265	0.1704370677471161	41	93
original_hum_ascii_original	original_hum	ascii_original	26	final_prompt_token_minus_1	91	check	26262	0.16707271337509155	42	93
original_hum_ascii_original	original_hum	ascii_original	26	final_prompt_token_minus_1	91	check	4844	0.16514423489570618	43	93
original_hum_ascii_original	original_hum	ascii_original	26	final_prompt_token_minus_1	91	check	16041	0.1622762382030487	44	93
original_hum_ascii_original	original_hum	ascii_original	26	final_prompt_token_minus_1	91	check	1659	0.16034561395645142	45	93
original_hum_ascii_original	original_hum	ascii_original	26	final_prompt_token_minus_1	91	check	16793	0.15720468759536743	46	93
original_hum_ascii_original	original_hum	ascii_original	26	final_prompt_token_minus_1	91	check	31489	0.15497832000255585	47	93
original_hum_ascii_original	original_hum	ascii_original	26	final_prompt_token_minus_1	91	check	27263	0.15293630957603455	48	93
original_hum_ascii_original	original_hum	ascii_original	26	final_prompt_token_minus_1	91	check	32448	0.15181764960289001	49	93
original_hum_ascii_original	original_hum	ascii_original	26	final_prompt_token_minus_1	91	check	10764	0.15153810381889343	50	93
original_hum_ascii_original	original_hum	ascii_original	14	final_prompt_token_minus_1	91	check	8033	1.3254016637802124	1	93
original_hum_ascii_original	original_hum	ascii_original	14	final_prompt_token_minus_1	91	check	2961	1.0314112901687622	2	93
original_hum_ascii_original	original_hum	ascii_original	14	final_prompt_token_minus_1	91	check	30170	0.3690895140171051	3	93
original_hum_ascii_original	original_hum	ascii_original	14	final_prompt_token_minus_1	91	check	21981	0.2605286240577698	4	93
original_hum_ascii_original	original_hum	ascii_original	14	final_prompt_token_minus_1	91	check	19133	0.24571211636066437	5	93
original_hum_ascii_original	original_hum	ascii_original	14	final_prompt_token_minus_1	91	check	21447	0.24075758457183838	6	93
original_hum_ascii_original	original_hum	ascii_original	14	final_prompt_token_minus_1	91	check	6429	0.22330895066261292	7	93
original_hum_ascii_original	original_hum	ascii_original	14	final_prompt_token_minus_1	91	check	3289	0.21890011429786682	8	93
original_hum_ascii_original	original_hum	ascii_original	14	final_prompt_token_minus_1	91	check	7163	0.21606037020683289	9	93
original_hum_ascii_original	original_hum	ascii_original	14	final_prompt_token_minus_1	91	check	20557	0.18130949139595032	10	93
original_hum_ascii_original	original_hum	ascii_original	14	final_prompt_token_minus_1	91	check	15396	0.17640447616577148	11	93
original_hum_ascii_original	original_hum	ascii_original	14	final_prompt_token_minus_1	91	check	23505	0.14780056476593018	12	93
original_hum_ascii_original	original_hum	ascii_original	14	final_prompt_token_minus_1	91	check	25151	0.14700427651405334	13	93
original_hum_ascii_original	original_hum	ascii_original	14	final_prompt_token_minus_1	91	check	12000	0.14680488407611847	14	93
original_hum_ascii_original	original_hum	ascii_original	14	final_prompt_token_minus_1	91	check	13119	0.14598676562309265	15	93
original_hum_ascii_original	original_hum	ascii_original	14	final_prompt_token_minus_1	91	check	4953	0.1415524184703827	16	93
original_hum_ascii_original	original_hum	ascii_original	14	final_prompt_token_minus_1	91	check	20681	0.1379212737083435	17	93
original_hum_ascii_original	original_hum	ascii_original	14	final_prompt_token_minus_1	91	check	3557	0.13522164523601532	18	93
original_hum_ascii_original	original_hum	ascii_original	14	final_prompt_token_minus_1	91	check	16077	0.1330661177635193	19	93
original_hum_ascii_original	original_hum	ascii_original	14	final_prompt_token_minus_1	91	check	11522	0.10359454154968262	20	93
original_hum_ascii_original	original_hum	ascii_original	14	final_prompt_token_minus_1	91	check	13029	0.10216090083122253	21	93
original_hum_ascii_original	original_hum	ascii_original	14	final_prompt_token_minus_1	91	check	20998	0.09990052133798599	22	93
original_hum_ascii_original	original_hum	ascii_original	14	final_prompt_token_minus_1	91	check	28492	0.09920089691877365	23	93
original_hum_ascii_original	original_hum	ascii_original	14	final_prompt_token_minus_1	91	check	20403	0.09776154160499573	24	93
original_hum_ascii_original	original_hum	ascii_original	14	final_prompt_token_minus_1	91	check	1013	0.09495832026004791	25	93
original_hum_ascii_original	original_hum	ascii_original	14	final_prompt_token_minus_1	91	check	26615	0.09321640431880951	26	93
original_hum_ascii_original	original_hum	ascii_original	14	final_prompt_token_minus_1	91	check	26050	0.09191124141216278	27	93
original_hum_ascii_original	original_hum	ascii_original	14	final_prompt_token_minus_1	91	check	6025	0.09043773263692856	28	93
original_hum_ascii_original	original_hum	ascii_original	14	final_prompt_token_minus_1	91	check	4880	0.08719722926616669	29	93
original_hum_ascii_original	original_hum	ascii_original	14	final_prompt_token_minus_1	91	check	11831	0.08563582599163055	30	93
original_hum_ascii_original	original_hum	ascii_original	14	final_prompt_token_minus_1	91	check	11864	0.084995336830616	31	93
original_hum_ascii_original	original_hum	ascii_original	14	final_prompt_token_minus_1	91	check	12578	0.08373109251260757	32	93
original_hum_ascii_original	original_hum	ascii_original	14	final_prompt_token_minus_1	91	check	13692	0.08346346020698547	33	93
original_hum_ascii_original	original_hum	ascii_original	14	final_prompt_token_minus_1	91	check	32204	0.08204953372478485	34	93
original_hum_ascii_original	original_hum	ascii_original	14	final_prompt_token_minus_1	91	check	21405	0.08184586465358734	35	93
original_hum_ascii_original	original_hum	ascii_original	14	final_prompt_token_minus_1	91	check	21393	0.08071122318506241	36	93
original_hum_ascii_original	original_hum	ascii_original	14	final_prompt_token_minus_1	91	check	22608	0.08023607730865479	37	93
original_hum_ascii_original	original_hum	ascii_original	14	final_prompt_token_minus_1	91	check	15605	0.08014270663261414	38	93
original_hum_ascii_original	original_hum	ascii_original	14	final_prompt_token_minus_1	91	check	17656	0.07976562529802322	39	93
original_hum_ascii_original	original_hum	ascii_original	14	final_prompt_token_minus_1	91	check	2665	0.07960088551044464	40	93
original_hum_ascii_original	original_hum	ascii_original	14	final_prompt_token_minus_1	91	check	30225	0.07931183278560638	41	93
original_hum_ascii_original	original_hum	ascii_original	14	final_prompt_token_minus_1	91	check	4337	0.07833660393953323	42	93
original_hum_ascii_original	original_hum	ascii_original	14	final_prompt_token_minus_1	91	check	4959	0.07820617407560349	43	93
original_hum_ascii_original	original_hum	ascii_original	14	final_prompt_token_minus_1	91	check	29619	0.07801148295402527	44	93
original_hum_ascii_original	original_hum	ascii_original	14	final_prompt_token_minus_1	91	check	31733	0.07765716314315796	45	93
original_hum_ascii_original	original_hum	ascii_original	14	final_prompt_token_minus_1	91	check	22813	0.07742861658334732	46	93
original_hum_ascii_original	original_hum	ascii_original	14	final_prompt_token_minus_1	91	check	1102	0.07666369527578354	47	93
original_hum_ascii_original	original_hum	ascii_original	14	final_prompt_token_minus_1	91	check	14932	0.07605382055044174	48	93
original_hum_ascii_original	original_hum	ascii_original	14	final_prompt_token_minus_1	91	check	28536	0.07590261101722717	49	93
original_hum_ascii_original	original_hum	ascii_original	14	final_prompt_token_minus_1	91	check	11726	0.07187807559967041	50	93
original_hum_ascii_original	original_hum	ascii_original	26	final_prompt_token_minus_5	87	an	4514	1.3619940280914307	1	93
original_hum_ascii_original	original_hum	ascii_original	26	final_prompt_token_minus_5	87	an	2938	0.8425180912017822	2	93
original_hum_ascii_original	original_hum	ascii_original	26	final_prompt_token_minus_5	87	an	23952	0.7403864860534668	3	93
original_hum_ascii_original	original_hum	ascii_original	26	final_prompt_token_minus_5	87	an	5230	0.5138218998908997	4	93
original_hum_ascii_original	original_hum	ascii_original	26	final_prompt_token_minus_5	87	an	1984	0.45683109760284424	5	93
original_hum_ascii_original	original_hum	ascii_original	26	final_prompt_token_minus_5	87	an	23178	0.41616809368133545	6	93
original_hum_ascii_original	original_hum	ascii_original	26	final_prompt_token_minus_5	87	an	7982	0.4084320068359375	7	93
original_hum_ascii_original	original_hum	ascii_original	26	final_prompt_token_minus_5	87	an	5412	0.3838328719139099	8	93
original_hum_ascii_original	original_hum	ascii_original	26	final_prompt_token_minus_5	87	an	19668	0.374565988779068	9	93
original_hum_ascii_original	original_hum	ascii_original	26	final_prompt_token_minus_5	87	an	30911	0.3365362882614136	10	93
original_hum_ascii_original	original_hum	ascii_original	26	final_prompt_token_minus_5	87	an	11412	0.3010661005973816	11	93
original_hum_ascii_original	original_hum	ascii_original	26	final_prompt_token_minus_5	87	an	15420	0.27171340584754944	12	93
original_hum_ascii_original	original_hum	ascii_original	26	final_prompt_token_minus_5	87	an	4067	0.2697277069091797	13	93
original_hum_ascii_original	original_hum	ascii_original	26	final_prompt_token_minus_5	87	an	5566	0.26797810196876526	14	93
original_hum_ascii_original	original_hum	ascii_original	26	final_prompt_token_minus_5	87	an	19389	0.2609201967716217	15	93
original_hum_ascii_original	original_hum	ascii_original	26	final_prompt_token_minus_5	87	an	31206	0.25306740403175354	16	93
original_hum_ascii_original	original_hum	ascii_original	26	final_prompt_token_minus_5	87	an	13599	0.24375773966312408	17	93
original_hum_ascii_original	original_hum	ascii_original	26	final_prompt_token_minus_5	87	an	31632	0.22159573435783386	18	93
original_hum_ascii_original	original_hum	ascii_original	26	final_prompt_token_minus_5	87	an	3271	0.22114868462085724	19	93
original_hum_ascii_original	original_hum	ascii_original	26	final_prompt_token_minus_5	87	an	16041	0.2182314395904541	20	93
original_hum_ascii_original	original_hum	ascii_original	26	final_prompt_token_minus_5	87	an	31589	0.20227934420108795	21	93
original_hum_ascii_original	original_hum	ascii_original	26	final_prompt_token_minus_5	87	an	27281	0.19916246831417084	22	93
original_hum_ascii_original	original_hum	ascii_original	26	final_prompt_token_minus_5	87	an	14667	0.19799308478832245	23	93
original_hum_ascii_original	original_hum	ascii_original	26	final_prompt_token_minus_5	87	an	14949	0.1974395513534546	24	93
original_hum_ascii_original	original_hum	ascii_original	26	final_prompt_token_minus_5	87	an	12693	0.19581195712089539	25	93
original_hum_ascii_original	original_hum	ascii_original	26	final_prompt_token_minus_5	87	an	14142	0.18797194957733154	26	93
original_hum_ascii_original	original_hum	ascii_original	26	final_prompt_token_minus_5	87	an	12709	0.18538178503513336	27	93
original_hum_ascii_original	original_hum	ascii_original	26	final_prompt_token_minus_5	87	an	29275	0.18314476311206818	28	93
original_hum_ascii_original	original_hum	ascii_original	26	final_prompt_token_minus_5	87	an	2786	0.1821536421775818	29	93
original_hum_ascii_original	original_hum	ascii_original	26	final_prompt_token_minus_5	87	an	2802	0.17630228400230408	30	93
original_hum_ascii_original	original_hum	ascii_original	26	final_prompt_token_minus_5	87	an	9784	0.17475195229053497	31	93
original_hum_ascii_original	original_hum	ascii_original	26	final_prompt_token_minus_5	87	an	1277	0.17406241595745087	32	93
original_hum_ascii_original	original_hum	ascii_original	26	final_prompt_token_minus_5	87	an	380	0.17311793565750122	33	93
original_hum_ascii_original	original_hum	ascii_original	26	final_prompt_token_minus_5	87	an	11145	0.1727781593799591	34	93
original_hum_ascii_original	original_hum	ascii_original	26	final_prompt_token_minus_5	87	an	2547	0.17214435338974	35	93
original_hum_ascii_original	original_hum	ascii_original	26	final_prompt_token_minus_5	87	an	11456	0.17166537046432495	36	93
original_hum_ascii_original	original_hum	ascii_original	26	final_prompt_token_minus_5	87	an	704	0.16919872164726257	37	93
original_hum_ascii_original	original_hum	ascii_original	26	final_prompt_token_minus_5	87	an	31784	0.16785354912281036	38	93
original_hum_ascii_original	original_hum	ascii_original	26	final_prompt_token_minus_5	87	an	12998	0.16676536202430725	39	93
original_hum_ascii_original	original_hum	ascii_original	26	final_prompt_token_minus_5	87	an	14771	0.16651684045791626	40	93
original_hum_ascii_original	original_hum	ascii_original	26	final_prompt_token_minus_5	87	an	7159	0.16116683185100555	41	93
original_hum_ascii_original	original_hum	ascii_original	26	final_prompt_token_minus_5	87	an	30153	0.1580786108970642	42	93
original_hum_ascii_original	original_hum	ascii_original	26	final_prompt_token_minus_5	87	an	23071	0.1567426323890686	43	93
original_hum_ascii_original	original_hum	ascii_original	26	final_prompt_token_minus_5	87	an	31025	0.15671776235103607	44	93
original_hum_ascii_original	original_hum	ascii_original	26	final_prompt_token_minus_5	87	an	25228	0.1547814905643463	45	93
original_hum_ascii_original	original_hum	ascii_original	26	final_prompt_token_minus_5	87	an	11331	0.1540197730064392	46	93
original_hum_ascii_original	original_hum	ascii_original	26	final_prompt_token_minus_5	87	an	18665	0.1512882560491562	47	93
original_hum_ascii_original	original_hum	ascii_original	26	final_prompt_token_minus_5	87	an	24803	0.1504477560520172	48	93
original_hum_ascii_original	original_hum	ascii_original	26	final_prompt_token_minus_5	87	an	234	0.15021774172782898	49	93
original_hum_ascii_original	original_hum	ascii_original	26	final_prompt_token_minus_5	87	an	19878	0.1497126817703247	50	93
original_hum_ascii_original	original_hum	ascii_original	14	final_prompt_token_minus_5	87	an	2961	1.0757501125335693	1	93
original_hum_ascii_original	original_hum	ascii_original	14	final_prompt_token_minus_5	87	an	12420	0.7626116275787354	2	93
original_hum_ascii_original	original_hum	ascii_original	14	final_prompt_token_minus_5	87	an	6804	0.5306376814842224	3	93
original_hum_ascii_original	original_hum	ascii_original	14	final_prompt_token_minus_5	87	an	27023	0.4281465411186218	4	93
original_hum_ascii_original	original_hum	ascii_original	14	final_prompt_token_minus_5	87	an	6429	0.26575198769569397	5	93
original_hum_ascii_original	original_hum	ascii_original	14	final_prompt_token_minus_5	87	an	4010	0.23250465095043182	6	93
original_hum_ascii_original	original_hum	ascii_original	14	final_prompt_token_minus_5	87	an	7998	0.22291457653045654	7	93
original_hum_ascii_original	original_hum	ascii_original	14	final_prompt_token_minus_5	87	an	20557	0.18499016761779785	8	93
original_hum_ascii_original	original_hum	ascii_original	14	final_prompt_token_minus_5	87	an	18673	0.18366771936416626	9	93
original_hum_ascii_original	original_hum	ascii_original	14	final_prompt_token_minus_5	87	an	6846	0.18230310082435608	10	93
original_hum_ascii_original	original_hum	ascii_original	14	final_prompt_token_minus_5	87	an	16195	0.1765463501214981	11	93
original_hum_ascii_original	original_hum	ascii_original	14	final_prompt_token_minus_5	87	an	1973	0.17396679520606995	12	93
original_hum_ascii_original	original_hum	ascii_original	14	final_prompt_token_minus_5	87	an	438	0.16378967463970184	13	93
original_hum_ascii_original	original_hum	ascii_original	14	final_prompt_token_minus_5	87	an	13119	0.15948860347270966	14	93
original_hum_ascii_original	original_hum	ascii_original	14	final_prompt_token_minus_5	87	an	17889	0.14771750569343567	15	93
original_hum_ascii_original	original_hum	ascii_original	14	final_prompt_token_minus_5	87	an	12179	0.14202867448329926	16	93
original_hum_ascii_original	original_hum	ascii_original	14	final_prompt_token_minus_5	87	an	23073	0.1408545970916748	17	93
original_hum_ascii_original	original_hum	ascii_original	14	final_prompt_token_minus_5	87	an	3781	0.13802973926067352	18	93
original_hum_ascii_original	original_hum	ascii_original	14	final_prompt_token_minus_5	87	an	16973	0.13534760475158691	19	93
original_hum_ascii_original	original_hum	ascii_original	14	final_prompt_token_minus_5	87	an	29868	0.13392025232315063	20	93
original_hum_ascii_original	original_hum	ascii_original	14	final_prompt_token_minus_5	87	an	20064	0.13042046129703522	21	93
original_hum_ascii_original	original_hum	ascii_original	14	final_prompt_token_minus_5	87	an	19919	0.12692531943321228	22	93
original_hum_ascii_original	original_hum	ascii_original	14	final_prompt_token_minus_5	87	an	17656	0.12278657406568527	23	93
original_hum_ascii_original	original_hum	ascii_original	14	final_prompt_token_minus_5	87	an	11864	0.12023269385099411	24	93
original_hum_ascii_original	original_hum	ascii_original	14	final_prompt_token_minus_5	87	an	30950	0.11847710609436035	25	93
original_hum_ascii_original	original_hum	ascii_original	14	final_prompt_token_minus_5	87	an	26945	0.11726683378219604	26	93
original_hum_ascii_original	original_hum	ascii_original	14	final_prompt_token_minus_5	87	an	6477	0.1163020133972168	27	93
original_hum_ascii_original	original_hum	ascii_original	14	final_prompt_token_minus_5	87	an	10804	0.11051413416862488	28	93
original_hum_ascii_original	original_hum	ascii_original	14	final_prompt_token_minus_5	87	an	13517	0.11006458103656769	29	93
original_hum_ascii_original	original_hum	ascii_original	14	final_prompt_token_minus_5	87	an	5032	0.1081906259059906	30	93
original_hum_ascii_original	original_hum	ascii_original	14	final_prompt_token_minus_5	87	an	25125	0.10812551528215408	31	93
original_hum_ascii_original	original_hum	ascii_original	14	final_prompt_token_minus_5	87	an	22813	0.10602040588855743	32	93
original_hum_ascii_original	original_hum	ascii_original	14	final_prompt_token_minus_5	87	an	31733	0.10594604909420013	33	93
original_hum_ascii_original	original_hum	ascii_original	14	final_prompt_token_minus_5	87	an	18775	0.10586845874786377	34	93
original_hum_ascii_original	original_hum	ascii_original	14	final_prompt_token_minus_5	87	an	4850	0.10583700984716415	35	93
original_hum_ascii_original	original_hum	ascii_original	14	final_prompt_token_minus_5	87	an	12546	0.10370586812496185	36	93
original_hum_ascii_original	original_hum	ascii_original	14	final_prompt_token_minus_5	87	an	28149	0.10150748491287231	37	93
original_hum_ascii_original	original_hum	ascii_original	14	final_prompt_token_minus_5	87	an	23364	0.10133588314056396	38	93
original_hum_ascii_original	original_hum	ascii_original	14	final_prompt_token_minus_5	87	an	6442	0.09860055893659592	39	93
original_hum_ascii_original	original_hum	ascii_original	14	final_prompt_token_minus_5	87	an	22208	0.09776429831981659	40	93
original_hum_ascii_original	original_hum	ascii_original	14	final_prompt_token_minus_5	87	an	23957	0.09750664979219437	41	93
original_hum_ascii_original	original_hum	ascii_original	14	final_prompt_token_minus_5	87	an	15006	0.09291967749595642	42	93
original_hum_ascii_original	original_hum	ascii_original	14	final_prompt_token_minus_5	87	an	17384	0.0928545594215393	43	93
original_hum_ascii_original	original_hum	ascii_original	14	final_prompt_token_minus_5	87	an	31267	0.0927112028002739	44	93
original_hum_ascii_original	original_hum	ascii_original	14	final_prompt_token_minus_5	87	an	20681	0.09171319007873535	45	93
original_hum_ascii_original	original_hum	ascii_original	14	final_prompt_token_minus_5	87	an	31558	0.0915255919098854	46	93
original_hum_ascii_original	original_hum	ascii_original	14	final_prompt_token_minus_5	87	an	21803	0.09094459563493729	47	93
original_hum_ascii_original	original_hum	ascii_original	14	final_prompt_token_minus_5	87	an	210	0.08845587819814682	48	93
original_hum_ascii_original	original_hum	ascii_original	14	final_prompt_token_minus_5	87	an	3454	0.08824450522661209	49	93
original_hum_ascii_original	original_hum	ascii_original	14	final_prompt_token_minus_5	87	an	12399	0.08793401718139648	50	93
original_hum_ascii_original	original_hum	ascii_original	26	final_prompt_token_minus_10	82	now	26684	0.889609694480896	1	93
original_hum_ascii_original	original_hum	ascii_original	26	final_prompt_token_minus_10	82	now	18527	0.6229004859924316	2	93
original_hum_ascii_original	original_hum	ascii_original	26	final_prompt_token_minus_10	82	now	2938	0.506166934967041	3	93
original_hum_ascii_original	original_hum	ascii_original	26	final_prompt_token_minus_10	82	now	26403	0.482820600271225	4	93
original_hum_ascii_original	original_hum	ascii_original	26	final_prompt_token_minus_10	82	now	677	0.4729844331741333	5	93
original_hum_ascii_original	original_hum	ascii_original	26	final_prompt_token_minus_10	82	now	6069	0.46696481108665466	6	93
original_hum_ascii_original	original_hum	ascii_original	26	final_prompt_token_minus_10	82	now	14672	0.4373258054256439	7	93
original_hum_ascii_original	original_hum	ascii_original	26	final_prompt_token_minus_10	82	now	10709	0.4288721978664398	8	93
original_hum_ascii_original	original_hum	ascii_original	26	final_prompt_token_minus_10	82	now	704	0.4263949990272522	9	93
original_hum_ascii_original	original_hum	ascii_original	26	final_prompt_token_minus_10	82	now	18847	0.376891165971756	10	93
original_hum_ascii_original	original_hum	ascii_original	26	final_prompt_token_minus_10	82	now	75	0.3511373996734619	11	93
original_hum_ascii_original	original_hum	ascii_original	26	final_prompt_token_minus_10	82	now	7982	0.3287926912307739	12	93
original_hum_ascii_original	original_hum	ascii_original	26	final_prompt_token_minus_10	82	now	16439	0.3258412778377533	13	93
original_hum_ascii_original	original_hum	ascii_original	26	final_prompt_token_minus_10	82	now	9576	0.32189232110977173	14	93
original_hum_ascii_original	original_hum	ascii_original	26	final_prompt_token_minus_10	82	now	2430	0.31360340118408203	15	93
original_hum_ascii_original	original_hum	ascii_original	26	final_prompt_token_minus_10	82	now	2228	0.31241273880004883	16	93
original_hum_ascii_original	original_hum	ascii_original	26	final_prompt_token_minus_10	82	now	805	0.3022213578224182	17	93
original_hum_ascii_original	original_hum	ascii_original	26	final_prompt_token_minus_10	82	now	10346	0.3018604516983032	18	93
original_hum_ascii_original	original_hum	ascii_original	26	final_prompt_token_minus_10	82	now	27281	0.30006492137908936	19	93
original_hum_ascii_original	original_hum	ascii_original	26	final_prompt_token_minus_10	82	now	28971	0.29622629284858704	20	93
original_hum_ascii_original	original_hum	ascii_original	26	final_prompt_token_minus_10	82	now	19389	0.29297420382499695	21	93
original_hum_ascii_original	original_hum	ascii_original	26	final_prompt_token_minus_10	82	now	7837	0.2901982069015503	22	93
original_hum_ascii_original	original_hum	ascii_original	26	final_prompt_token_minus_10	82	now	30036	0.2868102490901947	23	93
original_hum_ascii_original	original_hum	ascii_original	26	final_prompt_token_minus_10	82	now	29466	0.28463661670684814	24	93
original_hum_ascii_original	original_hum	ascii_original	26	final_prompt_token_minus_10	82	now	20303	0.27866989374160767	25	93
original_hum_ascii_original	original_hum	ascii_original	26	final_prompt_token_minus_10	82	now	21687	0.2775919735431671	26	93
original_hum_ascii_original	original_hum	ascii_original	26	final_prompt_token_minus_10	82	now	22495	0.27249377965927124	27	93
original_hum_ascii_original	original_hum	ascii_original	26	final_prompt_token_minus_10	82	now	15458	0.2680817246437073	28	93
original_hum_ascii_original	original_hum	ascii_original	26	final_prompt_token_minus_10	82	now	25421	0.26164594292640686	29	93
original_hum_ascii_original	original_hum	ascii_original	26	final_prompt_token_minus_10	82	now	31897	0.25210583209991455	30	93
original_hum_ascii_original	original_hum	ascii_original	26	final_prompt_token_minus_10	82	now	3313	0.25181522965431213	31	93
original_hum_ascii_original	original_hum	ascii_original	26	final_prompt_token_minus_10	82	now	19185	0.2483186572790146	32	93
original_hum_ascii_original	original_hum	ascii_original	26	final_prompt_token_minus_10	82	now	7334	0.24433588981628418	33	93
original_hum_ascii_original	original_hum	ascii_original	26	final_prompt_token_minus_10	82	now	22922	0.24284201860427856	34	93
original_hum_ascii_original	original_hum	ascii_original	26	final_prompt_token_minus_10	82	now	7711	0.23950497806072235	35	93
original_hum_ascii_original	original_hum	ascii_original	26	final_prompt_token_minus_10	82	now	9860	0.23908907175064087	36	93
original_hum_ascii_original	original_hum	ascii_original	26	final_prompt_token_minus_10	82	now	428	0.23780721426010132	37	93
original_hum_ascii_original	original_hum	ascii_original	26	final_prompt_token_minus_10	82	now	17869	0.23722341656684875	38	93
original_hum_ascii_original	original_hum	ascii_original	26	final_prompt_token_minus_10	82	now	31836	0.2347840964794159	39	93
original_hum_ascii_original	original_hum	ascii_original	26	final_prompt_token_minus_10	82	now	26216	0.23426811397075653	40	93
original_hum_ascii_original	original_hum	ascii_original	26	final_prompt_token_minus_10	82	now	21750	0.2274419516324997	41	93
original_hum_ascii_original	original_hum	ascii_original	26	final_prompt_token_minus_10	82	now	5417	0.22449925541877747	42	93
original_hum_ascii_original	original_hum	ascii_original	26	final_prompt_token_minus_10	82	now	7754	0.22224204242229462	43	93
original_hum_ascii_original	original_hum	ascii_original	26	final_prompt_token_minus_10	82	now	21539	0.21820080280303955	44	93
original_hum_ascii_original	original_hum	ascii_original	26	final_prompt_token_minus_10	82	now	11147	0.21604067087173462	45	93
original_hum_ascii_original	original_hum	ascii_original	26	final_prompt_token_minus_10	82	now	1205	0.21149316430091858	46	93
original_hum_ascii_original	original_hum	ascii_original	26	final_prompt_token_minus_10	82	now	24339	0.20780378580093384	47	93
original_hum_ascii_original	original_hum	ascii_original	26	final_prompt_token_minus_10	82	now	1930	0.20506784319877625	48	93
original_hum_ascii_original	original_hum	ascii_original	26	final_prompt_token_minus_10	82	now	2567	0.20114853978157043	49	93
original_hum_ascii_original	original_hum	ascii_original	26	final_prompt_token_minus_10	82	now	5024	0.1957503706216812	50	93
original_hum_ascii_original	original_hum	ascii_original	14	final_prompt_token_minus_10	82	now	31733	0.4693179726600647	1	93
original_hum_ascii_original	original_hum	ascii_original	14	final_prompt_token_minus_10	82	now	31706	0.38800662755966187	2	93
original_hum_ascii_original	original_hum	ascii_original	14	final_prompt_token_minus_10	82	now	24296	0.3665282130241394	3	93
original_hum_ascii_original	original_hum	ascii_original	14	final_prompt_token_minus_10	82	now	19988	0.30489277839660645	4	93
original_hum_ascii_original	original_hum	ascii_original	14	final_prompt_token_minus_10	82	now	11914	0.29545357823371887	5	93
original_hum_ascii_original	original_hum	ascii_original	14	final_prompt_token_minus_10	82	now	3994	0.29292353987693787	6	93
original_hum_ascii_original	original_hum	ascii_original	14	final_prompt_token_minus_10	82	now	2961	0.29128599166870117	7	93
original_hum_ascii_original	original_hum	ascii_original	14	final_prompt_token_minus_10	82	now	6642	0.2821335792541504	8	93
original_hum_ascii_original	original_hum	ascii_original	14	final_prompt_token_minus_10	82	now	20557	0.28096428513526917	9	93
original_hum_ascii_original	original_hum	ascii_original	14	final_prompt_token_minus_10	82	now	10845	0.26700595021247864	10	93
original_hum_ascii_original	original_hum	ascii_original	14	final_prompt_token_minus_10	82	now	2328	0.24085605144500732	11	93
original_hum_ascii_original	original_hum	ascii_original	14	final_prompt_token_minus_10	82	now	389	0.22831714153289795	12	93
original_hum_ascii_original	original_hum	ascii_original	14	final_prompt_token_minus_10	82	now	13119	0.22814424335956573	13	93
original_hum_ascii_original	original_hum	ascii_original	14	final_prompt_token_minus_10	82	now	27057	0.21331223845481873	14	93
original_hum_ascii_original	original_hum	ascii_original	14	final_prompt_token_minus_10	82	now	5903	0.19853372871875763	15	93
original_hum_ascii_original	original_hum	ascii_original	14	final_prompt_token_minus_10	82	now	22234	0.19749358296394348	16	93
original_hum_ascii_original	original_hum	ascii_original	14	final_prompt_token_minus_10	82	now	6557	0.19661995768547058	17	93
original_hum_ascii_original	original_hum	ascii_original	14	final_prompt_token_minus_10	82	now	7845	0.19415977597236633	18	93
original_hum_ascii_original	original_hum	ascii_original	14	final_prompt_token_minus_10	82	now	10976	0.18629325926303864	19	93
original_hum_ascii_original	original_hum	ascii_original	14	final_prompt_token_minus_10	82	now	26049	0.18129445612430573	20	93
original_hum_ascii_original	original_hum	ascii_original	14	final_prompt_token_minus_10	82	now	20529	0.17968140542507172	21	93
original_hum_ascii_original	original_hum	ascii_original	14	final_prompt_token_minus_10	82	now	14360	0.17904530465602875	22	93
original_hum_ascii_original	original_hum	ascii_original	14	final_prompt_token_minus_10	82	now	18079	0.1681946963071823	23	93
original_hum_ascii_original	original_hum	ascii_original	14	final_prompt_token_minus_10	82	now	20345	0.1641150414943695	24	93
original_hum_ascii_original	original_hum	ascii_original	14	final_prompt_token_minus_10	82	now	27661	0.16031919419765472	25	93
original_hum_ascii_original	original_hum	ascii_original	14	final_prompt_token_minus_10	82	now	28627	0.1588219702243805	26	93
original_hum_ascii_original	original_hum	ascii_original	14	final_prompt_token_minus_10	82	now	23493	0.1580626517534256	27	93
original_hum_ascii_original	original_hum	ascii_original	14	final_prompt_token_minus_10	82	now	17816	0.15343055129051208	28	93
original_hum_ascii_original	original_hum	ascii_original	14	final_prompt_token_minus_10	82	now	10677	0.15325823426246643	29	93
original_hum_ascii_original	original_hum	ascii_original	14	final_prompt_token_minus_10	82	now	21821	0.1489848643541336	30	93
original_hum_ascii_original	original_hum	ascii_original	14	final_prompt_token_minus_10	82	now	11466	0.14874418079853058	31	93
original_hum_ascii_original	original_hum	ascii_original	14	final_prompt_token_minus_10	82	now	872	0.14789557456970215	32	93
original_hum_ascii_original	original_hum	ascii_original	14	final_prompt_token_minus_10	82	now	9914	0.1473228633403778	33	93
original_hum_ascii_original	original_hum	ascii_original	14	final_prompt_token_minus_10	82	now	14507	0.14582833647727966	34	93
original_hum_ascii_original	original_hum	ascii_original	14	final_prompt_token_minus_10	82	now	13454	0.1422826200723648	35	93
original_hum_ascii_original	original_hum	ascii_original	14	final_prompt_token_minus_10	82	now	10221	0.13865381479263306	36	93
original_hum_ascii_original	original_hum	ascii_original	14	final_prompt_token_minus_10	82	now	11646	0.13824020326137543	37	93
original_hum_ascii_original	original_hum	ascii_original	14	final_prompt_token_minus_10	82	now	22870	0.13787509500980377	38	93
original_hum_ascii_original	original_hum	ascii_original	14	final_prompt_token_minus_10	82	now	7427	0.13666051626205444	39	93
original_hum_ascii_original	original_hum	ascii_original	14	final_prompt_token_minus_10	82	now	4718	0.13467371463775635	40	93
original_hum_ascii_original	original_hum	ascii_original	14	final_prompt_token_minus_10	82	now	20402	0.1313169151544571	41	93
original_hum_ascii_original	original_hum	ascii_original	14	final_prompt_token_minus_10	82	now	22945	0.13124960660934448	42	93
original_hum_ascii_original	original_hum	ascii_original	14	final_prompt_token_minus_10	82	now	29791	0.13114282488822937	43	93
original_hum_ascii_original	original_hum	ascii_original	14	final_prompt_token_minus_10	82	now	21486	0.13101494312286377	44	93
original_hum_ascii_original	original_hum	ascii_original	14	final_prompt_token_minus_10	82	now	17072	0.13056580722332	45	93
original_hum_ascii_original	original_hum	ascii_original	14	final_prompt_token_minus_10	82	now	9867	0.1296529769897461	46	93
original_hum_ascii_original	original_hum	ascii_original	14	final_prompt_token_minus_10	82	now	6192	0.1287318468093872	47	93
original_hum_ascii_original	original_hum	ascii_original	14	final_prompt_token_minus_10	82	now	438	0.12640373408794403	48	93
original_hum_ascii_original	original_hum	ascii_original	14	final_prompt_token_minus_10	82	now	16973	0.12634897232055664	49	93
original_hum_ascii_original	original_hum	ascii_original	14	final_prompt_token_minus_10	82	now	16436	0.12284058332443237	50	93
original_hum_d_to_ḑ	original_hum	d_to_ḑ	26	final_prompt_token	123	.	2938	1.4191093444824219	1	124
original_hum_d_to_ḑ	original_hum	d_to_ḑ	26	final_prompt_token	123	.	18937	0.6690738201141357	2	124
original_hum_d_to_ḑ	original_hum	d_to_ḑ	26	final_prompt_token	123	.	28713	0.6564428806304932	3	124
original_hum_d_to_ḑ	original_hum	d_to_ḑ	26	final_prompt_token	123	.	11256	0.4188053607940674	4	124
original_hum_d_to_ḑ	original_hum	d_to_ḑ	26	final_prompt_token	123	.	3241	0.39311277866363525	5	124
original_hum_d_to_ḑ	original_hum	d_to_ḑ	26	final_prompt_token	123	.	1626	0.36685711145401	6	124
original_hum_d_to_ḑ	original_hum	d_to_ḑ	26	final_prompt_token	123	.	19389	0.36197859048843384	7	124
original_hum_d_to_ḑ	original_hum	d_to_ḑ	26	final_prompt_token	123	.	13935	0.3231457769870758	8	124
original_hum_d_to_ḑ	original_hum	d_to_ḑ	26	final_prompt_token	123	.	15954	0.30385756492614746	9	124
original_hum_d_to_ḑ	original_hum	d_to_ḑ	26	final_prompt_token	123	.	6429	0.30359748005867004	10	124
original_hum_d_to_ḑ	original_hum	d_to_ḑ	26	final_prompt_token	123	.	31908	0.292633056640625	11	124
original_hum_d_to_ḑ	original_hum	d_to_ḑ	26	final_prompt_token	123	.	6194	0.27976322174072266	12	124
original_hum_d_to_ḑ	original_hum	d_to_ḑ	26	final_prompt_token	123	.	26684	0.27230241894721985	13	124
original_hum_d_to_ḑ	original_hum	d_to_ḑ	26	final_prompt_token	123	.	27342	0.26426881551742554	14	124
original_hum_d_to_ḑ	original_hum	d_to_ḑ	26	final_prompt_token	123	.	5257	0.2598108649253845	15	124
original_hum_d_to_ḑ	original_hum	d_to_ḑ	26	final_prompt_token	123	.	25001	0.2547481954097748	16	124
original_hum_d_to_ḑ	original_hum	d_to_ḑ	26	final_prompt_token	123	.	29524	0.25457924604415894	17	124
original_hum_d_to_ḑ	original_hum	d_to_ḑ	26	final_prompt_token	123	.	599	0.2543397545814514	18	124
original_hum_d_to_ḑ	original_hum	d_to_ḑ	26	final_prompt_token	123	.	6021	0.2491822987794876	19	124
original_hum_d_to_ḑ	original_hum	d_to_ḑ	26	final_prompt_token	123	.	15076	0.23772160708904266	20	124
original_hum_d_to_ḑ	original_hum	d_to_ḑ	26	final_prompt_token	123	.	18198	0.22990632057189941	21	124
original_hum_d_to_ḑ	original_hum	d_to_ḑ	26	final_prompt_token	123	.	25575	0.2241550236940384	22	124
original_hum_d_to_ḑ	original_hum	d_to_ḑ	26	final_prompt_token	123	.	799	0.22199967503547668	23	124
original_hum_d_to_ḑ	original_hum	d_to_ḑ	26	final_prompt_token	123	.	12320	0.2203332781791687	24	124
original_hum_d_to_ḑ	original_hum	d_to_ḑ	26	final_prompt_token	123	.	32698	0.21616384387016296	25	124
original_hum_d_to_ḑ	original_hum	d_to_ḑ	26	final_prompt_token	123	.	17394	0.1992855966091156	26	124
original_hum_d_to_ḑ	original_hum	d_to_ḑ	26	final_prompt_token	123	.	30453	0.19626474380493164	27	124
original_hum_d_to_ḑ	original_hum	d_to_ḑ	26	final_prompt_token	123	.	7982	0.19445542991161346	28	124
original_hum_d_to_ḑ	original_hum	d_to_ḑ	26	final_prompt_token	123	.	8882	0.19398610293865204	29	124
original_hum_d_to_ḑ	original_hum	d_to_ḑ	26	final_prompt_token	123	.	13916	0.1907757967710495	30	124
original_hum_d_to_ḑ	original_hum	d_to_ḑ	26	final_prompt_token	123	.	8216	0.18992263078689575	31	124
original_hum_d_to_ḑ	original_hum	d_to_ḑ	26	final_prompt_token	123	.	16439	0.18667393922805786	32	124
original_hum_d_to_ḑ	original_hum	d_to_ḑ	26	final_prompt_token	123	.	3271	0.18286727368831635	33	124
original_hum_d_to_ḑ	original_hum	d_to_ḑ	26	final_prompt_token	123	.	30033	0.1817430555820465	34	124
original_hum_d_to_ḑ	original_hum	d_to_ḑ	26	final_prompt_token	123	.	7163	0.1776902675628662	35	124
original_hum_d_to_ḑ	original_hum	d_to_ḑ	26	final_prompt_token	123	.	21539	0.17231743037700653	36	124
original_hum_d_to_ḑ	original_hum	d_to_ḑ	26	final_prompt_token	123	.	22503	0.1708146333694458	37	124
original_hum_d_to_ḑ	original_hum	d_to_ḑ	26	final_prompt_token	123	.	17869	0.17034298181533813	38	124
original_hum_d_to_ḑ	original_hum	d_to_ḑ	26	final_prompt_token	123	.	26363	0.17028479278087616	39	124
original_hum_d_to_ḑ	original_hum	d_to_ḑ	26	final_prompt_token	123	.	31784	0.1700439751148224	40	124
original_hum_d_to_ḑ	original_hum	d_to_ḑ	26	final_prompt_token	123	.	15560	0.16820482909679413	41	124
original_hum_d_to_ḑ	original_hum	d_to_ḑ	26	final_prompt_token	123	.	11456	0.16548827290534973	42	124
original_hum_d_to_ḑ	original_hum	d_to_ḑ	26	final_prompt_token	123	.	13061	0.1648384928703308	43	124
original_hum_d_to_ḑ	original_hum	d_to_ḑ	26	final_prompt_token	123	.	8418	0.1636323779821396	44	124
original_hum_d_to_ḑ	original_hum	d_to_ḑ	26	final_prompt_token	123	.	31073	0.15929970145225525	45	124
original_hum_d_to_ḑ	original_hum	d_to_ḑ	26	final_prompt_token	123	.	5995	0.15720348060131073	46	124
original_hum_d_to_ḑ	original_hum	d_to_ḑ	26	final_prompt_token	123	.	14614	0.15708012878894806	47	124
original_hum_d_to_ḑ	original_hum	d_to_ḑ	26	final_prompt_token	123	.	19850	0.1569613218307495	48	124
original_hum_d_to_ḑ	original_hum	d_to_ḑ	26	final_prompt_token	123	.	21181	0.15595223009586334	49	124
original_hum_d_to_ḑ	original_hum	d_to_ḑ	26	final_prompt_token	123	.	25351	0.15449291467666626	50	124
original_hum_d_to_ḑ	original_hum	d_to_ḑ	14	final_prompt_token	123	.	2961	0.5092240571975708	1	124
original_hum_d_to_ḑ	original_hum	d_to_ḑ	14	final_prompt_token	123	.	3830	0.4991646409034729	2	124
original_hum_d_to_ḑ	original_hum	d_to_ḑ	14	final_prompt_token	123	.	7163	0.36708757281303406	3	124
original_hum_d_to_ḑ	original_hum	d_to_ḑ	14	final_prompt_token	123	.	8033	0.2669205665588379	4	124
original_hum_d_to_ḑ	original_hum	d_to_ḑ	14	final_prompt_token	123	.	6429	0.2563457787036896	5	124
original_hum_d_to_ḑ	original_hum	d_to_ḑ	14	final_prompt_token	123	.	30964	0.2370443046092987	6	124
original_hum_d_to_ḑ	original_hum	d_to_ḑ	14	final_prompt_token	123	.	20557	0.2346474826335907	7	124
original_hum_d_to_ḑ	original_hum	d_to_ḑ	14	final_prompt_token	123	.	30170	0.23116102814674377	8	124
original_hum_d_to_ḑ	original_hum	d_to_ḑ	14	final_prompt_token	123	.	32300	0.2091299295425415	9	124
original_hum_d_to_ḑ	original_hum	d_to_ḑ	14	final_prompt_token	123	.	1168	0.19835668802261353	10	124
original_hum_d_to_ḑ	original_hum	d_to_ḑ	14	final_prompt_token	123	.	4953	0.19413956999778748	11	124
original_hum_d_to_ḑ	original_hum	d_to_ḑ	14	final_prompt_token	123	.	2176	0.19271045923233032	12	124
original_hum_d_to_ḑ	original_hum	d_to_ḑ	14	final_prompt_token	123	.	25151	0.18985040485858917	13	124
original_hum_d_to_ḑ	original_hum	d_to_ḑ	14	final_prompt_token	123	.	17193	0.1839073747396469	14	124
original_hum_d_to_ḑ	original_hum	d_to_ḑ	14	final_prompt_token	123	.	16801	0.1826229691505432	15	124
original_hum_d_to_ḑ	original_hum	d_to_ḑ	14	final_prompt_token	123	.	20402	0.1777803599834442	16	124
original_hum_d_to_ḑ	original_hum	d_to_ḑ	14	final_prompt_token	123	.	16382	0.17553427815437317	17	124
original_hum_d_to_ḑ	original_hum	d_to_ḑ	14	final_prompt_token	123	.	20769	0.15902186930179596	18	124
original_hum_d_to_ḑ	original_hum	d_to_ḑ	14	final_prompt_token	123	.	992	0.15752673149108887	19	124
original_hum_d_to_ḑ	original_hum	d_to_ḑ	14	final_prompt_token	123	.	15605	0.15070484578609467	20	124
original_hum_d_to_ḑ	original_hum	d_to_ḑ	14	final_prompt_token	123	.	26237	0.14773039519786835	21	124
original_hum_d_to_ḑ	original_hum	d_to_ḑ	14	final_prompt_token	123	.	4428	0.146744966506958	22	124
original_hum_d_to_ḑ	original_hum	d_to_ḑ	14	final_prompt_token	123	.	14932	0.144540935754776	23	124
original_hum_d_to_ḑ	original_hum	d_to_ḑ	14	final_prompt_token	123	.	12817	0.14025837182998657	24	124
original_hum_d_to_ḑ	original_hum	d_to_ḑ	14	final_prompt_token	123	.	9383	0.13981375098228455	25	124
original_hum_d_to_ḑ	original_hum	d_to_ḑ	14	final_prompt_token	123	.	10976	0.13949793577194214	26	124
original_hum_d_to_ḑ	original_hum	d_to_ḑ	14	final_prompt_token	123	.	18895	0.13768693804740906	27	124
original_hum_d_to_ḑ	original_hum	d_to_ḑ	14	final_prompt_token	123	.	11006	0.1374289095401764	28	124
original_hum_d_to_ḑ	original_hum	d_to_ḑ	14	final_prompt_token	123	.	1814	0.1352093517780304	29	124
original_hum_d_to_ḑ	original_hum	d_to_ḑ	14	final_prompt_token	123	.	14885	0.13187956809997559	30	124
original_hum_d_to_ḑ	original_hum	d_to_ḑ	14	final_prompt_token	123	.	12080	0.1300288885831833	31	124
original_hum_d_to_ḑ	original_hum	d_to_ḑ	14	final_prompt_token	123	.	14679	0.12971453368663788	32	124
original_hum_d_to_ḑ	original_hum	d_to_ḑ	14	final_prompt_token	123	.	32621	0.12915879487991333	33	124
original_hum_d_to_ḑ	original_hum	d_to_ḑ	14	final_prompt_token	123	.	13029	0.12834432721138	34	124
original_hum_d_to_ḑ	original_hum	d_to_ḑ	14	final_prompt_token	123	.	31774	0.12724478542804718	35	124
original_hum_d_to_ḑ	original_hum	d_to_ḑ	14	final_prompt_token	123	.	23591	0.1261766403913498	36	124
original_hum_d_to_ḑ	original_hum	d_to_ḑ	14	final_prompt_token	123	.	4620	0.1238805279135704	37	124
original_hum_d_to_ḑ	original_hum	d_to_ḑ	14	final_prompt_token	123	.	20681	0.12295006215572357	38	124
original_hum_d_to_ḑ	original_hum	d_to_ḑ	14	final_prompt_token	123	.	17656	0.11993449181318283	39	124
original_hum_d_to_ḑ	original_hum	d_to_ḑ	14	final_prompt_token	123	.	2266	0.11978419125080109	40	124
original_hum_d_to_ḑ	original_hum	d_to_ḑ	14	final_prompt_token	123	.	3291	0.11838863044977188	41	124
original_hum_d_to_ḑ	original_hum	d_to_ḑ	14	final_prompt_token	123	.	11464	0.11672256886959076	42	124
original_hum_d_to_ḑ	original_hum	d_to_ḑ	14	final_prompt_token	123	.	8677	0.11662926524877548	43	124
original_hum_d_to_ḑ	original_hum	d_to_ḑ	14	final_prompt_token	123	.	26050	0.11389230191707611	44	124
original_hum_d_to_ḑ	original_hum	d_to_ḑ	14	final_prompt_token	123	.	17275	0.1110626608133316	45	124
original_hum_d_to_ḑ	original_hum	d_to_ḑ	14	final_prompt_token	123	.	22687	0.11035260558128357	46	124
original_hum_d_to_ḑ	original_hum	d_to_ḑ	14	final_prompt_token	123	.	9030	0.10959060490131378	47	124
original_hum_d_to_ḑ	original_hum	d_to_ḑ	14	final_prompt_token	123	.	23427	0.10897934436798096	48	124
original_hum_d_to_ḑ	original_hum	d_to_ḑ	14	final_prompt_token	123	.	11864	0.10824991762638092	49	124
original_hum_d_to_ḑ	original_hum	d_to_ḑ	14	final_prompt_token	123	.	1797	0.10760217905044556	50	124
original_hum_d_to_ḑ	original_hum	d_to_ḑ	26	final_prompt_token_minus_1	122	check	799	2.0068798065185547	1	124
original_hum_d_to_ḑ	original_hum	d_to_ḑ	26	final_prompt_token_minus_1	122	check	2938	1.053802490234375	2	124
original_hum_d_to_ḑ	original_hum	d_to_ḑ	26	final_prompt_token_minus_1	122	check	16706	0.585575520992279	3	124
original_hum_d_to_ḑ	original_hum	d_to_ḑ	26	final_prompt_token_minus_1	122	check	27342	0.5054231882095337	4	124
original_hum_d_to_ḑ	original_hum	d_to_ḑ	26	final_prompt_token_minus_1	122	check	19389	0.3332185745239258	5	124
original_hum_d_to_ḑ	original_hum	d_to_ḑ	26	final_prompt_token_minus_1	122	check	11256	0.3321896195411682	6	124
original_hum_d_to_ḑ	original_hum	d_to_ḑ	26	final_prompt_token_minus_1	122	check	16439	0.306962788105011	7	124
original_hum_d_to_ḑ	original_hum	d_to_ḑ	26	final_prompt_token_minus_1	122	check	26684	0.30137330293655396	8	124
original_hum_d_to_ḑ	original_hum	d_to_ḑ	26	final_prompt_token_minus_1	122	check	25001	0.2953749895095825	9	124
original_hum_d_to_ḑ	original_hum	d_to_ḑ	26	final_prompt_token_minus_1	122	check	32454	0.28868088126182556	10	124
original_hum_d_to_ḑ	original_hum	d_to_ḑ	26	final_prompt_token_minus_1	122	check	20031	0.2715727388858795	11	124
original_hum_d_to_ḑ	original_hum	d_to_ḑ	26	final_prompt_token_minus_1	122	check	29171	0.26568466424942017	12	124
original_hum_d_to_ḑ	original_hum	d_to_ḑ	26	final_prompt_token_minus_1	122	check	19850	0.25955188274383545	13	124
original_hum_d_to_ḑ	original_hum	d_to_ḑ	26	final_prompt_token_minus_1	122	check	15076	0.25653743743896484	14	124
original_hum_d_to_ḑ	original_hum	d_to_ḑ	26	final_prompt_token_minus_1	122	check	9241	0.25527769327163696	15	124
original_hum_d_to_ḑ	original_hum	d_to_ḑ	26	final_prompt_token_minus_1	122	check	29065	0.23543505370616913	16	124
original_hum_d_to_ḑ	original_hum	d_to_ḑ	26	final_prompt_token_minus_1	122	check	16475	0.23531751334667206	17	124
original_hum_d_to_ḑ	original_hum	d_to_ḑ	26	final_prompt_token_minus_1	122	check	8216	0.2343226969242096	18	124
original_hum_d_to_ḑ	original_hum	d_to_ḑ	26	final_prompt_token_minus_1	122	check	7982	0.2338547259569168	19	124
original_hum_d_to_ḑ	original_hum	d_to_ḑ	26	final_prompt_token_minus_1	122	check	9990	0.2164575159549713	20	124
original_hum_d_to_ḑ	original_hum	d_to_ḑ	26	final_prompt_token_minus_1	122	check	704	0.21520686149597168	21	124
original_hum_d_to_ḑ	original_hum	d_to_ḑ	26	final_prompt_token_minus_1	122	check	23071	0.21377691626548767	22	124
original_hum_d_to_ḑ	original_hum	d_to_ḑ	26	final_prompt_token_minus_1	122	check	8882	0.21301551163196564	23	124
original_hum_d_to_ḑ	original_hum	d_to_ḑ	26	final_prompt_token_minus_1	122	check	22353	0.2039521187543869	24	124
original_hum_d_to_ḑ	original_hum	d_to_ḑ	26	final_prompt_token_minus_1	122	check	26598	0.20387645065784454	25	124
original_hum_d_to_ḑ	original_hum	d_to_ḑ	26	final_prompt_token_minus_1	122	check	5257	0.1995612382888794	26	124
original_hum_d_to_ḑ	original_hum	d_to_ḑ	26	final_prompt_token_minus_1	122	check	10709	0.19949527084827423	27	124
original_hum_d_to_ḑ	original_hum	d_to_ḑ	26	final_prompt_token_minus_1	122	check	8891	0.18265435099601746	28	124
original_hum_d_to_ḑ	original_hum	d_to_ḑ	26	final_prompt_token_minus_1	122	check	29472	0.18232448399066925	29	124
original_hum_d_to_ḑ	original_hum	d_to_ḑ	26	final_prompt_token_minus_1	122	check	17164	0.18211156129837036	30	124
original_hum_d_to_ḑ	original_hum	d_to_ḑ	26	final_prompt_token_minus_1	122	check	17869	0.18000513315200806	31	124
original_hum_d_to_ḑ	original_hum	d_to_ḑ	26	final_prompt_token_minus_1	122	check	1659	0.1735299527645111	32	124
original_hum_d_to_ḑ	original_hum	d_to_ḑ	26	final_prompt_token_minus_1	122	check	18977	0.1715087890625	33	124
original_hum_d_to_ḑ	original_hum	d_to_ḑ	26	final_prompt_token_minus_1	122	check	31784	0.17020925879478455	34	124
original_hum_d_to_ḑ	original_hum	d_to_ḑ	26	final_prompt_token_minus_1	122	check	6593	0.16995181143283844	35	124
original_hum_d_to_ḑ	original_hum	d_to_ḑ	26	final_prompt_token_minus_1	122	check	31420	0.16677434742450714	36	124
original_hum_d_to_ḑ	original_hum	d_to_ḑ	26	final_prompt_token_minus_1	122	check	7506	0.163349449634552	37	124
original_hum_d_to_ḑ	original_hum	d_to_ḑ	26	final_prompt_token_minus_1	122	check	13916	0.16112631559371948	38	124
original_hum_d_to_ḑ	original_hum	d_to_ḑ	26	final_prompt_token_minus_1	122	check	4844	0.15999826788902283	39	124
original_hum_d_to_ḑ	original_hum	d_to_ḑ	26	final_prompt_token_minus_1	122	check	27461	0.15898169577121735	40	124
original_hum_d_to_ḑ	original_hum	d_to_ḑ	26	final_prompt_token_minus_1	122	check	26262	0.15517231822013855	41	124
original_hum_d_to_ḑ	original_hum	d_to_ḑ	26	final_prompt_token_minus_1	122	check	22025	0.15390098094940186	42	124
original_hum_d_to_ḑ	original_hum	d_to_ḑ	26	final_prompt_token_minus_1	122	check	31836	0.1538575440645218	43	124
original_hum_d_to_ḑ	original_hum	d_to_ḑ	26	final_prompt_token_minus_1	122	check	31073	0.15365730226039886	44	124
original_hum_d_to_ḑ	original_hum	d_to_ḑ	26	final_prompt_token_minus_1	122	check	16041	0.15117642283439636	45	124
original_hum_d_to_ḑ	original_hum	d_to_ḑ	26	final_prompt_token_minus_1	122	check	10265	0.1506464183330536	46	124
original_hum_d_to_ḑ	original_hum	d_to_ḑ	26	final_prompt_token_minus_1	122	check	24636	0.14925506711006165	47	124
original_hum_d_to_ḑ	original_hum	d_to_ḑ	26	final_prompt_token_minus_1	122	check	10764	0.1470421552658081	48	124
original_hum_d_to_ḑ	original_hum	d_to_ḑ	26	final_prompt_token_minus_1	122	check	32448	0.1465790569782257	49	124
original_hum_d_to_ḑ	original_hum	d_to_ḑ	26	final_prompt_token_minus_1	122	check	15484	0.1451185792684555	50	124
original_hum_d_to_ḑ	original_hum	d_to_ḑ	14	final_prompt_token_minus_1	122	check	8033	1.2464951276779175	1	124
original_hum_d_to_ḑ	original_hum	d_to_ḑ	14	final_prompt_token_minus_1	122	check	2961	1.1592881679534912	2	124
original_hum_d_to_ḑ	original_hum	d_to_ḑ	14	final_prompt_token_minus_1	122	check	30170	0.3695007562637329	3	124
original_hum_d_to_ḑ	original_hum	d_to_ḑ	14	final_prompt_token_minus_1	122	check	21981	0.2694582939147949	4	124
original_hum_d_to_ḑ	original_hum	d_to_ḑ	14	final_prompt_token_minus_1	122	check	19133	0.23713909089565277	5	124
original_hum_d_to_ḑ	original_hum	d_to_ḑ	14	final_prompt_token_minus_1	122	check	21447	0.22692903876304626	6	124
original_hum_d_to_ḑ	original_hum	d_to_ḑ	14	final_prompt_token_minus_1	122	check	3289	0.21757462620735168	7	124
original_hum_d_to_ḑ	original_hum	d_to_ḑ	14	final_prompt_token_minus_1	122	check	6429	0.20533454418182373	8	124
original_hum_d_to_ḑ	original_hum	d_to_ḑ	14	final_prompt_token_minus_1	122	check	7163	0.20139732956886292	9	124
original_hum_d_to_ḑ	original_hum	d_to_ḑ	14	final_prompt_token_minus_1	122	check	15396	0.19518032670021057	10	124
original_hum_d_to_ḑ	original_hum	d_to_ḑ	14	final_prompt_token_minus_1	122	check	4953	0.15676334500312805	11	124
original_hum_d_to_ḑ	original_hum	d_to_ḑ	14	final_prompt_token_minus_1	122	check	20557	0.15020745992660522	12	124
original_hum_d_to_ḑ	original_hum	d_to_ḑ	14	final_prompt_token_minus_1	122	check	20681	0.14476372301578522	13	124
original_hum_d_to_ḑ	original_hum	d_to_ḑ	14	final_prompt_token_minus_1	122	check	12000	0.1412653774023056	14	124
original_hum_d_to_ḑ	original_hum	d_to_ḑ	14	final_prompt_token_minus_1	122	check	3557	0.13810832798480988	15	124
original_hum_d_to_ḑ	original_hum	d_to_ḑ	14	final_prompt_token_minus_1	122	check	23505	0.13445962965488434	16	124
original_hum_d_to_ḑ	original_hum	d_to_ḑ	14	final_prompt_token_minus_1	122	check	13119	0.1325906217098236	17	124
original_hum_d_to_ḑ	original_hum	d_to_ḑ	14	final_prompt_token_minus_1	122	check	25151	0.12861110270023346	18	124
original_hum_d_to_ḑ	original_hum	d_to_ḑ	14	final_prompt_token_minus_1	122	check	11522	0.1164722591638565	19	124
original_hum_d_to_ḑ	original_hum	d_to_ḑ	14	final_prompt_token_minus_1	122	check	16077	0.11362795531749725	20	124
original_hum_d_to_ḑ	original_hum	d_to_ḑ	14	final_prompt_token_minus_1	122	check	13029	0.10788057744503021	21	124
original_hum_d_to_ḑ	original_hum	d_to_ḑ	14	final_prompt_token_minus_1	122	check	20403	0.10287638008594513	22	124
original_hum_d_to_ḑ	original_hum	d_to_ḑ	14	final_prompt_token_minus_1	122	check	20998	0.10011285543441772	23	124
original_hum_d_to_ḑ	original_hum	d_to_ḑ	14	final_prompt_token_minus_1	122	check	28492	0.09912832081317902	24	124
original_hum_d_to_ḑ	original_hum	d_to_ḑ	14	final_prompt_token_minus_1	122	check	22813	0.09712687134742737	25	124
original_hum_d_to_ḑ	original_hum	d_to_ḑ	14	final_prompt_token_minus_1	122	check	11864	0.097041055560112	26	124
original_hum_d_to_ḑ	original_hum	d_to_ḑ	14	final_prompt_token_minus_1	122	check	1013	0.09694615006446838	27	124
original_hum_d_to_ḑ	original_hum	d_to_ḑ	14	final_prompt_token_minus_1	122	check	11726	0.0934419333934784	28	124
original_hum_d_to_ḑ	original_hum	d_to_ḑ	14	final_prompt_token_minus_1	122	check	3170	0.09176164865493774	29	124
original_hum_d_to_ḑ	original_hum	d_to_ḑ	14	final_prompt_token_minus_1	122	check	13275	0.08852355182170868	30	124
original_hum_d_to_ḑ	original_hum	d_to_ḑ	14	final_prompt_token_minus_1	122	check	17656	0.08827648311853409	31	124
original_hum_d_to_ḑ	original_hum	d_to_ḑ	14	final_prompt_token_minus_1	122	check	6025	0.0880126878619194	32	124
original_hum_d_to_ḑ	original_hum	d_to_ḑ	14	final_prompt_token_minus_1	122	check	29619	0.08725302666425705	33	124
original_hum_d_to_ḑ	original_hum	d_to_ḑ	14	final_prompt_token_minus_1	122	check	11006	0.08669830113649368	34	124
original_hum_d_to_ḑ	original_hum	d_to_ḑ	14	final_prompt_token_minus_1	122	check	26050	0.0845034271478653	35	124
original_hum_d_to_ḑ	original_hum	d_to_ḑ	14	final_prompt_token_minus_1	122	check	21393	0.08432276546955109	36	124
original_hum_d_to_ḑ	original_hum	d_to_ḑ	14	final_prompt_token_minus_1	122	check	14932	0.083628349006176	37	124
original_hum_d_to_ḑ	original_hum	d_to_ḑ	14	final_prompt_token_minus_1	122	check	32204	0.08225948363542557	38	124
original_hum_d_to_ḑ	original_hum	d_to_ḑ	14	final_prompt_token_minus_1	122	check	12578	0.07817115634679794	39	124
original_hum_d_to_ḑ	original_hum	d_to_ḑ	14	final_prompt_token_minus_1	122	check	4880	0.07738946378231049	40	124
original_hum_d_to_ḑ	original_hum	d_to_ḑ	14	final_prompt_token_minus_1	122	check	11831	0.07681737840175629	41	124
original_hum_d_to_ḑ	original_hum	d_to_ḑ	14	final_prompt_token_minus_1	122	check	25427	0.07650871574878693	42	124
original_hum_d_to_ḑ	original_hum	d_to_ḑ	14	final_prompt_token_minus_1	122	check	13692	0.07632513344287872	43	124
original_hum_d_to_ḑ	original_hum	d_to_ḑ	14	final_prompt_token_minus_1	122	check	15605	0.07624702155590057	44	124
original_hum_d_to_ḑ	original_hum	d_to_ḑ	14	final_prompt_token_minus_1	122	check	28536	0.07471267133951187	45	124
original_hum_d_to_ḑ	original_hum	d_to_ḑ	14	final_prompt_token_minus_1	122	check	26615	0.07438313961029053	46	124
original_hum_d_to_ḑ	original_hum	d_to_ḑ	14	final_prompt_token_minus_1	122	check	15006	0.07229186594486237	47	124
original_hum_d_to_ḑ	original_hum	d_to_ḑ	14	final_prompt_token_minus_1	122	check	18609	0.07121346890926361	48	124
original_hum_d_to_ḑ	original_hum	d_to_ḑ	14	final_prompt_token_minus_1	122	check	21817	0.0702928900718689	49	124
original_hum_d_to_ḑ	original_hum	d_to_ḑ	14	final_prompt_token_minus_1	122	check	32722	0.06567969173192978	50	124
original_hum_d_to_ḑ	original_hum	d_to_ḑ	26	final_prompt_token_minus_5	118	an	4514	1.2408981323242188	1	124
original_hum_d_to_ḑ	original_hum	d_to_ḑ	26	final_prompt_token_minus_5	118	an	2938	1.193082332611084	2	124
original_hum_d_to_ḑ	original_hum	d_to_ḑ	26	final_prompt_token_minus_5	118	an	23952	0.6903201341629028	3	124
original_hum_d_to_ḑ	original_hum	d_to_ḑ	26	final_prompt_token_minus_5	118	an	5230	0.5325241088867188	4	124
original_hum_d_to_ḑ	original_hum	d_to_ḑ	26	final_prompt_token_minus_5	118	an	1984	0.43177083134651184	5	124
original_hum_d_to_ḑ	original_hum	d_to_ḑ	26	final_prompt_token_minus_5	118	an	23178	0.37499138712882996	6	124
original_hum_d_to_ḑ	original_hum	d_to_ḑ	26	final_prompt_token_minus_5	118	an	7982	0.34090352058410645	7	124
original_hum_d_to_ḑ	original_hum	d_to_ḑ	26	final_prompt_token_minus_5	118	an	5412	0.3339615762233734	8	124
original_hum_d_to_ḑ	original_hum	d_to_ḑ	26	final_prompt_token_minus_5	118	an	11412	0.2983633875846863	9	124
original_hum_d_to_ḑ	original_hum	d_to_ḑ	26	final_prompt_token_minus_5	118	an	19668	0.27991676330566406	10	124
original_hum_d_to_ḑ	original_hum	d_to_ḑ	26	final_prompt_token_minus_5	118	an	30911	0.2662743330001831	11	124
original_hum_d_to_ḑ	original_hum	d_to_ḑ	26	final_prompt_token_minus_5	118	an	31206	0.2377844601869583	12	124
original_hum_d_to_ḑ	original_hum	d_to_ḑ	26	final_prompt_token_minus_5	118	an	5566	0.2370065152645111	13	124
original_hum_d_to_ḑ	original_hum	d_to_ḑ	26	final_prompt_token_minus_5	118	an	13599	0.22912685573101044	14	124
original_hum_d_to_ḑ	original_hum	d_to_ḑ	26	final_prompt_token_minus_5	118	an	15420	0.21835029125213623	15	124
original_hum_d_to_ḑ	original_hum	d_to_ḑ	26	final_prompt_token_minus_5	118	an	4067	0.20741534233093262	16	124
original_hum_d_to_ḑ	original_hum	d_to_ḑ	26	final_prompt_token_minus_5	118	an	19389	0.2068883776664734	17	124
original_hum_d_to_ḑ	original_hum	d_to_ḑ	26	final_prompt_token_minus_5	118	an	12693	0.19814515113830566	18	124
original_hum_d_to_ḑ	original_hum	d_to_ḑ	26	final_prompt_token_minus_5	118	an	27281	0.19430263340473175	19	124
original_hum_d_to_ḑ	original_hum	d_to_ḑ	26	final_prompt_token_minus_5	118	an	380	0.19091445207595825	20	124
original_hum_d_to_ḑ	original_hum	d_to_ḑ	26	final_prompt_token_minus_5	118	an	16041	0.190799742937088	21	124
original_hum_d_to_ḑ	original_hum	d_to_ḑ	26	final_prompt_token_minus_5	118	an	14667	0.1799686700105667	22	124
original_hum_d_to_ḑ	original_hum	d_to_ḑ	26	final_prompt_token_minus_5	118	an	29275	0.17809556424617767	23	124
original_hum_d_to_ḑ	original_hum	d_to_ḑ	26	final_prompt_token_minus_5	118	an	11145	0.17775028944015503	24	124
original_hum_d_to_ḑ	original_hum	d_to_ḑ	26	final_prompt_token_minus_5	118	an	12709	0.16847483813762665	25	124
original_hum_d_to_ḑ	original_hum	d_to_ḑ	26	final_prompt_token_minus_5	118	an	2802	0.1669456660747528	26	124
original_hum_d_to_ḑ	original_hum	d_to_ḑ	26	final_prompt_token_minus_5	118	an	3271	0.16352032124996185	27	124
original_hum_d_to_ḑ	original_hum	d_to_ḑ	26	final_prompt_token_minus_5	118	an	24803	0.16333645582199097	28	124
original_hum_d_to_ḑ	original_hum	d_to_ḑ	26	final_prompt_token_minus_5	118	an	14855	0.1618829071521759	29	124
original_hum_d_to_ḑ	original_hum	d_to_ḑ	26	final_prompt_token_minus_5	118	an	9784	0.16072501242160797	30	124
original_hum_d_to_ḑ	original_hum	d_to_ḑ	26	final_prompt_token_minus_5	118	an	30153	0.16065877676010132	31	124
original_hum_d_to_ḑ	original_hum	d_to_ḑ	26	final_prompt_token_minus_5	118	an	7777	0.15965133905410767	32	124
original_hum_d_to_ḑ	original_hum	d_to_ḑ	26	final_prompt_token_minus_5	118	an	2547	0.1577766388654709	33	124
original_hum_d_to_ḑ	original_hum	d_to_ḑ	26	final_prompt_token_minus_5	118	an	31589	0.15601617097854614	34	124
original_hum_d_to_ḑ	original_hum	d_to_ḑ	26	final_prompt_token_minus_5	118	an	557	0.15300247073173523	35	124
original_hum_d_to_ḑ	original_hum	d_to_ḑ	26	final_prompt_token_minus_5	118	an	28289	0.14900407195091248	36	124
original_hum_d_to_ḑ	original_hum	d_to_ḑ	26	final_prompt_token_minus_5	118	an	11456	0.14790530502796173	37	124
original_hum_d_to_ḑ	original_hum	d_to_ḑ	26	final_prompt_token_minus_5	118	an	27606	0.14511600136756897	38	124
original_hum_d_to_ḑ	original_hum	d_to_ḑ	26	final_prompt_token_minus_5	118	an	31784	0.14504334330558777	39	124
original_hum_d_to_ḑ	original_hum	d_to_ḑ	26	final_prompt_token_minus_5	118	an	12998	0.14165878295898438	40	124
original_hum_d_to_ḑ	original_hum	d_to_ḑ	26	final_prompt_token_minus_5	118	an	16793	0.14150279760360718	41	124
original_hum_d_to_ḑ	original_hum	d_to_ḑ	26	final_prompt_token_minus_5	118	an	28777	0.1413094848394394	42	124
original_hum_d_to_ḑ	original_hum	d_to_ḑ	26	final_prompt_token_minus_5	118	an	5669	0.13996398448944092	43	124
original_hum_d_to_ḑ	original_hum	d_to_ḑ	26	final_prompt_token_minus_5	118	an	31632	0.13972154259681702	44	124
original_hum_d_to_ḑ	original_hum	d_to_ḑ	26	final_prompt_token_minus_5	118	an	14771	0.13961175084114075	45	124
original_hum_d_to_ḑ	original_hum	d_to_ḑ	26	final_prompt_token_minus_5	118	an	21350	0.13753071427345276	46	124
original_hum_d_to_ḑ	original_hum	d_to_ḑ	26	final_prompt_token_minus_5	118	an	31025	0.13752317428588867	47	124
original_hum_d_to_ḑ	original_hum	d_to_ḑ	26	final_prompt_token_minus_5	118	an	6629	0.13236118853092194	48	124
original_hum_d_to_ḑ	original_hum	d_to_ḑ	26	final_prompt_token_minus_5	118	an	14949	0.1304129660129547	49	124
original_hum_d_to_ḑ	original_hum	d_to_ḑ	26	final_prompt_token_minus_5	118	an	20330	0.12973377108573914	50	124
original_hum_d_to_ḑ	original_hum	d_to_ḑ	14	final_prompt_token_minus_5	118	an	2961	1.2187285423278809	1	124
original_hum_d_to_ḑ	original_hum	d_to_ḑ	14	final_prompt_token_minus_5	118	an	12420	0.6710562109947205	2	124
original_hum_d_to_ḑ	original_hum	d_to_ḑ	14	final_prompt_token_minus_5	118	an	6804	0.5056427717208862	3	124
original_hum_d_to_ḑ	original_hum	d_to_ḑ	14	final_prompt_token_minus_5	118	an	27023	0.41212892532348633	4	124
original_hum_d_to_ḑ	original_hum	d_to_ḑ	14	final_prompt_token_minus_5	118	an	6429	0.2597511112689972	5	124
original_hum_d_to_ḑ	original_hum	d_to_ḑ	14	final_prompt_token_minus_5	118	an	4010	0.22079139947891235	6	124
original_hum_d_to_ḑ	original_hum	d_to_ḑ	14	final_prompt_token_minus_5	118	an	16195	0.21349970996379852	7	124
original_hum_d_to_ḑ	original_hum	d_to_ḑ	14	final_prompt_token_minus_5	118	an	18673	0.18776625394821167	8	124
original_hum_d_to_ḑ	original_hum	d_to_ḑ	14	final_prompt_token_minus_5	118	an	7998	0.18183773756027222	9	124
original_hum_d_to_ḑ	original_hum	d_to_ḑ	14	final_prompt_token_minus_5	118	an	1973	0.17729860544204712	10	124
original_hum_d_to_ḑ	original_hum	d_to_ḑ	14	final_prompt_token_minus_5	118	an	6846	0.1687002182006836	11	124
original_hum_d_to_ḑ	original_hum	d_to_ḑ	14	final_prompt_token_minus_5	118	an	20557	0.1522204875946045	12	124
original_hum_d_to_ḑ	original_hum	d_to_ḑ	14	final_prompt_token_minus_5	118	an	23073	0.144214928150177	13	124
original_hum_d_to_ḑ	original_hum	d_to_ḑ	14	final_prompt_token_minus_5	118	an	438	0.14167585968971252	14	124
original_hum_d_to_ḑ	original_hum	d_to_ḑ	14	final_prompt_token_minus_5	118	an	20064	0.13939863443374634	15	124
original_hum_d_to_ḑ	original_hum	d_to_ḑ	14	final_prompt_token_minus_5	118	an	26945	0.132977694272995	16	124
original_hum_d_to_ḑ	original_hum	d_to_ḑ	14	final_prompt_token_minus_5	118	an	12179	0.12495386600494385	17	124
original_hum_d_to_ḑ	original_hum	d_to_ḑ	14	final_prompt_token_minus_5	118	an	10804	0.12088952958583832	18	124
original_hum_d_to_ḑ	original_hum	d_to_ḑ	14	final_prompt_token_minus_5	118	an	6442	0.11902470886707306	19	124
original_hum_d_to_ḑ	original_hum	d_to_ḑ	14	final_prompt_token_minus_5	118	an	3781	0.11763601005077362	20	124
original_hum_d_to_ḑ	original_hum	d_to_ḑ	14	final_prompt_token_minus_5	118	an	13517	0.1156061440706253	21	124
original_hum_d_to_ḑ	original_hum	d_to_ḑ	14	final_prompt_token_minus_5	118	an	17889	0.11545286327600479	22	124
original_hum_d_to_ḑ	original_hum	d_to_ḑ	14	final_prompt_token_minus_5	118	an	4170	0.11209745705127716	23	124
original_hum_d_to_ḑ	original_hum	d_to_ḑ	14	final_prompt_token_minus_5	118	an	23957	0.11202844232320786	24	124
original_hum_d_to_ḑ	original_hum	d_to_ḑ	14	final_prompt_token_minus_5	118	an	23364	0.11187829077243805	25	124
original_hum_d_to_ḑ	original_hum	d_to_ḑ	14	final_prompt_token_minus_5	118	an	11864	0.11148044466972351	26	124
original_hum_d_to_ḑ	original_hum	d_to_ḑ	14	final_prompt_token_minus_5	118	an	25125	0.11127950996160507	27	124
original_hum_d_to_ḑ	original_hum	d_to_ḑ	14	final_prompt_token_minus_5	118	an	17656	0.10802824050188065	28	124
original_hum_d_to_ḑ	original_hum	d_to_ḑ	14	final_prompt_token_minus_5	118	an	6477	0.10599096119403839	29	124
original_hum_d_to_ḑ	original_hum	d_to_ḑ	14	final_prompt_token_minus_5	118	an	17225	0.10544093698263168	30	124
original_hum_d_to_ḑ	original_hum	d_to_ḑ	14	final_prompt_token_minus_5	118	an	18775	0.10495414584875107	31	124
original_hum_d_to_ḑ	original_hum	d_to_ḑ	14	final_prompt_token_minus_5	118	an	15473	0.10428018867969513	32	124
original_hum_d_to_ḑ	original_hum	d_to_ḑ	14	final_prompt_token_minus_5	118	an	5032	0.10335883498191833	33	124
original_hum_d_to_ḑ	original_hum	d_to_ḑ	14	final_prompt_token_minus_5	118	an	13119	0.10302583128213882	34	124
original_hum_d_to_ḑ	original_hum	d_to_ḑ	14	final_prompt_token_minus_5	118	an	22813	0.10280394554138184	35	124
original_hum_d_to_ḑ	original_hum	d_to_ḑ	14	final_prompt_token_minus_5	118	an	19919	0.10235191881656647	36	124
original_hum_d_to_ḑ	original_hum	d_to_ḑ	14	final_prompt_token_minus_5	118	an	20681	0.10063698887825012	37	124
original_hum_d_to_ḑ	original_hum	d_to_ḑ	14	final_prompt_token_minus_5	118	an	30950	0.09772220253944397	38	124
original_hum_d_to_ḑ	original_hum	d_to_ḑ	14	final_prompt_token_minus_5	118	an	6658	0.09717107564210892	39	124
original_hum_d_to_ḑ	original_hum	d_to_ḑ	14	final_prompt_token_minus_5	118	an	22208	0.09716836363077164	40	124
original_hum_d_to_ḑ	original_hum	d_to_ḑ	14	final_prompt_token_minus_5	118	an	24704	0.0945088118314743	41	124
original_hum_d_to_ḑ	original_hum	d_to_ḑ	14	final_prompt_token_minus_5	118	an	29868	0.09430892765522003	42	124
original_hum_d_to_ḑ	original_hum	d_to_ḑ	14	final_prompt_token_minus_5	118	an	1803	0.09415720403194427	43	124
original_hum_d_to_ḑ	original_hum	d_to_ḑ	14	final_prompt_token_minus_5	118	an	15006	0.0935632586479187	44	124
original_hum_d_to_ḑ	original_hum	d_to_ḑ	14	final_prompt_token_minus_5	118	an	31558	0.08768200874328613	45	124
original_hum_d_to_ḑ	original_hum	d_to_ḑ	14	final_prompt_token_minus_5	118	an	21803	0.08525151759386063	46	124
original_hum_d_to_ḑ	original_hum	d_to_ḑ	14	final_prompt_token_minus_5	118	an	22137	0.08442285656929016	47	124
original_hum_d_to_ḑ	original_hum	d_to_ḑ	14	final_prompt_token_minus_5	118	an	18826	0.08354782313108444	48	124
original_hum_d_to_ḑ	original_hum	d_to_ḑ	14	final_prompt_token_minus_5	118	an	372	0.0835418552160263	49	124
original_hum_d_to_ḑ	original_hum	d_to_ḑ	14	final_prompt_token_minus_5	118	an	5267	0.0834728330373764	50	124
original_hum_d_to_ḑ	original_hum	d_to_ḑ	26	final_prompt_token_minus_10	113	now	26684	0.9172029495239258	1	124
original_hum_d_to_ḑ	original_hum	d_to_ḑ	26	final_prompt_token_minus_10	113	now	18527	0.6763356328010559	2	124
original_hum_d_to_ḑ	original_hum	d_to_ḑ	26	final_prompt_token_minus_10	113	now	677	0.5709430575370789	3	124
original_hum_d_to_ḑ	original_hum	d_to_ḑ	26	final_prompt_token_minus_10	113	now	7837	0.4976106286048889	4	124
original_hum_d_to_ḑ	original_hum	d_to_ḑ	26	final_prompt_token_minus_10	113	now	6069	0.465749591588974	5	124
original_hum_d_to_ḑ	original_hum	d_to_ḑ	26	final_prompt_token_minus_10	113	now	16439	0.43014538288116455	6	124
original_hum_d_to_ḑ	original_hum	d_to_ḑ	26	final_prompt_token_minus_10	113	now	30036	0.4072026312351227	7	124
original_hum_d_to_ḑ	original_hum	d_to_ḑ	26	final_prompt_token_minus_10	113	now	704	0.4000110626220703	8	124
original_hum_d_to_ḑ	original_hum	d_to_ḑ	26	final_prompt_token_minus_10	113	now	18847	0.3994113504886627	9	124
original_hum_d_to_ḑ	original_hum	d_to_ḑ	26	final_prompt_token_minus_10	113	now	75	0.3880513906478882	10	124
original_hum_d_to_ḑ	original_hum	d_to_ḑ	26	final_prompt_token_minus_10	113	now	14672	0.3851967453956604	11	124
original_hum_d_to_ḑ	original_hum	d_to_ḑ	26	final_prompt_token_minus_10	113	now	10709	0.37930846214294434	12	124
original_hum_d_to_ḑ	original_hum	d_to_ḑ	26	final_prompt_token_minus_10	113	now	26403	0.3324553370475769	13	124
original_hum_d_to_ḑ	original_hum	d_to_ḑ	26	final_prompt_token_minus_10	113	now	805	0.32813411951065063	14	124
original_hum_d_to_ḑ	original_hum	d_to_ḑ	26	final_prompt_token_minus_10	113	now	2430	0.31930795311927795	15	124
original_hum_d_to_ḑ	original_hum	d_to_ḑ	26	final_prompt_token_minus_10	113	now	10346	0.31016701459884644	16	124
original_hum_d_to_ḑ	original_hum	d_to_ḑ	26	final_prompt_token_minus_10	113	now	12704	0.3084837794303894	17	124
original_hum_d_to_ḑ	original_hum	d_to_ḑ	26	final_prompt_token_minus_10	113	now	20303	0.306124746799469	18	124
original_hum_d_to_ḑ	original_hum	d_to_ḑ	26	final_prompt_token_minus_10	113	now	4715	0.30265989899635315	19	124
original_hum_d_to_ḑ	original_hum	d_to_ḑ	26	final_prompt_token_minus_10	113	now	2228	0.2961236238479614	20	124
original_hum_d_to_ḑ	original_hum	d_to_ḑ	26	final_prompt_token_minus_10	113	now	2938	0.29410600662231445	21	124
original_hum_d_to_ḑ	original_hum	d_to_ḑ	26	final_prompt_token_minus_10	113	now	7754	0.29310131072998047	22	124
original_hum_d_to_ḑ	original_hum	d_to_ḑ	26	final_prompt_token_minus_10	113	now	7982	0.27820348739624023	23	124
original_hum_d_to_ḑ	original_hum	d_to_ḑ	26	final_prompt_token_minus_10	113	now	9576	0.27462318539619446	24	124
original_hum_d_to_ḑ	original_hum	d_to_ḑ	26	final_prompt_token_minus_10	113	now	29466	0.2702103853225708	25	124
original_hum_d_to_ḑ	original_hum	d_to_ḑ	26	final_prompt_token_minus_10	113	now	428	0.2692105174064636	26	124
original_hum_d_to_ḑ	original_hum	d_to_ḑ	26	final_prompt_token_minus_10	113	now	1238	0.2679431438446045	27	124
original_hum_d_to_ḑ	original_hum	d_to_ḑ	26	final_prompt_token_minus_10	113	now	22922	0.25856807827949524	28	124
original_hum_d_to_ḑ	original_hum	d_to_ḑ	26	final_prompt_token_minus_10	113	now	9860	0.25642502307891846	29	124
original_hum_d_to_ḑ	original_hum	d_to_ḑ	26	final_prompt_token_minus_10	113	now	21687	0.25352442264556885	30	124
original_hum_d_to_ḑ	original_hum	d_to_ḑ	26	final_prompt_token_minus_10	113	now	31836	0.2529296278953552	31	124
original_hum_d_to_ḑ	original_hum	d_to_ḑ	26	final_prompt_token_minus_10	113	now	7711	0.24892424046993256	32	124
original_hum_d_to_ḑ	original_hum	d_to_ḑ	26	final_prompt_token_minus_10	113	now	2720	0.24475085735321045	33	124
original_hum_d_to_ḑ	original_hum	d_to_ḑ	26	final_prompt_token_minus_10	113	now	15458	0.2445107400417328	34	124
original_hum_d_to_ḑ	original_hum	d_to_ḑ	26	final_prompt_token_minus_10	113	now	1206	0.24399077892303467	35	124
original_hum_d_to_ḑ	original_hum	d_to_ḑ	26	final_prompt_token_minus_10	113	now	27281	0.23334631323814392	36	124
original_hum_d_to_ḑ	original_hum	d_to_ḑ	26	final_prompt_token_minus_10	113	now	3361	0.22841134667396545	37	124
original_hum_d_to_ḑ	original_hum	d_to_ḑ	26	final_prompt_token_minus_10	113	now	1205	0.2264353334903717	38	124
original_hum_d_to_ḑ	original_hum	d_to_ḑ	26	final_prompt_token_minus_10	113	now	25421	0.22568413615226746	39	124
original_hum_d_to_ḑ	original_hum	d_to_ḑ	26	final_prompt_token_minus_10	113	now	16073	0.2235306203365326	40	124
original_hum_d_to_ḑ	original_hum	d_to_ḑ	26	final_prompt_token_minus_10	113	now	22495	0.22282841801643372	41	124
original_hum_d_to_ḑ	original_hum	d_to_ḑ	26	final_prompt_token_minus_10	113	now	1930	0.22265666723251343	42	124
original_hum_d_to_ḑ	original_hum	d_to_ḑ	26	final_prompt_token_minus_10	113	now	31897	0.22252105176448822	43	124
original_hum_d_to_ḑ	original_hum	d_to_ḑ	26	final_prompt_token_minus_10	113	now	28971	0.22107574343681335	44	124
original_hum_d_to_ḑ	original_hum	d_to_ḑ	26	final_prompt_token_minus_10	113	now	21750	0.21681681275367737	45	124
original_hum_d_to_ḑ	original_hum	d_to_ḑ	26	final_prompt_token_minus_10	113	now	3313	0.21567711234092712	46	124
original_hum_d_to_ḑ	original_hum	d_to_ḑ	26	final_prompt_token_minus_10	113	now	19389	0.21193009614944458	47	124
original_hum_d_to_ḑ	original_hum	d_to_ḑ	26	final_prompt_token_minus_10	113	now	26586	0.21104435622692108	48	124
original_hum_d_to_ḑ	original_hum	d_to_ḑ	26	final_prompt_token_minus_10	113	now	5417	0.21049508452415466	49	124
original_hum_d_to_ḑ	original_hum	d_to_ḑ	26	final_prompt_token_minus_10	113	now	22114	0.20778651535511017	50	124
original_hum_d_to_ḑ	original_hum	d_to_ḑ	14	final_prompt_token_minus_10	113	now	11914	0.3782898187637329	1	124
original_hum_d_to_ḑ	original_hum	d_to_ḑ	14	final_prompt_token_minus_10	113	now	31733	0.34894099831581116	2	124
original_hum_d_to_ḑ	original_hum	d_to_ḑ	14	final_prompt_token_minus_10	113	now	19988	0.33266010880470276	3	124
original_hum_d_to_ḑ	original_hum	d_to_ḑ	14	final_prompt_token_minus_10	113	now	24296	0.3245302438735962	4	124
original_hum_d_to_ḑ	original_hum	d_to_ḑ	14	final_prompt_token_minus_10	113	now	3994	0.3231900930404663	5	124
original_hum_d_to_ḑ	original_hum	d_to_ḑ	14	final_prompt_token_minus_10	113	now	10845	0.2990138828754425	6	124
original_hum_d_to_ḑ	original_hum	d_to_ḑ	14	final_prompt_token_minus_10	113	now	31706	0.2707720994949341	7	124
original_hum_d_to_ḑ	original_hum	d_to_ḑ	14	final_prompt_token_minus_10	113	now	20557	0.2696303725242615	8	124
original_hum_d_to_ḑ	original_hum	d_to_ḑ	14	final_prompt_token_minus_10	113	now	2328	0.2579142153263092	9	124
original_hum_d_to_ḑ	original_hum	d_to_ḑ	14	final_prompt_token_minus_10	113	now	6642	0.2557166814804077	10	124
original_hum_d_to_ḑ	original_hum	d_to_ḑ	14	final_prompt_token_minus_10	113	now	389	0.2546091675758362	11	124
original_hum_d_to_ḑ	original_hum	d_to_ḑ	14	final_prompt_token_minus_10	113	now	7845	0.2408497929573059	12	124
original_hum_d_to_ḑ	original_hum	d_to_ḑ	14	final_prompt_token_minus_10	113	now	14360	0.23022377490997314	13	124
original_hum_d_to_ḑ	original_hum	d_to_ḑ	14	final_prompt_token_minus_10	113	now	27057	0.22274133563041687	14	124
original_hum_d_to_ḑ	original_hum	d_to_ḑ	14	final_prompt_token_minus_10	113	now	10976	0.2163812816143036	15	124
original_hum_d_to_ḑ	original_hum	d_to_ḑ	14	final_prompt_token_minus_10	113	now	22234	0.21015238761901855	16	124
original_hum_d_to_ḑ	original_hum	d_to_ḑ	14	final_prompt_token_minus_10	113	now	13119	0.20750467479228973	17	124
original_hum_d_to_ḑ	original_hum	d_to_ḑ	14	final_prompt_token_minus_10	113	now	2961	0.20589542388916016	18	124
original_hum_d_to_ḑ	original_hum	d_to_ḑ	14	final_prompt_token_minus_10	113	now	27661	0.18721845746040344	19	124
original_hum_d_to_ḑ	original_hum	d_to_ḑ	14	final_prompt_token_minus_10	113	now	6557	0.18442444503307343	20	124
original_hum_d_to_ḑ	original_hum	d_to_ḑ	14	final_prompt_token_minus_10	113	now	20529	0.18191993236541748	21	124
original_hum_d_to_ḑ	original_hum	d_to_ḑ	14	final_prompt_token_minus_10	113	now	872	0.17998909950256348	22	124
original_hum_d_to_ḑ	original_hum	d_to_ḑ	14	final_prompt_token_minus_10	113	now	28627	0.1792302429676056	23	124
original_hum_d_to_ḑ	original_hum	d_to_ḑ	14	final_prompt_token_minus_10	113	now	26049	0.1761608123779297	24	124
original_hum_d_to_ḑ	original_hum	d_to_ḑ	14	final_prompt_token_minus_10	113	now	5903	0.1748969405889511	25	124
original_hum_d_to_ḑ	original_hum	d_to_ḑ	14	final_prompt_token_minus_10	113	now	18996	0.1710439920425415	26	124
original_hum_d_to_ḑ	original_hum	d_to_ḑ	14	final_prompt_token_minus_10	113	now	30199	0.1696300506591797	27	124
original_hum_d_to_ḑ	original_hum	d_to_ḑ	14	final_prompt_token_minus_10	113	now	5156	0.1646365523338318	28	124
original_hum_d_to_ḑ	original_hum	d_to_ḑ	14	final_prompt_token_minus_10	113	now	20345	0.16242095828056335	29	124
original_hum_d_to_ḑ	original_hum	d_to_ḑ	14	final_prompt_token_minus_10	113	now	18079	0.1620980203151703	30	124
original_hum_d_to_ḑ	original_hum	d_to_ḑ	14	final_prompt_token_minus_10	113	now	14507	0.1597130298614502	31	124
original_hum_d_to_ḑ	original_hum	d_to_ḑ	14	final_prompt_token_minus_10	113	now	11466	0.1586391180753708	32	124
original_hum_d_to_ḑ	original_hum	d_to_ḑ	14	final_prompt_token_minus_10	113	now	29174	0.15788546204566956	33	124
original_hum_d_to_ḑ	original_hum	d_to_ḑ	14	final_prompt_token_minus_10	113	now	20402	0.15768422186374664	34	124
original_hum_d_to_ḑ	original_hum	d_to_ḑ	14	final_prompt_token_minus_10	113	now	28432	0.15734457969665527	35	124
original_hum_d_to_ḑ	original_hum	d_to_ḑ	14	final_prompt_token_minus_10	113	now	9867	0.15379780530929565	36	124
original_hum_d_to_ḑ	original_hum	d_to_ḑ	14	final_prompt_token_minus_10	113	now	8462	0.1502251774072647	37	124
original_hum_d_to_ḑ	original_hum	d_to_ḑ	14	final_prompt_token_minus_10	113	now	4341	0.14894598722457886	38	124
original_hum_d_to_ḑ	original_hum	d_to_ḑ	14	final_prompt_token_minus_10	113	now	13454	0.14702719449996948	39	124
original_hum_d_to_ḑ	original_hum	d_to_ḑ	14	final_prompt_token_minus_10	113	now	16436	0.14503847062587738	40	124
original_hum_d_to_ḑ	original_hum	d_to_ḑ	14	final_prompt_token_minus_10	113	now	5166	0.14482168853282928	41	124
original_hum_d_to_ḑ	original_hum	d_to_ḑ	14	final_prompt_token_minus_10	113	now	10677	0.14469632506370544	42	124
original_hum_d_to_ḑ	original_hum	d_to_ḑ	14	final_prompt_token_minus_10	113	now	2696	0.14432671666145325	43	124
original_hum_d_to_ḑ	original_hum	d_to_ḑ	14	final_prompt_token_minus_10	113	now	23493	0.14430786669254303	44	124
original_hum_d_to_ḑ	original_hum	d_to_ḑ	14	final_prompt_token_minus_10	113	now	22026	0.1432759165763855	45	124
original_hum_d_to_ḑ	original_hum	d_to_ḑ	14	final_prompt_token_minus_10	113	now	4295	0.14056938886642456	46	124
original_hum_d_to_ḑ	original_hum	d_to_ḑ	14	final_prompt_token_minus_10	113	now	24731	0.14046069979667664	47	124
original_hum_d_to_ḑ	original_hum	d_to_ḑ	14	final_prompt_token_minus_10	113	now	9914	0.13872301578521729	48	124
original_hum_d_to_ḑ	original_hum	d_to_ḑ	14	final_prompt_token_minus_10	113	now	11309	0.1386878937482834	49	124
original_hum_d_to_ḑ	original_hum	d_to_ḑ	14	final_prompt_token_minus_10	113	now	30010	0.13733714818954468	50	124
original_hum_e_to_ē	original_hum	e_to_ē	26	final_prompt_token	176	.	2938	1.775752305984497	1	177
original_hum_e_to_ē	original_hum	e_to_ē	26	final_prompt_token	176	.	18937	0.5808959007263184	2	177
original_hum_e_to_ē	original_hum	e_to_ē	26	final_prompt_token	176	.	28713	0.5581822395324707	3	177
original_hum_e_to_ē	original_hum	e_to_ē	26	final_prompt_token	176	.	3241	0.46468019485473633	4	177
original_hum_e_to_ē	original_hum	e_to_ē	26	final_prompt_token	176	.	19389	0.40884095430374146	5	177
original_hum_e_to_ē	original_hum	e_to_ē	26	final_prompt_token	176	.	13935	0.3831566870212555	6	177
original_hum_e_to_ē	original_hum	e_to_ē	26	final_prompt_token	176	.	1626	0.35695791244506836	7	177
original_hum_e_to_ē	original_hum	e_to_ē	26	final_prompt_token	176	.	26684	0.3516089618206024	8	177
original_hum_e_to_ē	original_hum	e_to_ē	26	final_prompt_token	176	.	29524	0.3387097716331482	9	177
original_hum_e_to_ē	original_hum	e_to_ē	26	final_prompt_token	176	.	6194	0.30317357182502747	10	177
original_hum_e_to_ē	original_hum	e_to_ē	26	final_prompt_token	176	.	23977	0.2969534397125244	11	177
original_hum_e_to_ē	original_hum	e_to_ē	26	final_prompt_token	176	.	31908	0.28148046135902405	12	177
original_hum_e_to_ē	original_hum	e_to_ē	26	final_prompt_token	176	.	15076	0.27430200576782227	13	177
original_hum_e_to_ē	original_hum	e_to_ē	26	final_prompt_token	176	.	16439	0.2690475881099701	14	177
original_hum_e_to_ē	original_hum	e_to_ē	26	final_prompt_token	176	.	15954	0.2405102699995041	15	177
original_hum_e_to_ē	original_hum	e_to_ē	26	final_prompt_token	176	.	17394	0.24025797843933105	16	177
original_hum_e_to_ē	original_hum	e_to_ē	26	final_prompt_token	176	.	27872	0.2392137348651886	17	177
original_hum_e_to_ē	original_hum	e_to_ē	26	final_prompt_token	176	.	14858	0.23145878314971924	18	177
original_hum_e_to_ē	original_hum	e_to_ē	26	final_prompt_token	176	.	1242	0.22755178809165955	19	177
original_hum_e_to_ē	original_hum	e_to_ē	26	final_prompt_token	176	.	599	0.2215757966041565	20	177
original_hum_e_to_ē	original_hum	e_to_ē	26	final_prompt_token	176	.	25575	0.21670186519622803	21	177
original_hum_e_to_ē	original_hum	e_to_ē	26	final_prompt_token	176	.	7163	0.21322934329509735	22	177
original_hum_e_to_ē	original_hum	e_to_ē	26	final_prompt_token	176	.	30033	0.21233855187892914	23	177
original_hum_e_to_ē	original_hum	e_to_ē	26	final_prompt_token	176	.	12320	0.20843063294887543	24	177
original_hum_e_to_ē	original_hum	e_to_ē	26	final_prompt_token	176	.	10676	0.2062346190214157	25	177
original_hum_e_to_ē	original_hum	e_to_ē	26	final_prompt_token	176	.	27342	0.20613917708396912	26	177
original_hum_e_to_ē	original_hum	e_to_ē	26	final_prompt_token	176	.	6429	0.2053971290588379	27	177
original_hum_e_to_ē	original_hum	e_to_ē	26	final_prompt_token	176	.	8928	0.1936897188425064	28	177
original_hum_e_to_ē	original_hum	e_to_ē	26	final_prompt_token	176	.	25377	0.19007611274719238	29	177
original_hum_e_to_ē	original_hum	e_to_ē	26	final_prompt_token	176	.	14614	0.18884991109371185	30	177
original_hum_e_to_ē	original_hum	e_to_ē	26	final_prompt_token	176	.	29282	0.1888013482093811	31	177
original_hum_e_to_ē	original_hum	e_to_ē	26	final_prompt_token	176	.	10709	0.1859498769044876	32	177
original_hum_e_to_ē	original_hum	e_to_ē	26	final_prompt_token	176	.	19335	0.18437154591083527	33	177
original_hum_e_to_ē	original_hum	e_to_ē	26	final_prompt_token	176	.	11650	0.18292224407196045	34	177
original_hum_e_to_ē	original_hum	e_to_ē	26	final_prompt_token	176	.	7108	0.1808028221130371	35	177
original_hum_e_to_ē	original_hum	e_to_ē	26	final_prompt_token	176	.	7982	0.177902951836586	36	177
original_hum_e_to_ē	original_hum	e_to_ē	26	final_prompt_token	176	.	6593	0.17458507418632507	37	177
original_hum_e_to_ē	original_hum	e_to_ē	26	final_prompt_token	176	.	2959	0.17455333471298218	38	177
original_hum_e_to_ē	original_hum	e_to_ē	26	final_prompt_token	176	.	28696	0.17374655604362488	39	177
original_hum_e_to_ē	original_hum	e_to_ē	26	final_prompt_token	176	.	2276	0.17069977521896362	40	177
original_hum_e_to_ē	original_hum	e_to_ē	26	final_prompt_token	176	.	16131	0.16888427734375	41	177
original_hum_e_to_ē	original_hum	e_to_ē	26	final_prompt_token	176	.	13791	0.1674596220254898	42	177
original_hum_e_to_ē	original_hum	e_to_ē	26	final_prompt_token	176	.	32698	0.16703754663467407	43	177
original_hum_e_to_ē	original_hum	e_to_ē	26	final_prompt_token	176	.	10386	0.16685588657855988	44	177
original_hum_e_to_ē	original_hum	e_to_ē	26	final_prompt_token	176	.	22503	0.16450506448745728	45	177
original_hum_e_to_ē	original_hum	e_to_ē	26	final_prompt_token	176	.	8418	0.16318722069263458	46	177
original_hum_e_to_ē	original_hum	e_to_ē	26	final_prompt_token	176	.	13916	0.15999570488929749	47	177
original_hum_e_to_ē	original_hum	e_to_ē	26	final_prompt_token	176	.	4993	0.15907587110996246	48	177
original_hum_e_to_ē	original_hum	e_to_ē	26	final_prompt_token	176	.	11456	0.15837518870830536	49	177
original_hum_e_to_ē	original_hum	e_to_ē	26	final_prompt_token	176	.	16785	0.15560674667358398	50	177
original_hum_e_to_ē	original_hum	e_to_ē	14	final_prompt_token	176	.	2961	0.5817221403121948	1	177
original_hum_e_to_ē	original_hum	e_to_ē	14	final_prompt_token	176	.	3830	0.47910594940185547	2	177
original_hum_e_to_ē	original_hum	e_to_ē	14	final_prompt_token	176	.	7163	0.34377506375312805	3	177
original_hum_e_to_ē	original_hum	e_to_ē	14	final_prompt_token	176	.	6429	0.2963605523109436	4	177
original_hum_e_to_ē	original_hum	e_to_ē	14	final_prompt_token	176	.	30964	0.2732285261154175	5	177
original_hum_e_to_ē	original_hum	e_to_ē	14	final_prompt_token	176	.	8033	0.23052608966827393	6	177
original_hum_e_to_ē	original_hum	e_to_ē	14	final_prompt_token	176	.	17193	0.2275673896074295	7	177
original_hum_e_to_ē	original_hum	e_to_ē	14	final_prompt_token	176	.	20557	0.2267087996006012	8	177
original_hum_e_to_ē	original_hum	e_to_ē	14	final_prompt_token	176	.	30170	0.2106303870677948	9	177
original_hum_e_to_ē	original_hum	e_to_ē	14	final_prompt_token	176	.	10976	0.19595114886760712	10	177
original_hum_e_to_ē	original_hum	e_to_ē	14	final_prompt_token	176	.	992	0.19093218445777893	11	177
original_hum_e_to_ē	original_hum	e_to_ē	14	final_prompt_token	176	.	16382	0.18237900733947754	12	177
original_hum_e_to_ē	original_hum	e_to_ē	14	final_prompt_token	176	.	1168	0.17715699970722198	13	177
original_hum_e_to_ē	original_hum	e_to_ē	14	final_prompt_token	176	.	9030	0.16681358218193054	14	177
original_hum_e_to_ē	original_hum	e_to_ē	14	final_prompt_token	176	.	4428	0.16021378338336945	15	177
original_hum_e_to_ē	original_hum	e_to_ē	14	final_prompt_token	176	.	4953	0.16018535196781158	16	177
original_hum_e_to_ē	original_hum	e_to_ē	14	final_prompt_token	176	.	2176	0.15682125091552734	17	177
original_hum_e_to_ē	original_hum	e_to_ē	14	final_prompt_token	176	.	31758	0.15269508957862854	18	177
original_hum_e_to_ē	original_hum	e_to_ē	14	final_prompt_token	176	.	31774	0.149764284491539	19	177
original_hum_e_to_ē	original_hum	e_to_ē	14	final_prompt_token	176	.	18895	0.14826560020446777	20	177
original_hum_e_to_ē	original_hum	e_to_ē	14	final_prompt_token	176	.	4620	0.14649292826652527	21	177
original_hum_e_to_ē	original_hum	e_to_ē	14	final_prompt_token	176	.	14679	0.1456412822008133	22	177
original_hum_e_to_ē	original_hum	e_to_ē	14	final_prompt_token	176	.	20681	0.1445324420928955	23	177
original_hum_e_to_ē	original_hum	e_to_ē	14	final_prompt_token	176	.	26237	0.14426273107528687	24	177
original_hum_e_to_ē	original_hum	e_to_ē	14	final_prompt_token	176	.	16459	0.1353670209646225	25	177
original_hum_e_to_ē	original_hum	e_to_ē	14	final_prompt_token	176	.	8677	0.13390189409255981	26	177
original_hum_e_to_ē	original_hum	e_to_ē	14	final_prompt_token	176	.	20769	0.13351701200008392	27	177
original_hum_e_to_ē	original_hum	e_to_ē	14	final_prompt_token	176	.	14932	0.13170126080513	28	177
original_hum_e_to_ē	original_hum	e_to_ē	14	final_prompt_token	176	.	30172	0.12609200179576874	29	177
original_hum_e_to_ē	original_hum	e_to_ē	14	final_prompt_token	176	.	14885	0.1251363903284073	30	177
original_hum_e_to_ē	original_hum	e_to_ē	14	final_prompt_token	176	.	2722	0.12452231347560883	31	177
original_hum_e_to_ē	original_hum	e_to_ē	14	final_prompt_token	176	.	3289	0.12318385392427444	32	177
original_hum_e_to_ē	original_hum	e_to_ē	14	final_prompt_token	176	.	12080	0.12247897684574127	33	177
original_hum_e_to_ē	original_hum	e_to_ē	14	final_prompt_token	176	.	11914	0.12194112688302994	34	177
original_hum_e_to_ē	original_hum	e_to_ē	14	final_prompt_token	176	.	17275	0.12178917229175568	35	177
original_hum_e_to_ē	original_hum	e_to_ē	14	final_prompt_token	176	.	16801	0.1200212612748146	36	177
original_hum_e_to_ē	original_hum	e_to_ē	14	final_prompt_token	176	.	2380	0.11991502344608307	37	177
original_hum_e_to_ē	original_hum	e_to_ē	14	final_prompt_token	176	.	6836	0.11947570741176605	38	177
original_hum_e_to_ē	original_hum	e_to_ē	14	final_prompt_token	176	.	25151	0.11828742176294327	39	177
original_hum_e_to_ē	original_hum	e_to_ē	14	final_prompt_token	176	.	17359	0.11741156131029129	40	177
original_hum_e_to_ē	original_hum	e_to_ē	14	final_prompt_token	176	.	25874	0.11579002439975739	41	177
original_hum_e_to_ē	original_hum	e_to_ē	14	final_prompt_token	176	.	11006	0.11386976391077042	42	177
original_hum_e_to_ē	original_hum	e_to_ē	14	final_prompt_token	176	.	6427	0.11302313208580017	43	177
original_hum_e_to_ē	original_hum	e_to_ē	14	final_prompt_token	176	.	3001	0.11103512346744537	44	177
original_hum_e_to_ē	original_hum	e_to_ē	14	final_prompt_token	176	.	27706	0.10706651955842972	45	177
original_hum_e_to_ē	original_hum	e_to_ē	14	final_prompt_token	176	.	9298	0.10705643892288208	46	177
original_hum_e_to_ē	original_hum	e_to_ē	14	final_prompt_token	176	.	17471	0.1069440245628357	47	177
original_hum_e_to_ē	original_hum	e_to_ē	14	final_prompt_token	176	.	32300	0.10668778419494629	48	177
original_hum_e_to_ē	original_hum	e_to_ē	14	final_prompt_token	176	.	13064	0.10620371997356415	49	177
original_hum_e_to_ē	original_hum	e_to_ē	14	final_prompt_token	176	.	6052	0.10503149032592773	50	177
original_hum_e_to_ē	original_hum	e_to_ē	26	final_prompt_token_minus_1	175	ck	799	1.7937448024749756	1	177
original_hum_e_to_ē	original_hum	e_to_ē	26	final_prompt_token_minus_1	175	ck	2938	1.1274240016937256	2	177
original_hum_e_to_ē	original_hum	e_to_ē	26	final_prompt_token_minus_1	175	ck	16706	0.4667453467845917	3	177
original_hum_e_to_ē	original_hum	e_to_ē	26	final_prompt_token_minus_1	175	ck	27342	0.4588027894496918	4	177
original_hum_e_to_ē	original_hum	e_to_ē	26	final_prompt_token_minus_1	175	ck	16439	0.36753445863723755	5	177
original_hum_e_to_ē	original_hum	e_to_ē	26	final_prompt_token_minus_1	175	ck	14836	0.3239731788635254	6	177
original_hum_e_to_ē	original_hum	e_to_ē	26	final_prompt_token_minus_1	175	ck	19389	0.32151588797569275	7	177
original_hum_e_to_ē	original_hum	e_to_ē	26	final_prompt_token_minus_1	175	ck	26684	0.3060018718242645	8	177
original_hum_e_to_ē	original_hum	e_to_ē	26	final_prompt_token_minus_1	175	ck	29171	0.2855386435985565	9	177
original_hum_e_to_ē	original_hum	e_to_ē	26	final_prompt_token_minus_1	175	ck	14870	0.27308082580566406	10	177
original_hum_e_to_ē	original_hum	e_to_ē	26	final_prompt_token_minus_1	175	ck	9990	0.2621992528438568	11	177
original_hum_e_to_ē	original_hum	e_to_ē	26	final_prompt_token_minus_1	175	ck	32454	0.24751022458076477	12	177
original_hum_e_to_ē	original_hum	e_to_ē	26	final_prompt_token_minus_1	175	ck	15076	0.238634392619133	13	177
original_hum_e_to_ē	original_hum	e_to_ē	26	final_prompt_token_minus_1	175	ck	29065	0.23704956471920013	14	177
original_hum_e_to_ē	original_hum	e_to_ē	26	final_prompt_token_minus_1	175	ck	8882	0.2337084710597992	15	177
original_hum_e_to_ē	original_hum	e_to_ē	26	final_prompt_token_minus_1	175	ck	11256	0.2319628894329071	16	177
original_hum_e_to_ē	original_hum	e_to_ē	26	final_prompt_token_minus_1	175	ck	1953	0.23106490075588226	17	177
original_hum_e_to_ē	original_hum	e_to_ē	26	final_prompt_token_minus_1	175	ck	22353	0.21820184588432312	18	177
original_hum_e_to_ē	original_hum	e_to_ē	26	final_prompt_token_minus_1	175	ck	17164	0.21520236134529114	19	177
original_hum_e_to_ē	original_hum	e_to_ē	26	final_prompt_token_minus_1	175	ck	23171	0.21315960586071014	20	177
original_hum_e_to_ē	original_hum	e_to_ē	26	final_prompt_token_minus_1	175	ck	19850	0.21290642023086548	21	177
original_hum_e_to_ē	original_hum	e_to_ē	26	final_prompt_token_minus_1	175	ck	16475	0.2120482623577118	22	177
original_hum_e_to_ē	original_hum	e_to_ē	26	final_prompt_token_minus_1	175	ck	5257	0.2117544412612915	23	177
original_hum_e_to_ē	original_hum	e_to_ē	26	final_prompt_token_minus_1	175	ck	20642	0.21004649996757507	24	177
original_hum_e_to_ē	original_hum	e_to_ē	26	final_prompt_token_minus_1	175	ck	704	0.20640873908996582	25	177
original_hum_e_to_ē	original_hum	e_to_ē	26	final_prompt_token_minus_1	175	ck	25001	0.2046007513999939	26	177
original_hum_e_to_ē	original_hum	e_to_ē	26	final_prompt_token_minus_1	175	ck	23071	0.20334988832473755	27	177
original_hum_e_to_ē	original_hum	e_to_ē	26	final_prompt_token_minus_1	175	ck	22129	0.2009975165128708	28	177
original_hum_e_to_ē	original_hum	e_to_ē	26	final_prompt_token_minus_1	175	ck	17869	0.1990659534931183	29	177
original_hum_e_to_ē	original_hum	e_to_ē	26	final_prompt_token_minus_1	175	ck	31090	0.19468946754932404	30	177
original_hum_e_to_ē	original_hum	e_to_ē	26	final_prompt_token_minus_1	175	ck	7982	0.19358667731285095	31	177
original_hum_e_to_ē	original_hum	e_to_ē	26	final_prompt_token_minus_1	175	ck	7506	0.19319063425064087	32	177
original_hum_e_to_ē	original_hum	e_to_ē	26	final_prompt_token_minus_1	175	ck	1659	0.1894851177930832	33	177
original_hum_e_to_ē	original_hum	e_to_ē	26	final_prompt_token_minus_1	175	ck	10265	0.18781797587871552	34	177
original_hum_e_to_ē	original_hum	e_to_ē	26	final_prompt_token_minus_1	175	ck	32448	0.18677163124084473	35	177
original_hum_e_to_ē	original_hum	e_to_ē	26	final_prompt_token_minus_1	175	ck	6593	0.1714114099740982	36	177
original_hum_e_to_ē	original_hum	e_to_ē	26	final_prompt_token_minus_1	175	ck	30205	0.16954557597637177	37	177
original_hum_e_to_ē	original_hum	e_to_ē	26	final_prompt_token_minus_1	175	ck	16793	0.16516587138175964	38	177
original_hum_e_to_ē	original_hum	e_to_ē	26	final_prompt_token_minus_1	175	ck	8216	0.16271549463272095	39	177
original_hum_e_to_ē	original_hum	e_to_ē	26	final_prompt_token_minus_1	175	ck	8891	0.16236689686775208	40	177
original_hum_e_to_ē	original_hum	e_to_ē	26	final_prompt_token_minus_1	175	ck	10146	0.15942633152008057	41	177
original_hum_e_to_ē	original_hum	e_to_ē	26	final_prompt_token_minus_1	175	ck	24977	0.15705178678035736	42	177
original_hum_e_to_ē	original_hum	e_to_ē	26	final_prompt_token_minus_1	175	ck	22025	0.1565282642841339	43	177
original_hum_e_to_ē	original_hum	e_to_ē	26	final_prompt_token_minus_1	175	ck	8894	0.15098489820957184	44	177
original_hum_e_to_ē	original_hum	e_to_ē	26	final_prompt_token_minus_1	175	ck	31784	0.15045657753944397	45	177
original_hum_e_to_ē	original_hum	e_to_ē	26	final_prompt_token_minus_1	175	ck	22584	0.15004226565361023	46	177
original_hum_e_to_ē	original_hum	e_to_ē	26	final_prompt_token_minus_1	175	ck	31836	0.1474861204624176	47	177
original_hum_e_to_ē	original_hum	e_to_ē	26	final_prompt_token_minus_1	175	ck	9385	0.1462494283914566	48	177
original_hum_e_to_ē	original_hum	e_to_ē	26	final_prompt_token_minus_1	175	ck	13916	0.14478492736816406	49	177
original_hum_e_to_ē	original_hum	e_to_ē	26	final_prompt_token_minus_1	175	ck	3805	0.14285071194171906	50	177
original_hum_e_to_ē	original_hum	e_to_ē	14	final_prompt_token_minus_1	175	ck	2961	1.3276751041412354	1	177
original_hum_e_to_ē	original_hum	e_to_ē	14	final_prompt_token_minus_1	175	ck	8033	1.1971511840820312	2	177
original_hum_e_to_ē	original_hum	e_to_ē	14	final_prompt_token_minus_1	175	ck	30170	0.33446797728538513	3	177
original_hum_e_to_ē	original_hum	e_to_ē	14	final_prompt_token_minus_1	175	ck	32427	0.2721186876296997	4	177
original_hum_e_to_ē	original_hum	e_to_ē	14	final_prompt_token_minus_1	175	ck	6429	0.26301589608192444	5	177
original_hum_e_to_ē	original_hum	e_to_ē	14	final_prompt_token_minus_1	175	ck	19133	0.260964035987854	6	177
original_hum_e_to_ē	original_hum	e_to_ē	14	final_prompt_token_minus_1	175	ck	3289	0.25565508008003235	7	177
original_hum_e_to_ē	original_hum	e_to_ē	14	final_prompt_token_minus_1	175	ck	7163	0.25414833426475525	8	177
original_hum_e_to_ē	original_hum	e_to_ē	14	final_prompt_token_minus_1	175	ck	21981	0.23263494670391083	9	177
original_hum_e_to_ē	original_hum	e_to_ē	14	final_prompt_token_minus_1	175	ck	13538	0.2254488468170166	10	177
original_hum_e_to_ē	original_hum	e_to_ē	14	final_prompt_token_minus_1	175	ck	6681	0.2153627872467041	11	177
original_hum_e_to_ē	original_hum	e_to_ē	14	final_prompt_token_minus_1	175	ck	12000	0.19156955182552338	12	177
original_hum_e_to_ē	original_hum	e_to_ē	14	final_prompt_token_minus_1	175	ck	21447	0.1820450723171234	13	177
original_hum_e_to_ē	original_hum	e_to_ē	14	final_prompt_token_minus_1	175	ck	20681	0.16971193253993988	14	177
original_hum_e_to_ē	original_hum	e_to_ē	14	final_prompt_token_minus_1	175	ck	15501	0.1633223444223404	15	177
original_hum_e_to_ē	original_hum	e_to_ē	14	final_prompt_token_minus_1	175	ck	7175	0.15284298360347748	16	177
original_hum_e_to_ē	original_hum	e_to_ē	14	final_prompt_token_minus_1	175	ck	15396	0.1518787145614624	17	177
original_hum_e_to_ē	original_hum	e_to_ē	14	final_prompt_token_minus_1	175	ck	3557	0.14812283217906952	18	177
original_hum_e_to_ē	original_hum	e_to_ē	14	final_prompt_token_minus_1	175	ck	4953	0.14128275215625763	19	177
original_hum_e_to_ē	original_hum	e_to_ē	14	final_prompt_token_minus_1	175	ck	13119	0.13336282968521118	20	177
original_hum_e_to_ē	original_hum	e_to_ē	14	final_prompt_token_minus_1	175	ck	992	0.131403848528862	21	177
original_hum_e_to_ē	original_hum	e_to_ē	14	final_prompt_token_minus_1	175	ck	1981	0.12558946013450623	22	177
original_hum_e_to_ē	original_hum	e_to_ē	14	final_prompt_token_minus_1	175	ck	26050	0.12424927949905396	23	177
original_hum_e_to_ē	original_hum	e_to_ē	14	final_prompt_token_minus_1	175	ck	11522	0.12247435748577118	24	177
original_hum_e_to_ē	original_hum	e_to_ē	14	final_prompt_token_minus_1	175	ck	11864	0.11760623753070831	25	177
original_hum_e_to_ē	original_hum	e_to_ē	14	final_prompt_token_minus_1	175	ck	3170	0.11705902963876724	26	177
original_hum_e_to_ē	original_hum	e_to_ē	14	final_prompt_token_minus_1	175	ck	28492	0.11607319116592407	27	177
original_hum_e_to_ē	original_hum	e_to_ē	14	final_prompt_token_minus_1	175	ck	32680	0.11428158730268478	28	177
original_hum_e_to_ē	original_hum	e_to_ē	14	final_prompt_token_minus_1	175	ck	25151	0.11406473815441132	29	177
original_hum_e_to_ē	original_hum	e_to_ē	14	final_prompt_token_minus_1	175	ck	31774	0.11281248182058334	30	177
original_hum_e_to_ē	original_hum	e_to_ē	14	final_prompt_token_minus_1	175	ck	1102	0.10889972001314163	31	177
original_hum_e_to_ē	original_hum	e_to_ē	14	final_prompt_token_minus_1	175	ck	1013	0.10653708130121231	32	177
original_hum_e_to_ē	original_hum	e_to_ē	14	final_prompt_token_minus_1	175	ck	20557	0.10470415651798248	33	177
original_hum_e_to_ē	original_hum	e_to_ē	14	final_prompt_token_minus_1	175	ck	7297	0.10331705957651138	34	177
original_hum_e_to_ē	original_hum	e_to_ē	14	final_prompt_token_minus_1	175	ck	6025	0.10289601236581802	35	177
original_hum_e_to_ē	original_hum	e_to_ē	14	final_prompt_token_minus_1	175	ck	15006	0.10030554234981537	36	177
original_hum_e_to_ē	original_hum	e_to_ē	14	final_prompt_token_minus_1	175	ck	19493	0.09913133829832077	37	177
original_hum_e_to_ē	original_hum	e_to_ē	14	final_prompt_token_minus_1	175	ck	30225	0.09910973161458969	38	177
original_hum_e_to_ē	original_hum	e_to_ē	14	final_prompt_token_minus_1	175	ck	4560	0.09616751968860626	39	177
original_hum_e_to_ē	original_hum	e_to_ē	14	final_prompt_token_minus_1	175	ck	4170	0.09522952884435654	40	177
original_hum_e_to_ē	original_hum	e_to_ē	14	final_prompt_token_minus_1	175	ck	23505	0.09514603763818741	41	177
original_hum_e_to_ē	original_hum	e_to_ē	14	final_prompt_token_minus_1	175	ck	11227	0.09482219070196152	42	177
original_hum_e_to_ē	original_hum	e_to_ē	14	final_prompt_token_minus_1	175	ck	11006	0.0940566435456276	43	177
original_hum_e_to_ē	original_hum	e_to_ē	14	final_prompt_token_minus_1	175	ck	17419	0.09361729770898819	44	177
original_hum_e_to_ē	original_hum	e_to_ē	14	final_prompt_token_minus_1	175	ck	6442	0.09281159192323685	45	177
original_hum_e_to_ē	original_hum	e_to_ē	14	final_prompt_token_minus_1	175	ck	20998	0.09190665930509567	46	177
original_hum_e_to_ē	original_hum	e_to_ē	14	final_prompt_token_minus_1	175	ck	20762	0.08989030122756958	47	177
original_hum_e_to_ē	original_hum	e_to_ē	14	final_prompt_token_minus_1	175	ck	13029	0.08790016174316406	48	177
original_hum_e_to_ē	original_hum	e_to_ē	14	final_prompt_token_minus_1	175	ck	4880	0.08669725060462952	49	177
original_hum_e_to_ē	original_hum	e_to_ē	14	final_prompt_token_minus_1	175	ck	20403	0.08560940623283386	50	177
original_hum_e_to_ē	original_hum	e_to_ē	26	final_prompt_token_minus_5	171	.	2938	0.585808515548706	1	177
original_hum_e_to_ē	original_hum	e_to_ē	26	final_prompt_token_minus_5	171	.	18937	0.5106685161590576	2	177
original_hum_e_to_ē	original_hum	e_to_ē	26	final_prompt_token_minus_5	171	.	28713	0.5081287622451782	3	177
original_hum_e_to_ē	original_hum	e_to_ē	26	final_prompt_token_minus_5	171	.	19848	0.4628060460090637	4	177
original_hum_e_to_ē	original_hum	e_to_ē	26	final_prompt_token_minus_5	171	.	22080	0.447916179895401	5	177
original_hum_e_to_ē	original_hum	e_to_ē	26	final_prompt_token_minus_5	171	.	19389	0.39674055576324463	6	177
original_hum_e_to_ē	original_hum	e_to_ē	26	final_prompt_token_minus_5	171	.	10612	0.3797459602355957	7	177
original_hum_e_to_ē	original_hum	e_to_ē	26	final_prompt_token_minus_5	171	.	16344	0.36549079418182373	8	177
original_hum_e_to_ē	original_hum	e_to_ē	26	final_prompt_token_minus_5	171	.	18198	0.35984718799591064	9	177
original_hum_e_to_ē	original_hum	e_to_ē	26	final_prompt_token_minus_5	171	.	7982	0.33814936876296997	10	177
original_hum_e_to_ē	original_hum	e_to_ē	26	final_prompt_token_minus_5	171	.	27541	0.3252333998680115	11	177
original_hum_e_to_ē	original_hum	e_to_ē	26	final_prompt_token_minus_5	171	.	4204	0.3158043622970581	12	177
original_hum_e_to_ē	original_hum	e_to_ē	26	final_prompt_token_minus_5	171	.	11256	0.298267662525177	13	177
original_hum_e_to_ē	original_hum	e_to_ē	26	final_prompt_token_minus_5	171	.	21478	0.2897864282131195	14	177
original_hum_e_to_ē	original_hum	e_to_ē	26	final_prompt_token_minus_5	171	.	5995	0.2817552387714386	15	177
original_hum_e_to_ē	original_hum	e_to_ē	26	final_prompt_token_minus_5	171	.	9317	0.2789188325405121	16	177
original_hum_e_to_ē	original_hum	e_to_ē	26	final_prompt_token_minus_5	171	.	6429	0.27135759592056274	17	177
original_hum_e_to_ē	original_hum	e_to_ē	26	final_prompt_token_minus_5	171	.	20971	0.26933741569519043	18	177
original_hum_e_to_ē	original_hum	e_to_ē	26	final_prompt_token_minus_5	171	.	25077	0.269228458404541	19	177
original_hum_e_to_ē	original_hum	e_to_ē	26	final_prompt_token_minus_5	171	.	31836	0.23908847570419312	20	177
original_hum_e_to_ē	original_hum	e_to_ē	26	final_prompt_token_minus_5	171	.	17766	0.22850167751312256	21	177
original_hum_e_to_ē	original_hum	e_to_ē	26	final_prompt_token_minus_5	171	.	10146	0.2263410985469818	22	177
original_hum_e_to_ē	original_hum	e_to_ē	26	final_prompt_token_minus_5	171	.	30607	0.22597739100456238	23	177
original_hum_e_to_ē	original_hum	e_to_ē	26	final_prompt_token_minus_5	171	.	14727	0.22352789342403412	24	177
original_hum_e_to_ē	original_hum	e_to_ē	26	final_prompt_token_minus_5	171	.	19943	0.2173750102519989	25	177
original_hum_e_to_ē	original_hum	e_to_ē	26	final_prompt_token_minus_5	171	.	4795	0.21657085418701172	26	177
original_hum_e_to_ē	original_hum	e_to_ē	26	final_prompt_token_minus_5	171	.	14768	0.21533197164535522	27	177
original_hum_e_to_ē	original_hum	e_to_ē	26	final_prompt_token_minus_5	171	.	11456	0.21246179938316345	28	177
original_hum_e_to_ē	original_hum	e_to_ē	26	final_prompt_token_minus_5	171	.	19281	0.21054217219352722	29	177
original_hum_e_to_ē	original_hum	e_to_ē	26	final_prompt_token_minus_5	171	.	2977	0.20615431666374207	30	177
original_hum_e_to_ē	original_hum	e_to_ē	26	final_prompt_token_minus_5	171	.	13412	0.20122092962265015	31	177
original_hum_e_to_ē	original_hum	e_to_ē	26	final_prompt_token_minus_5	171	.	31073	0.19447028636932373	32	177
original_hum_e_to_ē	original_hum	e_to_ē	26	final_prompt_token_minus_5	171	.	31908	0.1943192034959793	33	177
original_hum_e_to_ē	original_hum	e_to_ē	26	final_prompt_token_minus_5	171	.	32454	0.19076848030090332	34	177
original_hum_e_to_ē	original_hum	e_to_ē	26	final_prompt_token_minus_5	171	.	25377	0.18439069390296936	35	177
original_hum_e_to_ē	original_hum	e_to_ē	26	final_prompt_token_minus_5	171	.	25601	0.17923949658870697	36	177
original_hum_e_to_ē	original_hum	e_to_ē	26	final_prompt_token_minus_5	171	.	16439	0.1758095920085907	37	177
original_hum_e_to_ē	original_hum	e_to_ē	26	final_prompt_token_minus_5	171	.	7133	0.1749960035085678	38	177
original_hum_e_to_ē	original_hum	e_to_ē	26	final_prompt_token_minus_5	171	.	9745	0.17439481616020203	39	177
original_hum_e_to_ē	original_hum	e_to_ē	26	final_prompt_token_minus_5	171	.	23941	0.1730642020702362	40	177
original_hum_e_to_ē	original_hum	e_to_ē	26	final_prompt_token_minus_5	171	.	10636	0.1694825142621994	41	177
original_hum_e_to_ē	original_hum	e_to_ē	26	final_prompt_token_minus_5	171	.	32698	0.1679297387599945	42	177
original_hum_e_to_ē	original_hum	e_to_ē	26	final_prompt_token_minus_5	171	.	21706	0.16783356666564941	43	177
original_hum_e_to_ē	original_hum	e_to_ē	26	final_prompt_token_minus_5	171	.	22182	0.16750091314315796	44	177
original_hum_e_to_ē	original_hum	e_to_ē	26	final_prompt_token_minus_5	171	.	14182	0.16680429875850677	45	177
original_hum_e_to_ē	original_hum	e_to_ē	26	final_prompt_token_minus_5	171	.	18415	0.16518178582191467	46	177
original_hum_e_to_ē	original_hum	e_to_ē	26	final_prompt_token_minus_5	171	.	22076	0.16378659009933472	47	177
original_hum_e_to_ē	original_hum	e_to_ē	26	final_prompt_token_minus_5	171	.	27461	0.16351982951164246	48	177
original_hum_e_to_ē	original_hum	e_to_ē	26	final_prompt_token_minus_5	171	.	17869	0.1618247926235199	49	177
original_hum_e_to_ē	original_hum	e_to_ē	26	final_prompt_token_minus_5	171	.	10265	0.15974268317222595	50	177
original_hum_e_to_ē	original_hum	e_to_ē	14	final_prompt_token_minus_5	171	.	2961	0.6540818214416504	1	177
original_hum_e_to_ē	original_hum	e_to_ē	14	final_prompt_token_minus_5	171	.	3830	0.4919739365577698	2	177
original_hum_e_to_ē	original_hum	e_to_ē	14	final_prompt_token_minus_5	171	.	2948	0.3866475820541382	3	177
original_hum_e_to_ē	original_hum	e_to_ē	14	final_prompt_token_minus_5	171	.	6429	0.29267627000808716	4	177
original_hum_e_to_ē	original_hum	e_to_ē	14	final_prompt_token_minus_5	171	.	11944	0.2479380965232849	5	177
original_hum_e_to_ē	original_hum	e_to_ē	14	final_prompt_token_minus_5	171	.	11491	0.23917986452579498	6	177
original_hum_e_to_ē	original_hum	e_to_ē	14	final_prompt_token_minus_5	171	.	3001	0.22331291437149048	7	177
original_hum_e_to_ē	original_hum	e_to_ē	14	final_prompt_token_minus_5	171	.	9106	0.21956129372119904	8	177
original_hum_e_to_ē	original_hum	e_to_ē	14	final_prompt_token_minus_5	171	.	4010	0.21644413471221924	9	177
original_hum_e_to_ē	original_hum	e_to_ē	14	final_prompt_token_minus_5	171	.	17059	0.20962679386138916	10	177
original_hum_e_to_ē	original_hum	e_to_ē	14	final_prompt_token_minus_5	171	.	27532	0.2052636742591858	11	177
original_hum_e_to_ē	original_hum	e_to_ē	14	final_prompt_token_minus_5	171	.	438	0.19791138172149658	12	177
original_hum_e_to_ē	original_hum	e_to_ē	14	final_prompt_token_minus_5	171	.	20557	0.19629818201065063	13	177
original_hum_e_to_ē	original_hum	e_to_ē	14	final_prompt_token_minus_5	171	.	30811	0.1921975463628769	14	177
original_hum_e_to_ē	original_hum	e_to_ē	14	final_prompt_token_minus_5	171	.	23364	0.1767522096633911	15	177
original_hum_e_to_ē	original_hum	e_to_ē	14	final_prompt_token_minus_5	171	.	20064	0.16369256377220154	16	177
original_hum_e_to_ē	original_hum	e_to_ē	14	final_prompt_token_minus_5	171	.	17193	0.15902425348758698	17	177
original_hum_e_to_ē	original_hum	e_to_ē	14	final_prompt_token_minus_5	171	.	15527	0.14909052848815918	18	177
original_hum_e_to_ē	original_hum	e_to_ē	14	final_prompt_token_minus_5	171	.	22601	0.1473177671432495	19	177
original_hum_e_to_ē	original_hum	e_to_ē	14	final_prompt_token_minus_5	171	.	26156	0.14707966148853302	20	177
original_hum_e_to_ē	original_hum	e_to_ē	14	final_prompt_token_minus_5	171	.	11513	0.14538788795471191	21	177
original_hum_e_to_ē	original_hum	e_to_ē	14	final_prompt_token_minus_5	171	.	21303	0.14472836256027222	22	177
original_hum_e_to_ē	original_hum	e_to_ē	14	final_prompt_token_minus_5	171	.	17656	0.14470738172531128	23	177
original_hum_e_to_ē	original_hum	e_to_ē	14	final_prompt_token_minus_5	171	.	26050	0.14432285726070404	24	177
original_hum_e_to_ē	original_hum	e_to_ē	14	final_prompt_token_minus_5	171	.	6483	0.12765926122665405	25	177
original_hum_e_to_ē	original_hum	e_to_ē	14	final_prompt_token_minus_5	171	.	14885	0.12107545137405396	26	177
original_hum_e_to_ē	original_hum	e_to_ē	14	final_prompt_token_minus_5	171	.	14648	0.1178244799375534	27	177
original_hum_e_to_ē	original_hum	e_to_ē	14	final_prompt_token_minus_5	171	.	12817	0.1163485199213028	28	177
original_hum_e_to_ē	original_hum	e_to_ē	14	final_prompt_token_minus_5	171	.	11315	0.11282090842723846	29	177
original_hum_e_to_ē	original_hum	e_to_ē	14	final_prompt_token_minus_5	171	.	24528	0.11138004064559937	30	177
original_hum_e_to_ē	original_hum	e_to_ē	14	final_prompt_token_minus_5	171	.	17275	0.11009065061807632	31	177
original_hum_e_to_ē	original_hum	e_to_ē	14	final_prompt_token_minus_5	171	.	8556	0.10956735908985138	32	177
original_hum_e_to_ē	original_hum	e_to_ē	14	final_prompt_token_minus_5	171	.	3344	0.10833676159381866	33	177
original_hum_e_to_ē	original_hum	e_to_ē	14	final_prompt_token_minus_5	171	.	17384	0.09891319274902344	34	177
original_hum_e_to_ē	original_hum	e_to_ē	14	final_prompt_token_minus_5	171	.	20714	0.09852802753448486	35	177
original_hum_e_to_ē	original_hum	e_to_ē	14	final_prompt_token_minus_5	171	.	16325	0.09676247090101242	36	177
original_hum_e_to_ē	original_hum	e_to_ē	14	final_prompt_token_minus_5	171	.	27023	0.09404003620147705	37	177
original_hum_e_to_ē	original_hum	e_to_ē	14	final_prompt_token_minus_5	171	.	3575	0.09388241171836853	38	177
original_hum_e_to_ē	original_hum	e_to_ē	14	final_prompt_token_minus_5	171	.	30822	0.0931307002902031	39	177
original_hum_e_to_ē	original_hum	e_to_ē	14	final_prompt_token_minus_5	171	.	13119	0.09116751700639725	40	177
original_hum_e_to_ē	original_hum	e_to_ē	14	final_prompt_token_minus_5	171	.	15006	0.08936451375484467	41	177
original_hum_e_to_ē	original_hum	e_to_ē	14	final_prompt_token_minus_5	171	.	2176	0.08888386934995651	42	177
original_hum_e_to_ē	original_hum	e_to_ē	14	final_prompt_token_minus_5	171	.	29868	0.0884597897529602	43	177
original_hum_e_to_ē	original_hum	e_to_ē	14	final_prompt_token_minus_5	171	.	3996	0.08697211742401123	44	177
original_hum_e_to_ē	original_hum	e_to_ē	14	final_prompt_token_minus_5	171	.	22153	0.08628490567207336	45	177
original_hum_e_to_ē	original_hum	e_to_ē	14	final_prompt_token_minus_5	171	.	17225	0.08536165207624435	46	177
original_hum_e_to_ē	original_hum	e_to_ē	14	final_prompt_token_minus_5	171	.	9330	0.08482910692691803	47	177
original_hum_e_to_ē	original_hum	e_to_ē	14	final_prompt_token_minus_5	171	.	15260	0.08466379344463348	48	177
original_hum_e_to_ē	original_hum	e_to_ē	14	final_prompt_token_minus_5	171	.	27507	0.08428772538900375	49	177
original_hum_e_to_ē	original_hum	e_to_ē	14	final_prompt_token_minus_5	171	.	23785	0.08389844000339508	50	177
original_hum_e_to_ē	original_hum	e_to_ē	26	final_prompt_token_minus_10	166	form	2938	1.9906902313232422	1	177
original_hum_e_to_ē	original_hum	e_to_ē	26	final_prompt_token_minus_10	166	form	11412	0.9749024510383606	2	177
original_hum_e_to_ē	original_hum	e_to_ē	26	final_prompt_token_minus_10	166	form	5230	0.8907768130302429	3	177
original_hum_e_to_ē	original_hum	e_to_ē	26	final_prompt_token_minus_10	166	form	23178	0.5296115875244141	4	177
original_hum_e_to_ē	original_hum	e_to_ē	26	final_prompt_token_minus_10	166	form	23952	0.41772955656051636	5	177
original_hum_e_to_ē	original_hum	e_to_ē	26	final_prompt_token_minus_10	166	form	25960	0.39260825514793396	6	177
original_hum_e_to_ē	original_hum	e_to_ē	26	final_prompt_token_minus_10	166	form	1464	0.3683229088783264	7	177
original_hum_e_to_ē	original_hum	e_to_ē	26	final_prompt_token_minus_10	166	form	9241	0.34165066480636597	8	177
original_hum_e_to_ē	original_hum	e_to_ē	26	final_prompt_token_minus_10	166	form	13359	0.31768640875816345	9	177
original_hum_e_to_ē	original_hum	e_to_ē	26	final_prompt_token_minus_10	166	form	12801	0.3140588402748108	10	177
original_hum_e_to_ē	original_hum	e_to_ē	26	final_prompt_token_minus_10	166	form	10146	0.28858429193496704	11	177
original_hum_e_to_ē	original_hum	e_to_ē	26	final_prompt_token_minus_10	166	form	11145	0.28768038749694824	12	177
original_hum_e_to_ē	original_hum	e_to_ē	26	final_prompt_token_minus_10	166	form	380	0.2636132538318634	13	177
original_hum_e_to_ē	original_hum	e_to_ē	26	final_prompt_token_minus_10	166	form	30737	0.25866150856018066	14	177
original_hum_e_to_ē	original_hum	e_to_ē	26	final_prompt_token_minus_10	166	form	32287	0.25640976428985596	15	177
original_hum_e_to_ē	original_hum	e_to_ē	26	final_prompt_token_minus_10	166	form	31420	0.2522130012512207	16	177
original_hum_e_to_ē	original_hum	e_to_ē	26	final_prompt_token_minus_10	166	form	12693	0.22996282577514648	17	177
original_hum_e_to_ē	original_hum	e_to_ē	26	final_prompt_token_minus_10	166	form	1953	0.22840484976768494	18	177
original_hum_e_to_ē	original_hum	e_to_ē	26	final_prompt_token_minus_10	166	form	32485	0.21759353578090668	19	177
original_hum_e_to_ē	original_hum	e_to_ē	26	final_prompt_token_minus_10	166	form	9510	0.21470554172992706	20	177
original_hum_e_to_ē	original_hum	e_to_ē	26	final_prompt_token_minus_10	166	form	21462	0.2139405757188797	21	177
original_hum_e_to_ē	original_hum	e_to_ē	26	final_prompt_token_minus_10	166	form	15420	0.21041667461395264	22	177
original_hum_e_to_ē	original_hum	e_to_ē	26	final_prompt_token_minus_10	166	form	20971	0.20843225717544556	23	177
original_hum_e_to_ē	original_hum	e_to_ē	26	final_prompt_token_minus_10	166	form	29537	0.20328260958194733	24	177
original_hum_e_to_ē	original_hum	e_to_ē	26	final_prompt_token_minus_10	166	form	7982	0.20046575367450714	25	177
original_hum_e_to_ē	original_hum	e_to_ē	26	final_prompt_token_minus_10	166	form	31206	0.19230711460113525	26	177
original_hum_e_to_ē	original_hum	e_to_ē	26	final_prompt_token_minus_10	166	form	29131	0.19195425510406494	27	177
original_hum_e_to_ē	original_hum	e_to_ē	26	final_prompt_token_minus_10	166	form	6429	0.19168728590011597	28	177
original_hum_e_to_ē	original_hum	e_to_ē	26	final_prompt_token_minus_10	166	form	20909	0.19167587161064148	29	177
original_hum_e_to_ē	original_hum	e_to_ē	26	final_prompt_token_minus_10	166	form	18965	0.1863478422164917	30	177
original_hum_e_to_ē	original_hum	e_to_ē	26	final_prompt_token_minus_10	166	form	2916	0.18472370505332947	31	177
original_hum_e_to_ē	original_hum	e_to_ē	26	final_prompt_token_minus_10	166	form	19337	0.18410535156726837	32	177
original_hum_e_to_ē	original_hum	e_to_ē	26	final_prompt_token_minus_10	166	form	1999	0.18210065364837646	33	177
original_hum_e_to_ē	original_hum	e_to_ē	26	final_prompt_token_minus_10	166	form	29592	0.17572757601737976	34	177
original_hum_e_to_ē	original_hum	e_to_ē	26	final_prompt_token_minus_10	166	form	30835	0.17539703845977783	35	177
original_hum_e_to_ē	original_hum	e_to_ē	26	final_prompt_token_minus_10	166	form	22452	0.1749943047761917	36	177
original_hum_e_to_ē	original_hum	e_to_ē	26	final_prompt_token_minus_10	166	form	4067	0.17154748737812042	37	177
original_hum_e_to_ē	original_hum	e_to_ē	26	final_prompt_token_minus_10	166	form	3964	0.1706760972738266	38	177
original_hum_e_to_ē	original_hum	e_to_ē	26	final_prompt_token_minus_10	166	form	14432	0.1701042503118515	39	177
original_hum_e_to_ē	original_hum	e_to_ē	26	final_prompt_token_minus_10	166	form	7407	0.16932711005210876	40	177
original_hum_e_to_ē	original_hum	e_to_ē	26	final_prompt_token_minus_10	166	form	21783	0.1656927764415741	41	177
original_hum_e_to_ē	original_hum	e_to_ē	26	final_prompt_token_minus_10	166	form	19668	0.16552434861660004	42	177
original_hum_e_to_ē	original_hum	e_to_ē	26	final_prompt_token_minus_10	166	form	17671	0.16201715171337128	43	177
original_hum_e_to_ē	original_hum	e_to_ē	26	final_prompt_token_minus_10	166	form	18592	0.15898101031780243	44	177
original_hum_e_to_ē	original_hum	e_to_ē	26	final_prompt_token_minus_10	166	form	2324	0.15872621536254883	45	177
original_hum_e_to_ē	original_hum	e_to_ē	26	final_prompt_token_minus_10	166	form	32285	0.15811792016029358	46	177
original_hum_e_to_ē	original_hum	e_to_ē	26	final_prompt_token_minus_10	166	form	30026	0.15762290358543396	47	177
original_hum_e_to_ē	original_hum	e_to_ē	26	final_prompt_token_minus_10	166	form	10956	0.15711860358715057	48	177
original_hum_e_to_ē	original_hum	e_to_ē	26	final_prompt_token_minus_10	166	form	25494	0.15631243586540222	49	177
original_hum_e_to_ē	original_hum	e_to_ē	26	final_prompt_token_minus_10	166	form	18842	0.15373143553733826	50	177
original_hum_e_to_ē	original_hum	e_to_ē	14	final_prompt_token_minus_10	166	form	2961	1.3380500078201294	1	177
original_hum_e_to_ē	original_hum	e_to_ē	14	final_prompt_token_minus_10	166	form	6804	0.9330912232398987	2	177
original_hum_e_to_ē	original_hum	e_to_ē	14	final_prompt_token_minus_10	166	form	16195	0.6760366559028625	3	177
original_hum_e_to_ē	original_hum	e_to_ē	14	final_prompt_token_minus_10	166	form	27023	0.32734572887420654	4	177
original_hum_e_to_ē	original_hum	e_to_ē	14	final_prompt_token_minus_10	166	form	7998	0.32258787751197815	5	177
original_hum_e_to_ē	original_hum	e_to_ē	14	final_prompt_token_minus_10	166	form	6429	0.3138597309589386	6	177
original_hum_e_to_ē	original_hum	e_to_ē	14	final_prompt_token_minus_10	166	form	2211	0.2558264136314392	7	177
original_hum_e_to_ē	original_hum	e_to_ē	14	final_prompt_token_minus_10	166	form	26316	0.2375110238790512	8	177
original_hum_e_to_ē	original_hum	e_to_ē	14	final_prompt_token_minus_10	166	form	19133	0.21510611474514008	9	177
original_hum_e_to_ē	original_hum	e_to_ē	14	final_prompt_token_minus_10	166	form	18673	0.19352877140045166	10	177
original_hum_e_to_ē	original_hum	e_to_ē	14	final_prompt_token_minus_10	166	form	32427	0.1927071064710617	11	177
original_hum_e_to_ē	original_hum	e_to_ē	14	final_prompt_token_minus_10	166	form	8009	0.18419350683689117	12	177
original_hum_e_to_ē	original_hum	e_to_ē	14	final_prompt_token_minus_10	166	form	9336	0.18233728408813477	13	177
original_hum_e_to_ē	original_hum	e_to_ē	14	final_prompt_token_minus_10	166	form	3122	0.17264117300510406	14	177
original_hum_e_to_ē	original_hum	e_to_ē	14	final_prompt_token_minus_10	166	form	6681	0.16941015422344208	15	177
original_hum_e_to_ē	original_hum	e_to_ē	14	final_prompt_token_minus_10	166	form	11315	0.16910526156425476	16	177
original_hum_e_to_ē	original_hum	e_to_ē	14	final_prompt_token_minus_10	166	form	15473	0.16853506863117218	17	177
original_hum_e_to_ē	original_hum	e_to_ē	14	final_prompt_token_minus_10	166	form	15501	0.16772544384002686	18	177
original_hum_e_to_ē	original_hum	e_to_ē	14	final_prompt_token_minus_10	166	form	12179	0.16674628853797913	19	177
original_hum_e_to_ē	original_hum	e_to_ē	14	final_prompt_token_minus_10	166	form	24536	0.16109420359134674	20	177
original_hum_e_to_ē	original_hum	e_to_ē	14	final_prompt_token_minus_10	166	form	18982	0.15691740810871124	21	177
original_hum_e_to_ē	original_hum	e_to_ē	14	final_prompt_token_minus_10	166	form	9106	0.15303801000118256	22	177
original_hum_e_to_ē	original_hum	e_to_ē	14	final_prompt_token_minus_10	166	form	23073	0.1477532982826233	23	177
original_hum_e_to_ē	original_hum	e_to_ē	14	final_prompt_token_minus_10	166	form	13119	0.13736401498317719	24	177
original_hum_e_to_ē	original_hum	e_to_ē	14	final_prompt_token_minus_10	166	form	372	0.1345730721950531	25	177
original_hum_e_to_ē	original_hum	e_to_ē	14	final_prompt_token_minus_10	166	form	29800	0.1334431767463684	26	177
original_hum_e_to_ē	original_hum	e_to_ē	14	final_prompt_token_minus_10	166	form	13517	0.1307152360677719	27	177
original_hum_e_to_ē	original_hum	e_to_ē	14	final_prompt_token_minus_10	166	form	6442	0.13005363941192627	28	177
original_hum_e_to_ē	original_hum	e_to_ē	14	final_prompt_token_minus_10	166	form	15998	0.12947042286396027	29	177
original_hum_e_to_ē	original_hum	e_to_ē	14	final_prompt_token_minus_10	166	form	23364	0.12843582034111023	30	177
original_hum_e_to_ē	original_hum	e_to_ē	14	final_prompt_token_minus_10	166	form	4753	0.1230936124920845	31	177
original_hum_e_to_ē	original_hum	e_to_ē	14	final_prompt_token_minus_10	166	form	4010	0.12252342700958252	32	177
original_hum_e_to_ē	original_hum	e_to_ē	14	final_prompt_token_minus_10	166	form	4605	0.12208215147256851	33	177
original_hum_e_to_ē	original_hum	e_to_ē	14	final_prompt_token_minus_10	166	form	18607	0.12200256437063217	34	177
original_hum_e_to_ē	original_hum	e_to_ē	14	final_prompt_token_minus_10	166	form	30141	0.12118414044380188	35	177
original_hum_e_to_ē	original_hum	e_to_ē	14	final_prompt_token_minus_10	166	form	32204	0.11885268986225128	36	177
original_hum_e_to_ē	original_hum	e_to_ē	14	final_prompt_token_minus_10	166	form	2696	0.11872413009405136	37	177
original_hum_e_to_ē	original_hum	e_to_ē	14	final_prompt_token_minus_10	166	form	31735	0.11602868884801865	38	177
original_hum_e_to_ē	original_hum	e_to_ē	14	final_prompt_token_minus_10	166	form	18052	0.11595214158296585	39	177
original_hum_e_to_ē	original_hum	e_to_ē	14	final_prompt_token_minus_10	166	form	14287	0.11563239246606827	40	177
original_hum_e_to_ē	original_hum	e_to_ē	14	final_prompt_token_minus_10	166	form	4170	0.11450880765914917	41	177
original_hum_e_to_ē	original_hum	e_to_ē	14	final_prompt_token_minus_10	166	form	19614	0.11167287081480026	42	177
original_hum_e_to_ē	original_hum	e_to_ē	14	final_prompt_token_minus_10	166	form	13742	0.10893391817808151	43	177
original_hum_e_to_ē	original_hum	e_to_ē	14	final_prompt_token_minus_10	166	form	2172	0.10556358844041824	44	177
original_hum_e_to_ē	original_hum	e_to_ē	14	final_prompt_token_minus_10	166	form	10913	0.10552313923835754	45	177
original_hum_e_to_ē	original_hum	e_to_ē	14	final_prompt_token_minus_10	166	form	18609	0.10405023396015167	46	177
original_hum_e_to_ē	original_hum	e_to_ē	14	final_prompt_token_minus_10	166	form	6427	0.10402700304985046	47	177
original_hum_e_to_ē	original_hum	e_to_ē	14	final_prompt_token_minus_10	166	form	8556	0.10290724039077759	48	177
original_hum_e_to_ē	original_hum	e_to_ē	14	final_prompt_token_minus_10	166	form	17259	0.10262476652860641	49	177
original_hum_e_to_ē	original_hum	e_to_ē	14	final_prompt_token_minus_10	166	form	2221	0.10209862887859344	50	177
original_hum_d_plus_e	original_hum	d_plus_e	26	final_prompt_token	199	.	2938	1.8152925968170166	1	200
original_hum_d_plus_e	original_hum	d_plus_e	26	final_prompt_token	199	.	18937	0.6355292797088623	2	200
original_hum_d_plus_e	original_hum	d_plus_e	26	final_prompt_token	199	.	28713	0.5826237797737122	3	200
original_hum_d_plus_e	original_hum	d_plus_e	26	final_prompt_token	199	.	3241	0.39733144640922546	4	200
original_hum_d_plus_e	original_hum	d_plus_e	26	final_prompt_token	199	.	19389	0.3663000762462616	5	200
original_hum_d_plus_e	original_hum	d_plus_e	26	final_prompt_token	199	.	1626	0.35307180881500244	6	200
original_hum_d_plus_e	original_hum	d_plus_e	26	final_prompt_token	199	.	15954	0.30948755145072937	7	200
original_hum_d_plus_e	original_hum	d_plus_e	26	final_prompt_token	199	.	6194	0.29878324270248413	8	200
original_hum_d_plus_e	original_hum	d_plus_e	26	final_prompt_token	199	.	29524	0.28380411863327026	9	200
original_hum_d_plus_e	original_hum	d_plus_e	26	final_prompt_token	199	.	23977	0.27850404381752014	10	200
original_hum_d_plus_e	original_hum	d_plus_e	26	final_prompt_token	199	.	13935	0.2547314167022705	11	200
original_hum_d_plus_e	original_hum	d_plus_e	26	final_prompt_token	199	.	31908	0.24539387226104736	12	200
original_hum_d_plus_e	original_hum	d_plus_e	26	final_prompt_token	199	.	15076	0.23463955521583557	13	200
original_hum_d_plus_e	original_hum	d_plus_e	26	final_prompt_token	199	.	599	0.22988085448741913	14	200
original_hum_d_plus_e	original_hum	d_plus_e	26	final_prompt_token	199	.	26684	0.21945515275001526	15	200
original_hum_d_plus_e	original_hum	d_plus_e	26	final_prompt_token	199	.	8882	0.20923399925231934	16	200
original_hum_d_plus_e	original_hum	d_plus_e	26	final_prompt_token	199	.	6429	0.20429855585098267	17	200
original_hum_d_plus_e	original_hum	d_plus_e	26	final_prompt_token	199	.	17394	0.20380717515945435	18	200
original_hum_d_plus_e	original_hum	d_plus_e	26	final_prompt_token	199	.	8418	0.20229864120483398	19	200
original_hum_d_plus_e	original_hum	d_plus_e	26	final_prompt_token	199	.	30033	0.20210981369018555	20	200
original_hum_d_plus_e	original_hum	d_plus_e	26	final_prompt_token	199	.	11456	0.19722837209701538	21	200
original_hum_d_plus_e	original_hum	d_plus_e	26	final_prompt_token	199	.	27342	0.1969396471977234	22	200
original_hum_d_plus_e	original_hum	d_plus_e	26	final_prompt_token	199	.	14858	0.19227926433086395	23	200
original_hum_d_plus_e	original_hum	d_plus_e	26	final_prompt_token	199	.	11256	0.18141146004199982	24	200
original_hum_d_plus_e	original_hum	d_plus_e	26	final_prompt_token	199	.	25575	0.1770055741071701	25	200
original_hum_d_plus_e	original_hum	d_plus_e	26	final_prompt_token	199	.	13916	0.17681439220905304	26	200
original_hum_d_plus_e	original_hum	d_plus_e	26	final_prompt_token	199	.	14614	0.17593038082122803	27	200
original_hum_d_plus_e	original_hum	d_plus_e	26	final_prompt_token	199	.	22503	0.17543835937976837	28	200
original_hum_d_plus_e	original_hum	d_plus_e	26	final_prompt_token	199	.	11338	0.17418760061264038	29	200
original_hum_d_plus_e	original_hum	d_plus_e	26	final_prompt_token	199	.	8216	0.17395630478858948	30	200
original_hum_d_plus_e	original_hum	d_plus_e	26	final_prompt_token	199	.	7982	0.1730441004037857	31	200
original_hum_d_plus_e	original_hum	d_plus_e	26	final_prompt_token	199	.	25377	0.17284780740737915	32	200
original_hum_d_plus_e	original_hum	d_plus_e	26	final_prompt_token	199	.	27872	0.169394850730896	33	200
original_hum_d_plus_e	original_hum	d_plus_e	26	final_prompt_token	199	.	27281	0.16788294911384583	34	200
original_hum_d_plus_e	original_hum	d_plus_e	26	final_prompt_token	199	.	17869	0.16581511497497559	35	200
original_hum_d_plus_e	original_hum	d_plus_e	26	final_prompt_token	199	.	21478	0.16523966193199158	36	200
original_hum_d_plus_e	original_hum	d_plus_e	26	final_prompt_token	199	.	25351	0.1652170717716217	37	200
original_hum_d_plus_e	original_hum	d_plus_e	26	final_prompt_token	199	.	7163	0.16327354311943054	38	200
original_hum_d_plus_e	original_hum	d_plus_e	26	final_prompt_token	199	.	6021	0.16195066273212433	39	200
original_hum_d_plus_e	original_hum	d_plus_e	26	final_prompt_token	199	.	18198	0.15846721827983856	40	200
original_hum_d_plus_e	original_hum	d_plus_e	26	final_prompt_token	199	.	2977	0.15675191581249237	41	200
original_hum_d_plus_e	original_hum	d_plus_e	26	final_prompt_token	199	.	13061	0.1524142026901245	42	200
original_hum_d_plus_e	original_hum	d_plus_e	26	final_prompt_token	199	.	12320	0.15131185948848724	43	200
original_hum_d_plus_e	original_hum	d_plus_e	26	final_prompt_token	199	.	32698	0.15045037865638733	44	200
original_hum_d_plus_e	original_hum	d_plus_e	26	final_prompt_token	199	.	9728	0.14789718389511108	45	200
original_hum_d_plus_e	original_hum	d_plus_e	26	final_prompt_token	199	.	5079	0.14727887511253357	46	200
original_hum_d_plus_e	original_hum	d_plus_e	26	final_prompt_token	199	.	14223	0.14644159376621246	47	200
original_hum_d_plus_e	original_hum	d_plus_e	26	final_prompt_token	199	.	15160	0.14588558673858643	48	200
original_hum_d_plus_e	original_hum	d_plus_e	26	final_prompt_token	199	.	19335	0.14523114264011383	49	200
original_hum_d_plus_e	original_hum	d_plus_e	26	final_prompt_token	199	.	10963	0.14261740446090698	50	200
original_hum_d_plus_e	original_hum	d_plus_e	14	final_prompt_token	199	.	3830	0.5063984394073486	1	200
original_hum_d_plus_e	original_hum	d_plus_e	14	final_prompt_token	199	.	2961	0.47301793098449707	2	200
original_hum_d_plus_e	original_hum	d_plus_e	14	final_prompt_token	199	.	7163	0.32456880807876587	3	200
original_hum_d_plus_e	original_hum	d_plus_e	14	final_prompt_token	199	.	6429	0.28721967339515686	4	200
original_hum_d_plus_e	original_hum	d_plus_e	14	final_prompt_token	199	.	30964	0.27682554721832275	5	200
original_hum_d_plus_e	original_hum	d_plus_e	14	final_prompt_token	199	.	10976	0.22352217137813568	6	200
original_hum_d_plus_e	original_hum	d_plus_e	14	final_prompt_token	199	.	20557	0.22209432721138	7	200
original_hum_d_plus_e	original_hum	d_plus_e	14	final_prompt_token	199	.	8033	0.21476641297340393	8	200
original_hum_d_plus_e	original_hum	d_plus_e	14	final_prompt_token	199	.	30170	0.20739209651947021	9	200
original_hum_d_plus_e	original_hum	d_plus_e	14	final_prompt_token	199	.	17193	0.20405246317386627	10	200
original_hum_d_plus_e	original_hum	d_plus_e	14	final_prompt_token	199	.	1168	0.19537770748138428	11	200
original_hum_d_plus_e	original_hum	d_plus_e	14	final_prompt_token	199	.	992	0.18505004048347473	12	200
original_hum_d_plus_e	original_hum	d_plus_e	14	final_prompt_token	199	.	16382	0.18124490976333618	13	200
original_hum_d_plus_e	original_hum	d_plus_e	14	final_prompt_token	199	.	2176	0.17654907703399658	14	200
original_hum_d_plus_e	original_hum	d_plus_e	14	final_prompt_token	199	.	14679	0.16217587888240814	15	200
original_hum_d_plus_e	original_hum	d_plus_e	14	final_prompt_token	199	.	4620	0.157198965549469	16	200
original_hum_d_plus_e	original_hum	d_plus_e	14	final_prompt_token	199	.	31758	0.1571359634399414	17	200
original_hum_d_plus_e	original_hum	d_plus_e	14	final_prompt_token	199	.	18895	0.15682050585746765	18	200
original_hum_d_plus_e	original_hum	d_plus_e	14	final_prompt_token	199	.	9030	0.15445011854171753	19	200
original_hum_d_plus_e	original_hum	d_plus_e	14	final_prompt_token	199	.	25151	0.1512349396944046	20	200
original_hum_d_plus_e	original_hum	d_plus_e	14	final_prompt_token	199	.	14932	0.14696171879768372	21	200
original_hum_d_plus_e	original_hum	d_plus_e	14	final_prompt_token	199	.	26237	0.14521880447864532	22	200
original_hum_d_plus_e	original_hum	d_plus_e	14	final_prompt_token	199	.	3001	0.14311321079730988	23	200
original_hum_d_plus_e	original_hum	d_plus_e	14	final_prompt_token	199	.	31774	0.14209529757499695	24	200
original_hum_d_plus_e	original_hum	d_plus_e	14	final_prompt_token	199	.	17471	0.13405707478523254	25	200
original_hum_d_plus_e	original_hum	d_plus_e	14	final_prompt_token	199	.	4428	0.13032953441143036	26	200
original_hum_d_plus_e	original_hum	d_plus_e	14	final_prompt_token	199	.	3289	0.1296788454055786	27	200
original_hum_d_plus_e	original_hum	d_plus_e	14	final_prompt_token	199	.	20769	0.12923692166805267	28	200
original_hum_d_plus_e	original_hum	d_plus_e	14	final_prompt_token	199	.	17359	0.1255784034729004	29	200
original_hum_d_plus_e	original_hum	d_plus_e	14	final_prompt_token	199	.	2722	0.12494677305221558	30	200
original_hum_d_plus_e	original_hum	d_plus_e	14	final_prompt_token	199	.	8677	0.12492159754037857	31	200
original_hum_d_plus_e	original_hum	d_plus_e	14	final_prompt_token	199	.	20681	0.12259688973426819	32	200
original_hum_d_plus_e	original_hum	d_plus_e	14	final_prompt_token	199	.	4953	0.12152323126792908	33	200
original_hum_d_plus_e	original_hum	d_plus_e	14	final_prompt_token	199	.	17275	0.12004952132701874	34	200
original_hum_d_plus_e	original_hum	d_plus_e	14	final_prompt_token	199	.	11914	0.11651767045259476	35	200
original_hum_d_plus_e	original_hum	d_plus_e	14	final_prompt_token	199	.	13064	0.11591897904872894	36	200
original_hum_d_plus_e	original_hum	d_plus_e	14	final_prompt_token	199	.	23591	0.11525022983551025	37	200
original_hum_d_plus_e	original_hum	d_plus_e	14	final_prompt_token	199	.	15605	0.11410143226385117	38	200
original_hum_d_plus_e	original_hum	d_plus_e	14	final_prompt_token	199	.	4880	0.11406747996807098	39	200
original_hum_d_plus_e	original_hum	d_plus_e	14	final_prompt_token	199	.	9298	0.11404255032539368	40	200
original_hum_d_plus_e	original_hum	d_plus_e	14	final_prompt_token	199	.	6836	0.11271040141582489	41	200
original_hum_d_plus_e	original_hum	d_plus_e	14	final_prompt_token	199	.	3784	0.11259181052446365	42	200
original_hum_d_plus_e	original_hum	d_plus_e	14	final_prompt_token	199	.	16801	0.11110416054725647	43	200
original_hum_d_plus_e	original_hum	d_plus_e	14	final_prompt_token	199	.	12257	0.10930067300796509	44	200
original_hum_d_plus_e	original_hum	d_plus_e	14	final_prompt_token	199	.	12080	0.10910193622112274	45	200
original_hum_d_plus_e	original_hum	d_plus_e	14	final_prompt_token	199	.	20923	0.10878047347068787	46	200
original_hum_d_plus_e	original_hum	d_plus_e	14	final_prompt_token	199	.	4959	0.10726448893547058	47	200
original_hum_d_plus_e	original_hum	d_plus_e	14	final_prompt_token	199	.	15272	0.10557235777378082	48	200
original_hum_d_plus_e	original_hum	d_plus_e	14	final_prompt_token	199	.	1013	0.10547947138547897	49	200
original_hum_d_plus_e	original_hum	d_plus_e	14	final_prompt_token	199	.	20402	0.10532636940479279	50	200
original_hum_d_plus_e	original_hum	d_plus_e	26	final_prompt_token_minus_1	198	ck	799	1.723484992980957	1	200
original_hum_d_plus_e	original_hum	d_plus_e	26	final_prompt_token_minus_1	198	ck	2938	1.1367404460906982	2	200
original_hum_d_plus_e	original_hum	d_plus_e	26	final_prompt_token_minus_1	198	ck	27342	0.4273604452610016	3	200
original_hum_d_plus_e	original_hum	d_plus_e	26	final_prompt_token_minus_1	198	ck	16706	0.3891732692718506	4	200
original_hum_d_plus_e	original_hum	d_plus_e	26	final_prompt_token_minus_1	198	ck	14836	0.32651248574256897	5	200
original_hum_d_plus_e	original_hum	d_plus_e	26	final_prompt_token_minus_1	198	ck	19389	0.31113332509994507	6	200
original_hum_d_plus_e	original_hum	d_plus_e	26	final_prompt_token_minus_1	198	ck	8882	0.29251378774642944	7	200
original_hum_d_plus_e	original_hum	d_plus_e	26	final_prompt_token_minus_1	198	ck	19850	0.28311777114868164	8	200
original_hum_d_plus_e	original_hum	d_plus_e	26	final_prompt_token_minus_1	198	ck	26684	0.2760849595069885	9	200
original_hum_d_plus_e	original_hum	d_plus_e	26	final_prompt_token_minus_1	198	ck	16439	0.2747179865837097	10	200
original_hum_d_plus_e	original_hum	d_plus_e	26	final_prompt_token_minus_1	198	ck	11256	0.2719081938266754	11	200
original_hum_d_plus_e	original_hum	d_plus_e	26	final_prompt_token_minus_1	198	ck	9990	0.25949880480766296	12	200
original_hum_d_plus_e	original_hum	d_plus_e	26	final_prompt_token_minus_1	198	ck	14870	0.24799975752830505	13	200
original_hum_d_plus_e	original_hum	d_plus_e	26	final_prompt_token_minus_1	198	ck	1953	0.24170808494091034	14	200
original_hum_d_plus_e	original_hum	d_plus_e	26	final_prompt_token_minus_1	198	ck	29171	0.2327241450548172	15	200
original_hum_d_plus_e	original_hum	d_plus_e	26	final_prompt_token_minus_1	198	ck	23171	0.23204421997070312	16	200
original_hum_d_plus_e	original_hum	d_plus_e	26	final_prompt_token_minus_1	198	ck	5257	0.22585609555244446	17	200
original_hum_d_plus_e	original_hum	d_plus_e	26	final_prompt_token_minus_1	198	ck	32454	0.22488224506378174	18	200
original_hum_d_plus_e	original_hum	d_plus_e	26	final_prompt_token_minus_1	198	ck	29065	0.21979768574237823	19	200
original_hum_d_plus_e	original_hum	d_plus_e	26	final_prompt_token_minus_1	198	ck	22129	0.21926452219486237	20	200
original_hum_d_plus_e	original_hum	d_plus_e	26	final_prompt_token_minus_1	198	ck	20642	0.21741528809070587	21	200
original_hum_d_plus_e	original_hum	d_plus_e	26	final_prompt_token_minus_1	198	ck	16475	0.2109358161687851	22	200
original_hum_d_plus_e	original_hum	d_plus_e	26	final_prompt_token_minus_1	198	ck	7982	0.20762906968593597	23	200
original_hum_d_plus_e	original_hum	d_plus_e	26	final_prompt_token_minus_1	198	ck	23071	0.20632123947143555	24	200
original_hum_d_plus_e	original_hum	d_plus_e	26	final_prompt_token_minus_1	198	ck	25001	0.19919437170028687	25	200
original_hum_d_plus_e	original_hum	d_plus_e	26	final_prompt_token_minus_1	198	ck	7506	0.19901123642921448	26	200
original_hum_d_plus_e	original_hum	d_plus_e	26	final_prompt_token_minus_1	198	ck	15076	0.19787940382957458	27	200
original_hum_d_plus_e	original_hum	d_plus_e	26	final_prompt_token_minus_1	198	ck	704	0.19691497087478638	28	200
original_hum_d_plus_e	original_hum	d_plus_e	26	final_prompt_token_minus_1	198	ck	17164	0.19510051608085632	29	200
original_hum_d_plus_e	original_hum	d_plus_e	26	final_prompt_token_minus_1	198	ck	16793	0.18953752517700195	30	200
original_hum_d_plus_e	original_hum	d_plus_e	26	final_prompt_token_minus_1	198	ck	9241	0.18832281231880188	31	200
original_hum_d_plus_e	original_hum	d_plus_e	26	final_prompt_token_minus_1	198	ck	22025	0.18657329678535461	32	200
original_hum_d_plus_e	original_hum	d_plus_e	26	final_prompt_token_minus_1	198	ck	22353	0.18001940846443176	33	200
original_hum_d_plus_e	original_hum	d_plus_e	26	final_prompt_token_minus_1	198	ck	2665	0.17834345996379852	34	200
original_hum_d_plus_e	original_hum	d_plus_e	26	final_prompt_token_minus_1	198	ck	13916	0.17009972035884857	35	200
original_hum_d_plus_e	original_hum	d_plus_e	26	final_prompt_token_minus_1	198	ck	1659	0.16853919625282288	36	200
original_hum_d_plus_e	original_hum	d_plus_e	26	final_prompt_token_minus_1	198	ck	32448	0.16760581731796265	37	200
original_hum_d_plus_e	original_hum	d_plus_e	26	final_prompt_token_minus_1	198	ck	3805	0.16533717513084412	38	200
original_hum_d_plus_e	original_hum	d_plus_e	26	final_prompt_token_minus_1	198	ck	30205	0.16516238451004028	39	200
original_hum_d_plus_e	original_hum	d_plus_e	26	final_prompt_token_minus_1	198	ck	17869	0.16362762451171875	40	200
original_hum_d_plus_e	original_hum	d_plus_e	26	final_prompt_token_minus_1	198	ck	10265	0.15956397354602814	41	200
original_hum_d_plus_e	original_hum	d_plus_e	26	final_prompt_token_minus_1	198	ck	25429	0.15565882623195648	42	200
original_hum_d_plus_e	original_hum	d_plus_e	26	final_prompt_token_minus_1	198	ck	24636	0.15472355484962463	43	200
original_hum_d_plus_e	original_hum	d_plus_e	26	final_prompt_token_minus_1	198	ck	31090	0.15433847904205322	44	200
original_hum_d_plus_e	original_hum	d_plus_e	26	final_prompt_token_minus_1	198	ck	8216	0.15380612015724182	45	200
original_hum_d_plus_e	original_hum	d_plus_e	26	final_prompt_token_minus_1	198	ck	22584	0.15034162998199463	46	200
original_hum_d_plus_e	original_hum	d_plus_e	26	final_prompt_token_minus_1	198	ck	6593	0.14878487586975098	47	200
original_hum_d_plus_e	original_hum	d_plus_e	26	final_prompt_token_minus_1	198	ck	31784	0.1472131907939911	48	200
original_hum_d_plus_e	original_hum	d_plus_e	26	final_prompt_token_minus_1	198	ck	5995	0.1465664803981781	49	200
original_hum_d_plus_e	original_hum	d_plus_e	26	final_prompt_token_minus_1	198	ck	24977	0.1455409675836563	50	200
original_hum_d_plus_e	original_hum	d_plus_e	14	final_prompt_token_minus_1	198	ck	2961	1.3483335971832275	1	200
original_hum_d_plus_e	original_hum	d_plus_e	14	final_prompt_token_minus_1	198	ck	8033	1.1607214212417603	2	200
original_hum_d_plus_e	original_hum	d_plus_e	14	final_prompt_token_minus_1	198	ck	30170	0.33685988187789917	3	200
original_hum_d_plus_e	original_hum	d_plus_e	14	final_prompt_token_minus_1	198	ck	32427	0.2662431597709656	4	200
original_hum_d_plus_e	original_hum	d_plus_e	14	final_prompt_token_minus_1	198	ck	6429	0.2586137056350708	5	200
original_hum_d_plus_e	original_hum	d_plus_e	14	final_prompt_token_minus_1	198	ck	19133	0.2544403076171875	6	200
original_hum_d_plus_e	original_hum	d_plus_e	14	final_prompt_token_minus_1	198	ck	7163	0.2484750747680664	7	200
original_hum_d_plus_e	original_hum	d_plus_e	14	final_prompt_token_minus_1	198	ck	3289	0.23823967576026917	8	200
original_hum_d_plus_e	original_hum	d_plus_e	14	final_prompt_token_minus_1	198	ck	6681	0.23441927134990692	9	200
original_hum_d_plus_e	original_hum	d_plus_e	14	final_prompt_token_minus_1	198	ck	21981	0.23093943297863007	10	200
original_hum_d_plus_e	original_hum	d_plus_e	14	final_prompt_token_minus_1	198	ck	13538	0.2291422188282013	11	200
original_hum_d_plus_e	original_hum	d_plus_e	14	final_prompt_token_minus_1	198	ck	21447	0.1794879138469696	12	200
original_hum_d_plus_e	original_hum	d_plus_e	14	final_prompt_token_minus_1	198	ck	12000	0.1758323609828949	13	200
original_hum_d_plus_e	original_hum	d_plus_e	14	final_prompt_token_minus_1	198	ck	15501	0.17533573508262634	14	200
original_hum_d_plus_e	original_hum	d_plus_e	14	final_prompt_token_minus_1	198	ck	15396	0.15483355522155762	15	200
original_hum_d_plus_e	original_hum	d_plus_e	14	final_prompt_token_minus_1	198	ck	20681	0.15367557108402252	16	200
original_hum_d_plus_e	original_hum	d_plus_e	14	final_prompt_token_minus_1	198	ck	25151	0.1511934995651245	17	200
original_hum_d_plus_e	original_hum	d_plus_e	14	final_prompt_token_minus_1	198	ck	13119	0.14746694266796112	18	200
original_hum_d_plus_e	original_hum	d_plus_e	14	final_prompt_token_minus_1	198	ck	7175	0.13523419201374054	19	200
original_hum_d_plus_e	original_hum	d_plus_e	14	final_prompt_token_minus_1	198	ck	3557	0.13458451628684998	20	200
original_hum_d_plus_e	original_hum	d_plus_e	14	final_prompt_token_minus_1	198	ck	32680	0.12388671189546585	21	200
original_hum_d_plus_e	original_hum	d_plus_e	14	final_prompt_token_minus_1	198	ck	7297	0.12262053787708282	22	200
original_hum_d_plus_e	original_hum	d_plus_e	14	final_prompt_token_minus_1	198	ck	11864	0.11869408190250397	23	200
original_hum_d_plus_e	original_hum	d_plus_e	14	final_prompt_token_minus_1	198	ck	4953	0.11729015409946442	24	200
original_hum_d_plus_e	original_hum	d_plus_e	14	final_prompt_token_minus_1	198	ck	26050	0.11700786650180817	25	200
original_hum_d_plus_e	original_hum	d_plus_e	14	final_prompt_token_minus_1	198	ck	11522	0.1133107990026474	26	200
original_hum_d_plus_e	original_hum	d_plus_e	14	final_prompt_token_minus_1	198	ck	1981	0.11179667711257935	27	200
original_hum_d_plus_e	original_hum	d_plus_e	14	final_prompt_token_minus_1	198	ck	992	0.11042764037847519	28	200
original_hum_d_plus_e	original_hum	d_plus_e	14	final_prompt_token_minus_1	198	ck	31774	0.10814718902111053	29	200
original_hum_d_plus_e	original_hum	d_plus_e	14	final_prompt_token_minus_1	198	ck	6025	0.10759321600198746	30	200
original_hum_d_plus_e	original_hum	d_plus_e	14	final_prompt_token_minus_1	198	ck	1013	0.10681693255901337	31	200
original_hum_d_plus_e	original_hum	d_plus_e	14	final_prompt_token_minus_1	198	ck	20403	0.10353259742259979	32	200
original_hum_d_plus_e	original_hum	d_plus_e	14	final_prompt_token_minus_1	198	ck	20998	0.10309339314699173	33	200
original_hum_d_plus_e	original_hum	d_plus_e	14	final_prompt_token_minus_1	198	ck	28492	0.10297159850597382	34	200
original_hum_d_plus_e	original_hum	d_plus_e	14	final_prompt_token_minus_1	198	ck	30225	0.10207821428775787	35	200
original_hum_d_plus_e	original_hum	d_plus_e	14	final_prompt_token_minus_1	198	ck	4880	0.10178522765636444	36	200
original_hum_d_plus_e	original_hum	d_plus_e	14	final_prompt_token_minus_1	198	ck	17419	0.10015221685171127	37	200
original_hum_d_plus_e	original_hum	d_plus_e	14	final_prompt_token_minus_1	198	ck	3170	0.09954177588224411	38	200
original_hum_d_plus_e	original_hum	d_plus_e	14	final_prompt_token_minus_1	198	ck	1102	0.09751253575086594	39	200
original_hum_d_plus_e	original_hum	d_plus_e	14	final_prompt_token_minus_1	198	ck	23505	0.0960686132311821	40	200
original_hum_d_plus_e	original_hum	d_plus_e	14	final_prompt_token_minus_1	198	ck	32638	0.09534212946891785	41	200
original_hum_d_plus_e	original_hum	d_plus_e	14	final_prompt_token_minus_1	198	ck	18609	0.094562828540802	42	200
original_hum_d_plus_e	original_hum	d_plus_e	14	final_prompt_token_minus_1	198	ck	28880	0.09393991529941559	43	200
original_hum_d_plus_e	original_hum	d_plus_e	14	final_prompt_token_minus_1	198	ck	11726	0.09280380606651306	44	200
original_hum_d_plus_e	original_hum	d_plus_e	14	final_prompt_token_minus_1	198	ck	13029	0.09125851094722748	45	200
original_hum_d_plus_e	original_hum	d_plus_e	14	final_prompt_token_minus_1	198	ck	14774	0.09114408493041992	46	200
original_hum_d_plus_e	original_hum	d_plus_e	14	final_prompt_token_minus_1	198	ck	19493	0.0908457487821579	47	200
original_hum_d_plus_e	original_hum	d_plus_e	14	final_prompt_token_minus_1	198	ck	20557	0.09062917530536652	48	200
original_hum_d_plus_e	original_hum	d_plus_e	14	final_prompt_token_minus_1	198	ck	20762	0.09008096158504486	49	200
original_hum_d_plus_e	original_hum	d_plus_e	14	final_prompt_token_minus_1	198	ck	11006	0.09004040062427521	50	200
original_hum_d_plus_e	original_hum	d_plus_e	26	final_prompt_token_minus_5	194	.	18937	0.5553584098815918	1	200
original_hum_d_plus_e	original_hum	d_plus_e	26	final_prompt_token_minus_5	194	.	28713	0.4920955300331116	2	200
original_hum_d_plus_e	original_hum	d_plus_e	26	final_prompt_token_minus_5	194	.	2938	0.4619894027709961	3	200
original_hum_d_plus_e	original_hum	d_plus_e	26	final_prompt_token_minus_5	194	.	19848	0.46180135011672974	4	200
original_hum_d_plus_e	original_hum	d_plus_e	26	final_prompt_token_minus_5	194	.	22080	0.4437335729598999	5	200
original_hum_d_plus_e	original_hum	d_plus_e	26	final_prompt_token_minus_5	194	.	18198	0.4023120403289795	6	200
original_hum_d_plus_e	original_hum	d_plus_e	26	final_prompt_token_minus_5	194	.	10612	0.3763903081417084	7	200
original_hum_d_plus_e	original_hum	d_plus_e	26	final_prompt_token_minus_5	194	.	19389	0.35927367210388184	8	200
original_hum_d_plus_e	original_hum	d_plus_e	26	final_prompt_token_minus_5	194	.	27541	0.3542938232421875	9	200
original_hum_d_plus_e	original_hum	d_plus_e	26	final_prompt_token_minus_5	194	.	4204	0.33123332262039185	10	200
original_hum_d_plus_e	original_hum	d_plus_e	26	final_prompt_token_minus_5	194	.	21478	0.32100895047187805	11	200
original_hum_d_plus_e	original_hum	d_plus_e	26	final_prompt_token_minus_5	194	.	7982	0.3194626569747925	12	200
original_hum_d_plus_e	original_hum	d_plus_e	26	final_prompt_token_minus_5	194	.	16344	0.3158521354198456	13	200
original_hum_d_plus_e	original_hum	d_plus_e	26	final_prompt_token_minus_5	194	.	11256	0.31426802277565	14	200
original_hum_d_plus_e	original_hum	d_plus_e	26	final_prompt_token_minus_5	194	.	20971	0.30290699005126953	15	200
original_hum_d_plus_e	original_hum	d_plus_e	26	final_prompt_token_minus_5	194	.	9317	0.2558085024356842	16	200
original_hum_d_plus_e	original_hum	d_plus_e	26	final_prompt_token_minus_5	194	.	4795	0.2532910108566284	17	200
original_hum_d_plus_e	original_hum	d_plus_e	26	final_prompt_token_minus_5	194	.	17766	0.2523578405380249	18	200
original_hum_d_plus_e	original_hum	d_plus_e	26	final_prompt_token_minus_5	194	.	6429	0.23656657338142395	19	200
original_hum_d_plus_e	original_hum	d_plus_e	26	final_prompt_token_minus_5	194	.	30607	0.233402281999588	20	200
original_hum_d_plus_e	original_hum	d_plus_e	26	final_prompt_token_minus_5	194	.	5995	0.233335942029953	21	200
original_hum_d_plus_e	original_hum	d_plus_e	26	final_prompt_token_minus_5	194	.	14727	0.22987984120845795	22	200
original_hum_d_plus_e	original_hum	d_plus_e	26	final_prompt_token_minus_5	194	.	11456	0.21661362051963806	23	200
original_hum_d_plus_e	original_hum	d_plus_e	26	final_prompt_token_minus_5	194	.	19943	0.21318504214286804	24	200
original_hum_d_plus_e	original_hum	d_plus_e	26	final_prompt_token_minus_5	194	.	10146	0.21174204349517822	25	200
original_hum_d_plus_e	original_hum	d_plus_e	26	final_prompt_token_minus_5	194	.	19281	0.2113867700099945	26	200
original_hum_d_plus_e	original_hum	d_plus_e	26	final_prompt_token_minus_5	194	.	14768	0.1982976496219635	27	200
original_hum_d_plus_e	original_hum	d_plus_e	26	final_prompt_token_minus_5	194	.	23941	0.19696453213691711	28	200
original_hum_d_plus_e	original_hum	d_plus_e	26	final_prompt_token_minus_5	194	.	26803	0.1953210085630417	29	200
original_hum_d_plus_e	original_hum	d_plus_e	26	final_prompt_token_minus_5	194	.	25077	0.193758025765419	30	200
original_hum_d_plus_e	original_hum	d_plus_e	26	final_prompt_token_minus_5	194	.	13412	0.18628540635108948	31	200
original_hum_d_plus_e	original_hum	d_plus_e	26	final_prompt_token_minus_5	194	.	31836	0.1838800460100174	32	200
original_hum_d_plus_e	original_hum	d_plus_e	26	final_prompt_token_minus_5	194	.	10636	0.1828211396932602	33	200
original_hum_d_plus_e	original_hum	d_plus_e	26	final_prompt_token_minus_5	194	.	16793	0.18014466762542725	34	200
original_hum_d_plus_e	original_hum	d_plus_e	26	final_prompt_token_minus_5	194	.	7133	0.17473280429840088	35	200
original_hum_d_plus_e	original_hum	d_plus_e	26	final_prompt_token_minus_5	194	.	2977	0.1734767109155655	36	200
original_hum_d_plus_e	original_hum	d_plus_e	26	final_prompt_token_minus_5	194	.	31073	0.1733849048614502	37	200
original_hum_d_plus_e	original_hum	d_plus_e	26	final_prompt_token_minus_5	194	.	22182	0.17003405094146729	38	200
original_hum_d_plus_e	original_hum	d_plus_e	26	final_prompt_token_minus_5	194	.	9295	0.16876614093780518	39	200
original_hum_d_plus_e	original_hum	d_plus_e	26	final_prompt_token_minus_5	194	.	18415	0.16659507155418396	40	200
original_hum_d_plus_e	original_hum	d_plus_e	26	final_prompt_token_minus_5	194	.	29295	0.16562630236148834	41	200
original_hum_d_plus_e	original_hum	d_plus_e	26	final_prompt_token_minus_5	194	.	14771	0.16046574711799622	42	200
original_hum_d_plus_e	original_hum	d_plus_e	26	final_prompt_token_minus_5	194	.	15560	0.15904466807842255	43	200
original_hum_d_plus_e	original_hum	d_plus_e	26	final_prompt_token_minus_5	194	.	22076	0.15522266924381256	44	200
original_hum_d_plus_e	original_hum	d_plus_e	26	final_prompt_token_minus_5	194	.	25601	0.1544143110513687	45	200
original_hum_d_plus_e	original_hum	d_plus_e	26	final_prompt_token_minus_5	194	.	25377	0.1543983817100525	46	200
original_hum_d_plus_e	original_hum	d_plus_e	26	final_prompt_token_minus_5	194	.	25161	0.1533140391111374	47	200
original_hum_d_plus_e	original_hum	d_plus_e	26	final_prompt_token_minus_5	194	.	17869	0.15288332104682922	48	200
original_hum_d_plus_e	original_hum	d_plus_e	26	final_prompt_token_minus_5	194	.	27281	0.15288136899471283	49	200
original_hum_d_plus_e	original_hum	d_plus_e	26	final_prompt_token_minus_5	194	.	18656	0.15192824602127075	50	200
original_hum_d_plus_e	original_hum	d_plus_e	14	final_prompt_token_minus_5	194	.	2961	0.6929881572723389	1	200
original_hum_d_plus_e	original_hum	d_plus_e	14	final_prompt_token_minus_5	194	.	3830	0.5111556053161621	2	200
original_hum_d_plus_e	original_hum	d_plus_e	14	final_prompt_token_minus_5	194	.	2948	0.3272762894630432	3	200
original_hum_d_plus_e	original_hum	d_plus_e	14	final_prompt_token_minus_5	194	.	6429	0.30019041895866394	4	200
original_hum_d_plus_e	original_hum	d_plus_e	14	final_prompt_token_minus_5	194	.	4010	0.23720747232437134	5	200
original_hum_d_plus_e	original_hum	d_plus_e	14	final_prompt_token_minus_5	194	.	9106	0.23305876553058624	6	200
original_hum_d_plus_e	original_hum	d_plus_e	14	final_prompt_token_minus_5	194	.	11944	0.22987782955169678	7	200
original_hum_d_plus_e	original_hum	d_plus_e	14	final_prompt_token_minus_5	194	.	11491	0.22410394251346588	8	200
original_hum_d_plus_e	original_hum	d_plus_e	14	final_prompt_token_minus_5	194	.	3001	0.22256281971931458	9	200
original_hum_d_plus_e	original_hum	d_plus_e	14	final_prompt_token_minus_5	194	.	438	0.21563589572906494	10	200
original_hum_d_plus_e	original_hum	d_plus_e	14	final_prompt_token_minus_5	194	.	27532	0.213924378156662	11	200
original_hum_d_plus_e	original_hum	d_plus_e	14	final_prompt_token_minus_5	194	.	30811	0.19645127654075623	12	200
original_hum_d_plus_e	original_hum	d_plus_e	14	final_prompt_token_minus_5	194	.	20064	0.19360463321208954	13	200
original_hum_d_plus_e	original_hum	d_plus_e	14	final_prompt_token_minus_5	194	.	20557	0.17910394072532654	14	200
original_hum_d_plus_e	original_hum	d_plus_e	14	final_prompt_token_minus_5	194	.	23364	0.17045637965202332	15	200
original_hum_d_plus_e	original_hum	d_plus_e	14	final_prompt_token_minus_5	194	.	17059	0.1640194058418274	16	200
original_hum_d_plus_e	original_hum	d_plus_e	14	final_prompt_token_minus_5	194	.	17193	0.16355490684509277	17	200
original_hum_d_plus_e	original_hum	d_plus_e	14	final_prompt_token_minus_5	194	.	22601	0.15852737426757812	18	200
original_hum_d_plus_e	original_hum	d_plus_e	14	final_prompt_token_minus_5	194	.	26156	0.1563645303249359	19	200
original_hum_d_plus_e	original_hum	d_plus_e	14	final_prompt_token_minus_5	194	.	15527	0.15444672107696533	20	200
original_hum_d_plus_e	original_hum	d_plus_e	14	final_prompt_token_minus_5	194	.	17656	0.1465449035167694	21	200
original_hum_d_plus_e	original_hum	d_plus_e	14	final_prompt_token_minus_5	194	.	11513	0.1456676423549652	22	200
original_hum_d_plus_e	original_hum	d_plus_e	14	final_prompt_token_minus_5	194	.	11315	0.14456932246685028	23	200
original_hum_d_plus_e	original_hum	d_plus_e	14	final_prompt_token_minus_5	194	.	21303	0.1433252990245819	24	200
original_hum_d_plus_e	original_hum	d_plus_e	14	final_prompt_token_minus_5	194	.	26050	0.13267892599105835	25	200
original_hum_d_plus_e	original_hum	d_plus_e	14	final_prompt_token_minus_5	194	.	14885	0.12182998657226562	26	200
original_hum_d_plus_e	original_hum	d_plus_e	14	final_prompt_token_minus_5	194	.	17275	0.12166636437177658	27	200
original_hum_d_plus_e	original_hum	d_plus_e	14	final_prompt_token_minus_5	194	.	3996	0.11837705224752426	28	200
original_hum_d_plus_e	original_hum	d_plus_e	14	final_prompt_token_minus_5	194	.	8556	0.11393608152866364	29	200
original_hum_d_plus_e	original_hum	d_plus_e	14	final_prompt_token_minus_5	194	.	12817	0.11211998015642166	30	200
original_hum_d_plus_e	original_hum	d_plus_e	14	final_prompt_token_minus_5	194	.	18609	0.11178629100322723	31	200
original_hum_d_plus_e	original_hum	d_plus_e	14	final_prompt_token_minus_5	194	.	15260	0.11056391149759293	32	200
original_hum_d_plus_e	original_hum	d_plus_e	14	final_prompt_token_minus_5	194	.	3344	0.10953594744205475	33	200
original_hum_d_plus_e	original_hum	d_plus_e	14	final_prompt_token_minus_5	194	.	24528	0.10876214504241943	34	200
original_hum_d_plus_e	original_hum	d_plus_e	14	final_prompt_token_minus_5	194	.	6483	0.10515723377466202	35	200
original_hum_d_plus_e	original_hum	d_plus_e	14	final_prompt_token_minus_5	194	.	2176	0.10305119305849075	36	200
original_hum_d_plus_e	original_hum	d_plus_e	14	final_prompt_token_minus_5	194	.	29480	0.1029767394065857	37	200
original_hum_d_plus_e	original_hum	d_plus_e	14	final_prompt_token_minus_5	194	.	30822	0.10253851860761642	38	200
original_hum_d_plus_e	original_hum	d_plus_e	14	final_prompt_token_minus_5	194	.	27023	0.10040371865034103	39	200
original_hum_d_plus_e	original_hum	d_plus_e	14	final_prompt_token_minus_5	194	.	3575	0.09781292080879211	40	200
original_hum_d_plus_e	original_hum	d_plus_e	14	final_prompt_token_minus_5	194	.	27507	0.09589144587516785	41	200
original_hum_d_plus_e	original_hum	d_plus_e	14	final_prompt_token_minus_5	194	.	22153	0.09576253592967987	42	200
original_hum_d_plus_e	original_hum	d_plus_e	14	final_prompt_token_minus_5	194	.	6223	0.09372629225254059	43	200
original_hum_d_plus_e	original_hum	d_plus_e	14	final_prompt_token_minus_5	194	.	23073	0.0935990959405899	44	200
original_hum_d_plus_e	original_hum	d_plus_e	14	final_prompt_token_minus_5	194	.	878	0.08848925679922104	45	200
original_hum_d_plus_e	original_hum	d_plus_e	14	final_prompt_token_minus_5	194	.	13883	0.08775735646486282	46	200
original_hum_d_plus_e	original_hum	d_plus_e	14	final_prompt_token_minus_5	194	.	17225	0.0877489298582077	47	200
original_hum_d_plus_e	original_hum	d_plus_e	14	final_prompt_token_minus_5	194	.	10804	0.086952805519104	48	200
original_hum_d_plus_e	original_hum	d_plus_e	14	final_prompt_token_minus_5	194	.	14648	0.08667545020580292	49	200
original_hum_d_plus_e	original_hum	d_plus_e	14	final_prompt_token_minus_5	194	.	16325	0.08565740287303925	50	200
original_hum_d_plus_e	original_hum	d_plus_e	26	final_prompt_token_minus_10	189	form	2938	1.9164313077926636	1	200
original_hum_d_plus_e	original_hum	d_plus_e	26	final_prompt_token_minus_10	189	form	11412	0.9351230263710022	2	200
original_hum_d_plus_e	original_hum	d_plus_e	26	final_prompt_token_minus_10	189	form	5230	0.89198237657547	3	200
original_hum_d_plus_e	original_hum	d_plus_e	26	final_prompt_token_minus_10	189	form	23178	0.4573662281036377	4	200
original_hum_d_plus_e	original_hum	d_plus_e	26	final_prompt_token_minus_10	189	form	23952	0.3887796401977539	5	200
original_hum_d_plus_e	original_hum	d_plus_e	26	final_prompt_token_minus_10	189	form	1464	0.3477156460285187	6	200
original_hum_d_plus_e	original_hum	d_plus_e	26	final_prompt_token_minus_10	189	form	25960	0.3405265510082245	7	200
original_hum_d_plus_e	original_hum	d_plus_e	26	final_prompt_token_minus_10	189	form	9241	0.3246232271194458	8	200
original_hum_d_plus_e	original_hum	d_plus_e	26	final_prompt_token_minus_10	189	form	13359	0.29376527667045593	9	200
original_hum_d_plus_e	original_hum	d_plus_e	26	final_prompt_token_minus_10	189	form	11145	0.26929938793182373	10	200
original_hum_d_plus_e	original_hum	d_plus_e	26	final_prompt_token_minus_10	189	form	32287	0.2643511891365051	11	200
original_hum_d_plus_e	original_hum	d_plus_e	26	final_prompt_token_minus_10	189	form	30737	0.25871944427490234	12	200
original_hum_d_plus_e	original_hum	d_plus_e	26	final_prompt_token_minus_10	189	form	380	0.25765836238861084	13	200
original_hum_d_plus_e	original_hum	d_plus_e	26	final_prompt_token_minus_10	189	form	12801	0.2414039522409439	14	200
original_hum_d_plus_e	original_hum	d_plus_e	26	final_prompt_token_minus_10	189	form	1953	0.2287629246711731	15	200
original_hum_d_plus_e	original_hum	d_plus_e	26	final_prompt_token_minus_10	189	form	10146	0.22440102696418762	16	200
original_hum_d_plus_e	original_hum	d_plus_e	26	final_prompt_token_minus_10	189	form	32485	0.22263982892036438	17	200
original_hum_d_plus_e	original_hum	d_plus_e	26	final_prompt_token_minus_10	189	form	14432	0.21369324624538422	18	200
original_hum_d_plus_e	original_hum	d_plus_e	26	final_prompt_token_minus_10	189	form	20971	0.21021056175231934	19	200
original_hum_d_plus_e	original_hum	d_plus_e	26	final_prompt_token_minus_10	189	form	9510	0.20030871033668518	20	200
original_hum_d_plus_e	original_hum	d_plus_e	26	final_prompt_token_minus_10	189	form	7982	0.19826821982860565	21	200
original_hum_d_plus_e	original_hum	d_plus_e	26	final_prompt_token_minus_10	189	form	15420	0.19571679830551147	22	200
original_hum_d_plus_e	original_hum	d_plus_e	26	final_prompt_token_minus_10	189	form	19668	0.19499266147613525	23	200
original_hum_d_plus_e	original_hum	d_plus_e	26	final_prompt_token_minus_10	189	form	31206	0.19486908614635468	24	200
original_hum_d_plus_e	original_hum	d_plus_e	26	final_prompt_token_minus_10	189	form	22182	0.1910306215286255	25	200
original_hum_d_plus_e	original_hum	d_plus_e	26	final_prompt_token_minus_10	189	form	31420	0.18501341342926025	26	200
original_hum_d_plus_e	original_hum	d_plus_e	26	final_prompt_token_minus_10	189	form	12693	0.180861234664917	27	200
original_hum_d_plus_e	original_hum	d_plus_e	26	final_prompt_token_minus_10	189	form	29131	0.1789247691631317	28	200
original_hum_d_plus_e	original_hum	d_plus_e	26	final_prompt_token_minus_10	189	form	1999	0.17449302971363068	29	200
original_hum_d_plus_e	original_hum	d_plus_e	26	final_prompt_token_minus_10	189	form	2916	0.1707371175289154	30	200
original_hum_d_plus_e	original_hum	d_plus_e	26	final_prompt_token_minus_10	189	form	6429	0.1685178279876709	31	200
original_hum_d_plus_e	original_hum	d_plus_e	26	final_prompt_token_minus_10	189	form	19337	0.1672721952199936	32	200
original_hum_d_plus_e	original_hum	d_plus_e	26	final_prompt_token_minus_10	189	form	29537	0.16712743043899536	33	200
original_hum_d_plus_e	original_hum	d_plus_e	26	final_prompt_token_minus_10	189	form	20909	0.16709677875041962	34	200
original_hum_d_plus_e	original_hum	d_plus_e	26	final_prompt_token_minus_10	189	form	29592	0.16420835256576538	35	200
original_hum_d_plus_e	original_hum	d_plus_e	26	final_prompt_token_minus_10	189	form	3964	0.1621231883764267	36	200
original_hum_d_plus_e	original_hum	d_plus_e	26	final_prompt_token_minus_10	189	form	5412	0.15795767307281494	37	200
original_hum_d_plus_e	original_hum	d_plus_e	26	final_prompt_token_minus_10	189	form	18665	0.1567048877477646	38	200
original_hum_d_plus_e	original_hum	d_plus_e	26	final_prompt_token_minus_10	189	form	28289	0.1563526690006256	39	200
original_hum_d_plus_e	original_hum	d_plus_e	26	final_prompt_token_minus_10	189	form	16987	0.1548791527748108	40	200
original_hum_d_plus_e	original_hum	d_plus_e	26	final_prompt_token_minus_10	189	form	7407	0.1548180878162384	41	200
original_hum_d_plus_e	original_hum	d_plus_e	26	final_prompt_token_minus_10	189	form	1877	0.1543646603822708	42	200
original_hum_d_plus_e	original_hum	d_plus_e	26	final_prompt_token_minus_10	189	form	21462	0.154139906167984	43	200
original_hum_d_plus_e	original_hum	d_plus_e	26	final_prompt_token_minus_10	189	form	2324	0.15373864769935608	44	200
original_hum_d_plus_e	original_hum	d_plus_e	26	final_prompt_token_minus_10	189	form	17671	0.15041814744472504	45	200
original_hum_d_plus_e	original_hum	d_plus_e	26	final_prompt_token_minus_10	189	form	22452	0.1489369124174118	46	200
original_hum_d_plus_e	original_hum	d_plus_e	26	final_prompt_token_minus_10	189	form	4048	0.14875474572181702	47	200
original_hum_d_plus_e	original_hum	d_plus_e	26	final_prompt_token_minus_10	189	form	32285	0.1483268439769745	48	200
original_hum_d_plus_e	original_hum	d_plus_e	26	final_prompt_token_minus_10	189	form	2642	0.1477590799331665	49	200
original_hum_d_plus_e	original_hum	d_plus_e	26	final_prompt_token_minus_10	189	form	12034	0.14640969038009644	50	200
original_hum_d_plus_e	original_hum	d_plus_e	14	final_prompt_token_minus_10	189	form	2961	1.313249111175537	1	200
original_hum_d_plus_e	original_hum	d_plus_e	14	final_prompt_token_minus_10	189	form	6804	0.9365907311439514	2	200
original_hum_d_plus_e	original_hum	d_plus_e	14	final_prompt_token_minus_10	189	form	16195	0.6716731190681458	3	200
original_hum_d_plus_e	original_hum	d_plus_e	14	final_prompt_token_minus_10	189	form	7998	0.34380078315734863	4	200
original_hum_d_plus_e	original_hum	d_plus_e	14	final_prompt_token_minus_10	189	form	27023	0.32769274711608887	5	200
original_hum_d_plus_e	original_hum	d_plus_e	14	final_prompt_token_minus_10	189	form	6429	0.3227051794528961	6	200
original_hum_d_plus_e	original_hum	d_plus_e	14	final_prompt_token_minus_10	189	form	2211	0.24107329547405243	7	200
original_hum_d_plus_e	original_hum	d_plus_e	14	final_prompt_token_minus_10	189	form	26316	0.22967027127742767	8	200
original_hum_d_plus_e	original_hum	d_plus_e	14	final_prompt_token_minus_10	189	form	19133	0.20797710120677948	9	200
original_hum_d_plus_e	original_hum	d_plus_e	14	final_prompt_token_minus_10	189	form	3122	0.20738115906715393	10	200
original_hum_d_plus_e	original_hum	d_plus_e	14	final_prompt_token_minus_10	189	form	15501	0.18942584097385406	11	200
original_hum_d_plus_e	original_hum	d_plus_e	14	final_prompt_token_minus_10	189	form	18673	0.18305939435958862	12	200
original_hum_d_plus_e	original_hum	d_plus_e	14	final_prompt_token_minus_10	189	form	12179	0.18073755502700806	13	200
original_hum_d_plus_e	original_hum	d_plus_e	14	final_prompt_token_minus_10	189	form	8009	0.17343100905418396	14	200
original_hum_d_plus_e	original_hum	d_plus_e	14	final_prompt_token_minus_10	189	form	18982	0.16949313879013062	15	200
original_hum_d_plus_e	original_hum	d_plus_e	14	final_prompt_token_minus_10	189	form	15473	0.16813205182552338	16	200
original_hum_d_plus_e	original_hum	d_plus_e	14	final_prompt_token_minus_10	189	form	32427	0.16676481068134308	17	200
original_hum_d_plus_e	original_hum	d_plus_e	14	final_prompt_token_minus_10	189	form	9106	0.1609874665737152	18	200
original_hum_d_plus_e	original_hum	d_plus_e	14	final_prompt_token_minus_10	189	form	6681	0.16008307039737701	19	200
original_hum_d_plus_e	original_hum	d_plus_e	14	final_prompt_token_minus_10	189	form	11315	0.1564728319644928	20	200
original_hum_d_plus_e	original_hum	d_plus_e	14	final_prompt_token_minus_10	189	form	9336	0.15359151363372803	21	200
original_hum_d_plus_e	original_hum	d_plus_e	14	final_prompt_token_minus_10	189	form	24536	0.14160601794719696	22	200
original_hum_d_plus_e	original_hum	d_plus_e	14	final_prompt_token_minus_10	189	form	23073	0.13764864206314087	23	200
original_hum_d_plus_e	original_hum	d_plus_e	14	final_prompt_token_minus_10	189	form	23364	0.13472113013267517	24	200
original_hum_d_plus_e	original_hum	d_plus_e	14	final_prompt_token_minus_10	189	form	32204	0.13353118300437927	25	200
original_hum_d_plus_e	original_hum	d_plus_e	14	final_prompt_token_minus_10	189	form	14287	0.13315455615520477	26	200
original_hum_d_plus_e	original_hum	d_plus_e	14	final_prompt_token_minus_10	189	form	15998	0.1305629163980484	27	200
original_hum_d_plus_e	original_hum	d_plus_e	14	final_prompt_token_minus_10	189	form	29800	0.12668457627296448	28	200
original_hum_d_plus_e	original_hum	d_plus_e	14	final_prompt_token_minus_10	189	form	4753	0.12538444995880127	29	200
original_hum_d_plus_e	original_hum	d_plus_e	14	final_prompt_token_minus_10	189	form	4605	0.12336370348930359	30	200
original_hum_d_plus_e	original_hum	d_plus_e	14	final_prompt_token_minus_10	189	form	12000	0.12271784991025925	31	200
original_hum_d_plus_e	original_hum	d_plus_e	14	final_prompt_token_minus_10	189	form	6442	0.11924933642148972	32	200
original_hum_d_plus_e	original_hum	d_plus_e	14	final_prompt_token_minus_10	189	form	372	0.1168062835931778	33	200
original_hum_d_plus_e	original_hum	d_plus_e	14	final_prompt_token_minus_10	189	form	13119	0.11537928879261017	34	200
original_hum_d_plus_e	original_hum	d_plus_e	14	final_prompt_token_minus_10	189	form	13517	0.11400909721851349	35	200
original_hum_d_plus_e	original_hum	d_plus_e	14	final_prompt_token_minus_10	189	form	18609	0.11388500034809113	36	200
original_hum_d_plus_e	original_hum	d_plus_e	14	final_prompt_token_minus_10	189	form	2221	0.11286874860525131	37	200
original_hum_d_plus_e	original_hum	d_plus_e	14	final_prompt_token_minus_10	189	form	31735	0.11281030625104904	38	200
original_hum_d_plus_e	original_hum	d_plus_e	14	final_prompt_token_minus_10	189	form	30141	0.11133652925491333	39	200
original_hum_d_plus_e	original_hum	d_plus_e	14	final_prompt_token_minus_10	189	form	2696	0.11023639887571335	40	200
original_hum_d_plus_e	original_hum	d_plus_e	14	final_prompt_token_minus_10	189	form	19614	0.1100032776594162	41	200
original_hum_d_plus_e	original_hum	d_plus_e	14	final_prompt_token_minus_10	189	form	4010	0.1094055324792862	42	200
original_hum_d_plus_e	original_hum	d_plus_e	14	final_prompt_token_minus_10	189	form	4170	0.10903993248939514	43	200
original_hum_d_plus_e	original_hum	d_plus_e	14	final_prompt_token_minus_10	189	form	2172	0.10592021048069	44	200
original_hum_d_plus_e	original_hum	d_plus_e	14	final_prompt_token_minus_10	189	form	18607	0.10406800359487534	45	200
original_hum_d_plus_e	original_hum	d_plus_e	14	final_prompt_token_minus_10	189	form	13742	0.10077653080224991	46	200
original_hum_d_plus_e	original_hum	d_plus_e	14	final_prompt_token_minus_10	189	form	18052	0.09998508542776108	47	200
original_hum_d_plus_e	original_hum	d_plus_e	14	final_prompt_token_minus_10	189	form	17259	0.09996072202920914	48	200
original_hum_d_plus_e	original_hum	d_plus_e	14	final_prompt_token_minus_10	189	form	28536	0.09865401685237885	49	200
original_hum_d_plus_e	original_hum	d_plus_e	14	final_prompt_token_minus_10	189	form	10913	0.09829839318990707	50	200
original_hum_s_to_ş	original_hum	s_to_ş	26	final_prompt_token	135	.	2938	1.7200827598571777	1	136
original_hum_s_to_ş	original_hum	s_to_ş	26	final_prompt_token	135	.	28713	0.649358332157135	2	136
original_hum_s_to_ş	original_hum	s_to_ş	26	final_prompt_token	135	.	18937	0.5981411933898926	3	136
original_hum_s_to_ş	original_hum	s_to_ş	26	final_prompt_token	135	.	3241	0.4398913085460663	4	136
original_hum_s_to_ş	original_hum	s_to_ş	26	final_prompt_token	135	.	19389	0.3686116337776184	5	136
original_hum_s_to_ş	original_hum	s_to_ş	26	final_prompt_token	135	.	26684	0.36788275837898254	6	136
original_hum_s_to_ş	original_hum	s_to_ş	26	final_prompt_token	135	.	6429	0.32383403182029724	7	136
original_hum_s_to_ş	original_hum	s_to_ş	26	final_prompt_token	135	.	13935	0.2910507619380951	8	136
original_hum_s_to_ş	original_hum	s_to_ş	26	final_prompt_token	135	.	16439	0.28990745544433594	9	136
original_hum_s_to_ş	original_hum	s_to_ş	26	final_prompt_token	135	.	6194	0.2721908688545227	10	136
original_hum_s_to_ş	original_hum	s_to_ş	26	final_prompt_token	135	.	29524	0.2656729817390442	11	136
original_hum_s_to_ş	original_hum	s_to_ş	26	final_prompt_token	135	.	27872	0.2598728537559509	12	136
original_hum_s_to_ş	original_hum	s_to_ş	26	final_prompt_token	135	.	32698	0.24579817056655884	13	136
original_hum_s_to_ş	original_hum	s_to_ş	26	final_prompt_token	135	.	31908	0.2368944138288498	14	136
original_hum_s_to_ş	original_hum	s_to_ş	26	final_prompt_token	135	.	11256	0.23653438687324524	15	136
original_hum_s_to_ş	original_hum	s_to_ş	26	final_prompt_token	135	.	7163	0.23170407116413116	16	136
original_hum_s_to_ş	original_hum	s_to_ş	26	final_prompt_token	135	.	22503	0.2312105894088745	17	136
original_hum_s_to_ş	original_hum	s_to_ş	26	final_prompt_token	135	.	7982	0.2278582751750946	18	136
original_hum_s_to_ş	original_hum	s_to_ş	26	final_prompt_token	135	.	6021	0.22589951753616333	19	136
original_hum_s_to_ş	original_hum	s_to_ş	26	final_prompt_token	135	.	599	0.22450387477874756	20	136
original_hum_s_to_ş	original_hum	s_to_ş	26	final_prompt_token	135	.	30453	0.22342127561569214	21	136
original_hum_s_to_ş	original_hum	s_to_ş	26	final_prompt_token	135	.	1626	0.223348468542099	22	136
original_hum_s_to_ş	original_hum	s_to_ş	26	final_prompt_token	135	.	14955	0.22313693165779114	23	136
original_hum_s_to_ş	original_hum	s_to_ş	26	final_prompt_token	135	.	10146	0.20722097158432007	24	136
original_hum_s_to_ş	original_hum	s_to_ş	26	final_prompt_token	135	.	15076	0.20713041722774506	25	136
original_hum_s_to_ş	original_hum	s_to_ş	26	final_prompt_token	135	.	14614	0.2015829235315323	26	136
original_hum_s_to_ş	original_hum	s_to_ş	26	final_prompt_token	135	.	17394	0.19953161478042603	27	136
original_hum_s_to_ş	original_hum	s_to_ş	26	final_prompt_token	135	.	25575	0.19346041977405548	28	136
original_hum_s_to_ş	original_hum	s_to_ş	26	final_prompt_token	135	.	25377	0.19301000237464905	29	136
original_hum_s_to_ş	original_hum	s_to_ş	26	final_prompt_token	135	.	704	0.18862393498420715	30	136
original_hum_s_to_ş	original_hum	s_to_ş	26	final_prompt_token	135	.	16310	0.1879464089870453	31	136
original_hum_s_to_ş	original_hum	s_to_ş	26	final_prompt_token	135	.	23977	0.18577083945274353	32	136
original_hum_s_to_ş	original_hum	s_to_ş	26	final_prompt_token	135	.	799	0.185621976852417	33	136
original_hum_s_to_ş	original_hum	s_to_ş	26	final_prompt_token	135	.	10709	0.18518725037574768	34	136
original_hum_s_to_ş	original_hum	s_to_ş	26	final_prompt_token	135	.	6593	0.17876924574375153	35	136
original_hum_s_to_ş	original_hum	s_to_ş	26	final_prompt_token	135	.	10676	0.1731085181236267	36	136
original_hum_s_to_ş	original_hum	s_to_ş	26	final_prompt_token	135	.	23070	0.17297014594078064	37	136
original_hum_s_to_ş	original_hum	s_to_ş	26	final_prompt_token	135	.	30033	0.17205838859081268	38	136
original_hum_s_to_ş	original_hum	s_to_ş	26	final_prompt_token	135	.	5183	0.17106178402900696	39	136
original_hum_s_to_ş	original_hum	s_to_ş	26	final_prompt_token	135	.	31440	0.1689806878566742	40	136
original_hum_s_to_ş	original_hum	s_to_ş	26	final_prompt_token	135	.	13791	0.16644205152988434	41	136
original_hum_s_to_ş	original_hum	s_to_ş	26	final_prompt_token	135	.	15954	0.1651613563299179	42	136
original_hum_s_to_ş	original_hum	s_to_ş	26	final_prompt_token	135	.	5257	0.1626681089401245	43	136
original_hum_s_to_ş	original_hum	s_to_ş	26	final_prompt_token	135	.	12320	0.1619558334350586	44	136
original_hum_s_to_ş	original_hum	s_to_ş	26	final_prompt_token	135	.	3271	0.16152699291706085	45	136
original_hum_s_to_ş	original_hum	s_to_ş	26	final_prompt_token	135	.	13916	0.1610322892665863	46	136
original_hum_s_to_ş	original_hum	s_to_ş	26	final_prompt_token	135	.	14727	0.15889720618724823	47	136
original_hum_s_to_ş	original_hum	s_to_ş	26	final_prompt_token	135	.	7730	0.1584671288728714	48	136
original_hum_s_to_ş	original_hum	s_to_ş	26	final_prompt_token	135	.	3689	0.1580226570367813	49	136
original_hum_s_to_ş	original_hum	s_to_ş	26	final_prompt_token	135	.	31836	0.1557554453611374	50	136
original_hum_s_to_ş	original_hum	s_to_ş	14	final_prompt_token	135	.	2961	0.5110349655151367	1	136
original_hum_s_to_ş	original_hum	s_to_ş	14	final_prompt_token	135	.	3830	0.5035241842269897	2	136
original_hum_s_to_ş	original_hum	s_to_ş	14	final_prompt_token	135	.	7163	0.3348396122455597	3	136
original_hum_s_to_ş	original_hum	s_to_ş	14	final_prompt_token	135	.	30170	0.3272087574005127	4	136
original_hum_s_to_ş	original_hum	s_to_ş	14	final_prompt_token	135	.	6429	0.2964441776275635	5	136
original_hum_s_to_ş	original_hum	s_to_ş	14	final_prompt_token	135	.	8033	0.2679179608821869	6	136
original_hum_s_to_ş	original_hum	s_to_ş	14	final_prompt_token	135	.	1168	0.22479400038719177	7	136
original_hum_s_to_ş	original_hum	s_to_ş	14	final_prompt_token	135	.	20557	0.2244410216808319	8	136
original_hum_s_to_ş	original_hum	s_to_ş	14	final_prompt_token	135	.	10976	0.21943242847919464	9	136
original_hum_s_to_ş	original_hum	s_to_ş	14	final_prompt_token	135	.	14932	0.20251718163490295	10	136
original_hum_s_to_ş	original_hum	s_to_ş	14	final_prompt_token	135	.	30964	0.1837034523487091	11	136
original_hum_s_to_ş	original_hum	s_to_ş	14	final_prompt_token	135	.	4620	0.17904701828956604	12	136
original_hum_s_to_ş	original_hum	s_to_ş	14	final_prompt_token	135	.	2176	0.16964676976203918	13	136
original_hum_s_to_ş	original_hum	s_to_ş	14	final_prompt_token	135	.	16382	0.15600252151489258	14	136
original_hum_s_to_ş	original_hum	s_to_ş	14	final_prompt_token	135	.	3289	0.15563178062438965	15	136
original_hum_s_to_ş	original_hum	s_to_ş	14	final_prompt_token	135	.	2722	0.15501005947589874	16	136
original_hum_s_to_ş	original_hum	s_to_ş	14	final_prompt_token	135	.	20923	0.15056303143501282	17	136
original_hum_s_to_ş	original_hum	s_to_ş	14	final_prompt_token	135	.	14885	0.14918091893196106	18	136
original_hum_s_to_ş	original_hum	s_to_ş	14	final_prompt_token	135	.	3557	0.14848145842552185	19	136
original_hum_s_to_ş	original_hum	s_to_ş	14	final_prompt_token	135	.	12080	0.14757969975471497	20	136
original_hum_s_to_ş	original_hum	s_to_ş	14	final_prompt_token	135	.	11464	0.1473103165626526	21	136
original_hum_s_to_ş	original_hum	s_to_ş	14	final_prompt_token	135	.	15605	0.14084862172603607	22	136
original_hum_s_to_ş	original_hum	s_to_ş	14	final_prompt_token	135	.	8677	0.13893428444862366	23	136
original_hum_s_to_ş	original_hum	s_to_ş	14	final_prompt_token	135	.	20681	0.13839061558246613	24	136
original_hum_s_to_ş	original_hum	s_to_ş	14	final_prompt_token	135	.	31774	0.1381985992193222	25	136
original_hum_s_to_ş	original_hum	s_to_ş	14	final_prompt_token	135	.	23505	0.13407109677791595	26	136
original_hum_s_to_ş	original_hum	s_to_ş	14	final_prompt_token	135	.	17275	0.13378770649433136	27	136
original_hum_s_to_ş	original_hum	s_to_ş	14	final_prompt_token	135	.	30172	0.13218426704406738	28	136
original_hum_s_to_ş	original_hum	s_to_ş	14	final_prompt_token	135	.	18912	0.13005678355693817	29	136
original_hum_s_to_ş	original_hum	s_to_ş	14	final_prompt_token	135	.	18878	0.1298222541809082	30	136
original_hum_s_to_ş	original_hum	s_to_ş	14	final_prompt_token	135	.	17193	0.1287367194890976	31	136
original_hum_s_to_ş	original_hum	s_to_ş	14	final_prompt_token	135	.	21312	0.12818241119384766	32	136
original_hum_s_to_ş	original_hum	s_to_ş	14	final_prompt_token	135	.	18895	0.12773394584655762	33	136
original_hum_s_to_ş	original_hum	s_to_ş	14	final_prompt_token	135	.	21981	0.1258329153060913	34	136
original_hum_s_to_ş	original_hum	s_to_ş	14	final_prompt_token	135	.	10138	0.12448614090681076	35	136
original_hum_s_to_ş	original_hum	s_to_ş	14	final_prompt_token	135	.	3001	0.12378323078155518	36	136
original_hum_s_to_ş	original_hum	s_to_ş	14	final_prompt_token	135	.	26237	0.12094587087631226	37	136
original_hum_s_to_ş	original_hum	s_to_ş	14	final_prompt_token	135	.	20769	0.11827503144741058	38	136
original_hum_s_to_ş	original_hum	s_to_ş	14	final_prompt_token	135	.	16459	0.11745704710483551	39	136
original_hum_s_to_ş	original_hum	s_to_ş	14	final_prompt_token	135	.	15702	0.11599836498498917	40	136
original_hum_s_to_ş	original_hum	s_to_ş	14	final_prompt_token	135	.	14679	0.11299586296081543	41	136
original_hum_s_to_ş	original_hum	s_to_ş	14	final_prompt_token	135	.	3332	0.11104249209165573	42	136
original_hum_s_to_ş	original_hum	s_to_ş	14	final_prompt_token	135	.	13119	0.10937585681676865	43	136
original_hum_s_to_ş	original_hum	s_to_ş	14	final_prompt_token	135	.	1814	0.10721878707408905	44	136
original_hum_s_to_ş	original_hum	s_to_ş	14	final_prompt_token	135	.	4953	0.10715457797050476	45	136
original_hum_s_to_ş	original_hum	s_to_ş	14	final_prompt_token	135	.	2260	0.10644154250621796	46	136
original_hum_s_to_ş	original_hum	s_to_ş	14	final_prompt_token	135	.	32300	0.10585882514715195	47	136
original_hum_s_to_ş	original_hum	s_to_ş	14	final_prompt_token	135	.	6422	0.10546224564313889	48	136
original_hum_s_to_ş	original_hum	s_to_ş	14	final_prompt_token	135	.	9030	0.10492555797100067	49	136
original_hum_s_to_ş	original_hum	s_to_ş	14	final_prompt_token	135	.	22752	0.10366765409708023	50	136
original_hum_s_to_ş	original_hum	s_to_ş	26	final_prompt_token_minus_1	134	check	799	1.8067212104797363	1	136
original_hum_s_to_ş	original_hum	s_to_ş	26	final_prompt_token_minus_1	134	check	2938	1.6121184825897217	2	136
original_hum_s_to_ş	original_hum	s_to_ş	26	final_prompt_token_minus_1	134	check	16706	0.39952826499938965	3	136
original_hum_s_to_ş	original_hum	s_to_ş	26	final_prompt_token_minus_1	134	check	16439	0.3677951693534851	4	136
original_hum_s_to_ş	original_hum	s_to_ş	26	final_prompt_token_minus_1	134	check	27342	0.34748953580856323	5	136
original_hum_s_to_ş	original_hum	s_to_ş	26	final_prompt_token_minus_1	134	check	5257	0.3050408661365509	6	136
original_hum_s_to_ş	original_hum	s_to_ş	26	final_prompt_token_minus_1	134	check	19389	0.2987310588359833	7	136
original_hum_s_to_ş	original_hum	s_to_ş	26	final_prompt_token_minus_1	134	check	26684	0.2705642879009247	8	136
original_hum_s_to_ş	original_hum	s_to_ş	26	final_prompt_token_minus_1	134	check	28392	0.270057737827301	9	136
original_hum_s_to_ş	original_hum	s_to_ş	26	final_prompt_token_minus_1	134	check	7982	0.2579526901245117	10	136
original_hum_s_to_ş	original_hum	s_to_ş	26	final_prompt_token_minus_1	134	check	29065	0.25208815932273865	11	136
original_hum_s_to_ş	original_hum	s_to_ş	26	final_prompt_token_minus_1	134	check	16475	0.249173104763031	12	136
original_hum_s_to_ş	original_hum	s_to_ş	26	final_prompt_token_minus_1	134	check	1953	0.24748732149600983	13	136
original_hum_s_to_ş	original_hum	s_to_ş	26	final_prompt_token_minus_1	134	check	29171	0.2392837256193161	14	136
original_hum_s_to_ş	original_hum	s_to_ş	26	final_prompt_token_minus_1	134	check	17164	0.23795196413993835	15	136
original_hum_s_to_ş	original_hum	s_to_ş	26	final_prompt_token_minus_1	134	check	9241	0.22491328418254852	16	136
original_hum_s_to_ş	original_hum	s_to_ş	26	final_prompt_token_minus_1	134	check	8882	0.22338902950286865	17	136
original_hum_s_to_ş	original_hum	s_to_ş	26	final_prompt_token_minus_1	134	check	3920	0.21790711581707	18	136
original_hum_s_to_ş	original_hum	s_to_ş	26	final_prompt_token_minus_1	134	check	20031	0.21607011556625366	19	136
original_hum_s_to_ş	original_hum	s_to_ş	26	final_prompt_token_minus_1	134	check	10265	0.21273955702781677	20	136
original_hum_s_to_ş	original_hum	s_to_ş	26	final_prompt_token_minus_1	134	check	29472	0.21157266199588776	21	136
original_hum_s_to_ş	original_hum	s_to_ş	26	final_prompt_token_minus_1	134	check	32448	0.20663845539093018	22	136
original_hum_s_to_ş	original_hum	s_to_ş	26	final_prompt_token_minus_1	134	check	32454	0.2045280933380127	23	136
original_hum_s_to_ş	original_hum	s_to_ş	26	final_prompt_token_minus_1	134	check	22129	0.19669188559055328	24	136
original_hum_s_to_ş	original_hum	s_to_ş	26	final_prompt_token_minus_1	134	check	15076	0.19068507850170135	25	136
original_hum_s_to_ş	original_hum	s_to_ş	26	final_prompt_token_minus_1	134	check	31420	0.18972106277942657	26	136
original_hum_s_to_ş	original_hum	s_to_ş	26	final_prompt_token_minus_1	134	check	7164	0.18880155682563782	27	136
original_hum_s_to_ş	original_hum	s_to_ş	26	final_prompt_token_minus_1	134	check	704	0.18714478611946106	28	136
original_hum_s_to_ş	original_hum	s_to_ş	26	final_prompt_token_minus_1	134	check	10146	0.18531927466392517	29	136
original_hum_s_to_ş	original_hum	s_to_ş	26	final_prompt_token_minus_1	134	check	17846	0.17645370960235596	30	136
original_hum_s_to_ş	original_hum	s_to_ş	26	final_prompt_token_minus_1	134	check	19943	0.1730443239212036	31	136
original_hum_s_to_ş	original_hum	s_to_ş	26	final_prompt_token_minus_1	134	check	1659	0.17078469693660736	32	136
original_hum_s_to_ş	original_hum	s_to_ş	26	final_prompt_token_minus_1	134	check	11256	0.16350311040878296	33	136
original_hum_s_to_ş	original_hum	s_to_ş	26	final_prompt_token_minus_1	134	check	17	0.16312956809997559	34	136
original_hum_s_to_ş	original_hum	s_to_ş	26	final_prompt_token_minus_1	134	check	21478	0.16073094308376312	35	136
original_hum_s_to_ş	original_hum	s_to_ş	26	final_prompt_token_minus_1	134	check	26598	0.15885205566883087	36	136
original_hum_s_to_ş	original_hum	s_to_ş	26	final_prompt_token_minus_1	134	check	19850	0.15829792618751526	37	136
original_hum_s_to_ş	original_hum	s_to_ş	26	final_prompt_token_minus_1	134	check	17257	0.15760460495948792	38	136
original_hum_s_to_ş	original_hum	s_to_ş	26	final_prompt_token_minus_1	134	check	22025	0.15625883638858795	39	136
original_hum_s_to_ş	original_hum	s_to_ş	26	final_prompt_token_minus_1	134	check	31616	0.15437987446784973	40	136
original_hum_s_to_ş	original_hum	s_to_ş	26	final_prompt_token_minus_1	134	check	24141	0.15419334173202515	41	136
original_hum_s_to_ş	original_hum	s_to_ş	26	final_prompt_token_minus_1	134	check	31090	0.1535070836544037	42	136
original_hum_s_to_ş	original_hum	s_to_ş	26	final_prompt_token_minus_1	134	check	23545	0.1505638062953949	43	136
original_hum_s_to_ş	original_hum	s_to_ş	26	final_prompt_token_minus_1	134	check	15484	0.15016530454158783	44	136
original_hum_s_to_ş	original_hum	s_to_ş	26	final_prompt_token_minus_1	134	check	10709	0.14692433178424835	45	136
original_hum_s_to_ş	original_hum	s_to_ş	26	final_prompt_token_minus_1	134	check	23071	0.14614051580429077	46	136
original_hum_s_to_ş	original_hum	s_to_ş	26	final_prompt_token_minus_1	134	check	25001	0.14433130621910095	47	136
original_hum_s_to_ş	original_hum	s_to_ş	26	final_prompt_token_minus_1	134	check	16041	0.14392726123332977	48	136
original_hum_s_to_ş	original_hum	s_to_ş	26	final_prompt_token_minus_1	134	check	25377	0.14377030730247498	49	136
original_hum_s_to_ş	original_hum	s_to_ş	26	final_prompt_token_minus_1	134	check	6429	0.14301615953445435	50	136
original_hum_s_to_ş	original_hum	s_to_ş	14	final_prompt_token_minus_1	134	check	2961	1.3187437057495117	1	136
original_hum_s_to_ş	original_hum	s_to_ş	14	final_prompt_token_minus_1	134	check	8033	1.1220033168792725	2	136
original_hum_s_to_ş	original_hum	s_to_ş	14	final_prompt_token_minus_1	134	check	30170	0.5358744859695435	3	136
original_hum_s_to_ş	original_hum	s_to_ş	14	final_prompt_token_minus_1	134	check	21981	0.3527655005455017	4	136
original_hum_s_to_ş	original_hum	s_to_ş	14	final_prompt_token_minus_1	134	check	6429	0.29569360613822937	5	136
original_hum_s_to_ş	original_hum	s_to_ş	14	final_prompt_token_minus_1	134	check	3289	0.26993975043296814	6	136
original_hum_s_to_ş	original_hum	s_to_ş	14	final_prompt_token_minus_1	134	check	4170	0.24061095714569092	7	136
original_hum_s_to_ş	original_hum	s_to_ş	14	final_prompt_token_minus_1	134	check	12000	0.2281472235918045	8	136
original_hum_s_to_ş	original_hum	s_to_ş	14	final_prompt_token_minus_1	134	check	6681	0.22641652822494507	9	136
original_hum_s_to_ş	original_hum	s_to_ş	14	final_prompt_token_minus_1	134	check	3170	0.2215922772884369	10	136
original_hum_s_to_ş	original_hum	s_to_ş	14	final_prompt_token_minus_1	134	check	28492	0.21867206692695618	11	136
original_hum_s_to_ş	original_hum	s_to_ş	14	final_prompt_token_minus_1	134	check	19133	0.20601557195186615	12	136
original_hum_s_to_ş	original_hum	s_to_ş	14	final_prompt_token_minus_1	134	check	27817	0.19646379351615906	13	136
original_hum_s_to_ş	original_hum	s_to_ş	14	final_prompt_token_minus_1	134	check	7163	0.19269795715808868	14	136
original_hum_s_to_ş	original_hum	s_to_ş	14	final_prompt_token_minus_1	134	check	21447	0.18911896646022797	15	136
original_hum_s_to_ş	original_hum	s_to_ş	14	final_prompt_token_minus_1	134	check	19010	0.18593457341194153	16	136
original_hum_s_to_ş	original_hum	s_to_ş	14	final_prompt_token_minus_1	134	check	32722	0.184380441904068	17	136
original_hum_s_to_ş	original_hum	s_to_ş	14	final_prompt_token_minus_1	134	check	20681	0.17888902127742767	18	136
original_hum_s_to_ş	original_hum	s_to_ş	14	final_prompt_token_minus_1	134	check	3557	0.17377795279026031	19	136
original_hum_s_to_ş	original_hum	s_to_ş	14	final_prompt_token_minus_1	134	check	1735	0.17373797297477722	20	136
original_hum_s_to_ş	original_hum	s_to_ş	14	final_prompt_token_minus_1	134	check	11522	0.154169499874115	21	136
original_hum_s_to_ş	original_hum	s_to_ş	14	final_prompt_token_minus_1	134	check	20557	0.15123793482780457	22	136
original_hum_s_to_ş	original_hum	s_to_ş	14	final_prompt_token_minus_1	134	check	4953	0.14009173214435577	23	136
original_hum_s_to_ş	original_hum	s_to_ş	14	final_prompt_token_minus_1	134	check	13119	0.13976436853408813	24	136
original_hum_s_to_ş	original_hum	s_to_ş	14	final_prompt_token_minus_1	134	check	23505	0.13855601847171783	25	136
original_hum_s_to_ş	original_hum	s_to_ş	14	final_prompt_token_minus_1	134	check	32339	0.1371276080608368	26	136
original_hum_s_to_ş	original_hum	s_to_ş	14	final_prompt_token_minus_1	134	check	5914	0.1369335949420929	27	136
original_hum_s_to_ş	original_hum	s_to_ş	14	final_prompt_token_minus_1	134	check	4880	0.12844479084014893	28	136
original_hum_s_to_ş	original_hum	s_to_ş	14	final_prompt_token_minus_1	134	check	19493	0.11677311360836029	29	136
original_hum_s_to_ş	original_hum	s_to_ş	14	final_prompt_token_minus_1	134	check	7297	0.11277635395526886	30	136
original_hum_s_to_ş	original_hum	s_to_ş	14	final_prompt_token_minus_1	134	check	11831	0.11185310035943985	31	136
original_hum_s_to_ş	original_hum	s_to_ş	14	final_prompt_token_minus_1	134	check	15605	0.10947488993406296	32	136
original_hum_s_to_ş	original_hum	s_to_ş	14	final_prompt_token_minus_1	134	check	16077	0.10936771333217621	33	136
original_hum_s_to_ş	original_hum	s_to_ş	14	final_prompt_token_minus_1	134	check	24697	0.10928601026535034	34	136
original_hum_s_to_ş	original_hum	s_to_ş	14	final_prompt_token_minus_1	134	check	27706	0.10901074856519699	35	136
original_hum_s_to_ş	original_hum	s_to_ş	14	final_prompt_token_minus_1	134	check	26501	0.10812816023826599	36	136
original_hum_s_to_ş	original_hum	s_to_ş	14	final_prompt_token_minus_1	134	check	31016	0.10775940120220184	37	136
original_hum_s_to_ş	original_hum	s_to_ş	14	final_prompt_token_minus_1	134	check	6658	0.10596031695604324	38	136
original_hum_s_to_ş	original_hum	s_to_ş	14	final_prompt_token_minus_1	134	check	13029	0.10247321426868439	39	136
original_hum_s_to_ş	original_hum	s_to_ş	14	final_prompt_token_minus_1	134	check	28824	0.10117624700069427	40	136
original_hum_s_to_ş	original_hum	s_to_ş	14	final_prompt_token_minus_1	134	check	12578	0.10088494420051575	41	136
original_hum_s_to_ş	original_hum	s_to_ş	14	final_prompt_token_minus_1	134	check	15396	0.10070120543241501	42	136
original_hum_s_to_ş	original_hum	s_to_ş	14	final_prompt_token_minus_1	134	check	1013	0.10033881664276123	43	136
original_hum_s_to_ş	original_hum	s_to_ş	14	final_prompt_token_minus_1	134	check	8556	0.09845289587974548	44	136
original_hum_s_to_ş	original_hum	s_to_ş	14	final_prompt_token_minus_1	134	check	10816	0.09593658149242401	45	136
original_hum_s_to_ş	original_hum	s_to_ş	14	final_prompt_token_minus_1	134	check	32427	0.09552609920501709	46	136
original_hum_s_to_ş	original_hum	s_to_ş	14	final_prompt_token_minus_1	134	check	22250	0.09042424708604813	47	136
original_hum_s_to_ş	original_hum	s_to_ş	14	final_prompt_token_minus_1	134	check	22813	0.09028714895248413	48	136
original_hum_s_to_ş	original_hum	s_to_ş	14	final_prompt_token_minus_1	134	check	15493	0.09022173285484314	49	136
original_hum_s_to_ş	original_hum	s_to_ş	14	final_prompt_token_minus_1	134	check	20678	0.08959607779979706	50	136
original_hum_s_to_ş	original_hum	s_to_ş	26	final_prompt_token_minus_5	130	wer	2938	1.3547780513763428	1	136
original_hum_s_to_ş	original_hum	s_to_ş	26	final_prompt_token_minus_5	130	wer	5117	1.3324079513549805	2	136
original_hum_s_to_ş	original_hum	s_to_ş	26	final_prompt_token_minus_5	130	wer	10636	0.6790322661399841	3	136
original_hum_s_to_ş	original_hum	s_to_ş	26	final_prompt_token_minus_5	130	wer	21803	0.48638129234313965	4	136
original_hum_s_to_ş	original_hum	s_to_ş	26	final_prompt_token_minus_5	130	wer	21190	0.44129785895347595	5	136
original_hum_s_to_ş	original_hum	s_to_ş	26	final_prompt_token_minus_5	130	wer	9814	0.3704800605773926	6	136
original_hum_s_to_ş	original_hum	s_to_ş	26	final_prompt_token_minus_5	130	wer	14870	0.3568374216556549	7	136
original_hum_s_to_ş	original_hum	s_to_ş	26	final_prompt_token_minus_5	130	wer	271	0.34203338623046875	8	136
original_hum_s_to_ş	original_hum	s_to_ş	26	final_prompt_token_minus_5	130	wer	8595	0.32932049036026	9	136
original_hum_s_to_ş	original_hum	s_to_ş	26	final_prompt_token_minus_5	130	wer	1953	0.3212283253669739	10	136
original_hum_s_to_ş	original_hum	s_to_ş	26	final_prompt_token_minus_5	130	wer	14488	0.31112056970596313	11	136
original_hum_s_to_ş	original_hum	s_to_ş	26	final_prompt_token_minus_5	130	wer	6987	0.2639492154121399	12	136
original_hum_s_to_ş	original_hum	s_to_ş	26	final_prompt_token_minus_5	130	wer	24092	0.2584206759929657	13	136
original_hum_s_to_ş	original_hum	s_to_ş	26	final_prompt_token_minus_5	130	wer	11335	0.254644513130188	14	136
original_hum_s_to_ş	original_hum	s_to_ş	26	final_prompt_token_minus_5	130	wer	23178	0.24355968832969666	15	136
original_hum_s_to_ş	original_hum	s_to_ş	26	final_prompt_token_minus_5	130	wer	23673	0.23772290349006653	16	136
original_hum_s_to_ş	original_hum	s_to_ş	26	final_prompt_token_minus_5	130	wer	13092	0.23760844767093658	17	136
original_hum_s_to_ş	original_hum	s_to_ş	26	final_prompt_token_minus_5	130	wer	26625	0.23471024632453918	18	136
original_hum_s_to_ş	original_hum	s_to_ş	26	final_prompt_token_minus_5	130	wer	29131	0.22789150476455688	19	136
original_hum_s_to_ş	original_hum	s_to_ş	26	final_prompt_token_minus_5	130	wer	892	0.22325363755226135	20	136
original_hum_s_to_ş	original_hum	s_to_ş	26	final_prompt_token_minus_5	130	wer	8927	0.22312715649604797	21	136
original_hum_s_to_ş	original_hum	s_to_ş	26	final_prompt_token_minus_5	130	wer	15160	0.22243425250053406	22	136
original_hum_s_to_ş	original_hum	s_to_ş	26	final_prompt_token_minus_5	130	wer	18198	0.22241847217082977	23	136
original_hum_s_to_ş	original_hum	s_to_ş	26	final_prompt_token_minus_5	130	wer	19668	0.21902769804000854	24	136
original_hum_s_to_ş	original_hum	s_to_ş	26	final_prompt_token_minus_5	130	wer	399	0.21593722701072693	25	136
original_hum_s_to_ş	original_hum	s_to_ş	26	final_prompt_token_minus_5	130	wer	18352	0.21352490782737732	26	136
original_hum_s_to_ş	original_hum	s_to_ş	26	final_prompt_token_minus_5	130	wer	10265	0.21313634514808655	27	136
original_hum_s_to_ş	original_hum	s_to_ş	26	final_prompt_token_minus_5	130	wer	9088	0.21240344643592834	28	136
original_hum_s_to_ş	original_hum	s_to_ş	26	final_prompt_token_minus_5	130	wer	5417	0.20929935574531555	29	136
original_hum_s_to_ş	original_hum	s_to_ş	26	final_prompt_token_minus_5	130	wer	19337	0.20838068425655365	30	136
original_hum_s_to_ş	original_hum	s_to_ş	26	final_prompt_token_minus_5	130	wer	30871	0.20718719065189362	31	136
original_hum_s_to_ş	original_hum	s_to_ş	26	final_prompt_token_minus_5	130	wer	22597	0.20523503422737122	32	136
original_hum_s_to_ş	original_hum	s_to_ş	26	final_prompt_token_minus_5	130	wer	29136	0.20428402721881866	33	136
original_hum_s_to_ş	original_hum	s_to_ş	26	final_prompt_token_minus_5	130	wer	4795	0.20197555422782898	34	136
original_hum_s_to_ş	original_hum	s_to_ş	26	final_prompt_token_minus_5	130	wer	4715	0.20046821236610413	35	136
original_hum_s_to_ş	original_hum	s_to_ş	26	final_prompt_token_minus_5	130	wer	12633	0.1975330412387848	36	136
original_hum_s_to_ş	original_hum	s_to_ş	26	final_prompt_token_minus_5	130	wer	12034	0.19112110137939453	37	136
original_hum_s_to_ş	original_hum	s_to_ş	26	final_prompt_token_minus_5	130	wer	23797	0.1910949945449829	38	136
original_hum_s_to_ş	original_hum	s_to_ş	26	final_prompt_token_minus_5	130	wer	16727	0.19003449380397797	39	136
original_hum_s_to_ş	original_hum	s_to_ş	26	final_prompt_token_minus_5	130	wer	1955	0.18963849544525146	40	136
original_hum_s_to_ş	original_hum	s_to_ş	26	final_prompt_token_minus_5	130	wer	16713	0.1881452053785324	41	136
original_hum_s_to_ş	original_hum	s_to_ş	26	final_prompt_token_minus_5	130	wer	11883	0.18739955127239227	42	136
original_hum_s_to_ş	original_hum	s_to_ş	26	final_prompt_token_minus_5	130	wer	29295	0.18642690777778625	43	136
original_hum_s_to_ş	original_hum	s_to_ş	26	final_prompt_token_minus_5	130	wer	31206	0.184661865234375	44	136
original_hum_s_to_ş	original_hum	s_to_ş	26	final_prompt_token_minus_5	130	wer	12693	0.1791628897190094	45	136
original_hum_s_to_ş	original_hum	s_to_ş	26	final_prompt_token_minus_5	130	wer	28093	0.1783761978149414	46	136
original_hum_s_to_ş	original_hum	s_to_ş	26	final_prompt_token_minus_5	130	wer	1438	0.1769299954175949	47	136
original_hum_s_to_ş	original_hum	s_to_ş	26	final_prompt_token_minus_5	130	wer	15420	0.17362195253372192	48	136
original_hum_s_to_ş	original_hum	s_to_ş	26	final_prompt_token_minus_5	130	wer	31073	0.17089848220348358	49	136
original_hum_s_to_ş	original_hum	s_to_ş	26	final_prompt_token_minus_5	130	wer	16822	0.1702001690864563	50	136
original_hum_s_to_ş	original_hum	s_to_ş	14	final_prompt_token_minus_5	130	wer	2961	1.1029001474380493	1	136
original_hum_s_to_ş	original_hum	s_to_ş	14	final_prompt_token_minus_5	130	wer	2948	0.9168190360069275	2	136
original_hum_s_to_ş	original_hum	s_to_ş	14	final_prompt_token_minus_5	130	wer	5117	0.74177485704422	3	136
original_hum_s_to_ş	original_hum	s_to_ş	14	final_prompt_token_minus_5	130	wer	6223	0.38707444071769714	4	136
original_hum_s_to_ş	original_hum	s_to_ş	14	final_prompt_token_minus_5	130	wer	32427	0.3118627071380615	5	136
original_hum_s_to_ş	original_hum	s_to_ş	14	final_prompt_token_minus_5	130	wer	21803	0.31132572889328003	6	136
original_hum_s_to_ş	original_hum	s_to_ş	14	final_prompt_token_minus_5	130	wer	15501	0.27813178300857544	7	136
original_hum_s_to_ş	original_hum	s_to_ş	14	final_prompt_token_minus_5	130	wer	7175	0.24595782160758972	8	136
original_hum_s_to_ş	original_hum	s_to_ş	14	final_prompt_token_minus_5	130	wer	17059	0.24437843263149261	9	136
original_hum_s_to_ş	original_hum	s_to_ş	14	final_prompt_token_minus_5	130	wer	3226	0.2431085854768753	10	136
original_hum_s_to_ş	original_hum	s_to_ş	14	final_prompt_token_minus_5	130	wer	26692	0.2369341254234314	11	136
original_hum_s_to_ş	original_hum	s_to_ş	14	final_prompt_token_minus_5	130	wer	8873	0.2217613309621811	12	136
original_hum_s_to_ş	original_hum	s_to_ş	14	final_prompt_token_minus_5	130	wer	438	0.2176770716905594	13	136
original_hum_s_to_ş	original_hum	s_to_ş	14	final_prompt_token_minus_5	130	wer	18004	0.20503655076026917	14	136
original_hum_s_to_ş	original_hum	s_to_ş	14	final_prompt_token_minus_5	130	wer	31733	0.2027231901884079	15	136
original_hum_s_to_ş	original_hum	s_to_ş	14	final_prompt_token_minus_5	130	wer	23320	0.19687195122241974	16	136
original_hum_s_to_ş	original_hum	s_to_ş	14	final_prompt_token_minus_5	130	wer	6429	0.19506260752677917	17	136
original_hum_s_to_ş	original_hum	s_to_ş	14	final_prompt_token_minus_5	130	wer	6681	0.19006361067295074	18	136
original_hum_s_to_ş	original_hum	s_to_ş	14	final_prompt_token_minus_5	130	wer	2211	0.1859140545129776	19	136
original_hum_s_to_ş	original_hum	s_to_ş	14	final_prompt_token_minus_5	130	wer	31735	0.18433785438537598	20	136
original_hum_s_to_ş	original_hum	s_to_ş	14	final_prompt_token_minus_5	130	wer	23073	0.17453624308109283	21	136
original_hum_s_to_ş	original_hum	s_to_ş	14	final_prompt_token_minus_5	130	wer	11503	0.17093393206596375	22	136
original_hum_s_to_ş	original_hum	s_to_ş	14	final_prompt_token_minus_5	130	wer	5267	0.16372010111808777	23	136
original_hum_s_to_ş	original_hum	s_to_ş	14	final_prompt_token_minus_5	130	wer	17629	0.16271893680095673	24	136
original_hum_s_to_ş	original_hum	s_to_ş	14	final_prompt_token_minus_5	130	wer	20557	0.1587260365486145	25	136
original_hum_s_to_ş	original_hum	s_to_ş	14	final_prompt_token_minus_5	130	wer	18091	0.15408161282539368	26	136
original_hum_s_to_ş	original_hum	s_to_ş	14	final_prompt_token_minus_5	130	wer	28880	0.14900025725364685	27	136
original_hum_s_to_ş	original_hum	s_to_ş	14	final_prompt_token_minus_5	130	wer	20681	0.14572328329086304	28	136
original_hum_s_to_ş	original_hum	s_to_ş	14	final_prompt_token_minus_5	130	wer	31119	0.1455499529838562	29	136
original_hum_s_to_ş	original_hum	s_to_ş	14	final_prompt_token_minus_5	130	wer	13643	0.14540748298168182	30	136
original_hum_s_to_ş	original_hum	s_to_ş	14	final_prompt_token_minus_5	130	wer	268	0.14524924755096436	31	136
original_hum_s_to_ş	original_hum	s_to_ş	14	final_prompt_token_minus_5	130	wer	27523	0.14000092446804047	32	136
original_hum_s_to_ş	original_hum	s_to_ş	14	final_prompt_token_minus_5	130	wer	10074	0.1399570107460022	33	136
original_hum_s_to_ş	original_hum	s_to_ş	14	final_prompt_token_minus_5	130	wer	28039	0.13979029655456543	34	136
original_hum_s_to_ş	original_hum	s_to_ş	14	final_prompt_token_minus_5	130	wer	11680	0.13913878798484802	35	136
original_hum_s_to_ş	original_hum	s_to_ş	14	final_prompt_token_minus_5	130	wer	14885	0.13813112676143646	36	136
original_hum_s_to_ş	original_hum	s_to_ş	14	final_prompt_token_minus_5	130	wer	23991	0.13800309598445892	37	136
original_hum_s_to_ş	original_hum	s_to_ş	14	final_prompt_token_minus_5	130	wer	8556	0.13289697468280792	38	136
original_hum_s_to_ş	original_hum	s_to_ş	14	final_prompt_token_minus_5	130	wer	11393	0.12793035805225372	39	136
original_hum_s_to_ş	original_hum	s_to_ş	14	final_prompt_token_minus_5	130	wer	13119	0.12730728089809418	40	136
original_hum_s_to_ş	original_hum	s_to_ş	14	final_prompt_token_minus_5	130	wer	17359	0.12670062482357025	41	136
original_hum_s_to_ş	original_hum	s_to_ş	14	final_prompt_token_minus_5	130	wer	20089	0.12649503350257874	42	136
original_hum_s_to_ş	original_hum	s_to_ş	14	final_prompt_token_minus_5	130	wer	18673	0.12622487545013428	43	136
original_hum_s_to_ş	original_hum	s_to_ş	14	final_prompt_token_minus_5	130	wer	31060	0.12200625240802765	44	136
original_hum_s_to_ş	original_hum	s_to_ş	14	final_prompt_token_minus_5	130	wer	299	0.11621807515621185	45	136
original_hum_s_to_ş	original_hum	s_to_ş	14	final_prompt_token_minus_5	130	wer	2869	0.11453738808631897	46	136
original_hum_s_to_ş	original_hum	s_to_ş	14	final_prompt_token_minus_5	130	wer	7297	0.11189748346805573	47	136
original_hum_s_to_ş	original_hum	s_to_ş	14	final_prompt_token_minus_5	130	wer	27706	0.1117977425456047	48	136
original_hum_s_to_ş	original_hum	s_to_ş	14	final_prompt_token_minus_5	130	wer	10948	0.11156345903873444	49	136
original_hum_s_to_ş	original_hum	s_to_ş	14	final_prompt_token_minus_5	130	wer	9319	0.11149300634860992	50	136
original_hum_s_to_ş	original_hum	s_to_ş	26	final_prompt_token_minus_10	125	’t	2938	2.590894937515259	1	136
original_hum_s_to_ş	original_hum	s_to_ş	26	final_prompt_token_minus_10	125	’t	1711	0.6183782815933228	2	136
original_hum_s_to_ş	original_hum	s_to_ş	26	final_prompt_token_minus_10	125	’t	29872	0.5569573044776917	3	136
original_hum_s_to_ş	original_hum	s_to_ş	26	final_prompt_token_minus_10	125	’t	19668	0.439573734998703	4	136
original_hum_s_to_ş	original_hum	s_to_ş	26	final_prompt_token_minus_10	125	’t	4494	0.3507545590400696	5	136
original_hum_s_to_ş	original_hum	s_to_ş	26	final_prompt_token_minus_10	125	’t	13232	0.34690287709236145	6	136
original_hum_s_to_ş	original_hum	s_to_ş	26	final_prompt_token_minus_10	125	’t	18665	0.34075096249580383	7	136
original_hum_s_to_ş	original_hum	s_to_ş	26	final_prompt_token_minus_10	125	’t	30911	0.2917490303516388	8	136
original_hum_s_to_ş	original_hum	s_to_ş	26	final_prompt_token_minus_10	125	’t	19389	0.28947821259498596	9	136
original_hum_s_to_ş	original_hum	s_to_ş	26	final_prompt_token_minus_10	125	’t	31908	0.2848474085330963	10	136
original_hum_s_to_ş	original_hum	s_to_ş	26	final_prompt_token_minus_10	125	’t	29996	0.2804328501224518	11	136
original_hum_s_to_ş	original_hum	s_to_ş	26	final_prompt_token_minus_10	125	’t	28713	0.22094129025936127	12	136
original_hum_s_to_ş	original_hum	s_to_ş	26	final_prompt_token_minus_10	125	’t	10335	0.21544691920280457	13	136
original_hum_s_to_ş	original_hum	s_to_ş	26	final_prompt_token_minus_10	125	’t	32361	0.2053222954273224	14	136
original_hum_s_to_ş	original_hum	s_to_ş	26	final_prompt_token_minus_10	125	’t	13487	0.19843178987503052	15	136
original_hum_s_to_ş	original_hum	s_to_ş	26	final_prompt_token_minus_10	125	’t	5024	0.19220933318138123	16	136
original_hum_s_to_ş	original_hum	s_to_ş	26	final_prompt_token_minus_10	125	’t	22822	0.18643099069595337	17	136
original_hum_s_to_ş	original_hum	s_to_ş	26	final_prompt_token_minus_10	125	’t	25631	0.1779419183731079	18	136
original_hum_s_to_ş	original_hum	s_to_ş	26	final_prompt_token_minus_10	125	’t	18224	0.17729024589061737	19	136
original_hum_s_to_ş	original_hum	s_to_ş	26	final_prompt_token_minus_10	125	’t	23177	0.16591520607471466	20	136
original_hum_s_to_ş	original_hum	s_to_ş	26	final_prompt_token_minus_10	125	’t	27281	0.16513629257678986	21	136
original_hum_s_to_ş	original_hum	s_to_ş	26	final_prompt_token_minus_10	125	’t	10427	0.16324499249458313	22	136
original_hum_s_to_ş	original_hum	s_to_ş	26	final_prompt_token_minus_10	125	’t	3920	0.16275814175605774	23	136
original_hum_s_to_ş	original_hum	s_to_ş	26	final_prompt_token_minus_10	125	’t	26684	0.16169390082359314	24	136
original_hum_s_to_ş	original_hum	s_to_ş	26	final_prompt_token_minus_10	125	’t	20589	0.15947562456130981	25	136
original_hum_s_to_ş	original_hum	s_to_ş	26	final_prompt_token_minus_10	125	’t	31050	0.15731951594352722	26	136
original_hum_s_to_ş	original_hum	s_to_ş	26	final_prompt_token_minus_10	125	’t	7448	0.1566627025604248	27	136
original_hum_s_to_ş	original_hum	s_to_ş	26	final_prompt_token_minus_10	125	’t	4468	0.1555471122264862	28	136
original_hum_s_to_ş	original_hum	s_to_ş	26	final_prompt_token_minus_10	125	’t	19878	0.1550520658493042	29	136
original_hum_s_to_ş	original_hum	s_to_ş	26	final_prompt_token_minus_10	125	’t	12320	0.15455368161201477	30	136
original_hum_s_to_ş	original_hum	s_to_ş	26	final_prompt_token_minus_10	125	’t	26833	0.15227477252483368	31	136
original_hum_s_to_ş	original_hum	s_to_ş	26	final_prompt_token_minus_10	125	’t	20566	0.149246945977211	32	136
original_hum_s_to_ş	original_hum	s_to_ş	26	final_prompt_token_minus_10	125	’t	24463	0.14898011088371277	33	136
original_hum_s_to_ş	original_hum	s_to_ş	26	final_prompt_token_minus_10	125	’t	989	0.14871281385421753	34	136
original_hum_s_to_ş	original_hum	s_to_ş	26	final_prompt_token_minus_10	125	’t	22360	0.14771899580955505	35	136
original_hum_s_to_ş	original_hum	s_to_ş	26	final_prompt_token_minus_10	125	’t	4306	0.14721593260765076	36	136
original_hum_s_to_ş	original_hum	s_to_ş	26	final_prompt_token_minus_10	125	’t	27806	0.1464649885892868	37	136
original_hum_s_to_ş	original_hum	s_to_ş	26	final_prompt_token_minus_10	125	’t	11652	0.14597883820533752	38	136
original_hum_s_to_ş	original_hum	s_to_ş	26	final_prompt_token_minus_10	125	’t	16987	0.14563053846359253	39	136
original_hum_s_to_ş	original_hum	s_to_ş	26	final_prompt_token_minus_10	125	’t	21731	0.1454712152481079	40	136
original_hum_s_to_ş	original_hum	s_to_ş	26	final_prompt_token_minus_10	125	’t	3704	0.14421473443508148	41	136
original_hum_s_to_ş	original_hum	s_to_ş	26	final_prompt_token_minus_10	125	’t	1880	0.14334304630756378	42	136
original_hum_s_to_ş	original_hum	s_to_ş	26	final_prompt_token_minus_10	125	’t	31836	0.14227482676506042	43	136
original_hum_s_to_ş	original_hum	s_to_ş	26	final_prompt_token_minus_10	125	’t	27543	0.14145132899284363	44	136
original_hum_s_to_ş	original_hum	s_to_ş	26	final_prompt_token_minus_10	125	’t	14178	0.13909491896629333	45	136
original_hum_s_to_ş	original_hum	s_to_ş	26	final_prompt_token_minus_10	125	’t	9538	0.13318733870983124	46	136
original_hum_s_to_ş	original_hum	s_to_ş	26	final_prompt_token_minus_10	125	’t	17019	0.13190361857414246	47	136
original_hum_s_to_ş	original_hum	s_to_ş	26	final_prompt_token_minus_10	125	’t	18198	0.12984374165534973	48	136
original_hum_s_to_ş	original_hum	s_to_ş	26	final_prompt_token_minus_10	125	’t	17394	0.12837862968444824	49	136
original_hum_s_to_ş	original_hum	s_to_ş	26	final_prompt_token_minus_10	125	’t	3273	0.12759338319301605	50	136
original_hum_s_to_ş	original_hum	s_to_ş	14	final_prompt_token_minus_10	125	’t	2961	0.8954159021377563	1	136
original_hum_s_to_ş	original_hum	s_to_ş	14	final_prompt_token_minus_10	125	’t	31854	0.43213868141174316	2	136
original_hum_s_to_ş	original_hum	s_to_ş	14	final_prompt_token_minus_10	125	’t	16192	0.3279263377189636	3	136
original_hum_s_to_ş	original_hum	s_to_ş	14	final_prompt_token_minus_10	125	’t	31733	0.2634085416793823	4	136
original_hum_s_to_ş	original_hum	s_to_ş	14	final_prompt_token_minus_10	125	’t	15605	0.2448052018880844	5	136
original_hum_s_to_ş	original_hum	s_to_ş	14	final_prompt_token_minus_10	125	’t	22725	0.238233745098114	6	136
original_hum_s_to_ş	original_hum	s_to_ş	14	final_prompt_token_minus_10	125	’t	18039	0.2202310413122177	7	136
original_hum_s_to_ş	original_hum	s_to_ş	14	final_prompt_token_minus_10	125	’t	1168	0.21727342903614044	8	136
original_hum_s_to_ş	original_hum	s_to_ş	14	final_prompt_token_minus_10	125	’t	28088	0.20844829082489014	9	136
original_hum_s_to_ş	original_hum	s_to_ş	14	final_prompt_token_minus_10	125	’t	12409	0.19799815118312836	10	136
original_hum_s_to_ş	original_hum	s_to_ş	14	final_prompt_token_minus_10	125	’t	4164	0.19219809770584106	11	136
original_hum_s_to_ş	original_hum	s_to_ş	14	final_prompt_token_minus_10	125	’t	12101	0.18295659124851227	12	136
original_hum_s_to_ş	original_hum	s_to_ş	14	final_prompt_token_minus_10	125	’t	28065	0.1761465072631836	13	136
original_hum_s_to_ş	original_hum	s_to_ş	14	final_prompt_token_minus_10	125	’t	16147	0.17425327003002167	14	136
original_hum_s_to_ş	original_hum	s_to_ş	14	final_prompt_token_minus_10	125	’t	21668	0.17273882031440735	15	136
original_hum_s_to_ş	original_hum	s_to_ş	14	final_prompt_token_minus_10	125	’t	30010	0.16080449521541595	16	136
original_hum_s_to_ş	original_hum	s_to_ş	14	final_prompt_token_minus_10	125	’t	23427	0.14219851791858673	17	136
original_hum_s_to_ş	original_hum	s_to_ş	14	final_prompt_token_minus_10	125	’t	995	0.13880597054958344	18	136
original_hum_s_to_ş	original_hum	s_to_ş	14	final_prompt_token_minus_10	125	’t	32300	0.13568051159381866	19	136
original_hum_s_to_ş	original_hum	s_to_ş	14	final_prompt_token_minus_10	125	’t	14885	0.1316651850938797	20	136
original_hum_s_to_ş	original_hum	s_to_ş	14	final_prompt_token_minus_10	125	’t	23186	0.1267492175102234	21	136
original_hum_s_to_ş	original_hum	s_to_ş	14	final_prompt_token_minus_10	125	’t	8121	0.12497960031032562	22	136
original_hum_s_to_ş	original_hum	s_to_ş	14	final_prompt_token_minus_10	125	’t	20557	0.12375748157501221	23	136
original_hum_s_to_ş	original_hum	s_to_ş	14	final_prompt_token_minus_10	125	’t	22289	0.119873046875	24	136
original_hum_s_to_ş	original_hum	s_to_ş	14	final_prompt_token_minus_10	125	’t	22305	0.11937718838453293	25	136
original_hum_s_to_ş	original_hum	s_to_ş	14	final_prompt_token_minus_10	125	’t	9106	0.11868828535079956	26	136
original_hum_s_to_ş	original_hum	s_to_ş	14	final_prompt_token_minus_10	125	’t	26027	0.11830325424671173	27	136
original_hum_s_to_ş	original_hum	s_to_ş	14	final_prompt_token_minus_10	125	’t	27532	0.1148674264550209	28	136
original_hum_s_to_ş	original_hum	s_to_ş	14	final_prompt_token_minus_10	125	’t	19533	0.11329133808612823	29	136
original_hum_s_to_ş	original_hum	s_to_ş	14	final_prompt_token_minus_10	125	’t	1735	0.1099126935005188	30	136
original_hum_s_to_ş	original_hum	s_to_ş	14	final_prompt_token_minus_10	125	’t	13610	0.1083696112036705	31	136
original_hum_s_to_ş	original_hum	s_to_ş	14	final_prompt_token_minus_10	125	’t	20394	0.10724691301584244	32	136
original_hum_s_to_ş	original_hum	s_to_ş	14	final_prompt_token_minus_10	125	’t	16801	0.10156835615634918	33	136
original_hum_s_to_ş	original_hum	s_to_ş	14	final_prompt_token_minus_10	125	’t	6533	0.0998285561800003	34	136
original_hum_s_to_ş	original_hum	s_to_ş	14	final_prompt_token_minus_10	125	’t	13252	0.0955275446176529	35	136
original_hum_s_to_ş	original_hum	s_to_ş	14	final_prompt_token_minus_10	125	’t	18609	0.09235841035842896	36	136
original_hum_s_to_ş	original_hum	s_to_ş	14	final_prompt_token_minus_10	125	’t	29918	0.09126635640859604	37	136
original_hum_s_to_ş	original_hum	s_to_ş	14	final_prompt_token_minus_10	125	’t	9030	0.09118643403053284	38	136
original_hum_s_to_ş	original_hum	s_to_ş	14	final_prompt_token_minus_10	125	’t	6429	0.09077450633049011	39	136
original_hum_s_to_ş	original_hum	s_to_ş	14	final_prompt_token_minus_10	125	’t	24335	0.09014170616865158	40	136
original_hum_s_to_ş	original_hum	s_to_ş	14	final_prompt_token_minus_10	125	’t	22053	0.0895601436495781	41	136
original_hum_s_to_ş	original_hum	s_to_ş	14	final_prompt_token_minus_10	125	’t	12802	0.08828118443489075	42	136
original_hum_s_to_ş	original_hum	s_to_ş	14	final_prompt_token_minus_10	125	’t	21106	0.08776780217885971	43	136
original_hum_s_to_ş	original_hum	s_to_ş	14	final_prompt_token_minus_10	125	’t	16563	0.08479104191064835	44	136
original_hum_s_to_ş	original_hum	s_to_ş	14	final_prompt_token_minus_10	125	’t	8356	0.08197879791259766	45	136
original_hum_s_to_ş	original_hum	s_to_ş	14	final_prompt_token_minus_10	125	’t	2867	0.0817364826798439	46	136
original_hum_s_to_ş	original_hum	s_to_ş	14	final_prompt_token_minus_10	125	’t	2956	0.08105070143938065	47	136
original_hum_s_to_ş	original_hum	s_to_ş	14	final_prompt_token_minus_10	125	’t	28814	0.08006451278924942	48	136
original_hum_s_to_ş	original_hum	s_to_ş	14	final_prompt_token_minus_10	125	’t	7584	0.0796358734369278	49	136
original_hum_s_to_ş	original_hum	s_to_ş	14	final_prompt_token_minus_10	125	’t	20659	0.07930101454257965	50	136
original_hum_s_to_ṡ	original_hum	s_to_ṡ	26	final_prompt_token	202	.	2938	1.7538371086120605	1	203
original_hum_s_to_ṡ	original_hum	s_to_ṡ	26	final_prompt_token	202	.	18937	0.6369986534118652	2	203
original_hum_s_to_ṡ	original_hum	s_to_ṡ	26	final_prompt_token	202	.	28713	0.5529865622520447	3	203
original_hum_s_to_ṡ	original_hum	s_to_ṡ	26	final_prompt_token	202	.	1626	0.41931360960006714	4	203
original_hum_s_to_ṡ	original_hum	s_to_ṡ	26	final_prompt_token	202	.	3241	0.3461020290851593	5	203
original_hum_s_to_ṡ	original_hum	s_to_ṡ	26	final_prompt_token	202	.	19389	0.34373971819877625	6	203
original_hum_s_to_ṡ	original_hum	s_to_ṡ	26	final_prompt_token	202	.	13935	0.33742448687553406	7	203
original_hum_s_to_ṡ	original_hum	s_to_ṡ	26	final_prompt_token	202	.	15954	0.30369213223457336	8	203
original_hum_s_to_ṡ	original_hum	s_to_ṡ	26	final_prompt_token	202	.	6194	0.2873181700706482	9	203
original_hum_s_to_ṡ	original_hum	s_to_ṡ	26	final_prompt_token	202	.	31908	0.28212234377861023	10	203
original_hum_s_to_ṡ	original_hum	s_to_ṡ	26	final_prompt_token	202	.	11256	0.271169513463974	11	203
original_hum_s_to_ṡ	original_hum	s_to_ṡ	26	final_prompt_token	202	.	6429	0.2658553719520569	12	203
original_hum_s_to_ṡ	original_hum	s_to_ṡ	26	final_prompt_token	202	.	17394	0.25765398144721985	13	203
original_hum_s_to_ṡ	original_hum	s_to_ṡ	26	final_prompt_token	202	.	25575	0.2462281882762909	14	203
original_hum_s_to_ṡ	original_hum	s_to_ṡ	26	final_prompt_token	202	.	26684	0.23903422057628632	15	203
original_hum_s_to_ṡ	original_hum	s_to_ṡ	26	final_prompt_token	202	.	29524	0.23207499086856842	16	203
original_hum_s_to_ṡ	original_hum	s_to_ṡ	26	final_prompt_token	202	.	23977	0.2316211462020874	17	203
original_hum_s_to_ṡ	original_hum	s_to_ṡ	26	final_prompt_token	202	.	599	0.21637558937072754	18	203
original_hum_s_to_ṡ	original_hum	s_to_ṡ	26	final_prompt_token	202	.	12320	0.21200475096702576	19	203
original_hum_s_to_ṡ	original_hum	s_to_ṡ	26	final_prompt_token	202	.	7163	0.20135855674743652	20	203
original_hum_s_to_ṡ	original_hum	s_to_ṡ	26	final_prompt_token	202	.	6021	0.19925498962402344	21	203
original_hum_s_to_ṡ	original_hum	s_to_ṡ	26	final_prompt_token	202	.	14614	0.19907456636428833	22	203
original_hum_s_to_ṡ	original_hum	s_to_ṡ	26	final_prompt_token	202	.	25001	0.1962060034275055	23	203
original_hum_s_to_ṡ	original_hum	s_to_ṡ	26	final_prompt_token	202	.	5257	0.1921621859073639	24	203
original_hum_s_to_ṡ	original_hum	s_to_ṡ	26	final_prompt_token	202	.	11456	0.18563079833984375	25	203
original_hum_s_to_ṡ	original_hum	s_to_ṡ	26	final_prompt_token	202	.	18198	0.18464690446853638	26	203
original_hum_s_to_ṡ	original_hum	s_to_ṡ	26	final_prompt_token	202	.	13061	0.17670685052871704	27	203
original_hum_s_to_ṡ	original_hum	s_to_ṡ	26	final_prompt_token	202	.	25446	0.17641767859458923	28	203
original_hum_s_to_ṡ	original_hum	s_to_ṡ	26	final_prompt_token	202	.	27342	0.1710512638092041	29	203
original_hum_s_to_ṡ	original_hum	s_to_ṡ	26	final_prompt_token	202	.	30964	0.16774144768714905	30	203
original_hum_s_to_ṡ	original_hum	s_to_ṡ	26	final_prompt_token	202	.	25351	0.16221605241298676	31	203
original_hum_s_to_ṡ	original_hum	s_to_ṡ	26	final_prompt_token	202	.	6593	0.15974093973636627	32	203
original_hum_s_to_ṡ	original_hum	s_to_ṡ	26	final_prompt_token	202	.	32744	0.15830907225608826	33	203
original_hum_s_to_ṡ	original_hum	s_to_ṡ	26	final_prompt_token	202	.	19423	0.15659508109092712	34	203
original_hum_s_to_ṡ	original_hum	s_to_ṡ	26	final_prompt_token	202	.	2959	0.15470248460769653	35	203
original_hum_s_to_ṡ	original_hum	s_to_ṡ	26	final_prompt_token	202	.	8928	0.15442341566085815	36	203
original_hum_s_to_ṡ	original_hum	s_to_ṡ	26	final_prompt_token	202	.	5079	0.15191394090652466	37	203
original_hum_s_to_ṡ	original_hum	s_to_ṡ	26	final_prompt_token	202	.	11312	0.14913971722126007	38	203
original_hum_s_to_ṡ	original_hum	s_to_ṡ	26	final_prompt_token	202	.	11338	0.14879488945007324	39	203
original_hum_s_to_ṡ	original_hum	s_to_ṡ	26	final_prompt_token	202	.	15560	0.1484898030757904	40	203
original_hum_s_to_ṡ	original_hum	s_to_ṡ	26	final_prompt_token	202	.	3271	0.14643344283103943	41	203
original_hum_s_to_ṡ	original_hum	s_to_ṡ	26	final_prompt_token	202	.	8216	0.14551252126693726	42	203
original_hum_s_to_ṡ	original_hum	s_to_ṡ	26	final_prompt_token	202	.	15700	0.14546167850494385	43	203
original_hum_s_to_ṡ	original_hum	s_to_ṡ	26	final_prompt_token	202	.	10963	0.14499332010746002	44	203
original_hum_s_to_ṡ	original_hum	s_to_ṡ	26	final_prompt_token	202	.	22503	0.1446908712387085	45	203
original_hum_s_to_ṡ	original_hum	s_to_ṡ	26	final_prompt_token	202	.	5024	0.14383526146411896	46	203
original_hum_s_to_ṡ	original_hum	s_to_ṡ	26	final_prompt_token	202	.	17869	0.14317959547042847	47	203
original_hum_s_to_ṡ	original_hum	s_to_ṡ	26	final_prompt_token	202	.	30033	0.1416333019733429	48	203
original_hum_s_to_ṡ	original_hum	s_to_ṡ	26	final_prompt_token	202	.	30453	0.14086616039276123	49	203
original_hum_s_to_ṡ	original_hum	s_to_ṡ	26	final_prompt_token	202	.	25377	0.13980910181999207	50	203
original_hum_s_to_ṡ	original_hum	s_to_ṡ	14	final_prompt_token	202	.	3830	0.5494307279586792	1	203
original_hum_s_to_ṡ	original_hum	s_to_ṡ	14	final_prompt_token	202	.	2961	0.4706324338912964	2	203
original_hum_s_to_ṡ	original_hum	s_to_ṡ	14	final_prompt_token	202	.	7163	0.3218570053577423	3	203
original_hum_s_to_ṡ	original_hum	s_to_ṡ	14	final_prompt_token	202	.	6429	0.3066288232803345	4	203
original_hum_s_to_ṡ	original_hum	s_to_ṡ	14	final_prompt_token	202	.	30964	0.25262460112571716	5	203
original_hum_s_to_ṡ	original_hum	s_to_ṡ	14	final_prompt_token	202	.	30170	0.22638054192066193	6	203
original_hum_s_to_ṡ	original_hum	s_to_ṡ	14	final_prompt_token	202	.	1168	0.22614014148712158	7	203
original_hum_s_to_ṡ	original_hum	s_to_ṡ	14	final_prompt_token	202	.	8033	0.2243543565273285	8	203
original_hum_s_to_ṡ	original_hum	s_to_ṡ	14	final_prompt_token	202	.	20557	0.22192752361297607	9	203
original_hum_s_to_ṡ	original_hum	s_to_ṡ	14	final_prompt_token	202	.	17193	0.19441507756710052	10	203
original_hum_s_to_ṡ	original_hum	s_to_ṡ	14	final_prompt_token	202	.	25151	0.18643686175346375	11	203
original_hum_s_to_ṡ	original_hum	s_to_ṡ	14	final_prompt_token	202	.	20402	0.17181150615215302	12	203
original_hum_s_to_ṡ	original_hum	s_to_ṡ	14	final_prompt_token	202	.	16382	0.1712857484817505	13	203
original_hum_s_to_ṡ	original_hum	s_to_ṡ	14	final_prompt_token	202	.	20769	0.17071577906608582	14	203
original_hum_s_to_ṡ	original_hum	s_to_ṡ	14	final_prompt_token	202	.	4953	0.16844028234481812	15	203
original_hum_s_to_ṡ	original_hum	s_to_ṡ	14	final_prompt_token	202	.	26237	0.1682562530040741	16	203
original_hum_s_to_ṡ	original_hum	s_to_ṡ	14	final_prompt_token	202	.	4428	0.16438478231430054	17	203
original_hum_s_to_ṡ	original_hum	s_to_ṡ	14	final_prompt_token	202	.	10976	0.16099834442138672	18	203
original_hum_s_to_ṡ	original_hum	s_to_ṡ	14	final_prompt_token	202	.	14932	0.15667927265167236	19	203
original_hum_s_to_ṡ	original_hum	s_to_ṡ	14	final_prompt_token	202	.	992	0.1548769325017929	20	203
original_hum_s_to_ṡ	original_hum	s_to_ṡ	14	final_prompt_token	202	.	2176	0.1541670560836792	21	203
original_hum_s_to_ṡ	original_hum	s_to_ṡ	14	final_prompt_token	202	.	3001	0.15280838310718536	22	203
original_hum_s_to_ṡ	original_hum	s_to_ṡ	14	final_prompt_token	202	.	3289	0.15010526776313782	23	203
original_hum_s_to_ṡ	original_hum	s_to_ṡ	14	final_prompt_token	202	.	15605	0.1485825628042221	24	203
original_hum_s_to_ṡ	original_hum	s_to_ṡ	14	final_prompt_token	202	.	2266	0.14711979031562805	25	203
original_hum_s_to_ṡ	original_hum	s_to_ṡ	14	final_prompt_token	202	.	16801	0.14623776078224182	26	203
original_hum_s_to_ṡ	original_hum	s_to_ṡ	14	final_prompt_token	202	.	31774	0.1451113224029541	27	203
original_hum_s_to_ṡ	original_hum	s_to_ṡ	14	final_prompt_token	202	.	9030	0.14193864166736603	28	203
original_hum_s_to_ṡ	original_hum	s_to_ṡ	14	final_prompt_token	202	.	32300	0.13941322267055511	29	203
original_hum_s_to_ṡ	original_hum	s_to_ṡ	14	final_prompt_token	202	.	4620	0.13856567442417145	30	203
original_hum_s_to_ṡ	original_hum	s_to_ṡ	14	final_prompt_token	202	.	3784	0.1363394558429718	31	203
original_hum_s_to_ṡ	original_hum	s_to_ṡ	14	final_prompt_token	202	.	32721	0.1340445727109909	32	203
original_hum_s_to_ṡ	original_hum	s_to_ṡ	14	final_prompt_token	202	.	17656	0.13367673754692078	33	203
original_hum_s_to_ṡ	original_hum	s_to_ṡ	14	final_prompt_token	202	.	30172	0.13145378232002258	34	203
original_hum_s_to_ṡ	original_hum	s_to_ṡ	14	final_prompt_token	202	.	14885	0.13079747557640076	35	203
original_hum_s_to_ṡ	original_hum	s_to_ṡ	14	final_prompt_token	202	.	8677	0.13006585836410522	36	203
original_hum_s_to_ṡ	original_hum	s_to_ṡ	14	final_prompt_token	202	.	23591	0.12718917429447174	37	203
original_hum_s_to_ṡ	original_hum	s_to_ṡ	14	final_prompt_token	202	.	11726	0.12429569661617279	38	203
original_hum_s_to_ṡ	original_hum	s_to_ṡ	14	final_prompt_token	202	.	13029	0.12402434647083282	39	203
original_hum_s_to_ṡ	original_hum	s_to_ṡ	14	final_prompt_token	202	.	18895	0.12307550758123398	40	203
original_hum_s_to_ṡ	original_hum	s_to_ṡ	14	final_prompt_token	202	.	31758	0.12145024538040161	41	203
original_hum_s_to_ṡ	original_hum	s_to_ṡ	14	final_prompt_token	202	.	31649	0.12037631124258041	42	203
original_hum_s_to_ṡ	original_hum	s_to_ṡ	14	final_prompt_token	202	.	12080	0.11896264553070068	43	203
original_hum_s_to_ṡ	original_hum	s_to_ṡ	14	final_prompt_token	202	.	10633	0.1189592257142067	44	203
original_hum_s_to_ṡ	original_hum	s_to_ṡ	14	final_prompt_token	202	.	17275	0.11886385083198547	45	203
original_hum_s_to_ṡ	original_hum	s_to_ṡ	14	final_prompt_token	202	.	6836	0.11862193048000336	46	203
original_hum_s_to_ṡ	original_hum	s_to_ṡ	14	final_prompt_token	202	.	13571	0.11762472987174988	47	203
original_hum_s_to_ṡ	original_hum	s_to_ṡ	14	final_prompt_token	202	.	9383	0.11747195571660995	48	203
original_hum_s_to_ṡ	original_hum	s_to_ṡ	14	final_prompt_token	202	.	23505	0.11706216633319855	49	203
original_hum_s_to_ṡ	original_hum	s_to_ṡ	14	final_prompt_token	202	.	26050	0.11666946113109589	50	203
original_hum_s_to_ṡ	original_hum	s_to_ṡ	26	final_prompt_token_minus_1	201	check	799	1.7813029289245605	1	203
original_hum_s_to_ṡ	original_hum	s_to_ṡ	26	final_prompt_token_minus_1	201	check	2938	1.167341709136963	2	203
original_hum_s_to_ṡ	original_hum	s_to_ṡ	26	final_prompt_token_minus_1	201	check	16706	0.5189080238342285	3	203
original_hum_s_to_ṡ	original_hum	s_to_ṡ	26	final_prompt_token_minus_1	201	check	27342	0.4266175925731659	4	203
original_hum_s_to_ṡ	original_hum	s_to_ṡ	26	final_prompt_token_minus_1	201	check	19389	0.31650370359420776	5	203
original_hum_s_to_ṡ	original_hum	s_to_ṡ	26	final_prompt_token_minus_1	201	check	16439	0.29887011647224426	6	203
original_hum_s_to_ṡ	original_hum	s_to_ṡ	26	final_prompt_token_minus_1	201	check	26684	0.29771268367767334	7	203
original_hum_s_to_ṡ	original_hum	s_to_ṡ	26	final_prompt_token_minus_1	201	check	32454	0.2885598838329315	8	203
original_hum_s_to_ṡ	original_hum	s_to_ṡ	26	final_prompt_token_minus_1	201	check	11256	0.2584879398345947	9	203
original_hum_s_to_ṡ	original_hum	s_to_ṡ	26	final_prompt_token_minus_1	201	check	29065	0.24956104159355164	10	203
original_hum_s_to_ṡ	original_hum	s_to_ṡ	26	final_prompt_token_minus_1	201	check	26598	0.22480225563049316	11	203
original_hum_s_to_ṡ	original_hum	s_to_ṡ	26	final_prompt_token_minus_1	201	check	29171	0.22372744977474213	12	203
original_hum_s_to_ṡ	original_hum	s_to_ṡ	26	final_prompt_token_minus_1	201	check	25001	0.22172170877456665	13	203
original_hum_s_to_ṡ	original_hum	s_to_ṡ	26	final_prompt_token_minus_1	201	check	704	0.21522873640060425	14	203
original_hum_s_to_ṡ	original_hum	s_to_ṡ	26	final_prompt_token_minus_1	201	check	19850	0.21519047021865845	15	203
original_hum_s_to_ṡ	original_hum	s_to_ṡ	26	final_prompt_token_minus_1	201	check	9241	0.21497748792171478	16	203
original_hum_s_to_ṡ	original_hum	s_to_ṡ	26	final_prompt_token_minus_1	201	check	9990	0.2122257798910141	17	203
original_hum_s_to_ṡ	original_hum	s_to_ṡ	26	final_prompt_token_minus_1	201	check	22353	0.20237497985363007	18	203
original_hum_s_to_ṡ	original_hum	s_to_ṡ	26	final_prompt_token_minus_1	201	check	5257	0.2001955211162567	19	203
original_hum_s_to_ṡ	original_hum	s_to_ṡ	26	final_prompt_token_minus_1	201	check	29472	0.1979951709508896	20	203
original_hum_s_to_ṡ	original_hum	s_to_ṡ	26	final_prompt_token_minus_1	201	check	16475	0.19573426246643066	21	203
original_hum_s_to_ṡ	original_hum	s_to_ṡ	26	final_prompt_token_minus_1	201	check	10709	0.1956505924463272	22	203
original_hum_s_to_ṡ	original_hum	s_to_ṡ	26	final_prompt_token_minus_1	201	check	8882	0.19116832315921783	23	203
original_hum_s_to_ṡ	original_hum	s_to_ṡ	26	final_prompt_token_minus_1	201	check	8216	0.1903485357761383	24	203
original_hum_s_to_ṡ	original_hum	s_to_ṡ	26	final_prompt_token_minus_1	201	check	17164	0.18829098343849182	25	203
original_hum_s_to_ṡ	original_hum	s_to_ṡ	26	final_prompt_token_minus_1	201	check	20031	0.18701425194740295	26	203
original_hum_s_to_ṡ	original_hum	s_to_ṡ	26	final_prompt_token_minus_1	201	check	7982	0.18586063385009766	27	203
original_hum_s_to_ṡ	original_hum	s_to_ṡ	26	final_prompt_token_minus_1	201	check	23071	0.18480223417282104	28	203
original_hum_s_to_ṡ	original_hum	s_to_ṡ	26	final_prompt_token_minus_1	201	check	10265	0.17075100541114807	29	203
original_hum_s_to_ṡ	original_hum	s_to_ṡ	26	final_prompt_token_minus_1	201	check	32448	0.16809526085853577	30	203
original_hum_s_to_ṡ	original_hum	s_to_ṡ	26	final_prompt_token_minus_1	201	check	15076	0.16519971191883087	31	203
original_hum_s_to_ṡ	original_hum	s_to_ṡ	26	final_prompt_token_minus_1	201	check	8891	0.16261467337608337	32	203
original_hum_s_to_ṡ	original_hum	s_to_ṡ	26	final_prompt_token_minus_1	201	check	27461	0.16134679317474365	33	203
original_hum_s_to_ṡ	original_hum	s_to_ṡ	26	final_prompt_token_minus_1	201	check	7506	0.16106390953063965	34	203
original_hum_s_to_ṡ	original_hum	s_to_ṡ	26	final_prompt_token_minus_1	201	check	6593	0.15918859839439392	35	203
original_hum_s_to_ṡ	original_hum	s_to_ṡ	26	final_prompt_token_minus_1	201	check	6375	0.15427334606647491	36	203
original_hum_s_to_ṡ	original_hum	s_to_ṡ	26	final_prompt_token_minus_1	201	check	17869	0.15270298719406128	37	203
original_hum_s_to_ṡ	original_hum	s_to_ṡ	26	final_prompt_token_minus_1	201	check	22922	0.1490384340286255	38	203
original_hum_s_to_ṡ	original_hum	s_to_ṡ	26	final_prompt_token_minus_1	201	check	17	0.14807531237602234	39	203
original_hum_s_to_ṡ	original_hum	s_to_ṡ	26	final_prompt_token_minus_1	201	check	1659	0.14275367558002472	40	203
original_hum_s_to_ṡ	original_hum	s_to_ṡ	26	final_prompt_token_minus_1	201	check	31784	0.14126935601234436	41	203
original_hum_s_to_ṡ	original_hum	s_to_ṡ	26	final_prompt_token_minus_1	201	check	31632	0.13763031363487244	42	203
original_hum_s_to_ṡ	original_hum	s_to_ṡ	26	final_prompt_token_minus_1	201	check	17200	0.13739146292209625	43	203
original_hum_s_to_ṡ	original_hum	s_to_ṡ	26	final_prompt_token_minus_1	201	check	4844	0.13657201826572418	44	203
original_hum_s_to_ṡ	original_hum	s_to_ṡ	26	final_prompt_token_minus_1	201	check	31836	0.13654804229736328	45	203
original_hum_s_to_ṡ	original_hum	s_to_ṡ	26	final_prompt_token_minus_1	201	check	26945	0.13582341372966766	46	203
original_hum_s_to_ṡ	original_hum	s_to_ṡ	26	final_prompt_token_minus_1	201	check	10764	0.1349135786294937	47	203
original_hum_s_to_ṡ	original_hum	s_to_ṡ	26	final_prompt_token_minus_1	201	check	24636	0.13451483845710754	48	203
original_hum_s_to_ṡ	original_hum	s_to_ṡ	26	final_prompt_token_minus_1	201	check	20642	0.1277499794960022	49	203
original_hum_s_to_ṡ	original_hum	s_to_ṡ	26	final_prompt_token_minus_1	201	check	27263	0.12774455547332764	50	203
original_hum_s_to_ṡ	original_hum	s_to_ṡ	14	final_prompt_token_minus_1	201	check	2961	1.2623653411865234	1	203
original_hum_s_to_ṡ	original_hum	s_to_ṡ	14	final_prompt_token_minus_1	201	check	8033	1.2045212984085083	2	203
original_hum_s_to_ṡ	original_hum	s_to_ṡ	14	final_prompt_token_minus_1	201	check	30170	0.3644292652606964	3	203
original_hum_s_to_ṡ	original_hum	s_to_ṡ	14	final_prompt_token_minus_1	201	check	19133	0.27033722400665283	4	203
original_hum_s_to_ṡ	original_hum	s_to_ṡ	14	final_prompt_token_minus_1	201	check	21981	0.2526726722717285	5	203
original_hum_s_to_ṡ	original_hum	s_to_ṡ	14	final_prompt_token_minus_1	201	check	21447	0.24064362049102783	6	203
original_hum_s_to_ṡ	original_hum	s_to_ṡ	14	final_prompt_token_minus_1	201	check	6429	0.22627681493759155	7	203
original_hum_s_to_ṡ	original_hum	s_to_ṡ	14	final_prompt_token_minus_1	201	check	3289	0.2005687654018402	8	203
original_hum_s_to_ṡ	original_hum	s_to_ṡ	14	final_prompt_token_minus_1	201	check	7163	0.19420196115970612	9	203
original_hum_s_to_ṡ	original_hum	s_to_ṡ	14	final_prompt_token_minus_1	201	check	15396	0.14622420072555542	10	203
original_hum_s_to_ṡ	original_hum	s_to_ṡ	14	final_prompt_token_minus_1	201	check	13119	0.14132188260555267	11	203
original_hum_s_to_ṡ	original_hum	s_to_ṡ	14	final_prompt_token_minus_1	201	check	12000	0.13951174914836884	12	203
original_hum_s_to_ṡ	original_hum	s_to_ṡ	14	final_prompt_token_minus_1	201	check	11522	0.13205353915691376	13	203
original_hum_s_to_ṡ	original_hum	s_to_ṡ	14	final_prompt_token_minus_1	201	check	25151	0.1299765557050705	14	203
original_hum_s_to_ṡ	original_hum	s_to_ṡ	14	final_prompt_token_minus_1	201	check	4953	0.12844854593276978	15	203
original_hum_s_to_ṡ	original_hum	s_to_ṡ	14	final_prompt_token_minus_1	201	check	20998	0.12364102900028229	16	203
original_hum_s_to_ṡ	original_hum	s_to_ṡ	14	final_prompt_token_minus_1	201	check	21393	0.12243913859128952	17	203
original_hum_s_to_ṡ	original_hum	s_to_ṡ	14	final_prompt_token_minus_1	201	check	3557	0.1212906464934349	18	203
original_hum_s_to_ṡ	original_hum	s_to_ṡ	14	final_prompt_token_minus_1	201	check	4337	0.1081327423453331	19	203
original_hum_s_to_ṡ	original_hum	s_to_ṡ	14	final_prompt_token_minus_1	201	check	20681	0.10467340052127838	20	203
original_hum_s_to_ṡ	original_hum	s_to_ṡ	14	final_prompt_token_minus_1	201	check	23505	0.10260473191738129	21	203
original_hum_s_to_ṡ	original_hum	s_to_ṡ	14	final_prompt_token_minus_1	201	check	26050	0.09891271591186523	22	203
original_hum_s_to_ṡ	original_hum	s_to_ṡ	14	final_prompt_token_minus_1	201	check	6442	0.098110131919384	23	203
original_hum_s_to_ṡ	original_hum	s_to_ṡ	14	final_prompt_token_minus_1	201	check	18609	0.09401209652423859	24	203
original_hum_s_to_ṡ	original_hum	s_to_ṡ	14	final_prompt_token_minus_1	201	check	6025	0.09305670112371445	25	203
original_hum_s_to_ṡ	original_hum	s_to_ṡ	14	final_prompt_token_minus_1	201	check	13029	0.09269830584526062	26	203
original_hum_s_to_ṡ	original_hum	s_to_ṡ	14	final_prompt_token_minus_1	201	check	16077	0.092201367020607	27	203
original_hum_s_to_ṡ	original_hum	s_to_ṡ	14	final_prompt_token_minus_1	201	check	3170	0.09072783589363098	28	203
original_hum_s_to_ṡ	original_hum	s_to_ṡ	14	final_prompt_token_minus_1	201	check	20557	0.08787781000137329	29	203
original_hum_s_to_ṡ	original_hum	s_to_ṡ	14	final_prompt_token_minus_1	201	check	9986	0.0865962877869606	30	203
original_hum_s_to_ṡ	original_hum	s_to_ṡ	14	final_prompt_token_minus_1	201	check	20403	0.08573125302791595	31	203
original_hum_s_to_ṡ	original_hum	s_to_ṡ	14	final_prompt_token_minus_1	201	check	1013	0.08404805511236191	32	203
original_hum_s_to_ṡ	original_hum	s_to_ṡ	14	final_prompt_token_minus_1	201	check	13275	0.08396781980991364	33	203
original_hum_s_to_ṡ	original_hum	s_to_ṡ	14	final_prompt_token_minus_1	201	check	11864	0.08265691250562668	34	203
original_hum_s_to_ṡ	original_hum	s_to_ṡ	14	final_prompt_token_minus_1	201	check	1679	0.08264753222465515	35	203
original_hum_s_to_ṡ	original_hum	s_to_ṡ	14	final_prompt_token_minus_1	201	check	13277	0.08092088997364044	36	203
original_hum_s_to_ṡ	original_hum	s_to_ṡ	14	final_prompt_token_minus_1	201	check	11227	0.080703966319561	37	203
original_hum_s_to_ṡ	original_hum	s_to_ṡ	14	final_prompt_token_minus_1	201	check	4620	0.08001955598592758	38	203
original_hum_s_to_ṡ	original_hum	s_to_ṡ	14	final_prompt_token_minus_1	201	check	28880	0.07887246459722519	39	203
original_hum_s_to_ṡ	original_hum	s_to_ṡ	14	final_prompt_token_minus_1	201	check	30225	0.07803551852703094	40	203
original_hum_s_to_ṡ	original_hum	s_to_ṡ	14	final_prompt_token_minus_1	201	check	28492	0.07713835686445236	41	203
original_hum_s_to_ṡ	original_hum	s_to_ṡ	14	final_prompt_token_minus_1	201	check	4959	0.07606112957000732	42	203
original_hum_s_to_ṡ	original_hum	s_to_ṡ	14	final_prompt_token_minus_1	201	check	19493	0.0733654648065567	43	203
original_hum_s_to_ṡ	original_hum	s_to_ṡ	14	final_prompt_token_minus_1	201	check	7297	0.07190833240747452	44	203
original_hum_s_to_ṡ	original_hum	s_to_ṡ	14	final_prompt_token_minus_1	201	check	15605	0.07189203053712845	45	203
original_hum_s_to_ṡ	original_hum	s_to_ṡ	14	final_prompt_token_minus_1	201	check	11726	0.07074274122714996	46	203
original_hum_s_to_ṡ	original_hum	s_to_ṡ	14	final_prompt_token_minus_1	201	check	32638	0.07054080069065094	47	203
original_hum_s_to_ṡ	original_hum	s_to_ṡ	14	final_prompt_token_minus_1	201	check	2942	0.07020499557256699	48	203
original_hum_s_to_ṡ	original_hum	s_to_ṡ	14	final_prompt_token_minus_1	201	check	26615	0.07016335427761078	49	203
original_hum_s_to_ṡ	original_hum	s_to_ṡ	14	final_prompt_token_minus_1	201	check	14774	0.06981705129146576	50	203
original_hum_s_to_ṡ	original_hum	s_to_ṡ	26	final_prompt_token_minus_5	197	�	2938	2.6079673767089844	1	203
original_hum_s_to_ṡ	original_hum	s_to_ṡ	26	final_prompt_token_minus_5	197	�	16612	0.7546331286430359	2	203
original_hum_s_to_ṡ	original_hum	s_to_ṡ	26	final_prompt_token_minus_5	197	�	17023	0.7006158828735352	3	203
original_hum_s_to_ṡ	original_hum	s_to_ṡ	26	final_prompt_token_minus_5	197	�	2355	0.5884813070297241	4	203
original_hum_s_to_ṡ	original_hum	s_to_ṡ	26	final_prompt_token_minus_5	197	�	6572	0.5482285022735596	5	203
original_hum_s_to_ṡ	original_hum	s_to_ṡ	26	final_prompt_token_minus_5	197	�	11038	0.5388085842132568	6	203
original_hum_s_to_ṡ	original_hum	s_to_ṡ	26	final_prompt_token_minus_5	197	�	25141	0.4970870018005371	7	203
original_hum_s_to_ṡ	original_hum	s_to_ṡ	26	final_prompt_token_minus_5	197	�	29711	0.47578519582748413	8	203
original_hum_s_to_ṡ	original_hum	s_to_ṡ	26	final_prompt_token_minus_5	197	�	27446	0.4391055703163147	9	203
original_hum_s_to_ṡ	original_hum	s_to_ṡ	26	final_prompt_token_minus_5	197	�	22935	0.4163409471511841	10	203
original_hum_s_to_ṡ	original_hum	s_to_ṡ	26	final_prompt_token_minus_5	197	�	7164	0.4049285352230072	11	203
original_hum_s_to_ṡ	original_hum	s_to_ṡ	26	final_prompt_token_minus_5	197	�	16287	0.369733989238739	12	203
original_hum_s_to_ṡ	original_hum	s_to_ṡ	26	final_prompt_token_minus_5	197	�	6720	0.35485154390335083	13	203
original_hum_s_to_ṡ	original_hum	s_to_ṡ	26	final_prompt_token_minus_5	197	�	17586	0.34309273958206177	14	203
original_hum_s_to_ṡ	original_hum	s_to_ṡ	26	final_prompt_token_minus_5	197	�	25724	0.312887579202652	15	203
original_hum_s_to_ṡ	original_hum	s_to_ṡ	26	final_prompt_token_minus_5	197	�	15136	0.3093879222869873	16	203
original_hum_s_to_ṡ	original_hum	s_to_ṡ	26	final_prompt_token_minus_5	197	�	12068	0.3046424388885498	17	203
original_hum_s_to_ṡ	original_hum	s_to_ṡ	26	final_prompt_token_minus_5	197	�	16958	0.3004767894744873	18	203
original_hum_s_to_ṡ	original_hum	s_to_ṡ	26	final_prompt_token_minus_5	197	�	15882	0.2999771237373352	19	203
original_hum_s_to_ṡ	original_hum	s_to_ṡ	26	final_prompt_token_minus_5	197	�	16081	0.2915852665901184	20	203
original_hum_s_to_ṡ	original_hum	s_to_ṡ	26	final_prompt_token_minus_5	197	�	13564	0.2832763195037842	21	203
original_hum_s_to_ṡ	original_hum	s_to_ṡ	26	final_prompt_token_minus_5	197	�	1953	0.27417004108428955	22	203
original_hum_s_to_ṡ	original_hum	s_to_ṡ	26	final_prompt_token_minus_5	197	�	8437	0.249116912484169	23	203
original_hum_s_to_ṡ	original_hum	s_to_ṡ	26	final_prompt_token_minus_5	197	�	30733	0.24408069252967834	24	203
original_hum_s_to_ṡ	original_hum	s_to_ṡ	26	final_prompt_token_minus_5	197	�	30015	0.2438579499721527	25	203
original_hum_s_to_ṡ	original_hum	s_to_ṡ	26	final_prompt_token_minus_5	197	�	12013	0.24285340309143066	26	203
original_hum_s_to_ṡ	original_hum	s_to_ṡ	26	final_prompt_token_minus_5	197	�	19083	0.24147221446037292	27	203
original_hum_s_to_ṡ	original_hum	s_to_ṡ	26	final_prompt_token_minus_5	197	�	15971	0.2411794662475586	28	203
original_hum_s_to_ṡ	original_hum	s_to_ṡ	26	final_prompt_token_minus_5	197	�	11282	0.23970766365528107	29	203
original_hum_s_to_ṡ	original_hum	s_to_ṡ	26	final_prompt_token_minus_5	197	�	4456	0.22743092477321625	30	203
original_hum_s_to_ṡ	original_hum	s_to_ṡ	26	final_prompt_token_minus_5	197	�	23422	0.22710174322128296	31	203
original_hum_s_to_ṡ	original_hum	s_to_ṡ	26	final_prompt_token_minus_5	197	�	28943	0.21738654375076294	32	203
original_hum_s_to_ṡ	original_hum	s_to_ṡ	26	final_prompt_token_minus_5	197	�	28078	0.2160651981830597	33	203
original_hum_s_to_ṡ	original_hum	s_to_ṡ	26	final_prompt_token_minus_5	197	�	9446	0.20877063274383545	34	203
original_hum_s_to_ṡ	original_hum	s_to_ṡ	26	final_prompt_token_minus_5	197	�	22418	0.20863088965415955	35	203
original_hum_s_to_ṡ	original_hum	s_to_ṡ	26	final_prompt_token_minus_5	197	�	16624	0.20846205949783325	36	203
original_hum_s_to_ṡ	original_hum	s_to_ṡ	26	final_prompt_token_minus_5	197	�	22822	0.20804689824581146	37	203
original_hum_s_to_ṡ	original_hum	s_to_ṡ	26	final_prompt_token_minus_5	197	�	9834	0.20435023307800293	38	203
original_hum_s_to_ṡ	original_hum	s_to_ṡ	26	final_prompt_token_minus_5	197	�	21902	0.203074112534523	39	203
original_hum_s_to_ṡ	original_hum	s_to_ṡ	26	final_prompt_token_minus_5	197	�	26683	0.19013828039169312	40	203
original_hum_s_to_ṡ	original_hum	s_to_ṡ	26	final_prompt_token_minus_5	197	�	9655	0.18572649359703064	41	203
original_hum_s_to_ṡ	original_hum	s_to_ṡ	26	final_prompt_token_minus_5	197	�	22359	0.1823645830154419	42	203
original_hum_s_to_ṡ	original_hum	s_to_ṡ	26	final_prompt_token_minus_5	197	�	16582	0.1815221607685089	43	203
original_hum_s_to_ṡ	original_hum	s_to_ṡ	26	final_prompt_token_minus_5	197	�	2555	0.18075042963027954	44	203
original_hum_s_to_ṡ	original_hum	s_to_ṡ	26	final_prompt_token_minus_5	197	�	10610	0.17815831303596497	45	203
original_hum_s_to_ṡ	original_hum	s_to_ṡ	26	final_prompt_token_minus_5	197	�	19011	0.17741259932518005	46	203
original_hum_s_to_ṡ	original_hum	s_to_ṡ	26	final_prompt_token_minus_5	197	�	22510	0.1751481592655182	47	203
original_hum_s_to_ṡ	original_hum	s_to_ṡ	26	final_prompt_token_minus_5	197	�	27881	0.1740618646144867	48	203
original_hum_s_to_ṡ	original_hum	s_to_ṡ	26	final_prompt_token_minus_5	197	�	15696	0.17064806818962097	49	203
original_hum_s_to_ṡ	original_hum	s_to_ṡ	26	final_prompt_token_minus_5	197	�	17538	0.16700884699821472	50	203
original_hum_s_to_ṡ	original_hum	s_to_ṡ	14	final_prompt_token_minus_5	197	�	2961	1.2631289958953857	1	203
original_hum_s_to_ṡ	original_hum	s_to_ṡ	14	final_prompt_token_minus_5	197	�	16375	0.7482963800430298	2	203
original_hum_s_to_ṡ	original_hum	s_to_ṡ	14	final_prompt_token_minus_5	197	�	22078	0.5648417472839355	3	203
original_hum_s_to_ṡ	original_hum	s_to_ṡ	14	final_prompt_token_minus_5	197	�	13002	0.37891459465026855	4	203
original_hum_s_to_ṡ	original_hum	s_to_ṡ	14	final_prompt_token_minus_5	197	�	30275	0.3707997798919678	5	203
original_hum_s_to_ṡ	original_hum	s_to_ṡ	14	final_prompt_token_minus_5	197	�	6681	0.34149011969566345	6	203
original_hum_s_to_ṡ	original_hum	s_to_ṡ	14	final_prompt_token_minus_5	197	�	2072	0.33905836939811707	7	203
original_hum_s_to_ṡ	original_hum	s_to_ṡ	14	final_prompt_token_minus_5	197	�	3124	0.28700852394104004	8	203
original_hum_s_to_ṡ	original_hum	s_to_ṡ	14	final_prompt_token_minus_5	197	�	18401	0.27533990144729614	9	203
original_hum_s_to_ṡ	original_hum	s_to_ṡ	14	final_prompt_token_minus_5	197	�	9080	0.26159775257110596	10	203
original_hum_s_to_ṡ	original_hum	s_to_ṡ	14	final_prompt_token_minus_5	197	�	15254	0.2563942074775696	11	203
original_hum_s_to_ṡ	original_hum	s_to_ṡ	14	final_prompt_token_minus_5	197	�	32569	0.25422048568725586	12	203
original_hum_s_to_ṡ	original_hum	s_to_ṡ	14	final_prompt_token_minus_5	197	�	4742	0.24173161387443542	13	203
original_hum_s_to_ṡ	original_hum	s_to_ṡ	14	final_prompt_token_minus_5	197	�	28006	0.21640372276306152	14	203
original_hum_s_to_ṡ	original_hum	s_to_ṡ	14	final_prompt_token_minus_5	197	�	9439	0.21323588490486145	15	203
original_hum_s_to_ṡ	original_hum	s_to_ṡ	14	final_prompt_token_minus_5	197	�	22305	0.2091864049434662	16	203
original_hum_s_to_ṡ	original_hum	s_to_ṡ	14	final_prompt_token_minus_5	197	�	29041	0.20581325888633728	17	203
original_hum_s_to_ṡ	original_hum	s_to_ṡ	14	final_prompt_token_minus_5	197	�	11664	0.20111636817455292	18	203
original_hum_s_to_ṡ	original_hum	s_to_ṡ	14	final_prompt_token_minus_5	197	�	21762	0.19426709413528442	19	203
original_hum_s_to_ṡ	original_hum	s_to_ṡ	14	final_prompt_token_minus_5	197	�	14829	0.17298181354999542	20	203
original_hum_s_to_ṡ	original_hum	s_to_ṡ	14	final_prompt_token_minus_5	197	�	24448	0.1716315746307373	21	203
original_hum_s_to_ṡ	original_hum	s_to_ṡ	14	final_prompt_token_minus_5	197	�	24694	0.17029955983161926	22	203
original_hum_s_to_ṡ	original_hum	s_to_ṡ	14	final_prompt_token_minus_5	197	�	15588	0.1653810292482376	23	203
original_hum_s_to_ṡ	original_hum	s_to_ṡ	14	final_prompt_token_minus_5	197	�	10627	0.16396406292915344	24	203
original_hum_s_to_ṡ	original_hum	s_to_ṡ	14	final_prompt_token_minus_5	197	�	32562	0.16311562061309814	25	203
original_hum_s_to_ṡ	original_hum	s_to_ṡ	14	final_prompt_token_minus_5	197	�	26322	0.16073280572891235	26	203
original_hum_s_to_ṡ	original_hum	s_to_ṡ	14	final_prompt_token_minus_5	197	�	21281	0.16013342142105103	27	203
original_hum_s_to_ṡ	original_hum	s_to_ṡ	14	final_prompt_token_minus_5	197	�	32654	0.154385507106781	28	203
original_hum_s_to_ṡ	original_hum	s_to_ṡ	14	final_prompt_token_minus_5	197	�	21238	0.14981737732887268	29	203
original_hum_s_to_ṡ	original_hum	s_to_ṡ	14	final_prompt_token_minus_5	197	�	32183	0.1496017724275589	30	203
original_hum_s_to_ṡ	original_hum	s_to_ṡ	14	final_prompt_token_minus_5	197	�	11682	0.14713650941848755	31	203
original_hum_s_to_ṡ	original_hum	s_to_ṡ	14	final_prompt_token_minus_5	197	�	4170	0.1459159255027771	32	203
original_hum_s_to_ṡ	original_hum	s_to_ṡ	14	final_prompt_token_minus_5	197	�	2587	0.14431160688400269	33	203
original_hum_s_to_ṡ	original_hum	s_to_ṡ	14	final_prompt_token_minus_5	197	�	25790	0.14111514389514923	34	203
original_hum_s_to_ṡ	original_hum	s_to_ṡ	14	final_prompt_token_minus_5	197	�	20686	0.1395646184682846	35	203
original_hum_s_to_ṡ	original_hum	s_to_ṡ	14	final_prompt_token_minus_5	197	�	2992	0.13659486174583435	36	203
original_hum_s_to_ṡ	original_hum	s_to_ṡ	14	final_prompt_token_minus_5	197	�	22658	0.13642184436321259	37	203
original_hum_s_to_ṡ	original_hum	s_to_ṡ	14	final_prompt_token_minus_5	197	�	14318	0.1357034295797348	38	203
original_hum_s_to_ṡ	original_hum	s_to_ṡ	14	final_prompt_token_minus_5	197	�	16371	0.1354396939277649	39	203
original_hum_s_to_ṡ	original_hum	s_to_ṡ	14	final_prompt_token_minus_5	197	�	5861	0.1308690905570984	40	203
original_hum_s_to_ṡ	original_hum	s_to_ṡ	14	final_prompt_token_minus_5	197	�	27516	0.129973903298378	41	203
original_hum_s_to_ṡ	original_hum	s_to_ṡ	14	final_prompt_token_minus_5	197	�	15542	0.12990233302116394	42	203
original_hum_s_to_ṡ	original_hum	s_to_ṡ	14	final_prompt_token_minus_5	197	�	18999	0.1264200508594513	43	203
original_hum_s_to_ṡ	original_hum	s_to_ṡ	14	final_prompt_token_minus_5	197	�	29828	0.12444709986448288	44	203
original_hum_s_to_ṡ	original_hum	s_to_ṡ	14	final_prompt_token_minus_5	197	�	22725	0.12418525665998459	45	203
original_hum_s_to_ṡ	original_hum	s_to_ṡ	14	final_prompt_token_minus_5	197	�	28785	0.12231972068548203	46	203
original_hum_s_to_ṡ	original_hum	s_to_ṡ	14	final_prompt_token_minus_5	197	�	28904	0.12220114469528198	47	203
original_hum_s_to_ṡ	original_hum	s_to_ṡ	14	final_prompt_token_minus_5	197	�	229	0.12154335528612137	48	203
original_hum_s_to_ṡ	original_hum	s_to_ṡ	14	final_prompt_token_minus_5	197	�	18812	0.11705788969993591	49	203
original_hum_s_to_ṡ	original_hum	s_to_ṡ	14	final_prompt_token_minus_5	197	�	9276	0.11691957712173462	50	203
original_hum_s_to_ṡ	original_hum	s_to_ṡ	26	final_prompt_token_minus_10	192	�	2938	1.8693311214447021	1	203
original_hum_s_to_ṡ	original_hum	s_to_ṡ	26	final_prompt_token_minus_10	192	�	14082	0.5461683869361877	2	203
original_hum_s_to_ṡ	original_hum	s_to_ṡ	26	final_prompt_token_minus_10	192	�	16612	0.49428510665893555	3	203
original_hum_s_to_ṡ	original_hum	s_to_ṡ	26	final_prompt_token_minus_10	192	�	23177	0.43322622776031494	4	203
original_hum_s_to_ṡ	original_hum	s_to_ṡ	26	final_prompt_token_minus_10	192	�	271	0.3686489164829254	5	203
original_hum_s_to_ṡ	original_hum	s_to_ṡ	26	final_prompt_token_minus_10	192	�	27260	0.3595416247844696	6	203
original_hum_s_to_ṡ	original_hum	s_to_ṡ	26	final_prompt_token_minus_10	192	�	440	0.3491356074810028	7	203
original_hum_s_to_ṡ	original_hum	s_to_ṡ	26	final_prompt_token_minus_10	192	�	10636	0.2940778136253357	8	203
original_hum_s_to_ṡ	original_hum	s_to_ṡ	26	final_prompt_token_minus_10	192	�	7164	0.2934502065181732	9	203
original_hum_s_to_ṡ	original_hum	s_to_ṡ	26	final_prompt_token_minus_10	192	�	27389	0.2793952524662018	10	203
original_hum_s_to_ṡ	original_hum	s_to_ṡ	26	final_prompt_token_minus_10	192	�	13270	0.2742411494255066	11	203
original_hum_s_to_ṡ	original_hum	s_to_ṡ	26	final_prompt_token_minus_10	192	�	27446	0.24991413950920105	12	203
original_hum_s_to_ṡ	original_hum	s_to_ṡ	26	final_prompt_token_minus_10	192	�	4456	0.23326623439788818	13	203
original_hum_s_to_ṡ	original_hum	s_to_ṡ	26	final_prompt_token_minus_10	192	�	13747	0.23287814855575562	14	203
original_hum_s_to_ṡ	original_hum	s_to_ṡ	26	final_prompt_token_minus_10	192	�	27281	0.23221620917320251	15	203
original_hum_s_to_ṡ	original_hum	s_to_ṡ	26	final_prompt_token_minus_10	192	�	1953	0.19318728148937225	16	203
original_hum_s_to_ṡ	original_hum	s_to_ṡ	26	final_prompt_token_minus_10	192	�	13597	0.1894642412662506	17	203
original_hum_s_to_ṡ	original_hum	s_to_ṡ	26	final_prompt_token_minus_10	192	�	6572	0.18434277176856995	18	203
original_hum_s_to_ṡ	original_hum	s_to_ṡ	26	final_prompt_token_minus_10	192	�	8437	0.17849348485469818	19	203
original_hum_s_to_ṡ	original_hum	s_to_ṡ	26	final_prompt_token_minus_10	192	�	20753	0.1783345341682434	20	203
original_hum_s_to_ṡ	original_hum	s_to_ṡ	26	final_prompt_token_minus_10	192	�	30205	0.17647823691368103	21	203
original_hum_s_to_ṡ	original_hum	s_to_ṡ	26	final_prompt_token_minus_10	192	�	23882	0.17527151107788086	22	203
original_hum_s_to_ṡ	original_hum	s_to_ṡ	26	final_prompt_token_minus_10	192	�	2977	0.17374728620052338	23	203
original_hum_s_to_ṡ	original_hum	s_to_ṡ	26	final_prompt_token_minus_10	192	�	9446	0.1732456386089325	24	203
original_hum_s_to_ṡ	original_hum	s_to_ṡ	26	final_prompt_token_minus_10	192	�	9004	0.17047162353992462	25	203
original_hum_s_to_ṡ	original_hum	s_to_ṡ	26	final_prompt_token_minus_10	192	�	1612	0.16827139258384705	26	203
original_hum_s_to_ṡ	original_hum	s_to_ṡ	26	final_prompt_token_minus_10	192	�	8418	0.16798323392868042	27	203
original_hum_s_to_ṡ	original_hum	s_to_ṡ	26	final_prompt_token_minus_10	192	�	23324	0.16224844753742218	28	203
original_hum_s_to_ṡ	original_hum	s_to_ṡ	26	final_prompt_token_minus_10	192	�	14311	0.1611691415309906	29	203
original_hum_s_to_ṡ	original_hum	s_to_ṡ	26	final_prompt_token_minus_10	192	�	1733	0.1609877645969391	30	203
original_hum_s_to_ṡ	original_hum	s_to_ṡ	26	final_prompt_token_minus_10	192	�	3273	0.15922607481479645	31	203
original_hum_s_to_ṡ	original_hum	s_to_ṡ	26	final_prompt_token_minus_10	192	�	31938	0.1568571776151657	32	203
original_hum_s_to_ṡ	original_hum	s_to_ṡ	26	final_prompt_token_minus_10	192	�	8659	0.15532054007053375	33	203
original_hum_s_to_ṡ	original_hum	s_to_ṡ	26	final_prompt_token_minus_10	192	�	30989	0.14628732204437256	34	203
original_hum_s_to_ṡ	original_hum	s_to_ṡ	26	final_prompt_token_minus_10	192	�	18198	0.1459927260875702	35	203
original_hum_s_to_ṡ	original_hum	s_to_ṡ	26	final_prompt_token_minus_10	192	�	14409	0.14515957236289978	36	203
original_hum_s_to_ṡ	original_hum	s_to_ṡ	26	final_prompt_token_minus_10	192	�	3449	0.14341600239276886	37	203
original_hum_s_to_ṡ	original_hum	s_to_ṡ	26	final_prompt_token_minus_10	192	�	25077	0.14275813102722168	38	203
original_hum_s_to_ṡ	original_hum	s_to_ṡ	26	final_prompt_token_minus_10	192	�	1438	0.14232513308525085	39	203
original_hum_s_to_ṡ	original_hum	s_to_ṡ	26	final_prompt_token_minus_10	192	�	10265	0.1416122168302536	40	203
original_hum_s_to_ṡ	original_hum	s_to_ṡ	26	final_prompt_token_minus_10	192	�	19389	0.14064645767211914	41	203
original_hum_s_to_ṡ	original_hum	s_to_ṡ	26	final_prompt_token_minus_10	192	�	13866	0.13792569935321808	42	203
original_hum_s_to_ṡ	original_hum	s_to_ṡ	26	final_prompt_token_minus_10	192	�	7711	0.1375734657049179	43	203
original_hum_s_to_ṡ	original_hum	s_to_ṡ	26	final_prompt_token_minus_10	192	�	16125	0.1370633989572525	44	203
original_hum_s_to_ṡ	original_hum	s_to_ṡ	26	final_prompt_token_minus_10	192	�	22188	0.13683119416236877	45	203
original_hum_s_to_ṡ	original_hum	s_to_ṡ	26	final_prompt_token_minus_10	192	�	18847	0.13606317341327667	46	203
original_hum_s_to_ṡ	original_hum	s_to_ṡ	26	final_prompt_token_minus_10	192	�	22932	0.1353793442249298	47	203
original_hum_s_to_ṡ	original_hum	s_to_ṡ	26	final_prompt_token_minus_10	192	�	19243	0.13474386930465698	48	203
original_hum_s_to_ṡ	original_hum	s_to_ṡ	26	final_prompt_token_minus_10	192	�	4039	0.13263171911239624	49	203
original_hum_s_to_ṡ	original_hum	s_to_ṡ	26	final_prompt_token_minus_10	192	�	23673	0.1289498656988144	50	203
original_hum_s_to_ṡ	original_hum	s_to_ṡ	14	final_prompt_token_minus_10	192	�	2961	0.7632293701171875	1	203
original_hum_s_to_ṡ	original_hum	s_to_ṡ	14	final_prompt_token_minus_10	192	�	1127	0.33139485120773315	2	203
original_hum_s_to_ṡ	original_hum	s_to_ṡ	14	final_prompt_token_minus_10	192	�	32427	0.278708815574646	3	203
original_hum_s_to_ṡ	original_hum	s_to_ṡ	14	final_prompt_token_minus_10	192	�	22854	0.2644200921058655	4	203
original_hum_s_to_ṡ	original_hum	s_to_ṡ	14	final_prompt_token_minus_10	192	�	21685	0.2219085395336151	5	203
original_hum_s_to_ṡ	original_hum	s_to_ṡ	14	final_prompt_token_minus_10	192	�	4742	0.20075848698616028	6	203
original_hum_s_to_ṡ	original_hum	s_to_ṡ	14	final_prompt_token_minus_10	192	�	25587	0.2001785784959793	7	203
original_hum_s_to_ṡ	original_hum	s_to_ṡ	14	final_prompt_token_minus_10	192	�	4170	0.1942732334136963	8	203
original_hum_s_to_ṡ	original_hum	s_to_ṡ	14	final_prompt_token_minus_10	192	�	11991	0.18222421407699585	9	203
original_hum_s_to_ṡ	original_hum	s_to_ṡ	14	final_prompt_token_minus_10	192	�	16495	0.17769938707351685	10	203
original_hum_s_to_ṡ	original_hum	s_to_ṡ	14	final_prompt_token_minus_10	192	�	22087	0.1727171540260315	11	203
original_hum_s_to_ṡ	original_hum	s_to_ṡ	14	final_prompt_token_minus_10	192	�	12569	0.17103523015975952	12	203
original_hum_s_to_ṡ	original_hum	s_to_ṡ	14	final_prompt_token_minus_10	192	�	31733	0.15968723595142365	13	203
original_hum_s_to_ṡ	original_hum	s_to_ṡ	14	final_prompt_token_minus_10	192	�	6429	0.15966373682022095	14	203
original_hum_s_to_ṡ	original_hum	s_to_ṡ	14	final_prompt_token_minus_10	192	�	13571	0.15914945304393768	15	203
original_hum_s_to_ṡ	original_hum	s_to_ṡ	14	final_prompt_token_minus_10	192	�	2992	0.155045747756958	16	203
original_hum_s_to_ṡ	original_hum	s_to_ṡ	14	final_prompt_token_minus_10	192	�	19625	0.15356086194515228	17	203
original_hum_s_to_ṡ	original_hum	s_to_ṡ	14	final_prompt_token_minus_10	192	�	6681	0.14538028836250305	18	203
original_hum_s_to_ṡ	original_hum	s_to_ṡ	14	final_prompt_token_minus_10	192	�	4620	0.14465263485908508	19	203
original_hum_s_to_ṡ	original_hum	s_to_ṡ	14	final_prompt_token_minus_10	192	�	23065	0.14323565363883972	20	203
original_hum_s_to_ṡ	original_hum	s_to_ṡ	14	final_prompt_token_minus_10	192	�	20402	0.14155684411525726	21	203
original_hum_s_to_ṡ	original_hum	s_to_ṡ	14	final_prompt_token_minus_10	192	�	8756	0.1400226503610611	22	203
original_hum_s_to_ṡ	original_hum	s_to_ṡ	14	final_prompt_token_minus_10	192	�	7584	0.13737405836582184	23	203
original_hum_s_to_ṡ	original_hum	s_to_ṡ	14	final_prompt_token_minus_10	192	�	6622	0.13692191243171692	24	203
original_hum_s_to_ṡ	original_hum	s_to_ṡ	14	final_prompt_token_minus_10	192	�	9170	0.13360553979873657	25	203
original_hum_s_to_ṡ	original_hum	s_to_ṡ	14	final_prompt_token_minus_10	192	�	11627	0.13164421916007996	26	203
original_hum_s_to_ṡ	original_hum	s_to_ṡ	14	final_prompt_token_minus_10	192	�	12817	0.1281483769416809	27	203
original_hum_s_to_ṡ	original_hum	s_to_ṡ	14	final_prompt_token_minus_10	192	�	21039	0.127618670463562	28	203
original_hum_s_to_ṡ	original_hum	s_to_ṡ	14	final_prompt_token_minus_10	192	�	24049	0.11907419562339783	29	203
original_hum_s_to_ṡ	original_hum	s_to_ṡ	14	final_prompt_token_minus_10	192	�	23320	0.11058035492897034	30	203
original_hum_s_to_ṡ	original_hum	s_to_ṡ	14	final_prompt_token_minus_10	192	�	27392	0.11003308743238449	31	203
original_hum_s_to_ṡ	original_hum	s_to_ṡ	14	final_prompt_token_minus_10	192	�	11596	0.10582931339740753	32	203
original_hum_s_to_ṡ	original_hum	s_to_ṡ	14	final_prompt_token_minus_10	192	�	20394	0.1047024205327034	33	203
original_hum_s_to_ṡ	original_hum	s_to_ṡ	14	final_prompt_token_minus_10	192	�	25151	0.10376457870006561	34	203
original_hum_s_to_ṡ	original_hum	s_to_ṡ	14	final_prompt_token_minus_10	192	�	32054	0.10260568559169769	35	203
original_hum_s_to_ṡ	original_hum	s_to_ṡ	14	final_prompt_token_minus_10	192	�	26049	0.10117354989051819	36	203
original_hum_s_to_ṡ	original_hum	s_to_ṡ	14	final_prompt_token_minus_10	192	�	17310	0.10081768780946732	37	203
original_hum_s_to_ṡ	original_hum	s_to_ṡ	14	final_prompt_token_minus_10	192	�	16799	0.09946849197149277	38	203
original_hum_s_to_ṡ	original_hum	s_to_ṡ	14	final_prompt_token_minus_10	192	�	16239	0.09815187752246857	39	203
original_hum_s_to_ṡ	original_hum	s_to_ṡ	14	final_prompt_token_minus_10	192	�	13404	0.09758235514163971	40	203
original_hum_s_to_ṡ	original_hum	s_to_ṡ	14	final_prompt_token_minus_10	192	�	2124	0.0969841256737709	41	203
original_hum_s_to_ṡ	original_hum	s_to_ṡ	14	final_prompt_token_minus_10	192	�	24448	0.09610278904438019	42	203
original_hum_s_to_ṡ	original_hum	s_to_ṡ	14	final_prompt_token_minus_10	192	�	4301	0.09530094265937805	43	203
original_hum_s_to_ṡ	original_hum	s_to_ṡ	14	final_prompt_token_minus_10	192	�	20557	0.09525515139102936	44	203
original_hum_s_to_ṡ	original_hum	s_to_ṡ	14	final_prompt_token_minus_10	192	�	15555	0.09498831629753113	45	203
original_hum_s_to_ṡ	original_hum	s_to_ṡ	14	final_prompt_token_minus_10	192	�	30807	0.09447075426578522	46	203
original_hum_s_to_ṡ	original_hum	s_to_ṡ	14	final_prompt_token_minus_10	192	�	27709	0.0937938392162323	47	203
original_hum_s_to_ṡ	original_hum	s_to_ṡ	14	final_prompt_token_minus_10	192	�	26974	0.09269306063652039	48	203
original_hum_s_to_ṡ	original_hum	s_to_ṡ	14	final_prompt_token_minus_10	192	�	32183	0.09135592728853226	49	203
original_hum_s_to_ṡ	original_hum	s_to_ṡ	14	final_prompt_token_minus_10	192	�	27523	0.09110023081302643	50	203
original_hum_all_diacritics	original_hum	all_diacritics	26	final_prompt_token	349	.	2938	1.6772806644439697	1	350
original_hum_all_diacritics	original_hum	all_diacritics	26	final_prompt_token	349	.	18937	0.6526415348052979	2	350
original_hum_all_diacritics	original_hum	all_diacritics	26	final_prompt_token	349	.	28713	0.5622580647468567	3	350
original_hum_all_diacritics	original_hum	all_diacritics	26	final_prompt_token	349	.	26684	0.37388402223587036	4	350
original_hum_all_diacritics	original_hum	all_diacritics	26	final_prompt_token	349	.	799	0.36303597688674927	5	350
original_hum_all_diacritics	original_hum	all_diacritics	26	final_prompt_token	349	.	17394	0.35151946544647217	6	350
original_hum_all_diacritics	original_hum	all_diacritics	26	final_prompt_token	349	.	3241	0.34644120931625366	7	350
original_hum_all_diacritics	original_hum	all_diacritics	26	final_prompt_token	349	.	3271	0.3336975574493408	8	350
original_hum_all_diacritics	original_hum	all_diacritics	26	final_prompt_token	349	.	6194	0.3154187500476837	9	350
original_hum_all_diacritics	original_hum	all_diacritics	26	final_prompt_token	349	.	8882	0.28827542066574097	10	350
original_hum_all_diacritics	original_hum	all_diacritics	26	final_prompt_token	349	.	2848	0.2780117988586426	11	350
original_hum_all_diacritics	original_hum	all_diacritics	26	final_prompt_token	349	.	13935	0.2682179808616638	12	350
original_hum_all_diacritics	original_hum	all_diacritics	26	final_prompt_token	349	.	5417	0.26177921891212463	13	350
original_hum_all_diacritics	original_hum	all_diacritics	26	final_prompt_token	349	.	12034	0.26140451431274414	14	350
original_hum_all_diacritics	original_hum	all_diacritics	26	final_prompt_token	349	.	7982	0.25491705536842346	15	350
original_hum_all_diacritics	original_hum	all_diacritics	26	final_prompt_token	349	.	10146	0.25064679980278015	16	350
original_hum_all_diacritics	original_hum	all_diacritics	26	final_prompt_token	349	.	22503	0.24814236164093018	17	350
original_hum_all_diacritics	original_hum	all_diacritics	26	final_prompt_token	349	.	6021	0.2479875087738037	18	350
original_hum_all_diacritics	original_hum	all_diacritics	26	final_prompt_token	349	.	32698	0.2397632896900177	19	350
original_hum_all_diacritics	original_hum	all_diacritics	26	final_prompt_token	349	.	11256	0.23499274253845215	20	350
original_hum_all_diacritics	original_hum	all_diacritics	26	final_prompt_token	349	.	29524	0.2288835495710373	21	350
original_hum_all_diacritics	original_hum	all_diacritics	26	final_prompt_token	349	.	6193	0.22333446145057678	22	350
original_hum_all_diacritics	original_hum	all_diacritics	26	final_prompt_token	349	.	16439	0.22005268931388855	23	350
original_hum_all_diacritics	original_hum	all_diacritics	26	final_prompt_token	349	.	14955	0.21581125259399414	24	350
original_hum_all_diacritics	original_hum	all_diacritics	26	final_prompt_token	349	.	27872	0.21391846239566803	25	350
original_hum_all_diacritics	original_hum	all_diacritics	26	final_prompt_token	349	.	6429	0.21033117175102234	26	350
original_hum_all_diacritics	original_hum	all_diacritics	26	final_prompt_token	349	.	15160	0.20982733368873596	27	350
original_hum_all_diacritics	original_hum	all_diacritics	26	final_prompt_token	349	.	22429	0.20778079330921173	28	350
original_hum_all_diacritics	original_hum	all_diacritics	26	final_prompt_token	349	.	25001	0.2058495581150055	29	350
original_hum_all_diacritics	original_hum	all_diacritics	26	final_prompt_token	349	.	21763	0.20420332252979279	30	350
original_hum_all_diacritics	original_hum	all_diacritics	26	final_prompt_token	349	.	3920	0.19823876023292542	31	350
original_hum_all_diacritics	original_hum	all_diacritics	26	final_prompt_token	349	.	18009	0.19315817952156067	32	350
original_hum_all_diacritics	original_hum	all_diacritics	26	final_prompt_token	349	.	5257	0.1902497410774231	33	350
original_hum_all_diacritics	original_hum	all_diacritics	26	final_prompt_token	349	.	30453	0.18740350008010864	34	350
original_hum_all_diacritics	original_hum	all_diacritics	26	final_prompt_token	349	.	16475	0.18583954870700836	35	350
original_hum_all_diacritics	original_hum	all_diacritics	26	final_prompt_token	349	.	31836	0.18474476039409637	36	350
original_hum_all_diacritics	original_hum	all_diacritics	26	final_prompt_token	349	.	1626	0.1786130666732788	37	350
original_hum_all_diacritics	original_hum	all_diacritics	26	final_prompt_token	349	.	30183	0.17497679591178894	38	350
original_hum_all_diacritics	original_hum	all_diacritics	26	final_prompt_token	349	.	25377	0.1745292842388153	39	350
original_hum_all_diacritics	original_hum	all_diacritics	26	final_prompt_token	349	.	25575	0.1737256944179535	40	350
original_hum_all_diacritics	original_hum	all_diacritics	26	final_prompt_token	349	.	23977	0.17172518372535706	41	350
original_hum_all_diacritics	original_hum	all_diacritics	26	final_prompt_token	349	.	25325	0.16810911893844604	42	350
original_hum_all_diacritics	original_hum	all_diacritics	26	final_prompt_token	349	.	10963	0.16804681718349457	43	350
original_hum_all_diacritics	original_hum	all_diacritics	26	final_prompt_token	349	.	14614	0.1670549213886261	44	350
original_hum_all_diacritics	original_hum	all_diacritics	26	final_prompt_token	349	.	14727	0.16561438143253326	45	350
original_hum_all_diacritics	original_hum	all_diacritics	26	final_prompt_token	349	.	704	0.16521871089935303	46	350
original_hum_all_diacritics	original_hum	all_diacritics	26	final_prompt_token	349	.	29611	0.16446226835250854	47	350
original_hum_all_diacritics	original_hum	all_diacritics	26	final_prompt_token	349	.	8216	0.16128602623939514	48	350
original_hum_all_diacritics	original_hum	all_diacritics	26	final_prompt_token	349	.	18805	0.16109974682331085	49	350
original_hum_all_diacritics	original_hum	all_diacritics	26	final_prompt_token	349	.	16793	0.15845897793769836	50	350
original_hum_all_diacritics	original_hum	all_diacritics	14	final_prompt_token	349	.	2961	0.6291145086288452	1	350
original_hum_all_diacritics	original_hum	all_diacritics	14	final_prompt_token	349	.	3830	0.5800479054450989	2	350
original_hum_all_diacritics	original_hum	all_diacritics	14	final_prompt_token	349	.	7163	0.3927295207977295	3	350
original_hum_all_diacritics	original_hum	all_diacritics	14	final_prompt_token	349	.	30170	0.3039776384830475	4	350
original_hum_all_diacritics	original_hum	all_diacritics	14	final_prompt_token	349	.	8033	0.3033963739871979	5	350
original_hum_all_diacritics	original_hum	all_diacritics	14	final_prompt_token	349	.	10976	0.2903561592102051	6	350
original_hum_all_diacritics	original_hum	all_diacritics	14	final_prompt_token	349	.	6429	0.24001017212867737	7	350
original_hum_all_diacritics	original_hum	all_diacritics	14	final_prompt_token	349	.	3001	0.20850911736488342	8	350
original_hum_all_diacritics	original_hum	all_diacritics	14	final_prompt_token	349	.	20557	0.1970127522945404	9	350
original_hum_all_diacritics	original_hum	all_diacritics	14	final_prompt_token	349	.	14932	0.18099218606948853	10	350
original_hum_all_diacritics	original_hum	all_diacritics	14	final_prompt_token	349	.	2722	0.17656469345092773	11	350
original_hum_all_diacritics	original_hum	all_diacritics	14	final_prompt_token	349	.	14424	0.17496298253536224	12	350
original_hum_all_diacritics	original_hum	all_diacritics	14	final_prompt_token	349	.	24331	0.17134425044059753	13	350
original_hum_all_diacritics	original_hum	all_diacritics	14	final_prompt_token	349	.	1168	0.1704965978860855	14	350
original_hum_all_diacritics	original_hum	all_diacritics	14	final_prompt_token	349	.	31649	0.17015543580055237	15	350
original_hum_all_diacritics	original_hum	all_diacritics	14	final_prompt_token	349	.	20923	0.1697242707014084	16	350
original_hum_all_diacritics	original_hum	all_diacritics	14	final_prompt_token	349	.	3289	0.16522035002708435	17	350
original_hum_all_diacritics	original_hum	all_diacritics	14	final_prompt_token	349	.	31774	0.15962852537631989	18	350
original_hum_all_diacritics	original_hum	all_diacritics	14	final_prompt_token	349	.	14679	0.14987070858478546	19	350
original_hum_all_diacritics	original_hum	all_diacritics	14	final_prompt_token	349	.	17193	0.1447862982749939	20	350
original_hum_all_diacritics	original_hum	all_diacritics	14	final_prompt_token	349	.	28880	0.14146685600280762	21	350
original_hum_all_diacritics	original_hum	all_diacritics	14	final_prompt_token	349	.	30964	0.13568803668022156	22	350
original_hum_all_diacritics	original_hum	all_diacritics	14	final_prompt_token	349	.	4620	0.13533946871757507	23	350
original_hum_all_diacritics	original_hum	all_diacritics	14	final_prompt_token	349	.	992	0.13338619470596313	24	350
original_hum_all_diacritics	original_hum	all_diacritics	14	final_prompt_token	349	.	3557	0.13131897151470184	25	350
original_hum_all_diacritics	original_hum	all_diacritics	14	final_prompt_token	349	.	11864	0.13074719905853271	26	350
original_hum_all_diacritics	original_hum	all_diacritics	14	final_prompt_token	349	.	2176	0.12876948714256287	27	350
original_hum_all_diacritics	original_hum	all_diacritics	14	final_prompt_token	349	.	26701	0.12876397371292114	28	350
original_hum_all_diacritics	original_hum	all_diacritics	14	final_prompt_token	349	.	12257	0.12797591090202332	29	350
original_hum_all_diacritics	original_hum	all_diacritics	14	final_prompt_token	349	.	17359	0.1273687332868576	30	350
original_hum_all_diacritics	original_hum	all_diacritics	14	final_prompt_token	349	.	4880	0.12138612568378448	31	350
original_hum_all_diacritics	original_hum	all_diacritics	14	final_prompt_token	349	.	9030	0.11976289749145508	32	350
original_hum_all_diacritics	original_hum	all_diacritics	14	final_prompt_token	349	.	25411	0.11965878307819366	33	350
original_hum_all_diacritics	original_hum	all_diacritics	14	final_prompt_token	349	.	16382	0.11944793909788132	34	350
original_hum_all_diacritics	original_hum	all_diacritics	14	final_prompt_token	349	.	16459	0.11752170324325562	35	350
original_hum_all_diacritics	original_hum	all_diacritics	14	final_prompt_token	349	.	2665	0.11358471214771271	36	350
original_hum_all_diacritics	original_hum	all_diacritics	14	final_prompt_token	349	.	10845	0.11217854171991348	37	350
original_hum_all_diacritics	original_hum	all_diacritics	14	final_prompt_token	349	.	25704	0.11150169372558594	38	350
original_hum_all_diacritics	original_hum	all_diacritics	14	final_prompt_token	349	.	4729	0.10917699337005615	39	350
original_hum_all_diacritics	original_hum	all_diacritics	14	final_prompt_token	349	.	27969	0.10830732434988022	40	350
original_hum_all_diacritics	original_hum	all_diacritics	14	final_prompt_token	349	.	21303	0.10775308310985565	41	350
original_hum_all_diacritics	original_hum	all_diacritics	14	final_prompt_token	349	.	20636	0.10685839504003525	42	350
original_hum_all_diacritics	original_hum	all_diacritics	14	final_prompt_token	349	.	25151	0.10549144446849823	43	350
original_hum_all_diacritics	original_hum	all_diacritics	14	final_prompt_token	349	.	21265	0.1034560576081276	44	350
original_hum_all_diacritics	original_hum	all_diacritics	14	final_prompt_token	349	.	3784	0.10326638072729111	45	350
original_hum_all_diacritics	original_hum	all_diacritics	14	final_prompt_token	349	.	22687	0.09762634336948395	46	350
original_hum_all_diacritics	original_hum	all_diacritics	14	final_prompt_token	349	.	15605	0.09696938097476959	47	350
original_hum_all_diacritics	original_hum	all_diacritics	14	final_prompt_token	349	.	28175	0.09658608585596085	48	350
original_hum_all_diacritics	original_hum	all_diacritics	14	final_prompt_token	349	.	8556	0.09617651998996735	49	350
original_hum_all_diacritics	original_hum	all_diacritics	14	final_prompt_token	349	.	15006	0.09604351222515106	50	350
original_hum_all_diacritics	original_hum	all_diacritics	26	final_prompt_token_minus_1	348	ck	2938	2.028040885925293	1	350
original_hum_all_diacritics	original_hum	all_diacritics	26	final_prompt_token_minus_1	348	ck	799	1.5659172534942627	2	350
original_hum_all_diacritics	original_hum	all_diacritics	26	final_prompt_token_minus_1	348	ck	12034	0.5456775426864624	3	350
original_hum_all_diacritics	original_hum	all_diacritics	26	final_prompt_token_minus_1	348	ck	14836	0.4469677805900574	4	350
original_hum_all_diacritics	original_hum	all_diacritics	26	final_prompt_token_minus_1	348	ck	9241	0.38619160652160645	5	350
original_hum_all_diacritics	original_hum	all_diacritics	26	final_prompt_token_minus_1	348	ck	1953	0.37353038787841797	6	350
original_hum_all_diacritics	original_hum	all_diacritics	26	final_prompt_token_minus_1	348	ck	27342	0.34478697180747986	7	350
original_hum_all_diacritics	original_hum	all_diacritics	26	final_prompt_token_minus_1	348	ck	7164	0.3370995819568634	8	350
original_hum_all_diacritics	original_hum	all_diacritics	26	final_prompt_token_minus_1	348	ck	3920	0.3278270661830902	9	350
original_hum_all_diacritics	original_hum	all_diacritics	26	final_prompt_token_minus_1	348	ck	16475	0.3268354535102844	10	350
original_hum_all_diacritics	original_hum	all_diacritics	26	final_prompt_token_minus_1	348	ck	5257	0.32343000173568726	11	350
original_hum_all_diacritics	original_hum	all_diacritics	26	final_prompt_token_minus_1	348	ck	22129	0.3000410199165344	12	350
original_hum_all_diacritics	original_hum	all_diacritics	26	final_prompt_token_minus_1	348	ck	10146	0.2614750862121582	13	350
original_hum_all_diacritics	original_hum	all_diacritics	26	final_prompt_token_minus_1	348	ck	3805	0.26114463806152344	14	350
original_hum_all_diacritics	original_hum	all_diacritics	26	final_prompt_token_minus_1	348	ck	17164	0.2591980993747711	15	350
original_hum_all_diacritics	original_hum	all_diacritics	26	final_prompt_token_minus_1	348	ck	16706	0.25174248218536377	16	350
original_hum_all_diacritics	original_hum	all_diacritics	26	final_prompt_token_minus_1	348	ck	16439	0.25123360753059387	17	350
original_hum_all_diacritics	original_hum	all_diacritics	26	final_prompt_token_minus_1	348	ck	24636	0.24541756510734558	18	350
original_hum_all_diacritics	original_hum	all_diacritics	26	final_prompt_token_minus_1	348	ck	5995	0.23695148527622223	19	350
original_hum_all_diacritics	original_hum	all_diacritics	26	final_prompt_token_minus_1	348	ck	26684	0.2289048284292221	20	350
original_hum_all_diacritics	original_hum	all_diacritics	26	final_prompt_token_minus_1	348	ck	7982	0.2224859893321991	21	350
original_hum_all_diacritics	original_hum	all_diacritics	26	final_prompt_token_minus_1	348	ck	4710	0.2172529697418213	22	350
original_hum_all_diacritics	original_hum	all_diacritics	26	final_prompt_token_minus_1	348	ck	21478	0.21359145641326904	23	350
original_hum_all_diacritics	original_hum	all_diacritics	26	final_prompt_token_minus_1	348	ck	14870	0.21306635439395905	24	350
original_hum_all_diacritics	original_hum	all_diacritics	26	final_prompt_token_minus_1	348	ck	15160	0.204424649477005	25	350
original_hum_all_diacritics	original_hum	all_diacritics	26	final_prompt_token_minus_1	348	ck	22513	0.19002754986286163	26	350
original_hum_all_diacritics	original_hum	all_diacritics	26	final_prompt_token_minus_1	348	ck	19602	0.18588781356811523	27	350
original_hum_all_diacritics	original_hum	all_diacritics	26	final_prompt_token_minus_1	348	ck	10688	0.18471740186214447	28	350
original_hum_all_diacritics	original_hum	all_diacritics	26	final_prompt_token_minus_1	348	ck	13608	0.1814626008272171	29	350
original_hum_all_diacritics	original_hum	all_diacritics	26	final_prompt_token_minus_1	348	ck	22025	0.1807224154472351	30	350
original_hum_all_diacritics	original_hum	all_diacritics	26	final_prompt_token_minus_1	348	ck	19333	0.17987746000289917	31	350
original_hum_all_diacritics	original_hum	all_diacritics	26	final_prompt_token_minus_1	348	ck	29065	0.17948654294013977	32	350
original_hum_all_diacritics	original_hum	all_diacritics	26	final_prompt_token_minus_1	348	ck	25429	0.17691685259342194	33	350
original_hum_all_diacritics	original_hum	all_diacritics	26	final_prompt_token_minus_1	348	ck	11256	0.1740001142024994	34	350
original_hum_all_diacritics	original_hum	all_diacritics	26	final_prompt_token_minus_1	348	ck	3436	0.17190073430538177	35	350
original_hum_all_diacritics	original_hum	all_diacritics	26	final_prompt_token_minus_1	348	ck	13916	0.17161612212657928	36	350
original_hum_all_diacritics	original_hum	all_diacritics	26	final_prompt_token_minus_1	348	ck	20031	0.17105582356452942	37	350
original_hum_all_diacritics	original_hum	all_diacritics	26	final_prompt_token_minus_1	348	ck	23662	0.16895157098770142	38	350
original_hum_all_diacritics	original_hum	all_diacritics	26	final_prompt_token_minus_1	348	ck	18372	0.16825652122497559	39	350
original_hum_all_diacritics	original_hum	all_diacritics	26	final_prompt_token_minus_1	348	ck	23673	0.1671924740076065	40	350
original_hum_all_diacritics	original_hum	all_diacritics	26	final_prompt_token_minus_1	348	ck	24977	0.1617402881383896	41	350
original_hum_all_diacritics	original_hum	all_diacritics	26	final_prompt_token_minus_1	348	ck	8894	0.16010130941867828	42	350
original_hum_all_diacritics	original_hum	all_diacritics	26	final_prompt_token_minus_1	348	ck	13359	0.1580502986907959	43	350
original_hum_all_diacritics	original_hum	all_diacritics	26	final_prompt_token_minus_1	348	ck	10265	0.15792426466941833	44	350
original_hum_all_diacritics	original_hum	all_diacritics	26	final_prompt_token_minus_1	348	ck	21377	0.15612822771072388	45	350
original_hum_all_diacritics	original_hum	all_diacritics	26	final_prompt_token_minus_1	348	ck	23714	0.1560184359550476	46	350
original_hum_all_diacritics	original_hum	all_diacritics	26	final_prompt_token_minus_1	348	ck	5931	0.15598201751708984	47	350
original_hum_all_diacritics	original_hum	all_diacritics	26	final_prompt_token_minus_1	348	ck	27994	0.15460288524627686	48	350
original_hum_all_diacritics	original_hum	all_diacritics	26	final_prompt_token_minus_1	348	ck	20973	0.15368734300136566	49	350
original_hum_all_diacritics	original_hum	all_diacritics	26	final_prompt_token_minus_1	348	ck	14553	0.1533103734254837	50	350
original_hum_all_diacritics	original_hum	all_diacritics	14	final_prompt_token_minus_1	348	ck	2961	1.7363839149475098	1	350
original_hum_all_diacritics	original_hum	all_diacritics	14	final_prompt_token_minus_1	348	ck	8033	1.2116609811782837	2	350
original_hum_all_diacritics	original_hum	all_diacritics	14	final_prompt_token_minus_1	348	ck	30170	0.3905240297317505	3	350
original_hum_all_diacritics	original_hum	all_diacritics	14	final_prompt_token_minus_1	348	ck	15501	0.3603840172290802	4	350
original_hum_all_diacritics	original_hum	all_diacritics	14	final_prompt_token_minus_1	348	ck	4170	0.35821375250816345	5	350
original_hum_all_diacritics	original_hum	all_diacritics	14	final_prompt_token_minus_1	348	ck	13538	0.3189939856529236	6	350
original_hum_all_diacritics	original_hum	all_diacritics	14	final_prompt_token_minus_1	348	ck	19133	0.2873658537864685	7	350
original_hum_all_diacritics	original_hum	all_diacritics	14	final_prompt_token_minus_1	348	ck	32427	0.2834656238555908	8	350
original_hum_all_diacritics	original_hum	all_diacritics	14	final_prompt_token_minus_1	348	ck	6681	0.27371442317962646	9	350
original_hum_all_diacritics	original_hum	all_diacritics	14	final_prompt_token_minus_1	348	ck	6429	0.24662917852401733	10	350
original_hum_all_diacritics	original_hum	all_diacritics	14	final_prompt_token_minus_1	348	ck	1735	0.22587859630584717	11	350
original_hum_all_diacritics	original_hum	all_diacritics	14	final_prompt_token_minus_1	348	ck	6442	0.2252179980278015	12	350
original_hum_all_diacritics	original_hum	all_diacritics	14	final_prompt_token_minus_1	348	ck	7163	0.22291375696659088	13	350
original_hum_all_diacritics	original_hum	all_diacritics	14	final_prompt_token_minus_1	348	ck	32680	0.19723045825958252	14	350
original_hum_all_diacritics	original_hum	all_diacritics	14	final_prompt_token_minus_1	348	ck	3289	0.17882314324378967	15	350
original_hum_all_diacritics	original_hum	all_diacritics	14	final_prompt_token_minus_1	348	ck	11522	0.16740041971206665	16	350
original_hum_all_diacritics	original_hum	all_diacritics	14	final_prompt_token_minus_1	348	ck	2665	0.16554757952690125	17	350
original_hum_all_diacritics	original_hum	all_diacritics	14	final_prompt_token_minus_1	348	ck	20998	0.16146241128444672	18	350
original_hum_all_diacritics	original_hum	all_diacritics	14	final_prompt_token_minus_1	348	ck	20557	0.15946698188781738	19	350
original_hum_all_diacritics	original_hum	all_diacritics	14	final_prompt_token_minus_1	348	ck	17419	0.15835699439048767	20	350
original_hum_all_diacritics	original_hum	all_diacritics	14	final_prompt_token_minus_1	348	ck	21016	0.15109720826148987	21	350
original_hum_all_diacritics	original_hum	all_diacritics	14	final_prompt_token_minus_1	348	ck	28880	0.14554405212402344	22	350
original_hum_all_diacritics	original_hum	all_diacritics	14	final_prompt_token_minus_1	348	ck	26374	0.14372195303440094	23	350
original_hum_all_diacritics	original_hum	all_diacritics	14	final_prompt_token_minus_1	348	ck	3557	0.1432054191827774	24	350
original_hum_all_diacritics	original_hum	all_diacritics	14	final_prompt_token_minus_1	348	ck	3170	0.13452917337417603	25	350
original_hum_all_diacritics	original_hum	all_diacritics	14	final_prompt_token_minus_1	348	ck	13119	0.13449814915657043	26	350
original_hum_all_diacritics	original_hum	all_diacritics	14	final_prompt_token_minus_1	348	ck	25409	0.1335560828447342	27	350
original_hum_all_diacritics	original_hum	all_diacritics	14	final_prompt_token_minus_1	348	ck	21981	0.13352788984775543	28	350
original_hum_all_diacritics	original_hum	all_diacritics	14	final_prompt_token_minus_1	348	ck	7297	0.13094358146190643	29	350
original_hum_all_diacritics	original_hum	all_diacritics	14	final_prompt_token_minus_1	348	ck	21265	0.13081374764442444	30	350
original_hum_all_diacritics	original_hum	all_diacritics	14	final_prompt_token_minus_1	348	ck	12000	0.1292249858379364	31	350
original_hum_all_diacritics	original_hum	all_diacritics	14	final_prompt_token_minus_1	348	ck	28492	0.12538371980190277	32	350
original_hum_all_diacritics	original_hum	all_diacritics	14	final_prompt_token_minus_1	348	ck	17359	0.12002451717853546	33	350
original_hum_all_diacritics	original_hum	all_diacritics	14	final_prompt_token_minus_1	348	ck	4880	0.11251015961170197	34	350
original_hum_all_diacritics	original_hum	all_diacritics	14	final_prompt_token_minus_1	348	ck	14119	0.11228979378938675	35	350
original_hum_all_diacritics	original_hum	all_diacritics	14	final_prompt_token_minus_1	348	ck	27136	0.10689706355333328	36	350
original_hum_all_diacritics	original_hum	all_diacritics	14	final_prompt_token_minus_1	348	ck	20865	0.10240909457206726	37	350
original_hum_all_diacritics	original_hum	all_diacritics	14	final_prompt_token_minus_1	348	ck	1102	0.10088077932596207	38	350
original_hum_all_diacritics	original_hum	all_diacritics	14	final_prompt_token_minus_1	348	ck	7175	0.0987461656332016	39	350
original_hum_all_diacritics	original_hum	all_diacritics	14	final_prompt_token_minus_1	348	ck	3796	0.09648153185844421	40	350
original_hum_all_diacritics	original_hum	all_diacritics	14	final_prompt_token_minus_1	348	ck	30225	0.09286320954561234	41	350
original_hum_all_diacritics	original_hum	all_diacritics	14	final_prompt_token_minus_1	348	ck	2211	0.09043583273887634	42	350
original_hum_all_diacritics	original_hum	all_diacritics	14	final_prompt_token_minus_1	348	ck	32183	0.08996652811765671	43	350
original_hum_all_diacritics	original_hum	all_diacritics	14	final_prompt_token_minus_1	348	ck	28687	0.08926697820425034	44	350
original_hum_all_diacritics	original_hum	all_diacritics	14	final_prompt_token_minus_1	348	ck	13057	0.08870980888605118	45	350
original_hum_all_diacritics	original_hum	all_diacritics	14	final_prompt_token_minus_1	348	ck	11227	0.0878649652004242	46	350
original_hum_all_diacritics	original_hum	all_diacritics	14	final_prompt_token_minus_1	348	ck	23555	0.08757026493549347	47	350
original_hum_all_diacritics	original_hum	all_diacritics	14	final_prompt_token_minus_1	348	ck	11864	0.08752617985010147	48	350
original_hum_all_diacritics	original_hum	all_diacritics	14	final_prompt_token_minus_1	348	ck	16459	0.08685333281755447	49	350
original_hum_all_diacritics	original_hum	all_diacritics	14	final_prompt_token_minus_1	348	ck	12578	0.08593085408210754	50	350
original_hum_all_diacritics	original_hum	all_diacritics	26	final_prompt_token_minus_5	344	ş	2938	2.097797393798828	1	350
original_hum_all_diacritics	original_hum	all_diacritics	26	final_prompt_token_minus_5	344	ş	28392	0.8010821342468262	2	350
original_hum_all_diacritics	original_hum	all_diacritics	26	final_prompt_token_minus_5	344	ş	16081	0.5765544772148132	3	350
original_hum_all_diacritics	original_hum	all_diacritics	26	final_prompt_token_minus_5	344	ş	1953	0.515450656414032	4	350
original_hum_all_diacritics	original_hum	all_diacritics	26	final_prompt_token_minus_5	344	ş	17023	0.49219465255737305	5	350
original_hum_all_diacritics	original_hum	all_diacritics	26	final_prompt_token_minus_5	344	ş	24305	0.47537147998809814	6	350
original_hum_all_diacritics	original_hum	all_diacritics	26	final_prompt_token_minus_5	344	ş	25141	0.4588356018066406	7	350
original_hum_all_diacritics	original_hum	all_diacritics	26	final_prompt_token_minus_5	344	ş	27446	0.4092182517051697	8	350
original_hum_all_diacritics	original_hum	all_diacritics	26	final_prompt_token_minus_5	344	ş	16607	0.38775789737701416	9	350
original_hum_all_diacritics	original_hum	all_diacritics	26	final_prompt_token_minus_5	344	ş	31261	0.3871860206127167	10	350
original_hum_all_diacritics	original_hum	all_diacritics	26	final_prompt_token_minus_5	344	ş	4456	0.32155749201774597	11	350
original_hum_all_diacritics	original_hum	all_diacritics	26	final_prompt_token_minus_5	344	ş	11038	0.31420189142227173	12	350
original_hum_all_diacritics	original_hum	all_diacritics	26	final_prompt_token_minus_5	344	ş	29711	0.3079031705856323	13	350
original_hum_all_diacritics	original_hum	all_diacritics	26	final_prompt_token_minus_5	344	ş	1319	0.29609251022338867	14	350
original_hum_all_diacritics	original_hum	all_diacritics	26	final_prompt_token_minus_5	344	ş	21244	0.29194605350494385	15	350
original_hum_all_diacritics	original_hum	all_diacritics	26	final_prompt_token_minus_5	344	ş	30798	0.2614629864692688	16	350
original_hum_all_diacritics	original_hum	all_diacritics	26	final_prompt_token_minus_5	344	ş	12034	0.2544710636138916	17	350
original_hum_all_diacritics	original_hum	all_diacritics	26	final_prompt_token_minus_5	344	ş	22985	0.23761478066444397	18	350
original_hum_all_diacritics	original_hum	all_diacritics	26	final_prompt_token_minus_5	344	ş	24575	0.23746447265148163	19	350
original_hum_all_diacritics	original_hum	all_diacritics	26	final_prompt_token_minus_5	344	ş	22822	0.2306147813796997	20	350
original_hum_all_diacritics	original_hum	all_diacritics	26	final_prompt_token_minus_5	344	ş	5257	0.22942021489143372	21	350
original_hum_all_diacritics	original_hum	all_diacritics	26	final_prompt_token_minus_5	344	ş	17400	0.22916662693023682	22	350
original_hum_all_diacritics	original_hum	all_diacritics	26	final_prompt_token_minus_5	344	ş	26093	0.22702740132808685	23	350
original_hum_all_diacritics	original_hum	all_diacritics	26	final_prompt_token_minus_5	344	ş	21494	0.22371354699134827	24	350
original_hum_all_diacritics	original_hum	all_diacritics	26	final_prompt_token_minus_5	344	ş	26273	0.21683695912361145	25	350
original_hum_all_diacritics	original_hum	all_diacritics	26	final_prompt_token_minus_5	344	ş	11445	0.21349558234214783	26	350
original_hum_all_diacritics	original_hum	all_diacritics	26	final_prompt_token_minus_5	344	ş	20909	0.21113526821136475	27	350
original_hum_all_diacritics	original_hum	all_diacritics	26	final_prompt_token_minus_5	344	ş	28647	0.20948439836502075	28	350
original_hum_all_diacritics	original_hum	all_diacritics	26	final_prompt_token_minus_5	344	ş	12068	0.2082647979259491	29	350
original_hum_all_diacritics	original_hum	all_diacritics	26	final_prompt_token_minus_5	344	ş	9122	0.2049173265695572	30	350
original_hum_all_diacritics	original_hum	all_diacritics	26	final_prompt_token_minus_5	344	ş	28078	0.20113103091716766	31	350
original_hum_all_diacritics	original_hum	all_diacritics	26	final_prompt_token_minus_5	344	ş	21517	0.20091907680034637	32	350
original_hum_all_diacritics	original_hum	all_diacritics	26	final_prompt_token_minus_5	344	ş	11066	0.1873205155134201	33	350
original_hum_all_diacritics	original_hum	all_diacritics	26	final_prompt_token_minus_5	344	ş	9243	0.18482665717601776	34	350
original_hum_all_diacritics	original_hum	all_diacritics	26	final_prompt_token_minus_5	344	ş	24825	0.1803504079580307	35	350
original_hum_all_diacritics	original_hum	all_diacritics	26	final_prompt_token_minus_5	344	ş	27097	0.17717085778713226	36	350
original_hum_all_diacritics	original_hum	all_diacritics	26	final_prompt_token_minus_5	344	ş	28398	0.17477409541606903	37	350
original_hum_all_diacritics	original_hum	all_diacritics	26	final_prompt_token_minus_5	344	ş	730	0.1712045967578888	38	350
original_hum_all_diacritics	original_hum	all_diacritics	26	final_prompt_token_minus_5	344	ş	11889	0.16646774113178253	39	350
original_hum_all_diacritics	original_hum	all_diacritics	26	final_prompt_token_minus_5	344	ş	20825	0.1611366868019104	40	350
original_hum_all_diacritics	original_hum	all_diacritics	26	final_prompt_token_minus_5	344	ş	15517	0.16063077747821808	41	350
original_hum_all_diacritics	original_hum	all_diacritics	26	final_prompt_token_minus_5	344	ş	14083	0.1595313847064972	42	350
original_hum_all_diacritics	original_hum	all_diacritics	26	final_prompt_token_minus_5	344	ş	1740	0.15865519642829895	43	350
original_hum_all_diacritics	original_hum	all_diacritics	26	final_prompt_token_minus_5	344	ş	25610	0.15741972625255585	44	350
original_hum_all_diacritics	original_hum	all_diacritics	26	final_prompt_token_minus_5	344	ş	10648	0.15526185929775238	45	350
original_hum_all_diacritics	original_hum	all_diacritics	26	final_prompt_token_minus_5	344	ş	27295	0.154296875	46	350
original_hum_all_diacritics	original_hum	all_diacritics	26	final_prompt_token_minus_5	344	ş	18870	0.15423128008842468	47	350
original_hum_all_diacritics	original_hum	all_diacritics	26	final_prompt_token_minus_5	344	ş	6429	0.15303638577461243	48	350
original_hum_all_diacritics	original_hum	all_diacritics	26	final_prompt_token_minus_5	344	ş	9953	0.1517089307308197	49	350
original_hum_all_diacritics	original_hum	all_diacritics	26	final_prompt_token_minus_5	344	ş	29937	0.150859534740448	50	350
original_hum_all_diacritics	original_hum	all_diacritics	14	final_prompt_token_minus_5	344	ş	2961	1.1762175559997559	1	350
original_hum_all_diacritics	original_hum	all_diacritics	14	final_prompt_token_minus_5	344	ş	27817	0.6386715769767761	2	350
original_hum_all_diacritics	original_hum	all_diacritics	14	final_prompt_token_minus_5	344	ş	6681	0.49462175369262695	3	350
original_hum_all_diacritics	original_hum	all_diacritics	14	final_prompt_token_minus_5	344	ş	29041	0.48984232544898987	4	350
original_hum_all_diacritics	original_hum	all_diacritics	14	final_prompt_token_minus_5	344	ş	30275	0.39436423778533936	5	350
original_hum_all_diacritics	original_hum	all_diacritics	14	final_prompt_token_minus_5	344	ş	31192	0.38266420364379883	6	350
original_hum_all_diacritics	original_hum	all_diacritics	14	final_prompt_token_minus_5	344	ş	9122	0.3245825171470642	7	350
original_hum_all_diacritics	original_hum	all_diacritics	14	final_prompt_token_minus_5	344	ş	22078	0.315595805644989	8	350
original_hum_all_diacritics	original_hum	all_diacritics	14	final_prompt_token_minus_5	344	ş	32562	0.3128823935985565	9	350
original_hum_all_diacritics	original_hum	all_diacritics	14	final_prompt_token_minus_5	344	ş	13305	0.3029370903968811	10	350
original_hum_all_diacritics	original_hum	all_diacritics	14	final_prompt_token_minus_5	344	ş	24694	0.27238935232162476	11	350
original_hum_all_diacritics	original_hum	all_diacritics	14	final_prompt_token_minus_5	344	ş	32183	0.2645243704319	12	350
original_hum_all_diacritics	original_hum	all_diacritics	14	final_prompt_token_minus_5	344	ş	4960	0.2504136562347412	13	350
original_hum_all_diacritics	original_hum	all_diacritics	14	final_prompt_token_minus_5	344	ş	14083	0.2434106171131134	14	350
original_hum_all_diacritics	original_hum	all_diacritics	14	final_prompt_token_minus_5	344	ş	28492	0.24261948466300964	15	350
original_hum_all_diacritics	original_hum	all_diacritics	14	final_prompt_token_minus_5	344	ş	18503	0.23210901021957397	16	350
original_hum_all_diacritics	original_hum	all_diacritics	14	final_prompt_token_minus_5	344	ş	16371	0.23058900237083435	17	350
original_hum_all_diacritics	original_hum	all_diacritics	14	final_prompt_token_minus_5	344	ş	4811	0.22927086055278778	18	350
original_hum_all_diacritics	original_hum	all_diacritics	14	final_prompt_token_minus_5	344	ş	30170	0.22050143778324127	19	350
original_hum_all_diacritics	original_hum	all_diacritics	14	final_prompt_token_minus_5	344	ş	13737	0.2152780294418335	20	350
original_hum_all_diacritics	original_hum	all_diacritics	14	final_prompt_token_minus_5	344	ş	18581	0.21326172351837158	21	350
original_hum_all_diacritics	original_hum	all_diacritics	14	final_prompt_token_minus_5	344	ş	764	0.21210604906082153	22	350
original_hum_all_diacritics	original_hum	all_diacritics	14	final_prompt_token_minus_5	344	ş	6429	0.20562869310379028	23	350
original_hum_all_diacritics	original_hum	all_diacritics	14	final_prompt_token_minus_5	344	ş	9106	0.2008180171251297	24	350
original_hum_all_diacritics	original_hum	all_diacritics	14	final_prompt_token_minus_5	344	ş	18401	0.20045053958892822	25	350
original_hum_all_diacritics	original_hum	all_diacritics	14	final_prompt_token_minus_5	344	ş	8547	0.19734065234661102	26	350
original_hum_all_diacritics	original_hum	all_diacritics	14	final_prompt_token_minus_5	344	ş	19712	0.19570083916187286	27	350
original_hum_all_diacritics	original_hum	all_diacritics	14	final_prompt_token_minus_5	344	ş	30715	0.18806305527687073	28	350
original_hum_all_diacritics	original_hum	all_diacritics	14	final_prompt_token_minus_5	344	ş	26935	0.18621289730072021	29	350
original_hum_all_diacritics	original_hum	all_diacritics	14	final_prompt_token_minus_5	344	ş	20865	0.18024705350399017	30	350
original_hum_all_diacritics	original_hum	all_diacritics	14	final_prompt_token_minus_5	344	ş	2072	0.17931213974952698	31	350
original_hum_all_diacritics	original_hum	all_diacritics	14	final_prompt_token_minus_5	344	ş	21981	0.17914339900016785	32	350
original_hum_all_diacritics	original_hum	all_diacritics	14	final_prompt_token_minus_5	344	ş	3867	0.17554573714733124	33	350
original_hum_all_diacritics	original_hum	all_diacritics	14	final_prompt_token_minus_5	344	ş	20557	0.17096781730651855	34	350
original_hum_all_diacritics	original_hum	all_diacritics	14	final_prompt_token_minus_5	344	ş	15387	0.16969016194343567	35	350
original_hum_all_diacritics	original_hum	all_diacritics	14	final_prompt_token_minus_5	344	ş	17359	0.16866731643676758	36	350
original_hum_all_diacritics	original_hum	all_diacritics	14	final_prompt_token_minus_5	344	ş	32654	0.16844162344932556	37	350
original_hum_all_diacritics	original_hum	all_diacritics	14	final_prompt_token_minus_5	344	ş	5941	0.1681353747844696	38	350
original_hum_all_diacritics	original_hum	all_diacritics	14	final_prompt_token_minus_5	344	ş	5404	0.16201968491077423	39	350
original_hum_all_diacritics	original_hum	all_diacritics	14	final_prompt_token_minus_5	344	ş	23171	0.1602049320936203	40	350
original_hum_all_diacritics	original_hum	all_diacritics	14	final_prompt_token_minus_5	344	ş	29481	0.15844237804412842	41	350
original_hum_all_diacritics	original_hum	all_diacritics	14	final_prompt_token_minus_5	344	ş	198	0.1583849936723709	42	350
original_hum_all_diacritics	original_hum	all_diacritics	14	final_prompt_token_minus_5	344	ş	3170	0.15419921278953552	43	350
original_hum_all_diacritics	original_hum	all_diacritics	14	final_prompt_token_minus_5	344	ş	7051	0.14722681045532227	44	350
original_hum_all_diacritics	original_hum	all_diacritics	14	final_prompt_token_minus_5	344	ş	9080	0.14297176897525787	45	350
original_hum_all_diacritics	original_hum	all_diacritics	14	final_prompt_token_minus_5	344	ş	6526	0.14244598150253296	46	350
original_hum_all_diacritics	original_hum	all_diacritics	14	final_prompt_token_minus_5	344	ş	29828	0.13968735933303833	47	350
original_hum_all_diacritics	original_hum	all_diacritics	14	final_prompt_token_minus_5	344	ş	16125	0.13915672898292542	48	350
original_hum_all_diacritics	original_hum	all_diacritics	14	final_prompt_token_minus_5	344	ş	13092	0.13715174794197083	49	350
original_hum_all_diacritics	original_hum	all_diacritics	14	final_prompt_token_minus_5	344	ş	229	0.137012779712677	50	350
original_hum_all_diacritics	original_hum	all_diacritics	26	final_prompt_token_minus_10	339	�	2938	2.602651596069336	1	350
original_hum_all_diacritics	original_hum	all_diacritics	26	final_prompt_token_minus_10	339	�	16612	0.6909125447273254	2	350
original_hum_all_diacritics	original_hum	all_diacritics	26	final_prompt_token_minus_10	339	�	28398	0.5940524339675903	3	350
original_hum_all_diacritics	original_hum	all_diacritics	26	final_prompt_token_minus_10	339	�	1953	0.5704473257064819	4	350
original_hum_all_diacritics	original_hum	all_diacritics	26	final_prompt_token_minus_10	339	�	5141	0.5228237509727478	5	350
original_hum_all_diacritics	original_hum	all_diacritics	26	final_prompt_token_minus_10	339	�	17023	0.5158588290214539	6	350
original_hum_all_diacritics	original_hum	all_diacritics	26	final_prompt_token_minus_10	339	�	1929	0.5048046112060547	7	350
original_hum_all_diacritics	original_hum	all_diacritics	26	final_prompt_token_minus_10	339	�	31261	0.47339195013046265	8	350
original_hum_all_diacritics	original_hum	all_diacritics	26	final_prompt_token_minus_10	339	�	26273	0.466378778219223	9	350
original_hum_all_diacritics	original_hum	all_diacritics	26	final_prompt_token_minus_10	339	�	26653	0.44703978300094604	10	350
original_hum_all_diacritics	original_hum	all_diacritics	26	final_prompt_token_minus_10	339	�	7094	0.37929514050483704	11	350
original_hum_all_diacritics	original_hum	all_diacritics	26	final_prompt_token_minus_10	339	�	25141	0.36928504705429077	12	350
original_hum_all_diacritics	original_hum	all_diacritics	26	final_prompt_token_minus_10	339	�	29711	0.36033520102500916	13	350
original_hum_all_diacritics	original_hum	all_diacritics	26	final_prompt_token_minus_10	339	�	20676	0.3447621464729309	14	350
original_hum_all_diacritics	original_hum	all_diacritics	26	final_prompt_token_minus_10	339	�	17812	0.3399258255958557	15	350
original_hum_all_diacritics	original_hum	all_diacritics	26	final_prompt_token_minus_10	339	�	10636	0.3173394799232483	16	350
original_hum_all_diacritics	original_hum	all_diacritics	26	final_prompt_token_minus_10	339	�	30592	0.3067014515399933	17	350
original_hum_all_diacritics	original_hum	all_diacritics	26	final_prompt_token_minus_10	339	�	2074	0.30497950315475464	18	350
original_hum_all_diacritics	original_hum	all_diacritics	26	final_prompt_token_minus_10	339	�	27446	0.29801273345947266	19	350
original_hum_all_diacritics	original_hum	all_diacritics	26	final_prompt_token_minus_10	339	�	12013	0.28634312748908997	20	350
original_hum_all_diacritics	original_hum	all_diacritics	26	final_prompt_token_minus_10	339	�	24825	0.277803510427475	21	350
original_hum_all_diacritics	original_hum	all_diacritics	26	final_prompt_token_minus_10	339	�	11038	0.2612057030200958	22	350
original_hum_all_diacritics	original_hum	all_diacritics	26	final_prompt_token_minus_10	339	�	28390	0.26059120893478394	23	350
original_hum_all_diacritics	original_hum	all_diacritics	26	final_prompt_token_minus_10	339	�	12400	0.25380027294158936	24	350
original_hum_all_diacritics	original_hum	all_diacritics	26	final_prompt_token_minus_10	339	�	22288	0.24431473016738892	25	350
original_hum_all_diacritics	original_hum	all_diacritics	26	final_prompt_token_minus_10	339	�	18765	0.23878921568393707	26	350
original_hum_all_diacritics	original_hum	all_diacritics	26	final_prompt_token_minus_10	339	�	8619	0.23824548721313477	27	350
original_hum_all_diacritics	original_hum	all_diacritics	26	final_prompt_token_minus_10	339	�	22188	0.23807446658611298	28	350
original_hum_all_diacritics	original_hum	all_diacritics	26	final_prompt_token_minus_10	339	�	18283	0.22848539054393768	29	350
original_hum_all_diacritics	original_hum	all_diacritics	26	final_prompt_token_minus_10	339	�	6420	0.22511795163154602	30	350
original_hum_all_diacritics	original_hum	all_diacritics	26	final_prompt_token_minus_10	339	�	19005	0.22457963228225708	31	350
original_hum_all_diacritics	original_hum	all_diacritics	26	final_prompt_token_minus_10	339	�	16133	0.22393310070037842	32	350
original_hum_all_diacritics	original_hum	all_diacritics	26	final_prompt_token_minus_10	339	�	4519	0.21965786814689636	33	350
original_hum_all_diacritics	original_hum	all_diacritics	26	final_prompt_token_minus_10	339	�	24524	0.21070660650730133	34	350
original_hum_all_diacritics	original_hum	all_diacritics	26	final_prompt_token_minus_10	339	�	22523	0.207935631275177	35	350
original_hum_all_diacritics	original_hum	all_diacritics	26	final_prompt_token_minus_10	339	�	4456	0.20714476704597473	36	350
original_hum_all_diacritics	original_hum	all_diacritics	26	final_prompt_token_minus_10	339	�	15400	0.20644456148147583	37	350
original_hum_all_diacritics	original_hum	all_diacritics	26	final_prompt_token_minus_10	339	�	25762	0.20486938953399658	38	350
original_hum_all_diacritics	original_hum	all_diacritics	26	final_prompt_token_minus_10	339	�	6357	0.20298820734024048	39	350
original_hum_all_diacritics	original_hum	all_diacritics	26	final_prompt_token_minus_10	339	�	4598	0.19780004024505615	40	350
original_hum_all_diacritics	original_hum	all_diacritics	26	final_prompt_token_minus_10	339	�	9441	0.19342796504497528	41	350
original_hum_all_diacritics	original_hum	all_diacritics	26	final_prompt_token_minus_10	339	�	3214	0.1925961971282959	42	350
original_hum_all_diacritics	original_hum	all_diacritics	26	final_prompt_token_minus_10	339	�	19983	0.19213613867759705	43	350
original_hum_all_diacritics	original_hum	all_diacritics	26	final_prompt_token_minus_10	339	�	28566	0.19105109572410583	44	350
original_hum_all_diacritics	original_hum	all_diacritics	26	final_prompt_token_minus_10	339	�	22970	0.18687596917152405	45	350
original_hum_all_diacritics	original_hum	all_diacritics	26	final_prompt_token_minus_10	339	�	18901	0.18467147648334503	46	350
original_hum_all_diacritics	original_hum	all_diacritics	26	final_prompt_token_minus_10	339	�	12068	0.18431156873703003	47	350
original_hum_all_diacritics	original_hum	all_diacritics	26	final_prompt_token_minus_10	339	�	14082	0.18353261053562164	48	350
original_hum_all_diacritics	original_hum	all_diacritics	26	final_prompt_token_minus_10	339	�	18832	0.18351107835769653	49	350
original_hum_all_diacritics	original_hum	all_diacritics	26	final_prompt_token_minus_10	339	�	14949	0.1828615367412567	50	350
original_hum_all_diacritics	original_hum	all_diacritics	14	final_prompt_token_minus_10	339	�	2961	1.1367123126983643	1	350
original_hum_all_diacritics	original_hum	all_diacritics	14	final_prompt_token_minus_10	339	�	4742	0.7238025665283203	2	350
original_hum_all_diacritics	original_hum	all_diacritics	14	final_prompt_token_minus_10	339	�	22523	0.5716304779052734	3	350
original_hum_all_diacritics	original_hum	all_diacritics	14	final_prompt_token_minus_10	339	�	6681	0.44690877199172974	4	350
original_hum_all_diacritics	original_hum	all_diacritics	14	final_prompt_token_minus_10	339	�	22854	0.4080917239189148	5	350
original_hum_all_diacritics	original_hum	all_diacritics	14	final_prompt_token_minus_10	339	�	13737	0.40337908267974854	6	350
original_hum_all_diacritics	original_hum	all_diacritics	14	final_prompt_token_minus_10	339	�	27029	0.3410372734069824	7	350
original_hum_all_diacritics	original_hum	all_diacritics	14	final_prompt_token_minus_10	339	�	22078	0.3394519090652466	8	350
original_hum_all_diacritics	original_hum	all_diacritics	14	final_prompt_token_minus_10	339	�	24694	0.3392159342765808	9	350
original_hum_all_diacritics	original_hum	all_diacritics	14	final_prompt_token_minus_10	339	�	29081	0.31308239698410034	10	350
original_hum_all_diacritics	original_hum	all_diacritics	14	final_prompt_token_minus_10	339	�	26685	0.30261462926864624	11	350
original_hum_all_diacritics	original_hum	all_diacritics	14	final_prompt_token_minus_10	339	�	28624	0.28376656770706177	12	350
original_hum_all_diacritics	original_hum	all_diacritics	14	final_prompt_token_minus_10	339	�	9080	0.2772524356842041	13	350
original_hum_all_diacritics	original_hum	all_diacritics	14	final_prompt_token_minus_10	339	�	4372	0.2669849097728729	14	350
original_hum_all_diacritics	original_hum	all_diacritics	14	final_prompt_token_minus_10	339	�	18401	0.2546648383140564	15	350
original_hum_all_diacritics	original_hum	all_diacritics	14	final_prompt_token_minus_10	339	�	13488	0.25398531556129456	16	350
original_hum_all_diacritics	original_hum	all_diacritics	14	final_prompt_token_minus_10	339	�	5141	0.24869035184383392	17	350
original_hum_all_diacritics	original_hum	all_diacritics	14	final_prompt_token_minus_10	339	�	15254	0.24510720372200012	18	350
original_hum_all_diacritics	original_hum	all_diacritics	14	final_prompt_token_minus_10	339	�	19991	0.24117839336395264	19	350
original_hum_all_diacritics	original_hum	all_diacritics	14	final_prompt_token_minus_10	339	�	21764	0.24094340205192566	20	350
original_hum_all_diacritics	original_hum	all_diacritics	14	final_prompt_token_minus_10	339	�	31954	0.24013930559158325	21	350
original_hum_all_diacritics	original_hum	all_diacritics	14	final_prompt_token_minus_10	339	�	16748	0.23888468742370605	22	350
original_hum_all_diacritics	original_hum	all_diacritics	14	final_prompt_token_minus_10	339	�	20531	0.23162376880645752	23	350
original_hum_all_diacritics	original_hum	all_diacritics	14	final_prompt_token_minus_10	339	�	32183	0.23009096086025238	24	350
original_hum_all_diacritics	original_hum	all_diacritics	14	final_prompt_token_minus_10	339	�	16326	0.2285892516374588	25	350
original_hum_all_diacritics	original_hum	all_diacritics	14	final_prompt_token_minus_10	339	�	7950	0.2208523452281952	26	350
original_hum_all_diacritics	original_hum	all_diacritics	14	final_prompt_token_minus_10	339	�	20426	0.21194520592689514	27	350
original_hum_all_diacritics	original_hum	all_diacritics	14	final_prompt_token_minus_10	339	�	6622	0.204973965883255	28	350
original_hum_all_diacritics	original_hum	all_diacritics	14	final_prompt_token_minus_10	339	�	8009	0.20171822607517242	29	350
original_hum_all_diacritics	original_hum	all_diacritics	14	final_prompt_token_minus_10	339	�	6818	0.20107115805149078	30	350
original_hum_all_diacritics	original_hum	all_diacritics	14	final_prompt_token_minus_10	339	�	4811	0.20026351511478424	31	350
original_hum_all_diacritics	original_hum	all_diacritics	14	final_prompt_token_minus_10	339	�	21763	0.197569340467453	32	350
original_hum_all_diacritics	original_hum	all_diacritics	14	final_prompt_token_minus_10	339	�	31989	0.19689026474952698	33	350
original_hum_all_diacritics	original_hum	all_diacritics	14	final_prompt_token_minus_10	339	�	21025	0.19563312828540802	34	350
original_hum_all_diacritics	original_hum	all_diacritics	14	final_prompt_token_minus_10	339	�	25905	0.19516810774803162	35	350
original_hum_all_diacritics	original_hum	all_diacritics	14	final_prompt_token_minus_10	339	�	27433	0.19002410769462585	36	350
original_hum_all_diacritics	original_hum	all_diacritics	14	final_prompt_token_minus_10	339	�	14712	0.18803855776786804	37	350
original_hum_all_diacritics	original_hum	all_diacritics	14	final_prompt_token_minus_10	339	�	6219	0.18719296157360077	38	350
original_hum_all_diacritics	original_hum	all_diacritics	14	final_prompt_token_minus_10	339	�	14287	0.1788339614868164	39	350
original_hum_all_diacritics	original_hum	all_diacritics	14	final_prompt_token_minus_10	339	�	2072	0.17141807079315186	40	350
original_hum_all_diacritics	original_hum	all_diacritics	14	final_prompt_token_minus_10	339	�	4497	0.16800206899642944	41	350
original_hum_all_diacritics	original_hum	all_diacritics	14	final_prompt_token_minus_10	339	�	29220	0.1649595946073532	42	350
original_hum_all_diacritics	original_hum	all_diacritics	14	final_prompt_token_minus_10	339	�	16371	0.1585380733013153	43	350
original_hum_all_diacritics	original_hum	all_diacritics	14	final_prompt_token_minus_10	339	�	12358	0.15797975659370422	44	350
original_hum_all_diacritics	original_hum	all_diacritics	14	final_prompt_token_minus_10	339	�	19514	0.156917005777359	45	350
original_hum_all_diacritics	original_hum	all_diacritics	14	final_prompt_token_minus_10	339	�	23171	0.15671572089195251	46	350
original_hum_all_diacritics	original_hum	all_diacritics	14	final_prompt_token_minus_10	339	�	12373	0.15626437962055206	47	350
original_hum_all_diacritics	original_hum	all_diacritics	14	final_prompt_token_minus_10	339	�	1658	0.15024828910827637	48	350
original_hum_all_diacritics	original_hum	all_diacritics	14	final_prompt_token_minus_10	339	�	9949	0.1492476761341095	49	350
original_hum_all_diacritics	original_hum	all_diacritics	14	final_prompt_token_minus_10	339	�	7000	0.14895877242088318	50	350
