family	variant	layer	position_label	token_position	token_id	token_string	finite	positive_count_after_relu	top_activation
hum_processing	ascii_baseline	14	final_prompt_token	48	13	.	True	719	0.7091057896614075
hum_processing	ascii_baseline	15	final_prompt_token	48	13	.	True	846	0.5021997094154358
hum_processing	ascii_baseline	16	final_prompt_token	48	13	.	True	800	0.7266232967376709
hum_processing	ascii_baseline	24	final_prompt_token	48	13	.	True	839	1.0052545070648193
hum_processing	ascii_baseline	25	final_prompt_token	48	13	.	True	735	1.0110377073287964
hum_processing	ascii_baseline	26	final_prompt_token	48	13	.	True	753	1.0604360103607178
hum_processing	ascii_baseline	14	generated_token_1	49	271	"

"	True	670	1.2512887716293335
hum_processing	ascii_baseline	15	generated_token_1	49	271	"

"	True	1019	1.4737001657485962
hum_processing	ascii_baseline	16	generated_token_1	49	271	"

"	True	751	1.4877992868423462
hum_processing	ascii_baseline	24	generated_token_1	49	271	"

"	True	869	1.6942294836044312
hum_processing	ascii_baseline	25	generated_token_1	49	271	"

"	True	729	1.7826074361801147
hum_processing	ascii_baseline	26	generated_token_1	49	271	"

"	True	785	2.5201334953308105
hum_processing	ascii_baseline	14	generated_token_8	56	264	 a	True	588	0.37090864777565
hum_processing	ascii_baseline	15	generated_token_8	56	264	 a	True	682	0.3816222846508026
hum_processing	ascii_baseline	16	generated_token_8	56	264	 a	True	750	0.3776443600654602
hum_processing	ascii_baseline	24	generated_token_8	56	264	 a	True	765	0.5658459663391113
hum_processing	ascii_baseline	25	generated_token_8	56	264	 a	True	799	0.5618873238563538
hum_processing	ascii_baseline	26	generated_token_8	56	264	 a	True	704	0.5947411060333252
hum_processing	ascii_baseline	14	generated_token_16	64	264	 a	True	553	0.5780940055847168
hum_processing	ascii_baseline	15	generated_token_16	64	264	 a	True	747	0.5976347923278809
hum_processing	ascii_baseline	16	generated_token_16	64	264	 a	True	819	0.6284960508346558
hum_processing	ascii_baseline	24	generated_token_16	64	264	 a	True	736	1.20210599899292
hum_processing	ascii_baseline	25	generated_token_16	64	264	 a	True	798	1.2961361408233643
hum_processing	ascii_baseline	26	generated_token_16	64	264	 a	True	675	1.3139337301254272
hum_processing	ascii_baseline	14	generated_token_32	80	7099	 surface	True	649	0.8765326142311096
hum_processing	ascii_baseline	15	generated_token_32	80	7099	 surface	True	702	0.9492015838623047
hum_processing	ascii_baseline	16	generated_token_32	80	7099	 surface	True	720	0.9480616450309753
hum_processing	ascii_baseline	24	generated_token_32	80	7099	 surface	True	776	1.3599092960357666
hum_processing	ascii_baseline	25	generated_token_32	80	7099	 surface	True	771	1.3555119037628174
hum_processing	ascii_baseline	26	generated_token_32	80	7099	 surface	True	758	1.2489843368530273
hum_processing	ascii_baseline	14	generated_token_64	112	3870	 background	True	495	1.0180189609527588
hum_processing	ascii_baseline	15	generated_token_64	112	3870	 background	True	583	1.5451858043670654
hum_processing	ascii_baseline	16	generated_token_64	112	3870	 background	True	622	1.4894951581954956
hum_processing	ascii_baseline	24	generated_token_64	112	3870	 background	True	632	2.1548104286193848
hum_processing	ascii_baseline	25	generated_token_64	112	3870	 background	True	739	2.1222269535064697
hum_processing	ascii_baseline	26	generated_token_64	112	3870	 background	True	630	2.1431632041931152
hum_processing	light_global_mixed	14	final_prompt_token	77	13	.	True	660	0.48651063442230225
hum_processing	light_global_mixed	15	final_prompt_token	77	13	.	True	797	0.7594733834266663
hum_processing	light_global_mixed	16	final_prompt_token	77	13	.	True	839	0.9562832117080688
hum_processing	light_global_mixed	24	final_prompt_token	77	13	.	True	885	0.8206971883773804
hum_processing	light_global_mixed	25	final_prompt_token	77	13	.	True	777	0.8081270456314087
hum_processing	light_global_mixed	26	final_prompt_token	77	13	.	True	806	1.5353984832763672
hum_processing	light_global_mixed	14	generated_token_1	78	271	"

"	True	449	0.6058763265609741
hum_processing	light_global_mixed	15	generated_token_1	78	271	"

"	True	649	1.0764012336730957
hum_processing	light_global_mixed	16	generated_token_1	78	271	"

"	True	685	0.9854398369789124
hum_processing	light_global_mixed	24	generated_token_1	78	271	"

"	True	839	1.3729380369186401
hum_processing	light_global_mixed	25	generated_token_1	78	271	"

"	True	632	1.3740397691726685
hum_processing	light_global_mixed	26	generated_token_1	78	271	"

"	True	643	1.9190746545791626
hum_processing	light_global_mixed	14	generated_token_8	85	264	 a	True	626	0.40098512172698975
hum_processing	light_global_mixed	15	generated_token_8	85	264	 a	True	794	0.39698049426078796
hum_processing	light_global_mixed	16	generated_token_8	85	264	 a	True	821	0.45469003915786743
hum_processing	light_global_mixed	24	generated_token_8	85	264	 a	True	826	0.5762991309165955
hum_processing	light_global_mixed	25	generated_token_8	85	264	 a	True	737	0.6285478472709656
hum_processing	light_global_mixed	26	generated_token_8	85	264	 a	True	750	0.6403025984764099
hum_processing	light_global_mixed	14	generated_token_16	93	314	 of	True	519	0.35689643025398254
hum_processing	light_global_mixed	15	generated_token_16	93	314	 of	True	666	0.3866398334503174
hum_processing	light_global_mixed	16	generated_token_16	93	314	 of	True	812	0.44965803623199463
hum_processing	light_global_mixed	24	generated_token_16	93	314	 of	True	632	0.8201788067817688
hum_processing	light_global_mixed	25	generated_token_16	93	314	 of	True	665	0.8684202432632446
hum_processing	light_global_mixed	26	generated_token_16	93	314	 of	True	639	0.682367205619812
hum_processing	light_global_mixed	14	generated_token_32	109	303	 in	True	608	0.6536006927490234
hum_processing	light_global_mixed	15	generated_token_32	109	303	 in	True	794	0.6549525260925293
hum_processing	light_global_mixed	16	generated_token_32	109	303	 in	True	862	0.7542692422866821
hum_processing	light_global_mixed	24	generated_token_32	109	303	 in	True	709	1.286607027053833
hum_processing	light_global_mixed	25	generated_token_32	109	303	 in	True	766	1.2573356628417969
hum_processing	light_global_mixed	26	generated_token_32	109	303	 in	True	660	1.1054227352142334
hum_processing	light_global_mixed	14	generated_token_64	141	279	 the	True	490	0.5705445408821106
hum_processing	light_global_mixed	15	generated_token_64	141	279	 the	True	587	0.5742265582084656
hum_processing	light_global_mixed	16	generated_token_64	141	279	 the	True	590	0.5911273956298828
hum_processing	light_global_mixed	24	generated_token_64	141	279	 the	True	589	1.2226065397262573
hum_processing	light_global_mixed	25	generated_token_64	141	279	 the	True	617	1.3454947471618652
hum_processing	light_global_mixed	26	generated_token_64	141	279	 the	True	552	1.2677608728408813
hum_processing	light_high_impact_mixed	14	final_prompt_token	112	13	.	True	664	0.5365338325500488
hum_processing	light_high_impact_mixed	15	final_prompt_token	112	13	.	True	764	0.7238584756851196
hum_processing	light_high_impact_mixed	16	final_prompt_token	112	13	.	True	737	0.79774010181427
hum_processing	light_high_impact_mixed	24	final_prompt_token	112	13	.	True	815	0.8730713129043579
hum_processing	light_high_impact_mixed	25	final_prompt_token	112	13	.	True	783	0.8752979040145874
hum_processing	light_high_impact_mixed	26	final_prompt_token	112	13	.	True	762	1.3508751392364502
hum_processing	light_high_impact_mixed	14	generated_token_1	113	271	"

"	True	468	0.722480058670044
hum_processing	light_high_impact_mixed	15	generated_token_1	113	271	"

"	True	730	1.033710241317749
hum_processing	light_high_impact_mixed	16	generated_token_1	113	271	"

"	True	741	0.9621649384498596
hum_processing	light_high_impact_mixed	24	generated_token_1	113	271	"

"	True	840	1.341050624847412
hum_processing	light_high_impact_mixed	25	generated_token_1	113	271	"

"	True	643	1.3855950832366943
hum_processing	light_high_impact_mixed	26	generated_token_1	113	271	"

"	True	667	1.885764718055725
hum_processing	light_high_impact_mixed	14	generated_token_8	120	264	 a	True	719	0.41440263390541077
hum_processing	light_high_impact_mixed	15	generated_token_8	120	264	 a	True	767	0.43025144934654236
hum_processing	light_high_impact_mixed	16	generated_token_8	120	264	 a	True	851	0.4047704041004181
hum_processing	light_high_impact_mixed	24	generated_token_8	120	264	 a	True	735	0.7561957836151123
hum_processing	light_high_impact_mixed	25	generated_token_8	120	264	 a	True	723	0.8103497624397278
hum_processing	light_high_impact_mixed	26	generated_token_8	120	264	 a	True	742	0.7973271608352661
hum_processing	light_high_impact_mixed	14	generated_token_16	128	6775	 nature	True	376	1.417414903640747
hum_processing	light_high_impact_mixed	15	generated_token_16	128	6775	 nature	True	492	1.4045252799987793
hum_processing	light_high_impact_mixed	16	generated_token_16	128	6775	 nature	True	499	1.0956193208694458
hum_processing	light_high_impact_mixed	24	generated_token_16	128	6775	 nature	True	595	1.974807620048523
hum_processing	light_high_impact_mixed	25	generated_token_16	128	6775	 nature	True	593	1.9844064712524414
hum_processing	light_high_impact_mixed	26	generated_token_16	128	6775	 nature	True	490	1.9435815811157227
hum_processing	light_high_impact_mixed	14	generated_token_32	144	279	 the	True	808	0.5147796869277954
hum_processing	light_high_impact_mixed	15	generated_token_32	144	279	 the	True	1005	0.5360551476478577
hum_processing	light_high_impact_mixed	16	generated_token_32	144	279	 the	True	986	0.6475142240524292
hum_processing	light_high_impact_mixed	24	generated_token_32	144	279	 the	True	890	0.926120936870575
hum_processing	light_high_impact_mixed	25	generated_token_32	144	279	 the	True	1010	0.9664930105209351
hum_processing	light_high_impact_mixed	26	generated_token_32	144	279	 the	True	835	0.9416471719741821
hum_processing	light_high_impact_mixed	14	generated_token_64	176	51179	 substrate	True	522	0.9930363893508911
hum_processing	light_high_impact_mixed	15	generated_token_64	176	51179	 substrate	True	622	1.082361102104187
hum_processing	light_high_impact_mixed	16	generated_token_64	176	51179	 substrate	True	682	0.9588543772697449
hum_processing	light_high_impact_mixed	24	generated_token_64	176	51179	 substrate	True	862	1.3742856979370117
hum_processing	light_high_impact_mixed	25	generated_token_64	176	51179	 substrate	True	1009	1.2938486337661743
hum_processing	light_high_impact_mixed	26	generated_token_64	176	51179	 substrate	True	800	1.297297716140747
hum_processing	dcedilla_shuffled_light	14	final_prompt_token	62	13	.	True	650	0.5135374069213867
hum_processing	dcedilla_shuffled_light	15	final_prompt_token	62	13	.	True	814	0.777014434337616
hum_processing	dcedilla_shuffled_light	16	final_prompt_token	62	13	.	True	858	0.9990339279174805
hum_processing	dcedilla_shuffled_light	24	final_prompt_token	62	13	.	True	792	0.9319267272949219
hum_processing	dcedilla_shuffled_light	25	final_prompt_token	62	13	.	True	752	0.8941736221313477
hum_processing	dcedilla_shuffled_light	26	final_prompt_token	62	13	.	True	788	1.6675782203674316
hum_processing	dcedilla_shuffled_light	14	generated_token_1	63	271	"

"	True	475	0.5765934586524963
hum_processing	dcedilla_shuffled_light	15	generated_token_1	63	271	"

"	True	758	0.9939716458320618
hum_processing	dcedilla_shuffled_light	16	generated_token_1	63	271	"

"	True	796	0.9797722101211548
hum_processing	dcedilla_shuffled_light	24	generated_token_1	63	271	"

"	True	789	1.4536467790603638
hum_processing	dcedilla_shuffled_light	25	generated_token_1	63	271	"

"	True	617	1.4508692026138306
hum_processing	dcedilla_shuffled_light	26	generated_token_1	63	271	"

"	True	614	2.0367636680603027
hum_processing	dcedilla_shuffled_light	14	generated_token_8	70	264	 a	True	608	0.37984922528266907
hum_processing	dcedilla_shuffled_light	15	generated_token_8	70	264	 a	True	647	0.4018132984638214
hum_processing	dcedilla_shuffled_light	16	generated_token_8	70	264	 a	True	756	0.38727617263793945
hum_processing	dcedilla_shuffled_light	24	generated_token_8	70	264	 a	True	779	0.5975949764251709
hum_processing	dcedilla_shuffled_light	25	generated_token_8	70	264	 a	True	787	0.6333901882171631
hum_processing	dcedilla_shuffled_light	26	generated_token_8	70	264	 a	True	737	0.8877842426300049
hum_processing	dcedilla_shuffled_light	14	generated_token_16	78	6775	 nature	True	394	1.4224662780761719
hum_processing	dcedilla_shuffled_light	15	generated_token_16	78	6775	 nature	True	480	1.412785530090332
hum_processing	dcedilla_shuffled_light	16	generated_token_16	78	6775	 nature	True	502	1.0960135459899902
hum_processing	dcedilla_shuffled_light	24	generated_token_16	78	6775	 nature	True	592	1.9208015203475952
hum_processing	dcedilla_shuffled_light	25	generated_token_16	78	6775	 nature	True	625	1.951582670211792
hum_processing	dcedilla_shuffled_light	26	generated_token_16	78	6775	 nature	True	505	1.9385402202606201
hum_processing	dcedilla_shuffled_light	14	generated_token_32	94	18682	 absence	True	719	0.9099316596984863
hum_processing	dcedilla_shuffled_light	15	generated_token_32	94	18682	 absence	True	758	0.46287429332733154
hum_processing	dcedilla_shuffled_light	16	generated_token_32	94	18682	 absence	True	745	0.6641286611557007
hum_processing	dcedilla_shuffled_light	24	generated_token_32	94	18682	 absence	True	890	0.9497305750846863
hum_processing	dcedilla_shuffled_light	25	generated_token_32	94	18682	 absence	True	986	0.8906086683273315
hum_processing	dcedilla_shuffled_light	26	generated_token_32	94	18682	 absence	True	990	1.3791625499725342
hum_processing	dcedilla_shuffled_light	14	generated_token_64	126	694	 but	True	433	0.5952510833740234
hum_processing	dcedilla_shuffled_light	15	generated_token_64	126	694	 but	True	491	0.8848649859428406
hum_processing	dcedilla_shuffled_light	16	generated_token_64	126	694	 but	True	459	0.8724535703659058
hum_processing	dcedilla_shuffled_light	24	generated_token_64	126	694	 but	True	502	1.5073285102844238
hum_processing	dcedilla_shuffled_light	25	generated_token_64	126	694	 but	True	518	1.2627726793289185
hum_processing	dcedilla_shuffled_light	26	generated_token_64	126	694	 but	True	463	1.2819108963012695
hum_processing	dcedilla_high_impact	14	final_prompt_token	65	13	.	True	717	0.6910244226455688
hum_processing	dcedilla_high_impact	15	final_prompt_token	65	13	.	True	873	0.5198913812637329
hum_processing	dcedilla_high_impact	16	final_prompt_token	65	13	.	True	800	0.785926103591919
hum_processing	dcedilla_high_impact	24	final_prompt_token	65	13	.	True	805	0.9065219163894653
hum_processing	dcedilla_high_impact	25	final_prompt_token	65	13	.	True	737	0.8912477493286133
hum_processing	dcedilla_high_impact	26	final_prompt_token	65	13	.	True	731	1.1750192642211914
hum_processing	dcedilla_high_impact	14	generated_token_1	66	271	"

"	True	420	0.6883348226547241
hum_processing	dcedilla_high_impact	15	generated_token_1	66	271	"

"	True	704	1.0235865116119385
hum_processing	dcedilla_high_impact	16	generated_token_1	66	271	"

"	True	706	1.0653152465820312
hum_processing	dcedilla_high_impact	24	generated_token_1	66	271	"

"	True	857	1.4506032466888428
hum_processing	dcedilla_high_impact	25	generated_token_1	66	271	"

"	True	645	1.3898545503616333
hum_processing	dcedilla_high_impact	26	generated_token_1	66	271	"

"	True	650	2.033963680267334
hum_processing	dcedilla_high_impact	14	generated_token_8	73	264	 a	True	692	0.37010061740875244
hum_processing	dcedilla_high_impact	15	generated_token_8	73	264	 a	True	747	0.4049282371997833
hum_processing	dcedilla_high_impact	16	generated_token_8	73	264	 a	True	780	0.36343613266944885
hum_processing	dcedilla_high_impact	24	generated_token_8	73	264	 a	True	784	0.5743881464004517
hum_processing	dcedilla_high_impact	25	generated_token_8	73	264	 a	True	815	0.6501115560531616
hum_processing	dcedilla_high_impact	26	generated_token_8	73	264	 a	True	718	0.6790285110473633
hum_processing	dcedilla_high_impact	14	generated_token_16	81	4131	 quality	True	666	0.771994411945343
hum_processing	dcedilla_high_impact	15	generated_token_16	81	4131	 quality	True	751	1.1448826789855957
hum_processing	dcedilla_high_impact	16	generated_token_16	81	4131	 quality	True	756	0.8219891786575317
hum_processing	dcedilla_high_impact	24	generated_token_16	81	4131	 quality	True	852	1.0862878561019897
hum_processing	dcedilla_high_impact	25	generated_token_16	81	4131	 quality	True	977	1.3828585147857666
hum_processing	dcedilla_high_impact	26	generated_token_16	81	4131	 quality	True	772	1.2998809814453125
hum_processing	dcedilla_high_impact	14	generated_token_32	97	2945	 present	True	699	1.0060384273529053
hum_processing	dcedilla_high_impact	15	generated_token_32	97	2945	 present	True	865	0.9421955943107605
hum_processing	dcedilla_high_impact	16	generated_token_32	97	2945	 present	True	912	0.9986706376075745
hum_processing	dcedilla_high_impact	24	generated_token_32	97	2945	 present	True	854	1.8107008934020996
hum_processing	dcedilla_high_impact	25	generated_token_32	97	2945	 present	True	983	1.2968889474868774
hum_processing	dcedilla_high_impact	26	generated_token_32	97	2945	 present	True	910	1.4506398439407349
hum_processing	dcedilla_high_impact	14	generated_token_64	129	353	 I	True	233	1.1133673191070557
hum_processing	dcedilla_high_impact	15	generated_token_64	129	353	 I	True	249	0.9280190467834473
hum_processing	dcedilla_high_impact	16	generated_token_64	129	353	 I	True	272	0.9238677024841309
hum_processing	dcedilla_high_impact	24	generated_token_64	129	353	 I	True	237	1.3465224504470825
hum_processing	dcedilla_high_impact	25	generated_token_64	129	353	 I	True	277	1.2736164331436157
hum_processing	dcedilla_high_impact	26	generated_token_64	129	353	 I	True	216	1.3942052125930786
hum_processing	dense_global_mixed	14	final_prompt_token	207	13	.	True	995	0.6012638807296753
hum_processing	dense_global_mixed	15	final_prompt_token	207	13	.	True	846	0.9235610365867615
hum_processing	dense_global_mixed	16	final_prompt_token	207	13	.	True	930	0.8221389055252075
hum_processing	dense_global_mixed	24	final_prompt_token	207	13	.	True	1086	1.0259239673614502
hum_processing	dense_global_mixed	25	final_prompt_token	207	13	.	True	1055	1.1037107706069946
hum_processing	dense_global_mixed	26	final_prompt_token	207	13	.	True	1043	1.8892451524734497
hum_processing	dense_global_mixed	14	generated_token_1	208	271	"

"	True	500	1.2369647026062012
hum_processing	dense_global_mixed	15	generated_token_1	208	271	"

"	True	610	1.4893271923065186
hum_processing	dense_global_mixed	16	generated_token_1	208	271	"

"	True	600	1.2131904363632202
hum_processing	dense_global_mixed	24	generated_token_1	208	271	"

"	True	765	1.4575403928756714
hum_processing	dense_global_mixed	25	generated_token_1	208	271	"

"	True	724	1.4316120147705078
hum_processing	dense_global_mixed	26	generated_token_1	208	271	"

"	True	719	2.0713629722595215
hum_processing	dense_global_mixed	14	generated_token_8	215	449	 an	True	621	0.5318612456321716
hum_processing	dense_global_mixed	15	generated_token_8	215	449	 an	True	726	0.5600583553314209
hum_processing	dense_global_mixed	16	generated_token_8	215	449	 an	True	912	0.5860308408737183
hum_processing	dense_global_mixed	24	generated_token_8	215	449	 an	True	738	0.9323689937591553
hum_processing	dense_global_mixed	25	generated_token_8	215	449	 an	True	730	0.6129129528999329
hum_processing	dense_global_mixed	26	generated_token_8	215	449	 an	True	717	0.9646763801574707
hum_processing	dense_global_mixed	14	generated_token_16	223	11	,	True	429	0.7567434310913086
hum_processing	dense_global_mixed	15	generated_token_16	223	11	,	True	575	0.8243034482002258
hum_processing	dense_global_mixed	16	generated_token_16	223	11	,	True	466	0.8374993801116943
hum_processing	dense_global_mixed	24	generated_token_16	223	11	,	True	530	1.2468464374542236
hum_processing	dense_global_mixed	25	generated_token_16	223	11	,	True	518	1.4505138397216797
hum_processing	dense_global_mixed	26	generated_token_16	223	11	,	True	483	1.606736421585083
hum_processing	dense_global_mixed	14	generated_token_32	239	381	 be	True	413	0.5624016523361206
hum_processing	dense_global_mixed	15	generated_token_32	239	381	 be	True	598	0.5513045787811279
hum_processing	dense_global_mixed	16	generated_token_32	239	381	 be	True	583	0.5674721002578735
hum_processing	dense_global_mixed	24	generated_token_32	239	381	 be	True	641	0.9427091479301453
hum_processing	dense_global_mixed	25	generated_token_32	239	381	 be	True	598	0.8411707282066345
hum_processing	dense_global_mixed	26	generated_token_32	239	381	 be	True	596	0.9167842864990234
hum_processing	dense_global_mixed	14	generated_token_64	271	3274	 task	True	318	1.3047966957092285
hum_processing	dense_global_mixed	15	generated_token_64	271	3274	 task	True	387	1.3316755294799805
hum_processing	dense_global_mixed	16	generated_token_64	271	3274	 task	True	393	1.3146836757659912
hum_processing	dense_global_mixed	24	generated_token_64	271	3274	 task	True	468	1.8032342195510864
hum_processing	dense_global_mixed	25	generated_token_64	271	3274	 task	True	483	1.711326003074646
hum_processing	dense_global_mixed	26	generated_token_64	271	3274	 task	True	439	1.6105324029922485
hum_processing	dense_dcedilla_all	14	final_prompt_token	88	13	.	True	637	0.5661230683326721
hum_processing	dense_dcedilla_all	15	final_prompt_token	88	13	.	True	740	0.7076501846313477
hum_processing	dense_dcedilla_all	16	final_prompt_token	88	13	.	True	755	0.9385995268821716
hum_processing	dense_dcedilla_all	24	final_prompt_token	88	13	.	True	863	0.8365267515182495
hum_processing	dense_dcedilla_all	25	final_prompt_token	88	13	.	True	762	0.8043011426925659
hum_processing	dense_dcedilla_all	26	final_prompt_token	88	13	.	True	818	1.4524109363555908
hum_processing	dense_dcedilla_all	14	generated_token_1	89	271	"

"	True	441	0.6243987679481506
hum_processing	dense_dcedilla_all	15	generated_token_1	89	271	"

"	True	674	0.9703122973442078
hum_processing	dense_dcedilla_all	16	generated_token_1	89	271	"

"	True	679	0.9353376030921936
hum_processing	dense_dcedilla_all	24	generated_token_1	89	271	"

"	True	774	1.4300843477249146
hum_processing	dense_dcedilla_all	25	generated_token_1	89	271	"

"	True	581	1.4405783414840698
hum_processing	dense_dcedilla_all	26	generated_token_1	89	271	"

"	True	622	2.0459673404693604
hum_processing	dense_dcedilla_all	14	generated_token_8	96	264	 a	True	651	0.3871648609638214
hum_processing	dense_dcedilla_all	15	generated_token_8	96	264	 a	True	763	0.4259057343006134
hum_processing	dense_dcedilla_all	16	generated_token_8	96	264	 a	True	804	0.39547133445739746
hum_processing	dense_dcedilla_all	24	generated_token_8	96	264	 a	True	821	0.6577216386795044
hum_processing	dense_dcedilla_all	25	generated_token_8	96	264	 a	True	810	0.7139074206352234
hum_processing	dense_dcedilla_all	26	generated_token_8	96	264	 a	True	754	0.7322089672088623
hum_processing	dense_dcedilla_all	14	generated_token_16	104	4131	 quality	True	629	0.7592905163764954
hum_processing	dense_dcedilla_all	15	generated_token_16	104	4131	 quality	True	695	1.1367210149765015
hum_processing	dense_dcedilla_all	16	generated_token_16	104	4131	 quality	True	736	0.8090575337409973
hum_processing	dense_dcedilla_all	24	generated_token_16	104	4131	 quality	True	830	1.112217664718628
hum_processing	dense_dcedilla_all	25	generated_token_16	104	4131	 quality	True	948	1.405109167098999
hum_processing	dense_dcedilla_all	26	generated_token_16	104	4131	 quality	True	781	1.3089689016342163
hum_processing	dense_dcedilla_all	14	generated_token_32	120	2945	 present	True	667	1.0250674486160278
hum_processing	dense_dcedilla_all	15	generated_token_32	120	2945	 present	True	831	0.9477445483207703
hum_processing	dense_dcedilla_all	16	generated_token_32	120	2945	 present	True	897	1.0166795253753662
hum_processing	dense_dcedilla_all	24	generated_token_32	120	2945	 present	True	830	1.8235809803009033
hum_processing	dense_dcedilla_all	25	generated_token_32	120	2945	 present	True	957	1.2916715145111084
hum_processing	dense_dcedilla_all	26	generated_token_32	120	2945	 present	True	884	1.4382902383804321
hum_processing	dense_dcedilla_all	14	generated_token_64	152	4816	 seems	True	478	1.1106646060943604
hum_processing	dense_dcedilla_all	15	generated_token_64	152	4816	 seems	True	576	1.4510341882705688
hum_processing	dense_dcedilla_all	16	generated_token_64	152	4816	 seems	True	613	1.3779497146606445
hum_processing	dense_dcedilla_all	24	generated_token_64	152	4816	 seems	True	559	1.9779326915740967
hum_processing	dense_dcedilla_all	25	generated_token_64	152	4816	 seems	True	601	1.8730347156524658
hum_processing	dense_dcedilla_all	26	generated_token_64	152	4816	 seems	True	525	1.3845734596252441
hum_processing	token_count_matched_ascii_noise	14	final_prompt_token	207	13	.	True	835	0.7066003680229187
hum_processing	token_count_matched_ascii_noise	15	final_prompt_token	207	13	.	True	1001	0.6724092960357666
hum_processing	token_count_matched_ascii_noise	16	final_prompt_token	207	13	.	True	827	0.7974501848220825
hum_processing	token_count_matched_ascii_noise	24	final_prompt_token	207	13	.	True	795	0.9696246385574341
hum_processing	token_count_matched_ascii_noise	25	final_prompt_token	207	13	.	True	744	0.9826165437698364
hum_processing	token_count_matched_ascii_noise	26	final_prompt_token	207	13	.	True	685	1.4555320739746094
hum_processing	token_count_matched_ascii_noise	14	generated_token_1	208	271	"

"	True	450	0.9600852727890015
hum_processing	token_count_matched_ascii_noise	15	generated_token_1	208	271	"

"	True	656	1.2095050811767578
hum_processing	token_count_matched_ascii_noise	16	generated_token_1	208	271	"

"	True	619	1.1880548000335693
hum_processing	token_count_matched_ascii_noise	24	generated_token_1	208	271	"

"	True	790	1.362154483795166
hum_processing	token_count_matched_ascii_noise	25	generated_token_1	208	271	"

"	True	688	1.4505161046981812
hum_processing	token_count_matched_ascii_noise	26	generated_token_1	208	271	"

"	True	698	1.9287053346633911
hum_processing	token_count_matched_ascii_noise	14	generated_token_8	215	264	 a	True	740	0.38260385394096375
hum_processing	token_count_matched_ascii_noise	15	generated_token_8	215	264	 a	True	772	0.3864714801311493
hum_processing	token_count_matched_ascii_noise	16	generated_token_8	215	264	 a	True	865	0.35547271370887756
hum_processing	token_count_matched_ascii_noise	24	generated_token_8	215	264	 a	True	898	0.7218018770217896
hum_processing	token_count_matched_ascii_noise	25	generated_token_8	215	264	 a	True	801	0.7689248919487
hum_processing	token_count_matched_ascii_noise	26	generated_token_8	215	264	 a	True	745	0.7507659196853638
hum_processing	token_count_matched_ascii_noise	14	generated_token_16	223	314	 of	True	480	0.3387257158756256
hum_processing	token_count_matched_ascii_noise	15	generated_token_16	223	314	 of	True	648	0.4380021095275879
hum_processing	token_count_matched_ascii_noise	16	generated_token_16	223	314	 of	True	816	0.5312234163284302
hum_processing	token_count_matched_ascii_noise	24	generated_token_16	223	314	 of	True	784	0.5743981003761292
hum_processing	token_count_matched_ascii_noise	25	generated_token_16	223	314	 of	True	816	0.5976582169532776
hum_processing	token_count_matched_ascii_noise	26	generated_token_16	223	314	 of	True	774	0.9061355590820312
hum_processing	token_count_matched_ascii_noise	14	generated_token_32	239	2945	 present	True	665	1.022723913192749
hum_processing	token_count_matched_ascii_noise	15	generated_token_32	239	2945	 present	True	799	0.9456878304481506
hum_processing	token_count_matched_ascii_noise	16	generated_token_32	239	2945	 present	True	867	1.0638747215270996
hum_processing	token_count_matched_ascii_noise	24	generated_token_32	239	2945	 present	True	813	1.850172996520996
hum_processing	token_count_matched_ascii_noise	25	generated_token_32	239	2945	 present	True	907	1.3553911447525024
hum_processing	token_count_matched_ascii_noise	26	generated_token_32	239	2945	 present	True	866	1.4772086143493652
hum_processing	token_count_matched_ascii_noise	14	generated_token_64	271	279	 the	True	450	0.5140905380249023
hum_processing	token_count_matched_ascii_noise	15	generated_token_64	271	279	 the	True	473	0.52128666639328
hum_processing	token_count_matched_ascii_noise	16	generated_token_64	271	279	 the	True	492	0.5448555946350098
hum_processing	token_count_matched_ascii_noise	24	generated_token_64	271	279	 the	True	540	1.1789451837539673
hum_processing	token_count_matched_ascii_noise	25	generated_token_64	271	279	 the	True	636	1.2795848846435547
hum_processing	token_count_matched_ascii_noise	26	generated_token_64	271	279	 the	True	630	1.3301113843917847
hum_processing	visual_ascii_control	14	final_prompt_token	78	13	.	True	721	0.704326868057251
hum_processing	visual_ascii_control	15	final_prompt_token	78	13	.	True	1090	1.0239434242248535
hum_processing	visual_ascii_control	16	final_prompt_token	78	13	.	True	964	1.1333625316619873
hum_processing	visual_ascii_control	24	final_prompt_token	78	13	.	True	920	0.9848575592041016
hum_processing	visual_ascii_control	25	final_prompt_token	78	13	.	True	959	0.946861743927002
hum_processing	visual_ascii_control	26	final_prompt_token	78	13	.	True	894	1.907421588897705
hum_processing	visual_ascii_control	14	generated_token_1	79	271	"

"	True	408	0.9543933868408203
hum_processing	visual_ascii_control	15	generated_token_1	79	271	"

"	True	561	1.3500558137893677
hum_processing	visual_ascii_control	16	generated_token_1	79	271	"

"	True	666	1.39644455909729
hum_processing	visual_ascii_control	24	generated_token_1	79	271	"

"	True	818	1.4059903621673584
hum_processing	visual_ascii_control	25	generated_token_1	79	271	"

"	True	706	1.432175636291504
hum_processing	visual_ascii_control	26	generated_token_1	79	271	"

"	True	704	1.9325363636016846
hum_processing	visual_ascii_control	14	generated_token_8	86	264	 a	True	633	0.400294691324234
hum_processing	visual_ascii_control	15	generated_token_8	86	264	 a	True	687	0.4089414179325104
hum_processing	visual_ascii_control	16	generated_token_8	86	264	 a	True	770	0.4537384808063507
hum_processing	visual_ascii_control	24	generated_token_8	86	264	 a	True	881	0.6473916172981262
hum_processing	visual_ascii_control	25	generated_token_8	86	264	 a	True	810	0.7254611849784851
hum_processing	visual_ascii_control	26	generated_token_8	86	264	 a	True	743	0.6864032745361328
hum_processing	visual_ascii_control	14	generated_token_16	94	7859	 abstract	True	364	1.3183398246765137
hum_processing	visual_ascii_control	15	generated_token_16	94	7859	 abstract	True	460	1.391954779624939
hum_processing	visual_ascii_control	16	generated_token_16	94	7859	 abstract	True	486	1.6726233959197998
hum_processing	visual_ascii_control	24	generated_token_16	94	7859	 abstract	True	517	2.4572062492370605
hum_processing	visual_ascii_control	25	generated_token_16	94	7859	 abstract	True	534	2.486172676086426
hum_processing	visual_ascii_control	26	generated_token_16	94	7859	 abstract	True	491	2.2789559364318848
hum_processing	visual_ascii_control	14	generated_token_32	110	264	 a	True	529	0.516099214553833
hum_processing	visual_ascii_control	15	generated_token_32	110	264	 a	True	619	0.5464887619018555
hum_processing	visual_ascii_control	16	generated_token_32	110	264	 a	True	724	0.5608538389205933
hum_processing	visual_ascii_control	24	generated_token_32	110	264	 a	True	703	0.9929656386375427
hum_processing	visual_ascii_control	25	generated_token_32	110	264	 a	True	943	1.0896644592285156
hum_processing	visual_ascii_control	26	generated_token_32	110	264	 a	True	657	1.0727468729019165
hum_processing	visual_ascii_control	14	generated_token_64	142	23810	 operational	True	466	1.3464492559432983
hum_processing	visual_ascii_control	15	generated_token_64	142	23810	 operational	True	599	1.2199116945266724
hum_processing	visual_ascii_control	16	generated_token_64	142	23810	 operational	True	633	1.1046957969665527
hum_processing	visual_ascii_control	24	generated_token_64	142	23810	 operational	True	685	1.8570274114608765
hum_processing	visual_ascii_control	25	generated_token_64	142	23810	 operational	True	745	1.9948968887329102
hum_processing	visual_ascii_control	26	generated_token_64	142	23810	 operational	True	653	1.5065741539001465
hum_processing	unicode_nonletter_control	14	final_prompt_token	76	13	.	True	616	0.6081032156944275
hum_processing	unicode_nonletter_control	15	final_prompt_token	76	13	.	True	768	0.5282437801361084
hum_processing	unicode_nonletter_control	16	final_prompt_token	76	13	.	True	786	0.8699355721473694
hum_processing	unicode_nonletter_control	24	final_prompt_token	76	13	.	True	839	0.8794567584991455
hum_processing	unicode_nonletter_control	25	final_prompt_token	76	13	.	True	733	0.8736180067062378
hum_processing	unicode_nonletter_control	26	final_prompt_token	76	13	.	True	762	1.168729305267334
hum_processing	unicode_nonletter_control	14	generated_token_1	77	271	"

"	True	412	0.6908553838729858
hum_processing	unicode_nonletter_control	15	generated_token_1	77	271	"

"	True	724	0.9303808212280273
hum_processing	unicode_nonletter_control	16	generated_token_1	77	271	"

"	True	676	0.964701235294342
hum_processing	unicode_nonletter_control	24	generated_token_1	77	271	"

"	True	738	1.4507768154144287
hum_processing	unicode_nonletter_control	25	generated_token_1	77	271	"

"	True	575	1.455410122871399
hum_processing	unicode_nonletter_control	26	generated_token_1	77	271	"

"	True	595	2.0079221725463867
hum_processing	unicode_nonletter_control	14	generated_token_8	84	264	 a	True	668	0.40565916895866394
hum_processing	unicode_nonletter_control	15	generated_token_8	84	264	 a	True	691	0.4254331886768341
hum_processing	unicode_nonletter_control	16	generated_token_8	84	264	 a	True	722	0.40323975682258606
hum_processing	unicode_nonletter_control	24	generated_token_8	84	264	 a	True	779	0.6864449977874756
hum_processing	unicode_nonletter_control	25	generated_token_8	84	264	 a	True	782	0.7985461354255676
hum_processing	unicode_nonletter_control	26	generated_token_8	84	264	 a	True	691	1.0866167545318604
hum_processing	unicode_nonletter_control	14	generated_token_16	92	314	 of	True	488	0.3605774939060211
hum_processing	unicode_nonletter_control	15	generated_token_16	92	314	 of	True	666	0.42946600914001465
hum_processing	unicode_nonletter_control	16	generated_token_16	92	314	 of	True	751	0.5146139860153198
hum_processing	unicode_nonletter_control	24	generated_token_16	92	314	 of	True	608	0.6621749401092529
hum_processing	unicode_nonletter_control	25	generated_token_16	92	314	 of	True	629	0.7130910754203796
hum_processing	unicode_nonletter_control	26	generated_token_16	92	314	 of	True	595	0.7026554942131042
hum_processing	unicode_nonletter_control	14	generated_token_32	108	6513	 exists	True	619	1.0889575481414795
hum_processing	unicode_nonletter_control	15	generated_token_32	108	6513	 exists	True	761	1.1309101581573486
hum_processing	unicode_nonletter_control	16	generated_token_32	108	6513	 exists	True	871	1.1639204025268555
hum_processing	unicode_nonletter_control	24	generated_token_32	108	6513	 exists	True	828	1.7276564836502075
hum_processing	unicode_nonletter_control	25	generated_token_32	108	6513	 exists	True	951	1.673229694366455
hum_processing	unicode_nonletter_control	26	generated_token_32	108	6513	 exists	True	842	1.6826245784759521
hum_processing	unicode_nonletter_control	14	generated_token_64	140	22980	 observations	True	374	1.2628933191299438
hum_processing	unicode_nonletter_control	15	generated_token_64	140	22980	 observations	True	508	1.221181869506836
hum_processing	unicode_nonletter_control	16	generated_token_64	140	22980	 observations	True	590	1.3162589073181152
hum_processing	unicode_nonletter_control	24	generated_token_64	140	22980	 observations	True	645	1.8029518127441406
hum_processing	unicode_nonletter_control	25	generated_token_64	140	22980	 observations	True	723	1.8145623207092285
hum_processing	unicode_nonletter_control	26	generated_token_64	140	22980	 observations	True	600	1.7332806587219238
hum_processing	semantic_shuffle_control	14	final_prompt_token	48	13	.	True	845	0.7213748693466187
hum_processing	semantic_shuffle_control	15	final_prompt_token	48	13	.	True	955	0.8211791515350342
hum_processing	semantic_shuffle_control	16	final_prompt_token	48	13	.	True	1110	0.8819901347160339
hum_processing	semantic_shuffle_control	24	final_prompt_token	48	13	.	True	1142	1.148382544517517
hum_processing	semantic_shuffle_control	25	final_prompt_token	48	13	.	True	1208	1.1579060554504395
hum_processing	semantic_shuffle_control	26	final_prompt_token	48	13	.	True	983	2.081179618835449
hum_processing	semantic_shuffle_control	14	generated_token_1	49	271	"

"	True	480	1.3676739931106567
hum_processing	semantic_shuffle_control	15	generated_token_1	49	271	"

"	True	664	1.4931590557098389
hum_processing	semantic_shuffle_control	16	generated_token_1	49	271	"

"	True	662	1.252892255783081
hum_processing	semantic_shuffle_control	24	generated_token_1	49	271	"

"	True	854	1.875994086265564
hum_processing	semantic_shuffle_control	25	generated_token_1	49	271	"

"	True	747	1.9619801044464111
hum_processing	semantic_shuffle_control	26	generated_token_1	49	271	"

"	True	721	2.9666085243225098
hum_processing	semantic_shuffle_control	14	generated_token_8	56	264	 a	True	569	0.48639822006225586
hum_processing	semantic_shuffle_control	15	generated_token_8	56	264	 a	True	656	0.4319227933883667
hum_processing	semantic_shuffle_control	16	generated_token_8	56	264	 a	True	752	0.4056289494037628
hum_processing	semantic_shuffle_control	24	generated_token_8	56	264	 a	True	758	0.5561096668243408
hum_processing	semantic_shuffle_control	25	generated_token_8	56	264	 a	True	731	0.6041808724403381
hum_processing	semantic_shuffle_control	26	generated_token_8	56	264	 a	True	707	0.5840848684310913
hum_processing	semantic_shuffle_control	14	generated_token_16	64	264	 a	True	563	0.6062906980514526
hum_processing	semantic_shuffle_control	15	generated_token_16	64	264	 a	True	719	0.6184209585189819
hum_processing	semantic_shuffle_control	16	generated_token_16	64	264	 a	True	791	0.6424311399459839
hum_processing	semantic_shuffle_control	24	generated_token_16	64	264	 a	True	622	1.2252604961395264
hum_processing	semantic_shuffle_control	25	generated_token_16	64	264	 a	True	688	1.332038402557373
hum_processing	semantic_shuffle_control	26	generated_token_16	64	264	 a	True	586	1.336438536643982
hum_processing	semantic_shuffle_control	14	generated_token_32	80	694	 but	True	729	0.5081802010536194
hum_processing	semantic_shuffle_control	15	generated_token_32	80	694	 but	True	941	0.5372952818870544
hum_processing	semantic_shuffle_control	16	generated_token_32	80	694	 but	True	869	0.9029731750488281
hum_processing	semantic_shuffle_control	24	generated_token_32	80	694	 but	True	761	1.6660034656524658
hum_processing	semantic_shuffle_control	25	generated_token_32	80	694	 but	True	828	1.1749076843261719
hum_processing	semantic_shuffle_control	26	generated_token_32	80	694	 but	True	670	1.5546867847442627
hum_processing	semantic_shuffle_control	14	generated_token_64	112	22419	 literal	True	353	1.5877958536148071
hum_processing	semantic_shuffle_control	15	generated_token_64	112	22419	 literal	True	479	1.3311609029769897
hum_processing	semantic_shuffle_control	16	generated_token_64	112	22419	 literal	True	509	1.5489258766174316
hum_processing	semantic_shuffle_control	24	generated_token_64	112	22419	 literal	True	614	1.810833215713501
hum_processing	semantic_shuffle_control	25	generated_token_64	112	22419	 literal	True	657	1.2496628761291504
hum_processing	semantic_shuffle_control	26	generated_token_64	112	22419	 literal	True	497	2.0447442531585693
hum_processing	d_dot_high_impact_control	14	final_prompt_token	65	13	.	True	705	0.6497554779052734
hum_processing	d_dot_high_impact_control	15	final_prompt_token	65	13	.	True	874	0.5507354736328125
hum_processing	d_dot_high_impact_control	16	final_prompt_token	65	13	.	True	828	0.8100910186767578
hum_processing	d_dot_high_impact_control	24	final_prompt_token	65	13	.	True	858	0.9283589124679565
hum_processing	d_dot_high_impact_control	25	final_prompt_token	65	13	.	True	754	0.9244391918182373
hum_processing	d_dot_high_impact_control	26	final_prompt_token	65	13	.	True	750	1.1310217380523682
hum_processing	d_dot_high_impact_control	14	generated_token_1	66	271	"

"	True	427	0.687649130821228
hum_processing	d_dot_high_impact_control	15	generated_token_1	66	271	"

"	True	686	1.0405442714691162
hum_processing	d_dot_high_impact_control	16	generated_token_1	66	271	"

"	True	698	1.0599544048309326
hum_processing	d_dot_high_impact_control	24	generated_token_1	66	271	"

"	True	828	1.3889206647872925
hum_processing	d_dot_high_impact_control	25	generated_token_1	66	271	"

"	True	613	1.364153504371643
hum_processing	d_dot_high_impact_control	26	generated_token_1	66	271	"

"	True	631	1.9396229982376099
hum_processing	d_dot_high_impact_control	14	generated_token_8	73	264	 a	True	675	0.37540552020072937
hum_processing	d_dot_high_impact_control	15	generated_token_8	73	264	 a	True	762	0.40698036551475525
hum_processing	d_dot_high_impact_control	16	generated_token_8	73	264	 a	True	769	0.37041226029396057
hum_processing	d_dot_high_impact_control	24	generated_token_8	73	264	 a	True	843	0.6152294278144836
hum_processing	d_dot_high_impact_control	25	generated_token_8	73	264	 a	True	799	0.7049403786659241
hum_processing	d_dot_high_impact_control	26	generated_token_8	73	264	 a	True	723	0.810002326965332
hum_processing	d_dot_high_impact_control	14	generated_token_16	81	314	 of	True	498	0.34291794896125793
hum_processing	d_dot_high_impact_control	15	generated_token_16	81	314	 of	True	694	0.3835113048553467
hum_processing	d_dot_high_impact_control	16	generated_token_16	81	314	 of	True	826	0.45326483249664307
hum_processing	d_dot_high_impact_control	24	generated_token_16	81	314	 of	True	645	0.6956725716590881
hum_processing	d_dot_high_impact_control	25	generated_token_16	81	314	 of	True	692	0.7530150413513184
hum_processing	d_dot_high_impact_control	26	generated_token_16	81	314	 of	True	622	0.6972204446792603
hum_processing	d_dot_high_impact_control	14	generated_token_32	97	369	 is	True	1106	0.48182472586631775
hum_processing	d_dot_high_impact_control	15	generated_token_32	97	369	 is	True	1144	0.49174606800079346
hum_processing	d_dot_high_impact_control	16	generated_token_32	97	369	 is	True	1114	0.4870240390300751
hum_processing	d_dot_high_impact_control	24	generated_token_32	97	369	 is	True	984	0.8164575099945068
hum_processing	d_dot_high_impact_control	25	generated_token_32	97	369	 is	True	1131	0.7972096800804138
hum_processing	d_dot_high_impact_control	26	generated_token_32	97	369	 is	True	1025	0.8085227012634277
hum_processing	d_dot_high_impact_control	14	generated_token_64	129	328	" """	True	313	0.8513611555099487
hum_processing	d_dot_high_impact_control	15	generated_token_64	129	328	" """	True	440	0.7618649005889893
hum_processing	d_dot_high_impact_control	16	generated_token_64	129	328	" """	True	492	0.9034892320632935
hum_processing	d_dot_high_impact_control	24	generated_token_64	129	328	" """	True	519	1.51775324344635
hum_processing	d_dot_high_impact_control	25	generated_token_64	129	328	" """	True	600	1.4617717266082764
hum_processing	d_dot_high_impact_control	26	generated_token_64	129	328	" """	True	495	1.4440891742706299
strange_loop	ascii_baseline	14	final_prompt_token	48	13	.	True	656	0.6145892143249512
strange_loop	ascii_baseline	15	final_prompt_token	48	13	.	True	886	0.84309983253479
strange_loop	ascii_baseline	16	final_prompt_token	48	13	.	True	819	1.1750736236572266
strange_loop	ascii_baseline	24	final_prompt_token	48	13	.	True	765	1.2621920108795166
strange_loop	ascii_baseline	25	final_prompt_token	48	13	.	True	759	1.2867505550384521
strange_loop	ascii_baseline	26	final_prompt_token	48	13	.	True	771	1.0693869590759277
strange_loop	ascii_baseline	14	generated_token_1	49	271	"

"	True	517	1.2510405778884888
strange_loop	ascii_baseline	15	generated_token_1	49	271	"

"	True	820	1.3230317831039429
strange_loop	ascii_baseline	16	generated_token_1	49	271	"

"	True	666	1.1728100776672363
strange_loop	ascii_baseline	24	generated_token_1	49	271	"

"	True	653	1.350102186203003
strange_loop	ascii_baseline	25	generated_token_1	49	271	"

"	True	573	1.3463517427444458
strange_loop	ascii_baseline	26	generated_token_1	49	271	"

"	True	580	2.122390031814575
strange_loop	ascii_baseline	14	generated_token_8	56	264	 a	True	556	0.4520881175994873
strange_loop	ascii_baseline	15	generated_token_8	56	264	 a	True	789	0.40525341033935547
strange_loop	ascii_baseline	16	generated_token_8	56	264	 a	True	728	0.323451966047287
strange_loop	ascii_baseline	24	generated_token_8	56	264	 a	True	679	0.5163586735725403
strange_loop	ascii_baseline	25	generated_token_8	56	264	 a	True	680	0.5443255305290222
strange_loop	ascii_baseline	26	generated_token_8	56	264	 a	True	572	0.6226328611373901
strange_loop	ascii_baseline	14	generated_token_16	64	700	odel	True	735	0.6968874931335449
strange_loop	ascii_baseline	15	generated_token_16	64	700	odel	True	1035	1.4279381036758423
strange_loop	ascii_baseline	16	generated_token_16	64	700	odel	True	939	1.2353967428207397
strange_loop	ascii_baseline	24	generated_token_16	64	700	odel	True	1095	0.767895519733429
strange_loop	ascii_baseline	25	generated_token_16	64	700	odel	True	1028	0.7869514226913452
strange_loop	ascii_baseline	26	generated_token_16	64	700	odel	True	1013	0.7742555141448975
strange_loop	ascii_baseline	14	generated_token_32	80	264	 a	True	657	0.6038179397583008
strange_loop	ascii_baseline	15	generated_token_32	80	264	 a	True	779	0.6434791088104248
strange_loop	ascii_baseline	16	generated_token_32	80	264	 a	True	808	0.6603893041610718
strange_loop	ascii_baseline	24	generated_token_32	80	264	 a	True	836	1.2616682052612305
strange_loop	ascii_baseline	25	generated_token_32	80	264	 a	True	989	1.3802807331085205
strange_loop	ascii_baseline	26	generated_token_32	80	264	 a	True	795	1.4149624109268188
strange_loop	ascii_baseline	14	generated_token_64	112	279	 the	True	520	0.6312108635902405
strange_loop	ascii_baseline	15	generated_token_64	112	279	 the	True	611	0.5981104969978333
strange_loop	ascii_baseline	16	generated_token_64	112	279	 the	True	614	0.6327078938484192
strange_loop	ascii_baseline	24	generated_token_64	112	279	 the	True	676	1.053969144821167
strange_loop	ascii_baseline	25	generated_token_64	112	279	 the	True	764	1.071220874786377
strange_loop	ascii_baseline	26	generated_token_64	112	279	 the	True	686	1.1196351051330566
strange_loop	light_global_mixed	14	final_prompt_token	86	13	.	True	655	0.5312210321426392
strange_loop	light_global_mixed	15	final_prompt_token	86	13	.	True	802	0.7157533168792725
strange_loop	light_global_mixed	16	final_prompt_token	86	13	.	True	848	0.9636498093605042
strange_loop	light_global_mixed	24	final_prompt_token	86	13	.	True	871	1.0956746339797974
strange_loop	light_global_mixed	25	final_prompt_token	86	13	.	True	837	1.2513823509216309
strange_loop	light_global_mixed	26	final_prompt_token	86	13	.	True	874	1.6809747219085693
strange_loop	light_global_mixed	14	generated_token_1	87	271	"

"	True	475	0.7197734117507935
strange_loop	light_global_mixed	15	generated_token_1	87	271	"

"	True	754	0.9383524060249329
strange_loop	light_global_mixed	16	generated_token_1	87	271	"

"	True	714	0.6799405813217163
strange_loop	light_global_mixed	24	generated_token_1	87	271	"

"	True	646	1.1831494569778442
strange_loop	light_global_mixed	25	generated_token_1	87	271	"

"	True	541	1.2165310382843018
strange_loop	light_global_mixed	26	generated_token_1	87	271	"

"	True	618	1.82499361038208
strange_loop	light_global_mixed	14	generated_token_8	94	264	 a	True	618	0.38388657569885254
strange_loop	light_global_mixed	15	generated_token_8	94	264	 a	True	853	0.3744034469127655
strange_loop	light_global_mixed	16	generated_token_8	94	264	 a	True	750	0.33292388916015625
strange_loop	light_global_mixed	24	generated_token_8	94	264	 a	True	631	0.5773690342903137
strange_loop	light_global_mixed	25	generated_token_8	94	264	 a	True	646	0.5910604596138
strange_loop	light_global_mixed	26	generated_token_8	94	264	 a	True	583	0.604433536529541
strange_loop	light_global_mixed	14	generated_token_16	102	8762	cher	True	1312	0.64561527967453
strange_loop	light_global_mixed	15	generated_token_16	102	8762	cher	True	1791	0.714904248714447
strange_loop	light_global_mixed	16	generated_token_16	102	8762	cher	True	1587	0.6681193113327026
strange_loop	light_global_mixed	24	generated_token_16	102	8762	cher	True	1438	1.6203062534332275
strange_loop	light_global_mixed	25	generated_token_16	102	8762	cher	True	1345	1.2896214723587036
strange_loop	light_global_mixed	26	generated_token_16	102	8762	cher	True	1420	1.5266625881195068
strange_loop	light_global_mixed	14	generated_token_32	118	23731	-des	True	665	0.8682927489280701
strange_loop	light_global_mixed	15	generated_token_32	118	23731	-des	True	913	0.8183488249778748
strange_loop	light_global_mixed	16	generated_token_32	118	23731	-des	True	907	0.8834083080291748
strange_loop	light_global_mixed	24	generated_token_32	118	23731	-des	True	1118	1.0062270164489746
strange_loop	light_global_mixed	25	generated_token_32	118	23731	-des	True	1234	0.9726347327232361
strange_loop	light_global_mixed	26	generated_token_32	118	23731	-des	True	984	1.1112756729125977
strange_loop	light_global_mixed	14	generated_token_64	150	6136	 loop	True	501	1.2031185626983643
strange_loop	light_global_mixed	15	generated_token_64	150	6136	 loop	True	629	1.1645352840423584
strange_loop	light_global_mixed	16	generated_token_64	150	6136	 loop	True	726	1.1851162910461426
strange_loop	light_global_mixed	24	generated_token_64	150	6136	 loop	True	769	1.6620426177978516
strange_loop	light_global_mixed	25	generated_token_64	150	6136	 loop	True	785	1.7397077083587646
strange_loop	light_global_mixed	26	generated_token_64	150	6136	 loop	True	677	1.6722462177276611
strange_loop	light_high_impact_mixed	14	final_prompt_token	103	13	.	True	712	0.6359672546386719
strange_loop	light_high_impact_mixed	15	final_prompt_token	103	13	.	True	877	0.7060537338256836
strange_loop	light_high_impact_mixed	16	final_prompt_token	103	13	.	True	829	0.9875974059104919
strange_loop	light_high_impact_mixed	24	final_prompt_token	103	13	.	True	812	1.0731202363967896
strange_loop	light_high_impact_mixed	25	final_prompt_token	103	13	.	True	773	1.1959329843521118
strange_loop	light_high_impact_mixed	26	final_prompt_token	103	13	.	True	779	0.9808666706085205
strange_loop	light_high_impact_mixed	14	generated_token_1	104	271	"

"	True	566	0.9846470355987549
strange_loop	light_high_impact_mixed	15	generated_token_1	104	271	"

"	True	860	1.1740951538085938
strange_loop	light_high_impact_mixed	16	generated_token_1	104	271	"

"	True	756	1.0364000797271729
strange_loop	light_high_impact_mixed	24	generated_token_1	104	271	"

"	True	665	1.3432896137237549
strange_loop	light_high_impact_mixed	25	generated_token_1	104	271	"

"	True	548	1.3094806671142578
strange_loop	light_high_impact_mixed	26	generated_token_1	104	271	"

"	True	629	1.9885034561157227
strange_loop	light_high_impact_mixed	14	generated_token_8	111	264	 a	True	628	0.3809089958667755
strange_loop	light_high_impact_mixed	15	generated_token_8	111	264	 a	True	1003	0.4477059543132782
strange_loop	light_high_impact_mixed	16	generated_token_8	111	264	 a	True	1034	0.3336499333381653
strange_loop	light_high_impact_mixed	24	generated_token_8	111	264	 a	True	882	0.5418194532394409
strange_loop	light_high_impact_mixed	25	generated_token_8	111	264	 a	True	1030	0.538254976272583
strange_loop	light_high_impact_mixed	26	generated_token_8	111	264	 a	True	927	0.6060739755630493
strange_loop	light_high_impact_mixed	14	generated_token_16	119	28244	 orth	True	510	0.9953372478485107
strange_loop	light_high_impact_mixed	15	generated_token_16	119	28244	 orth	True	671	0.9872958660125732
strange_loop	light_high_impact_mixed	16	generated_token_16	119	28244	 orth	True	664	0.8773651719093323
strange_loop	light_high_impact_mixed	24	generated_token_16	119	28244	 orth	True	805	0.9028407335281372
strange_loop	light_high_impact_mixed	25	generated_token_16	119	28244	 orth	True	783	0.9175376892089844
strange_loop	light_high_impact_mixed	26	generated_token_16	119	28244	 orth	True	758	0.9151113033294678
strange_loop	light_high_impact_mixed	14	generated_token_32	135	264	 a	True	474	0.539071798324585
strange_loop	light_high_impact_mixed	15	generated_token_32	135	264	 a	True	614	0.5679470300674438
strange_loop	light_high_impact_mixed	16	generated_token_32	135	264	 a	True	676	0.6872137784957886
strange_loop	light_high_impact_mixed	24	generated_token_32	135	264	 a	True	848	1.1145455837249756
strange_loop	light_high_impact_mixed	25	generated_token_32	135	264	 a	True	861	1.1964607238769531
strange_loop	light_high_impact_mixed	26	generated_token_32	135	264	 a	True	832	1.2273948192596436
strange_loop	light_high_impact_mixed	14	generated_token_64	167	4558	" 

"	True	340	1.776450276374817
strange_loop	light_high_impact_mixed	15	generated_token_64	167	4558	" 

"	True	408	1.350929856300354
strange_loop	light_high_impact_mixed	16	generated_token_64	167	4558	" 

"	True	394	1.1276953220367432
strange_loop	light_high_impact_mixed	24	generated_token_64	167	4558	" 

"	True	282	1.7370355129241943
strange_loop	light_high_impact_mixed	25	generated_token_64	167	4558	" 

"	True	254	1.9726506471633911
strange_loop	light_high_impact_mixed	26	generated_token_64	167	4558	" 

"	True	194	2.629005193710327
strange_loop	dcedilla_shuffled_light	14	final_prompt_token	59	13	.	True	680	0.6522297859191895
strange_loop	dcedilla_shuffled_light	15	final_prompt_token	59	13	.	True	818	0.6526695489883423
strange_loop	dcedilla_shuffled_light	16	final_prompt_token	59	13	.	True	801	1.0523496866226196
strange_loop	dcedilla_shuffled_light	24	final_prompt_token	59	13	.	True	803	0.9910463094711304
strange_loop	dcedilla_shuffled_light	25	final_prompt_token	59	13	.	True	779	1.1314677000045776
strange_loop	dcedilla_shuffled_light	26	final_prompt_token	59	13	.	True	719	0.6989406943321228
strange_loop	dcedilla_shuffled_light	14	generated_token_1	60	271	"

"	True	494	0.6975926160812378
strange_loop	dcedilla_shuffled_light	15	generated_token_1	60	271	"

"	True	717	0.9180115461349487
strange_loop	dcedilla_shuffled_light	16	generated_token_1	60	271	"

"	True	744	0.878984272480011
strange_loop	dcedilla_shuffled_light	24	generated_token_1	60	271	"

"	True	606	1.3025752305984497
strange_loop	dcedilla_shuffled_light	25	generated_token_1	60	271	"

"	True	537	1.2701727151870728
strange_loop	dcedilla_shuffled_light	26	generated_token_1	60	271	"

"	True	560	1.9577558040618896
strange_loop	dcedilla_shuffled_light	14	generated_token_8	67	264	 a	True	529	0.45549702644348145
strange_loop	dcedilla_shuffled_light	15	generated_token_8	67	264	 a	True	727	0.4280663728713989
strange_loop	dcedilla_shuffled_light	16	generated_token_8	67	264	 a	True	722	0.3244679272174835
strange_loop	dcedilla_shuffled_light	24	generated_token_8	67	264	 a	True	690	0.5191982984542847
strange_loop	dcedilla_shuffled_light	25	generated_token_8	67	264	 a	True	701	0.5295109152793884
strange_loop	dcedilla_shuffled_light	26	generated_token_8	67	264	 a	True	593	0.6499307155609131
strange_loop	dcedilla_shuffled_light	14	generated_token_16	75	700	odel	True	736	0.6993101835250854
strange_loop	dcedilla_shuffled_light	15	generated_token_16	75	700	odel	True	1006	1.3923465013504028
strange_loop	dcedilla_shuffled_light	16	generated_token_16	75	700	odel	True	956	1.1900107860565186
strange_loop	dcedilla_shuffled_light	24	generated_token_16	75	700	odel	True	1084	0.775059163570404
strange_loop	dcedilla_shuffled_light	25	generated_token_16	75	700	odel	True	1011	0.8034861087799072
strange_loop	dcedilla_shuffled_light	26	generated_token_16	75	700	odel	True	960	0.7806971073150635
strange_loop	dcedilla_shuffled_light	14	generated_token_32	91	310	 to	True	453	0.7194058895111084
strange_loop	dcedilla_shuffled_light	15	generated_token_32	91	310	 to	True	1034	0.7323701977729797
strange_loop	dcedilla_shuffled_light	16	generated_token_32	91	310	 to	True	773	0.6224856376647949
strange_loop	dcedilla_shuffled_light	24	generated_token_32	91	310	 to	True	935	0.7937667965888977
strange_loop	dcedilla_shuffled_light	25	generated_token_32	91	310	 to	True	831	0.8944742679595947
strange_loop	dcedilla_shuffled_light	26	generated_token_32	91	310	 to	True	692	0.6330145597457886
strange_loop	dcedilla_shuffled_light	14	generated_token_64	123	638	 self	True	496	0.9192814826965332
strange_loop	dcedilla_shuffled_light	15	generated_token_64	123	638	 self	True	728	0.7706743478775024
strange_loop	dcedilla_shuffled_light	16	generated_token_64	123	638	 self	True	778	0.7677642107009888
strange_loop	dcedilla_shuffled_light	24	generated_token_64	123	638	 self	True	758	1.2492356300354004
strange_loop	dcedilla_shuffled_light	25	generated_token_64	123	638	 self	True	784	1.3327972888946533
strange_loop	dcedilla_shuffled_light	26	generated_token_64	123	638	 self	True	665	1.2252209186553955
strange_loop	dcedilla_high_impact	14	final_prompt_token	59	13	.	True	664	0.6224181652069092
strange_loop	dcedilla_high_impact	15	final_prompt_token	59	13	.	True	850	0.7966551184654236
strange_loop	dcedilla_high_impact	16	final_prompt_token	59	13	.	True	801	1.171726942062378
strange_loop	dcedilla_high_impact	24	final_prompt_token	59	13	.	True	795	1.232154130935669
strange_loop	dcedilla_high_impact	25	final_prompt_token	59	13	.	True	764	1.3050588369369507
strange_loop	dcedilla_high_impact	26	final_prompt_token	59	13	.	True	799	1.2410013675689697
strange_loop	dcedilla_high_impact	14	generated_token_1	60	271	"

"	True	484	0.9609233140945435
strange_loop	dcedilla_high_impact	15	generated_token_1	60	271	"

"	True	747	1.2001044750213623
strange_loop	dcedilla_high_impact	16	generated_token_1	60	271	"

"	True	641	1.0828518867492676
strange_loop	dcedilla_high_impact	24	generated_token_1	60	271	"

"	True	656	1.3326737880706787
strange_loop	dcedilla_high_impact	25	generated_token_1	60	271	"

"	True	569	1.3080488443374634
strange_loop	dcedilla_high_impact	26	generated_token_1	60	271	"

"	True	625	2.0185606479644775
strange_loop	dcedilla_high_impact	14	generated_token_8	67	264	 a	True	596	0.3720332384109497
strange_loop	dcedilla_high_impact	15	generated_token_8	67	264	 a	True	869	0.4114745855331421
strange_loop	dcedilla_high_impact	16	generated_token_8	67	264	 a	True	764	0.3293389678001404
strange_loop	dcedilla_high_impact	24	generated_token_8	67	264	 a	True	703	0.542010486125946
strange_loop	dcedilla_high_impact	25	generated_token_8	67	264	 a	True	723	0.5234533548355103
strange_loop	dcedilla_high_impact	26	generated_token_8	67	264	 a	True	627	0.6387429237365723
strange_loop	dcedilla_high_impact	14	generated_token_16	75	303	 in	True	413	0.6482579708099365
strange_loop	dcedilla_high_impact	15	generated_token_16	75	303	 in	True	598	0.6698993444442749
strange_loop	dcedilla_high_impact	16	generated_token_16	75	303	 in	True	652	0.7249988317489624
strange_loop	dcedilla_high_impact	24	generated_token_16	75	303	 in	True	556	1.1349698305130005
strange_loop	dcedilla_high_impact	25	generated_token_16	75	303	 in	True	518	1.2184828519821167
strange_loop	dcedilla_high_impact	26	generated_token_16	75	303	 in	True	494	1.2226006984710693
strange_loop	dcedilla_high_impact	14	generated_token_32	91	42092	cribing	True	681	0.9256589412689209
strange_loop	dcedilla_high_impact	15	generated_token_32	91	42092	cribing	True	940	0.715216875076294
strange_loop	dcedilla_high_impact	16	generated_token_32	91	42092	cribing	True	933	0.8568819165229797
strange_loop	dcedilla_high_impact	24	generated_token_32	91	42092	cribing	True	1023	1.1978964805603027
strange_loop	dcedilla_high_impact	25	generated_token_32	91	42092	cribing	True	1240	1.164381504058838
strange_loop	dcedilla_high_impact	26	generated_token_32	91	42092	cribing	True	1068	1.1907305717468262
strange_loop	dcedilla_high_impact	14	generated_token_64	123	579	's	True	987	0.5121831893920898
strange_loop	dcedilla_high_impact	15	generated_token_64	123	579	's	True	1118	0.3237367272377014
strange_loop	dcedilla_high_impact	16	generated_token_64	123	579	's	True	1011	0.4627726078033447
strange_loop	dcedilla_high_impact	24	generated_token_64	123	579	's	True	875	1.0924428701400757
strange_loop	dcedilla_high_impact	25	generated_token_64	123	579	's	True	956	0.8568850755691528
strange_loop	dcedilla_high_impact	26	generated_token_64	123	579	's	True	848	1.1717779636383057
strange_loop	dense_global_mixed	14	final_prompt_token	244	13	.	True	1034	0.5739686489105225
strange_loop	dense_global_mixed	15	final_prompt_token	244	13	.	True	1030	0.6572041511535645
strange_loop	dense_global_mixed	16	final_prompt_token	244	13	.	True	1181	0.8774276375770569
strange_loop	dense_global_mixed	24	final_prompt_token	244	13	.	True	1120	1.1106903553009033
strange_loop	dense_global_mixed	25	final_prompt_token	244	13	.	True	1077	1.2132588624954224
strange_loop	dense_global_mixed	26	final_prompt_token	244	13	.	True	1206	1.3949992656707764
strange_loop	dense_global_mixed	14	generated_token_1	245	271	"

"	True	439	0.7970156669616699
strange_loop	dense_global_mixed	15	generated_token_1	245	271	"

"	True	663	1.2079766988754272
strange_loop	dense_global_mixed	16	generated_token_1	245	271	"

"	True	735	1.0404973030090332
strange_loop	dense_global_mixed	24	generated_token_1	245	271	"

"	True	660	1.4107245206832886
strange_loop	dense_global_mixed	25	generated_token_1	245	271	"

"	True	600	1.4419629573822021
strange_loop	dense_global_mixed	26	generated_token_1	245	271	"

"	True	648	2.262310266494751
strange_loop	dense_global_mixed	14	generated_token_8	252	264	 a	True	599	0.4386155307292938
strange_loop	dense_global_mixed	15	generated_token_8	252	264	 a	True	642	0.446102112531662
strange_loop	dense_global_mixed	16	generated_token_8	252	264	 a	True	835	0.4063415825366974
strange_loop	dense_global_mixed	24	generated_token_8	252	264	 a	True	738	0.804934561252594
strange_loop	dense_global_mixed	25	generated_token_8	252	264	 a	True	702	0.883963406085968
strange_loop	dense_global_mixed	26	generated_token_8	252	264	 a	True	662	0.9617578983306885
strange_loop	dense_global_mixed	14	generated_token_16	260	675	ple	True	571	1.3568732738494873
strange_loop	dense_global_mixed	15	generated_token_16	260	675	ple	True	782	1.1857519149780273
strange_loop	dense_global_mixed	16	generated_token_16	260	675	ple	True	948	0.9815185070037842
strange_loop	dense_global_mixed	24	generated_token_16	260	675	ple	True	891	0.9817266464233398
strange_loop	dense_global_mixed	25	generated_token_16	260	675	ple	True	1008	0.9165303707122803
strange_loop	dense_global_mixed	26	generated_token_16	260	675	ple	True	791	0.7839104533195496
strange_loop	dense_global_mixed	14	generated_token_32	276	264	 a	True	481	0.5382163524627686
strange_loop	dense_global_mixed	15	generated_token_32	276	264	 a	True	693	0.5840989351272583
strange_loop	dense_global_mixed	16	generated_token_32	276	264	 a	True	790	0.5773113965988159
strange_loop	dense_global_mixed	24	generated_token_32	276	264	 a	True	760	1.149505615234375
strange_loop	dense_global_mixed	25	generated_token_32	276	264	 a	True	760	1.2782526016235352
strange_loop	dense_global_mixed	26	generated_token_32	276	264	 a	True	675	1.3272591829299927
strange_loop	dense_global_mixed	14	generated_token_64	308	310	 to	True	407	0.42595067620277405
strange_loop	dense_global_mixed	15	generated_token_64	308	310	 to	True	423	0.4014838933944702
strange_loop	dense_global_mixed	16	generated_token_64	308	310	 to	True	410	0.43981480598449707
strange_loop	dense_global_mixed	24	generated_token_64	308	310	 to	True	445	1.0209909677505493
strange_loop	dense_global_mixed	25	generated_token_64	308	310	 to	True	509	0.7479668259620667
strange_loop	dense_global_mixed	26	generated_token_64	308	310	 to	True	391	0.7695735096931458
strange_loop	dense_dcedilla_all	14	final_prompt_token	76	13	.	True	678	0.6070691347122192
strange_loop	dense_dcedilla_all	15	final_prompt_token	76	13	.	True	815	0.5932233333587646
strange_loop	dense_dcedilla_all	16	final_prompt_token	76	13	.	True	785	0.9394321441650391
strange_loop	dense_dcedilla_all	24	final_prompt_token	76	13	.	True	804	0.9357638359069824
strange_loop	dense_dcedilla_all	25	final_prompt_token	76	13	.	True	774	1.0791996717453003
strange_loop	dense_dcedilla_all	26	final_prompt_token	76	13	.	True	763	0.809009313583374
strange_loop	dense_dcedilla_all	14	generated_token_1	77	271	"

"	True	518	0.8247723579406738
strange_loop	dense_dcedilla_all	15	generated_token_1	77	271	"

"	True	760	1.0730842351913452
strange_loop	dense_dcedilla_all	16	generated_token_1	77	271	"

"	True	695	0.9594860076904297
strange_loop	dense_dcedilla_all	24	generated_token_1	77	271	"

"	True	601	1.232235312461853
strange_loop	dense_dcedilla_all	25	generated_token_1	77	271	"

"	True	528	1.1963812112808228
strange_loop	dense_dcedilla_all	26	generated_token_1	77	271	"

"	True	591	2.0036072731018066
strange_loop	dense_dcedilla_all	14	generated_token_8	84	264	 a	True	651	0.3559681475162506
strange_loop	dense_dcedilla_all	15	generated_token_8	84	264	 a	True	955	0.40846869349479675
strange_loop	dense_dcedilla_all	16	generated_token_8	84	264	 a	True	806	0.32175132632255554
strange_loop	dense_dcedilla_all	24	generated_token_8	84	264	 a	True	727	0.5153302550315857
strange_loop	dense_dcedilla_all	25	generated_token_8	84	264	 a	True	714	0.536038339138031
strange_loop	dense_dcedilla_all	26	generated_token_8	84	264	 a	True	641	0.7029579877853394
strange_loop	dense_dcedilla_all	14	generated_token_16	92	9302	del	True	665	0.6008687615394592
strange_loop	dense_dcedilla_all	15	generated_token_16	92	9302	del	True	960	1.2458040714263916
strange_loop	dense_dcedilla_all	16	generated_token_16	92	9302	del	True	923	1.117950439453125
strange_loop	dense_dcedilla_all	24	generated_token_16	92	9302	del	True	1055	0.7017226219177246
strange_loop	dense_dcedilla_all	25	generated_token_16	92	9302	del	True	924	0.7271948456764221
strange_loop	dense_dcedilla_all	26	generated_token_16	92	9302	del	True	904	0.74662846326828
strange_loop	dense_dcedilla_all	14	generated_token_32	108	1204	 how	True	337	0.934657096862793
strange_loop	dense_dcedilla_all	15	generated_token_32	108	1204	 how	True	481	1.2443263530731201
strange_loop	dense_dcedilla_all	16	generated_token_32	108	1204	 how	True	531	1.0284745693206787
strange_loop	dense_dcedilla_all	24	generated_token_32	108	1204	 how	True	625	1.256996512413025
strange_loop	dense_dcedilla_all	25	generated_token_32	108	1204	 how	True	697	1.1932045221328735
strange_loop	dense_dcedilla_all	26	generated_token_32	108	1204	 how	True	561	1.4798997640609741
strange_loop	dense_dcedilla_all	14	generated_token_64	140	303	 in	True	417	0.6671278476715088
strange_loop	dense_dcedilla_all	15	generated_token_64	140	303	 in	True	614	0.6709780693054199
strange_loop	dense_dcedilla_all	16	generated_token_64	140	303	 in	True	639	0.7294260263442993
strange_loop	dense_dcedilla_all	24	generated_token_64	140	303	 in	True	599	1.2436802387237549
strange_loop	dense_dcedilla_all	25	generated_token_64	140	303	 in	True	589	1.1546952724456787
strange_loop	dense_dcedilla_all	26	generated_token_64	140	303	 in	True	585	1.1441593170166016
strange_loop	token_count_matched_ascii_noise	14	final_prompt_token	244	13	.	True	701	0.5277016758918762
strange_loop	token_count_matched_ascii_noise	15	final_prompt_token	244	13	.	True	834	0.8275870084762573
strange_loop	token_count_matched_ascii_noise	16	final_prompt_token	244	13	.	True	879	1.155949592590332
strange_loop	token_count_matched_ascii_noise	24	final_prompt_token	244	13	.	True	763	1.268726110458374
strange_loop	token_count_matched_ascii_noise	25	final_prompt_token	244	13	.	True	838	1.4155970811843872
strange_loop	token_count_matched_ascii_noise	26	final_prompt_token	244	13	.	True	858	1.3537795543670654
strange_loop	token_count_matched_ascii_noise	14	generated_token_1	245	271	"

"	True	571	0.7452545166015625
strange_loop	token_count_matched_ascii_noise	15	generated_token_1	245	271	"

"	True	827	0.9948819875717163
strange_loop	token_count_matched_ascii_noise	16	generated_token_1	245	271	"

"	True	793	0.8689879179000854
strange_loop	token_count_matched_ascii_noise	24	generated_token_1	245	271	"

"	True	743	1.3820827007293701
strange_loop	token_count_matched_ascii_noise	25	generated_token_1	245	271	"

"	True	598	1.4257652759552002
strange_loop	token_count_matched_ascii_noise	26	generated_token_1	245	271	"

"	True	636	2.025500774383545
strange_loop	token_count_matched_ascii_noise	14	generated_token_8	252	29812	 recursive	True	551	1.2381491661071777
strange_loop	token_count_matched_ascii_noise	15	generated_token_8	252	29812	 recursive	True	681	1.136441707611084
strange_loop	token_count_matched_ascii_noise	16	generated_token_8	252	29812	 recursive	True	758	0.9200336933135986
strange_loop	token_count_matched_ascii_noise	24	generated_token_8	252	29812	 recursive	True	815	1.5643556118011475
strange_loop	token_count_matched_ascii_noise	25	generated_token_8	252	29812	 recursive	True	926	1.6143429279327393
strange_loop	token_count_matched_ascii_noise	26	generated_token_8	252	29812	 recursive	True	831	1.489932656288147
strange_loop	token_count_matched_ascii_noise	14	generated_token_16	260	5759	 structure	True	572	1.0255517959594727
strange_loop	token_count_matched_ascii_noise	15	generated_token_16	260	5759	 structure	True	652	1.001869559288025
strange_loop	token_count_matched_ascii_noise	16	generated_token_16	260	5759	 structure	True	767	1.035727620124817
strange_loop	token_count_matched_ascii_noise	24	generated_token_16	260	5759	 structure	True	925	1.4961425065994263
strange_loop	token_count_matched_ascii_noise	25	generated_token_16	260	5759	 structure	True	1045	1.4519459009170532
strange_loop	token_count_matched_ascii_noise	26	generated_token_16	260	5759	 structure	True	917	1.5500779151916504
strange_loop	token_count_matched_ascii_noise	14	generated_token_32	276	279	 the	True	443	0.5962194204330444
strange_loop	token_count_matched_ascii_noise	15	generated_token_32	276	279	 the	True	612	0.5882289409637451
strange_loop	token_count_matched_ascii_noise	16	generated_token_32	276	279	 the	True	599	0.608642041683197
strange_loop	token_count_matched_ascii_noise	24	generated_token_32	276	279	 the	True	735	1.140149712562561
strange_loop	token_count_matched_ascii_noise	25	generated_token_32	276	279	 the	True	796	1.1972098350524902
strange_loop	token_count_matched_ascii_noise	26	generated_token_32	276	279	 the	True	672	1.2122137546539307
strange_loop	token_count_matched_ascii_noise	14	generated_token_64	308	11	,	True	622	0.36576730012893677
strange_loop	token_count_matched_ascii_noise	15	generated_token_64	308	11	,	True	823	0.5015460252761841
strange_loop	token_count_matched_ascii_noise	16	generated_token_64	308	11	,	True	758	0.45390641689300537
strange_loop	token_count_matched_ascii_noise	24	generated_token_64	308	11	,	True	802	0.5996419191360474
strange_loop	token_count_matched_ascii_noise	25	generated_token_64	308	11	,	True	745	0.7224421501159668
strange_loop	token_count_matched_ascii_noise	26	generated_token_64	308	11	,	True	696	0.9801108837127686
strange_loop	visual_ascii_control	14	final_prompt_token	82	13	.	True	690	0.6185847520828247
strange_loop	visual_ascii_control	15	final_prompt_token	82	13	.	True	842	0.7509890794754028
strange_loop	visual_ascii_control	16	final_prompt_token	82	13	.	True	840	1.103898525238037
strange_loop	visual_ascii_control	24	final_prompt_token	82	13	.	True	788	1.0737215280532837
strange_loop	visual_ascii_control	25	final_prompt_token	82	13	.	True	817	1.2218574285507202
strange_loop	visual_ascii_control	26	final_prompt_token	82	13	.	True	814	0.8839998245239258
strange_loop	visual_ascii_control	14	generated_token_1	83	271	"

"	True	538	0.5118863582611084
strange_loop	visual_ascii_control	15	generated_token_1	83	271	"

"	True	735	1.0326106548309326
strange_loop	visual_ascii_control	16	generated_token_1	83	271	"

"	True	793	0.9241016507148743
strange_loop	visual_ascii_control	24	generated_token_1	83	271	"

"	True	736	1.2490193843841553
strange_loop	visual_ascii_control	25	generated_token_1	83	271	"

"	True	649	1.2670409679412842
strange_loop	visual_ascii_control	26	generated_token_1	83	271	"

"	True	682	1.991117238998413
strange_loop	visual_ascii_control	14	generated_token_8	90	264	 a	True	588	0.4246866703033447
strange_loop	visual_ascii_control	15	generated_token_8	90	264	 a	True	851	0.40106508135795593
strange_loop	visual_ascii_control	16	generated_token_8	90	264	 a	True	824	0.32865411043167114
strange_loop	visual_ascii_control	24	generated_token_8	90	264	 a	True	722	0.5090619325637817
strange_loop	visual_ascii_control	25	generated_token_8	90	264	 a	True	737	0.5063280463218689
strange_loop	visual_ascii_control	26	generated_token_8	90	264	 a	True	622	0.6595351696014404
strange_loop	visual_ascii_control	14	generated_token_16	98	303	 in	True	405	0.6544968485832214
strange_loop	visual_ascii_control	15	generated_token_16	98	303	 in	True	562	0.6795768737792969
strange_loop	visual_ascii_control	16	generated_token_16	98	303	 in	True	576	0.7356715202331543
strange_loop	visual_ascii_control	24	generated_token_16	98	303	 in	True	533	1.095940351486206
strange_loop	visual_ascii_control	25	generated_token_16	98	303	 in	True	556	1.1897376775741577
strange_loop	visual_ascii_control	26	generated_token_16	98	303	 in	True	500	1.1803832054138184
strange_loop	visual_ascii_control	14	generated_token_32	114	12261	 patterns	True	626	1.046196699142456
strange_loop	visual_ascii_control	15	generated_token_32	114	12261	 patterns	True	708	1.152101993560791
strange_loop	visual_ascii_control	16	generated_token_32	114	12261	 patterns	True	812	1.1362859010696411
strange_loop	visual_ascii_control	24	generated_token_32	114	12261	 patterns	True	800	1.4637688398361206
strange_loop	visual_ascii_control	25	generated_token_32	114	12261	 patterns	True	883	1.4509103298187256
strange_loop	visual_ascii_control	26	generated_token_32	114	12261	 patterns	True	712	1.5242090225219727
strange_loop	visual_ascii_control	14	generated_token_64	146	5077	 focus	True	257	1.3814359903335571
strange_loop	visual_ascii_control	15	generated_token_64	146	5077	 focus	True	463	1.286527395248413
strange_loop	visual_ascii_control	16	generated_token_64	146	5077	 focus	True	427	1.156663417816162
strange_loop	visual_ascii_control	24	generated_token_64	146	5077	 focus	True	469	1.7566907405853271
strange_loop	visual_ascii_control	25	generated_token_64	146	5077	 focus	True	484	1.4796240329742432
strange_loop	visual_ascii_control	26	generated_token_64	146	5077	 focus	True	414	1.8483169078826904
strange_loop	unicode_nonletter_control	14	final_prompt_token	77	13	.	True	645	0.8297073841094971
strange_loop	unicode_nonletter_control	15	final_prompt_token	77	13	.	True	734	0.6255456805229187
strange_loop	unicode_nonletter_control	16	final_prompt_token	77	13	.	True	780	0.9755041003227234
strange_loop	unicode_nonletter_control	24	final_prompt_token	77	13	.	True	781	0.9753201007843018
strange_loop	unicode_nonletter_control	25	final_prompt_token	77	13	.	True	802	1.2003839015960693
strange_loop	unicode_nonletter_control	26	final_prompt_token	77	13	.	True	740	0.803497314453125
strange_loop	unicode_nonletter_control	14	generated_token_1	78	271	"

"	True	522	0.534377932548523
strange_loop	unicode_nonletter_control	15	generated_token_1	78	271	"

"	True	709	0.8560406565666199
strange_loop	unicode_nonletter_control	16	generated_token_1	78	271	"

"	True	777	0.7780976295471191
strange_loop	unicode_nonletter_control	24	generated_token_1	78	271	"

"	True	625	1.3446860313415527
strange_loop	unicode_nonletter_control	25	generated_token_1	78	271	"

"	True	555	1.317396879196167
strange_loop	unicode_nonletter_control	26	generated_token_1	78	271	"

"	True	589	2.0203213691711426
strange_loop	unicode_nonletter_control	14	generated_token_8	85	264	 a	True	619	0.4951803684234619
strange_loop	unicode_nonletter_control	15	generated_token_8	85	264	 a	True	853	0.4357648193836212
strange_loop	unicode_nonletter_control	16	generated_token_8	85	264	 a	True	788	0.33798328042030334
strange_loop	unicode_nonletter_control	24	generated_token_8	85	264	 a	True	655	0.5449873208999634
strange_loop	unicode_nonletter_control	25	generated_token_8	85	264	 a	True	704	0.556395947933197
strange_loop	unicode_nonletter_control	26	generated_token_8	85	264	 a	True	589	0.7023402452468872
strange_loop	unicode_nonletter_control	14	generated_token_16	93	303	 in	True	427	0.6528979539871216
strange_loop	unicode_nonletter_control	15	generated_token_16	93	303	 in	True	575	0.6730204820632935
strange_loop	unicode_nonletter_control	16	generated_token_16	93	303	 in	True	629	0.7245265245437622
strange_loop	unicode_nonletter_control	24	generated_token_16	93	303	 in	True	548	1.1479310989379883
strange_loop	unicode_nonletter_control	25	generated_token_16	93	303	 in	True	511	1.2107110023498535
strange_loop	unicode_nonletter_control	26	generated_token_16	93	303	 in	True	488	1.229050874710083
strange_loop	unicode_nonletter_control	14	generated_token_32	109	42092	cribing	True	697	0.9213409423828125
strange_loop	unicode_nonletter_control	15	generated_token_32	109	42092	cribing	True	955	0.7651293873786926
strange_loop	unicode_nonletter_control	16	generated_token_32	109	42092	cribing	True	930	0.9029644131660461
strange_loop	unicode_nonletter_control	24	generated_token_32	109	42092	cribing	True	1003	1.2466784715652466
strange_loop	unicode_nonletter_control	25	generated_token_32	109	42092	cribing	True	1181	1.1947081089019775
strange_loop	unicode_nonletter_control	26	generated_token_32	109	42092	cribing	True	997	1.241633415222168
strange_loop	unicode_nonletter_control	14	generated_token_64	141	70157	-reference	True	617	1.0018823146820068
strange_loop	unicode_nonletter_control	15	generated_token_64	141	70157	-reference	True	809	0.750433087348938
strange_loop	unicode_nonletter_control	16	generated_token_64	141	70157	-reference	True	847	0.619438886642456
strange_loop	unicode_nonletter_control	24	generated_token_64	141	70157	-reference	True	903	1.1375000476837158
strange_loop	unicode_nonletter_control	25	generated_token_64	141	70157	-reference	True	952	1.1532037258148193
strange_loop	unicode_nonletter_control	26	generated_token_64	141	70157	-reference	True	844	1.1190545558929443
strange_loop	semantic_shuffle_control	14	final_prompt_token	48	13	.	True	695	0.6435883045196533
strange_loop	semantic_shuffle_control	15	final_prompt_token	48	13	.	True	896	0.665298342704773
strange_loop	semantic_shuffle_control	16	final_prompt_token	48	13	.	True	968	0.6888278722763062
strange_loop	semantic_shuffle_control	24	final_prompt_token	48	13	.	True	1026	1.0937834978103638
strange_loop	semantic_shuffle_control	25	final_prompt_token	48	13	.	True	932	1.05996835231781
strange_loop	semantic_shuffle_control	26	final_prompt_token	48	13	.	True	850	1.0776395797729492
strange_loop	semantic_shuffle_control	14	generated_token_1	49	1061	 This	True	620	0.7886307239532471
strange_loop	semantic_shuffle_control	15	generated_token_1	49	1061	 This	True	820	0.7667364478111267
strange_loop	semantic_shuffle_control	16	generated_token_1	49	1061	 This	True	944	0.795821487903595
strange_loop	semantic_shuffle_control	24	generated_token_1	49	1061	 This	True	858	1.249258041381836
strange_loop	semantic_shuffle_control	25	generated_token_1	49	1061	 This	True	1001	1.372412085533142
strange_loop	semantic_shuffle_control	26	generated_token_1	49	1061	 This	True	747	1.4500432014465332
strange_loop	semantic_shuffle_control	14	generated_token_8	56	369	 is	True	726	0.5657268762588501
strange_loop	semantic_shuffle_control	15	generated_token_8	56	369	 is	True	854	0.5930122137069702
strange_loop	semantic_shuffle_control	16	generated_token_8	56	369	 is	True	754	0.5372457504272461
strange_loop	semantic_shuffle_control	24	generated_token_8	56	369	 is	True	711	0.9873479604721069
strange_loop	semantic_shuffle_control	25	generated_token_8	56	369	 is	True	720	1.0050904750823975
strange_loop	semantic_shuffle_control	26	generated_token_8	56	369	 is	True	688	1.029186487197876
strange_loop	semantic_shuffle_control	14	generated_token_16	64	561	 The	True	716	0.5360884666442871
strange_loop	semantic_shuffle_control	15	generated_token_16	64	561	 The	True	932	0.532974362373352
strange_loop	semantic_shuffle_control	16	generated_token_16	64	561	 The	True	910	0.5538448691368103
strange_loop	semantic_shuffle_control	24	generated_token_16	64	561	 The	True	918	1.095294713973999
strange_loop	semantic_shuffle_control	25	generated_token_16	64	561	 The	True	1003	1.1630263328552246
strange_loop	semantic_shuffle_control	26	generated_token_16	64	561	 The	True	891	1.229742407798767
strange_loop	semantic_shuffle_control	14	generated_token_32	80	5426	 rules	True	464	1.121882438659668
strange_loop	semantic_shuffle_control	15	generated_token_32	80	5426	 rules	True	538	1.062506079673767
strange_loop	semantic_shuffle_control	16	generated_token_32	80	5426	 rules	True	632	1.2036460638046265
strange_loop	semantic_shuffle_control	24	generated_token_32	80	5426	 rules	True	740	1.595678448677063
strange_loop	semantic_shuffle_control	25	generated_token_32	80	5426	 rules	True	731	1.482494592666626
strange_loop	semantic_shuffle_control	26	generated_token_32	80	5426	 rules	True	653	1.5254162549972534
strange_loop	semantic_shuffle_control	14	generated_token_64	112	1785	 system	True	413	1.0963484048843384
strange_loop	semantic_shuffle_control	15	generated_token_64	112	1785	 system	True	601	1.1111552715301514
strange_loop	semantic_shuffle_control	16	generated_token_64	112	1785	 system	True	621	1.1632893085479736
strange_loop	semantic_shuffle_control	24	generated_token_64	112	1785	 system	True	565	1.5580461025238037
strange_loop	semantic_shuffle_control	25	generated_token_64	112	1785	 system	True	646	1.6496407985687256
strange_loop	semantic_shuffle_control	26	generated_token_64	112	1785	 system	True	570	1.6224309206008911
strange_loop	d_dot_high_impact_control	14	final_prompt_token	59	13	.	True	660	0.6314742565155029
strange_loop	d_dot_high_impact_control	15	final_prompt_token	59	13	.	True	835	0.7473797798156738
strange_loop	d_dot_high_impact_control	16	final_prompt_token	59	13	.	True	799	1.1484076976776123
strange_loop	d_dot_high_impact_control	24	final_prompt_token	59	13	.	True	778	1.2255891561508179
strange_loop	d_dot_high_impact_control	25	final_prompt_token	59	13	.	True	763	1.3338783979415894
strange_loop	d_dot_high_impact_control	26	final_prompt_token	59	13	.	True	789	1.177398920059204
strange_loop	d_dot_high_impact_control	14	generated_token_1	60	271	"

"	True	507	0.8638714551925659
strange_loop	d_dot_high_impact_control	15	generated_token_1	60	271	"

"	True	769	1.0739693641662598
strange_loop	d_dot_high_impact_control	16	generated_token_1	60	271	"

"	True	667	0.983495831489563
strange_loop	d_dot_high_impact_control	24	generated_token_1	60	271	"

"	True	622	1.2459638118743896
strange_loop	d_dot_high_impact_control	25	generated_token_1	60	271	"

"	True	530	1.2259243726730347
strange_loop	d_dot_high_impact_control	26	generated_token_1	60	271	"

"	True	592	1.9468594789505005
strange_loop	d_dot_high_impact_control	14	generated_token_8	67	264	 a	True	582	0.3600316345691681
strange_loop	d_dot_high_impact_control	15	generated_token_8	67	264	 a	True	928	0.3963322341442108
strange_loop	d_dot_high_impact_control	16	generated_token_8	67	264	 a	True	758	0.3250718116760254
strange_loop	d_dot_high_impact_control	24	generated_token_8	67	264	 a	True	686	0.5324532985687256
strange_loop	d_dot_high_impact_control	25	generated_token_8	67	264	 a	True	718	0.5398671627044678
strange_loop	d_dot_high_impact_control	26	generated_token_8	67	264	 a	True	627	0.657677173614502
strange_loop	d_dot_high_impact_control	14	generated_token_16	75	303	 in	True	421	0.6492865681648254
strange_loop	d_dot_high_impact_control	15	generated_token_16	75	303	 in	True	570	0.6686500310897827
strange_loop	d_dot_high_impact_control	16	generated_token_16	75	303	 in	True	616	0.7273188829421997
strange_loop	d_dot_high_impact_control	24	generated_token_16	75	303	 in	True	553	1.167485237121582
strange_loop	d_dot_high_impact_control	25	generated_token_16	75	303	 in	True	512	1.2099738121032715
strange_loop	d_dot_high_impact_control	26	generated_token_16	75	303	 in	True	498	1.217329502105713
strange_loop	d_dot_high_impact_control	14	generated_token_32	91	42092	cribing	True	665	0.9098260402679443
strange_loop	d_dot_high_impact_control	15	generated_token_32	91	42092	cribing	True	934	0.7270669937133789
strange_loop	d_dot_high_impact_control	16	generated_token_32	91	42092	cribing	True	958	0.8717749714851379
strange_loop	d_dot_high_impact_control	24	generated_token_32	91	42092	cribing	True	996	1.2193039655685425
strange_loop	d_dot_high_impact_control	25	generated_token_32	91	42092	cribing	True	1203	1.1738166809082031
strange_loop	d_dot_high_impact_control	26	generated_token_32	91	42092	cribing	True	1049	1.2111215591430664
strange_loop	d_dot_high_impact_control	14	generated_token_64	123	579	's	True	968	0.5191589593887329
strange_loop	d_dot_high_impact_control	15	generated_token_64	123	579	's	True	1068	0.31900206208229065
strange_loop	d_dot_high_impact_control	16	generated_token_64	123	579	's	True	981	0.46862292289733887
strange_loop	d_dot_high_impact_control	24	generated_token_64	123	579	's	True	898	1.1124217510223389
strange_loop	d_dot_high_impact_control	25	generated_token_64	123	579	's	True	1012	0.8863110542297363
strange_loop	d_dot_high_impact_control	26	generated_token_64	123	579	's	True	840	1.1776113510131836
recipe_neutral	ascii_baseline	14	final_prompt_token	34	13	.	True	741	0.7174677848815918
recipe_neutral	ascii_baseline	15	final_prompt_token	34	13	.	True	776	0.9483824372291565
recipe_neutral	ascii_baseline	16	final_prompt_token	34	13	.	True	850	1.3195574283599854
recipe_neutral	ascii_baseline	24	final_prompt_token	34	13	.	True	714	1.3669835329055786
recipe_neutral	ascii_baseline	25	final_prompt_token	34	13	.	True	777	1.2778853178024292
recipe_neutral	ascii_baseline	26	final_prompt_token	34	13	.	True	886	2.407055377960205
recipe_neutral	ascii_baseline	14	generated_token_1	35	271	"

"	True	530	1.1719363927841187
recipe_neutral	ascii_baseline	15	generated_token_1	35	271	"

"	True	666	1.023714303970337
recipe_neutral	ascii_baseline	16	generated_token_1	35	271	"

"	True	648	0.9592728018760681
recipe_neutral	ascii_baseline	24	generated_token_1	35	271	"

"	True	584	1.5288766622543335
recipe_neutral	ascii_baseline	25	generated_token_1	35	271	"

"	True	571	1.5213451385498047
recipe_neutral	ascii_baseline	26	generated_token_1	35	271	"

"	True	577	1.592660903930664
recipe_neutral	ascii_baseline	14	generated_token_8	42	6587	 wants	True	183	1.0197136402130127
recipe_neutral	ascii_baseline	15	generated_token_8	42	6587	 wants	True	268	0.9954317808151245
recipe_neutral	ascii_baseline	16	generated_token_8	42	6587	 wants	True	306	1.0534076690673828
recipe_neutral	ascii_baseline	24	generated_token_8	42	6587	 wants	True	392	1.3173900842666626
recipe_neutral	ascii_baseline	25	generated_token_8	42	6587	 wants	True	382	1.1918222904205322
recipe_neutral	ascii_baseline	26	generated_token_8	42	6587	 wants	True	326	1.5949692726135254
recipe_neutral	ascii_baseline	14	generated_token_16	50	18565	 cake	True	375	1.8862059116363525
recipe_neutral	ascii_baseline	15	generated_token_16	50	18565	 cake	True	515	0.6812170147895813
recipe_neutral	ascii_baseline	16	generated_token_16	50	18565	 cake	True	535	0.7600076198577881
recipe_neutral	ascii_baseline	24	generated_token_16	50	18565	 cake	True	557	0.8587802052497864
recipe_neutral	ascii_baseline	25	generated_token_16	50	18565	 cake	True	596	0.917696475982666
recipe_neutral	ascii_baseline	26	generated_token_16	50	18565	 cake	True	544	0.8045179843902588
recipe_neutral	ascii_baseline	14	generated_token_32	66	13	.	True	398	1.0597304105758667
recipe_neutral	ascii_baseline	15	generated_token_32	66	13	.	True	537	0.7952917814254761
recipe_neutral	ascii_baseline	16	generated_token_32	66	13	.	True	549	0.6612423658370972
recipe_neutral	ascii_baseline	24	generated_token_32	66	13	.	True	466	1.0304182767868042
recipe_neutral	ascii_baseline	25	generated_token_32	66	13	.	True	509	1.170939564704895
recipe_neutral	ascii_baseline	26	generated_token_32	66	13	.	True	360	1.4281244277954102
recipe_neutral	ascii_baseline	14	generated_token_64	98	13696	 butter	True	494	0.6816750764846802
recipe_neutral	ascii_baseline	15	generated_token_64	98	13696	 butter	True	622	0.7793347835540771
recipe_neutral	ascii_baseline	16	generated_token_64	98	13696	 butter	True	811	0.7971861362457275
recipe_neutral	ascii_baseline	24	generated_token_64	98	13696	 butter	True	824	0.9717350006103516
recipe_neutral	ascii_baseline	25	generated_token_64	98	13696	 butter	True	862	0.8245310187339783
recipe_neutral	ascii_baseline	26	generated_token_64	98	13696	 butter	True	815	0.8104279041290283
recipe_neutral	light_global_mixed	14	final_prompt_token	59	13	.	True	668	0.6055120229721069
recipe_neutral	light_global_mixed	15	final_prompt_token	59	13	.	True	713	0.747829794883728
recipe_neutral	light_global_mixed	16	final_prompt_token	59	13	.	True	807	1.1073907613754272
recipe_neutral	light_global_mixed	24	final_prompt_token	59	13	.	True	769	0.9414602518081665
recipe_neutral	light_global_mixed	25	final_prompt_token	59	13	.	True	772	1.0586345195770264
recipe_neutral	light_global_mixed	26	final_prompt_token	59	13	.	True	840	1.9761258363723755
recipe_neutral	light_global_mixed	14	generated_token_1	60	271	"

"	True	483	0.7453218698501587
recipe_neutral	light_global_mixed	15	generated_token_1	60	271	"

"	True	585	0.7176298499107361
recipe_neutral	light_global_mixed	16	generated_token_1	60	271	"

"	True	683	0.6270253658294678
recipe_neutral	light_global_mixed	24	generated_token_1	60	271	"

"	True	575	1.3444581031799316
recipe_neutral	light_global_mixed	25	generated_token_1	60	271	"

"	True	587	1.2294272184371948
recipe_neutral	light_global_mixed	26	generated_token_1	60	271	"

"	True	553	1.2661339044570923
recipe_neutral	light_global_mixed	14	generated_token_8	67	332	**	True	562	0.2778058350086212
recipe_neutral	light_global_mixed	15	generated_token_8	67	332	**	True	615	0.3738251328468323
recipe_neutral	light_global_mixed	16	generated_token_8	67	332	**	True	768	0.3956769108772278
recipe_neutral	light_global_mixed	24	generated_token_8	67	332	**	True	830	1.055813193321228
recipe_neutral	light_global_mixed	25	generated_token_8	67	332	**	True	807	0.8578725457191467
recipe_neutral	light_global_mixed	26	generated_token_8	67	332	**	True	680	0.6370583176612854
recipe_neutral	light_global_mixed	14	generated_token_16	75	56279	-purpose	True	525	0.6959414482116699
recipe_neutral	light_global_mixed	15	generated_token_16	75	56279	-purpose	True	610	0.7447331547737122
recipe_neutral	light_global_mixed	16	generated_token_16	75	56279	-purpose	True	658	0.657061755657196
recipe_neutral	light_global_mixed	24	generated_token_16	75	56279	-purpose	True	659	1.025303602218628
recipe_neutral	light_global_mixed	25	generated_token_16	75	56279	-purpose	True	716	0.843995213508606
recipe_neutral	light_global_mixed	26	generated_token_16	75	56279	-purpose	True	717	0.8061923980712891
recipe_neutral	light_global_mixed	14	generated_token_32	91	31008	 vanilla	True	486	0.6132729649543762
recipe_neutral	light_global_mixed	15	generated_token_32	91	31008	 vanilla	True	578	0.559785008430481
recipe_neutral	light_global_mixed	16	generated_token_32	91	31008	 vanilla	True	678	0.7241336107254028
recipe_neutral	light_global_mixed	24	generated_token_32	91	31008	 vanilla	True	710	0.6832567453384399
recipe_neutral	light_global_mixed	25	generated_token_32	91	31008	 vanilla	True	783	0.6836978197097778
recipe_neutral	light_global_mixed	26	generated_token_32	91	31008	 vanilla	True	756	0.5437484979629517
recipe_neutral	light_global_mixed	14	generated_token_64	123	2972	 **	True	333	0.3787313401699066
recipe_neutral	light_global_mixed	15	generated_token_64	123	2972	 **	True	392	0.29922762513160706
recipe_neutral	light_global_mixed	16	generated_token_64	123	2972	 **	True	507	0.4719340205192566
recipe_neutral	light_global_mixed	24	generated_token_64	123	2972	 **	True	501	0.7450037598609924
recipe_neutral	light_global_mixed	25	generated_token_64	123	2972	 **	True	624	0.6647156476974487
recipe_neutral	light_global_mixed	26	generated_token_64	123	2972	 **	True	625	0.6934447288513184
recipe_neutral	light_high_impact_mixed	14	final_prompt_token	72	13	.	True	632	0.6464800834655762
recipe_neutral	light_high_impact_mixed	15	final_prompt_token	72	13	.	True	718	0.7092839479446411
recipe_neutral	light_high_impact_mixed	16	final_prompt_token	72	13	.	True	794	1.1004196405410767
recipe_neutral	light_high_impact_mixed	24	final_prompt_token	72	13	.	True	663	1.1108609437942505
recipe_neutral	light_high_impact_mixed	25	final_prompt_token	72	13	.	True	705	1.084115982055664
recipe_neutral	light_high_impact_mixed	26	final_prompt_token	72	13	.	True	763	2.1061198711395264
recipe_neutral	light_high_impact_mixed	14	generated_token_1	73	271	"

"	True	429	0.9106416702270508
recipe_neutral	light_high_impact_mixed	15	generated_token_1	73	271	"

"	True	557	0.7158595323562622
recipe_neutral	light_high_impact_mixed	16	generated_token_1	73	271	"

"	True	656	0.6162714958190918
recipe_neutral	light_high_impact_mixed	24	generated_token_1	73	271	"

"	True	578	1.229218602180481
recipe_neutral	light_high_impact_mixed	25	generated_token_1	73	271	"

"	True	607	1.2006494998931885
recipe_neutral	light_high_impact_mixed	26	generated_token_1	73	271	"

"	True	587	1.2797534465789795
recipe_neutral	light_high_impact_mixed	14	generated_token_8	80	271	"

"	True	414	0.950554370880127
recipe_neutral	light_high_impact_mixed	15	generated_token_8	80	271	"

"	True	551	0.671907365322113
recipe_neutral	light_high_impact_mixed	16	generated_token_8	80	271	"

"	True	674	0.6559395790100098
recipe_neutral	light_high_impact_mixed	24	generated_token_8	80	271	"

"	True	663	1.3065342903137207
recipe_neutral	light_high_impact_mixed	25	generated_token_8	80	271	"

"	True	624	1.005090355873108
recipe_neutral	light_high_impact_mixed	26	generated_token_8	80	271	"

"	True	461	2.0259475708007812
recipe_neutral	light_high_impact_mixed	14	generated_token_16	88	17	2	True	388	0.5724985599517822
recipe_neutral	light_high_impact_mixed	15	generated_token_16	88	17	2	True	487	0.5945206880569458
recipe_neutral	light_high_impact_mixed	16	generated_token_16	88	17	2	True	635	0.6008720993995667
recipe_neutral	light_high_impact_mixed	24	generated_token_16	88	17	2	True	670	0.9667494297027588
recipe_neutral	light_high_impact_mixed	25	generated_token_16	88	17	2	True	606	0.8439875841140747
recipe_neutral	light_high_impact_mixed	26	generated_token_16	88	17	2	True	536	1.3721835613250732
recipe_neutral	light_high_impact_mixed	14	generated_token_32	104	198	"
"	True	579	0.35407206416130066
recipe_neutral	light_high_impact_mixed	15	generated_token_32	104	198	"
"	True	511	0.437583327293396
recipe_neutral	light_high_impact_mixed	16	generated_token_32	104	198	"
"	True	765	0.40127283334732056
recipe_neutral	light_high_impact_mixed	24	generated_token_32	104	198	"
"	True	1207	0.916084885597229
recipe_neutral	light_high_impact_mixed	25	generated_token_32	104	198	"
"	True	875	0.7387979626655579
recipe_neutral	light_high_impact_mixed	26	generated_token_32	104	198	"
"	True	910	1.0386180877685547
recipe_neutral	light_high_impact_mixed	14	generated_token_64	136	17	2	True	377	0.531536340713501
recipe_neutral	light_high_impact_mixed	15	generated_token_64	136	17	2	True	438	0.551068127155304
recipe_neutral	light_high_impact_mixed	16	generated_token_64	136	17	2	True	564	0.5622929334640503
recipe_neutral	light_high_impact_mixed	24	generated_token_64	136	17	2	True	631	1.0116996765136719
recipe_neutral	light_high_impact_mixed	25	generated_token_64	136	17	2	True	661	0.8072233200073242
recipe_neutral	light_high_impact_mixed	26	generated_token_64	136	17	2	True	575	1.4501445293426514
recipe_neutral	dcedilla_shuffled_light	14	final_prompt_token	39	13	.	True	709	0.6264897584915161
recipe_neutral	dcedilla_shuffled_light	15	final_prompt_token	39	13	.	True	731	0.887715220451355
recipe_neutral	dcedilla_shuffled_light	16	final_prompt_token	39	13	.	True	798	1.2730576992034912
recipe_neutral	dcedilla_shuffled_light	24	final_prompt_token	39	13	.	True	695	1.3402782678604126
recipe_neutral	dcedilla_shuffled_light	25	final_prompt_token	39	13	.	True	781	1.3149819374084473
recipe_neutral	dcedilla_shuffled_light	26	final_prompt_token	39	13	.	True	864	2.5161609649658203
recipe_neutral	dcedilla_shuffled_light	14	generated_token_1	40	271	"

"	True	451	0.7499794960021973
recipe_neutral	dcedilla_shuffled_light	15	generated_token_1	40	271	"

"	True	618	0.6862438917160034
recipe_neutral	dcedilla_shuffled_light	16	generated_token_1	40	271	"

"	True	674	0.71726393699646
recipe_neutral	dcedilla_shuffled_light	24	generated_token_1	40	271	"

"	True	536	1.5289629697799683
recipe_neutral	dcedilla_shuffled_light	25	generated_token_1	40	271	"

"	True	552	1.4961975812911987
recipe_neutral	dcedilla_shuffled_light	26	generated_token_1	40	271	"

"	True	527	1.4592969417572021
recipe_neutral	dcedilla_shuffled_light	14	generated_token_8	47	332	**	True	725	0.31853270530700684
recipe_neutral	dcedilla_shuffled_light	15	generated_token_8	47	332	**	True	729	0.3300913870334625
recipe_neutral	dcedilla_shuffled_light	16	generated_token_8	47	332	**	True	819	0.4092298448085785
recipe_neutral	dcedilla_shuffled_light	24	generated_token_8	47	332	**	True	848	0.8034244775772095
recipe_neutral	dcedilla_shuffled_light	25	generated_token_8	47	332	**	True	838	0.6490926742553711
recipe_neutral	dcedilla_shuffled_light	26	generated_token_8	47	332	**	True	754	1.1551125049591064
recipe_neutral	dcedilla_shuffled_light	14	generated_token_16	55	4625	 round	True	425	0.9188224077224731
recipe_neutral	dcedilla_shuffled_light	15	generated_token_16	55	4625	 round	True	523	0.997840940952301
recipe_neutral	dcedilla_shuffled_light	16	generated_token_16	55	4625	 round	True	670	1.0646522045135498
recipe_neutral	dcedilla_shuffled_light	24	generated_token_16	55	4625	 round	True	791	0.9332314133644104
recipe_neutral	dcedilla_shuffled_light	25	generated_token_16	55	4625	 round	True	738	0.9568671584129333
recipe_neutral	dcedilla_shuffled_light	26	generated_token_16	55	4625	 round	True	677	0.8823344707489014
recipe_neutral	dcedilla_shuffled_light	14	generated_token_32	71	220	 	True	316	0.40569233894348145
recipe_neutral	dcedilla_shuffled_light	15	generated_token_32	71	220	 	True	381	0.40837058424949646
recipe_neutral	dcedilla_shuffled_light	16	generated_token_32	71	220	 	True	459	0.4200133681297302
recipe_neutral	dcedilla_shuffled_light	24	generated_token_32	71	220	 	True	637	1.0898083448410034
recipe_neutral	dcedilla_shuffled_light	25	generated_token_32	71	220	 	True	650	1.1745576858520508
recipe_neutral	dcedilla_shuffled_light	26	generated_token_32	71	220	 	True	552	1.0007566213607788
recipe_neutral	dcedilla_shuffled_light	14	generated_token_64	103	13	.	True	584	0.6847459077835083
recipe_neutral	dcedilla_shuffled_light	15	generated_token_64	103	13	.	True	827	0.5951780080795288
recipe_neutral	dcedilla_shuffled_light	16	generated_token_64	103	13	.	True	969	0.45064085721969604
recipe_neutral	dcedilla_shuffled_light	24	generated_token_64	103	13	.	True	948	0.8244107961654663
recipe_neutral	dcedilla_shuffled_light	25	generated_token_64	103	13	.	True	1131	0.8187620639801025
recipe_neutral	dcedilla_shuffled_light	26	generated_token_64	103	13	.	True	914	1.1379716396331787
recipe_neutral	dcedilla_high_impact	14	final_prompt_token	39	13	.	True	709	0.6264897584915161
recipe_neutral	dcedilla_high_impact	15	final_prompt_token	39	13	.	True	731	0.887715220451355
recipe_neutral	dcedilla_high_impact	16	final_prompt_token	39	13	.	True	798	1.2730576992034912
recipe_neutral	dcedilla_high_impact	24	final_prompt_token	39	13	.	True	695	1.3402782678604126
recipe_neutral	dcedilla_high_impact	25	final_prompt_token	39	13	.	True	781	1.3149819374084473
recipe_neutral	dcedilla_high_impact	26	final_prompt_token	39	13	.	True	864	2.5161609649658203
recipe_neutral	dcedilla_high_impact	14	generated_token_1	40	271	"

"	True	451	0.7499794960021973
recipe_neutral	dcedilla_high_impact	15	generated_token_1	40	271	"

"	True	618	0.6862438917160034
recipe_neutral	dcedilla_high_impact	16	generated_token_1	40	271	"

"	True	674	0.71726393699646
recipe_neutral	dcedilla_high_impact	24	generated_token_1	40	271	"

"	True	536	1.5289629697799683
recipe_neutral	dcedilla_high_impact	25	generated_token_1	40	271	"

"	True	552	1.4961975812911987
recipe_neutral	dcedilla_high_impact	26	generated_token_1	40	271	"

"	True	527	1.4592969417572021
recipe_neutral	dcedilla_high_impact	14	generated_token_8	47	332	**	True	725	0.31853270530700684
recipe_neutral	dcedilla_high_impact	15	generated_token_8	47	332	**	True	729	0.3300913870334625
recipe_neutral	dcedilla_high_impact	16	generated_token_8	47	332	**	True	819	0.4092298448085785
recipe_neutral	dcedilla_high_impact	24	generated_token_8	47	332	**	True	848	0.8034244775772095
recipe_neutral	dcedilla_high_impact	25	generated_token_8	47	332	**	True	838	0.6490926742553711
recipe_neutral	dcedilla_high_impact	26	generated_token_8	47	332	**	True	754	1.1551125049591064
recipe_neutral	dcedilla_high_impact	14	generated_token_16	55	4625	 round	True	425	0.9188224077224731
recipe_neutral	dcedilla_high_impact	15	generated_token_16	55	4625	 round	True	523	0.997840940952301
recipe_neutral	dcedilla_high_impact	16	generated_token_16	55	4625	 round	True	670	1.0646522045135498
recipe_neutral	dcedilla_high_impact	24	generated_token_16	55	4625	 round	True	791	0.9332314133644104
recipe_neutral	dcedilla_high_impact	25	generated_token_16	55	4625	 round	True	738	0.9568671584129333
recipe_neutral	dcedilla_high_impact	26	generated_token_16	55	4625	 round	True	677	0.8823344707489014
recipe_neutral	dcedilla_high_impact	14	generated_token_32	71	220	 	True	316	0.40569233894348145
recipe_neutral	dcedilla_high_impact	15	generated_token_32	71	220	 	True	381	0.40837058424949646
recipe_neutral	dcedilla_high_impact	16	generated_token_32	71	220	 	True	459	0.4200133681297302
recipe_neutral	dcedilla_high_impact	24	generated_token_32	71	220	 	True	637	1.0898083448410034
recipe_neutral	dcedilla_high_impact	25	generated_token_32	71	220	 	True	650	1.1745576858520508
recipe_neutral	dcedilla_high_impact	26	generated_token_32	71	220	 	True	552	1.0007566213607788
recipe_neutral	dcedilla_high_impact	14	generated_token_64	103	13	.	True	584	0.6847459077835083
recipe_neutral	dcedilla_high_impact	15	generated_token_64	103	13	.	True	827	0.5951780080795288
recipe_neutral	dcedilla_high_impact	16	generated_token_64	103	13	.	True	969	0.45064085721969604
recipe_neutral	dcedilla_high_impact	24	generated_token_64	103	13	.	True	948	0.8244107961654663
recipe_neutral	dcedilla_high_impact	25	generated_token_64	103	13	.	True	1131	0.8187620639801025
recipe_neutral	dcedilla_high_impact	26	generated_token_64	103	13	.	True	914	1.1379716396331787
recipe_neutral	dense_global_mixed	14	final_prompt_token	160	13	.	True	662	0.4903191328048706
recipe_neutral	dense_global_mixed	15	final_prompt_token	160	13	.	True	732	1.0172526836395264
recipe_neutral	dense_global_mixed	16	final_prompt_token	160	13	.	True	953	1.0011451244354248
recipe_neutral	dense_global_mixed	24	final_prompt_token	160	13	.	True	819	1.1620675325393677
recipe_neutral	dense_global_mixed	25	final_prompt_token	160	13	.	True	868	1.2474766969680786
recipe_neutral	dense_global_mixed	26	final_prompt_token	160	13	.	True	889	2.314352512359619
recipe_neutral	dense_global_mixed	14	generated_token_1	161	271	"

"	True	469	0.8328008651733398
recipe_neutral	dense_global_mixed	15	generated_token_1	161	271	"

"	True	601	1.1956831216812134
recipe_neutral	dense_global_mixed	16	generated_token_1	161	271	"

"	True	753	0.7943867444992065
recipe_neutral	dense_global_mixed	24	generated_token_1	161	271	"

"	True	824	1.2890801429748535
recipe_neutral	dense_global_mixed	25	generated_token_1	161	271	"

"	True	713	1.1833850145339966
recipe_neutral	dense_global_mixed	26	generated_token_1	161	271	"

"	True	686	1.6252007484436035
recipe_neutral	dense_global_mixed	14	generated_token_8	168	682	 has	True	251	1.017608880996704
recipe_neutral	dense_global_mixed	15	generated_token_8	168	682	 has	True	362	0.6413984894752502
recipe_neutral	dense_global_mixed	16	generated_token_8	168	682	 has	True	378	0.8197596669197083
recipe_neutral	dense_global_mixed	24	generated_token_8	168	682	 has	True	431	1.0215333700180054
recipe_neutral	dense_global_mixed	25	generated_token_8	168	682	 has	True	458	1.1763781309127808
recipe_neutral	dense_global_mixed	26	generated_token_8	168	682	 has	True	446	1.1005713939666748
recipe_neutral	dense_global_mixed	14	generated_token_16	176	421	 that	True	487	0.8402799367904663
recipe_neutral	dense_global_mixed	15	generated_token_16	176	421	 that	True	668	0.729521632194519
recipe_neutral	dense_global_mixed	16	generated_token_16	176	421	 that	True	670	0.7819713354110718
recipe_neutral	dense_global_mixed	24	generated_token_16	176	421	 that	True	565	1.2923554182052612
recipe_neutral	dense_global_mixed	25	generated_token_16	176	421	 that	True	548	1.2036174535751343
recipe_neutral	dense_global_mixed	26	generated_token_16	176	421	 that	True	527	1.268143892288208
recipe_neutral	dense_global_mixed	14	generated_token_32	192	25	:	True	439	0.7109752297401428
recipe_neutral	dense_global_mixed	15	generated_token_32	192	25	:	True	496	0.7335360646247864
recipe_neutral	dense_global_mixed	16	generated_token_32	192	25	:	True	550	0.7405753135681152
recipe_neutral	dense_global_mixed	24	generated_token_32	192	25	:	True	576	1.1427291631698608
recipe_neutral	dense_global_mixed	25	generated_token_32	192	25	:	True	575	1.172326922416687
recipe_neutral	dense_global_mixed	26	generated_token_32	192	25	:	True	468	1.187720537185669
recipe_neutral	dense_global_mixed	14	generated_token_64	224	1318	 want	True	302	1.2039263248443604
recipe_neutral	dense_global_mixed	15	generated_token_64	224	1318	 want	True	393	1.2392597198486328
recipe_neutral	dense_global_mixed	16	generated_token_64	224	1318	 want	True	412	1.3483576774597168
recipe_neutral	dense_global_mixed	24	generated_token_64	224	1318	 want	True	409	1.4687994718551636
recipe_neutral	dense_global_mixed	25	generated_token_64	224	1318	 want	True	418	1.4954659938812256
recipe_neutral	dense_global_mixed	26	generated_token_64	224	1318	 want	True	353	1.9656697511672974
recipe_neutral	dense_dcedilla_all	14	final_prompt_token	49	13	.	True	752	0.6037766933441162
recipe_neutral	dense_dcedilla_all	15	final_prompt_token	49	13	.	True	763	0.8582040071487427
recipe_neutral	dense_dcedilla_all	16	final_prompt_token	49	13	.	True	886	1.2596572637557983
recipe_neutral	dense_dcedilla_all	24	final_prompt_token	49	13	.	True	728	1.2139232158660889
recipe_neutral	dense_dcedilla_all	25	final_prompt_token	49	13	.	True	828	1.2611340284347534
recipe_neutral	dense_dcedilla_all	26	final_prompt_token	49	13	.	True	867	2.3571419715881348
recipe_neutral	dense_dcedilla_all	14	generated_token_1	50	271	"

"	True	470	0.7094019651412964
recipe_neutral	dense_dcedilla_all	15	generated_token_1	50	271	"

"	True	646	0.6507516503334045
recipe_neutral	dense_dcedilla_all	16	generated_token_1	50	271	"

"	True	719	0.6056615114212036
recipe_neutral	dense_dcedilla_all	24	generated_token_1	50	271	"

"	True	530	1.361350655555725
recipe_neutral	dense_dcedilla_all	25	generated_token_1	50	271	"

"	True	557	1.3212370872497559
recipe_neutral	dense_dcedilla_all	26	generated_token_1	50	271	"

"	True	525	1.2952207326889038
recipe_neutral	dense_dcedilla_all	14	generated_token_8	57	332	**	True	709	0.38017356395721436
recipe_neutral	dense_dcedilla_all	15	generated_token_8	57	332	**	True	719	0.3337446451187134
recipe_neutral	dense_dcedilla_all	16	generated_token_8	57	332	**	True	857	0.37968069314956665
recipe_neutral	dense_dcedilla_all	24	generated_token_8	57	332	**	True	912	0.8001548051834106
recipe_neutral	dense_dcedilla_all	25	generated_token_8	57	332	**	True	923	0.6280238628387451
recipe_neutral	dense_dcedilla_all	26	generated_token_8	57	332	**	True	767	1.0595784187316895
recipe_neutral	dense_dcedilla_all	14	generated_token_16	65	220	 	True	356	0.49470409750938416
recipe_neutral	dense_dcedilla_all	15	generated_token_16	65	220	 	True	475	0.42243415117263794
recipe_neutral	dense_dcedilla_all	16	generated_token_16	65	220	 	True	548	0.4061603546142578
recipe_neutral	dense_dcedilla_all	24	generated_token_16	65	220	 	True	574	1.156149983406067
recipe_neutral	dense_dcedilla_all	25	generated_token_16	65	220	 	True	549	0.9501611590385437
recipe_neutral	dense_dcedilla_all	26	generated_token_16	65	220	 	True	471	0.7792460918426514
recipe_neutral	dense_dcedilla_all	14	generated_token_32	81	26912	 baking	True	567	0.559406578540802
recipe_neutral	dense_dcedilla_all	15	generated_token_32	81	26912	 baking	True	621	0.5236797332763672
recipe_neutral	dense_dcedilla_all	16	generated_token_32	81	26912	 baking	True	669	0.5740303993225098
recipe_neutral	dense_dcedilla_all	24	generated_token_32	81	26912	 baking	True	962	1.19535493850708
recipe_neutral	dense_dcedilla_all	25	generated_token_32	81	26912	 baking	True	1019	1.1281523704528809
recipe_neutral	dense_dcedilla_all	26	generated_token_32	81	26912	 baking	True	1008	1.4188039302825928
recipe_neutral	dense_dcedilla_all	14	generated_token_64	113	9	*	True	356	0.47144508361816406
recipe_neutral	dense_dcedilla_all	15	generated_token_64	113	9	*	True	401	0.4064400792121887
recipe_neutral	dense_dcedilla_all	16	generated_token_64	113	9	*	True	457	0.4308556318283081
recipe_neutral	dense_dcedilla_all	24	generated_token_64	113	9	*	True	692	0.7095304727554321
recipe_neutral	dense_dcedilla_all	25	generated_token_64	113	9	*	True	666	0.7155505418777466
recipe_neutral	dense_dcedilla_all	26	generated_token_64	113	9	*	True	561	0.5838748216629028
recipe_neutral	token_count_matched_ascii_noise	14	final_prompt_token	160	13	.	True	624	0.623003363609314
recipe_neutral	token_count_matched_ascii_noise	15	final_prompt_token	160	13	.	True	706	0.8640033006668091
recipe_neutral	token_count_matched_ascii_noise	16	final_prompt_token	160	13	.	True	804	1.2680082321166992
recipe_neutral	token_count_matched_ascii_noise	24	final_prompt_token	160	13	.	True	680	1.1327171325683594
recipe_neutral	token_count_matched_ascii_noise	25	final_prompt_token	160	13	.	True	733	1.1382362842559814
recipe_neutral	token_count_matched_ascii_noise	26	final_prompt_token	160	13	.	True	798	2.10005521774292
recipe_neutral	token_count_matched_ascii_noise	14	generated_token_1	161	271	"

"	True	430	0.9162492752075195
recipe_neutral	token_count_matched_ascii_noise	15	generated_token_1	161	271	"

"	True	523	0.9202970862388611
recipe_neutral	token_count_matched_ascii_noise	16	generated_token_1	161	271	"

"	True	577	0.7060064077377319
recipe_neutral	token_count_matched_ascii_noise	24	generated_token_1	161	271	"

"	True	552	1.3895632028579712
recipe_neutral	token_count_matched_ascii_noise	25	generated_token_1	161	271	"

"	True	526	1.2830119132995605
recipe_neutral	token_count_matched_ascii_noise	26	generated_token_1	161	271	"

"	True	562	1.3916094303131104
recipe_neutral	token_count_matched_ascii_noise	14	generated_token_8	168	332	**	True	613	0.27172964811325073
recipe_neutral	token_count_matched_ascii_noise	15	generated_token_8	168	332	**	True	703	0.331108421087265
recipe_neutral	token_count_matched_ascii_noise	16	generated_token_8	168	332	**	True	795	0.38953065872192383
recipe_neutral	token_count_matched_ascii_noise	24	generated_token_8	168	332	**	True	925	0.7430815696716309
recipe_neutral	token_count_matched_ascii_noise	25	generated_token_8	168	332	**	True	790	0.8076678514480591
recipe_neutral	token_count_matched_ascii_noise	26	generated_token_8	168	332	**	True	650	0.764517068862915
recipe_neutral	token_count_matched_ascii_noise	14	generated_token_16	176	220	 	True	363	0.8786723613739014
recipe_neutral	token_count_matched_ascii_noise	15	generated_token_16	176	220	 	True	505	0.44917377829551697
recipe_neutral	token_count_matched_ascii_noise	16	generated_token_16	176	220	 	True	591	0.382528156042099
recipe_neutral	token_count_matched_ascii_noise	24	generated_token_16	176	220	 	True	569	1.2550108432769775
recipe_neutral	token_count_matched_ascii_noise	25	generated_token_16	176	220	 	True	550	1.0936497449874878
recipe_neutral	token_count_matched_ascii_noise	26	generated_token_16	176	220	 	True	489	0.9091169238090515
recipe_neutral	token_count_matched_ascii_noise	14	generated_token_32	192	16	1	True	676	0.4114459753036499
recipe_neutral	token_count_matched_ascii_noise	15	generated_token_32	192	16	1	True	835	0.4064861536026001
recipe_neutral	token_count_matched_ascii_noise	16	generated_token_32	192	16	1	True	933	0.39617952704429626
recipe_neutral	token_count_matched_ascii_noise	24	generated_token_32	192	16	1	True	747	0.8816174864768982
recipe_neutral	token_count_matched_ascii_noise	25	generated_token_32	192	16	1	True	985	0.7493747472763062
recipe_neutral	token_count_matched_ascii_noise	26	generated_token_32	192	16	1	True	990	1.5932347774505615
recipe_neutral	token_count_matched_ascii_noise	14	generated_token_64	224	220	 	True	374	0.347612589597702
recipe_neutral	token_count_matched_ascii_noise	15	generated_token_64	224	220	 	True	402	0.4019932150840759
recipe_neutral	token_count_matched_ascii_noise	16	generated_token_64	224	220	 	True	496	0.38248902559280396
recipe_neutral	token_count_matched_ascii_noise	24	generated_token_64	224	220	 	True	658	0.7928677201271057
recipe_neutral	token_count_matched_ascii_noise	25	generated_token_64	224	220	 	True	579	0.740207314491272
recipe_neutral	token_count_matched_ascii_noise	26	generated_token_64	224	220	 	True	534	0.9451487064361572
recipe_neutral	visual_ascii_control	14	final_prompt_token	57	13	.	True	692	0.6260144710540771
recipe_neutral	visual_ascii_control	15	final_prompt_token	57	13	.	True	756	0.8272252678871155
recipe_neutral	visual_ascii_control	16	final_prompt_token	57	13	.	True	783	1.1589734554290771
recipe_neutral	visual_ascii_control	24	final_prompt_token	57	13	.	True	761	1.2763460874557495
recipe_neutral	visual_ascii_control	25	final_prompt_token	57	13	.	True	794	1.2534809112548828
recipe_neutral	visual_ascii_control	26	final_prompt_token	57	13	.	True	795	2.2801666259765625
recipe_neutral	visual_ascii_control	14	generated_token_1	58	271	"

"	True	439	0.6925572156906128
recipe_neutral	visual_ascii_control	15	generated_token_1	58	271	"

"	True	540	0.6188240051269531
recipe_neutral	visual_ascii_control	16	generated_token_1	58	271	"

"	True	607	0.5625475645065308
recipe_neutral	visual_ascii_control	24	generated_token_1	58	271	"

"	True	588	1.2309308052062988
recipe_neutral	visual_ascii_control	25	generated_token_1	58	271	"

"	True	610	1.1491206884384155
recipe_neutral	visual_ascii_control	26	generated_token_1	58	271	"

"	True	489	1.2458301782608032
recipe_neutral	visual_ascii_control	14	generated_token_8	65	332	**	True	639	0.2756558954715729
recipe_neutral	visual_ascii_control	15	generated_token_8	65	332	**	True	634	0.3311854600906372
recipe_neutral	visual_ascii_control	16	generated_token_8	65	332	**	True	738	0.38087373971939087
recipe_neutral	visual_ascii_control	24	generated_token_8	65	332	**	True	778	0.8793989419937134
recipe_neutral	visual_ascii_control	25	generated_token_8	65	332	**	True	766	0.6853371858596802
recipe_neutral	visual_ascii_control	26	generated_token_8	65	332	**	True	665	0.8231539726257324
recipe_neutral	visual_ascii_control	14	generated_token_16	73	220	 	True	356	0.5297682285308838
recipe_neutral	visual_ascii_control	15	generated_token_16	73	220	 	True	481	0.41772139072418213
recipe_neutral	visual_ascii_control	16	generated_token_16	73	220	 	True	558	0.40104395151138306
recipe_neutral	visual_ascii_control	24	generated_token_16	73	220	 	True	571	1.2220686674118042
recipe_neutral	visual_ascii_control	25	generated_token_16	73	220	 	True	558	1.0472164154052734
recipe_neutral	visual_ascii_control	26	generated_token_16	73	220	 	True	500	0.8618701696395874
recipe_neutral	visual_ascii_control	14	generated_token_32	89	16	1	True	681	0.39175859093666077
recipe_neutral	visual_ascii_control	15	generated_token_32	89	16	1	True	852	0.38908442854881287
recipe_neutral	visual_ascii_control	16	generated_token_32	89	16	1	True	1150	0.37521040439605713
recipe_neutral	visual_ascii_control	24	generated_token_32	89	16	1	True	851	0.9746267795562744
recipe_neutral	visual_ascii_control	25	generated_token_32	89	16	1	True	857	1.0582947731018066
recipe_neutral	visual_ascii_control	26	generated_token_32	89	16	1	True	913	1.4246318340301514
recipe_neutral	visual_ascii_control	14	generated_token_64	121	17	2	True	437	0.48703715205192566
recipe_neutral	visual_ascii_control	15	generated_token_64	121	17	2	True	478	0.5088232159614563
recipe_neutral	visual_ascii_control	16	generated_token_64	121	17	2	True	585	0.5237401723861694
recipe_neutral	visual_ascii_control	24	generated_token_64	121	17	2	True	662	1.033318042755127
recipe_neutral	visual_ascii_control	25	generated_token_64	121	17	2	True	620	0.754059910774231
recipe_neutral	visual_ascii_control	26	generated_token_64	121	17	2	True	524	1.4293317794799805
recipe_neutral	unicode_nonletter_control	14	final_prompt_token	51	13	.	True	697	0.6408400535583496
recipe_neutral	unicode_nonletter_control	15	final_prompt_token	51	13	.	True	745	0.8328157663345337
recipe_neutral	unicode_nonletter_control	16	final_prompt_token	51	13	.	True	802	1.2151588201522827
recipe_neutral	unicode_nonletter_control	24	final_prompt_token	51	13	.	True	721	1.3590418100357056
recipe_neutral	unicode_nonletter_control	25	final_prompt_token	51	13	.	True	806	1.415679693222046
recipe_neutral	unicode_nonletter_control	26	final_prompt_token	51	13	.	True	833	2.7268052101135254
recipe_neutral	unicode_nonletter_control	14	generated_token_1	52	271	"

"	True	490	0.8323341608047485
recipe_neutral	unicode_nonletter_control	15	generated_token_1	52	271	"

"	True	654	0.7593528032302856
recipe_neutral	unicode_nonletter_control	16	generated_token_1	52	271	"

"	True	709	0.6616882681846619
recipe_neutral	unicode_nonletter_control	24	generated_token_1	52	271	"

"	True	583	1.4120690822601318
recipe_neutral	unicode_nonletter_control	25	generated_token_1	52	271	"

"	True	558	1.3623931407928467
recipe_neutral	unicode_nonletter_control	26	generated_token_1	52	271	"

"	True	515	1.2774320840835571
recipe_neutral	unicode_nonletter_control	14	generated_token_8	59	332	**	True	364	0.6693139672279358
recipe_neutral	unicode_nonletter_control	15	generated_token_8	59	332	**	True	573	0.6153292059898376
recipe_neutral	unicode_nonletter_control	16	generated_token_8	59	332	**	True	598	0.5160179734230042
recipe_neutral	unicode_nonletter_control	24	generated_token_8	59	332	**	True	590	1.0771478414535522
recipe_neutral	unicode_nonletter_control	25	generated_token_8	59	332	**	True	645	0.8000138998031616
recipe_neutral	unicode_nonletter_control	26	generated_token_8	59	332	**	True	557	0.8990733623504639
recipe_neutral	unicode_nonletter_control	14	generated_token_16	67	220	 	True	554	0.6474875211715698
recipe_neutral	unicode_nonletter_control	15	generated_token_16	67	220	 	True	725	0.48775792121887207
recipe_neutral	unicode_nonletter_control	16	generated_token_16	67	220	 	True	816	0.4580489993095398
recipe_neutral	unicode_nonletter_control	24	generated_token_16	67	220	 	True	737	1.0882956981658936
recipe_neutral	unicode_nonletter_control	25	generated_token_16	67	220	 	True	754	0.8005573749542236
recipe_neutral	unicode_nonletter_control	26	generated_token_16	67	220	 	True	643	1.9599952697753906
recipe_neutral	unicode_nonletter_control	14	generated_token_32	83	198	"
"	True	945	0.3352474272251129
recipe_neutral	unicode_nonletter_control	15	generated_token_32	83	198	"
"	True	856	0.42023196816444397
recipe_neutral	unicode_nonletter_control	16	generated_token_32	83	198	"
"	True	802	0.41360729932785034
recipe_neutral	unicode_nonletter_control	24	generated_token_32	83	198	"
"	True	1178	0.6378355026245117
recipe_neutral	unicode_nonletter_control	25	generated_token_32	83	198	"
"	True	896	0.4148365557193756
recipe_neutral	unicode_nonletter_control	26	generated_token_32	83	198	"
"	True	859	0.5886509418487549
recipe_neutral	unicode_nonletter_control	14	generated_token_64	115	220	 	True	398	0.353076696395874
recipe_neutral	unicode_nonletter_control	15	generated_token_64	115	220	 	True	900	0.38838881254196167
recipe_neutral	unicode_nonletter_control	16	generated_token_64	115	220	 	True	845	0.3582513630390167
recipe_neutral	unicode_nonletter_control	24	generated_token_64	115	220	 	True	811	0.7768056988716125
recipe_neutral	unicode_nonletter_control	25	generated_token_64	115	220	 	True	1010	0.7056516408920288
recipe_neutral	unicode_nonletter_control	26	generated_token_64	115	220	 	True	994	0.564063310623169
recipe_neutral	semantic_shuffle_control	14	final_prompt_token	34	13	.	True	680	0.9203170537948608
recipe_neutral	semantic_shuffle_control	15	final_prompt_token	34	13	.	True	797	1.1324059963226318
recipe_neutral	semantic_shuffle_control	16	final_prompt_token	34	13	.	True	774	1.0551199913024902
recipe_neutral	semantic_shuffle_control	24	final_prompt_token	34	13	.	True	818	0.719048261642456
recipe_neutral	semantic_shuffle_control	25	final_prompt_token	34	13	.	True	961	0.7484525442123413
recipe_neutral	semantic_shuffle_control	26	final_prompt_token	34	13	.	True	861	1.468235969543457
recipe_neutral	semantic_shuffle_control	14	generated_token_1	35	271	"

"	True	490	1.100843906402588
recipe_neutral	semantic_shuffle_control	15	generated_token_1	35	271	"

"	True	646	1.0953270196914673
recipe_neutral	semantic_shuffle_control	16	generated_token_1	35	271	"

"	True	608	1.1272504329681396
recipe_neutral	semantic_shuffle_control	24	generated_token_1	35	271	"

"	True	589	1.4925751686096191
recipe_neutral	semantic_shuffle_control	25	generated_token_1	35	271	"

"	True	611	1.3977115154266357
recipe_neutral	semantic_shuffle_control	26	generated_token_1	35	271	"

"	True	578	1.5717380046844482
recipe_neutral	semantic_shuffle_control	14	generated_token_8	42	6587	 wants	True	186	1.008972406387329
recipe_neutral	semantic_shuffle_control	15	generated_token_8	42	6587	 wants	True	282	0.9979910850524902
recipe_neutral	semantic_shuffle_control	16	generated_token_8	42	6587	 wants	True	328	1.0536587238311768
recipe_neutral	semantic_shuffle_control	24	generated_token_8	42	6587	 wants	True	389	1.312136173248291
recipe_neutral	semantic_shuffle_control	25	generated_token_8	42	6587	 wants	True	403	1.1230589151382446
recipe_neutral	semantic_shuffle_control	26	generated_token_8	42	6587	 wants	True	340	1.6098541021347046
recipe_neutral	semantic_shuffle_control	14	generated_token_16	50	18565	 cake	True	384	1.9512779712677002
recipe_neutral	semantic_shuffle_control	15	generated_token_16	50	18565	 cake	True	522	0.7148411870002747
recipe_neutral	semantic_shuffle_control	16	generated_token_16	50	18565	 cake	True	563	0.8047453165054321
recipe_neutral	semantic_shuffle_control	24	generated_token_16	50	18565	 cake	True	574	0.8508242964744568
recipe_neutral	semantic_shuffle_control	25	generated_token_16	50	18565	 cake	True	603	0.9353983402252197
recipe_neutral	semantic_shuffle_control	26	generated_token_16	50	18565	 cake	True	570	0.8403036594390869
recipe_neutral	semantic_shuffle_control	14	generated_token_32	66	9444	 mentioned	True	302	1.037630319595337
recipe_neutral	semantic_shuffle_control	15	generated_token_32	66	9444	 mentioned	True	499	0.9105386137962341
recipe_neutral	semantic_shuffle_control	16	generated_token_32	66	9444	 mentioned	True	543	0.9869016408920288
recipe_neutral	semantic_shuffle_control	24	generated_token_32	66	9444	 mentioned	True	506	1.4359164237976074
recipe_neutral	semantic_shuffle_control	25	generated_token_32	66	9444	 mentioned	True	597	1.4925228357315063
recipe_neutral	semantic_shuffle_control	26	generated_token_32	66	9444	 mentioned	True	508	1.4974921941757202
recipe_neutral	semantic_shuffle_control	14	generated_token_64	98	883	 about	True	485	0.5794247388839722
recipe_neutral	semantic_shuffle_control	15	generated_token_64	98	883	 about	True	683	0.7760733962059021
recipe_neutral	semantic_shuffle_control	16	generated_token_64	98	883	 about	True	641	0.7480787038803101
recipe_neutral	semantic_shuffle_control	24	generated_token_64	98	883	 about	True	740	1.1684975624084473
recipe_neutral	semantic_shuffle_control	25	generated_token_64	98	883	 about	True	766	1.2292976379394531
recipe_neutral	semantic_shuffle_control	26	generated_token_64	98	883	 about	True	685	1.3016276359558105
recipe_neutral	d_dot_high_impact_control	14	final_prompt_token	39	13	.	True	700	0.6303491592407227
recipe_neutral	d_dot_high_impact_control	15	final_prompt_token	39	13	.	True	754	0.8787063360214233
recipe_neutral	d_dot_high_impact_control	16	final_prompt_token	39	13	.	True	807	1.2868239879608154
recipe_neutral	d_dot_high_impact_control	24	final_prompt_token	39	13	.	True	708	1.3537768125534058
recipe_neutral	d_dot_high_impact_control	25	final_prompt_token	39	13	.	True	769	1.310135006904602
recipe_neutral	d_dot_high_impact_control	26	final_prompt_token	39	13	.	True	873	2.506789207458496
recipe_neutral	d_dot_high_impact_control	14	generated_token_1	40	271	"

"	True	455	0.690880298614502
recipe_neutral	d_dot_high_impact_control	15	generated_token_1	40	271	"

"	True	637	0.6484299898147583
recipe_neutral	d_dot_high_impact_control	16	generated_token_1	40	271	"

"	True	704	0.6806774139404297
recipe_neutral	d_dot_high_impact_control	24	generated_token_1	40	271	"

"	True	553	1.5266364812850952
recipe_neutral	d_dot_high_impact_control	25	generated_token_1	40	271	"

"	True	558	1.4871104955673218
recipe_neutral	d_dot_high_impact_control	26	generated_token_1	40	271	"

"	True	541	1.4298827648162842
recipe_neutral	d_dot_high_impact_control	14	generated_token_8	47	332	**	True	728	0.3258548974990845
recipe_neutral	d_dot_high_impact_control	15	generated_token_8	47	332	**	True	722	0.3366687297821045
recipe_neutral	d_dot_high_impact_control	16	generated_token_8	47	332	**	True	788	0.40221965312957764
recipe_neutral	d_dot_high_impact_control	24	generated_token_8	47	332	**	True	837	0.862481951713562
recipe_neutral	d_dot_high_impact_control	25	generated_token_8	47	332	**	True	860	0.6417399644851685
recipe_neutral	d_dot_high_impact_control	26	generated_token_8	47	332	**	True	744	1.080209732055664
recipe_neutral	d_dot_high_impact_control	14	generated_token_16	55	4625	 round	True	429	0.9267109632492065
recipe_neutral	d_dot_high_impact_control	15	generated_token_16	55	4625	 round	True	516	1.0050770044326782
recipe_neutral	d_dot_high_impact_control	16	generated_token_16	55	4625	 round	True	679	1.069615125656128
recipe_neutral	d_dot_high_impact_control	24	generated_token_16	55	4625	 round	True	791	0.9298083782196045
recipe_neutral	d_dot_high_impact_control	25	generated_token_16	55	4625	 round	True	743	0.9508339166641235
recipe_neutral	d_dot_high_impact_control	26	generated_token_16	55	4625	 round	True	671	0.8808296918869019
recipe_neutral	d_dot_high_impact_control	14	generated_token_32	71	220	 	True	312	0.4211304187774658
recipe_neutral	d_dot_high_impact_control	15	generated_token_32	71	220	 	True	373	0.4127901792526245
recipe_neutral	d_dot_high_impact_control	16	generated_token_32	71	220	 	True	472	0.4225766956806183
recipe_neutral	d_dot_high_impact_control	24	generated_token_32	71	220	 	True	634	1.0788547992706299
recipe_neutral	d_dot_high_impact_control	25	generated_token_32	71	220	 	True	642	1.1577937602996826
recipe_neutral	d_dot_high_impact_control	26	generated_token_32	71	220	 	True	553	0.9924489855766296
recipe_neutral	d_dot_high_impact_control	14	generated_token_64	103	13	.	True	574	0.6847105026245117
recipe_neutral	d_dot_high_impact_control	15	generated_token_64	103	13	.	True	789	0.5840955972671509
recipe_neutral	d_dot_high_impact_control	16	generated_token_64	103	13	.	True	940	0.4593924880027771
recipe_neutral	d_dot_high_impact_control	24	generated_token_64	103	13	.	True	918	0.8429927825927734
recipe_neutral	d_dot_high_impact_control	25	generated_token_64	103	13	.	True	1068	0.8633497953414917
recipe_neutral	d_dot_high_impact_control	26	generated_token_64	103	13	.	True	913	1.1277239322662354
recipe_metaphysics	ascii_baseline	14	final_prompt_token	40	13	.	True	708	0.5372836589813232
recipe_metaphysics	ascii_baseline	15	final_prompt_token	40	13	.	True	1007	1.0420327186584473
recipe_metaphysics	ascii_baseline	16	final_prompt_token	40	13	.	True	855	1.0502805709838867
recipe_metaphysics	ascii_baseline	24	final_prompt_token	40	13	.	True	832	1.213180661201477
recipe_metaphysics	ascii_baseline	25	final_prompt_token	40	13	.	True	836	1.304929256439209
recipe_metaphysics	ascii_baseline	26	final_prompt_token	40	13	.	True	912	1.4732215404510498
recipe_metaphysics	ascii_baseline	14	generated_token_1	41	271	"

"	True	539	0.6420509815216064
recipe_metaphysics	ascii_baseline	15	generated_token_1	41	271	"

"	True	778	0.8402535319328308
recipe_metaphysics	ascii_baseline	16	generated_token_1	41	271	"

"	True	775	0.8225523233413696
recipe_metaphysics	ascii_baseline	24	generated_token_1	41	271	"

"	True	699	1.3729071617126465
recipe_metaphysics	ascii_baseline	25	generated_token_1	41	271	"

"	True	630	1.2462266683578491
recipe_metaphysics	ascii_baseline	26	generated_token_1	41	271	"

"	True	689	1.7730088233947754
recipe_metaphysics	ascii_baseline	14	generated_token_8	48	6587	 wants	True	201	1.0432244539260864
recipe_metaphysics	ascii_baseline	15	generated_token_8	48	6587	 wants	True	304	1.0145037174224854
recipe_metaphysics	ascii_baseline	16	generated_token_8	48	6587	 wants	True	293	1.1046481132507324
recipe_metaphysics	ascii_baseline	24	generated_token_8	48	6587	 wants	True	354	1.3046737909317017
recipe_metaphysics	ascii_baseline	25	generated_token_8	48	6587	 wants	True	360	1.2970318794250488
recipe_metaphysics	ascii_baseline	26	generated_token_8	48	6587	 wants	True	385	1.620699405670166
recipe_metaphysics	ascii_baseline	14	generated_token_16	56	579	's	True	648	0.6507760882377625
recipe_metaphysics	ascii_baseline	15	generated_token_16	56	579	's	True	927	0.5612602233886719
recipe_metaphysics	ascii_baseline	16	generated_token_16	56	579	's	True	823	0.5127508640289307
recipe_metaphysics	ascii_baseline	24	generated_token_16	56	579	's	True	791	1.434092402458191
recipe_metaphysics	ascii_baseline	25	generated_token_16	56	579	's	True	889	1.5813828706741333
recipe_metaphysics	ascii_baseline	26	generated_token_16	56	579	's	True	772	1.508228063583374
recipe_metaphysics	ascii_baseline	14	generated_token_32	72	2302	 They	True	269	0.7274133563041687
recipe_metaphysics	ascii_baseline	15	generated_token_32	72	2302	 They	True	366	0.6905238628387451
recipe_metaphysics	ascii_baseline	16	generated_token_32	72	2302	 They	True	416	0.6910222768783569
recipe_metaphysics	ascii_baseline	24	generated_token_32	72	2302	 They	True	466	1.0995018482208252
recipe_metaphysics	ascii_baseline	25	generated_token_32	72	2302	 They	True	464	1.009536862373352
recipe_metaphysics	ascii_baseline	26	generated_token_32	72	2302	 They	True	481	1.0495338439941406
recipe_metaphysics	ascii_baseline	14	generated_token_64	104	69	f	True	670	0.6772322654724121
recipe_metaphysics	ascii_baseline	15	generated_token_64	104	69	f	True	969	0.567965030670166
recipe_metaphysics	ascii_baseline	16	generated_token_64	104	69	f	True	1099	0.4699069857597351
recipe_metaphysics	ascii_baseline	24	generated_token_64	104	69	f	True	881	0.7103533148765564
recipe_metaphysics	ascii_baseline	25	generated_token_64	104	69	f	True	897	0.7989920377731323
recipe_metaphysics	ascii_baseline	26	generated_token_64	104	69	f	True	852	0.7794010639190674
recipe_metaphysics	light_global_mixed	14	final_prompt_token	77	13	.	True	703	0.5595123767852783
recipe_metaphysics	light_global_mixed	15	final_prompt_token	77	13	.	True	953	0.7981491088867188
recipe_metaphysics	light_global_mixed	16	final_prompt_token	77	13	.	True	936	0.9585416913032532
recipe_metaphysics	light_global_mixed	24	final_prompt_token	77	13	.	True	824	1.0648943185806274
recipe_metaphysics	light_global_mixed	25	final_prompt_token	77	13	.	True	848	1.1333446502685547
recipe_metaphysics	light_global_mixed	26	final_prompt_token	77	13	.	True	885	1.0284974575042725
recipe_metaphysics	light_global_mixed	14	generated_token_1	78	271	"

"	True	504	0.7097676396369934
recipe_metaphysics	light_global_mixed	15	generated_token_1	78	271	"

"	True	730	0.6771062016487122
recipe_metaphysics	light_global_mixed	16	generated_token_1	78	271	"

"	True	759	0.646355390548706
recipe_metaphysics	light_global_mixed	24	generated_token_1	78	271	"

"	True	690	1.2253926992416382
recipe_metaphysics	light_global_mixed	25	generated_token_1	78	271	"

"	True	671	1.1245230436325073
recipe_metaphysics	light_global_mixed	26	generated_token_1	78	271	"

"	True	657	1.340296983718872
recipe_metaphysics	light_global_mixed	14	generated_token_8	85	6587	 wants	True	196	1.0555570125579834
recipe_metaphysics	light_global_mixed	15	generated_token_8	85	6587	 wants	True	290	1.043441653251648
recipe_metaphysics	light_global_mixed	16	generated_token_8	85	6587	 wants	True	275	1.1338114738464355
recipe_metaphysics	light_global_mixed	24	generated_token_8	85	6587	 wants	True	347	1.276755452156067
recipe_metaphysics	light_global_mixed	25	generated_token_8	85	6587	 wants	True	355	1.2097634077072144
recipe_metaphysics	light_global_mixed	26	generated_token_8	85	6587	 wants	True	348	1.5810577869415283
recipe_metaphysics	light_global_mixed	14	generated_token_16	93	579	's	True	559	0.6942538022994995
recipe_metaphysics	light_global_mixed	15	generated_token_16	93	579	's	True	815	0.5987451672554016
recipe_metaphysics	light_global_mixed	16	generated_token_16	93	579	's	True	754	0.5261197090148926
recipe_metaphysics	light_global_mixed	24	generated_token_16	93	579	's	True	805	1.3611198663711548
recipe_metaphysics	light_global_mixed	25	generated_token_16	93	579	's	True	870	1.5544459819793701
recipe_metaphysics	light_global_mixed	26	generated_token_16	93	579	's	True	766	1.4691240787506104
recipe_metaphysics	light_global_mixed	14	generated_token_32	109	14791	 AI	True	532	0.8725050687789917
recipe_metaphysics	light_global_mixed	15	generated_token_32	109	14791	 AI	True	620	0.7799675464630127
recipe_metaphysics	light_global_mixed	16	generated_token_32	109	14791	 AI	True	767	0.8149182796478271
recipe_metaphysics	light_global_mixed	24	generated_token_32	109	14791	 AI	True	656	0.9760184288024902
recipe_metaphysics	light_global_mixed	25	generated_token_32	109	14791	 AI	True	748	1.0830283164978027
recipe_metaphysics	light_global_mixed	26	generated_token_32	109	14791	 AI	True	699	1.1828557252883911
recipe_metaphysics	light_global_mixed	14	generated_token_64	141	381	 be	True	641	0.6626070737838745
recipe_metaphysics	light_global_mixed	15	generated_token_64	141	381	 be	True	736	0.7107605338096619
recipe_metaphysics	light_global_mixed	16	generated_token_64	141	381	 be	True	711	0.7064706087112427
recipe_metaphysics	light_global_mixed	24	generated_token_64	141	381	 be	True	717	1.102146863937378
recipe_metaphysics	light_global_mixed	25	generated_token_64	141	381	 be	True	726	1.1020092964172363
recipe_metaphysics	light_global_mixed	26	generated_token_64	141	381	 be	True	705	1.1464613676071167
recipe_metaphysics	light_high_impact_mixed	14	final_prompt_token	93	13	.	True	653	0.5394734144210815
recipe_metaphysics	light_high_impact_mixed	15	final_prompt_token	93	13	.	True	913	1.0277800559997559
recipe_metaphysics	light_high_impact_mixed	16	final_prompt_token	93	13	.	True	889	1.1335468292236328
recipe_metaphysics	light_high_impact_mixed	24	final_prompt_token	93	13	.	True	799	1.2787686586380005
recipe_metaphysics	light_high_impact_mixed	25	final_prompt_token	93	13	.	True	804	1.335422158241272
recipe_metaphysics	light_high_impact_mixed	26	final_prompt_token	93	13	.	True	903	1.448943853378296
recipe_metaphysics	light_high_impact_mixed	14	generated_token_1	94	271	"

"	True	468	0.7287164926528931
recipe_metaphysics	light_high_impact_mixed	15	generated_token_1	94	271	"

"	True	722	0.7906075716018677
recipe_metaphysics	light_high_impact_mixed	16	generated_token_1	94	271	"

"	True	753	0.7391602993011475
recipe_metaphysics	light_high_impact_mixed	24	generated_token_1	94	271	"

"	True	637	1.335897445678711
recipe_metaphysics	light_high_impact_mixed	25	generated_token_1	94	271	"

"	True	539	1.2349092960357666
recipe_metaphysics	light_high_impact_mixed	26	generated_token_1	94	271	"

"	True	547	1.6703078746795654
recipe_metaphysics	light_high_impact_mixed	14	generated_token_8	101	6587	 wants	True	199	1.055119514465332
recipe_metaphysics	light_high_impact_mixed	15	generated_token_8	101	6587	 wants	True	313	1.0347129106521606
recipe_metaphysics	light_high_impact_mixed	16	generated_token_8	101	6587	 wants	True	298	1.1107831001281738
recipe_metaphysics	light_high_impact_mixed	24	generated_token_8	101	6587	 wants	True	379	1.2911133766174316
recipe_metaphysics	light_high_impact_mixed	25	generated_token_8	101	6587	 wants	True	378	1.2791011333465576
recipe_metaphysics	light_high_impact_mixed	26	generated_token_8	101	6587	 wants	True	369	1.5724962949752808
recipe_metaphysics	light_high_impact_mixed	14	generated_token_16	109	579	's	True	631	0.6298962831497192
recipe_metaphysics	light_high_impact_mixed	15	generated_token_16	109	579	's	True	807	0.5670779943466187
recipe_metaphysics	light_high_impact_mixed	16	generated_token_16	109	579	's	True	751	0.5578489303588867
recipe_metaphysics	light_high_impact_mixed	24	generated_token_16	109	579	's	True	800	1.2658921480178833
recipe_metaphysics	light_high_impact_mixed	25	generated_token_16	109	579	's	True	903	1.4418730735778809
recipe_metaphysics	light_high_impact_mixed	26	generated_token_16	109	579	's	True	781	1.3915631771087646
recipe_metaphysics	light_high_impact_mixed	14	generated_token_32	125	11125	 choices	True	548	0.5953391790390015
recipe_metaphysics	light_high_impact_mixed	15	generated_token_32	125	11125	 choices	True	827	0.5986102819442749
recipe_metaphysics	light_high_impact_mixed	16	generated_token_32	125	11125	 choices	True	800	0.7425359487533569
recipe_metaphysics	light_high_impact_mixed	24	generated_token_32	125	11125	 choices	True	815	1.0218112468719482
recipe_metaphysics	light_high_impact_mixed	25	generated_token_32	125	11125	 choices	True	877	0.9721298217773438
recipe_metaphysics	light_high_impact_mixed	26	generated_token_32	125	11125	 choices	True	800	1.1358990669250488
recipe_metaphysics	light_high_impact_mixed	14	generated_token_64	157	14791	 AI	True	501	0.7975175976753235
recipe_metaphysics	light_high_impact_mixed	15	generated_token_64	157	14791	 AI	True	603	0.7746797800064087
recipe_metaphysics	light_high_impact_mixed	16	generated_token_64	157	14791	 AI	True	697	0.7379081845283508
recipe_metaphysics	light_high_impact_mixed	24	generated_token_64	157	14791	 AI	True	659	1.168717622756958
recipe_metaphysics	light_high_impact_mixed	25	generated_token_64	157	14791	 AI	True	796	1.0861618518829346
recipe_metaphysics	light_high_impact_mixed	26	generated_token_64	157	14791	 AI	True	741	1.1952403783798218
recipe_metaphysics	dcedilla_shuffled_light	14	final_prompt_token	49	13	.	True	710	0.5758671760559082
recipe_metaphysics	dcedilla_shuffled_light	15	final_prompt_token	49	13	.	True	942	0.9022271037101746
recipe_metaphysics	dcedilla_shuffled_light	16	final_prompt_token	49	13	.	True	923	1.034651517868042
recipe_metaphysics	dcedilla_shuffled_light	24	final_prompt_token	49	13	.	True	854	1.236607313156128
recipe_metaphysics	dcedilla_shuffled_light	25	final_prompt_token	49	13	.	True	831	1.2762407064437866
recipe_metaphysics	dcedilla_shuffled_light	26	final_prompt_token	49	13	.	True	887	1.3405177593231201
recipe_metaphysics	dcedilla_shuffled_light	14	generated_token_1	50	271	"

"	True	498	0.7397569417953491
recipe_metaphysics	dcedilla_shuffled_light	15	generated_token_1	50	271	"

"	True	709	0.6785376667976379
recipe_metaphysics	dcedilla_shuffled_light	16	generated_token_1	50	271	"

"	True	738	0.682776153087616
recipe_metaphysics	dcedilla_shuffled_light	24	generated_token_1	50	271	"

"	True	622	1.3025758266448975
recipe_metaphysics	dcedilla_shuffled_light	25	generated_token_1	50	271	"

"	True	581	1.145743489265442
recipe_metaphysics	dcedilla_shuffled_light	26	generated_token_1	50	271	"

"	True	580	1.513338565826416
recipe_metaphysics	dcedilla_shuffled_light	14	generated_token_8	57	6587	 wants	True	196	1.0376436710357666
recipe_metaphysics	dcedilla_shuffled_light	15	generated_token_8	57	6587	 wants	True	315	1.0159931182861328
recipe_metaphysics	dcedilla_shuffled_light	16	generated_token_8	57	6587	 wants	True	287	1.107487678527832
recipe_metaphysics	dcedilla_shuffled_light	24	generated_token_8	57	6587	 wants	True	352	1.2811983823776245
recipe_metaphysics	dcedilla_shuffled_light	25	generated_token_8	57	6587	 wants	True	357	1.2987786531448364
recipe_metaphysics	dcedilla_shuffled_light	26	generated_token_8	57	6587	 wants	True	370	1.5878851413726807
recipe_metaphysics	dcedilla_shuffled_light	14	generated_token_16	65	579	's	True	624	0.6492539048194885
recipe_metaphysics	dcedilla_shuffled_light	15	generated_token_16	65	579	's	True	912	0.5670338273048401
recipe_metaphysics	dcedilla_shuffled_light	16	generated_token_16	65	579	's	True	825	0.5140901803970337
recipe_metaphysics	dcedilla_shuffled_light	24	generated_token_16	65	579	's	True	828	1.4213039875030518
recipe_metaphysics	dcedilla_shuffled_light	25	generated_token_16	65	579	's	True	903	1.5647789239883423
recipe_metaphysics	dcedilla_shuffled_light	26	generated_token_16	65	579	's	True	751	1.4733223915100098
recipe_metaphysics	dcedilla_shuffled_light	14	generated_token_32	81	314	 of	True	752	0.47534891963005066
recipe_metaphysics	dcedilla_shuffled_light	15	generated_token_32	81	314	 of	True	796	0.49645131826400757
recipe_metaphysics	dcedilla_shuffled_light	16	generated_token_32	81	314	 of	True	930	0.4909333288669586
recipe_metaphysics	dcedilla_shuffled_light	24	generated_token_32	81	314	 of	True	856	0.7526806592941284
recipe_metaphysics	dcedilla_shuffled_light	25	generated_token_32	81	314	 of	True	901	0.7851306200027466
recipe_metaphysics	dcedilla_shuffled_light	26	generated_token_32	81	314	 of	True	820	1.0938568115234375
recipe_metaphysics	dcedilla_shuffled_light	14	generated_token_64	113	18565	 cake	True	440	1.1101841926574707
recipe_metaphysics	dcedilla_shuffled_light	15	generated_token_64	113	18565	 cake	True	636	0.5367605090141296
recipe_metaphysics	dcedilla_shuffled_light	16	generated_token_64	113	18565	 cake	True	628	0.49692755937576294
recipe_metaphysics	dcedilla_shuffled_light	24	generated_token_64	113	18565	 cake	True	655	0.8322155475616455
recipe_metaphysics	dcedilla_shuffled_light	25	generated_token_64	113	18565	 cake	True	680	0.6667602062225342
recipe_metaphysics	dcedilla_shuffled_light	26	generated_token_64	113	18565	 cake	True	605	1.1625611782073975
recipe_metaphysics	dcedilla_high_impact	14	final_prompt_token	50	13	.	True	702	0.5620559453964233
recipe_metaphysics	dcedilla_high_impact	15	final_prompt_token	50	13	.	True	971	0.970590353012085
recipe_metaphysics	dcedilla_high_impact	16	final_prompt_token	50	13	.	True	871	1.093273639678955
recipe_metaphysics	dcedilla_high_impact	24	final_prompt_token	50	13	.	True	802	1.2504799365997314
recipe_metaphysics	dcedilla_high_impact	25	final_prompt_token	50	13	.	True	794	1.3106496334075928
recipe_metaphysics	dcedilla_high_impact	26	final_prompt_token	50	13	.	True	841	1.3248791694641113
recipe_metaphysics	dcedilla_high_impact	14	generated_token_1	51	271	"

"	True	493	0.6878579258918762
recipe_metaphysics	dcedilla_high_impact	15	generated_token_1	51	271	"

"	True	708	0.6392710208892822
recipe_metaphysics	dcedilla_high_impact	16	generated_token_1	51	271	"

"	True	704	0.6119126677513123
recipe_metaphysics	dcedilla_high_impact	24	generated_token_1	51	271	"

"	True	606	1.3460063934326172
recipe_metaphysics	dcedilla_high_impact	25	generated_token_1	51	271	"

"	True	565	1.1902246475219727
recipe_metaphysics	dcedilla_high_impact	26	generated_token_1	51	271	"

"	True	576	1.4562160968780518
recipe_metaphysics	dcedilla_high_impact	14	generated_token_8	58	6587	 wants	True	194	1.041283130645752
recipe_metaphysics	dcedilla_high_impact	15	generated_token_8	58	6587	 wants	True	312	1.017439603805542
recipe_metaphysics	dcedilla_high_impact	16	generated_token_8	58	6587	 wants	True	289	1.1025519371032715
recipe_metaphysics	dcedilla_high_impact	24	generated_token_8	58	6587	 wants	True	345	1.2820453643798828
recipe_metaphysics	dcedilla_high_impact	25	generated_token_8	58	6587	 wants	True	354	1.2796359062194824
recipe_metaphysics	dcedilla_high_impact	26	generated_token_8	58	6587	 wants	True	368	1.5851173400878906
recipe_metaphysics	dcedilla_high_impact	14	generated_token_16	66	579	's	True	634	0.658190131187439
recipe_metaphysics	dcedilla_high_impact	15	generated_token_16	66	579	's	True	921	0.5669240951538086
recipe_metaphysics	dcedilla_high_impact	16	generated_token_16	66	579	's	True	811	0.5155528783798218
recipe_metaphysics	dcedilla_high_impact	24	generated_token_16	66	579	's	True	833	1.4438996315002441
recipe_metaphysics	dcedilla_high_impact	25	generated_token_16	66	579	's	True	898	1.582696795463562
recipe_metaphysics	dcedilla_high_impact	26	generated_token_16	66	579	's	True	760	1.4880783557891846
recipe_metaphysics	dcedilla_high_impact	14	generated_token_32	82	314	 of	True	742	0.47134533524513245
recipe_metaphysics	dcedilla_high_impact	15	generated_token_32	82	314	 of	True	809	0.4902355670928955
recipe_metaphysics	dcedilla_high_impact	16	generated_token_32	82	314	 of	True	928	0.48723432421684265
recipe_metaphysics	dcedilla_high_impact	24	generated_token_32	82	314	 of	True	846	0.7374403476715088
recipe_metaphysics	dcedilla_high_impact	25	generated_token_32	82	314	 of	True	901	0.7720068097114563
recipe_metaphysics	dcedilla_high_impact	26	generated_token_32	82	314	 of	True	801	1.1003713607788086
recipe_metaphysics	dcedilla_high_impact	14	generated_token_64	114	6007	 core	True	445	1.2852518558502197
recipe_metaphysics	dcedilla_high_impact	15	generated_token_64	114	6007	 core	True	570	1.1005929708480835
recipe_metaphysics	dcedilla_high_impact	16	generated_token_64	114	6007	 core	True	610	1.4279773235321045
recipe_metaphysics	dcedilla_high_impact	24	generated_token_64	114	6007	 core	True	652	1.6542823314666748
recipe_metaphysics	dcedilla_high_impact	25	generated_token_64	114	6007	 core	True	688	1.4620850086212158
recipe_metaphysics	dcedilla_high_impact	26	generated_token_64	114	6007	 core	True	626	1.8032147884368896
recipe_metaphysics	dense_global_mixed	14	final_prompt_token	213	13	.	True	864	0.5655798316001892
recipe_metaphysics	dense_global_mixed	15	final_prompt_token	213	13	.	True	832	1.0210058689117432
recipe_metaphysics	dense_global_mixed	16	final_prompt_token	213	13	.	True	1084	0.9315585494041443
recipe_metaphysics	dense_global_mixed	24	final_prompt_token	213	13	.	True	962	1.2116918563842773
recipe_metaphysics	dense_global_mixed	25	final_prompt_token	213	13	.	True	854	1.12774658203125
recipe_metaphysics	dense_global_mixed	26	final_prompt_token	213	13	.	True	924	1.3354945182800293
recipe_metaphysics	dense_global_mixed	14	generated_token_1	214	271	"

"	True	470	0.9151209592819214
recipe_metaphysics	dense_global_mixed	15	generated_token_1	214	271	"

"	True	721	1.43751859664917
recipe_metaphysics	dense_global_mixed	16	generated_token_1	214	271	"

"	True	801	1.1312403678894043
recipe_metaphysics	dense_global_mixed	24	generated_token_1	214	271	"

"	True	811	1.390852451324463
recipe_metaphysics	dense_global_mixed	25	generated_token_1	214	271	"

"	True	693	1.2779507637023926
recipe_metaphysics	dense_global_mixed	26	generated_token_1	214	271	"

"	True	702	1.8509161472320557
recipe_metaphysics	dense_global_mixed	14	generated_token_8	221	449	 an	True	539	0.5654457211494446
recipe_metaphysics	dense_global_mixed	15	generated_token_8	221	449	 an	True	776	0.5947024822235107
recipe_metaphysics	dense_global_mixed	16	generated_token_8	221	449	 an	True	1005	0.612331748008728
recipe_metaphysics	dense_global_mixed	24	generated_token_8	221	449	 an	True	799	1.0939505100250244
recipe_metaphysics	dense_global_mixed	25	generated_token_8	221	449	 an	True	745	0.766152024269104
recipe_metaphysics	dense_global_mixed	26	generated_token_8	221	449	 an	True	766	1.7237107753753662
recipe_metaphysics	dense_global_mixed	14	generated_token_16	229	11	,	True	440	0.7661831378936768
recipe_metaphysics	dense_global_mixed	15	generated_token_16	229	11	,	True	565	0.8357793688774109
recipe_metaphysics	dense_global_mixed	16	generated_token_16	229	11	,	True	470	0.8484723567962646
recipe_metaphysics	dense_global_mixed	24	generated_token_16	229	11	,	True	536	1.2927312850952148
recipe_metaphysics	dense_global_mixed	25	generated_token_16	229	11	,	True	535	1.5038431882858276
recipe_metaphysics	dense_global_mixed	26	generated_token_16	229	11	,	True	490	1.6842262744903564
recipe_metaphysics	dense_global_mixed	14	generated_token_32	245	883	 about	True	323	0.7919582724571228
recipe_metaphysics	dense_global_mixed	15	generated_token_32	245	883	 about	True	388	0.8511173725128174
recipe_metaphysics	dense_global_mixed	16	generated_token_32	245	883	 about	True	477	0.8536957502365112
recipe_metaphysics	dense_global_mixed	24	generated_token_32	245	883	 about	True	530	1.1364758014678955
recipe_metaphysics	dense_global_mixed	25	generated_token_32	245	883	 about	True	528	1.1868788003921509
recipe_metaphysics	dense_global_mixed	26	generated_token_32	245	883	 about	True	523	1.1924151182174683
recipe_metaphysics	dense_global_mixed	14	generated_token_64	277	8937	 angle	True	478	0.5660694241523743
recipe_metaphysics	dense_global_mixed	15	generated_token_64	277	8937	 angle	True	588	0.7529392838478088
recipe_metaphysics	dense_global_mixed	16	generated_token_64	277	8937	 angle	True	574	0.6999751329421997
recipe_metaphysics	dense_global_mixed	24	generated_token_64	277	8937	 angle	True	544	1.0573946237564087
recipe_metaphysics	dense_global_mixed	25	generated_token_64	277	8937	 angle	True	550	1.045855164527893
recipe_metaphysics	dense_global_mixed	26	generated_token_64	277	8937	 angle	True	507	0.9938517808914185
recipe_metaphysics	dense_dcedilla_all	14	final_prompt_token	69	13	.	True	684	0.5034173130989075
recipe_metaphysics	dense_dcedilla_all	15	final_prompt_token	69	13	.	True	895	0.8245326280593872
recipe_metaphysics	dense_dcedilla_all	16	final_prompt_token	69	13	.	True	919	0.873517632484436
recipe_metaphysics	dense_dcedilla_all	24	final_prompt_token	69	13	.	True	804	1.1678723096847534
recipe_metaphysics	dense_dcedilla_all	25	final_prompt_token	69	13	.	True	813	1.2465929985046387
recipe_metaphysics	dense_dcedilla_all	26	final_prompt_token	69	13	.	True	844	1.509606122970581
recipe_metaphysics	dense_dcedilla_all	14	generated_token_1	70	271	"

"	True	467	0.723540723323822
recipe_metaphysics	dense_dcedilla_all	15	generated_token_1	70	271	"

"	True	710	0.6284506320953369
recipe_metaphysics	dense_dcedilla_all	16	generated_token_1	70	271	"

"	True	746	0.625731348991394
recipe_metaphysics	dense_dcedilla_all	24	generated_token_1	70	271	"

"	True	585	1.2304174900054932
recipe_metaphysics	dense_dcedilla_all	25	generated_token_1	70	271	"

"	True	557	1.100653886795044
recipe_metaphysics	dense_dcedilla_all	26	generated_token_1	70	271	"

"	True	550	1.437549352645874
recipe_metaphysics	dense_dcedilla_all	14	generated_token_8	77	6587	 wants	True	200	1.0410586595535278
recipe_metaphysics	dense_dcedilla_all	15	generated_token_8	77	6587	 wants	True	285	1.0180072784423828
recipe_metaphysics	dense_dcedilla_all	16	generated_token_8	77	6587	 wants	True	270	1.1132588386535645
recipe_metaphysics	dense_dcedilla_all	24	generated_token_8	77	6587	 wants	True	343	1.2866171598434448
recipe_metaphysics	dense_dcedilla_all	25	generated_token_8	77	6587	 wants	True	352	1.283552885055542
recipe_metaphysics	dense_dcedilla_all	26	generated_token_8	77	6587	 wants	True	369	1.5954511165618896
recipe_metaphysics	dense_dcedilla_all	14	generated_token_16	85	579	's	True	629	0.6568129062652588
recipe_metaphysics	dense_dcedilla_all	15	generated_token_16	85	579	's	True	911	0.575675368309021
recipe_metaphysics	dense_dcedilla_all	16	generated_token_16	85	579	's	True	808	0.516448974609375
recipe_metaphysics	dense_dcedilla_all	24	generated_token_16	85	579	's	True	814	1.4158083200454712
recipe_metaphysics	dense_dcedilla_all	25	generated_token_16	85	579	's	True	890	1.536825180053711
recipe_metaphysics	dense_dcedilla_all	26	generated_token_16	85	579	's	True	780	1.4419622421264648
recipe_metaphysics	dense_dcedilla_all	14	generated_token_32	101	314	 of	True	735	0.46316131949424744
recipe_metaphysics	dense_dcedilla_all	15	generated_token_32	101	314	 of	True	752	0.47531741857528687
recipe_metaphysics	dense_dcedilla_all	16	generated_token_32	101	314	 of	True	847	0.49453842639923096
recipe_metaphysics	dense_dcedilla_all	24	generated_token_32	101	314	 of	True	846	0.7096343040466309
recipe_metaphysics	dense_dcedilla_all	25	generated_token_32	101	314	 of	True	866	0.7399638295173645
recipe_metaphysics	dense_dcedilla_all	26	generated_token_32	101	314	 of	True	831	1.067995309829712
recipe_metaphysics	dense_dcedilla_all	14	generated_token_64	133	13224	 layers	True	531	1.065207839012146
recipe_metaphysics	dense_dcedilla_all	15	generated_token_64	133	13224	 layers	True	659	1.055150032043457
recipe_metaphysics	dense_dcedilla_all	16	generated_token_64	133	13224	 layers	True	714	1.1297639608383179
recipe_metaphysics	dense_dcedilla_all	24	generated_token_64	133	13224	 layers	True	765	1.546363115310669
recipe_metaphysics	dense_dcedilla_all	25	generated_token_64	133	13224	 layers	True	808	1.4794878959655762
recipe_metaphysics	dense_dcedilla_all	26	generated_token_64	133	13224	 layers	True	718	1.5870691537857056
recipe_metaphysics	token_count_matched_ascii_noise	14	final_prompt_token	213	13	.	True	738	0.6122969388961792
recipe_metaphysics	token_count_matched_ascii_noise	15	final_prompt_token	213	13	.	True	896	0.7041153907775879
recipe_metaphysics	token_count_matched_ascii_noise	16	final_prompt_token	213	13	.	True	909	0.9281460046768188
recipe_metaphysics	token_count_matched_ascii_noise	24	final_prompt_token	213	13	.	True	892	1.314878225326538
recipe_metaphysics	token_count_matched_ascii_noise	25	final_prompt_token	213	13	.	True	826	1.5006916522979736
recipe_metaphysics	token_count_matched_ascii_noise	26	final_prompt_token	213	13	.	True	940	1.5378749370574951
recipe_metaphysics	token_count_matched_ascii_noise	14	generated_token_1	214	271	"

"	True	468	0.6678615808486938
recipe_metaphysics	token_count_matched_ascii_noise	15	generated_token_1	214	271	"

"	True	689	0.8905531764030457
recipe_metaphysics	token_count_matched_ascii_noise	16	generated_token_1	214	271	"

"	True	740	0.7031404972076416
recipe_metaphysics	token_count_matched_ascii_noise	24	generated_token_1	214	271	"

"	True	668	1.2942808866500854
recipe_metaphysics	token_count_matched_ascii_noise	25	generated_token_1	214	271	"

"	True	561	1.189501404762268
recipe_metaphysics	token_count_matched_ascii_noise	26	generated_token_1	214	271	"

"	True	676	1.6617305278778076
recipe_metaphysics	token_count_matched_ascii_noise	14	generated_token_8	221	31674	 Cake	True	603	0.8549766540527344
recipe_metaphysics	token_count_matched_ascii_noise	15	generated_token_8	221	31674	 Cake	True	761	0.6877380013465881
recipe_metaphysics	token_count_matched_ascii_noise	16	generated_token_8	221	31674	 Cake	True	793	0.9244514107704163
recipe_metaphysics	token_count_matched_ascii_noise	24	generated_token_8	221	31674	 Cake	True	822	0.5269143581390381
recipe_metaphysics	token_count_matched_ascii_noise	25	generated_token_8	221	31674	 Cake	True	792	0.6865233778953552
recipe_metaphysics	token_count_matched_ascii_noise	26	generated_token_8	221	31674	 Cake	True	708	0.7991945743560791
recipe_metaphysics	token_count_matched_ascii_noise	14	generated_token_16	229	332	**	True	441	0.6786016225814819
recipe_metaphysics	token_count_matched_ascii_noise	15	generated_token_16	229	332	**	True	564	0.6358797550201416
recipe_metaphysics	token_count_matched_ascii_noise	16	generated_token_16	229	332	**	True	686	0.5278576016426086
recipe_metaphysics	token_count_matched_ascii_noise	24	generated_token_16	229	332	**	True	711	1.0441603660583496
recipe_metaphysics	token_count_matched_ascii_noise	25	generated_token_16	229	332	**	True	819	0.8189865350723267
recipe_metaphysics	token_count_matched_ascii_noise	26	generated_token_16	229	332	**	True	664	1.0770010948181152
recipe_metaphysics	token_count_matched_ascii_noise	14	generated_token_32	245	279	 the	True	742	0.4663996696472168
recipe_metaphysics	token_count_matched_ascii_noise	15	generated_token_32	245	279	 the	True	826	0.4832093119621277
recipe_metaphysics	token_count_matched_ascii_noise	16	generated_token_32	245	279	 the	True	793	0.5148572325706482
recipe_metaphysics	token_count_matched_ascii_noise	24	generated_token_32	245	279	 the	True	794	0.845193088054657
recipe_metaphysics	token_count_matched_ascii_noise	25	generated_token_32	245	279	 the	True	694	0.9548705816268921
recipe_metaphysics	token_count_matched_ascii_noise	26	generated_token_32	245	279	 the	True	603	0.9195958375930786
recipe_metaphysics	token_count_matched_ascii_noise	14	generated_token_64	277	13	.	True	756	0.819164514541626
recipe_metaphysics	token_count_matched_ascii_noise	15	generated_token_64	277	13	.	True	839	0.5205975770950317
recipe_metaphysics	token_count_matched_ascii_noise	16	generated_token_64	277	13	.	True	954	0.5185641050338745
recipe_metaphysics	token_count_matched_ascii_noise	24	generated_token_64	277	13	.	True	1023	1.0481088161468506
recipe_metaphysics	token_count_matched_ascii_noise	25	generated_token_64	277	13	.	True	919	1.1112185716629028
recipe_metaphysics	token_count_matched_ascii_noise	26	generated_token_64	277	13	.	True	863	1.4478199481964111
recipe_metaphysics	visual_ascii_control	14	final_prompt_token	79	13	.	True	655	0.4561570882797241
recipe_metaphysics	visual_ascii_control	15	final_prompt_token	79	13	.	True	914	1.0454580783843994
recipe_metaphysics	visual_ascii_control	16	final_prompt_token	79	13	.	True	876	1.1283432245254517
recipe_metaphysics	visual_ascii_control	24	final_prompt_token	79	13	.	True	796	1.2493220567703247
recipe_metaphysics	visual_ascii_control	25	final_prompt_token	79	13	.	True	798	1.2580052614212036
recipe_metaphysics	visual_ascii_control	26	final_prompt_token	79	13	.	True	839	1.710505723953247
recipe_metaphysics	visual_ascii_control	14	generated_token_1	80	271	"

"	True	468	0.7653020024299622
recipe_metaphysics	visual_ascii_control	15	generated_token_1	80	271	"

"	True	653	0.6875489950180054
recipe_metaphysics	visual_ascii_control	16	generated_token_1	80	271	"

"	True	688	0.6572592854499817
recipe_metaphysics	visual_ascii_control	24	generated_token_1	80	271	"

"	True	580	1.2581743001937866
recipe_metaphysics	visual_ascii_control	25	generated_token_1	80	271	"

"	True	525	1.0575400590896606
recipe_metaphysics	visual_ascii_control	26	generated_token_1	80	271	"

"	True	487	1.4200080633163452
recipe_metaphysics	visual_ascii_control	14	generated_token_8	87	6587	 wants	True	200	1.0393242835998535
recipe_metaphysics	visual_ascii_control	15	generated_token_8	87	6587	 wants	True	287	1.0150197744369507
recipe_metaphysics	visual_ascii_control	16	generated_token_8	87	6587	 wants	True	287	1.1092464923858643
recipe_metaphysics	visual_ascii_control	24	generated_token_8	87	6587	 wants	True	341	1.2684437036514282
recipe_metaphysics	visual_ascii_control	25	generated_token_8	87	6587	 wants	True	331	1.2744765281677246
recipe_metaphysics	visual_ascii_control	26	generated_token_8	87	6587	 wants	True	340	1.5562832355499268
recipe_metaphysics	visual_ascii_control	14	generated_token_16	95	11	,	True	580	0.46223151683807373
recipe_metaphysics	visual_ascii_control	15	generated_token_16	95	11	,	True	748	0.5886596441268921
recipe_metaphysics	visual_ascii_control	16	generated_token_16	95	11	,	True	718	0.6054375171661377
recipe_metaphysics	visual_ascii_control	24	generated_token_16	95	11	,	True	784	1.0238158702850342
recipe_metaphysics	visual_ascii_control	25	generated_token_16	95	11	,	True	727	1.07509446144104
recipe_metaphysics	visual_ascii_control	26	generated_token_16	95	11	,	True	576	1.0758743286132812
recipe_metaphysics	visual_ascii_control	14	generated_token_32	111	11	,	True	825	0.5529740452766418
recipe_metaphysics	visual_ascii_control	15	generated_token_32	111	11	,	True	881	0.5357792377471924
recipe_metaphysics	visual_ascii_control	16	generated_token_32	111	11	,	True	926	0.517863392829895
recipe_metaphysics	visual_ascii_control	24	generated_token_32	111	11	,	True	892	0.7155782580375671
recipe_metaphysics	visual_ascii_control	25	generated_token_32	111	11	,	True	1008	0.7488137483596802
recipe_metaphysics	visual_ascii_control	26	generated_token_32	111	11	,	True	892	0.7721650004386902
recipe_metaphysics	visual_ascii_control	14	generated_token_64	143	43837	 metaphor	True	535	1.1884174346923828
recipe_metaphysics	visual_ascii_control	15	generated_token_64	143	43837	 metaphor	True	641	0.7826101779937744
recipe_metaphysics	visual_ascii_control	16	generated_token_64	143	43837	 metaphor	True	708	1.3512327671051025
recipe_metaphysics	visual_ascii_control	24	generated_token_64	143	43837	 metaphor	True	748	1.2019636631011963
recipe_metaphysics	visual_ascii_control	25	generated_token_64	143	43837	 metaphor	True	785	1.145822286605835
recipe_metaphysics	visual_ascii_control	26	generated_token_64	143	43837	 metaphor	True	663	1.6309449672698975
recipe_metaphysics	unicode_nonletter_control	14	final_prompt_token	65	13	.	True	706	0.5943821668624878
recipe_metaphysics	unicode_nonletter_control	15	final_prompt_token	65	13	.	True	925	0.7672996520996094
recipe_metaphysics	unicode_nonletter_control	16	final_prompt_token	65	13	.	True	883	0.9948978424072266
recipe_metaphysics	unicode_nonletter_control	24	final_prompt_token	65	13	.	True	864	1.1033499240875244
recipe_metaphysics	unicode_nonletter_control	25	final_prompt_token	65	13	.	True	857	1.2076987028121948
recipe_metaphysics	unicode_nonletter_control	26	final_prompt_token	65	13	.	True	805	1.1135976314544678
recipe_metaphysics	unicode_nonletter_control	14	generated_token_1	66	271	"

"	True	504	0.8231841325759888
recipe_metaphysics	unicode_nonletter_control	15	generated_token_1	66	271	"

"	True	713	0.7448447346687317
recipe_metaphysics	unicode_nonletter_control	16	generated_token_1	66	271	"

"	True	720	0.7370531558990479
recipe_metaphysics	unicode_nonletter_control	24	generated_token_1	66	271	"

"	True	623	1.3211134672164917
recipe_metaphysics	unicode_nonletter_control	25	generated_token_1	66	271	"

"	True	555	1.2130306959152222
recipe_metaphysics	unicode_nonletter_control	26	generated_token_1	66	271	"

"	True	603	1.3846607208251953
recipe_metaphysics	unicode_nonletter_control	14	generated_token_8	73	6587	 wants	True	202	1.0505049228668213
recipe_metaphysics	unicode_nonletter_control	15	generated_token_8	73	6587	 wants	True	294	1.0359119176864624
recipe_metaphysics	unicode_nonletter_control	16	generated_token_8	73	6587	 wants	True	280	1.1223325729370117
recipe_metaphysics	unicode_nonletter_control	24	generated_token_8	73	6587	 wants	True	359	1.3114688396453857
recipe_metaphysics	unicode_nonletter_control	25	generated_token_8	73	6587	 wants	True	373	1.2480430603027344
recipe_metaphysics	unicode_nonletter_control	26	generated_token_8	73	6587	 wants	True	363	1.5843021869659424
recipe_metaphysics	unicode_nonletter_control	14	generated_token_16	81	579	's	True	626	0.676622748374939
recipe_metaphysics	unicode_nonletter_control	15	generated_token_16	81	579	's	True	886	0.6005781292915344
recipe_metaphysics	unicode_nonletter_control	16	generated_token_16	81	579	's	True	821	0.5205758213996887
recipe_metaphysics	unicode_nonletter_control	24	generated_token_16	81	579	's	True	849	1.4153566360473633
recipe_metaphysics	unicode_nonletter_control	25	generated_token_16	81	579	's	True	942	1.5986615419387817
recipe_metaphysics	unicode_nonletter_control	26	generated_token_16	81	579	's	True	841	1.4952383041381836
recipe_metaphysics	unicode_nonletter_control	14	generated_token_32	97	314	 of	True	706	0.4154667556285858
recipe_metaphysics	unicode_nonletter_control	15	generated_token_32	97	314	 of	True	776	0.4337416887283325
recipe_metaphysics	unicode_nonletter_control	16	generated_token_32	97	314	 of	True	883	0.5407935380935669
recipe_metaphysics	unicode_nonletter_control	24	generated_token_32	97	314	 of	True	823	0.626895010471344
recipe_metaphysics	unicode_nonletter_control	25	generated_token_32	97	314	 of	True	884	0.6655794978141785
recipe_metaphysics	unicode_nonletter_control	26	generated_token_32	97	314	 of	True	817	0.9842956066131592
recipe_metaphysics	unicode_nonletter_control	14	generated_token_64	129	7193	 purpose	True	405	1.34103524684906
recipe_metaphysics	unicode_nonletter_control	15	generated_token_64	129	7193	 purpose	True	572	1.2958216667175293
recipe_metaphysics	unicode_nonletter_control	16	generated_token_64	129	7193	 purpose	True	594	1.3420050144195557
recipe_metaphysics	unicode_nonletter_control	24	generated_token_64	129	7193	 purpose	True	592	1.8700807094573975
recipe_metaphysics	unicode_nonletter_control	25	generated_token_64	129	7193	 purpose	True	629	1.8974478244781494
recipe_metaphysics	unicode_nonletter_control	26	generated_token_64	129	7193	 purpose	True	637	1.7785969972610474
recipe_metaphysics	semantic_shuffle_control	14	final_prompt_token	40	13	.	True	752	0.44926273822784424
recipe_metaphysics	semantic_shuffle_control	15	final_prompt_token	40	13	.	True	989	0.7950006723403931
recipe_metaphysics	semantic_shuffle_control	16	final_prompt_token	40	13	.	True	892	0.7992724180221558
recipe_metaphysics	semantic_shuffle_control	24	final_prompt_token	40	13	.	True	962	1.0092359781265259
recipe_metaphysics	semantic_shuffle_control	25	final_prompt_token	40	13	.	True	906	0.9195647239685059
recipe_metaphysics	semantic_shuffle_control	26	final_prompt_token	40	13	.	True	826	1.847470998764038
recipe_metaphysics	semantic_shuffle_control	14	generated_token_1	41	271	"

"	True	432	0.9028886556625366
recipe_metaphysics	semantic_shuffle_control	15	generated_token_1	41	271	"

"	True	718	0.9133613705635071
recipe_metaphysics	semantic_shuffle_control	16	generated_token_1	41	271	"

"	True	673	0.9262261390686035
recipe_metaphysics	semantic_shuffle_control	24	generated_token_1	41	271	"

"	True	680	1.3508365154266357
recipe_metaphysics	semantic_shuffle_control	25	generated_token_1	41	271	"

"	True	612	1.20713210105896
recipe_metaphysics	semantic_shuffle_control	26	generated_token_1	41	271	"

"	True	658	1.657989501953125
recipe_metaphysics	semantic_shuffle_control	14	generated_token_8	48	6587	 wants	True	197	1.0436925888061523
recipe_metaphysics	semantic_shuffle_control	15	generated_token_8	48	6587	 wants	True	309	1.0173002481460571
recipe_metaphysics	semantic_shuffle_control	16	generated_token_8	48	6587	 wants	True	289	1.117908000946045
recipe_metaphysics	semantic_shuffle_control	24	generated_token_8	48	6587	 wants	True	358	1.3142896890640259
recipe_metaphysics	semantic_shuffle_control	25	generated_token_8	48	6587	 wants	True	365	1.3266876935958862
recipe_metaphysics	semantic_shuffle_control	26	generated_token_8	48	6587	 wants	True	388	1.6241214275360107
recipe_metaphysics	semantic_shuffle_control	14	generated_token_16	56	579	's	True	652	0.6449784636497498
recipe_metaphysics	semantic_shuffle_control	15	generated_token_16	56	579	's	True	972	0.56882643699646
recipe_metaphysics	semantic_shuffle_control	16	generated_token_16	56	579	's	True	871	0.5134671330451965
recipe_metaphysics	semantic_shuffle_control	24	generated_token_16	56	579	's	True	801	1.420060634613037
recipe_metaphysics	semantic_shuffle_control	25	generated_token_16	56	579	's	True	922	1.56685209274292
recipe_metaphysics	semantic_shuffle_control	26	generated_token_16	56	579	's	True	778	1.4972412586212158
recipe_metaphysics	semantic_shuffle_control	14	generated_token_32	72	2302	 They	True	251	0.7196347713470459
recipe_metaphysics	semantic_shuffle_control	15	generated_token_32	72	2302	 They	True	340	0.7189491391181946
recipe_metaphysics	semantic_shuffle_control	16	generated_token_32	72	2302	 They	True	380	0.6730095148086548
recipe_metaphysics	semantic_shuffle_control	24	generated_token_32	72	2302	 They	True	448	1.1083834171295166
recipe_metaphysics	semantic_shuffle_control	25	generated_token_32	72	2302	 They	True	445	1.0277961492538452
recipe_metaphysics	semantic_shuffle_control	26	generated_token_32	72	2302	 They	True	449	1.0628342628479004
recipe_metaphysics	semantic_shuffle_control	14	generated_token_64	104	39604	 persistence	True	636	0.7003214359283447
recipe_metaphysics	semantic_shuffle_control	15	generated_token_64	104	39604	 persistence	True	882	1.130273699760437
recipe_metaphysics	semantic_shuffle_control	16	generated_token_64	104	39604	 persistence	True	849	1.0340332984924316
recipe_metaphysics	semantic_shuffle_control	24	generated_token_64	104	39604	 persistence	True	933	0.7086498737335205
recipe_metaphysics	semantic_shuffle_control	25	generated_token_64	104	39604	 persistence	True	918	0.7836448550224304
recipe_metaphysics	semantic_shuffle_control	26	generated_token_64	104	39604	 persistence	True	937	1.5008790493011475
recipe_metaphysics	d_dot_high_impact_control	14	final_prompt_token	50	13	.	True	704	0.5647634267807007
recipe_metaphysics	d_dot_high_impact_control	15	final_prompt_token	50	13	.	True	962	0.9561454057693481
recipe_metaphysics	d_dot_high_impact_control	16	final_prompt_token	50	13	.	True	877	1.0970258712768555
recipe_metaphysics	d_dot_high_impact_control	24	final_prompt_token	50	13	.	True	798	1.2435767650604248
recipe_metaphysics	d_dot_high_impact_control	25	final_prompt_token	50	13	.	True	789	1.3084431886672974
recipe_metaphysics	d_dot_high_impact_control	26	final_prompt_token	50	13	.	True	846	1.3738422393798828
recipe_metaphysics	d_dot_high_impact_control	14	generated_token_1	51	271	"

"	True	478	0.6827218532562256
recipe_metaphysics	d_dot_high_impact_control	15	generated_token_1	51	271	"

"	True	700	0.6480599641799927
recipe_metaphysics	d_dot_high_impact_control	16	generated_token_1	51	271	"

"	True	716	0.6259329319000244
recipe_metaphysics	d_dot_high_impact_control	24	generated_token_1	51	271	"

"	True	606	1.3535691499710083
recipe_metaphysics	d_dot_high_impact_control	25	generated_token_1	51	271	"

"	True	573	1.1822363138198853
recipe_metaphysics	d_dot_high_impact_control	26	generated_token_1	51	271	"

"	True	591	1.4572725296020508
recipe_metaphysics	d_dot_high_impact_control	14	generated_token_8	58	6587	 wants	True	196	1.0498342514038086
recipe_metaphysics	d_dot_high_impact_control	15	generated_token_8	58	6587	 wants	True	315	1.0229973793029785
recipe_metaphysics	d_dot_high_impact_control	16	generated_token_8	58	6587	 wants	True	289	1.1093096733093262
recipe_metaphysics	d_dot_high_impact_control	24	generated_token_8	58	6587	 wants	True	356	1.290555715560913
recipe_metaphysics	d_dot_high_impact_control	25	generated_token_8	58	6587	 wants	True	350	1.250522494316101
recipe_metaphysics	d_dot_high_impact_control	26	generated_token_8	58	6587	 wants	True	382	1.585709571838379
recipe_metaphysics	d_dot_high_impact_control	14	generated_token_16	66	579	's	True	639	0.6617808938026428
recipe_metaphysics	d_dot_high_impact_control	15	generated_token_16	66	579	's	True	918	0.5697464942932129
recipe_metaphysics	d_dot_high_impact_control	16	generated_token_16	66	579	's	True	808	0.5169050097465515
recipe_metaphysics	d_dot_high_impact_control	24	generated_token_16	66	579	's	True	813	1.4441969394683838
recipe_metaphysics	d_dot_high_impact_control	25	generated_token_16	66	579	's	True	923	1.5853577852249146
recipe_metaphysics	d_dot_high_impact_control	26	generated_token_16	66	579	's	True	775	1.4907994270324707
recipe_metaphysics	d_dot_high_impact_control	14	generated_token_32	82	314	 of	True	737	0.4657900035381317
recipe_metaphysics	d_dot_high_impact_control	15	generated_token_32	82	314	 of	True	764	0.4849449396133423
recipe_metaphysics	d_dot_high_impact_control	16	generated_token_32	82	314	 of	True	918	0.5071960687637329
recipe_metaphysics	d_dot_high_impact_control	24	generated_token_32	82	314	 of	True	869	0.7308711409568787
recipe_metaphysics	d_dot_high_impact_control	25	generated_token_32	82	314	 of	True	919	0.7610363364219666
recipe_metaphysics	d_dot_high_impact_control	26	generated_token_32	82	314	 of	True	811	1.1623504161834717
recipe_metaphysics	d_dot_high_impact_control	14	generated_token_64	114	6007	 core	True	442	1.3005824089050293
recipe_metaphysics	d_dot_high_impact_control	15	generated_token_64	114	6007	 core	True	565	1.1061538457870483
recipe_metaphysics	d_dot_high_impact_control	16	generated_token_64	114	6007	 core	True	608	1.4365556240081787
recipe_metaphysics	d_dot_high_impact_control	24	generated_token_64	114	6007	 core	True	650	1.6606340408325195
recipe_metaphysics	d_dot_high_impact_control	25	generated_token_64	114	6007	 core	True	677	1.4751940965652466
recipe_metaphysics	d_dot_high_impact_control	26	generated_token_64	114	6007	 core	True	627	1.8280365467071533
