family	variant	layer	position_label	residual_l2_vs_ascii	residual_cosine_distance_vs_ascii	sae_topk_jaccard_distance_vs_ascii
hum_processing	light_global_mixed	14	final_prompt_token	1.6000099182128906	0.08063516191743092	0.5507246376811594
hum_processing	light_global_mixed	14	generated_token_1	1.803257703781128	0.20906435403327417	0.7341772151898734
hum_processing	light_global_mixed	14	generated_token_8	1.6524159908294678	0.11060124695437179	0.717948717948718
hum_processing	light_global_mixed	14	generated_token_16	1.9244358539581299	0.17595402615198408	0.8235294117647058
hum_processing	light_global_mixed	14	generated_token_32	3.244415283203125	0.4499322008736085	0.9583333333333334
hum_processing	light_global_mixed	14	generated_token_64	3.1465187072753906	0.34266671911648183	0.8764044943820225
hum_processing	light_global_mixed	15	final_prompt_token	1.6414026021957397	0.13591803901573785	0.7012987012987013
hum_processing	light_global_mixed	15	generated_token_1	1.882840633392334	0.2714277587458944	0.6842105263157895
hum_processing	light_global_mixed	15	generated_token_8	1.8044664859771729	0.1776401500517618	0.7654320987654322
hum_processing	light_global_mixed	15	generated_token_16	2.0533998012542725	0.22420124378450834	0.8095238095238095
hum_processing	light_global_mixed	15	generated_token_32	3.3630990982055664	0.4767938394047241	0.9795918367346939
hum_processing	light_global_mixed	15	generated_token_64	3.1926116943359375	0.39152271310325015	0.9010989010989011
hum_processing	light_global_mixed	16	final_prompt_token	1.64194655418396	0.15067343992430116	0.7012987012987013
hum_processing	light_global_mixed	16	generated_token_1	2.0461368560791016	0.2778560126277949	0.7341772151898734
hum_processing	light_global_mixed	16	generated_token_8	1.9694130420684814	0.19170288000065228	0.7654320987654322
hum_processing	light_global_mixed	16	generated_token_16	2.0757765769958496	0.18269122356584	0.8095238095238095
hum_processing	light_global_mixed	16	generated_token_32	3.518980026245117	0.4441357779826164	0.9473684210526316
hum_processing	light_global_mixed	16	generated_token_64	3.2996199131011963	0.39163989647559727	0.9361702127659575
hum_processing	light_global_mixed	24	final_prompt_token	2.096271514892578	0.11585489373768953	0.6842105263157895
hum_processing	light_global_mixed	24	generated_token_1	2.4275195598602295	0.18058257114090104	0.717948717948718
hum_processing	light_global_mixed	24	generated_token_8	3.2034454345703125	0.21055759345024827	0.7654320987654322
hum_processing	light_global_mixed	24	generated_token_16	3.413377285003662	0.21251291666362548	0.8505747126436781
hum_processing	light_global_mixed	24	generated_token_32	5.198833465576172	0.4054727006878469	0.9361702127659575
hum_processing	light_global_mixed	24	generated_token_64	5.128946304321289	0.3820438052075411	0.8636363636363636
hum_processing	light_global_mixed	25	final_prompt_token	2.19036602973938	0.11280568255271528	0.5714285714285714
hum_processing	light_global_mixed	25	generated_token_1	2.472003698348999	0.16525349747814355	0.6301369863013699
hum_processing	light_global_mixed	25	generated_token_8	3.415621519088745	0.22354290097503549	0.7951807228915663
hum_processing	light_global_mixed	25	generated_token_16	3.7636239528656006	0.23710156237403313	0.7804878048780488
hum_processing	light_global_mixed	25	generated_token_32	5.446883201599121	0.40183592982557115	0.9130434782608696
hum_processing	light_global_mixed	25	generated_token_64	5.359045028686523	0.39781488602001946	0.8636363636363636
hum_processing	light_global_mixed	26	final_prompt_token	2.3371803760528564	0.09570307144248535	0.5915492957746479
hum_processing	light_global_mixed	26	generated_token_1	2.4544451236724854	0.13126558444027414	0.5074626865671642
hum_processing	light_global_mixed	26	generated_token_8	3.5323495864868164	0.18300873152987407	0.7654320987654322
hum_processing	light_global_mixed	26	generated_token_16	3.9467287063598633	0.20268544628675833	0.8372093023255813
hum_processing	light_global_mixed	26	generated_token_32	5.5767927169799805	0.3686039637354287	0.9010989010989011
hum_processing	light_global_mixed	26	generated_token_64	5.309019088745117	0.27487618466973973	0.8505747126436781
hum_processing	light_high_impact_mixed	14	final_prompt_token	1.4266998767852783	0.06434945485630683	0.46153846153846156
hum_processing	light_high_impact_mixed	14	generated_token_1	1.6808191537857056	0.1865180544087014	0.6842105263157895
hum_processing	light_high_impact_mixed	14	generated_token_8	2.007842540740967	0.17015658203948714	0.8372093023255813
hum_processing	light_high_impact_mixed	14	generated_token_16	3.425163984298706	0.4205586533871509	0.9361702127659575
hum_processing	light_high_impact_mixed	14	generated_token_32	2.824467658996582	0.3547349176565412	0.8888888888888888
hum_processing	light_high_impact_mixed	14	generated_token_64	3.633781909942627	0.3807344526701736	0.9473684210526316
hum_processing	light_high_impact_mixed	15	final_prompt_token	1.484870433807373	0.1103011778955767	0.5915492957746479
hum_processing	light_high_impact_mixed	15	generated_token_1	1.8429360389709473	0.2629316937170366	0.6842105263157895
hum_processing	light_high_impact_mixed	15	generated_token_8	2.0676348209381104	0.2507844191320189	0.8235294117647058
hum_processing	light_high_impact_mixed	15	generated_token_16	3.52343487739563	0.4708395564146769	0.9247311827956989
hum_processing	light_high_impact_mixed	15	generated_token_32	2.916965961456299	0.39075999059769817	0.9361702127659575
hum_processing	light_high_impact_mixed	15	generated_token_64	3.725126266479492	0.46057664150371314	0.9690721649484536
hum_processing	light_high_impact_mixed	16	final_prompt_token	1.4807935953140259	0.12000821465554778	0.6301369863013699
hum_processing	light_high_impact_mixed	16	generated_token_1	1.9704067707061768	0.2604474177659767	0.75
hum_processing	light_high_impact_mixed	16	generated_token_8	2.195965051651001	0.2605348336447364	0.8095238095238095
hum_processing	light_high_impact_mixed	16	generated_token_16	3.6159310340881348	0.4169812194768776	0.9130434782608696
hum_processing	light_high_impact_mixed	16	generated_token_32	3.028573751449585	0.3620501857770476	0.9010989010989011
hum_processing	light_high_impact_mixed	16	generated_token_64	3.8196098804473877	0.4566739305977633	0.9247311827956989
hum_processing	light_high_impact_mixed	24	final_prompt_token	1.82331383228302	0.08636251921280824	0.5074626865671642
hum_processing	light_high_impact_mixed	24	generated_token_1	2.400127649307251	0.17593130136390922	0.7012987012987013
hum_processing	light_high_impact_mixed	24	generated_token_8	3.3637948036193848	0.25269267238860593	0.8372093023255813
hum_processing	light_high_impact_mixed	24	generated_token_16	5.006654739379883	0.3982236518822525	0.9247311827956989
hum_processing	light_high_impact_mixed	24	generated_token_32	4.486087799072266	0.36842880508610765	0.9247311827956989
hum_processing	light_high_impact_mixed	24	generated_token_64	5.419748306274414	0.3767868024786126	0.9247311827956989
hum_processing	light_high_impact_mixed	25	final_prompt_token	1.8878676891326904	0.0826510339505363	0.5294117647058824
hum_processing	light_high_impact_mixed	25	generated_token_1	2.4502947330474854	0.16181019607800462	0.5714285714285714
hum_processing	light_high_impact_mixed	25	generated_token_8	3.559248685836792	0.26298139059538306	0.8372093023255813
hum_processing	light_high_impact_mixed	25	generated_token_16	5.3500237464904785	0.42855168631756546	0.9361702127659575
hum_processing	light_high_impact_mixed	25	generated_token_32	4.748286247253418	0.3689867818774136	0.9130434782608696
hum_processing	light_high_impact_mixed	25	generated_token_64	5.615013122558594	0.3782484988019734	0.8888888888888888
hum_processing	light_high_impact_mixed	26	final_prompt_token	1.9889500141143799	0.06896059073438388	0.4375
hum_processing	light_high_impact_mixed	26	generated_token_1	2.4464783668518066	0.1281588502027442	0.5294117647058824
hum_processing	light_high_impact_mixed	26	generated_token_8	3.6526787281036377	0.2284378677460781	0.7654320987654322
hum_processing	light_high_impact_mixed	26	generated_token_16	5.30989933013916	0.35568606369941425	0.8888888888888888
hum_processing	light_high_impact_mixed	26	generated_token_32	4.776348114013672	0.34245219644263514	0.9247311827956989
hum_processing	light_high_impact_mixed	26	generated_token_64	5.665332317352295	0.29824429250979156	0.9361702127659575
hum_processing	dcedilla_shuffled_light	14	final_prompt_token	1.667385458946228	0.08962242916762553	0.5714285714285714
hum_processing	dcedilla_shuffled_light	14	generated_token_1	1.596153736114502	0.1496596183788108	0.6666666666666667
hum_processing	dcedilla_shuffled_light	14	generated_token_8	0.6138918399810791	0.013594566834075339	0.33333333333333337
hum_processing	dcedilla_shuffled_light	14	generated_token_16	3.4021782875061035	0.4120130354879129	0.9130434782608696
hum_processing	dcedilla_shuffled_light	14	generated_token_32	3.928983211517334	0.465149122631739	0.9690721649484536
hum_processing	dcedilla_shuffled_light	14	generated_token_64	4.222927570343018	0.5710208739769898	1.0
hum_processing	dcedilla_shuffled_light	15	final_prompt_token	1.7155780792236328	0.1510988873136705	0.6486486486486487
hum_processing	dcedilla_shuffled_light	15	generated_token_1	1.6893279552459717	0.20425488541026227	0.6301369863013699
hum_processing	dcedilla_shuffled_light	15	generated_token_8	0.688437283039093	0.02607570629115097	0.2142857142857143
hum_processing	dcedilla_shuffled_light	15	generated_token_16	3.502279281616211	0.45541403002151204	0.9130434782608696
hum_processing	dcedilla_shuffled_light	15	generated_token_32	3.9424798488616943	0.5538300171124362	0.9473684210526316
hum_processing	dcedilla_shuffled_light	15	generated_token_64	4.375138282775879	0.6348961786935037	0.9795918367346939
hum_processing	dcedilla_shuffled_light	16	final_prompt_token	1.728377103805542	0.1669756000630327	0.7341772151898734
hum_processing	dcedilla_shuffled_light	16	generated_token_1	1.819889783859253	0.2089373259677847	0.6842105263157895
hum_processing	dcedilla_shuffled_light	16	generated_token_8	0.7750617861747742	0.029915852034974377	0.3870967741935484
hum_processing	dcedilla_shuffled_light	16	generated_token_16	3.6150593757629395	0.3998897435243455	0.8764044943820225
hum_processing	dcedilla_shuffled_light	16	generated_token_32	4.00547456741333	0.5530415586334769	0.9473684210526316
hum_processing	dcedilla_shuffled_light	16	generated_token_64	4.477540016174316	0.6317610415920827	0.98989898989899
hum_processing	dcedilla_shuffled_light	24	final_prompt_token	2.2166712284088135	0.1305176367497457	0.6842105263157895
hum_processing	dcedilla_shuffled_light	24	generated_token_1	2.475731134414673	0.16789011538629062	0.6842105263157895
hum_processing	dcedilla_shuffled_light	24	generated_token_8	1.296227216720581	0.033892962215208655	0.360655737704918
hum_processing	dcedilla_shuffled_light	24	generated_token_16	4.87856388092041	0.37929623254521505	0.9247311827956989
hum_processing	dcedilla_shuffled_light	24	generated_token_32	5.918084621429443	0.5030214606809549	0.9583333333333334
hum_processing	dcedilla_shuffled_light	24	generated_token_64	6.669010639190674	0.5569718597471858	0.98989898989899
hum_processing	dcedilla_shuffled_light	25	final_prompt_token	2.321993112564087	0.12761332822805826	0.7012987012987013
hum_processing	dcedilla_shuffled_light	25	generated_token_1	2.5584030151367188	0.16005304986888758	0.6111111111111112
hum_processing	dcedilla_shuffled_light	25	generated_token_8	1.3838353157043457	0.036220211666881386	0.46153846153846156
hum_processing	dcedilla_shuffled_light	25	generated_token_16	5.17730712890625	0.3960146205282784	0.8764044943820225
hum_processing	dcedilla_shuffled_light	25	generated_token_32	6.0960564613342285	0.4958560309240312	0.9473684210526316
hum_processing	dcedilla_shuffled_light	25	generated_token_64	6.913871765136719	0.5690248937746494	0.9583333333333334
hum_processing	dcedilla_shuffled_light	26	final_prompt_token	2.5038869380950928	0.11244132353891523	0.6666666666666667
hum_processing	dcedilla_shuffled_light	26	generated_token_1	2.485790967941284	0.1234734846090374	0.5074626865671642
hum_processing	dcedilla_shuffled_light	26	generated_token_8	1.5638095140457153	0.035557857978362306	0.4375
hum_processing	dcedilla_shuffled_light	26	generated_token_16	5.166449069976807	0.3395529128569743	0.8636363636363636
hum_processing	dcedilla_shuffled_light	26	generated_token_32	6.312633514404297	0.38918653052061825	0.9583333333333334
hum_processing	dcedilla_shuffled_light	26	generated_token_64	7.040358066558838	0.42080133121263485	0.9583333333333334
hum_processing	dcedilla_high_impact	14	final_prompt_token	0.7301534414291382	0.01650109973924241	0.2142857142857143
hum_processing	dcedilla_high_impact	14	generated_token_1	1.479752540588379	0.13710407184384155	0.5507246376811594
hum_processing	dcedilla_high_impact	14	generated_token_8	1.1437137126922607	0.04987662792394243	0.5915492957746479
hum_processing	dcedilla_high_impact	14	generated_token_16	3.3065271377563477	0.377677370731452	0.9690721649484536
hum_processing	dcedilla_high_impact	14	generated_token_32	3.624537944793701	0.4555628933424004	0.9361702127659575
hum_processing	dcedilla_high_impact	14	generated_token_64	4.122811794281006	0.6650658987374558	1.0
hum_processing	dcedilla_high_impact	15	final_prompt_token	0.7810046672821045	0.029197385168140966	0.30508474576271183
hum_processing	dcedilla_high_impact	15	generated_token_1	1.6340131759643555	0.19644148670239003	0.6111111111111112
hum_processing	dcedilla_high_impact	15	generated_token_8	1.1283515691757202	0.07140550411777946	0.6301369863013699
hum_processing	dcedilla_high_impact	15	generated_token_16	3.346250295639038	0.4572883876635312	0.9583333333333334
hum_processing	dcedilla_high_impact	15	generated_token_32	3.7764060497283936	0.5339877086480869	0.9473684210526316
hum_processing	dcedilla_high_impact	15	generated_token_64	4.115614891052246	0.683078487340163	0.98989898989899
hum_processing	dcedilla_high_impact	16	final_prompt_token	0.7684066891670227	0.030943525477307054	0.3870967741935484
hum_processing	dcedilla_high_impact	16	generated_token_1	1.7544641494750977	0.20003629781777243	0.6666666666666667
hum_processing	dcedilla_high_impact	16	generated_token_8	1.2452234029769897	0.07888023681334988	0.5507246376811594
hum_processing	dcedilla_high_impact	16	generated_token_16	3.588848829269409	0.4905528347044297	0.9247311827956989
hum_processing	dcedilla_high_impact	16	generated_token_32	3.885075807571411	0.5459469905959494	0.9473684210526316
hum_processing	dcedilla_high_impact	16	generated_token_64	4.173833847045898	0.6214034550564556	0.98989898989899
hum_processing	dcedilla_high_impact	24	final_prompt_token	0.9815325736999512	0.023531777555930167	0.33333333333333337
hum_processing	dcedilla_high_impact	24	generated_token_1	2.265305280685425	0.14915197281959125	0.6486486486486487
hum_processing	dcedilla_high_impact	24	generated_token_8	1.6782289743423462	0.05817911890315264	0.46153846153846156
hum_processing	dcedilla_high_impact	24	generated_token_16	5.356732368469238	0.44833131945533977	0.9473684210526316
hum_processing	dcedilla_high_impact	24	generated_token_32	5.994033336639404	0.491692120013432	0.9583333333333334
hum_processing	dcedilla_high_impact	24	generated_token_64	6.336644172668457	0.6375637553138276	1.0
hum_processing	dcedilla_high_impact	25	final_prompt_token	1.0535070896148682	0.024392935593564258	0.27586206896551724
hum_processing	dcedilla_high_impact	25	generated_token_1	2.3436388969421387	0.13934441996897018	0.5714285714285714
hum_processing	dcedilla_high_impact	25	generated_token_8	1.7529107332229614	0.059078441118301406	0.4375
hum_processing	dcedilla_high_impact	25	generated_token_16	5.660831451416016	0.4692569705188451	0.9130434782608696
hum_processing	dcedilla_high_impact	25	generated_token_32	6.3266191482543945	0.5201397972703043	0.9690721649484536
hum_processing	dcedilla_high_impact	25	generated_token_64	6.484248161315918	0.6302556616315284	0.9795918367346939
hum_processing	dcedilla_high_impact	26	final_prompt_token	1.1122363805770874	0.020499260802307906	0.30508474576271183
hum_processing	dcedilla_high_impact	26	generated_token_1	2.27521014213562	0.10686967994918306	0.5074626865671642
hum_processing	dcedilla_high_impact	26	generated_token_8	1.803737998008728	0.051214173377611916	0.4126984126984127
hum_processing	dcedilla_high_impact	26	generated_token_16	5.655892372131348	0.3692714350916185	0.9130434782608696
hum_processing	dcedilla_high_impact	26	generated_token_32	6.400833606719971	0.4166891899556511	0.9690721649484536
hum_processing	dcedilla_high_impact	26	generated_token_64	6.7884955406188965	0.5249070423121799	0.98989898989899
hum_processing	dense_global_mixed	14	final_prompt_token	2.691484212875366	0.2593025795759579	0.8235294117647058
hum_processing	dense_global_mixed	14	generated_token_1	2.245467185974121	0.3421464980273834	0.7951807228915663
hum_processing	dense_global_mixed	14	generated_token_8	2.2755634784698486	0.22410273676276993	0.9010989010989011
hum_processing	dense_global_mixed	14	generated_token_16	2.8346900939941406	0.39433182824632695	0.9690721649484536
hum_processing	dense_global_mixed	14	generated_token_32	3.6501832008361816	0.5066709735920256	0.9690721649484536
hum_processing	dense_global_mixed	14	generated_token_64	4.370561599731445	0.5987626919298876	1.0
hum_processing	dense_global_mixed	15	final_prompt_token	2.592440366744995	0.3688991470879609	0.8235294117647058
hum_processing	dense_global_mixed	15	generated_token_1	2.3453800678253174	0.4428364825401515	0.8372093023255813
hum_processing	dense_global_mixed	15	generated_token_8	2.321077585220337	0.32794499694600265	0.9010989010989011
hum_processing	dense_global_mixed	15	generated_token_16	3.041062593460083	0.45886704630692166	0.9690721649484536
hum_processing	dense_global_mixed	15	generated_token_32	3.7674152851104736	0.5730584720887406	0.9795918367346939
hum_processing	dense_global_mixed	15	generated_token_64	4.483283519744873	0.6745006290684932	0.98989898989899
hum_processing	dense_global_mixed	16	final_prompt_token	2.52112078666687	0.35868643973498426	0.7951807228915663
hum_processing	dense_global_mixed	16	generated_token_1	2.411360025405884	0.3970942302549665	0.7951807228915663
hum_processing	dense_global_mixed	16	generated_token_8	2.4747700691223145	0.3313844629433862	0.8764044943820225
hum_processing	dense_global_mixed	16	generated_token_16	3.1725308895111084	0.3807053335953252	0.9247311827956989
hum_processing	dense_global_mixed	16	generated_token_32	3.8911657333374023	0.5330093895832262	0.98989898989899
hum_processing	dense_global_mixed	16	generated_token_64	4.632107734680176	0.6575083411697675	1.0
hum_processing	dense_global_mixed	24	final_prompt_token	3.043839454650879	0.2624907267954645	0.7951807228915663
hum_processing	dense_global_mixed	24	generated_token_1	2.4428603649139404	0.20407095642562256	0.717948717948718
hum_processing	dense_global_mixed	24	generated_token_8	3.663459062576294	0.3042589053906487	0.8636363636363636
hum_processing	dense_global_mixed	24	generated_token_16	4.6930999755859375	0.3936511046874497	0.9473684210526316
hum_processing	dense_global_mixed	24	generated_token_32	5.5796403884887695	0.5222924777323632	0.9690721649484536
hum_processing	dense_global_mixed	24	generated_token_64	6.934600830078125	0.6154872521013515	0.98989898989899
hum_processing	dense_global_mixed	25	final_prompt_token	3.1491456031799316	0.24941233040061606	0.8095238095238095
hum_processing	dense_global_mixed	25	generated_token_1	2.539418935775757	0.1893708237007813	0.6842105263157895
hum_processing	dense_global_mixed	25	generated_token_8	3.830847978591919	0.3083623109249646	0.8888888888888888
hum_processing	dense_global_mixed	25	generated_token_16	4.982162952423096	0.4044821392122454	0.9247311827956989
hum_processing	dense_global_mixed	25	generated_token_32	5.805366516113281	0.5181777823299025	0.9583333333333334
hum_processing	dense_global_mixed	25	generated_token_64	7.120728969573975	0.6360283969975375	0.9795918367346939
hum_processing	dense_global_mixed	26	final_prompt_token	3.3086631298065186	0.2056638654142361	0.7654320987654322
hum_processing	dense_global_mixed	26	generated_token_1	2.563244104385376	0.15402521264691693	0.6486486486486487
hum_processing	dense_global_mixed	26	generated_token_8	3.8932759761810303	0.26454673361140624	0.7951807228915663
hum_processing	dense_global_mixed	26	generated_token_16	5.137195110321045	0.3483067618995429	0.9583333333333334
hum_processing	dense_global_mixed	26	generated_token_32	5.797063827514648	0.46588085592002304	0.9690721649484536
hum_processing	dense_global_mixed	26	generated_token_64	7.250147819519043	0.49062462208438284	0.9690721649484536
hum_processing	dense_dcedilla_all	14	final_prompt_token	1.3880528211593628	0.060933456083105186	0.48484848484848486
hum_processing	dense_dcedilla_all	14	generated_token_1	1.729838252067566	0.18919752311636195	0.6301369863013699
hum_processing	dense_dcedilla_all	14	generated_token_8	1.562025785446167	0.0987260165634053	0.6842105263157895
hum_processing	dense_dcedilla_all	14	generated_token_16	3.320444107055664	0.3656057885636578	0.9583333333333334
hum_processing	dense_dcedilla_all	14	generated_token_32	3.635894298553467	0.45671846994829857	0.9361702127659575
hum_processing	dense_dcedilla_all	14	generated_token_64	4.040259838104248	0.5600059698016038	1.0
hum_processing	dense_dcedilla_all	15	final_prompt_token	1.4278393983840942	0.10124152915062778	0.5915492957746479
hum_processing	dense_dcedilla_all	15	generated_token_1	1.8615615367889404	0.2565140353690111	0.6486486486486487
hum_processing	dense_dcedilla_all	15	generated_token_8	1.598496437072754	0.14467921535405892	0.7804878048780488
hum_processing	dense_dcedilla_all	15	generated_token_16	3.371394157409668	0.45888179310236654	0.9583333333333334
hum_processing	dense_dcedilla_all	15	generated_token_32	3.7862236499786377	0.5346169150381717	0.9473684210526316
hum_processing	dense_dcedilla_all	15	generated_token_64	4.035091400146484	0.5868802930226711	0.98989898989899
hum_processing	dense_dcedilla_all	16	final_prompt_token	1.442755937576294	0.11406460025779064	0.6666666666666667
hum_processing	dense_dcedilla_all	16	generated_token_1	1.9873650074005127	0.25912226046636666	0.75
hum_processing	dense_dcedilla_all	16	generated_token_8	1.7506744861602783	0.15594919450125944	0.7341772151898734
hum_processing	dense_dcedilla_all	16	generated_token_16	3.6124398708343506	0.49171012022557203	0.9361702127659575
hum_processing	dense_dcedilla_all	16	generated_token_32	3.8741183280944824	0.54541693372182	0.9583333333333334
hum_processing	dense_dcedilla_all	16	generated_token_64	4.1393256187438965	0.5522211043796401	0.98989898989899
hum_processing	dense_dcedilla_all	24	final_prompt_token	1.88442862033844	0.09158705216515628	0.5915492957746479
hum_processing	dense_dcedilla_all	24	generated_token_1	2.378347396850586	0.1697462186235873	0.6666666666666667
hum_processing	dense_dcedilla_all	24	generated_token_8	2.70440673828125	0.15580028641794286	0.7341772151898734
hum_processing	dense_dcedilla_all	24	generated_token_16	5.305356025695801	0.4440468397828583	0.9473684210526316
hum_processing	dense_dcedilla_all	24	generated_token_32	6.000073432922363	0.49394733698500204	0.9583333333333334
hum_processing	dense_dcedilla_all	24	generated_token_64	6.317416191101074	0.5289388995924942	0.9795918367346939
hum_processing	dense_dcedilla_all	25	final_prompt_token	1.993545413017273	0.0920557139038628	0.5507246376811594
hum_processing	dense_dcedilla_all	25	generated_token_1	2.421901226043701	0.15563764628457122	0.5915492957746479
hum_processing	dense_dcedilla_all	25	generated_token_8	2.8757851123809814	0.1632143749961783	0.7012987012987013
hum_processing	dense_dcedilla_all	25	generated_token_16	5.631640434265137	0.4713458485250598	0.9247311827956989
hum_processing	dense_dcedilla_all	25	generated_token_32	6.347559928894043	0.523840332307561	0.9690721649484536
hum_processing	dense_dcedilla_all	25	generated_token_64	6.563222408294678	0.5375917588135523	0.9247311827956989
hum_processing	dense_dcedilla_all	26	final_prompt_token	2.1075398921966553	0.07702618347685908	0.5507246376811594
hum_processing	dense_dcedilla_all	26	generated_token_1	2.3776605129241943	0.12119469819236162	0.48484848484848486
hum_processing	dense_dcedilla_all	26	generated_token_8	2.9561760425567627	0.14390582727362733	0.6301369863013699
hum_processing	dense_dcedilla_all	26	generated_token_16	5.641196250915527	0.36682813701111183	0.9130434782608696
hum_processing	dense_dcedilla_all	26	generated_token_32	6.423424243927002	0.4155181963029855	0.9690721649484536
hum_processing	dense_dcedilla_all	26	generated_token_64	6.669752597808838	0.4219318836326972	0.9361702127659575
hum_processing	token_count_matched_ascii_noise	14	final_prompt_token	1.2425965070724487	0.04934261137201468	0.5714285714285714
hum_processing	token_count_matched_ascii_noise	14	generated_token_1	1.5506467819213867	0.16232439288510636	0.6486486486486487
hum_processing	token_count_matched_ascii_noise	14	generated_token_8	1.7404942512512207	0.11688996341000724	0.7804878048780488
hum_processing	token_count_matched_ascii_noise	14	generated_token_16	2.028000593185425	0.19829331721683519	0.8888888888888888
hum_processing	token_count_matched_ascii_noise	14	generated_token_32	3.6315841674804688	0.45822188749057935	0.9583333333333334
hum_processing	token_count_matched_ascii_noise	14	generated_token_64	3.4586567878723145	0.43510922933287965	1.0
hum_processing	token_count_matched_ascii_noise	15	final_prompt_token	1.3394765853881836	0.08752689611571063	0.6111111111111112
hum_processing	token_count_matched_ascii_noise	15	generated_token_1	1.706002950668335	0.23192454148400332	0.6301369863013699
hum_processing	token_count_matched_ascii_noise	15	generated_token_8	1.8336788415908813	0.2021017024867965	0.7951807228915663
hum_processing	token_count_matched_ascii_noise	15	generated_token_16	2.2298743724823	0.25763797791519927	0.8235294117647058
hum_processing	token_count_matched_ascii_noise	15	generated_token_32	3.717209815979004	0.5299897159531934	0.9473684210526316
hum_processing	token_count_matched_ascii_noise	15	generated_token_64	3.5523436069488525	0.4984495866672778	0.9795918367346939
hum_processing	token_count_matched_ascii_noise	16	final_prompt_token	1.3588390350341797	0.0957530201155663	0.6486486486486487
hum_processing	token_count_matched_ascii_noise	16	generated_token_1	1.7902354001998901	0.21943348303270493	0.6486486486486487
hum_processing	token_count_matched_ascii_noise	16	generated_token_8	1.9381271600723267	0.20249264893577434	0.75
hum_processing	token_count_matched_ascii_noise	16	generated_token_16	2.3033721446990967	0.22564463985691563	0.8235294117647058
hum_processing	token_count_matched_ascii_noise	16	generated_token_32	3.8632140159606934	0.5523123778286403	0.9583333333333334
hum_processing	token_count_matched_ascii_noise	16	generated_token_64	3.6818110942840576	0.49729545011943677	0.9795918367346939
hum_processing	token_count_matched_ascii_noise	24	final_prompt_token	1.903218388557434	0.09220436805965138	0.6301369863013699
hum_processing	token_count_matched_ascii_noise	24	generated_token_1	2.2216670513153076	0.15445810746773891	0.6301369863013699
hum_processing	token_count_matched_ascii_noise	24	generated_token_8	3.3006629943847656	0.24226048173966552	0.7951807228915663
hum_processing	token_count_matched_ascii_noise	24	generated_token_16	3.382310628890991	0.2408735864009448	0.8888888888888888
hum_processing	token_count_matched_ascii_noise	24	generated_token_32	5.890383243560791	0.4810097699792868	0.9690721649484536
hum_processing	token_count_matched_ascii_noise	24	generated_token_64	5.716352462768555	0.5183613297309393	0.9795918367346939
hum_processing	token_count_matched_ascii_noise	25	final_prompt_token	1.943340539932251	0.08678421931529234	0.6111111111111112
hum_processing	token_count_matched_ascii_noise	25	generated_token_1	2.2481276988983154	0.139185572056705	0.5714285714285714
hum_processing	token_count_matched_ascii_noise	25	generated_token_8	3.5432956218719482	0.2599609552251858	0.8235294117647058
hum_processing	token_count_matched_ascii_noise	25	generated_token_16	3.6968867778778076	0.25760229811121116	0.8505747126436781
hum_processing	token_count_matched_ascii_noise	25	generated_token_32	6.20564079284668	0.5135962219998282	0.9690721649484536
hum_processing	token_count_matched_ascii_noise	25	generated_token_64	5.975796699523926	0.5409691095450898	0.9795918367346939
hum_processing	token_count_matched_ascii_noise	26	final_prompt_token	2.0493364334106445	0.07378576772365453	0.4375
hum_processing	token_count_matched_ascii_noise	26	generated_token_1	2.2867870330810547	0.11240734711894684	0.5507246376811594
hum_processing	token_count_matched_ascii_noise	26	generated_token_8	3.5705459117889404	0.21138702038460766	0.7804878048780488
hum_processing	token_count_matched_ascii_noise	26	generated_token_16	3.69468355178833	0.23244002638427042	0.8505747126436781
hum_processing	token_count_matched_ascii_noise	26	generated_token_32	6.259253978729248	0.4088729562254293	0.9690721649484536
hum_processing	token_count_matched_ascii_noise	26	generated_token_64	6.344752788543701	0.4483134637541798	0.9690721649484536
hum_processing	visual_ascii_control	14	final_prompt_token	2.381277084350586	0.19601177669451675	0.75
hum_processing	visual_ascii_control	14	generated_token_1	1.7002462148666382	0.1808770296738209	0.6301369863013699
hum_processing	visual_ascii_control	14	generated_token_8	1.3436646461486816	0.07231362135477748	0.6666666666666667
hum_processing	visual_ascii_control	14	generated_token_16	3.566019058227539	0.40102887381927177	0.9361702127659575
hum_processing	visual_ascii_control	14	generated_token_32	3.1850967407226562	0.43156449884148784	0.9361702127659575
hum_processing	visual_ascii_control	14	generated_token_64	4.0095438957214355	0.4327642162148372	0.9361702127659575
hum_processing	visual_ascii_control	15	final_prompt_token	2.3235487937927246	0.29218772341284116	0.7654320987654322
hum_processing	visual_ascii_control	15	generated_token_1	1.7731876373291016	0.22578367268618382	0.5915492957746479
hum_processing	visual_ascii_control	15	generated_token_8	1.4386885166168213	0.11537744629320879	0.6486486486486487
hum_processing	visual_ascii_control	15	generated_token_16	3.549785614013672	0.4503237820079855	0.9247311827956989
hum_processing	visual_ascii_control	15	generated_token_32	3.166351556777954	0.46193101958627114	0.9795918367346939
hum_processing	visual_ascii_control	15	generated_token_64	4.018044948577881	0.4866869652560877	0.8888888888888888
hum_processing	visual_ascii_control	16	final_prompt_token	2.2733280658721924	0.2949739753520919	0.8505747126436781
hum_processing	visual_ascii_control	16	generated_token_1	1.837677001953125	0.21578653673144266	0.6486486486486487
hum_processing	visual_ascii_control	16	generated_token_8	1.558678388595581	0.1234501764477347	0.717948717948718
hum_processing	visual_ascii_control	16	generated_token_16	3.6898183822631836	0.43872374007714265	0.9010989010989011
hum_processing	visual_ascii_control	16	generated_token_32	3.330568313598633	0.44001875451498174	0.9690721649484536
hum_processing	visual_ascii_control	16	generated_token_64	4.082003593444824	0.5001423158116194	0.9130434782608696
hum_processing	visual_ascii_control	24	final_prompt_token	2.6938679218292236	0.19751716548038278	0.7951807228915663
hum_processing	visual_ascii_control	24	generated_token_1	2.5918281078338623	0.1746718217804718	0.6666666666666667
hum_processing	visual_ascii_control	24	generated_token_8	2.7814154624938965	0.1622124993718561	0.6666666666666667
hum_processing	visual_ascii_control	24	generated_token_16	5.489511966705322	0.4260075960508555	0.9361702127659575
hum_processing	visual_ascii_control	24	generated_token_32	4.893991470336914	0.42473928665049887	0.9690721649484536
hum_processing	visual_ascii_control	24	generated_token_64	5.770665168762207	0.42425562627800073	0.9130434782608696
hum_processing	visual_ascii_control	25	final_prompt_token	2.7698850631713867	0.18558652272091003	0.717948717948718
hum_processing	visual_ascii_control	25	generated_token_1	2.6305038928985596	0.1613935756446384	0.5915492957746479
hum_processing	visual_ascii_control	25	generated_token_8	2.9821507930755615	0.17316759799806558	0.75
hum_processing	visual_ascii_control	25	generated_token_16	5.762160301208496	0.4288447323649962	0.9361702127659575
hum_processing	visual_ascii_control	25	generated_token_32	5.230949878692627	0.44612082029383104	0.9583333333333334
hum_processing	visual_ascii_control	25	generated_token_64	5.9545159339904785	0.4328680616955184	0.8764044943820225
hum_processing	visual_ascii_control	26	final_prompt_token	2.9313161373138428	0.15791563707927503	0.6842105263157895
hum_processing	visual_ascii_control	26	generated_token_1	2.578508138656616	0.1256824155295464	0.5294117647058824
hum_processing	visual_ascii_control	26	generated_token_8	3.072402000427246	0.1509490035077785	0.6842105263157895
hum_processing	visual_ascii_control	26	generated_token_16	5.970643043518066	0.3648893935437284	0.9583333333333334
hum_processing	visual_ascii_control	26	generated_token_32	5.2039103507995605	0.4028384373077252	0.9361702127659575
hum_processing	visual_ascii_control	26	generated_token_64	5.9670891761779785	0.33209406376424544	0.8636363636363636
hum_processing	unicode_nonletter_control	14	final_prompt_token	1.0975421667099	0.03822581290033944	0.4375
hum_processing	unicode_nonletter_control	14	generated_token_1	1.9143768548965454	0.180186488057422	0.6301369863013699
hum_processing	unicode_nonletter_control	14	generated_token_8	0.8792340755462646	0.02834440569137875	0.5294117647058824
hum_processing	unicode_nonletter_control	14	generated_token_16	1.9003663063049316	0.17979803656578452	0.7951807228915663
hum_processing	unicode_nonletter_control	14	generated_token_32	3.4715793132781982	0.48409006890021256	0.9247311827956989
hum_processing	unicode_nonletter_control	14	generated_token_64	3.983041524887085	0.45789287445667703	0.9583333333333334
hum_processing	unicode_nonletter_control	15	final_prompt_token	1.1532907485961914	0.06527199328860311	0.46153846153846156
hum_processing	unicode_nonletter_control	15	generated_token_1	1.982411503791809	0.25147541050977473	0.6842105263157895
hum_processing	unicode_nonletter_control	15	generated_token_8	0.8828994631767273	0.04329350344422944	0.3870967741935484
hum_processing	unicode_nonletter_control	15	generated_token_16	2.059840440750122	0.2248510543544162	0.8095238095238095
hum_processing	unicode_nonletter_control	15	generated_token_32	3.613934278488159	0.5337543372380417	0.9473684210526316
hum_processing	unicode_nonletter_control	15	generated_token_64	4.030393600463867	0.5326037916457596	0.9795918367346939
hum_processing	unicode_nonletter_control	16	final_prompt_token	1.1569300889968872	0.07162880397636595	0.48484848484848486
hum_processing	unicode_nonletter_control	16	generated_token_1	2.07407808303833	0.24965629496085018	0.717948717948718
hum_processing	unicode_nonletter_control	16	generated_token_8	0.9543982148170471	0.04574203592231929	0.4375
hum_processing	unicode_nonletter_control	16	generated_token_16	2.090461254119873	0.18619264816764824	0.8235294117647058
hum_processing	unicode_nonletter_control	16	generated_token_32	3.693704605102539	0.5366592395775129	0.9247311827956989
hum_processing	unicode_nonletter_control	16	generated_token_64	4.153888702392578	0.5393383448564437	0.9583333333333334
hum_processing	unicode_nonletter_control	24	final_prompt_token	1.5286974906921387	0.05984205150935673	0.48484848484848486
hum_processing	unicode_nonletter_control	24	generated_token_1	2.597775936126709	0.17607577529428897	0.717948717948718
hum_processing	unicode_nonletter_control	24	generated_token_8	1.3942373991012573	0.038965701602473035	0.3870967741935484
hum_processing	unicode_nonletter_control	24	generated_token_16	2.9892234802246094	0.1722051200393374	0.7951807228915663
hum_processing	unicode_nonletter_control	24	generated_token_32	5.68781042098999	0.4740050933129687	0.9473684210526316
hum_processing	unicode_nonletter_control	24	generated_token_64	6.398555278778076	0.5149105095414803	0.9795918367346939
hum_processing	unicode_nonletter_control	25	final_prompt_token	1.606089472770691	0.05907807227599737	0.46153846153846156
hum_processing	unicode_nonletter_control	25	generated_token_1	2.6623337268829346	0.16296691089597115	0.6301369863013699
hum_processing	unicode_nonletter_control	25	generated_token_8	1.4857335090637207	0.041820692688288696	0.33333333333333337
hum_processing	unicode_nonletter_control	25	generated_token_16	3.258155584335327	0.18368816659551568	0.7012987012987013
hum_processing	unicode_nonletter_control	25	generated_token_32	5.946591377258301	0.48506335550190904	0.8764044943820225
hum_processing	unicode_nonletter_control	25	generated_token_64	6.585104465484619	0.526301302735964	0.9473684210526316
hum_processing	unicode_nonletter_control	26	final_prompt_token	1.6520885229110718	0.04729818365005167	0.48484848484848486
hum_processing	unicode_nonletter_control	26	generated_token_1	2.6055405139923096	0.12786775241220738	0.5074626865671642
hum_processing	unicode_nonletter_control	26	generated_token_8	1.6889574527740479	0.03897815313724029	0.3870967741935484
hum_processing	unicode_nonletter_control	26	generated_token_16	3.264404058456421	0.15706530663299323	0.7341772151898734
hum_processing	unicode_nonletter_control	26	generated_token_32	5.920184135437012	0.40318948514468533	0.9130434782608696
hum_processing	unicode_nonletter_control	26	generated_token_64	6.745811939239502	0.4344816899941414	0.9690721649484536
hum_processing	semantic_shuffle_control	14	final_prompt_token	3.1994447708129883	0.3766099641132783	0.9361702127659575
hum_processing	semantic_shuffle_control	14	generated_token_1	1.3088972568511963	0.11896541837063024	0.48484848484848486
hum_processing	semantic_shuffle_control	14	generated_token_8	0.6852530241012573	0.016049841486031058	0.2142857142857143
hum_processing	semantic_shuffle_control	14	generated_token_16	0.46874868869781494	0.009838391146397618	0.33333333333333337
hum_processing	semantic_shuffle_control	14	generated_token_32	3.5750646591186523	0.5011795196525927	0.9690721649484536
hum_processing	semantic_shuffle_control	14	generated_token_64	4.079146862030029	0.5124749476753316	0.9795918367346939
hum_processing	semantic_shuffle_control	15	final_prompt_token	3.0368030071258545	0.48882213171603606	0.9130434782608696
hum_processing	semantic_shuffle_control	15	generated_token_1	1.4093929529190063	0.15610652356795063	0.46153846153846156
hum_processing	semantic_shuffle_control	15	generated_token_8	0.789052426815033	0.029217717365093154	0.30508474576271183
hum_processing	semantic_shuffle_control	15	generated_token_16	0.5823566913604736	0.01738578760256171	0.4375
hum_processing	semantic_shuffle_control	15	generated_token_32	3.644052267074585	0.5213847992487515	0.9583333333333334
hum_processing	semantic_shuffle_control	15	generated_token_64	4.214719295501709	0.6015940423122965	0.98989898989899
hum_processing	semantic_shuffle_control	16	final_prompt_token	2.9771978855133057	0.48703646404807543	0.9361702127659575
hum_processing	semantic_shuffle_control	16	generated_token_1	1.53599214553833	0.16089140826391135	0.5915492957746479
hum_processing	semantic_shuffle_control	16	generated_token_8	0.843156099319458	0.029182136137111514	0.33333333333333337
hum_processing	semantic_shuffle_control	16	generated_token_16	0.6572532057762146	0.017186353625645356	0.360655737704918
hum_processing	semantic_shuffle_control	16	generated_token_32	3.7397654056549072	0.49066764822175224	0.9361702127659575
hum_processing	semantic_shuffle_control	16	generated_token_64	4.376646518707275	0.5933782063488271	0.9795918367346939
hum_processing	semantic_shuffle_control	24	final_prompt_token	4.0550456047058105	0.42362927184192467	0.9130434782608696
hum_processing	semantic_shuffle_control	24	generated_token_1	1.8431801795959473	0.11360721857816392	0.6301369863013699
hum_processing	semantic_shuffle_control	24	generated_token_8	1.403780221939087	0.03905878575456778	0.4126984126984127
hum_processing	semantic_shuffle_control	24	generated_token_16	1.1288453340530396	0.025176623843922386	0.33333333333333337
hum_processing	semantic_shuffle_control	24	generated_token_32	5.563197612762451	0.4202458068560425	0.9583333333333334
hum_processing	semantic_shuffle_control	24	generated_token_64	6.317543029785156	0.5118433823083233	0.98989898989899
hum_processing	semantic_shuffle_control	25	final_prompt_token	4.2808356285095215	0.41276129733933864	0.9130434782608696
hum_processing	semantic_shuffle_control	25	generated_token_1	1.8972702026367188	0.10359816500997987	0.5294117647058824
hum_processing	semantic_shuffle_control	25	generated_token_8	1.5341815948486328	0.04387273601043795	0.5507246376811594
hum_processing	semantic_shuffle_control	25	generated_token_16	1.203565239906311	0.02527752319858445	0.27586206896551724
hum_processing	semantic_shuffle_control	25	generated_token_32	5.779654502868652	0.4319354016252913	0.9247311827956989
hum_processing	semantic_shuffle_control	25	generated_token_64	6.575277805328369	0.530858256317544	0.9583333333333334
hum_processing	semantic_shuffle_control	26	final_prompt_token	4.531841278076172	0.3726557192438644	0.8888888888888888
hum_processing	semantic_shuffle_control	26	generated_token_1	2.012303590774536	0.09296046673567204	0.46153846153846156
hum_processing	semantic_shuffle_control	26	generated_token_8	1.626605749130249	0.03749659757083135	0.5507246376811594
hum_processing	semantic_shuffle_control	26	generated_token_16	1.2072958946228027	0.021360637719011866	0.3870967741935484
hum_processing	semantic_shuffle_control	26	generated_token_32	6.068183898925781	0.3646303122241702	0.9361702127659575
hum_processing	semantic_shuffle_control	26	generated_token_64	6.667964935302734	0.41064442970211423	0.9583333333333334
hum_processing	d_dot_high_impact_control	14	final_prompt_token	0.7935630083084106	0.01898174365321892	0.27586206896551724
hum_processing	d_dot_high_impact_control	14	generated_token_1	1.5105186700820923	0.1438928419300911	0.5507246376811594
hum_processing	d_dot_high_impact_control	14	generated_token_8	1.1211135387420654	0.04753484110031281	0.6301369863013699
hum_processing	d_dot_high_impact_control	14	generated_token_16	1.9151166677474976	0.18245976837354239	0.8095238095238095
hum_processing	d_dot_high_impact_control	14	generated_token_32	3.1426384449005127	0.4647001734595725	0.9361702127659575
hum_processing	d_dot_high_impact_control	14	generated_token_64	3.7485899925231934	0.4889800460665865	0.98989898989899
hum_processing	d_dot_high_impact_control	15	final_prompt_token	0.8579930663108826	0.034736940818296036	0.3870967741935484
hum_processing	d_dot_high_impact_control	15	generated_token_1	1.6622419357299805	0.20377284179527122	0.6301369863013699
hum_processing	d_dot_high_impact_control	15	generated_token_8	1.1122198104858398	0.0694261741512876	0.5714285714285714
hum_processing	d_dot_high_impact_control	15	generated_token_16	2.0145323276519775	0.21847067826672228	0.8095238095238095
hum_processing	d_dot_high_impact_control	15	generated_token_32	3.333113431930542	0.5235137386707408	0.9583333333333334
hum_processing	d_dot_high_impact_control	15	generated_token_64	3.767439365386963	0.518697012735292	0.9690721649484536
hum_processing	d_dot_high_impact_control	16	final_prompt_token	0.838881254196167	0.03677848406464823	0.4126984126984127
hum_processing	d_dot_high_impact_control	16	generated_token_1	1.7999241352081299	0.20963749729193437	0.6842105263157895
hum_processing	d_dot_high_impact_control	16	generated_token_8	1.2385361194610596	0.07809795768380878	0.6486486486486487
hum_processing	d_dot_high_impact_control	16	generated_token_16	2.063511848449707	0.18480220311824846	0.7804878048780488
hum_processing	d_dot_high_impact_control	16	generated_token_32	3.448329448699951	0.48987101846238246	0.9690721649484536
hum_processing	d_dot_high_impact_control	16	generated_token_64	3.9084532260894775	0.49139956693406395	0.9795918367346939
hum_processing	d_dot_high_impact_control	24	final_prompt_token	1.0156073570251465	0.025103079979737042	0.30508474576271183
hum_processing	d_dot_high_impact_control	24	generated_token_1	2.341083288192749	0.157009729798553	0.6842105263157895
hum_processing	d_dot_high_impact_control	24	generated_token_8	1.6092060804367065	0.05341571703408754	0.46153846153846156
hum_processing	d_dot_high_impact_control	24	generated_token_16	3.002847909927368	0.17267686484327605	0.7804878048780488
hum_processing	d_dot_high_impact_control	24	generated_token_32	5.38949728012085	0.5101735149824127	0.9795918367346939
hum_processing	d_dot_high_impact_control	24	generated_token_64	5.823014259338379	0.4718448783701916	0.9690721649484536
hum_processing	d_dot_high_impact_control	25	final_prompt_token	1.078220248222351	0.025360366761369213	0.30508474576271183
hum_processing	d_dot_high_impact_control	25	generated_token_1	2.41207218170166	0.14634632602201325	0.6111111111111112
hum_processing	d_dot_high_impact_control	25	generated_token_8	1.6906003952026367	0.05503997021207663	0.4375
hum_processing	d_dot_high_impact_control	25	generated_token_16	3.280632972717285	0.18270853501489925	0.7341772151898734
hum_processing	d_dot_high_impact_control	25	generated_token_32	5.625298023223877	0.5067367351662606	0.9583333333333334
hum_processing	d_dot_high_impact_control	25	generated_token_64	5.964742660522461	0.49885596818117084	0.9583333333333334
hum_processing	d_dot_high_impact_control	26	final_prompt_token	1.1709450483322144	0.022881360054289313	0.33333333333333337
hum_processing	d_dot_high_impact_control	26	generated_token_1	2.3518412113189697	0.11327068353182757	0.48484848484848486
hum_processing	d_dot_high_impact_control	26	generated_token_8	1.788571834564209	0.04945656614875982	0.4126984126984127
hum_processing	d_dot_high_impact_control	26	generated_token_16	3.3441872596740723	0.1590582707883299	0.7341772151898734
hum_processing	d_dot_high_impact_control	26	generated_token_32	5.630609512329102	0.4652486080202566	0.9473684210526316
hum_processing	d_dot_high_impact_control	26	generated_token_64	6.167335510253906	0.39663266539974296	0.9583333333333334
strange_loop	light_global_mixed	14	final_prompt_token	1.3031991720199585	0.05083199963163487	0.5915492957746479
strange_loop	light_global_mixed	14	generated_token_1	1.4371013641357422	0.14788712614018906	0.5714285714285714
strange_loop	light_global_mixed	14	generated_token_8	0.7128602266311646	0.02097188489820223	0.4126984126984127
strange_loop	light_global_mixed	14	generated_token_16	5.812496185302734	0.5009113447402871	0.9583333333333334
strange_loop	light_global_mixed	14	generated_token_32	3.6465277671813965	0.4389780936965877	0.9795918367346939
strange_loop	light_global_mixed	14	generated_token_64	3.218305826187134	0.3735853473614168	0.9473684210526316
strange_loop	light_global_mixed	15	final_prompt_token	1.3102020025253296	0.0774800180402031	0.3870967741935484
strange_loop	light_global_mixed	15	generated_token_1	1.4695934057235718	0.17949145461162475	0.5507246376811594
strange_loop	light_global_mixed	15	generated_token_8	0.8833771347999573	0.033783111250607845	0.33333333333333337
strange_loop	light_global_mixed	15	generated_token_16	5.939816474914551	0.5329595578419973	0.9473684210526316
strange_loop	light_global_mixed	15	generated_token_32	3.9134724140167236	0.6285040272120639	0.98989898989899
strange_loop	light_global_mixed	15	generated_token_64	3.325327157974243	0.47236706057461775	0.9583333333333334
strange_loop	light_global_mixed	16	final_prompt_token	1.3236886262893677	0.07581770856201253	0.3870967741935484
strange_loop	light_global_mixed	16	generated_token_1	1.5916545391082764	0.1835217215616758	0.6666666666666667
strange_loop	light_global_mixed	16	generated_token_8	0.8989575505256653	0.03373539651000612	0.3870967741935484
strange_loop	light_global_mixed	16	generated_token_16	5.817206382751465	0.5259440842890707	0.9010989010989011
strange_loop	light_global_mixed	16	generated_token_32	4.0898756980896	0.6188855860610231	0.9795918367346939
strange_loop	light_global_mixed	16	generated_token_64	3.522199869155884	0.4794850635598191	0.9473684210526316
strange_loop	light_global_mixed	24	final_prompt_token	1.9103776216506958	0.09120068475981113	0.4375
strange_loop	light_global_mixed	24	generated_token_1	1.71791672706604	0.09530070033026561	0.48484848484848486
strange_loop	light_global_mixed	24	generated_token_8	1.0913772583007812	0.024689683693369435	0.3870967741935484
strange_loop	light_global_mixed	24	generated_token_16	6.245636940002441	0.524149359464291	0.9130434782608696
strange_loop	light_global_mixed	24	generated_token_32	5.523062705993652	0.5147469629134219	0.9361702127659575
strange_loop	light_global_mixed	24	generated_token_64	5.666406631469727	0.49478875527264454	0.9583333333333334
strange_loop	light_global_mixed	25	final_prompt_token	2.0468199253082275	0.09247708039724345	0.5915492957746479
strange_loop	light_global_mixed	25	generated_token_1	1.7339744567871094	0.08630503461948413	0.4375
strange_loop	light_global_mixed	25	generated_token_8	1.1495293378829956	0.02344404299077074	0.360655737704918
strange_loop	light_global_mixed	25	generated_token_16	6.376350402832031	0.4979988851229066	0.9130434782608696
strange_loop	light_global_mixed	25	generated_token_32	5.978180408477783	0.5258283275882881	0.9583333333333334
strange_loop	light_global_mixed	25	generated_token_64	6.073981285095215	0.5413238821738309	0.9247311827956989
strange_loop	light_global_mixed	26	final_prompt_token	2.2304513454437256	0.07319610456302728	0.5294117647058824
strange_loop	light_global_mixed	26	generated_token_1	1.8017581701278687	0.07085999467751436	0.5714285714285714
strange_loop	light_global_mixed	26	generated_token_8	1.1234146356582642	0.018192539229553772	0.4375
strange_loop	light_global_mixed	26	generated_token_16	6.467997074127197	0.4238913157556399	0.9583333333333334
strange_loop	light_global_mixed	26	generated_token_32	5.909002304077148	0.38346058850275055	0.9473684210526316
strange_loop	light_global_mixed	26	generated_token_64	6.5232625007629395	0.42692284837504135	0.9690721649484536
strange_loop	light_high_impact_mixed	14	final_prompt_token	0.666129469871521	0.011844195833226379	0.33333333333333337
strange_loop	light_high_impact_mixed	14	generated_token_1	0.9654855728149414	0.06352346826009658	0.4375
strange_loop	light_high_impact_mixed	14	generated_token_8	1.157846212387085	0.051998606482329124	0.48484848484848486
strange_loop	light_high_impact_mixed	14	generated_token_16	4.521337032318115	0.5452229131977143	1.0
strange_loop	light_high_impact_mixed	14	generated_token_32	1.8479512929916382	0.16593925126779618	0.8235294117647058
strange_loop	light_high_impact_mixed	14	generated_token_64	3.736039876937866	0.7912747364642908	0.98989898989899
strange_loop	light_high_impact_mixed	15	final_prompt_token	0.7447193264961243	0.021659984855102565	0.18181818181818177
strange_loop	light_high_impact_mixed	15	generated_token_1	1.0125666856765747	0.08093216305270556	0.5294117647058824
strange_loop	light_high_impact_mixed	15	generated_token_8	1.574461817741394	0.1141086726260031	0.7012987012987013
strange_loop	light_high_impact_mixed	15	generated_token_16	5.0083537101745605	0.7223468636846405	0.98989898989899
strange_loop	light_high_impact_mixed	15	generated_token_32	2.220376491546631	0.2520993558508663	0.8372093023255813
strange_loop	light_high_impact_mixed	15	generated_token_64	3.775155782699585	0.838745413159681	1.0
strange_loop	light_high_impact_mixed	16	final_prompt_token	0.7637207508087158	0.02273919795507895	0.2142857142857143
strange_loop	light_high_impact_mixed	16	generated_token_1	1.0846164226531982	0.084043944719558	0.3870967741935484
strange_loop	light_high_impact_mixed	16	generated_token_8	1.7140324115753174	0.12831252493234302	0.6486486486486487
strange_loop	light_high_impact_mixed	16	generated_token_16	5.032853126525879	0.7129327625684299	0.98989898989899
strange_loop	light_high_impact_mixed	16	generated_token_32	2.340730667114258	0.23087270516468184	0.8636363636363636
strange_loop	light_high_impact_mixed	16	generated_token_64	3.921522378921509	0.7847327004697376	1.0
strange_loop	light_high_impact_mixed	24	final_prompt_token	0.8536233305931091	0.017415249292120127	0.30508474576271183
strange_loop	light_high_impact_mixed	24	generated_token_1	1.1089894771575928	0.04003002981915649	0.360655737704918
strange_loop	light_high_impact_mixed	24	generated_token_8	2.55731201171875	0.14104717508089515	0.75
strange_loop	light_high_impact_mixed	24	generated_token_16	6.952266693115234	0.7093495401345384	0.98989898989899
strange_loop	light_high_impact_mixed	24	generated_token_32	3.949305772781372	0.26485876000291164	0.9247311827956989
strange_loop	light_high_impact_mixed	24	generated_token_64	6.266186237335205	0.8115694605154923	0.9795918367346939
strange_loop	light_high_impact_mixed	25	final_prompt_token	0.8913454413414001	0.01690602205896341	0.33333333333333337
strange_loop	light_high_impact_mixed	25	generated_token_1	1.1323037147521973	0.03660038270470478	0.24561403508771928
strange_loop	light_high_impact_mixed	25	generated_token_8	2.729954481124878	0.13784368732012453	0.6486486486486487
strange_loop	light_high_impact_mixed	25	generated_token_16	7.142513275146484	0.6799513591921766	1.0
strange_loop	light_high_impact_mixed	25	generated_token_32	4.296904563903809	0.28776833508618027	0.8095238095238095
strange_loop	light_high_impact_mixed	25	generated_token_64	6.536733627319336	0.7786254599801969	0.9795918367346939
strange_loop	light_high_impact_mixed	26	final_prompt_token	0.9303843975067139	0.012929684250133855	0.24561403508771928
strange_loop	light_high_impact_mixed	26	generated_token_1	1.21484375	0.031763077672889106	0.3870967741935484
strange_loop	light_high_impact_mixed	26	generated_token_8	2.7705745697021484	0.11884934071710396	0.7804878048780488
strange_loop	light_high_impact_mixed	26	generated_token_16	7.0731120109558105	0.5272467965766279	0.98989898989899
strange_loop	light_high_impact_mixed	26	generated_token_32	4.417029857635498	0.2308731766323312	0.9010989010989011
strange_loop	light_high_impact_mixed	26	generated_token_64	6.997739791870117	0.7649839471916858	0.98989898989899
strange_loop	dcedilla_shuffled_light	14	final_prompt_token	0.7918601036071777	0.01550106506545157	0.30508474576271183
strange_loop	dcedilla_shuffled_light	14	generated_token_1	1.198011875152588	0.09119603616775618	0.48484848484848486
strange_loop	dcedilla_shuffled_light	14	generated_token_8	0.32893699407577515	0.004428515154613288	0.24561403508771928
strange_loop	dcedilla_shuffled_light	14	generated_token_16	0.316658616065979	0.0022423767143234796	0.07692307692307687
strange_loop	dcedilla_shuffled_light	14	generated_token_32	2.6027438640594482	0.27143429231503735	0.9690721649484536
strange_loop	dcedilla_shuffled_light	14	generated_token_64	3.1156134605407715	0.3470970925025675	0.9361702127659575
strange_loop	dcedilla_shuffled_light	15	final_prompt_token	0.8090260624885559	0.02479220447294883	0.27586206896551724
strange_loop	dcedilla_shuffled_light	15	generated_token_1	1.2416980266571045	0.1161563739768734	0.46153846153846156
strange_loop	dcedilla_shuffled_light	15	generated_token_8	0.5057153701782227	0.011064566603306458	0.27586206896551724
strange_loop	dcedilla_shuffled_light	15	generated_token_16	0.4569273591041565	0.00511408274675984	0.18181818181818177
strange_loop	dcedilla_shuffled_light	15	generated_token_32	3.2287020683288574	0.4540607844740845	0.9690721649484536
strange_loop	dcedilla_shuffled_light	15	generated_token_64	3.2159485816955566	0.43002863248284073	0.9473684210526316
strange_loop	dcedilla_shuffled_light	16	final_prompt_token	0.807853639125824	0.025180817672971978	0.30508474576271183
strange_loop	dcedilla_shuffled_light	16	generated_token_1	1.3205904960632324	0.1213077524821351	0.6486486486486487
strange_loop	dcedilla_shuffled_light	16	generated_token_8	0.5404971837997437	0.01205381966372776	0.27586206896551724
strange_loop	dcedilla_shuffled_light	16	generated_token_16	0.5282850861549377	0.006450534176520417	0.14814814814814814
strange_loop	dcedilla_shuffled_light	16	generated_token_32	3.3059914112091064	0.4308930644195461	0.9690721649484536
strange_loop	dcedilla_shuffled_light	16	generated_token_64	3.4680824279785156	0.43081692170864094	0.9247311827956989
strange_loop	dcedilla_shuffled_light	24	final_prompt_token	1.0650451183319092	0.026563791894349653	0.24561403508771928
strange_loop	dcedilla_shuffled_light	24	generated_token_1	1.6402587890625	0.07881744793697387	0.46153846153846156
strange_loop	dcedilla_shuffled_light	24	generated_token_8	0.5931785702705383	0.007226786160275611	0.14814814814814814
strange_loop	dcedilla_shuffled_light	24	generated_token_16	0.5748088955879211	0.004305834037350298	0.14814814814814814
strange_loop	dcedilla_shuffled_light	24	generated_token_32	5.476743221282959	0.48871739465426833	0.9795918367346939
strange_loop	dcedilla_shuffled_light	24	generated_token_64	5.39474630355835	0.46489267583269545	0.9473684210526316
strange_loop	dcedilla_shuffled_light	25	final_prompt_token	1.1075817346572876	0.025479696668672003	0.33333333333333337
strange_loop	dcedilla_shuffled_light	25	generated_token_1	1.6517943143844604	0.07080779262234971	0.4126984126984127
strange_loop	dcedilla_shuffled_light	25	generated_token_8	0.660454511642456	0.0077266667855320215	0.30508474576271183
strange_loop	dcedilla_shuffled_light	25	generated_token_16	0.5903581380844116	0.004004506938156682	0.1132075471698113
strange_loop	dcedilla_shuffled_light	25	generated_token_32	5.934120178222656	0.5086897226086999	0.9795918367346939
strange_loop	dcedilla_shuffled_light	25	generated_token_64	5.686425685882568	0.49731981221388877	0.9361702127659575
strange_loop	dcedilla_shuffled_light	26	final_prompt_token	1.2416119575500488	0.02192529051808023	0.33333333333333337
strange_loop	dcedilla_shuffled_light	26	generated_token_1	1.6538418531417847	0.05501542111848434	0.46153846153846156
strange_loop	dcedilla_shuffled_light	26	generated_token_8	0.6555964946746826	0.006050185832352173	0.30508474576271183
strange_loop	dcedilla_shuffled_light	26	generated_token_16	0.651943564414978	0.0038093660029945298	0.18181818181818177
strange_loop	dcedilla_shuffled_light	26	generated_token_32	6.018033981323242	0.4401916655001691	0.98989898989899
strange_loop	dcedilla_shuffled_light	26	generated_token_64	6.012068271636963	0.40876339257084804	0.9583333333333334
strange_loop	dcedilla_high_impact	14	final_prompt_token	0.37159138917922974	0.004230262434746446	0.27586206896551724
strange_loop	dcedilla_high_impact	14	generated_token_1	0.6331661343574524	0.027264636801692776	0.30508474576271183
strange_loop	dcedilla_high_impact	14	generated_token_8	0.5847668647766113	0.013766879300000978	0.30508474576271183
strange_loop	dcedilla_high_impact	14	generated_token_16	4.075865745544434	0.4642198721555991	0.9690721649484536
strange_loop	dcedilla_high_impact	14	generated_token_32	3.5171103477478027	0.32747188788609527	0.9473684210526316
strange_loop	dcedilla_high_impact	14	generated_token_64	3.424055337905884	0.4580343296887447	0.98989898989899
strange_loop	dcedilla_high_impact	15	final_prompt_token	0.439325749874115	0.008368198063147703	0.1132075471698113
strange_loop	dcedilla_high_impact	15	generated_token_1	0.6008616089820862	0.02923235780961142	0.360655737704918
strange_loop	dcedilla_high_impact	15	generated_token_8	0.6979837417602539	0.02071293887891401	0.4126984126984127
strange_loop	dcedilla_high_impact	15	generated_token_16	4.541100025177002	0.6433194053250308	0.9690721649484536
strange_loop	dcedilla_high_impact	15	generated_token_32	3.5854406356811523	0.47320149780127096	0.9583333333333334
strange_loop	dcedilla_high_impact	15	generated_token_64	3.475020170211792	0.5761370514240567	1.0
strange_loop	dcedilla_high_impact	16	final_prompt_token	0.4487742781639099	0.008452020562430329	0.14814814814814814
strange_loop	dcedilla_high_impact	16	generated_token_1	0.63746577501297	0.02924444686608918	0.30508474576271183
strange_loop	dcedilla_high_impact	16	generated_token_8	0.6862440705299377	0.019350186879767972	0.24561403508771928
strange_loop	dcedilla_high_impact	16	generated_token_16	4.707859039306641	0.6137601315995806	0.9690721649484536
strange_loop	dcedilla_high_impact	16	generated_token_32	3.6839599609375	0.4788200324248214	0.9690721649484536
strange_loop	dcedilla_high_impact	16	generated_token_64	3.580044984817505	0.5289648003731369	0.9583333333333334
strange_loop	dcedilla_high_impact	24	final_prompt_token	0.7210549712181091	0.012484683814039776	0.2142857142857143
strange_loop	dcedilla_high_impact	24	generated_token_1	0.7335653305053711	0.017316123706190956	0.27586206896551724
strange_loop	dcedilla_high_impact	24	generated_token_8	0.9042978882789612	0.016616233052903162	0.24561403508771928
strange_loop	dcedilla_high_impact	24	generated_token_16	6.251107692718506	0.5501811378937019	0.9361702127659575
strange_loop	dcedilla_high_impact	24	generated_token_32	4.763937950134277	0.3344011954764906	0.8636363636363636
strange_loop	dcedilla_high_impact	24	generated_token_64	5.58386754989624	0.5844399569069784	0.98989898989899
strange_loop	dcedilla_high_impact	25	final_prompt_token	0.7714707255363464	0.012632120654451962	0.24561403508771928
strange_loop	dcedilla_high_impact	25	generated_token_1	0.7535962462425232	0.016067703554754953	0.18181818181818177
strange_loop	dcedilla_high_impact	25	generated_token_8	0.96113520860672	0.01628341614902673	0.27586206896551724
strange_loop	dcedilla_high_impact	25	generated_token_16	6.48569917678833	0.5364973128634096	0.9795918367346939
strange_loop	dcedilla_high_impact	25	generated_token_32	5.142907619476318	0.3488094381562651	0.8505747126436781
strange_loop	dcedilla_high_impact	25	generated_token_64	5.909430027008057	0.5817297075939438	0.9690721649484536
strange_loop	dcedilla_high_impact	26	final_prompt_token	0.8281147480010986	0.010190298968656752	0.14814814814814814
strange_loop	dcedilla_high_impact	26	generated_token_1	0.7891969680786133	0.013304314737000777	0.27586206896551724
strange_loop	dcedilla_high_impact	26	generated_token_8	0.9603875875473022	0.013042360403966335	0.18181818181818177
strange_loop	dcedilla_high_impact	26	generated_token_16	6.513077259063721	0.4502570622581392	0.9130434782608696
strange_loop	dcedilla_high_impact	26	generated_token_32	5.146973133087158	0.2616385236636385	0.8505747126436781
strange_loop	dcedilla_high_impact	26	generated_token_64	6.049032211303711	0.4724563117998023	0.9690721649484536
strange_loop	dense_global_mixed	14	final_prompt_token	2.8290483951568604	0.29058483672951796	0.8888888888888888
strange_loop	dense_global_mixed	14	generated_token_1	1.971847414970398	0.2560081658833522	0.7654320987654322
strange_loop	dense_global_mixed	14	generated_token_8	1.8554377555847168	0.14682145482294795	0.75
strange_loop	dense_global_mixed	14	generated_token_16	3.492534637451172	0.2383413704164501	0.8505747126436781
strange_loop	dense_global_mixed	14	generated_token_32	1.7489672899246216	0.12445512055495356	0.7804878048780488
strange_loop	dense_global_mixed	14	generated_token_64	3.053582191467285	0.40747693063922896	1.0
strange_loop	dense_global_mixed	15	final_prompt_token	2.84395170211792	0.4185444020476755	0.8764044943820225
strange_loop	dense_global_mixed	15	generated_token_1	1.9753962755203247	0.3200771106841135	0.7804878048780488
strange_loop	dense_global_mixed	15	generated_token_8	2.158864736557007	0.22856298961114319	0.8095238095238095
strange_loop	dense_global_mixed	15	generated_token_16	3.7543575763702393	0.3551882829333247	0.8372093023255813
strange_loop	dense_global_mixed	15	generated_token_32	1.944027066230774	0.19081633768358286	0.8095238095238095
strange_loop	dense_global_mixed	15	generated_token_64	3.172879457473755	0.4981548128143565	1.0
strange_loop	dense_global_mixed	16	final_prompt_token	2.940619468688965	0.43120268613122237	0.8505747126436781
strange_loop	dense_global_mixed	16	generated_token_1	1.9915156364440918	0.2952183687967185	0.7012987012987013
strange_loop	dense_global_mixed	16	generated_token_8	2.2394213676452637	0.23173338627823192	0.8235294117647058
strange_loop	dense_global_mixed	16	generated_token_16	3.8766610622406006	0.3568635334519865	0.9247311827956989
strange_loop	dense_global_mixed	16	generated_token_32	2.066321849822998	0.17315726082509864	0.7654320987654322
strange_loop	dense_global_mixed	16	generated_token_64	3.3847427368164062	0.47426180495846715	0.9795918367346939
strange_loop	dense_global_mixed	24	final_prompt_token	3.2444987297058105	0.2872696687125761	0.75
strange_loop	dense_global_mixed	24	generated_token_1	2.250325918197632	0.17529724313258088	0.717948717948718
strange_loop	dense_global_mixed	24	generated_token_8	3.155287265777588	0.2294998559459216	0.8235294117647058
strange_loop	dense_global_mixed	24	generated_token_16	5.39294958114624	0.40734216885742747	0.8764044943820225
strange_loop	dense_global_mixed	24	generated_token_32	3.4919822216033936	0.19884711950383993	0.9010989010989011
strange_loop	dense_global_mixed	24	generated_token_64	5.1479082107543945	0.4645964103200009	0.9795918367346939
strange_loop	dense_global_mixed	25	final_prompt_token	3.337273597717285	0.26785321474793666	0.6842105263157895
strange_loop	dense_global_mixed	25	generated_token_1	2.3834989070892334	0.1734998335857897	0.6111111111111112
strange_loop	dense_global_mixed	25	generated_token_8	3.43562912940979	0.23545262249942045	0.8372093023255813
strange_loop	dense_global_mixed	25	generated_token_16	5.577387809753418	0.37331715479822725	0.8888888888888888
strange_loop	dense_global_mixed	25	generated_token_32	3.8832459449768066	0.22559384720976028	0.7951807228915663
strange_loop	dense_global_mixed	25	generated_token_64	5.466829299926758	0.48950112904779663	0.9473684210526316
strange_loop	dense_global_mixed	26	final_prompt_token	3.481265068054199	0.19941712826898006	0.7654320987654322
strange_loop	dense_global_mixed	26	generated_token_1	2.483872175216675	0.14073517395779822	0.7012987012987013
strange_loop	dense_global_mixed	26	generated_token_8	3.52213978767395	0.19996927018866362	0.8888888888888888
strange_loop	dense_global_mixed	26	generated_token_16	5.572470664978027	0.30644877576180696	0.9130434782608696
strange_loop	dense_global_mixed	26	generated_token_32	3.8366048336029053	0.16364063744926405	0.8888888888888888
strange_loop	dense_global_mixed	26	generated_token_64	5.686703681945801	0.4142428772518283	0.9690721649484536
strange_loop	dense_dcedilla_all	14	final_prompt_token	0.7831656336784363	0.018491059549691435	0.27586206896551724
strange_loop	dense_dcedilla_all	14	generated_token_1	1.1065953969955444	0.08683785681365674	0.4126984126984127
strange_loop	dense_dcedilla_all	14	generated_token_8	0.7384087443351746	0.02130469149789327	0.3870967741935484
strange_loop	dense_dcedilla_all	14	generated_token_16	1.5196632146835327	0.046383217933825494	0.46153846153846156
strange_loop	dense_dcedilla_all	14	generated_token_32	2.2663137912750244	0.2228952159090779	0.8636363636363636
strange_loop	dense_dcedilla_all	14	generated_token_64	2.7944998741149902	0.3799187680752807	0.9795918367346939
strange_loop	dense_dcedilla_all	15	final_prompt_token	0.8782544136047363	0.03349400024258631	0.24561403508771928
strange_loop	dense_dcedilla_all	15	generated_token_1	1.0975574254989624	0.10092258325064041	0.48484848484848486
strange_loop	dense_dcedilla_all	15	generated_token_8	1.0214520692825317	0.04514592938091433	0.4375
strange_loop	dense_dcedilla_all	15	generated_token_16	1.5138219594955444	0.056559570871208775	0.360655737704918
strange_loop	dense_dcedilla_all	15	generated_token_32	2.5456292629241943	0.27849960434838683	0.7951807228915663
strange_loop	dense_dcedilla_all	15	generated_token_64	2.9715566635131836	0.44310584733327085	0.98989898989899
strange_loop	dense_dcedilla_all	16	final_prompt_token	0.9100723266601562	0.03505518076153713	0.360655737704918
strange_loop	dense_dcedilla_all	16	generated_token_1	1.179093360900879	0.10334428721564104	0.48484848484848486
strange_loop	dense_dcedilla_all	16	generated_token_8	1.0408220291137695	0.045255201036058956	0.4126984126984127
strange_loop	dense_dcedilla_all	16	generated_token_16	1.55417799949646	0.056937704390799704	0.4126984126984127
strange_loop	dense_dcedilla_all	16	generated_token_32	2.6134860515594482	0.26041922604441503	0.8636363636363636
strange_loop	dense_dcedilla_all	16	generated_token_64	3.2126753330230713	0.41931748126211754	0.9690721649484536
strange_loop	dense_dcedilla_all	24	final_prompt_token	1.1859595775604248	0.03416384148156393	0.33333333333333337
strange_loop	dense_dcedilla_all	24	generated_token_1	1.3405282497406006	0.05856281510330186	0.3870967741935484
strange_loop	dense_dcedilla_all	24	generated_token_8	1.2401806116104126	0.03196873891354368	0.360655737704918
strange_loop	dense_dcedilla_all	24	generated_token_16	1.923595905303955	0.04962558253134042	0.46153846153846156
strange_loop	dense_dcedilla_all	24	generated_token_32	4.141779899597168	0.24727570132394883	0.8095238095238095
strange_loop	dense_dcedilla_all	24	generated_token_64	4.784038066864014	0.3892238418901117	0.9473684210526316
strange_loop	dense_dcedilla_all	25	final_prompt_token	1.2127701044082642	0.03152841461265776	0.360655737704918
strange_loop	dense_dcedilla_all	25	generated_token_1	1.3727174997329712	0.0539239072744534	0.360655737704918
strange_loop	dense_dcedilla_all	25	generated_token_8	1.3334498405456543	0.03187317645178411	0.360655737704918
strange_loop	dense_dcedilla_all	25	generated_token_16	1.9794163703918457	0.04629457427081274	0.4375
strange_loop	dense_dcedilla_all	25	generated_token_32	4.418630599975586	0.26951312358954216	0.8235294117647058
strange_loop	dense_dcedilla_all	25	generated_token_64	5.11562967300415	0.41164686219129576	0.9473684210526316
strange_loop	dense_dcedilla_all	26	final_prompt_token	1.3335082530975342	0.026764725635044062	0.30508474576271183
strange_loop	dense_dcedilla_all	26	generated_token_1	1.412678599357605	0.043283807087190596	0.46153846153846156
strange_loop	dense_dcedilla_all	26	generated_token_8	1.3422996997833252	0.025892265179298768	0.360655737704918
strange_loop	dense_dcedilla_all	26	generated_token_16	1.9931260347366333	0.03778450527442545	0.4126984126984127
strange_loop	dense_dcedilla_all	26	generated_token_32	4.373199462890625	0.19678347072045055	0.7951807228915663
strange_loop	dense_dcedilla_all	26	generated_token_64	5.2708234786987305	0.3720086899375028	0.9690721649484536
strange_loop	token_count_matched_ascii_noise	14	final_prompt_token	1.305938720703125	0.04957957132386237	0.5294117647058824
strange_loop	token_count_matched_ascii_noise	14	generated_token_1	1.5975475311279297	0.16467555090162156	0.6111111111111112
strange_loop	token_count_matched_ascii_noise	14	generated_token_8	3.2943899631500244	0.38942380911153707	0.9130434782608696
strange_loop	token_count_matched_ascii_noise	14	generated_token_16	4.258973121643066	0.47394244695542764	0.9583333333333334
strange_loop	token_count_matched_ascii_noise	14	generated_token_32	2.3879284858703613	0.2853020034196243	0.9690721649484536
strange_loop	token_count_matched_ascii_noise	14	generated_token_64	3.0648837089538574	0.4570428337278656	0.9795918367346939
strange_loop	token_count_matched_ascii_noise	15	final_prompt_token	1.3390412330627441	0.07871135359706738	0.4126984126984127
strange_loop	token_count_matched_ascii_noise	15	generated_token_1	1.6421949863433838	0.2013589436267511	0.6301369863013699
strange_loop	token_count_matched_ascii_noise	15	generated_token_8	3.7779901027679443	0.5532571956400248	0.9690721649484536
strange_loop	token_count_matched_ascii_noise	15	generated_token_16	4.662273406982422	0.6681552472790893	0.9690721649484536
strange_loop	token_count_matched_ascii_noise	15	generated_token_32	2.6673855781555176	0.3869446714529462	0.9583333333333334
strange_loop	token_count_matched_ascii_noise	15	generated_token_64	3.2991087436676025	0.6158734556550934	1.0
strange_loop	token_count_matched_ascii_noise	16	final_prompt_token	1.3918479681015015	0.08273828909415537	0.4126984126984127
strange_loop	token_count_matched_ascii_noise	16	generated_token_1	1.6888657808303833	0.19764558184621928	0.6301369863013699
strange_loop	token_count_matched_ascii_noise	16	generated_token_8	3.8641819953918457	0.5558255269547739	0.9583333333333334
strange_loop	token_count_matched_ascii_noise	16	generated_token_16	4.7093987464904785	0.6655412752667866	0.9583333333333334
strange_loop	token_count_matched_ascii_noise	16	generated_token_32	2.8887274265289307	0.37826938210429883	0.9690721649484536
strange_loop	token_count_matched_ascii_noise	16	generated_token_64	3.472196578979492	0.585154791437555	1.0
strange_loop	token_count_matched_ascii_noise	24	final_prompt_token	1.6576178073883057	0.0678825283701624	0.4375
strange_loop	token_count_matched_ascii_noise	24	generated_token_1	2.023008108139038	0.13077265970052798	0.5915492957746479
strange_loop	token_count_matched_ascii_noise	24	generated_token_8	5.5623393058776855	0.5824653764462809	0.9690721649484536
strange_loop	token_count_matched_ascii_noise	24	generated_token_16	6.573262691497803	0.672200322238517	0.98989898989899
strange_loop	token_count_matched_ascii_noise	24	generated_token_32	4.520084381103516	0.3836953987170201	0.9690721649484536
strange_loop	token_count_matched_ascii_noise	24	generated_token_64	5.433420181274414	0.6019868937084117	1.0
strange_loop	token_count_matched_ascii_noise	25	final_prompt_token	1.751132845878601	0.0668527334251664	0.4375
strange_loop	token_count_matched_ascii_noise	25	generated_token_1	2.1122541427612305	0.125642554874985	0.5507246376811594
strange_loop	token_count_matched_ascii_noise	25	generated_token_8	5.9026641845703125	0.5904591912345134	0.9795918367346939
strange_loop	token_count_matched_ascii_noise	25	generated_token_16	6.807204723358154	0.631948677317152	1.0
strange_loop	token_count_matched_ascii_noise	25	generated_token_32	5.032068252563477	0.42050422236823104	0.9690721649484536
strange_loop	token_count_matched_ascii_noise	25	generated_token_64	5.79192590713501	0.6355360122809524	0.9795918367346939
strange_loop	token_count_matched_ascii_noise	26	final_prompt_token	1.8779720067977905	0.05315118056700252	0.4126984126984127
strange_loop	token_count_matched_ascii_noise	26	generated_token_1	2.2159268856048584	0.10637650192704584	0.5714285714285714
strange_loop	token_count_matched_ascii_noise	26	generated_token_8	5.690266132354736	0.4414014121344856	0.9795918367346939
strange_loop	token_count_matched_ascii_noise	26	generated_token_16	6.8635053634643555	0.5200683296342856	0.9795918367346939
strange_loop	token_count_matched_ascii_noise	26	generated_token_32	5.2041168212890625	0.3353340613464344	0.9690721649484536
strange_loop	token_count_matched_ascii_noise	26	generated_token_64	6.049704551696777	0.5799829258049385	0.9795918367346939
strange_loop	visual_ascii_control	14	final_prompt_token	0.9191078543663025	0.026310788673021834	0.360655737704918
strange_loop	visual_ascii_control	14	generated_token_1	1.4850852489471436	0.12116973041220591	0.5294117647058824
strange_loop	visual_ascii_control	14	generated_token_8	0.7364761829376221	0.022372413791953538	0.33333333333333337
strange_loop	visual_ascii_control	14	generated_token_16	4.151330471038818	0.4913064486741713	0.9795918367346939
strange_loop	visual_ascii_control	14	generated_token_32	2.745867967605591	0.2850211701443617	0.9010989010989011
strange_loop	visual_ascii_control	14	generated_token_64	3.5288033485412598	0.503448536549407	0.98989898989899
strange_loop	visual_ascii_control	15	final_prompt_token	1.0004695653915405	0.04446009123799599	0.24561403508771928
strange_loop	visual_ascii_control	15	generated_token_1	1.3802412748336792	0.13943835081737876	0.5294117647058824
strange_loop	visual_ascii_control	15	generated_token_8	0.9843675494194031	0.042268901671072334	0.5074626865671642
strange_loop	visual_ascii_control	15	generated_token_16	4.597414493560791	0.6672836849904282	0.9795918367346939
strange_loop	visual_ascii_control	15	generated_token_32	2.810486316680908	0.3561684126197241	0.9010989010989011
strange_loop	visual_ascii_control	15	generated_token_64	3.7710578441619873	0.5600930287527994	0.9795918367346939
strange_loop	visual_ascii_control	16	final_prompt_token	1.0010790824890137	0.042954299209088	0.18181818181818177
strange_loop	visual_ascii_control	16	generated_token_1	1.471707820892334	0.14697538809799693	0.5714285714285714
strange_loop	visual_ascii_control	16	generated_token_8	1.032796025276184	0.044779134900151285	0.46153846153846156
strange_loop	visual_ascii_control	16	generated_token_16	4.757882118225098	0.6386796013385313	0.9690721649484536
strange_loop	visual_ascii_control	16	generated_token_32	2.9614877700805664	0.3656461506809232	0.9247311827956989
strange_loop	visual_ascii_control	16	generated_token_64	3.947232246398926	0.5432243943992703	0.98989898989899
strange_loop	visual_ascii_control	24	final_prompt_token	1.2341830730438232	0.03704307862194667	0.27586206896551724
strange_loop	visual_ascii_control	24	generated_token_1	1.568965196609497	0.07660133686157367	0.46153846153846156
strange_loop	visual_ascii_control	24	generated_token_8	1.3243465423583984	0.036061836354972954	0.3870967741935484
strange_loop	visual_ascii_control	24	generated_token_16	6.26344633102417	0.5673019211635967	0.9473684210526316
strange_loop	visual_ascii_control	24	generated_token_32	4.599682331085205	0.3199611737941601	0.9010989010989011
strange_loop	visual_ascii_control	24	generated_token_64	5.980338096618652	0.5056231306317042	0.9795918367346939
strange_loop	visual_ascii_control	25	final_prompt_token	1.2872505187988281	0.035579994504668644	0.30508474576271183
strange_loop	visual_ascii_control	25	generated_token_1	1.594072937965393	0.07032190287770834	0.33333333333333337
strange_loop	visual_ascii_control	25	generated_token_8	1.4368956089019775	0.036143998557131796	0.360655737704918
strange_loop	visual_ascii_control	25	generated_token_16	6.497635364532471	0.5498924015975722	0.9795918367346939
strange_loop	visual_ascii_control	25	generated_token_32	4.989007949829102	0.3483846581757768	0.8505747126436781
strange_loop	visual_ascii_control	25	generated_token_64	6.320087909698486	0.5464735210572191	0.9583333333333334
strange_loop	visual_ascii_control	26	final_prompt_token	1.4107791185379028	0.030005171874608605	0.24561403508771928
strange_loop	visual_ascii_control	26	generated_token_1	1.6209464073181152	0.05594069149919256	0.46153846153846156
strange_loop	visual_ascii_control	26	generated_token_8	1.4384946823120117	0.02799699023117208	0.46153846153846156
strange_loop	visual_ascii_control	26	generated_token_16	6.5540547370910645	0.46610887263435163	0.9473684210526316
strange_loop	visual_ascii_control	26	generated_token_32	5.1255364418029785	0.2681517418886036	0.8888888888888888
strange_loop	visual_ascii_control	26	generated_token_64	6.538315296173096	0.4449034133385458	0.9690721649484536
strange_loop	unicode_nonletter_control	14	final_prompt_token	1.5304077863693237	0.032739838376010355	0.360655737704918
strange_loop	unicode_nonletter_control	14	generated_token_1	1.60222589969635	0.13690197237329282	0.6301369863013699
strange_loop	unicode_nonletter_control	14	generated_token_8	0.5804620981216431	0.01371430184170297	0.30508474576271183
strange_loop	unicode_nonletter_control	14	generated_token_16	4.057565689086914	0.4607735607903932	0.9690721649484536
strange_loop	unicode_nonletter_control	14	generated_token_32	3.509489059448242	0.3255323165823557	0.9473684210526316
strange_loop	unicode_nonletter_control	14	generated_token_64	3.6626501083374023	0.37969525220561706	0.9473684210526316
strange_loop	unicode_nonletter_control	15	final_prompt_token	1.3424979448318481	0.04938120436220983	0.360655737704918
strange_loop	unicode_nonletter_control	15	generated_token_1	1.5639314651489258	0.17194117339099702	0.5915492957746479
strange_loop	unicode_nonletter_control	15	generated_token_8	0.7676677703857422	0.025744448305481393	0.3870967741935484
strange_loop	unicode_nonletter_control	15	generated_token_16	4.521238803863525	0.6452979708245756	0.9690721649484536
strange_loop	unicode_nonletter_control	15	generated_token_32	3.5523407459259033	0.4828375450207055	0.9473684210526316
strange_loop	unicode_nonletter_control	15	generated_token_64	3.668120861053467	0.47731239930841196	0.9583333333333334
strange_loop	unicode_nonletter_control	16	final_prompt_token	1.282965898513794	0.04891760992209071	0.3870967741935484
strange_loop	unicode_nonletter_control	16	generated_token_1	1.609902024269104	0.16941685906898796	0.6486486486486487
strange_loop	unicode_nonletter_control	16	generated_token_8	0.7737081050872803	0.024849279746267716	0.3870967741935484
strange_loop	unicode_nonletter_control	16	generated_token_16	4.674539089202881	0.6159139021518059	0.9690721649484536
strange_loop	unicode_nonletter_control	16	generated_token_32	3.679234743118286	0.4778751579761793	0.9795918367346939
strange_loop	unicode_nonletter_control	16	generated_token_64	3.8981332778930664	0.4930588709920668	0.9583333333333334
strange_loop	unicode_nonletter_control	24	final_prompt_token	1.6180356740951538	0.05095943584864371	0.5074626865671642
strange_loop	unicode_nonletter_control	24	generated_token_1	1.6264915466308594	0.08188449630805672	0.48484848484848486
strange_loop	unicode_nonletter_control	24	generated_token_8	1.2439913749694824	0.029749677108555472	0.360655737704918
strange_loop	unicode_nonletter_control	24	generated_token_16	6.239504814147949	0.5484581884780791	0.9473684210526316
strange_loop	unicode_nonletter_control	24	generated_token_32	4.710178852081299	0.3210660710738821	0.8764044943820225
strange_loop	unicode_nonletter_control	24	generated_token_64	5.778265953063965	0.5417025284291948	0.9690721649484536
strange_loop	unicode_nonletter_control	25	final_prompt_token	1.6784913539886475	0.0517841672730035	0.3870967741935484
strange_loop	unicode_nonletter_control	25	generated_token_1	1.6296801567077637	0.07279619037118423	0.3870967741935484
strange_loop	unicode_nonletter_control	25	generated_token_8	1.3124701976776123	0.02854562510180292	0.30508474576271183
strange_loop	unicode_nonletter_control	25	generated_token_16	6.48499059677124	0.533724922644909	0.9690721649484536
strange_loop	unicode_nonletter_control	25	generated_token_32	5.076547145843506	0.3373578232683576	0.8505747126436781
strange_loop	unicode_nonletter_control	25	generated_token_64	6.0556254386901855	0.5219958046381841	0.9690721649484536
strange_loop	unicode_nonletter_control	26	final_prompt_token	1.872740387916565	0.03964241009766367	0.30508474576271183
strange_loop	unicode_nonletter_control	26	generated_token_1	1.6579004526138306	0.05778017833389393	0.5294117647058824
strange_loop	unicode_nonletter_control	26	generated_token_8	1.3415420055389404	0.02221403627527596	0.33333333333333337
strange_loop	unicode_nonletter_control	26	generated_token_16	6.506391525268555	0.447908363899301	0.9130434782608696
strange_loop	unicode_nonletter_control	26	generated_token_32	5.055809020996094	0.25375743818862406	0.8636363636363636
strange_loop	unicode_nonletter_control	26	generated_token_64	6.34853458404541	0.4533268463322241	0.9795918367346939
strange_loop	semantic_shuffle_control	14	final_prompt_token	3.2615506649017334	0.37744572488585193	0.9473684210526316
strange_loop	semantic_shuffle_control	14	generated_token_1	2.5927419662475586	0.44052691434174296	0.9130434782608696
strange_loop	semantic_shuffle_control	14	generated_token_8	3.4057157039642334	0.4543644122687599	0.98989898989899
strange_loop	semantic_shuffle_control	14	generated_token_16	3.9205992221832275	0.43800153347816473	0.98989898989899
strange_loop	semantic_shuffle_control	14	generated_token_32	3.5394952297210693	0.44191593740648993	0.98989898989899
strange_loop	semantic_shuffle_control	14	generated_token_64	3.123293876647949	0.3540178159994637	0.9247311827956989
strange_loop	semantic_shuffle_control	15	final_prompt_token	3.3310556411743164	0.5626577980788302	0.9473684210526316
strange_loop	semantic_shuffle_control	15	generated_token_1	2.6700310707092285	0.5624488024509573	0.9010989010989011
strange_loop	semantic_shuffle_control	15	generated_token_8	3.5480551719665527	0.5173441523025507	0.9795918367346939
strange_loop	semantic_shuffle_control	15	generated_token_16	4.3432769775390625	0.6451352366137626	0.9583333333333334
strange_loop	semantic_shuffle_control	15	generated_token_32	3.6302366256713867	0.5297104596244093	0.9795918367346939
strange_loop	semantic_shuffle_control	15	generated_token_64	3.1456151008605957	0.41959303524010216	0.9361702127659575
strange_loop	semantic_shuffle_control	16	final_prompt_token	3.5826942920684814	0.5939265263895595	0.9690721649484536
strange_loop	semantic_shuffle_control	16	generated_token_1	2.7950308322906494	0.536784126218547	0.9130434782608696
strange_loop	semantic_shuffle_control	16	generated_token_8	3.6108694076538086	0.4952413843593586	0.98989898989899
strange_loop	semantic_shuffle_control	16	generated_token_16	4.417927265167236	0.610568582856803	0.9690721649484536
strange_loop	semantic_shuffle_control	16	generated_token_32	3.903878688812256	0.5594233477029444	0.9795918367346939
strange_loop	semantic_shuffle_control	16	generated_token_64	3.35270094871521	0.4396706457692402	0.9361702127659575
strange_loop	semantic_shuffle_control	24	final_prompt_token	4.844982147216797	0.5334318022845403	0.9473684210526316
strange_loop	semantic_shuffle_control	24	generated_token_1	4.440273761749268	0.559173672721657	0.9361702127659575
strange_loop	semantic_shuffle_control	24	generated_token_8	4.980263710021973	0.4665313767128617	0.9795918367346939
strange_loop	semantic_shuffle_control	24	generated_token_16	6.204246520996094	0.6234555359772007	0.98989898989899
strange_loop	semantic_shuffle_control	24	generated_token_32	6.095821857452393	0.557308565556492	0.9795918367346939
strange_loop	semantic_shuffle_control	24	generated_token_64	5.185235023498535	0.43328041683325236	0.9583333333333334
strange_loop	semantic_shuffle_control	25	final_prompt_token	5.068285942077637	0.5179771149822743	0.9130434782608696
strange_loop	semantic_shuffle_control	25	generated_token_1	4.906346797943115	0.5627654822902075	0.9473684210526316
strange_loop	semantic_shuffle_control	25	generated_token_8	5.432490825653076	0.4977030627013428	0.9473684210526316
strange_loop	semantic_shuffle_control	25	generated_token_16	6.6038103103637695	0.6238625026401268	1.0
strange_loop	semantic_shuffle_control	25	generated_token_32	6.566258907318115	0.5677534161559581	0.9583333333333334
strange_loop	semantic_shuffle_control	25	generated_token_64	5.598242282867432	0.45365249653566964	0.9583333333333334
strange_loop	semantic_shuffle_control	26	final_prompt_token	5.499606609344482	0.43390845764495745	0.9130434782608696
strange_loop	semantic_shuffle_control	26	generated_token_1	5.558807373046875	0.5525485957533466	0.9247311827956989
strange_loop	semantic_shuffle_control	26	generated_token_8	5.594701290130615	0.4273871524903722	1.0
strange_loop	semantic_shuffle_control	26	generated_token_16	6.780714511871338	0.5250062158059432	0.98989898989899
strange_loop	semantic_shuffle_control	26	generated_token_32	6.78009033203125	0.4775815736916341	0.9690721649484536
strange_loop	semantic_shuffle_control	26	generated_token_64	5.6806416511535645	0.39433244125125066	0.9690721649484536
strange_loop	d_dot_high_impact_control	14	final_prompt_token	0.41628819704055786	0.004620531052557886	0.24561403508771928
strange_loop	d_dot_high_impact_control	14	generated_token_1	0.7724424004554749	0.03844678390132894	0.30508474576271183
strange_loop	d_dot_high_impact_control	14	generated_token_8	0.7646076083183289	0.023663354676067394	0.3870967741935484
strange_loop	d_dot_high_impact_control	14	generated_token_16	4.0759429931640625	0.4642614003277655	0.9690721649484536
strange_loop	d_dot_high_impact_control	14	generated_token_32	3.4809083938598633	0.32512217472548177	0.9473684210526316
strange_loop	d_dot_high_impact_control	14	generated_token_64	3.3929009437561035	0.45420270582347955	0.98989898989899
strange_loop	d_dot_high_impact_control	15	final_prompt_token	0.46505478024482727	0.008844580913574762	0.1132075471698113
strange_loop	d_dot_high_impact_control	15	generated_token_1	0.7397836446762085	0.04269752550139494	0.3870967741935484
strange_loop	d_dot_high_impact_control	15	generated_token_8	0.915274977684021	0.03630006649285278	0.4375
strange_loop	d_dot_high_impact_control	15	generated_token_16	4.539735317230225	0.642861527848649	0.9795918367346939
strange_loop	d_dot_high_impact_control	15	generated_token_32	3.556947708129883	0.47530615987989866	0.9690721649484536
strange_loop	d_dot_high_impact_control	15	generated_token_64	3.433502435684204	0.5700661805140905	1.0
strange_loop	d_dot_high_impact_control	16	final_prompt_token	0.490264892578125	0.00968546188439079	0.18181818181818177
strange_loop	d_dot_high_impact_control	16	generated_token_1	0.7756684422492981	0.04199070468052579	0.3870967741935484
strange_loop	d_dot_high_impact_control	16	generated_token_8	0.8901927471160889	0.03302865021760759	0.3870967741935484
strange_loop	d_dot_high_impact_control	16	generated_token_16	4.704435348510742	0.614464105462352	0.9795918367346939
strange_loop	d_dot_high_impact_control	16	generated_token_32	3.679253578186035	0.48069957062742863	0.9690721649484536
strange_loop	d_dot_high_impact_control	16	generated_token_64	3.5400500297546387	0.5253633983633373	0.9583333333333334
strange_loop	d_dot_high_impact_control	24	final_prompt_token	0.5890174508094788	0.008280095693051881	0.14814814814814814
strange_loop	d_dot_high_impact_control	24	generated_token_1	0.8794358372688293	0.02434680982775994	0.27586206896551724
strange_loop	d_dot_high_impact_control	24	generated_token_8	1.14412522315979	0.025930386452714282	0.33333333333333337
strange_loop	d_dot_high_impact_control	24	generated_token_16	6.277249813079834	0.5517096290358081	0.9361702127659575
strange_loop	d_dot_high_impact_control	24	generated_token_32	4.756039142608643	0.3279630252834801	0.8636363636363636
strange_loop	d_dot_high_impact_control	24	generated_token_64	5.554764747619629	0.5860180975197251	0.98989898989899
strange_loop	d_dot_high_impact_control	25	final_prompt_token	0.6239237785339355	0.008248034508897772	0.2142857142857143
strange_loop	d_dot_high_impact_control	25	generated_token_1	0.9048015475273132	0.022810234468834012	0.24561403508771928
strange_loop	d_dot_high_impact_control	25	generated_token_8	1.244918942451477	0.026414755146370816	0.33333333333333337
strange_loop	d_dot_high_impact_control	25	generated_token_16	6.510509014129639	0.5371031941892968	0.9795918367346939
strange_loop	d_dot_high_impact_control	25	generated_token_32	5.138670921325684	0.34381742268061144	0.8372093023255813
strange_loop	d_dot_high_impact_control	25	generated_token_64	5.879269599914551	0.5824857186240353	0.9690721649484536
strange_loop	d_dot_high_impact_control	26	final_prompt_token	0.6898521780967712	0.007083079454341945	0.14814814814814814
strange_loop	d_dot_high_impact_control	26	generated_token_1	0.9329411387443542	0.018482392013737803	0.30508474576271183
strange_loop	d_dot_high_impact_control	26	generated_token_8	1.2852612733840942	0.021804677000209716	0.33333333333333337
strange_loop	d_dot_high_impact_control	26	generated_token_16	6.5269317626953125	0.4496512221354154	0.9130434782608696
strange_loop	d_dot_high_impact_control	26	generated_token_32	5.143596172332764	0.25762127428121684	0.8636363636363636
strange_loop	d_dot_high_impact_control	26	generated_token_64	6.027796745300293	0.47450127664230046	0.9690721649484536
recipe_neutral	light_global_mixed	14	final_prompt_token	1.417049527168274	0.07617818737019577	0.46153846153846156
recipe_neutral	light_global_mixed	14	generated_token_1	1.4075158834457397	0.12307012711434595	0.5915492957746479
recipe_neutral	light_global_mixed	14	generated_token_8	3.500805139541626	0.6192796776156932	0.98989898989899
recipe_neutral	light_global_mixed	14	generated_token_16	4.592911720275879	0.41578838901299797	0.9583333333333334
recipe_neutral	light_global_mixed	14	generated_token_32	4.3794026374816895	0.7135746652332091	0.98989898989899
recipe_neutral	light_global_mixed	14	generated_token_64	3.6848180294036865	0.39130006281871466	0.9690721649484536
recipe_neutral	light_global_mixed	15	final_prompt_token	1.3657852411270142	0.09993326693885374	0.4375
recipe_neutral	light_global_mixed	15	generated_token_1	1.5671429634094238	0.13151178005464226	0.5915492957746479
recipe_neutral	light_global_mixed	15	generated_token_8	3.6380012035369873	0.678114231522778	0.9583333333333334
recipe_neutral	light_global_mixed	15	generated_token_16	4.420777797698975	0.5705202025375951	0.9473684210526316
recipe_neutral	light_global_mixed	15	generated_token_32	4.423409461975098	0.7884601629478418	0.98989898989899
recipe_neutral	light_global_mixed	15	generated_token_64	3.640533685684204	0.5390355505328247	0.9690721649484536
recipe_neutral	light_global_mixed	16	final_prompt_token	1.3709250688552856	0.09908114192015904	0.3870967741935484
recipe_neutral	light_global_mixed	16	generated_token_1	1.5556542873382568	0.1220249226385135	0.5294117647058824
recipe_neutral	light_global_mixed	16	generated_token_8	3.8159561157226562	0.6079866474592315	0.9795918367346939
recipe_neutral	light_global_mixed	16	generated_token_16	4.567040920257568	0.6069622218275276	0.9583333333333334
recipe_neutral	light_global_mixed	16	generated_token_32	4.580074310302734	0.7682722456292297	0.98989898989899
recipe_neutral	light_global_mixed	16	generated_token_64	4.0242695808410645	0.5797133460932744	0.9795918367346939
recipe_neutral	light_global_mixed	24	final_prompt_token	1.7597808837890625	0.0998476165115415	0.5074626865671642
recipe_neutral	light_global_mixed	24	generated_token_1	1.8937642574310303	0.08590020605166071	0.5294117647058824
recipe_neutral	light_global_mixed	24	generated_token_8	5.6543354988098145	0.6455378460417643	0.9795918367346939
recipe_neutral	light_global_mixed	24	generated_token_16	6.255533218383789	0.6251239555127015	0.98989898989899
recipe_neutral	light_global_mixed	24	generated_token_32	6.441722393035889	0.8096195663477528	0.98989898989899
recipe_neutral	light_global_mixed	24	generated_token_64	5.315176486968994	0.5447353378393239	0.9795918367346939
recipe_neutral	light_global_mixed	25	final_prompt_token	1.8191287517547607	0.09188748065556274	0.4126984126984127
recipe_neutral	light_global_mixed	25	generated_token_1	1.94363534450531	0.08188572386332449	0.48484848484848486
recipe_neutral	light_global_mixed	25	generated_token_8	5.771912097930908	0.650239976972208	0.9795918367346939
recipe_neutral	light_global_mixed	25	generated_token_16	6.6026129722595215	0.6225814674490423	0.9690721649484536
recipe_neutral	light_global_mixed	25	generated_token_32	6.620229244232178	0.7799063093749583	0.98989898989899
recipe_neutral	light_global_mixed	25	generated_token_64	5.60176944732666	0.5244789566962753	0.9583333333333334
recipe_neutral	light_global_mixed	26	final_prompt_token	2.027435302734375	0.0907635955297994	0.46153846153846156
recipe_neutral	light_global_mixed	26	generated_token_1	1.9259374141693115	0.06082814703319017	0.48484848484848486
recipe_neutral	light_global_mixed	26	generated_token_8	5.979996681213379	0.5127593761933589	0.9795918367346939
recipe_neutral	light_global_mixed	26	generated_token_16	6.895105361938477	0.5224546613029917	0.9795918367346939
recipe_neutral	light_global_mixed	26	generated_token_32	7.047142028808594	0.7017296307758443	0.98989898989899
recipe_neutral	light_global_mixed	26	generated_token_64	5.633326053619385	0.43255411292291757	0.9583333333333334
recipe_neutral	light_high_impact_mixed	14	final_prompt_token	1.2102775573730469	0.05205188293152785	0.360655737704918
recipe_neutral	light_high_impact_mixed	14	generated_token_1	1.0996838808059692	0.09314667206604665	0.5294117647058824
recipe_neutral	light_high_impact_mixed	14	generated_token_8	3.0127203464508057	0.5848657232659139	0.9690721649484536
recipe_neutral	light_high_impact_mixed	14	generated_token_16	3.9475326538085938	0.3188879853862949	0.9583333333333334
recipe_neutral	light_high_impact_mixed	14	generated_token_32	3.3139524459838867	0.5748870773966543	1.0
recipe_neutral	light_high_impact_mixed	14	generated_token_64	3.8000292778015137	0.42278288320096935	0.9690721649484536
recipe_neutral	light_high_impact_mixed	15	final_prompt_token	1.1472647190093994	0.07093157474085243	0.4126984126984127
recipe_neutral	light_high_impact_mixed	15	generated_token_1	1.2636888027191162	0.107098983078313	0.5714285714285714
recipe_neutral	light_high_impact_mixed	15	generated_token_8	3.3038933277130127	0.6304916249394755	0.9361702127659575
recipe_neutral	light_high_impact_mixed	15	generated_token_16	3.580660104751587	0.49634806022358935	0.9247311827956989
recipe_neutral	light_high_impact_mixed	15	generated_token_32	3.25126576423645	0.7046643950344612	0.9690721649484536
recipe_neutral	light_high_impact_mixed	15	generated_token_64	3.717524528503418	0.5688360108377761	0.9690721649484536
recipe_neutral	light_high_impact_mixed	16	final_prompt_token	1.1707957983016968	0.0734793319830398	0.27586206896551724
recipe_neutral	light_high_impact_mixed	16	generated_token_1	1.264971375465393	0.10060312277188177	0.5507246376811594
recipe_neutral	light_high_impact_mixed	16	generated_token_8	3.539792060852051	0.6007961309752838	0.9583333333333334
recipe_neutral	light_high_impact_mixed	16	generated_token_16	3.7229270935058594	0.5164200128413805	0.9583333333333334
recipe_neutral	light_high_impact_mixed	16	generated_token_32	3.5423145294189453	0.6819058774215578	0.98989898989899
recipe_neutral	light_high_impact_mixed	16	generated_token_64	4.032442092895508	0.5676418720754253	0.9583333333333334
recipe_neutral	light_high_impact_mixed	24	final_prompt_token	1.4339096546173096	0.06529191219195418	0.4126984126984127
recipe_neutral	light_high_impact_mixed	24	generated_token_1	1.8647127151489258	0.09816476727173717	0.5714285714285714
recipe_neutral	light_high_impact_mixed	24	generated_token_8	5.740421772003174	0.715957361171395	0.9690721649484536
recipe_neutral	light_high_impact_mixed	24	generated_token_16	5.448556423187256	0.599489530690418	0.9795918367346939
recipe_neutral	light_high_impact_mixed	24	generated_token_32	5.497723579406738	0.7498034188195222	0.98989898989899
recipe_neutral	light_high_impact_mixed	24	generated_token_64	5.361795902252197	0.6066542559847139	0.9795918367346939
recipe_neutral	light_high_impact_mixed	25	final_prompt_token	1.5044569969177246	0.061427498289173266	0.360655737704918
recipe_neutral	light_high_impact_mixed	25	generated_token_1	1.9300868511199951	0.09489935286391327	0.5507246376811594
recipe_neutral	light_high_impact_mixed	25	generated_token_8	5.868645191192627	0.692813017748371	0.9473684210526316
recipe_neutral	light_high_impact_mixed	25	generated_token_16	5.705440998077393	0.5602764124427095	0.98989898989899
recipe_neutral	light_high_impact_mixed	25	generated_token_32	5.759125709533691	0.7052091511818863	0.98989898989899
recipe_neutral	light_high_impact_mixed	25	generated_token_64	5.571766376495361	0.5409457326588304	0.9795918367346939
recipe_neutral	light_high_impact_mixed	26	final_prompt_token	1.628949761390686	0.05715534432094127	0.4375
recipe_neutral	light_high_impact_mixed	26	generated_token_1	1.929831862449646	0.07180330409416347	0.5507246376811594
recipe_neutral	light_high_impact_mixed	26	generated_token_8	6.392634391784668	0.6293283306712141	0.9690721649484536
recipe_neutral	light_high_impact_mixed	26	generated_token_16	6.174370288848877	0.5082687145786098	0.9795918367346939
recipe_neutral	light_high_impact_mixed	26	generated_token_32	6.105803489685059	0.6415819968369805	0.98989898989899
recipe_neutral	light_high_impact_mixed	26	generated_token_64	5.710524082183838	0.47077331515927234	0.9795918367346939
recipe_neutral	dcedilla_shuffled_light	14	final_prompt_token	0.7696408033370972	0.019404040847367243	0.27586206896551724
recipe_neutral	dcedilla_shuffled_light	14	generated_token_1	0.8528505563735962	0.04509379868011476	0.360655737704918
recipe_neutral	dcedilla_shuffled_light	14	generated_token_8	3.313814401626587	0.612133596683522	0.9690721649484536
recipe_neutral	dcedilla_shuffled_light	14	generated_token_16	4.181427478790283	0.34424028779393645	0.9130434782608696
recipe_neutral	dcedilla_shuffled_light	14	generated_token_32	3.4889400005340576	0.5804581313317249	1.0
recipe_neutral	dcedilla_shuffled_light	14	generated_token_64	4.032521724700928	0.5011816362826612	0.98989898989899
recipe_neutral	dcedilla_shuffled_light	15	final_prompt_token	0.6693361401557922	0.022660007794623183	0.1132075471698113
recipe_neutral	dcedilla_shuffled_light	15	generated_token_1	0.9812565445899963	0.050231879699576765	0.4375
recipe_neutral	dcedilla_shuffled_light	15	generated_token_8	3.6289279460906982	0.6701863751475284	0.9361702127659575
recipe_neutral	dcedilla_shuffled_light	15	generated_token_16	4.081814289093018	0.5167534714926063	0.9247311827956989
recipe_neutral	dcedilla_shuffled_light	15	generated_token_32	3.429273843765259	0.6995665229730221	0.98989898989899
recipe_neutral	dcedilla_shuffled_light	15	generated_token_64	3.9193150997161865	0.6636457275737739	0.9795918367346939
recipe_neutral	dcedilla_shuffled_light	16	final_prompt_token	0.6541727781295776	0.021290414599952734	0.18181818181818177
recipe_neutral	dcedilla_shuffled_light	16	generated_token_1	0.955897867679596	0.04665008468805387	0.3870967741935484
recipe_neutral	dcedilla_shuffled_light	16	generated_token_8	3.7842535972595215	0.603035424515765	0.9690721649484536
recipe_neutral	dcedilla_shuffled_light	16	generated_token_16	4.381186008453369	0.541283064649558	0.9473684210526316
recipe_neutral	dcedilla_shuffled_light	16	generated_token_32	3.585573673248291	0.7007350580517389	0.98989898989899
recipe_neutral	dcedilla_shuffled_light	16	generated_token_64	4.212635517120361	0.6641899305130977	0.9690721649484536
recipe_neutral	dcedilla_shuffled_light	24	final_prompt_token	0.8051543831825256	0.020461231031338012	0.27586206896551724
recipe_neutral	dcedilla_shuffled_light	24	generated_token_1	1.026009202003479	0.025040614705204245	0.33333333333333337
recipe_neutral	dcedilla_shuffled_light	24	generated_token_8	5.5296502113342285	0.637040928166358	0.9795918367346939
recipe_neutral	dcedilla_shuffled_light	24	generated_token_16	5.878051280975342	0.5686111944844461	0.98989898989899
recipe_neutral	dcedilla_shuffled_light	24	generated_token_32	5.780830383300781	0.7461932163357077	1.0
recipe_neutral	dcedilla_shuffled_light	24	generated_token_64	5.634357452392578	0.6573248360242533	0.9795918367346939
recipe_neutral	dcedilla_shuffled_light	25	final_prompt_token	0.8597795963287354	0.01975939252153036	0.2142857142857143
recipe_neutral	dcedilla_shuffled_light	25	generated_token_1	1.0405709743499756	0.02297988731858769	0.30508474576271183
recipe_neutral	dcedilla_shuffled_light	25	generated_token_8	5.708002090454102	0.649083474132025	0.9795918367346939
recipe_neutral	dcedilla_shuffled_light	25	generated_token_16	6.239448070526123	0.555611954579847	0.9690721649484536
recipe_neutral	dcedilla_shuffled_light	25	generated_token_32	5.953813076019287	0.7190946168978156	0.98989898989899
recipe_neutral	dcedilla_shuffled_light	25	generated_token_64	5.847325325012207	0.5791968087788977	0.9690721649484536
recipe_neutral	dcedilla_shuffled_light	26	final_prompt_token	0.8839157223701477	0.01669040664853294	0.360655737704918
recipe_neutral	dcedilla_shuffled_light	26	generated_token_1	1.0211735963821411	0.016905364358881125	0.33333333333333337
recipe_neutral	dcedilla_shuffled_light	26	generated_token_8	5.952585697174072	0.5336221249870803	0.9690721649484536
recipe_neutral	dcedilla_shuffled_light	26	generated_token_16	6.409813404083252	0.4424264020901244	0.9690721649484536
recipe_neutral	dcedilla_shuffled_light	26	generated_token_32	6.419876575469971	0.6491674031212966	0.98989898989899
recipe_neutral	dcedilla_shuffled_light	26	generated_token_64	6.116166114807129	0.5261999003147768	0.9795918367346939
recipe_neutral	dcedilla_high_impact	14	final_prompt_token	0.7696408033370972	0.019404040847367243	0.27586206896551724
recipe_neutral	dcedilla_high_impact	14	generated_token_1	0.8528505563735962	0.04509379868011476	0.360655737704918
recipe_neutral	dcedilla_high_impact	14	generated_token_8	3.313814401626587	0.612133596683522	0.9690721649484536
recipe_neutral	dcedilla_high_impact	14	generated_token_16	4.181427478790283	0.34424028779393645	0.9130434782608696
recipe_neutral	dcedilla_high_impact	14	generated_token_32	3.4889400005340576	0.5804581313317249	1.0
recipe_neutral	dcedilla_high_impact	14	generated_token_64	4.032521724700928	0.5011816362826612	0.98989898989899
recipe_neutral	dcedilla_high_impact	15	final_prompt_token	0.6693361401557922	0.022660007794623183	0.1132075471698113
recipe_neutral	dcedilla_high_impact	15	generated_token_1	0.9812565445899963	0.050231879699576765	0.4375
recipe_neutral	dcedilla_high_impact	15	generated_token_8	3.6289279460906982	0.6701863751475284	0.9361702127659575
recipe_neutral	dcedilla_high_impact	15	generated_token_16	4.081814289093018	0.5167534714926063	0.9247311827956989
recipe_neutral	dcedilla_high_impact	15	generated_token_32	3.429273843765259	0.6995665229730221	0.98989898989899
recipe_neutral	dcedilla_high_impact	15	generated_token_64	3.9193150997161865	0.6636457275737739	0.9795918367346939
recipe_neutral	dcedilla_high_impact	16	final_prompt_token	0.6541727781295776	0.021290414599952734	0.18181818181818177
recipe_neutral	dcedilla_high_impact	16	generated_token_1	0.955897867679596	0.04665008468805387	0.3870967741935484
recipe_neutral	dcedilla_high_impact	16	generated_token_8	3.7842535972595215	0.603035424515765	0.9690721649484536
recipe_neutral	dcedilla_high_impact	16	generated_token_16	4.381186008453369	0.541283064649558	0.9473684210526316
recipe_neutral	dcedilla_high_impact	16	generated_token_32	3.585573673248291	0.7007350580517389	0.98989898989899
recipe_neutral	dcedilla_high_impact	16	generated_token_64	4.212635517120361	0.6641899305130977	0.9690721649484536
recipe_neutral	dcedilla_high_impact	24	final_prompt_token	0.8051543831825256	0.020461231031338012	0.27586206896551724
recipe_neutral	dcedilla_high_impact	24	generated_token_1	1.026009202003479	0.025040614705204245	0.33333333333333337
recipe_neutral	dcedilla_high_impact	24	generated_token_8	5.5296502113342285	0.637040928166358	0.9795918367346939
recipe_neutral	dcedilla_high_impact	24	generated_token_16	5.878051280975342	0.5686111944844461	0.98989898989899
recipe_neutral	dcedilla_high_impact	24	generated_token_32	5.780830383300781	0.7461932163357077	1.0
recipe_neutral	dcedilla_high_impact	24	generated_token_64	5.634357452392578	0.6573248360242533	0.9795918367346939
recipe_neutral	dcedilla_high_impact	25	final_prompt_token	0.8597795963287354	0.01975939252153036	0.2142857142857143
recipe_neutral	dcedilla_high_impact	25	generated_token_1	1.0405709743499756	0.02297988731858769	0.30508474576271183
recipe_neutral	dcedilla_high_impact	25	generated_token_8	5.708002090454102	0.649083474132025	0.9795918367346939
recipe_neutral	dcedilla_high_impact	25	generated_token_16	6.239448070526123	0.555611954579847	0.9690721649484536
recipe_neutral	dcedilla_high_impact	25	generated_token_32	5.953813076019287	0.7190946168978156	0.98989898989899
recipe_neutral	dcedilla_high_impact	25	generated_token_64	5.847325325012207	0.5791968087788977	0.9690721649484536
recipe_neutral	dcedilla_high_impact	26	final_prompt_token	0.8839157223701477	0.01669040664853294	0.360655737704918
recipe_neutral	dcedilla_high_impact	26	generated_token_1	1.0211735963821411	0.016905364358881125	0.33333333333333337
recipe_neutral	dcedilla_high_impact	26	generated_token_8	5.952585697174072	0.5336221249870803	0.9690721649484536
recipe_neutral	dcedilla_high_impact	26	generated_token_16	6.409813404083252	0.4424264020901244	0.9690721649484536
recipe_neutral	dcedilla_high_impact	26	generated_token_32	6.419876575469971	0.6491674031212966	0.98989898989899
recipe_neutral	dcedilla_high_impact	26	generated_token_64	6.116166114807129	0.5261999003147768	0.9795918367346939
recipe_neutral	dense_global_mixed	14	final_prompt_token	2.0631167888641357	0.18291625646746967	0.7012987012987013
recipe_neutral	dense_global_mixed	14	generated_token_1	1.756800889968872	0.21087173750593546	0.717948717948718
recipe_neutral	dense_global_mixed	14	generated_token_8	2.4975123405456543	0.3494983626133573	0.8095238095238095
recipe_neutral	dense_global_mixed	14	generated_token_16	4.461253643035889	0.44733046862640824	0.98989898989899
recipe_neutral	dense_global_mixed	14	generated_token_32	3.2008185386657715	0.5341468059382031	0.9583333333333334
recipe_neutral	dense_global_mixed	14	generated_token_64	4.680807590484619	0.6062421731340053	1.0
recipe_neutral	dense_global_mixed	15	final_prompt_token	2.079761266708374	0.2479623304310199	0.5714285714285714
recipe_neutral	dense_global_mixed	15	generated_token_1	1.8391101360321045	0.26534363270962824	0.717948717948718
recipe_neutral	dense_global_mixed	15	generated_token_8	2.7142558097839355	0.3816181928589474	0.8505747126436781
recipe_neutral	dense_global_mixed	15	generated_token_16	4.1187052726745605	0.6228937495773327	0.98989898989899
recipe_neutral	dense_global_mixed	15	generated_token_32	3.353651762008667	0.59095441588152	0.9361702127659575
recipe_neutral	dense_global_mixed	15	generated_token_64	4.689852714538574	0.722994170497947	1.0
recipe_neutral	dense_global_mixed	16	final_prompt_token	2.1651611328125	0.26308442272265375	0.6111111111111112
recipe_neutral	dense_global_mixed	16	generated_token_1	1.847977638244629	0.24373401921568782	0.6842105263157895
recipe_neutral	dense_global_mixed	16	generated_token_8	2.8184471130371094	0.3165786593882258	0.7951807228915663
recipe_neutral	dense_global_mixed	16	generated_token_16	4.256043910980225	0.6150751295918495	0.98989898989899
recipe_neutral	dense_global_mixed	16	generated_token_32	3.475372314453125	0.5593269361961348	0.9130434782608696
recipe_neutral	dense_global_mixed	16	generated_token_64	5.0738043785095215	0.7198987217728929	1.0
recipe_neutral	dense_global_mixed	24	final_prompt_token	2.876556396484375	0.28585557774253534	0.7341772151898734
recipe_neutral	dense_global_mixed	24	generated_token_1	2.4733688831329346	0.20131009364681274	0.7341772151898734
recipe_neutral	dense_global_mixed	24	generated_token_8	4.5553131103515625	0.40562972094314176	0.8764044943820225
recipe_neutral	dense_global_mixed	24	generated_token_16	5.821052551269531	0.5503621969519167	0.9795918367346939
recipe_neutral	dense_global_mixed	24	generated_token_32	5.368034362792969	0.5236458316233354	0.8888888888888888
recipe_neutral	dense_global_mixed	24	generated_token_64	7.028237342834473	0.660722423029146	0.98989898989899
recipe_neutral	dense_global_mixed	25	final_prompt_token	3.114138603210449	0.28812824504212975	0.7012987012987013
recipe_neutral	dense_global_mixed	25	generated_token_1	2.576320171356201	0.19148936132317274	0.717948717948718
recipe_neutral	dense_global_mixed	25	generated_token_8	4.666162967681885	0.4056631940484814	0.9010989010989011
recipe_neutral	dense_global_mixed	25	generated_token_16	6.271833896636963	0.5529332185368541	0.9690721649484536
recipe_neutral	dense_global_mixed	25	generated_token_32	5.285856246948242	0.49775039931731013	0.9010989010989011
recipe_neutral	dense_global_mixed	25	generated_token_64	7.180687427520752	0.6190717177223182	0.9795918367346939
recipe_neutral	dense_global_mixed	26	final_prompt_token	3.346956729888916	0.2675591408415977	0.7654320987654322
recipe_neutral	dense_global_mixed	26	generated_token_1	2.6639821529388428	0.1512537951716143	0.5915492957746479
recipe_neutral	dense_global_mixed	26	generated_token_8	4.784622669219971	0.32254789610990164	0.8372093023255813
recipe_neutral	dense_global_mixed	26	generated_token_16	6.479673862457275	0.4721664757304256	0.98989898989899
recipe_neutral	dense_global_mixed	26	generated_token_32	5.774479866027832	0.44721417668081664	0.9473684210526316
recipe_neutral	dense_global_mixed	26	generated_token_64	7.402712345123291	0.5131305576840248	0.9690721649484536
recipe_neutral	dense_dcedilla_all	14	final_prompt_token	0.9432513117790222	0.03574051461749794	0.27586206896551724
recipe_neutral	dense_dcedilla_all	14	generated_token_1	1.1340525150299072	0.07827134260938495	0.46153846153846156
recipe_neutral	dense_dcedilla_all	14	generated_token_8	3.293497085571289	0.6158387438900266	0.9690721649484536
recipe_neutral	dense_dcedilla_all	14	generated_token_16	3.7946062088012695	0.29006695602814225	0.9130434782608696
recipe_neutral	dense_dcedilla_all	14	generated_token_32	4.331640243530273	0.6392578345113619	1.0
recipe_neutral	dense_dcedilla_all	14	generated_token_64	3.815721035003662	0.4299747903756648	0.9690721649484536
recipe_neutral	dense_dcedilla_all	15	final_prompt_token	0.9348760843276978	0.047653576844885914	0.18181818181818177
recipe_neutral	dense_dcedilla_all	15	generated_token_1	1.2467164993286133	0.08117254500188664	0.48484848484848486
recipe_neutral	dense_dcedilla_all	15	generated_token_8	3.644183874130249	0.6735267211215563	0.9361702127659575
recipe_neutral	dense_dcedilla_all	15	generated_token_16	3.522481918334961	0.4663015561308407	0.9361702127659575
recipe_neutral	dense_dcedilla_all	15	generated_token_32	4.1958746910095215	0.7489489960933817	0.98989898989899
recipe_neutral	dense_dcedilla_all	15	generated_token_64	3.6900126934051514	0.5730380665648926	0.9690721649484536
recipe_neutral	dense_dcedilla_all	16	final_prompt_token	0.9559323191642761	0.04947861372780005	0.27586206896551724
recipe_neutral	dense_dcedilla_all	16	generated_token_1	1.2090781927108765	0.07497328563334904	0.48484848484848486
recipe_neutral	dense_dcedilla_all	16	generated_token_8	3.7672464847564697	0.6013044496839017	0.9795918367346939
recipe_neutral	dense_dcedilla_all	16	generated_token_16	3.689997673034668	0.500868337785633	0.9583333333333334
recipe_neutral	dense_dcedilla_all	16	generated_token_32	4.222231388092041	0.7299365283730241	0.98989898989899
recipe_neutral	dense_dcedilla_all	16	generated_token_64	4.033940315246582	0.5891074210085678	0.9583333333333334
recipe_neutral	dense_dcedilla_all	24	final_prompt_token	1.3134524822235107	0.055591647295687996	0.4375
recipe_neutral	dense_dcedilla_all	24	generated_token_1	1.2935702800750732	0.041604207615075106	0.4126984126984127
recipe_neutral	dense_dcedilla_all	24	generated_token_8	5.558516979217529	0.6356117162177763	0.9795918367346939
recipe_neutral	dense_dcedilla_all	24	generated_token_16	5.521725177764893	0.5450319304964008	0.98989898989899
recipe_neutral	dense_dcedilla_all	24	generated_token_32	6.741627216339111	0.8437020337355114	0.98989898989899
recipe_neutral	dense_dcedilla_all	24	generated_token_64	5.422766208648682	0.5641914597750729	0.9690721649484536
recipe_neutral	dense_dcedilla_all	25	final_prompt_token	1.3655189275741577	0.05105635277990317	0.30508474576271183
recipe_neutral	dense_dcedilla_all	25	generated_token_1	1.2996186017990112	0.037745228903002026	0.30508474576271183
recipe_neutral	dense_dcedilla_all	25	generated_token_8	5.738701343536377	0.6484193486741751	0.9690721649484536
recipe_neutral	dense_dcedilla_all	25	generated_token_16	5.977845668792725	0.5744235084914637	0.9690721649484536
recipe_neutral	dense_dcedilla_all	25	generated_token_32	6.994180202484131	0.8231963593957985	0.98989898989899
recipe_neutral	dense_dcedilla_all	25	generated_token_64	5.698467254638672	0.5305783934332379	0.9690721649484536
recipe_neutral	dense_dcedilla_all	26	final_prompt_token	1.4963884353637695	0.04864079182093195	0.360655737704918
recipe_neutral	dense_dcedilla_all	26	generated_token_1	1.3271414041519165	0.02929148753754185	0.4126984126984127
recipe_neutral	dense_dcedilla_all	26	generated_token_8	5.9625630378723145	0.5282076568722136	0.9690721649484536
recipe_neutral	dense_dcedilla_all	26	generated_token_16	6.263894081115723	0.4731730125812188	0.9795918367346939
recipe_neutral	dense_dcedilla_all	26	generated_token_32	7.314886093139648	0.7581363411270889	0.98989898989899
recipe_neutral	dense_dcedilla_all	26	generated_token_64	5.686646461486816	0.42967354220190457	0.9690721649484536
recipe_neutral	token_count_matched_ascii_noise	14	final_prompt_token	1.4034197330474854	0.07816662286426423	0.48484848484848486
recipe_neutral	token_count_matched_ascii_noise	14	generated_token_1	1.284658432006836	0.1242729139433777	0.5915492957746479
recipe_neutral	token_count_matched_ascii_noise	14	generated_token_8	3.496673822402954	0.6196420599278224	0.98989898989899
recipe_neutral	token_count_matched_ascii_noise	14	generated_token_16	3.4847846031188965	0.24136019629552796	0.9130434782608696
recipe_neutral	token_count_matched_ascii_noise	14	generated_token_32	2.856813907623291	0.5263460053018365	0.9583333333333334
recipe_neutral	token_count_matched_ascii_noise	14	generated_token_64	3.6132752895355225	0.3708380249785681	0.9361702127659575
recipe_neutral	token_count_matched_ascii_noise	15	final_prompt_token	1.3725640773773193	0.10197074494443115	0.4126984126984127
recipe_neutral	token_count_matched_ascii_noise	15	generated_token_1	1.445464849472046	0.13984502470940352	0.5915492957746479
recipe_neutral	token_count_matched_ascii_noise	15	generated_token_8	3.64996337890625	0.7030249405010776	0.98989898989899
recipe_neutral	token_count_matched_ascii_noise	15	generated_token_16	3.487672805786133	0.4428388196216254	0.9247311827956989
recipe_neutral	token_count_matched_ascii_noise	15	generated_token_32	3.0389530658721924	0.6201621660959975	0.9473684210526316
recipe_neutral	token_count_matched_ascii_noise	15	generated_token_64	3.582569122314453	0.533897540841483	0.9583333333333334
recipe_neutral	token_count_matched_ascii_noise	16	final_prompt_token	1.3893269300460815	0.10225308738739902	0.3870967741935484
recipe_neutral	token_count_matched_ascii_noise	16	generated_token_1	1.451476812362671	0.13056995163087215	0.5294117647058824
recipe_neutral	token_count_matched_ascii_noise	16	generated_token_8	3.797595500946045	0.6178013031261618	0.98989898989899
recipe_neutral	token_count_matched_ascii_noise	16	generated_token_16	3.6644198894500732	0.4731566500902663	0.9361702127659575
recipe_neutral	token_count_matched_ascii_noise	16	generated_token_32	3.2956976890563965	0.6009404507799354	0.9583333333333334
recipe_neutral	token_count_matched_ascii_noise	16	generated_token_64	3.92868971824646	0.5574094485032588	0.9473684210526316
recipe_neutral	token_count_matched_ascii_noise	24	final_prompt_token	1.8089962005615234	0.10241676934911748	0.48484848484848486
recipe_neutral	token_count_matched_ascii_noise	24	generated_token_1	1.843451738357544	0.09938080725297727	0.5507246376811594
recipe_neutral	token_count_matched_ascii_noise	24	generated_token_8	5.484087944030762	0.6366925956413938	0.9795918367346939
recipe_neutral	token_count_matched_ascii_noise	24	generated_token_16	5.633832931518555	0.5551707338889257	0.9795918367346939
recipe_neutral	token_count_matched_ascii_noise	24	generated_token_32	4.9801483154296875	0.6595037686865064	0.9690721649484536
recipe_neutral	token_count_matched_ascii_noise	24	generated_token_64	5.160276412963867	0.5349859383907183	0.9583333333333334
recipe_neutral	token_count_matched_ascii_noise	25	final_prompt_token	1.8841216564178467	0.0956887499587521	0.4126984126984127
recipe_neutral	token_count_matched_ascii_noise	25	generated_token_1	1.901089072227478	0.09313502610185076	0.5714285714285714
recipe_neutral	token_count_matched_ascii_noise	25	generated_token_8	5.6195969581604	0.6269318392662557	0.98989898989899
recipe_neutral	token_count_matched_ascii_noise	25	generated_token_16	6.048071384429932	0.5731131198488002	0.9795918367346939
recipe_neutral	token_count_matched_ascii_noise	25	generated_token_32	5.353307723999023	0.6441360972698431	0.9795918367346939
recipe_neutral	token_count_matched_ascii_noise	25	generated_token_64	5.437301158905029	0.4987905070642936	0.9795918367346939
recipe_neutral	token_count_matched_ascii_noise	26	final_prompt_token	2.029810667037964	0.0878284318013145	0.48484848484848486
recipe_neutral	token_count_matched_ascii_noise	26	generated_token_1	1.8959463834762573	0.06888966131059127	0.5074626865671642
recipe_neutral	token_count_matched_ascii_noise	26	generated_token_8	5.8921895027160645	0.5101230258563443	0.9795918367346939
recipe_neutral	token_count_matched_ascii_noise	26	generated_token_16	6.352475166320801	0.4669292877383461	0.9690721649484536
recipe_neutral	token_count_matched_ascii_noise	26	generated_token_32	5.6632537841796875	0.6170508246984907	0.9795918367346939
recipe_neutral	token_count_matched_ascii_noise	26	generated_token_64	5.463973045349121	0.4134161378374942	0.9690721649484536
recipe_neutral	visual_ascii_control	14	final_prompt_token	1.3808194398880005	0.0690679581318937	0.4375
recipe_neutral	visual_ascii_control	14	generated_token_1	1.3322066068649292	0.11722739178348518	0.5507246376811594
recipe_neutral	visual_ascii_control	14	generated_token_8	3.403656244277954	0.624527745167349	0.9795918367346939
recipe_neutral	visual_ascii_control	14	generated_token_16	3.665271043777466	0.27028040331005054	0.9361702127659575
recipe_neutral	visual_ascii_control	14	generated_token_32	2.876535415649414	0.5148814418344363	0.9583333333333334
recipe_neutral	visual_ascii_control	14	generated_token_64	3.7144241333007812	0.3974875909995288	0.9361702127659575
recipe_neutral	visual_ascii_control	15	final_prompt_token	1.3862683773040771	0.09822176064969435	0.3870967741935484
recipe_neutral	visual_ascii_control	15	generated_token_1	1.4462748765945435	0.12621552110708112	0.5714285714285714
recipe_neutral	visual_ascii_control	15	generated_token_8	3.5788424015045166	0.6799976206606091	0.9361702127659575
recipe_neutral	visual_ascii_control	15	generated_token_16	3.531421184539795	0.4616027301354214	0.9247311827956989
recipe_neutral	visual_ascii_control	15	generated_token_32	3.277115821838379	0.6265819954946743	0.9583333333333334
recipe_neutral	visual_ascii_control	15	generated_token_64	3.6822712421417236	0.55750934532663	0.9690721649484536
recipe_neutral	visual_ascii_control	16	final_prompt_token	1.4245002269744873	0.10389246088576443	0.360655737704918
recipe_neutral	visual_ascii_control	16	generated_token_1	1.4561511278152466	0.11893278521363593	0.5915492957746479
recipe_neutral	visual_ascii_control	16	generated_token_8	3.722506523132324	0.6024970923988318	0.9795918367346939
recipe_neutral	visual_ascii_control	16	generated_token_16	3.7201998233795166	0.5016305534419149	0.9473684210526316
recipe_neutral	visual_ascii_control	16	generated_token_32	3.521653175354004	0.6287175686717155	0.9583333333333334
recipe_neutral	visual_ascii_control	16	generated_token_64	3.9744133949279785	0.560180504629134	0.9583333333333334
recipe_neutral	visual_ascii_control	24	final_prompt_token	1.9212225675582886	0.11981890439153386	0.5507246376811594
recipe_neutral	visual_ascii_control	24	generated_token_1	1.7251417636871338	0.07679283182329555	0.5074626865671642
recipe_neutral	visual_ascii_control	24	generated_token_8	5.548611640930176	0.632777285499561	0.9795918367346939
recipe_neutral	visual_ascii_control	24	generated_token_16	5.562475204467773	0.5456234699412248	0.9795918367346939
recipe_neutral	visual_ascii_control	24	generated_token_32	5.655414581298828	0.7056539134349702	0.98989898989899
recipe_neutral	visual_ascii_control	24	generated_token_64	5.276969909667969	0.5828667938838851	0.9690721649484536
recipe_neutral	visual_ascii_control	25	final_prompt_token	2.1232125759124756	0.12502802712172068	0.46153846153846156
recipe_neutral	visual_ascii_control	25	generated_token_1	1.7752134799957275	0.07287842060656546	0.48484848484848486
recipe_neutral	visual_ascii_control	25	generated_token_8	5.6613287925720215	0.6319126968398162	0.9690721649484536
recipe_neutral	visual_ascii_control	25	generated_token_16	5.9932541847229	0.5703795900920274	0.9690721649484536
recipe_neutral	visual_ascii_control	25	generated_token_32	5.978257656097412	0.6887769315093066	0.9795918367346939
recipe_neutral	visual_ascii_control	25	generated_token_64	5.475748538970947	0.5204900475553873	0.9690721649484536
recipe_neutral	visual_ascii_control	26	final_prompt_token	2.3447625637054443	0.12246922981272856	0.5507246376811594
recipe_neutral	visual_ascii_control	26	generated_token_1	1.8016198873519897	0.05725678426706848	0.46153846153846156
recipe_neutral	visual_ascii_control	26	generated_token_8	5.861990928649902	0.5101614217052741	0.9795918367346939
recipe_neutral	visual_ascii_control	26	generated_token_16	6.319944858551025	0.4764144950360186	0.9795918367346939
recipe_neutral	visual_ascii_control	26	generated_token_32	6.365869998931885	0.6534211957290308	0.98989898989899
recipe_neutral	visual_ascii_control	26	generated_token_64	5.553065776824951	0.4387264508887737	0.9690721649484536
recipe_neutral	unicode_nonletter_control	14	final_prompt_token	1.3983747959136963	0.06119281967317303	0.4126984126984127
recipe_neutral	unicode_nonletter_control	14	generated_token_1	1.5112013816833496	0.11089542361717941	0.5294117647058824
recipe_neutral	unicode_nonletter_control	14	generated_token_8	3.086554527282715	0.5664158352196667	0.9473684210526316
recipe_neutral	unicode_nonletter_control	14	generated_token_16	4.480747222900391	0.4535926137117594	0.9583333333333334
recipe_neutral	unicode_nonletter_control	14	generated_token_32	3.5886754989624023	0.583857817180282	1.0
recipe_neutral	unicode_nonletter_control	14	generated_token_64	3.5295469760894775	0.3499985118301484	0.9583333333333334
recipe_neutral	unicode_nonletter_control	15	final_prompt_token	1.2858787775039673	0.07910617576194445	0.4375
recipe_neutral	unicode_nonletter_control	15	generated_token_1	1.6995552778244019	0.11796982344581353	0.5074626865671642
recipe_neutral	unicode_nonletter_control	15	generated_token_8	3.388665199279785	0.6358518082594669	0.9361702127659575
recipe_neutral	unicode_nonletter_control	15	generated_token_16	4.038492679595947	0.6291265646916848	0.9795918367346939
recipe_neutral	unicode_nonletter_control	15	generated_token_32	3.499863862991333	0.7099034252602892	0.9795918367346939
recipe_neutral	unicode_nonletter_control	15	generated_token_64	3.7013511657714844	0.5364402811875513	0.9130434782608696
recipe_neutral	unicode_nonletter_control	16	final_prompt_token	1.305823802947998	0.07942648627407045	0.3870967741935484
recipe_neutral	unicode_nonletter_control	16	generated_token_1	1.6417107582092285	0.10664748991830031	0.5507246376811594
recipe_neutral	unicode_nonletter_control	16	generated_token_8	3.5306878089904785	0.5562021614611552	0.9583333333333334
recipe_neutral	unicode_nonletter_control	16	generated_token_16	4.084228992462158	0.5972494436242904	0.9690721649484536
recipe_neutral	unicode_nonletter_control	16	generated_token_32	3.754992723464966	0.6643064850909987	0.98989898989899
recipe_neutral	unicode_nonletter_control	16	generated_token_64	4.045688152313232	0.5624309826577768	0.9795918367346939
recipe_neutral	unicode_nonletter_control	24	final_prompt_token	1.5123175382614136	0.07262552717494308	0.4375
recipe_neutral	unicode_nonletter_control	24	generated_token_1	1.7126483917236328	0.06601506340410379	0.5294117647058824
recipe_neutral	unicode_nonletter_control	24	generated_token_8	5.574169635772705	0.6062138893323028	0.98989898989899
recipe_neutral	unicode_nonletter_control	24	generated_token_16	5.705597877502441	0.6578931171168175	0.98989898989899
recipe_neutral	unicode_nonletter_control	24	generated_token_32	5.533727169036865	0.7309095649902855	0.98989898989899
recipe_neutral	unicode_nonletter_control	24	generated_token_64	5.181581974029541	0.5087960437358305	0.9361702127659575
recipe_neutral	unicode_nonletter_control	25	final_prompt_token	1.6101809740066528	0.070147606100323	0.46153846153846156
recipe_neutral	unicode_nonletter_control	25	generated_token_1	1.7397223711013794	0.06187478478301023	0.46153846153846156
recipe_neutral	unicode_nonletter_control	25	generated_token_8	5.692587852478027	0.6163137698379373	0.9690721649484536
recipe_neutral	unicode_nonletter_control	25	generated_token_16	5.970426082611084	0.6143225862468038	0.98989898989899
recipe_neutral	unicode_nonletter_control	25	generated_token_32	5.761323928833008	0.6872834821619467	0.98989898989899
recipe_neutral	unicode_nonletter_control	25	generated_token_64	5.746159076690674	0.5317423346251063	0.9583333333333334
recipe_neutral	unicode_nonletter_control	26	final_prompt_token	1.7893786430358887	0.06981838348634961	0.360655737704918
recipe_neutral	unicode_nonletter_control	26	generated_token_1	1.7791000604629517	0.048377376809585315	0.4375
recipe_neutral	unicode_nonletter_control	26	generated_token_8	5.9493021965026855	0.509187305122222	0.9690721649484536
recipe_neutral	unicode_nonletter_control	26	generated_token_16	6.553581714630127	0.5970569586699617	0.9795918367346939
recipe_neutral	unicode_nonletter_control	26	generated_token_32	6.2701029777526855	0.6340553083573777	0.98989898989899
recipe_neutral	unicode_nonletter_control	26	generated_token_64	5.618249416351318	0.3792298342567705	0.9361702127659575
recipe_neutral	semantic_shuffle_control	14	final_prompt_token	2.361668109893799	0.2875107486445152	0.8095238095238095
recipe_neutral	semantic_shuffle_control	14	generated_token_1	0.6370295882225037	0.03216461170527385	0.30508474576271183
recipe_neutral	semantic_shuffle_control	14	generated_token_8	0.18062378466129303	0.0017180774431975188	0.14814814814814814
recipe_neutral	semantic_shuffle_control	14	generated_token_16	0.3160691261291504	0.0015504041300756777	0.07692307692307687
recipe_neutral	semantic_shuffle_control	14	generated_token_32	3.4806783199310303	0.5608985514481607	0.9247311827956989
recipe_neutral	semantic_shuffle_control	14	generated_token_64	4.041755199432373	0.47444862297221213	1.0
recipe_neutral	semantic_shuffle_control	15	final_prompt_token	2.44911527633667	0.38309782574651774	0.75
recipe_neutral	semantic_shuffle_control	15	generated_token_1	0.6870966553688049	0.03440716602340499	0.27586206896551724
recipe_neutral	semantic_shuffle_control	15	generated_token_8	0.3370360732078552	0.005518762282618828	0.07692307692307687
recipe_neutral	semantic_shuffle_control	15	generated_token_16	0.3642670214176178	0.003775599921725159	0.18181818181818177
recipe_neutral	semantic_shuffle_control	15	generated_token_32	3.7332966327667236	0.6032104799787698	0.9690721649484536
recipe_neutral	semantic_shuffle_control	15	generated_token_64	4.0102009773254395	0.5818702995962203	0.9795918367346939
recipe_neutral	semantic_shuffle_control	16	final_prompt_token	2.593294382095337	0.4018284014337221	0.8095238095238095
recipe_neutral	semantic_shuffle_control	16	generated_token_1	0.7141808271408081	0.035398801066237495	0.360655737704918
recipe_neutral	semantic_shuffle_control	16	generated_token_8	0.37548449635505676	0.0054617110963738336	0.14814814814814814
recipe_neutral	semantic_shuffle_control	16	generated_token_16	0.3970333933830261	0.004408549408400186	0.14814814814814814
recipe_neutral	semantic_shuffle_control	16	generated_token_32	3.9765467643737793	0.5675748729748784	0.9247311827956989
recipe_neutral	semantic_shuffle_control	16	generated_token_64	4.356022357940674	0.596747400444241	0.9795918367346939
recipe_neutral	semantic_shuffle_control	24	final_prompt_token	3.733936071395874	0.39849216105279917	0.8636363636363636
recipe_neutral	semantic_shuffle_control	24	generated_token_1	0.9993801712989807	0.028868318308794882	0.33333333333333337
recipe_neutral	semantic_shuffle_control	24	generated_token_8	0.5557507276535034	0.005434045282787459	0.2142857142857143
recipe_neutral	semantic_shuffle_control	24	generated_token_16	0.556699275970459	0.004683075915107526	0.14814814814814814
recipe_neutral	semantic_shuffle_control	24	generated_token_32	5.84750509262085	0.5566890444712428	0.9247311827956989
recipe_neutral	semantic_shuffle_control	24	generated_token_64	5.6293206214904785	0.4675728370262011	0.9361702127659575
recipe_neutral	semantic_shuffle_control	25	final_prompt_token	3.9347140789031982	0.3886191293049408	0.8636363636363636
recipe_neutral	semantic_shuffle_control	25	generated_token_1	1.065627932548523	0.029499682272848937	0.33333333333333337
recipe_neutral	semantic_shuffle_control	25	generated_token_8	0.5726278424263	0.005558237948620981	0.1132075471698113
recipe_neutral	semantic_shuffle_control	25	generated_token_16	0.5879714488983154	0.004319991613398355	0.18181818181818177
recipe_neutral	semantic_shuffle_control	25	generated_token_32	5.881171226501465	0.5384111770995343	0.9361702127659575
recipe_neutral	semantic_shuffle_control	25	generated_token_64	5.788534641265869	0.4522676833354593	0.9361702127659575
recipe_neutral	semantic_shuffle_control	26	final_prompt_token	4.450573921203613	0.40243276966104224	0.9130434782608696
recipe_neutral	semantic_shuffle_control	26	generated_token_1	1.0705722570419312	0.022692665925801547	0.3870967741935484
recipe_neutral	semantic_shuffle_control	26	generated_token_8	0.5719329118728638	0.003969437231286399	0.1132075471698113
recipe_neutral	semantic_shuffle_control	26	generated_token_16	0.6134414672851562	0.003596329173435664	0.14814814814814814
recipe_neutral	semantic_shuffle_control	26	generated_token_32	6.219452857971191	0.4925430926974014	0.9361702127659575
recipe_neutral	semantic_shuffle_control	26	generated_token_64	6.0190911293029785	0.36822370421597383	0.9361702127659575
recipe_neutral	d_dot_high_impact_control	14	final_prompt_token	0.8863030076026917	0.02494863517707613	0.33333333333333337
recipe_neutral	d_dot_high_impact_control	14	generated_token_1	0.9563899040222168	0.05538640902742076	0.4375
recipe_neutral	d_dot_high_impact_control	14	generated_token_8	3.3061163425445557	0.6109041829282975	0.9690721649484536
recipe_neutral	d_dot_high_impact_control	14	generated_token_16	4.1734771728515625	0.34335818605120616	0.9130434782608696
recipe_neutral	d_dot_high_impact_control	14	generated_token_32	3.4878389835357666	0.5788931406931432	1.0
recipe_neutral	d_dot_high_impact_control	14	generated_token_64	4.025527477264404	0.49895572319636905	0.98989898989899
recipe_neutral	d_dot_high_impact_control	15	final_prompt_token	0.7752839922904968	0.029770344920050484	0.18181818181818177
recipe_neutral	d_dot_high_impact_control	15	generated_token_1	1.0667412281036377	0.059094451371364265	0.48484848484848486
recipe_neutral	d_dot_high_impact_control	15	generated_token_8	3.6077845096588135	0.671495903857245	0.9361702127659575
recipe_neutral	d_dot_high_impact_control	15	generated_token_16	4.068745136260986	0.5145542384746986	0.9361702127659575
recipe_neutral	d_dot_high_impact_control	15	generated_token_32	3.4125189781188965	0.6982685208640607	0.98989898989899
recipe_neutral	d_dot_high_impact_control	15	generated_token_64	3.894876480102539	0.6576134284057602	0.9690721649484536
recipe_neutral	d_dot_high_impact_control	16	final_prompt_token	0.7768905162811279	0.029720184515287573	0.24561403508771928
recipe_neutral	d_dot_high_impact_control	16	generated_token_1	1.0324592590332031	0.05380124688997967	0.4375
recipe_neutral	d_dot_high_impact_control	16	generated_token_8	3.7655911445617676	0.6026208986994896	0.9690721649484536
recipe_neutral	d_dot_high_impact_control	16	generated_token_16	4.381256580352783	0.5426702938689648	0.9473684210526316
recipe_neutral	d_dot_high_impact_control	16	generated_token_32	3.5744876861572266	0.700820181757462	0.98989898989899
recipe_neutral	d_dot_high_impact_control	16	generated_token_64	4.187180995941162	0.6605161235240916	0.9795918367346939
recipe_neutral	d_dot_high_impact_control	24	final_prompt_token	0.8264909982681274	0.021435550219580324	0.2142857142857143
recipe_neutral	d_dot_high_impact_control	24	generated_token_1	1.076767921447754	0.028047355296146104	0.360655737704918
recipe_neutral	d_dot_high_impact_control	24	generated_token_8	5.567591667175293	0.6363830954900327	0.9795918367346939
recipe_neutral	d_dot_high_impact_control	24	generated_token_16	5.869180202484131	0.5640967952965024	0.98989898989899
recipe_neutral	d_dot_high_impact_control	24	generated_token_32	5.762302875518799	0.7461585461475464	1.0
recipe_neutral	d_dot_high_impact_control	24	generated_token_64	5.589349269866943	0.6483688239133464	0.9795918367346939
recipe_neutral	d_dot_high_impact_control	25	final_prompt_token	0.8590922355651855	0.019532186128241924	0.14814814814814814
recipe_neutral	d_dot_high_impact_control	25	generated_token_1	1.0921807289123535	0.02551758155158368	0.360655737704918
recipe_neutral	d_dot_high_impact_control	25	generated_token_8	5.732046127319336	0.6488981350195524	0.9690721649484536
recipe_neutral	d_dot_high_impact_control	25	generated_token_16	6.253259658813477	0.5562792297450884	0.9690721649484536
recipe_neutral	d_dot_high_impact_control	25	generated_token_32	5.937255382537842	0.7182290356743484	0.98989898989899
recipe_neutral	d_dot_high_impact_control	25	generated_token_64	5.791123867034912	0.5676772113098969	0.9583333333333334
recipe_neutral	d_dot_high_impact_control	26	final_prompt_token	0.8844887614250183	0.01653938311859693	0.30508474576271183
recipe_neutral	d_dot_high_impact_control	26	generated_token_1	1.0800352096557617	0.01877828140895965	0.30508474576271183
recipe_neutral	d_dot_high_impact_control	26	generated_token_8	5.942758083343506	0.5291605972208056	0.9690721649484536
recipe_neutral	d_dot_high_impact_control	26	generated_token_16	6.426536560058594	0.4427549768587269	0.9690721649484536
recipe_neutral	d_dot_high_impact_control	26	generated_token_32	6.407557487487793	0.6511631843787029	0.98989898989899
recipe_neutral	d_dot_high_impact_control	26	generated_token_64	6.056790351867676	0.5170103340195258	0.9690721649484536
recipe_metaphysics	light_global_mixed	14	final_prompt_token	1.3392173051834106	0.05552961453456273	0.4375
recipe_metaphysics	light_global_mixed	14	generated_token_1	1.0940492153167725	0.07458868152511611	0.5915492957746479
recipe_metaphysics	light_global_mixed	14	generated_token_8	0.5197637677192688	0.011938834318626523	0.18181818181818177
recipe_metaphysics	light_global_mixed	14	generated_token_16	0.8039177656173706	0.021553764740699144	0.4126984126984127
recipe_metaphysics	light_global_mixed	14	generated_token_32	4.10560417175293	0.5372927754598029	0.98989898989899
recipe_metaphysics	light_global_mixed	14	generated_token_64	2.990917205810547	0.36245358757081203	0.9247311827956989
recipe_metaphysics	light_global_mixed	15	final_prompt_token	1.395552158355713	0.08804525826571186	0.4375
recipe_metaphysics	light_global_mixed	15	generated_token_1	1.2677549123764038	0.09802922800089386	0.5714285714285714
recipe_metaphysics	light_global_mixed	15	generated_token_8	0.6189135313034058	0.016731647180891485	0.14814814814814814
recipe_metaphysics	light_global_mixed	15	generated_token_16	0.9369636178016663	0.038191312112180964	0.46153846153846156
recipe_metaphysics	light_global_mixed	15	generated_token_32	4.335731029510498	0.6154391514849169	0.9795918367346939
recipe_metaphysics	light_global_mixed	15	generated_token_64	3.262110710144043	0.46956198958605555	0.9583333333333334
recipe_metaphysics	light_global_mixed	16	final_prompt_token	1.4409373998641968	0.09114334987891559	0.46153846153846156
recipe_metaphysics	light_global_mixed	16	generated_token_1	1.3035988807678223	0.09839149147541393	0.5294117647058824
recipe_metaphysics	light_global_mixed	16	generated_token_8	0.631869912147522	0.014013224206750774	0.18181818181818177
recipe_metaphysics	light_global_mixed	16	generated_token_16	0.9765412211418152	0.03835957588421901	0.3870967741935484
recipe_metaphysics	light_global_mixed	16	generated_token_32	4.629730701446533	0.5836124931349936	0.9795918367346939
recipe_metaphysics	light_global_mixed	16	generated_token_64	3.4646694660186768	0.46567448876572437	0.9690721649484536
recipe_metaphysics	light_global_mixed	24	final_prompt_token	1.7966222763061523	0.0860759191198669	0.48484848484848486
recipe_metaphysics	light_global_mixed	24	generated_token_1	1.9237104654312134	0.1015986432866186	0.5294117647058824
recipe_metaphysics	light_global_mixed	24	generated_token_8	1.0588557720184326	0.017144841158925672	0.24561403508771928
recipe_metaphysics	light_global_mixed	24	generated_token_16	1.252162218093872	0.023869454616018193	0.360655737704918
recipe_metaphysics	light_global_mixed	24	generated_token_32	6.404115676879883	0.5031965841723157	0.9795918367346939
recipe_metaphysics	light_global_mixed	24	generated_token_64	5.133843421936035	0.4848227758867749	0.9690721649484536
recipe_metaphysics	light_global_mixed	25	final_prompt_token	1.9444093704223633	0.08878594880499302	0.48484848484848486
recipe_metaphysics	light_global_mixed	25	generated_token_1	1.9600701332092285	0.09513913114348305	0.5294117647058824
recipe_metaphysics	light_global_mixed	25	generated_token_8	1.074070692062378	0.017275770174294824	0.2142857142857143
recipe_metaphysics	light_global_mixed	25	generated_token_16	1.3087114095687866	0.026323865600419105	0.4126984126984127
recipe_metaphysics	light_global_mixed	25	generated_token_32	6.564932346343994	0.5307764450224712	0.9583333333333334
recipe_metaphysics	light_global_mixed	25	generated_token_64	5.4732818603515625	0.4999920011608603	0.9583333333333334
recipe_metaphysics	light_global_mixed	26	final_prompt_token	2.0752151012420654	0.07221890885164561	0.5507246376811594
recipe_metaphysics	light_global_mixed	26	generated_token_1	1.9972635507583618	0.07574580835959499	0.5714285714285714
recipe_metaphysics	light_global_mixed	26	generated_token_8	1.0674254894256592	0.011900091101756938	0.2142857142857143
recipe_metaphysics	light_global_mixed	26	generated_token_16	1.297587275505066	0.018471525879948603	0.4126984126984127
recipe_metaphysics	light_global_mixed	26	generated_token_32	6.650113105773926	0.4485638889570679	0.9795918367346939
recipe_metaphysics	light_global_mixed	26	generated_token_64	5.622890949249268	0.41297619049575807	0.9795918367346939
recipe_metaphysics	light_high_impact_mixed	14	final_prompt_token	0.8591063022613525	0.024761997165437255	0.30508474576271183
recipe_metaphysics	light_high_impact_mixed	14	generated_token_1	0.8434614539146423	0.04513885314025312	0.3870967741935484
recipe_metaphysics	light_high_impact_mixed	14	generated_token_8	0.40422990918159485	0.006741483444513197	0.14814814814814814
recipe_metaphysics	light_high_impact_mixed	14	generated_token_16	0.8594397306442261	0.026728914694407746	0.46153846153846156
recipe_metaphysics	light_high_impact_mixed	14	generated_token_32	3.6913821697235107	0.5152477477326189	0.9583333333333334
recipe_metaphysics	light_high_impact_mixed	14	generated_token_64	3.709954261779785	0.38845031450517886	0.9583333333333334
recipe_metaphysics	light_high_impact_mixed	15	final_prompt_token	0.9373336434364319	0.041884396663043555	0.27586206896551724
recipe_metaphysics	light_high_impact_mixed	15	generated_token_1	0.9380944967269897	0.05963012511762966	0.4126984126984127
recipe_metaphysics	light_high_impact_mixed	15	generated_token_8	0.5182356238365173	0.011187723262273908	0.2142857142857143
recipe_metaphysics	light_high_impact_mixed	15	generated_token_16	0.9945616126060486	0.044491831561866535	0.46153846153846156
recipe_metaphysics	light_high_impact_mixed	15	generated_token_32	4.076440334320068	0.5792985845434915	0.9690721649484536
recipe_metaphysics	light_high_impact_mixed	15	generated_token_64	4.15758752822876	0.5345297394601642	0.9690721649484536
recipe_metaphysics	light_high_impact_mixed	16	final_prompt_token	0.9618363976478577	0.04246159442482966	0.3870967741935484
recipe_metaphysics	light_high_impact_mixed	16	generated_token_1	0.9979607462882996	0.06337651665126409	0.5074626865671642
recipe_metaphysics	light_high_impact_mixed	16	generated_token_8	0.5193195939064026	0.008966536184603413	0.27586206896551724
recipe_metaphysics	light_high_impact_mixed	16	generated_token_16	1.0435829162597656	0.04597603121294169	0.3870967741935484
recipe_metaphysics	light_high_impact_mixed	16	generated_token_32	4.233016014099121	0.5325859461864587	0.9583333333333334
recipe_metaphysics	light_high_impact_mixed	16	generated_token_64	4.397825241088867	0.5487285731710472	0.9473684210526316
recipe_metaphysics	light_high_impact_mixed	24	final_prompt_token	1.1365801095962524	0.03341717787184506	0.2142857142857143
recipe_metaphysics	light_high_impact_mixed	24	generated_token_1	1.2918254137039185	0.053799399816605975	0.30508474576271183
recipe_metaphysics	light_high_impact_mixed	24	generated_token_8	0.9003860354423523	0.012358008788214248	0.2142857142857143
recipe_metaphysics	light_high_impact_mixed	24	generated_token_16	1.4641999006271362	0.03256091102431102	0.4126984126984127
recipe_metaphysics	light_high_impact_mixed	24	generated_token_32	6.245423793792725	0.5086118423721339	0.9473684210526316
recipe_metaphysics	light_high_impact_mixed	24	generated_token_64	5.9566731452941895	0.4956510550292377	0.9473684210526316
recipe_metaphysics	light_high_impact_mixed	25	final_prompt_token	1.2080057859420776	0.033074291709339954	0.33333333333333337
recipe_metaphysics	light_high_impact_mixed	25	generated_token_1	1.315018653869629	0.049803166837345314	0.4126984126984127
recipe_metaphysics	light_high_impact_mixed	25	generated_token_8	0.9829403162002563	0.014439129873355938	0.30508474576271183
recipe_metaphysics	light_high_impact_mixed	25	generated_token_16	1.5562150478363037	0.03736086834539354	0.5074626865671642
recipe_metaphysics	light_high_impact_mixed	25	generated_token_32	6.406827449798584	0.5332101641012299	0.9690721649484536
recipe_metaphysics	light_high_impact_mixed	25	generated_token_64	6.156825542449951	0.5012041971330998	0.9473684210526316
recipe_metaphysics	light_high_impact_mixed	26	final_prompt_token	1.276824712753296	0.026638306873957296	0.33333333333333337
recipe_metaphysics	light_high_impact_mixed	26	generated_token_1	1.3462395668029785	0.039837882324437746	0.3870967741935484
recipe_metaphysics	light_high_impact_mixed	26	generated_token_8	1.0025429725646973	0.01041925877190475	0.27586206896551724
recipe_metaphysics	light_high_impact_mixed	26	generated_token_16	1.512192726135254	0.025257985498742253	0.46153846153846156
recipe_metaphysics	light_high_impact_mixed	26	generated_token_32	6.559396743774414	0.4741901539443908	0.9690721649484536
recipe_metaphysics	light_high_impact_mixed	26	generated_token_64	6.150360107421875	0.4128334448408597	0.9247311827956989
recipe_metaphysics	dcedilla_shuffled_light	14	final_prompt_token	0.8430580496788025	0.019580380244378026	0.24561403508771928
recipe_metaphysics	dcedilla_shuffled_light	14	generated_token_1	0.923536479473114	0.04412988845593524	0.46153846153846156
recipe_metaphysics	dcedilla_shuffled_light	14	generated_token_8	0.21631976962089539	0.0020360846558956647	0.1132075471698113
recipe_metaphysics	dcedilla_shuffled_light	14	generated_token_16	0.31298768520355225	0.003576893044415219	0.2142857142857143
recipe_metaphysics	dcedilla_shuffled_light	14	generated_token_32	3.6323533058166504	0.5347057296588348	0.9583333333333334
recipe_metaphysics	dcedilla_shuffled_light	14	generated_token_64	3.0455877780914307	0.2586613593565631	0.9247311827956989
recipe_metaphysics	dcedilla_shuffled_light	15	final_prompt_token	0.8823609352111816	0.033756470325411736	0.30508474576271183
recipe_metaphysics	dcedilla_shuffled_light	15	generated_token_1	1.1072653532028198	0.06207392152639046	0.46153846153846156
recipe_metaphysics	dcedilla_shuffled_light	15	generated_token_8	0.35353997349739075	0.005268229945052605	0.1132075471698113
recipe_metaphysics	dcedilla_shuffled_light	15	generated_token_16	0.39428722858428955	0.007023387518203306	0.2142857142857143
recipe_metaphysics	dcedilla_shuffled_light	15	generated_token_32	3.9354255199432373	0.5945677433254823	0.9795918367346939
recipe_metaphysics	dcedilla_shuffled_light	15	generated_token_64	3.4999096393585205	0.4438930236468406	0.9010989010989011
recipe_metaphysics	dcedilla_shuffled_light	16	final_prompt_token	0.9017048478126526	0.03445392368698619	0.3870967741935484
recipe_metaphysics	dcedilla_shuffled_light	16	generated_token_1	1.1481906175613403	0.06427152283683513	0.46153846153846156
recipe_metaphysics	dcedilla_shuffled_light	16	generated_token_8	0.3453886806964874	0.004061837809626434	0.07692307692307687
recipe_metaphysics	dcedilla_shuffled_light	16	generated_token_16	0.41843727231025696	0.007403614354709487	0.27586206896551724
recipe_metaphysics	dcedilla_shuffled_light	16	generated_token_32	4.09613561630249	0.5253341193734405	0.9795918367346939
recipe_metaphysics	dcedilla_shuffled_light	16	generated_token_64	3.7096445560455322	0.47671062697732214	0.9473684210526316
recipe_metaphysics	dcedilla_shuffled_light	24	final_prompt_token	1.0881781578063965	0.030840591130675832	0.30508474576271183
recipe_metaphysics	dcedilla_shuffled_light	24	generated_token_1	1.5644720792770386	0.06411426358530559	0.48484848484848486
recipe_metaphysics	dcedilla_shuffled_light	24	generated_token_8	0.509916365146637	0.003969150615095174	0.14814814814814814
recipe_metaphysics	dcedilla_shuffled_light	24	generated_token_16	0.714512050151825	0.0076786892847592325	0.27586206896551724
recipe_metaphysics	dcedilla_shuffled_light	24	generated_token_32	6.1781487464904785	0.5609504300561983	0.98989898989899
recipe_metaphysics	dcedilla_shuffled_light	24	generated_token_64	5.265740871429443	0.43248982674627323	0.9583333333333334
recipe_metaphysics	dcedilla_shuffled_light	25	final_prompt_token	1.1417560577392578	0.029738800379403796	0.360655737704918
recipe_metaphysics	dcedilla_shuffled_light	25	generated_token_1	1.5925110578536987	0.05931554229332059	0.4375
recipe_metaphysics	dcedilla_shuffled_light	25	generated_token_8	0.5225934386253357	0.004065030580647999	0.18181818181818177
recipe_metaphysics	dcedilla_shuffled_light	25	generated_token_16	0.7474930882453918	0.008468940104219502	0.18181818181818177
recipe_metaphysics	dcedilla_shuffled_light	25	generated_token_32	6.326900959014893	0.5658023216330428	0.9690721649484536
recipe_metaphysics	dcedilla_shuffled_light	25	generated_token_64	5.571266174316406	0.4489817010453697	0.9473684210526316
recipe_metaphysics	dcedilla_shuffled_light	26	final_prompt_token	1.2024229764938354	0.02380570961567119	0.33333333333333337
recipe_metaphysics	dcedilla_shuffled_light	26	generated_token_1	1.6112490892410278	0.04674695545335583	0.4375
recipe_metaphysics	dcedilla_shuffled_light	26	generated_token_8	0.5103641748428345	0.002712119252765377	0.1132075471698113
recipe_metaphysics	dcedilla_shuffled_light	26	generated_token_16	0.7368251085281372	0.006012610004554886	0.360655737704918
recipe_metaphysics	dcedilla_shuffled_light	26	generated_token_32	6.693694591522217	0.5471602534857585	0.98989898989899
recipe_metaphysics	dcedilla_shuffled_light	26	generated_token_64	5.686864852905273	0.34390653982354946	0.9473684210526316
recipe_metaphysics	dcedilla_high_impact	14	final_prompt_token	0.6052908301353455	0.010826667888489738	0.18181818181818177
recipe_metaphysics	dcedilla_high_impact	14	generated_token_1	0.7669554948806763	0.032166835559012674	0.4126984126984127
recipe_metaphysics	dcedilla_high_impact	14	generated_token_8	0.157871812582016	0.0011147363655396036	0.07692307692307687
recipe_metaphysics	dcedilla_high_impact	14	generated_token_16	0.29734259843826294	0.003222838474109313	0.18181818181818177
recipe_metaphysics	dcedilla_high_impact	14	generated_token_32	3.6337084770202637	0.5335211284828256	0.9690721649484536
recipe_metaphysics	dcedilla_high_impact	14	generated_token_64	3.7118747234344482	0.4444815418163587	0.9583333333333334
recipe_metaphysics	dcedilla_high_impact	15	final_prompt_token	0.6785484552383423	0.020923261562090345	0.24561403508771928
recipe_metaphysics	dcedilla_high_impact	15	generated_token_1	0.9159106612205505	0.0467839311225714	0.46153846153846156
recipe_metaphysics	dcedilla_high_impact	15	generated_token_8	0.28059160709381104	0.003318597018313607	0.039215686274509776
recipe_metaphysics	dcedilla_high_impact	15	generated_token_16	0.3569912314414978	0.005726923625133495	0.14814814814814814
recipe_metaphysics	dcedilla_high_impact	15	generated_token_32	3.918579578399658	0.5923159710114649	0.9795918367346939
recipe_metaphysics	dcedilla_high_impact	15	generated_token_64	4.0933380126953125	0.5631420558226952	0.9795918367346939
recipe_metaphysics	dcedilla_high_impact	16	final_prompt_token	0.6896481513977051	0.02086487695727346	0.33333333333333337
recipe_metaphysics	dcedilla_high_impact	16	generated_token_1	0.9845592379570007	0.05129440935244334	0.4375
recipe_metaphysics	dcedilla_high_impact	16	generated_token_8	0.27423638105392456	0.002536703530903739	0.1132075471698113
recipe_metaphysics	dcedilla_high_impact	16	generated_token_16	0.3886888921260834	0.006307087006219181	0.18181818181818177
recipe_metaphysics	dcedilla_high_impact	16	generated_token_32	4.069378852844238	0.522800246887303	0.9795918367346939
recipe_metaphysics	dcedilla_high_impact	16	generated_token_64	4.245458602905273	0.5615209752151465	0.9690721649484536
recipe_metaphysics	dcedilla_high_impact	24	final_prompt_token	0.8835003972053528	0.01999734119546359	0.33333333333333337
recipe_metaphysics	dcedilla_high_impact	24	generated_token_1	1.4235879182815552	0.055984186319039675	0.46153846153846156
recipe_metaphysics	dcedilla_high_impact	24	generated_token_8	0.42788681387901306	0.0027889274968802003	0.14814814814814814
recipe_metaphysics	dcedilla_high_impact	24	generated_token_16	0.7172066569328308	0.007647633420535982	0.30508474576271183
recipe_metaphysics	dcedilla_high_impact	24	generated_token_32	6.15996789932251	0.5595636464154775	0.98989898989899
recipe_metaphysics	dcedilla_high_impact	24	generated_token_64	6.047862529754639	0.5155393689339224	0.9583333333333334
recipe_metaphysics	dcedilla_high_impact	25	final_prompt_token	0.9496278762817383	0.020220952184520802	0.24561403508771928
recipe_metaphysics	dcedilla_high_impact	25	generated_token_1	1.4589558839797974	0.052037245878994276	0.46153846153846156
recipe_metaphysics	dcedilla_high_impact	25	generated_token_8	0.4332466721534729	0.0027896611646976988	0.14814814814814814
recipe_metaphysics	dcedilla_high_impact	25	generated_token_16	0.7463937997817993	0.008309114626366298	0.14814814814814814
recipe_metaphysics	dcedilla_high_impact	25	generated_token_32	6.303852558135986	0.5640696621185588	0.9690721649484536
recipe_metaphysics	dcedilla_high_impact	25	generated_token_64	6.374732494354248	0.5387908265536148	0.9583333333333334
recipe_metaphysics	dcedilla_high_impact	26	final_prompt_token	0.9974741339683533	0.016287472228057265	0.24561403508771928
recipe_metaphysics	dcedilla_high_impact	26	generated_token_1	1.5135822296142578	0.041530668441111196	0.4126984126984127
recipe_metaphysics	dcedilla_high_impact	26	generated_token_8	0.4210476279258728	0.0018432175692948416	0.07692307692307687
recipe_metaphysics	dcedilla_high_impact	26	generated_token_16	0.7332099676132202	0.005913542829238616	0.33333333333333337
recipe_metaphysics	dcedilla_high_impact	26	generated_token_32	6.665459156036377	0.543973808362391	0.98989898989899
recipe_metaphysics	dcedilla_high_impact	26	generated_token_64	6.470137596130371	0.42382296083092075	0.9583333333333334
recipe_metaphysics	dense_global_mixed	14	final_prompt_token	2.5513365268707275	0.24816535447364918	0.7951807228915663
recipe_metaphysics	dense_global_mixed	14	generated_token_1	1.9037312269210815	0.2163303012470278	0.75
recipe_metaphysics	dense_global_mixed	14	generated_token_8	3.1013026237487793	0.5301265336124992	0.9361702127659575
recipe_metaphysics	dense_global_mixed	14	generated_token_16	3.2561116218566895	0.44304694893874064	0.9690721649484536
recipe_metaphysics	dense_global_mixed	14	generated_token_32	3.4415524005889893	0.48385566827520243	0.9795918367346939
recipe_metaphysics	dense_global_mixed	14	generated_token_64	4.146974086761475	0.5240157920404137	0.98989898989899
recipe_metaphysics	dense_global_mixed	15	final_prompt_token	2.5519115924835205	0.36396995505113716	0.8372093023255813
recipe_metaphysics	dense_global_mixed	15	generated_token_1	2.073490858078003	0.32339372217626083	0.7654320987654322
recipe_metaphysics	dense_global_mixed	15	generated_token_8	3.462615966796875	0.6338278296375985	0.9473684210526316
recipe_metaphysics	dense_global_mixed	15	generated_token_16	3.4410951137542725	0.5415203248298444	0.98989898989899
recipe_metaphysics	dense_global_mixed	15	generated_token_32	3.6303062438964844	0.5256514882351442	0.9690721649484536
recipe_metaphysics	dense_global_mixed	15	generated_token_64	4.488923072814941	0.6442432131946833	0.98989898989899
recipe_metaphysics	dense_global_mixed	16	final_prompt_token	2.5906271934509277	0.35073622909980384	0.7012987012987013
recipe_metaphysics	dense_global_mixed	16	generated_token_1	2.0471198558807373	0.2906591122667419	0.7654320987654322
recipe_metaphysics	dense_global_mixed	16	generated_token_8	3.6146347522735596	0.5655898866013265	0.9473684210526316
recipe_metaphysics	dense_global_mixed	16	generated_token_16	3.502889633178711	0.47204025621538104	0.9690721649484536
recipe_metaphysics	dense_global_mixed	16	generated_token_32	3.7966065406799316	0.46117801877181996	0.9473684210526316
recipe_metaphysics	dense_global_mixed	16	generated_token_64	4.612758636474609	0.6164346026087206	0.9795918367346939
recipe_metaphysics	dense_global_mixed	24	final_prompt_token	3.022047758102417	0.2660125851866174	0.7341772151898734
recipe_metaphysics	dense_global_mixed	24	generated_token_1	2.4246551990509033	0.20613331252926725	0.75
recipe_metaphysics	dense_global_mixed	24	generated_token_8	5.354805946350098	0.5508078019069884	0.9795918367346939
recipe_metaphysics	dense_global_mixed	24	generated_token_16	5.1991801261901855	0.4211490522654281	0.9795918367346939
recipe_metaphysics	dense_global_mixed	24	generated_token_32	6.303815841674805	0.5102629430653894	0.9795918367346939
recipe_metaphysics	dense_global_mixed	24	generated_token_64	6.420787811279297	0.5918486028792045	0.9795918367346939
recipe_metaphysics	dense_global_mixed	25	final_prompt_token	3.2086193561553955	0.26081430340537026	0.7012987012987013
recipe_metaphysics	dense_global_mixed	25	generated_token_1	2.4800751209259033	0.18850978144087427	0.6301369863013699
recipe_metaphysics	dense_global_mixed	25	generated_token_8	5.496417999267578	0.5613838287570153	0.9583333333333334
recipe_metaphysics	dense_global_mixed	25	generated_token_16	5.493534564971924	0.4522652593397467	0.9473684210526316
recipe_metaphysics	dense_global_mixed	25	generated_token_32	6.461061000823975	0.5469097924045687	0.9690721649484536
recipe_metaphysics	dense_global_mixed	25	generated_token_64	6.745453834533691	0.5908130461062537	0.9690721649484536
recipe_metaphysics	dense_global_mixed	26	final_prompt_token	3.417768955230713	0.2104455143216638	0.717948717948718
recipe_metaphysics	dense_global_mixed	26	generated_token_1	2.5461268424987793	0.1529294380474573	0.6486486486486487
recipe_metaphysics	dense_global_mixed	26	generated_token_8	5.959550380706787	0.4853685622889413	0.9583333333333334
recipe_metaphysics	dense_global_mixed	26	generated_token_16	5.554826736450195	0.34883512831953145	0.9795918367346939
recipe_metaphysics	dense_global_mixed	26	generated_token_32	6.556899070739746	0.4536325418659748	0.9690721649484536
recipe_metaphysics	dense_global_mixed	26	generated_token_64	6.808643817901611	0.4785316959202519	0.9690721649484536
recipe_metaphysics	dense_dcedilla_all	14	final_prompt_token	1.0535333156585693	0.03894736748269034	0.4126984126984127
recipe_metaphysics	dense_dcedilla_all	14	generated_token_1	0.9844250679016113	0.05513323520136171	0.5074626865671642
recipe_metaphysics	dense_dcedilla_all	14	generated_token_8	0.3023815155029297	0.004008135951124703	0.14814814814814814
recipe_metaphysics	dense_dcedilla_all	14	generated_token_16	0.4070991575717926	0.006034167214339914	0.2142857142857143
recipe_metaphysics	dense_dcedilla_all	14	generated_token_32	3.6246602535247803	0.5304517221081646	0.9690721649484536
recipe_metaphysics	dense_dcedilla_all	14	generated_token_64	3.5070066452026367	0.379781398571985	0.9010989010989011
recipe_metaphysics	dense_dcedilla_all	15	final_prompt_token	1.1289561986923218	0.06281369685442761	0.27586206896551724
recipe_metaphysics	dense_dcedilla_all	15	generated_token_1	1.1370787620544434	0.07341328700539962	0.5507246376811594
recipe_metaphysics	dense_dcedilla_all	15	generated_token_8	0.43870359659194946	0.008208953105214523	0.07692307692307687
recipe_metaphysics	dense_dcedilla_all	15	generated_token_16	0.5131828784942627	0.011919920913977422	0.27586206896551724
recipe_metaphysics	dense_dcedilla_all	15	generated_token_32	3.9365456104278564	0.5945500683326106	0.98989898989899
recipe_metaphysics	dense_dcedilla_all	15	generated_token_64	3.8361246585845947	0.5040691572747156	0.9473684210526316
recipe_metaphysics	dense_dcedilla_all	16	final_prompt_token	1.1340408325195312	0.05970665764543859	0.4375
recipe_metaphysics	dense_dcedilla_all	16	generated_token_1	1.1869291067123413	0.07639874109182498	0.5507246376811594
recipe_metaphysics	dense_dcedilla_all	16	generated_token_8	0.4353106915950775	0.00650107641872566	0.14814814814814814
recipe_metaphysics	dense_dcedilla_all	16	generated_token_16	0.5607969760894775	0.013173579534487168	0.33333333333333337
recipe_metaphysics	dense_dcedilla_all	16	generated_token_32	4.105025768280029	0.5267867867900986	0.9795918367346939
recipe_metaphysics	dense_dcedilla_all	16	generated_token_64	3.9493236541748047	0.5158348067821252	0.9130434782608696
recipe_metaphysics	dense_dcedilla_all	24	final_prompt_token	1.4358116388320923	0.053595035779593014	0.33333333333333337
recipe_metaphysics	dense_dcedilla_all	24	generated_token_1	1.5357775688171387	0.06519940470326901	0.360655737704918
recipe_metaphysics	dense_dcedilla_all	24	generated_token_8	0.6376385688781738	0.006200187523307643	0.2142857142857143
recipe_metaphysics	dense_dcedilla_all	24	generated_token_16	0.8862619400024414	0.011776776442653403	0.30508474576271183
recipe_metaphysics	dense_dcedilla_all	24	generated_token_32	6.138105869293213	0.5587081292055297	0.98989898989899
recipe_metaphysics	dense_dcedilla_all	24	generated_token_64	5.825153827667236	0.47019396257568713	0.9361702127659575
recipe_metaphysics	dense_dcedilla_all	25	final_prompt_token	1.540444016456604	0.05410024531706914	0.33333333333333337
recipe_metaphysics	dense_dcedilla_all	25	generated_token_1	1.5698448419570923	0.060559382987394716	0.4375
recipe_metaphysics	dense_dcedilla_all	25	generated_token_8	0.649254322052002	0.006271842892049739	0.1132075471698113
recipe_metaphysics	dense_dcedilla_all	25	generated_token_16	0.9257271885871887	0.013018373805301353	0.18181818181818177
recipe_metaphysics	dense_dcedilla_all	25	generated_token_32	6.284848690032959	0.5647922207507785	0.9690721649484536
recipe_metaphysics	dense_dcedilla_all	25	generated_token_64	6.132596492767334	0.47556286850937435	0.9247311827956989
recipe_metaphysics	dense_dcedilla_all	26	final_prompt_token	1.6408705711364746	0.043272502277376	0.5074626865671642
recipe_metaphysics	dense_dcedilla_all	26	generated_token_1	1.634363055229187	0.049848007171184316	0.4126984126984127
recipe_metaphysics	dense_dcedilla_all	26	generated_token_8	0.6595134139060974	0.00453477075084141	0.14814814814814814
recipe_metaphysics	dense_dcedilla_all	26	generated_token_16	0.9000428915023804	0.008962078330935763	0.360655737704918
recipe_metaphysics	dense_dcedilla_all	26	generated_token_32	6.648988246917725	0.5427337997243643	0.98989898989899
recipe_metaphysics	dense_dcedilla_all	26	generated_token_64	6.259058475494385	0.41167266644687706	0.9473684210526316
recipe_metaphysics	token_count_matched_ascii_noise	14	final_prompt_token	1.5714424848556519	0.05275083855033169	0.48484848484848486
recipe_metaphysics	token_count_matched_ascii_noise	14	generated_token_1	1.1879878044128418	0.08844157672791553	0.5507246376811594
recipe_metaphysics	token_count_matched_ascii_noise	14	generated_token_8	4.471858024597168	0.6043403992513248	1.0
recipe_metaphysics	token_count_matched_ascii_noise	14	generated_token_16	3.1182315349578857	0.4429286576981095	0.98989898989899
recipe_metaphysics	token_count_matched_ascii_noise	14	generated_token_32	3.1797947883605957	0.5207869358191646	0.98989898989899
recipe_metaphysics	token_count_matched_ascii_noise	14	generated_token_64	3.3679354190826416	0.4830899103944615	1.0
recipe_metaphysics	token_count_matched_ascii_noise	15	final_prompt_token	1.5374032258987427	0.08659323967152421	0.48484848484848486
recipe_metaphysics	token_count_matched_ascii_noise	15	generated_token_1	1.3862261772155762	0.13067016005670806	0.5507246376811594
recipe_metaphysics	token_count_matched_ascii_noise	15	generated_token_8	4.577522277832031	0.7923020568459916	0.98989898989899
recipe_metaphysics	token_count_matched_ascii_noise	15	generated_token_16	3.245764970779419	0.5695173091835661	0.9795918367346939
recipe_metaphysics	token_count_matched_ascii_noise	15	generated_token_32	3.562180280685425	0.6009624760954089	1.0
recipe_metaphysics	token_count_matched_ascii_noise	15	generated_token_64	3.5926120281219482	0.5943758890352605	1.0
recipe_metaphysics	token_count_matched_ascii_noise	16	final_prompt_token	1.5317891836166382	0.08700587744598709	0.4126984126984127
recipe_metaphysics	token_count_matched_ascii_noise	16	generated_token_1	1.430964469909668	0.127654712669801	0.6111111111111112
recipe_metaphysics	token_count_matched_ascii_noise	16	generated_token_8	4.765263080596924	0.7784369809775378	0.98989898989899
recipe_metaphysics	token_count_matched_ascii_noise	16	generated_token_16	3.2342004776000977	0.48363338819811597	0.9795918367346939
recipe_metaphysics	token_count_matched_ascii_noise	16	generated_token_32	3.7897140979766846	0.5232896895979592	0.9795918367346939
recipe_metaphysics	token_count_matched_ascii_noise	16	generated_token_64	3.752990484237671	0.5849019625055131	1.0
recipe_metaphysics	token_count_matched_ascii_noise	24	final_prompt_token	1.797787070274353	0.0847161537600567	0.46153846153846156
recipe_metaphysics	token_count_matched_ascii_noise	24	generated_token_1	1.9350265264511108	0.11395359307415709	0.5507246376811594
recipe_metaphysics	token_count_matched_ascii_noise	24	generated_token_8	6.541266441345215	0.7024726044827172	0.9795918367346939
recipe_metaphysics	token_count_matched_ascii_noise	24	generated_token_16	5.351193428039551	0.5079963437844732	0.98989898989899
recipe_metaphysics	token_count_matched_ascii_noise	24	generated_token_32	6.289281368255615	0.6147270673698999	0.98989898989899
recipe_metaphysics	token_count_matched_ascii_noise	24	generated_token_64	5.840512752532959	0.6525074572827867	1.0
recipe_metaphysics	token_count_matched_ascii_noise	25	final_prompt_token	1.910348892211914	0.08498439717073059	0.3870967741935484
recipe_metaphysics	token_count_matched_ascii_noise	25	generated_token_1	1.964876651763916	0.10512065160274298	0.5294117647058824
recipe_metaphysics	token_count_matched_ascii_noise	25	generated_token_8	6.790248870849609	0.7076194430933243	0.98989898989899
recipe_metaphysics	token_count_matched_ascii_noise	25	generated_token_16	5.491251468658447	0.54146257339277	0.98989898989899
recipe_metaphysics	token_count_matched_ascii_noise	25	generated_token_32	6.358330726623535	0.6346610956147221	1.0
recipe_metaphysics	token_count_matched_ascii_noise	25	generated_token_64	6.133624076843262	0.6349960801036688	1.0
recipe_metaphysics	token_count_matched_ascii_noise	26	final_prompt_token	2.0135555267333984	0.06822847975385016	0.48484848484848486
recipe_metaphysics	token_count_matched_ascii_noise	26	generated_token_1	2.0294151306152344	0.08838254038825477	0.5074626865671642
recipe_metaphysics	token_count_matched_ascii_noise	26	generated_token_8	6.965167999267578	0.5323314933483848	1.0
recipe_metaphysics	token_count_matched_ascii_noise	26	generated_token_16	5.780818462371826	0.45060446910693974	0.9690721649484536
recipe_metaphysics	token_count_matched_ascii_noise	26	generated_token_32	6.546969890594482	0.5378575987887715	1.0
recipe_metaphysics	token_count_matched_ascii_noise	26	generated_token_64	6.4311842918396	0.5670666753273521	1.0
recipe_metaphysics	visual_ascii_control	14	final_prompt_token	1.1211940050125122	0.042477338967369604	0.360655737704918
recipe_metaphysics	visual_ascii_control	14	generated_token_1	1.150437593460083	0.07138012554883022	0.6301369863013699
recipe_metaphysics	visual_ascii_control	14	generated_token_8	0.35583922266960144	0.005939972401512672	0.18181818181818177
recipe_metaphysics	visual_ascii_control	14	generated_token_16	2.099696636199951	0.1710772622944846	0.7012987012987013
recipe_metaphysics	visual_ascii_control	14	generated_token_32	3.374398946762085	0.5270581970307624	0.9583333333333334
recipe_metaphysics	visual_ascii_control	14	generated_token_64	3.936950445175171	0.45291086977751693	0.9795918367346939
recipe_metaphysics	visual_ascii_control	15	final_prompt_token	1.1894820928573608	0.06880578353777977	0.360655737704918
recipe_metaphysics	visual_ascii_control	15	generated_token_1	1.3219338655471802	0.09610015779836112	0.5294117647058824
recipe_metaphysics	visual_ascii_control	15	generated_token_8	0.5202233195304871	0.011974830438102324	0.1132075471698113
recipe_metaphysics	visual_ascii_control	15	generated_token_16	2.2695302963256836	0.24170293555335265	0.7341772151898734
recipe_metaphysics	visual_ascii_control	15	generated_token_32	3.7259886264801025	0.6263821922556538	0.98989898989899
recipe_metaphysics	visual_ascii_control	15	generated_token_64	4.43359375	0.6454555882453676	0.98989898989899
recipe_metaphysics	visual_ascii_control	16	final_prompt_token	1.211499810218811	0.06867532193579795	0.4126984126984127
recipe_metaphysics	visual_ascii_control	16	generated_token_1	1.3560746908187866	0.09602855583944048	0.5074626865671642
recipe_metaphysics	visual_ascii_control	16	generated_token_8	0.5356020927429199	0.010142117181013766	0.2142857142857143
recipe_metaphysics	visual_ascii_control	16	generated_token_16	2.3108832836151123	0.23368226221011545	0.8235294117647058
recipe_metaphysics	visual_ascii_control	16	generated_token_32	3.968942642211914	0.560468388281513	0.98989898989899
recipe_metaphysics	visual_ascii_control	16	generated_token_64	4.6045732498168945	0.6409836518287402	0.9795918367346939
recipe_metaphysics	visual_ascii_control	24	final_prompt_token	1.582075595855713	0.06614617643195331	0.360655737704918
recipe_metaphysics	visual_ascii_control	24	generated_token_1	1.8145750761032104	0.08561738424960752	0.48484848484848486
recipe_metaphysics	visual_ascii_control	24	generated_token_8	0.9514442086219788	0.013884883176231821	0.27586206896551724
recipe_metaphysics	visual_ascii_control	24	generated_token_16	4.2190632820129395	0.29896881691965227	0.9010989010989011
recipe_metaphysics	visual_ascii_control	24	generated_token_32	6.652575492858887	0.6722545189004014	0.98989898989899
recipe_metaphysics	visual_ascii_control	24	generated_token_64	6.499143123626709	0.596696412372542	0.98989898989899
recipe_metaphysics	visual_ascii_control	25	final_prompt_token	1.747000813484192	0.07076221620375545	0.3870967741935484
recipe_metaphysics	visual_ascii_control	25	generated_token_1	1.8303455114364624	0.07990980650902024	0.5294117647058824
recipe_metaphysics	visual_ascii_control	25	generated_token_8	0.9753645062446594	0.014216316184135103	0.30508474576271183
recipe_metaphysics	visual_ascii_control	25	generated_token_16	4.38217306137085	0.31929450694933326	0.8764044943820225
recipe_metaphysics	visual_ascii_control	25	generated_token_32	6.757145881652832	0.6638204649039393	0.98989898989899
recipe_metaphysics	visual_ascii_control	25	generated_token_64	6.7906317710876465	0.6016385755642003	0.9795918367346939
recipe_metaphysics	visual_ascii_control	26	final_prompt_token	1.8646787405014038	0.05631161291862519	0.5294117647058824
recipe_metaphysics	visual_ascii_control	26	generated_token_1	1.8935856819152832	0.06460501901404947	0.5074626865671642
recipe_metaphysics	visual_ascii_control	26	generated_token_8	0.98871248960495	0.010126218963165456	0.24561403508771928
recipe_metaphysics	visual_ascii_control	26	generated_token_16	4.520632266998291	0.25382956445912663	0.8764044943820225
recipe_metaphysics	visual_ascii_control	26	generated_token_32	7.04998254776001	0.5358079004226507	0.9795918367346939
recipe_metaphysics	visual_ascii_control	26	generated_token_64	6.743439674377441	0.46122654766104343	0.9690721649484536
recipe_metaphysics	unicode_nonletter_control	14	final_prompt_token	1.3500534296035767	0.04052986507968703	0.5074626865671642
recipe_metaphysics	unicode_nonletter_control	14	generated_token_1	1.2118574380874634	0.059668208476340356	0.48484848484848486
recipe_metaphysics	unicode_nonletter_control	14	generated_token_8	0.284423828125	0.0036064783910843	0.14814814814814814
recipe_metaphysics	unicode_nonletter_control	14	generated_token_16	0.41963157057762146	0.006477276803460552	0.30508474576271183
recipe_metaphysics	unicode_nonletter_control	14	generated_token_32	3.604104995727539	0.5277722717007898	0.9583333333333334
recipe_metaphysics	unicode_nonletter_control	14	generated_token_64	3.6963698863983154	0.4131605700566552	0.9473684210526316
recipe_metaphysics	unicode_nonletter_control	15	final_prompt_token	1.311461329460144	0.06558423459576612	0.4126984126984127
recipe_metaphysics	unicode_nonletter_control	15	generated_token_1	1.3919564485549927	0.0820178967714621	0.5714285714285714
recipe_metaphysics	unicode_nonletter_control	15	generated_token_8	0.43559789657592773	0.008247062538400352	0.14814814814814814
recipe_metaphysics	unicode_nonletter_control	15	generated_token_16	0.5196752548217773	0.01217455183596361	0.24561403508771928
recipe_metaphysics	unicode_nonletter_control	15	generated_token_32	3.8873281478881836	0.5810664376126584	0.98989898989899
recipe_metaphysics	unicode_nonletter_control	15	generated_token_64	4.047880172729492	0.5659612152358142	0.9583333333333334
recipe_metaphysics	unicode_nonletter_control	16	final_prompt_token	1.357545256614685	0.06939191255239985	0.4126984126984127
recipe_metaphysics	unicode_nonletter_control	16	generated_token_1	1.4124174118041992	0.08128326231449678	0.48484848484848486
recipe_metaphysics	unicode_nonletter_control	16	generated_token_8	0.4360537827014923	0.006584738676229995	0.14814814814814814
recipe_metaphysics	unicode_nonletter_control	16	generated_token_16	0.5061665773391724	0.010728973069956238	0.2142857142857143
recipe_metaphysics	unicode_nonletter_control	16	generated_token_32	4.065298557281494	0.5171087402192056	0.9795918367346939
recipe_metaphysics	unicode_nonletter_control	16	generated_token_64	4.257327079772949	0.5803116893400219	0.9795918367346939
recipe_metaphysics	unicode_nonletter_control	24	final_prompt_token	1.5927478075027466	0.06434760583510601	0.3870967741935484
recipe_metaphysics	unicode_nonletter_control	24	generated_token_1	1.8305026292800903	0.0800999076546477	0.48484848484848486
recipe_metaphysics	unicode_nonletter_control	24	generated_token_8	0.732331395149231	0.008164986903496874	0.14814814814814814
recipe_metaphysics	unicode_nonletter_control	24	generated_token_16	0.87582927942276	0.011601966806032649	0.3870967741935484
recipe_metaphysics	unicode_nonletter_control	24	generated_token_32	6.130069732666016	0.5477720276546416	0.9795918367346939
recipe_metaphysics	unicode_nonletter_control	24	generated_token_64	6.29368782043457	0.5148014961229237	0.9583333333333334
recipe_metaphysics	unicode_nonletter_control	25	final_prompt_token	1.7067101001739502	0.06585007711055368	0.3870967741935484
recipe_metaphysics	unicode_nonletter_control	25	generated_token_1	1.8546913862228394	0.07452564217495472	0.46153846153846156
recipe_metaphysics	unicode_nonletter_control	25	generated_token_8	0.7372245788574219	0.008086656141769621	0.2142857142857143
recipe_metaphysics	unicode_nonletter_control	25	generated_token_16	0.9328168630599976	0.01326244708290536	0.2142857142857143
recipe_metaphysics	unicode_nonletter_control	25	generated_token_32	6.301090717315674	0.5609925599580518	0.9690721649484536
recipe_metaphysics	unicode_nonletter_control	25	generated_token_64	6.5431928634643555	0.5374398078427735	0.9583333333333334
recipe_metaphysics	unicode_nonletter_control	26	final_prompt_token	1.7934409379959106	0.052453825444635394	0.48484848484848486
recipe_metaphysics	unicode_nonletter_control	26	generated_token_1	1.8810242414474487	0.0586600175013704	0.5074626865671642
recipe_metaphysics	unicode_nonletter_control	26	generated_token_8	0.7641376256942749	0.006092474402467629	0.2142857142857143
recipe_metaphysics	unicode_nonletter_control	26	generated_token_16	0.9406234622001648	0.009756854226165013	0.4126984126984127
recipe_metaphysics	unicode_nonletter_control	26	generated_token_32	6.620028495788574	0.533734314757635	0.98989898989899
recipe_metaphysics	unicode_nonletter_control	26	generated_token_64	6.71713924407959	0.4010343250281502	0.9690721649484536
recipe_metaphysics	semantic_shuffle_control	14	final_prompt_token	2.482156753540039	0.23661362601495461	0.8235294117647058
recipe_metaphysics	semantic_shuffle_control	14	generated_token_1	0.7282593846321106	0.031609258727163025	0.360655737704918
recipe_metaphysics	semantic_shuffle_control	14	generated_token_8	0.1607847809791565	0.0012258579123656244	0.1132075471698113
recipe_metaphysics	semantic_shuffle_control	14	generated_token_16	0.280734121799469	0.002798055757386786	0.14814814814814814
recipe_metaphysics	semantic_shuffle_control	14	generated_token_32	0.19082577526569366	0.0015360399000707847	0.1132075471698113
recipe_metaphysics	semantic_shuffle_control	14	generated_token_64	3.6157031059265137	0.37935727833125077	0.9473684210526316
recipe_metaphysics	semantic_shuffle_control	15	final_prompt_token	2.5517055988311768	0.36130507162089476	0.8505747126436781
recipe_metaphysics	semantic_shuffle_control	15	generated_token_1	0.7360053658485413	0.040211946519399966	0.33333333333333337
recipe_metaphysics	semantic_shuffle_control	15	generated_token_8	0.36707839369773865	0.006005588617168489	0.24561403508771928
recipe_metaphysics	semantic_shuffle_control	15	generated_token_16	0.39180439710617065	0.006920190139117377	0.18181818181818177
recipe_metaphysics	semantic_shuffle_control	15	generated_token_32	0.31061261892318726	0.0035649287884611525	0.1132075471698113
recipe_metaphysics	semantic_shuffle_control	15	generated_token_64	4.052210807800293	0.5681906682393958	0.9795918367346939
recipe_metaphysics	semantic_shuffle_control	16	final_prompt_token	2.6111814975738525	0.34896656793541403	0.8095238095238095
recipe_metaphysics	semantic_shuffle_control	16	generated_token_1	0.7436389923095703	0.03820461102970529	0.360655737704918
recipe_metaphysics	semantic_shuffle_control	16	generated_token_8	0.36961138248443604	0.004938254835558431	0.14814814814814814
recipe_metaphysics	semantic_shuffle_control	16	generated_token_16	0.4248743951320648	0.007617148473239133	0.18181818181818177
recipe_metaphysics	semantic_shuffle_control	16	generated_token_32	0.326323926448822	0.003054811735926588	0.18181818181818177
recipe_metaphysics	semantic_shuffle_control	16	generated_token_64	4.293715000152588	0.6007047468419975	0.9690721649484536
recipe_metaphysics	semantic_shuffle_control	24	final_prompt_token	3.1194889545440674	0.2692516097565635	0.7654320987654322
recipe_metaphysics	semantic_shuffle_control	24	generated_token_1	0.9578624367713928	0.028320496353505087	0.360655737704918
recipe_metaphysics	semantic_shuffle_control	24	generated_token_8	0.5445284843444824	0.004527665741353659	0.24561403508771928
recipe_metaphysics	semantic_shuffle_control	24	generated_token_16	0.5159830451011658	0.0037442247714194465	0.2142857142857143
recipe_metaphysics	semantic_shuffle_control	24	generated_token_32	0.8608899116516113	0.008647927970173441	0.24561403508771928
recipe_metaphysics	semantic_shuffle_control	24	generated_token_64	6.300827980041504	0.5299250609471295	0.9690721649484536
recipe_metaphysics	semantic_shuffle_control	25	final_prompt_token	3.3075366020202637	0.2582498943236281	0.717948717948718
recipe_metaphysics	semantic_shuffle_control	25	generated_token_1	0.9882730841636658	0.026166267993089964	0.30508474576271183
recipe_metaphysics	semantic_shuffle_control	25	generated_token_8	0.5909305810928345	0.0052007841451126025	0.2142857142857143
recipe_metaphysics	semantic_shuffle_control	25	generated_token_16	0.5236339569091797	0.004074165554893927	0.14814814814814814
recipe_metaphysics	semantic_shuffle_control	25	generated_token_32	0.9386323094367981	0.010666997854702598	0.2142857142857143
recipe_metaphysics	semantic_shuffle_control	25	generated_token_64	6.646210193634033	0.5886287126907628	0.9583333333333334
recipe_metaphysics	semantic_shuffle_control	26	final_prompt_token	3.582068681716919	0.22820466841203213	0.7804878048780488
recipe_metaphysics	semantic_shuffle_control	26	generated_token_1	0.9817729592323303	0.01992858676556808	0.27586206896551724
recipe_metaphysics	semantic_shuffle_control	26	generated_token_8	0.5662462115287781	0.0033265989937512064	0.1132075471698113
recipe_metaphysics	semantic_shuffle_control	26	generated_token_16	0.5273610353469849	0.0030134049664185536	0.30508474576271183
recipe_metaphysics	semantic_shuffle_control	26	generated_token_32	0.9447002410888672	0.008767729018867687	0.2142857142857143
recipe_metaphysics	semantic_shuffle_control	26	generated_token_64	6.647381782531738	0.39614427909042016	0.9583333333333334
recipe_metaphysics	d_dot_high_impact_control	14	final_prompt_token	0.5865300893783569	0.010230372710705482	0.14814814814814814
recipe_metaphysics	d_dot_high_impact_control	14	generated_token_1	0.7476338148117065	0.02967073124161934	0.3870967741935484
recipe_metaphysics	d_dot_high_impact_control	14	generated_token_8	0.14562886953353882	0.0009124624933577463	0.07692307692307687
recipe_metaphysics	d_dot_high_impact_control	14	generated_token_16	0.28711986541748047	0.0030017964442601297	0.18181818181818177
recipe_metaphysics	d_dot_high_impact_control	14	generated_token_32	3.6304502487182617	0.5329368809990761	0.9583333333333334
recipe_metaphysics	d_dot_high_impact_control	14	generated_token_64	3.7099835872650146	0.44101514095933503	0.9583333333333334
recipe_metaphysics	d_dot_high_impact_control	15	final_prompt_token	0.6639140844345093	0.020009414363717615	0.18181818181818177
recipe_metaphysics	d_dot_high_impact_control	15	generated_token_1	0.8835319876670837	0.04289558882010669	0.4126984126984127
recipe_metaphysics	d_dot_high_impact_control	15	generated_token_8	0.26459917426109314	0.002891872101228099	0.039215686274509776
recipe_metaphysics	d_dot_high_impact_control	15	generated_token_16	0.3450876772403717	0.005369269536160126	0.14814814814814814
recipe_metaphysics	d_dot_high_impact_control	15	generated_token_32	3.9220075607299805	0.588446500797621	0.9795918367346939
recipe_metaphysics	d_dot_high_impact_control	15	generated_token_64	4.096368312835693	0.5603227850270935	0.9795918367346939
recipe_metaphysics	d_dot_high_impact_control	16	final_prompt_token	0.6802878975868225	0.020334899069493817	0.360655737704918
recipe_metaphysics	d_dot_high_impact_control	16	generated_token_1	0.950912594795227	0.04760649213784762	0.3870967741935484
recipe_metaphysics	d_dot_high_impact_control	16	generated_token_8	0.2538813650608063	0.0021374703306199505	0.14814814814814814
recipe_metaphysics	d_dot_high_impact_control	16	generated_token_16	0.38476184010505676	0.006181418660706983	0.18181818181818177
recipe_metaphysics	d_dot_high_impact_control	16	generated_token_32	4.06574010848999	0.5192444583270079	0.9795918367346939
recipe_metaphysics	d_dot_high_impact_control	16	generated_token_64	4.251430034637451	0.560554270956019	0.9690721649484536
recipe_metaphysics	d_dot_high_impact_control	24	final_prompt_token	0.8466278910636902	0.018348402097963623	0.27586206896551724
recipe_metaphysics	d_dot_high_impact_control	24	generated_token_1	1.3618617057800293	0.051168931932591866	0.4375
recipe_metaphysics	d_dot_high_impact_control	24	generated_token_8	0.4746825695037842	0.0034168008241158843	0.14814814814814814
recipe_metaphysics	d_dot_high_impact_control	24	generated_token_16	0.6924850344657898	0.007099355086420456	0.27586206896551724
recipe_metaphysics	d_dot_high_impact_control	24	generated_token_32	6.143689155578613	0.5578463254229133	0.98989898989899
recipe_metaphysics	d_dot_high_impact_control	24	generated_token_64	6.06294059753418	0.5185369179259043	0.9583333333333334
recipe_metaphysics	d_dot_high_impact_control	25	final_prompt_token	0.9172979593276978	0.01883880662764903	0.27586206896551724
recipe_metaphysics	d_dot_high_impact_control	25	generated_token_1	1.3998570442199707	0.047723402975139106	0.4375
recipe_metaphysics	d_dot_high_impact_control	25	generated_token_8	0.4740264415740967	0.0033195716347398374	0.14814814814814814
recipe_metaphysics	d_dot_high_impact_control	25	generated_token_16	0.727857768535614	0.007861176851510443	0.14814814814814814
recipe_metaphysics	d_dot_high_impact_control	25	generated_token_32	6.29504919052124	0.5634153742773674	0.9690721649484536
recipe_metaphysics	d_dot_high_impact_control	25	generated_token_64	6.391969203948975	0.5408491872020011	0.9583333333333334
recipe_metaphysics	d_dot_high_impact_control	26	final_prompt_token	0.9586649537086487	0.014990193826430409	0.27586206896551724
recipe_metaphysics	d_dot_high_impact_control	26	generated_token_1	1.4501627683639526	0.0379246294153287	0.4375
recipe_metaphysics	d_dot_high_impact_control	26	generated_token_8	0.4598800241947174	0.002126880037374934	0.07692307692307687
recipe_metaphysics	d_dot_high_impact_control	26	generated_token_16	0.7161665558815002	0.005634585006972448	0.30508474576271183
recipe_metaphysics	d_dot_high_impact_control	26	generated_token_32	6.651747703552246	0.5458937250254101	0.98989898989899
recipe_metaphysics	d_dot_high_impact_control	26	generated_token_64	6.492242336273193	0.4254817869621891	0.9583333333333334
