prompt_id	base_prompt_family	perturbation_type	position_label	token_position	token_string	feature_id	activation	rank
original_hum_ascii_original	original_hum	ascii_original	final_prompt_token	92	.	2938	1.5165879726409912	1
original_hum_ascii_original	original_hum	ascii_original	final_prompt_token	92	.	28713	0.6876916289329529	2
original_hum_ascii_original	original_hum	ascii_original	final_prompt_token	92	.	18937	0.6793763637542725	3
original_hum_ascii_original	original_hum	ascii_original	final_prompt_token	92	.	1626	0.42868274450302124	4
original_hum_ascii_original	original_hum	ascii_original	final_prompt_token	92	.	31908	0.41304582357406616	5
original_hum_ascii_original	original_hum	ascii_original	final_prompt_token	92	.	3241	0.3976282477378845	6
original_hum_ascii_original	original_hum	ascii_original	final_prompt_token	92	.	19389	0.3767392635345459	7
original_hum_ascii_original	original_hum	ascii_original	final_prompt_token	92	.	11256	0.3714238405227661	8
original_hum_ascii_original	original_hum	ascii_original	final_prompt_token	92	.	13935	0.3348083198070526	9
original_hum_ascii_original	original_hum	ascii_original	final_prompt_token	92	.	15954	0.3309563398361206	10
original_hum_ascii_original	original_hum	ascii_original	final_prompt_token	92	.	6194	0.326543927192688	11
original_hum_ascii_original	original_hum	ascii_original	final_prompt_token	92	.	6429	0.2871433198451996	12
original_hum_ascii_original	original_hum	ascii_original	final_prompt_token	92	.	29524	0.26792454719543457	13
original_hum_ascii_original	original_hum	ascii_original	final_prompt_token	92	.	599	0.26421141624450684	14
original_hum_ascii_original	original_hum	ascii_original	final_prompt_token	92	.	18198	0.26194608211517334	15
original_hum_ascii_original	original_hum	ascii_original	final_prompt_token	92	.	6021	0.25181037187576294	16
original_hum_ascii_original	original_hum	ascii_original	final_prompt_token	92	.	25001	0.2486872673034668	17
original_hum_ascii_original	original_hum	ascii_original	final_prompt_token	92	.	25575	0.2413863241672516	18
original_hum_ascii_original	original_hum	ascii_original	final_prompt_token	92	.	5257	0.24086669087409973	19
original_hum_ascii_original	original_hum	ascii_original	final_prompt_token	92	.	26684	0.22939617931842804	20
original_hum_ascii_original	original_hum	ascii_original	final_prompt_token	92	.	32698	0.22842353582382202	21
original_hum_ascii_original	original_hum	ascii_original	final_prompt_token	92	.	27342	0.22260022163391113	22
original_hum_ascii_original	original_hum	ascii_original	final_prompt_token	92	.	7982	0.22221077978610992	23
original_hum_ascii_original	original_hum	ascii_original	final_prompt_token	92	.	12320	0.21982868015766144	24
original_hum_ascii_original	original_hum	ascii_original	final_prompt_token	92	.	17394	0.20992770791053772	25
original_hum_ascii_original	original_hum	ascii_original	final_prompt_token	92	.	13916	0.20334230363368988	26
original_hum_ascii_original	original_hum	ascii_original	final_prompt_token	92	.	13061	0.2025529444217682	27
original_hum_ascii_original	original_hum	ascii_original	final_prompt_token	92	.	30453	0.19626623392105103	28
original_hum_ascii_original	original_hum	ascii_original	final_prompt_token	92	.	17869	0.19256234169006348	29
original_hum_ascii_original	original_hum	ascii_original	final_prompt_token	92	.	23977	0.19217467308044434	30
original_hum_ascii_original	original_hum	ascii_original	final_prompt_token	92	.	7163	0.18945328891277313	31
original_hum_ascii_original	original_hum	ascii_original	final_prompt_token	92	.	30033	0.187518909573555	32
original_hum_ascii_original	original_hum	ascii_original	final_prompt_token	92	.	15076	0.18733543157577515	33
original_hum_ascii_original	original_hum	ascii_original	final_prompt_token	92	.	15560	0.18576236069202423	34
original_hum_ascii_original	original_hum	ascii_original	final_prompt_token	92	.	2722	0.183280348777771	35
original_hum_ascii_original	original_hum	ascii_original	final_prompt_token	92	.	14614	0.18283389508724213	36
original_hum_ascii_original	original_hum	ascii_original	final_prompt_token	92	.	8882	0.17877641320228577	37
original_hum_ascii_original	original_hum	ascii_original	final_prompt_token	92	.	8418	0.17841991782188416	38
original_hum_ascii_original	original_hum	ascii_original	final_prompt_token	92	.	3271	0.17784570157527924	39
original_hum_ascii_original	original_hum	ascii_original	final_prompt_token	92	.	8216	0.17607009410858154	40
original_hum_ascii_original	original_hum	ascii_original	final_prompt_token	92	.	9745	0.17381246387958527	41
original_hum_ascii_original	original_hum	ascii_original	final_prompt_token	92	.	11456	0.17288166284561157	42
original_hum_ascii_original	original_hum	ascii_original	final_prompt_token	92	.	7108	0.17277000844478607	43
original_hum_ascii_original	original_hum	ascii_original	final_prompt_token	92	.	6593	0.17148399353027344	44
original_hum_ascii_original	original_hum	ascii_original	final_prompt_token	92	.	21181	0.16554288566112518	45
original_hum_ascii_original	original_hum	ascii_original	final_prompt_token	92	.	4795	0.1595534235239029	46
original_hum_ascii_original	original_hum	ascii_original	final_prompt_token	92	.	26363	0.1594351977109909	47
original_hum_ascii_original	original_hum	ascii_original	final_prompt_token	92	.	32454	0.15740612149238586	48
original_hum_ascii_original	original_hum	ascii_original	final_prompt_token	92	.	19335	0.15677134692668915	49
original_hum_ascii_original	original_hum	ascii_original	final_prompt_token	92	.	27872	0.15484727919101715	50
original_hum_ascii_original	original_hum	ascii_original	final_prompt_token_minus_1	91	check	799	2.084977865219116	1
original_hum_ascii_original	original_hum	ascii_original	final_prompt_token_minus_1	91	check	2938	1.0453109741210938	2
original_hum_ascii_original	original_hum	ascii_original	final_prompt_token_minus_1	91	check	16706	0.5989919304847717	3
original_hum_ascii_original	original_hum	ascii_original	final_prompt_token_minus_1	91	check	27342	0.4984782040119171	4
original_hum_ascii_original	original_hum	ascii_original	final_prompt_token_minus_1	91	check	11256	0.34082314372062683	5
original_hum_ascii_original	original_hum	ascii_original	final_prompt_token_minus_1	91	check	26684	0.3267297148704529	6
original_hum_ascii_original	original_hum	ascii_original	final_prompt_token_minus_1	91	check	19389	0.32044288516044617	7
original_hum_ascii_original	original_hum	ascii_original	final_prompt_token_minus_1	91	check	32454	0.3089044988155365	8
original_hum_ascii_original	original_hum	ascii_original	final_prompt_token_minus_1	91	check	16439	0.3010018467903137	9
original_hum_ascii_original	original_hum	ascii_original	final_prompt_token_minus_1	91	check	25001	0.2992017865180969	10
original_hum_ascii_original	original_hum	ascii_original	final_prompt_token_minus_1	91	check	29171	0.2880917191505432	11
original_hum_ascii_original	original_hum	ascii_original	final_prompt_token_minus_1	91	check	19850	0.2838136553764343	12
original_hum_ascii_original	original_hum	ascii_original	final_prompt_token_minus_1	91	check	7982	0.26551681756973267	13
original_hum_ascii_original	original_hum	ascii_original	final_prompt_token_minus_1	91	check	704	0.2613150179386139	14
original_hum_ascii_original	original_hum	ascii_original	final_prompt_token_minus_1	91	check	29065	0.26044079661369324	15
original_hum_ascii_original	original_hum	ascii_original	final_prompt_token_minus_1	91	check	20031	0.2509620487689972	16
original_hum_ascii_original	original_hum	ascii_original	final_prompt_token_minus_1	91	check	9241	0.24169211089611053	17
original_hum_ascii_original	original_hum	ascii_original	final_prompt_token_minus_1	91	check	26598	0.23765186965465546	18
original_hum_ascii_original	original_hum	ascii_original	final_prompt_token_minus_1	91	check	23071	0.23368510603904724	19
original_hum_ascii_original	original_hum	ascii_original	final_prompt_token_minus_1	91	check	8882	0.23224444687366486	20
original_hum_ascii_original	original_hum	ascii_original	final_prompt_token_minus_1	91	check	22353	0.23205682635307312	21
original_hum_ascii_original	original_hum	ascii_original	final_prompt_token_minus_1	91	check	9990	0.2313215732574463	22
original_hum_ascii_original	original_hum	ascii_original	final_prompt_token_minus_1	91	check	8216	0.22875696420669556	23
original_hum_ascii_original	original_hum	ascii_original	final_prompt_token_minus_1	91	check	16475	0.22713354229927063	24
original_hum_ascii_original	original_hum	ascii_original	final_prompt_token_minus_1	91	check	5257	0.22263255715370178	25
original_hum_ascii_original	original_hum	ascii_original	final_prompt_token_minus_1	91	check	29472	0.21717463433742523	26
original_hum_ascii_original	original_hum	ascii_original	final_prompt_token_minus_1	91	check	8891	0.21474391222000122	27
original_hum_ascii_original	original_hum	ascii_original	final_prompt_token_minus_1	91	check	15076	0.2072453796863556	28
original_hum_ascii_original	original_hum	ascii_original	final_prompt_token_minus_1	91	check	31420	0.19953270256519318	29
original_hum_ascii_original	original_hum	ascii_original	final_prompt_token_minus_1	91	check	13916	0.19318582117557526	30
original_hum_ascii_original	original_hum	ascii_original	final_prompt_token_minus_1	91	check	10709	0.1908438354730606	31
original_hum_ascii_original	original_hum	ascii_original	final_prompt_token_minus_1	91	check	6593	0.19020932912826538	32
original_hum_ascii_original	original_hum	ascii_original	final_prompt_token_minus_1	91	check	17869	0.1889127790927887	33
original_hum_ascii_original	original_hum	ascii_original	final_prompt_token_minus_1	91	check	17164	0.18294930458068848	34
original_hum_ascii_original	original_hum	ascii_original	final_prompt_token_minus_1	91	check	31836	0.1825595498085022	35
original_hum_ascii_original	original_hum	ascii_original	final_prompt_token_minus_1	91	check	7506	0.17481409013271332	36
original_hum_ascii_original	original_hum	ascii_original	final_prompt_token_minus_1	91	check	27461	0.17459328472614288	37
original_hum_ascii_original	original_hum	ascii_original	final_prompt_token_minus_1	91	check	31784	0.17284290492534637	38
original_hum_ascii_original	original_hum	ascii_original	final_prompt_token_minus_1	91	check	22922	0.17136207222938538	39
original_hum_ascii_original	original_hum	ascii_original	final_prompt_token_minus_1	91	check	18977	0.171018585562706	40
original_hum_ascii_original	original_hum	ascii_original	final_prompt_token_minus_1	91	check	10265	0.1704370379447937	41
original_hum_ascii_original	original_hum	ascii_original	final_prompt_token_minus_1	91	check	26262	0.16707241535186768	42
original_hum_ascii_original	original_hum	ascii_original	final_prompt_token_minus_1	91	check	4844	0.1651442050933838	43
original_hum_ascii_original	original_hum	ascii_original	final_prompt_token_minus_1	91	check	16041	0.1622759997844696	44
original_hum_ascii_original	original_hum	ascii_original	final_prompt_token_minus_1	91	check	1659	0.1603456735610962	45
original_hum_ascii_original	original_hum	ascii_original	final_prompt_token_minus_1	91	check	16793	0.15720483660697937	46
original_hum_ascii_original	original_hum	ascii_original	final_prompt_token_minus_1	91	check	31489	0.15497824549674988	47
original_hum_ascii_original	original_hum	ascii_original	final_prompt_token_minus_1	91	check	27263	0.15293627977371216	48
original_hum_ascii_original	original_hum	ascii_original	final_prompt_token_minus_1	91	check	32448	0.15181773900985718	49
original_hum_ascii_original	original_hum	ascii_original	final_prompt_token_minus_1	91	check	10764	0.15153807401657104	50
original_hum_ascii_original	original_hum	ascii_original	final_prompt_token_minus_2	90	Just	28392	1.5184307098388672	1
original_hum_ascii_original	original_hum	ascii_original	final_prompt_token_minus_2	90	Just	2938	0.8096082210540771	2
original_hum_ascii_original	original_hum	ascii_original	final_prompt_token_minus_2	90	Just	5257	0.42437097430229187	3
original_hum_ascii_original	original_hum	ascii_original	final_prompt_token_minus_2	90	Just	21517	0.42271319031715393	4
original_hum_ascii_original	original_hum	ascii_original	final_prompt_token_minus_2	90	Just	19943	0.4156613051891327	5
original_hum_ascii_original	original_hum	ascii_original	final_prompt_token_minus_2	90	Just	19389	0.3685995936393738	6
original_hum_ascii_original	original_hum	ascii_original	final_prompt_token_minus_2	90	Just	9317	0.36173760890960693	7
original_hum_ascii_original	original_hum	ascii_original	final_prompt_token_minus_2	90	Just	27342	0.3597079813480377	8
original_hum_ascii_original	original_hum	ascii_original	final_prompt_token_minus_2	90	Just	10709	0.3332218527793884	9
original_hum_ascii_original	original_hum	ascii_original	final_prompt_token_minus_2	90	Just	26684	0.30951085686683655	10
original_hum_ascii_original	original_hum	ascii_original	final_prompt_token_minus_2	90	Just	25341	0.30142462253570557	11
original_hum_ascii_original	original_hum	ascii_original	final_prompt_token_minus_2	90	Just	17869	0.2953844964504242	12
original_hum_ascii_original	original_hum	ascii_original	final_prompt_token_minus_2	90	Just	16439	0.2934686541557312	13
original_hum_ascii_original	original_hum	ascii_original	final_prompt_token_minus_2	90	Just	27461	0.29284048080444336	14
original_hum_ascii_original	original_hum	ascii_original	final_prompt_token_minus_2	90	Just	21478	0.276646226644516	15
original_hum_ascii_original	original_hum	ascii_original	final_prompt_token_minus_2	90	Just	10265	0.27457195520401	16
original_hum_ascii_original	original_hum	ascii_original	final_prompt_token_minus_2	90	Just	31836	0.255939781665802	17
original_hum_ascii_original	original_hum	ascii_original	final_prompt_token_minus_2	90	Just	30453	0.25445282459259033	18
original_hum_ascii_original	original_hum	ascii_original	final_prompt_token_minus_2	90	Just	7468	0.24635131657123566	19
original_hum_ascii_original	original_hum	ascii_original	final_prompt_token_minus_2	90	Just	7982	0.2460552304983139	20
original_hum_ascii_original	original_hum	ascii_original	final_prompt_token_minus_2	90	Just	14675	0.2444780170917511	21
original_hum_ascii_original	original_hum	ascii_original	final_prompt_token_minus_2	90	Just	16859	0.22994694113731384	22
original_hum_ascii_original	original_hum	ascii_original	final_prompt_token_minus_2	90	Just	15954	0.22516681253910065	23
original_hum_ascii_original	original_hum	ascii_original	final_prompt_token_minus_2	90	Just	31433	0.22487112879753113	24
original_hum_ascii_original	original_hum	ascii_original	final_prompt_token_minus_2	90	Just	4795	0.2246878743171692	25
original_hum_ascii_original	original_hum	ascii_original	final_prompt_token_minus_2	90	Just	11256	0.22121959924697876	26
original_hum_ascii_original	original_hum	ascii_original	final_prompt_token_minus_2	90	Just	9563	0.21793586015701294	27
original_hum_ascii_original	original_hum	ascii_original	final_prompt_token_minus_2	90	Just	8418	0.21712009608745575	28
original_hum_ascii_original	original_hum	ascii_original	final_prompt_token_minus_2	90	Just	25077	0.21379227936267853	29
original_hum_ascii_original	original_hum	ascii_original	final_prompt_token_minus_2	90	Just	741	0.2137644737958908	30
original_hum_ascii_original	original_hum	ascii_original	final_prompt_token_minus_2	90	Just	18836	0.20740875601768494	31
original_hum_ascii_original	original_hum	ascii_original	final_prompt_token_minus_2	90	Just	2204	0.20412638783454895	32
original_hum_ascii_original	original_hum	ascii_original	final_prompt_token_minus_2	90	Just	30080	0.20385625958442688	33
original_hum_ascii_original	original_hum	ascii_original	final_prompt_token_minus_2	90	Just	2977	0.202886164188385	34
original_hum_ascii_original	original_hum	ascii_original	final_prompt_token_minus_2	90	Just	18198	0.1995558887720108	35
original_hum_ascii_original	original_hum	ascii_original	final_prompt_token_minus_2	90	Just	16475	0.19828161597251892	36
original_hum_ascii_original	original_hum	ascii_original	final_prompt_token_minus_2	90	Just	22922	0.19391903281211853	37
original_hum_ascii_original	original_hum	ascii_original	final_prompt_token_minus_2	90	Just	32454	0.18916469812393188	38
original_hum_ascii_original	original_hum	ascii_original	final_prompt_token_minus_2	90	Just	15840	0.18487846851348877	39
original_hum_ascii_original	original_hum	ascii_original	final_prompt_token_minus_2	90	Just	22932	0.18479743599891663	40
original_hum_ascii_original	original_hum	ascii_original	final_prompt_token_minus_2	90	Just	30205	0.18410338461399078	41
original_hum_ascii_original	original_hum	ascii_original	final_prompt_token_minus_2	90	Just	12351	0.18187032639980316	42
original_hum_ascii_original	original_hum	ascii_original	final_prompt_token_minus_2	90	Just	23071	0.1803325116634369	43
original_hum_ascii_original	original_hum	ascii_original	final_prompt_token_minus_2	90	Just	5851	0.17982865869998932	44
original_hum_ascii_original	original_hum	ascii_original	final_prompt_token_minus_2	90	Just	26723	0.17972123622894287	45
original_hum_ascii_original	original_hum	ascii_original	final_prompt_token_minus_2	90	Just	14771	0.17966654896736145	46
original_hum_ascii_original	original_hum	ascii_original	final_prompt_token_minus_2	90	Just	20031	0.17810547351837158	47
original_hum_ascii_original	original_hum	ascii_original	final_prompt_token_minus_2	90	Just	17	0.17336967587471008	48
original_hum_ascii_original	original_hum	ascii_original	final_prompt_token_minus_2	90	Just	26384	0.172907292842865	49
original_hum_ascii_original	original_hum	ascii_original	final_prompt_token_minus_2	90	Just	7506	0.1718914657831192	50
original_hum_ascii_original	original_hum	ascii_original	final_prompt_token_minus_5	87	an	4514	1.3619955778121948	1
original_hum_ascii_original	original_hum	ascii_original	final_prompt_token_minus_5	87	an	2938	0.8425207138061523	2
original_hum_ascii_original	original_hum	ascii_original	final_prompt_token_minus_5	87	an	23952	0.7403866052627563	3
original_hum_ascii_original	original_hum	ascii_original	final_prompt_token_minus_5	87	an	5230	0.5138228535652161	4
original_hum_ascii_original	original_hum	ascii_original	final_prompt_token_minus_5	87	an	1984	0.4568309485912323	5
original_hum_ascii_original	original_hum	ascii_original	final_prompt_token_minus_5	87	an	23178	0.4161679446697235	6
original_hum_ascii_original	original_hum	ascii_original	final_prompt_token_minus_5	87	an	7982	0.40843260288238525	7
original_hum_ascii_original	original_hum	ascii_original	final_prompt_token_minus_5	87	an	5412	0.38383352756500244	8
original_hum_ascii_original	original_hum	ascii_original	final_prompt_token_minus_5	87	an	19668	0.37456580996513367	9
original_hum_ascii_original	original_hum	ascii_original	final_prompt_token_minus_5	87	an	30911	0.336536169052124	10
original_hum_ascii_original	original_hum	ascii_original	final_prompt_token_minus_5	87	an	11412	0.30106598138809204	11
original_hum_ascii_original	original_hum	ascii_original	final_prompt_token_minus_5	87	an	15420	0.2717132568359375	12
original_hum_ascii_original	original_hum	ascii_original	final_prompt_token_minus_5	87	an	4067	0.26972728967666626	13
original_hum_ascii_original	original_hum	ascii_original	final_prompt_token_minus_5	87	an	5566	0.26797789335250854	14
original_hum_ascii_original	original_hum	ascii_original	final_prompt_token_minus_5	87	an	19389	0.26092028617858887	15
original_hum_ascii_original	original_hum	ascii_original	final_prompt_token_minus_5	87	an	31206	0.2530671954154968	16
original_hum_ascii_original	original_hum	ascii_original	final_prompt_token_minus_5	87	an	13599	0.24375788867473602	17
original_hum_ascii_original	original_hum	ascii_original	final_prompt_token_minus_5	87	an	31632	0.22159579396247864	18
original_hum_ascii_original	original_hum	ascii_original	final_prompt_token_minus_5	87	an	3271	0.22114874422550201	19
original_hum_ascii_original	original_hum	ascii_original	final_prompt_token_minus_5	87	an	16041	0.21823148429393768	20
original_hum_ascii_original	original_hum	ascii_original	final_prompt_token_minus_5	87	an	31589	0.2022789716720581	21
original_hum_ascii_original	original_hum	ascii_original	final_prompt_token_minus_5	87	an	27281	0.19916239380836487	22
original_hum_ascii_original	original_hum	ascii_original	final_prompt_token_minus_5	87	an	14667	0.19799301028251648	23
original_hum_ascii_original	original_hum	ascii_original	final_prompt_token_minus_5	87	an	14949	0.1974395364522934	24
original_hum_ascii_original	original_hum	ascii_original	final_prompt_token_minus_5	87	an	12693	0.19581198692321777	25
original_hum_ascii_original	original_hum	ascii_original	final_prompt_token_minus_5	87	an	14142	0.18797200918197632	26
original_hum_ascii_original	original_hum	ascii_original	final_prompt_token_minus_5	87	an	12709	0.18538177013397217	27
original_hum_ascii_original	original_hum	ascii_original	final_prompt_token_minus_5	87	an	29275	0.18314482271671295	28
original_hum_ascii_original	original_hum	ascii_original	final_prompt_token_minus_5	87	an	2786	0.1821538209915161	29
original_hum_ascii_original	original_hum	ascii_original	final_prompt_token_minus_5	87	an	2802	0.17630237340927124	30
original_hum_ascii_original	original_hum	ascii_original	final_prompt_token_minus_5	87	an	9784	0.17475181818008423	31
original_hum_ascii_original	original_hum	ascii_original	final_prompt_token_minus_5	87	an	1277	0.17406247556209564	32
original_hum_ascii_original	original_hum	ascii_original	final_prompt_token_minus_5	87	an	380	0.17311784625053406	33
original_hum_ascii_original	original_hum	ascii_original	final_prompt_token_minus_5	87	an	11145	0.17277827858924866	34
original_hum_ascii_original	original_hum	ascii_original	final_prompt_token_minus_5	87	an	2547	0.17214469611644745	35
original_hum_ascii_original	original_hum	ascii_original	final_prompt_token_minus_5	87	an	11456	0.17166534066200256	36
original_hum_ascii_original	original_hum	ascii_original	final_prompt_token_minus_5	87	an	704	0.16919881105422974	37
original_hum_ascii_original	original_hum	ascii_original	final_prompt_token_minus_5	87	an	31784	0.1678534746170044	38
original_hum_ascii_original	original_hum	ascii_original	final_prompt_token_minus_5	87	an	12998	0.16676545143127441	39
original_hum_ascii_original	original_hum	ascii_original	final_prompt_token_minus_5	87	an	14771	0.16651692986488342	40
original_hum_ascii_original	original_hum	ascii_original	final_prompt_token_minus_5	87	an	7159	0.16116690635681152	41
original_hum_ascii_original	original_hum	ascii_original	final_prompt_token_minus_5	87	an	30153	0.15807855129241943	42
original_hum_ascii_original	original_hum	ascii_original	final_prompt_token_minus_5	87	an	23071	0.15674284100532532	43
original_hum_ascii_original	original_hum	ascii_original	final_prompt_token_minus_5	87	an	31025	0.1567176878452301	44
original_hum_ascii_original	original_hum	ascii_original	final_prompt_token_minus_5	87	an	25228	0.15478134155273438	45
original_hum_ascii_original	original_hum	ascii_original	final_prompt_token_minus_5	87	an	11331	0.15401974320411682	46
original_hum_ascii_original	original_hum	ascii_original	final_prompt_token_minus_5	87	an	18665	0.1512882262468338	47
original_hum_ascii_original	original_hum	ascii_original	final_prompt_token_minus_5	87	an	24803	0.15044784545898438	48
original_hum_ascii_original	original_hum	ascii_original	final_prompt_token_minus_5	87	an	234	0.15021780133247375	49
original_hum_ascii_original	original_hum	ascii_original	final_prompt_token_minus_5	87	an	19878	0.14971262216567993	50
original_hum_ascii_original	original_hum	ascii_original	final_prompt_token_minus_10	82	now	26684	0.889609158039093	1
original_hum_ascii_original	original_hum	ascii_original	final_prompt_token_minus_10	82	now	18527	0.6229002475738525	2
original_hum_ascii_original	original_hum	ascii_original	final_prompt_token_minus_10	82	now	2938	0.5061681270599365	3
original_hum_ascii_original	original_hum	ascii_original	final_prompt_token_minus_10	82	now	26403	0.4828205406665802	4
original_hum_ascii_original	original_hum	ascii_original	final_prompt_token_minus_10	82	now	677	0.4729841351509094	5
original_hum_ascii_original	original_hum	ascii_original	final_prompt_token_minus_10	82	now	6069	0.46696481108665466	6
original_hum_ascii_original	original_hum	ascii_original	final_prompt_token_minus_10	82	now	14672	0.43732544779777527	7
original_hum_ascii_original	original_hum	ascii_original	final_prompt_token_minus_10	82	now	10709	0.42887192964553833	8
original_hum_ascii_original	original_hum	ascii_original	final_prompt_token_minus_10	82	now	704	0.42639514803886414	9
original_hum_ascii_original	original_hum	ascii_original	final_prompt_token_minus_10	82	now	18847	0.37689152359962463	10
original_hum_ascii_original	original_hum	ascii_original	final_prompt_token_minus_10	82	now	75	0.35113757848739624	11
original_hum_ascii_original	original_hum	ascii_original	final_prompt_token_minus_10	82	now	7982	0.3287924528121948	12
original_hum_ascii_original	original_hum	ascii_original	final_prompt_token_minus_10	82	now	16439	0.32584112882614136	13
original_hum_ascii_original	original_hum	ascii_original	final_prompt_token_minus_10	82	now	9576	0.3218920826911926	14
original_hum_ascii_original	original_hum	ascii_original	final_prompt_token_minus_10	82	now	2430	0.31360337138175964	15
original_hum_ascii_original	original_hum	ascii_original	final_prompt_token_minus_10	82	now	2228	0.31241244077682495	16
original_hum_ascii_original	original_hum	ascii_original	final_prompt_token_minus_10	82	now	805	0.3022215962409973	17
original_hum_ascii_original	original_hum	ascii_original	final_prompt_token_minus_10	82	now	10346	0.30186042189598083	18
original_hum_ascii_original	original_hum	ascii_original	final_prompt_token_minus_10	82	now	27281	0.3000648021697998	19
original_hum_ascii_original	original_hum	ascii_original	final_prompt_token_minus_10	82	now	28971	0.2962263524532318	20
original_hum_ascii_original	original_hum	ascii_original	final_prompt_token_minus_10	82	now	19389	0.29297396540641785	21
original_hum_ascii_original	original_hum	ascii_original	final_prompt_token_minus_10	82	now	7837	0.2901981472969055	22
original_hum_ascii_original	original_hum	ascii_original	final_prompt_token_minus_10	82	now	30036	0.28681039810180664	23
original_hum_ascii_original	original_hum	ascii_original	final_prompt_token_minus_10	82	now	29466	0.2846367359161377	24
original_hum_ascii_original	original_hum	ascii_original	final_prompt_token_minus_10	82	now	20303	0.27867013216018677	25
original_hum_ascii_original	original_hum	ascii_original	final_prompt_token_minus_10	82	now	21687	0.27759215235710144	26
original_hum_ascii_original	original_hum	ascii_original	final_prompt_token_minus_10	82	now	22495	0.2724940776824951	27
original_hum_ascii_original	original_hum	ascii_original	final_prompt_token_minus_10	82	now	15458	0.26808157563209534	28
original_hum_ascii_original	original_hum	ascii_original	final_prompt_token_minus_10	82	now	25421	0.2616459131240845	29
original_hum_ascii_original	original_hum	ascii_original	final_prompt_token_minus_10	82	now	31897	0.2521059215068817	30
original_hum_ascii_original	original_hum	ascii_original	final_prompt_token_minus_10	82	now	3313	0.2518155574798584	31
original_hum_ascii_original	original_hum	ascii_original	final_prompt_token_minus_10	82	now	19185	0.24831916391849518	32
original_hum_ascii_original	original_hum	ascii_original	final_prompt_token_minus_10	82	now	7334	0.24433597922325134	33
original_hum_ascii_original	original_hum	ascii_original	final_prompt_token_minus_10	82	now	22922	0.24284198880195618	34
original_hum_ascii_original	original_hum	ascii_original	final_prompt_token_minus_10	82	now	7711	0.23950475454330444	35
original_hum_ascii_original	original_hum	ascii_original	final_prompt_token_minus_10	82	now	9860	0.23908883333206177	36
original_hum_ascii_original	original_hum	ascii_original	final_prompt_token_minus_10	82	now	428	0.2378072440624237	37
original_hum_ascii_original	original_hum	ascii_original	final_prompt_token_minus_10	82	now	17869	0.23722347617149353	38
original_hum_ascii_original	original_hum	ascii_original	final_prompt_token_minus_10	82	now	31836	0.23478424549102783	39
original_hum_ascii_original	original_hum	ascii_original	final_prompt_token_minus_10	82	now	26216	0.23426808416843414	40
original_hum_ascii_original	original_hum	ascii_original	final_prompt_token_minus_10	82	now	21750	0.2274419218301773	41
original_hum_ascii_original	original_hum	ascii_original	final_prompt_token_minus_10	82	now	5417	0.2244994044303894	42
original_hum_ascii_original	original_hum	ascii_original	final_prompt_token_minus_10	82	now	7754	0.22224198281764984	43
original_hum_ascii_original	original_hum	ascii_original	final_prompt_token_minus_10	82	now	21539	0.21820080280303955	44
original_hum_ascii_original	original_hum	ascii_original	final_prompt_token_minus_10	82	now	11147	0.21604061126708984	45
original_hum_ascii_original	original_hum	ascii_original	final_prompt_token_minus_10	82	now	1205	0.21149325370788574	46
original_hum_ascii_original	original_hum	ascii_original	final_prompt_token_minus_10	82	now	24339	0.2078033685684204	47
original_hum_ascii_original	original_hum	ascii_original	final_prompt_token_minus_10	82	now	1930	0.2050679624080658	48
original_hum_ascii_original	original_hum	ascii_original	final_prompt_token_minus_10	82	now	2567	0.20114871859550476	49
original_hum_ascii_original	original_hum	ascii_original	final_prompt_token_minus_10	82	now	5024	0.19575046002864838	50
original_hum_d_to_dstroke	original_hum	d_to_ḑ	final_prompt_token	123	.	2938	1.419109582901001	1
original_hum_d_to_dstroke	original_hum	d_to_ḑ	final_prompt_token	123	.	18937	0.6690738201141357	2
original_hum_d_to_dstroke	original_hum	d_to_ḑ	final_prompt_token	123	.	28713	0.6564427018165588	3
original_hum_d_to_dstroke	original_hum	d_to_ḑ	final_prompt_token	123	.	11256	0.41880542039871216	4
original_hum_d_to_dstroke	original_hum	d_to_ḑ	final_prompt_token	123	.	3241	0.39311307668685913	5
original_hum_d_to_dstroke	original_hum	d_to_ḑ	final_prompt_token	123	.	1626	0.36685705184936523	6
original_hum_d_to_dstroke	original_hum	d_to_ḑ	final_prompt_token	123	.	19389	0.3619787096977234	7
original_hum_d_to_dstroke	original_hum	d_to_ḑ	final_prompt_token	123	.	13935	0.3231457471847534	8
original_hum_d_to_dstroke	original_hum	d_to_ḑ	final_prompt_token	123	.	15954	0.3038575053215027	9
original_hum_d_to_dstroke	original_hum	d_to_ḑ	final_prompt_token	123	.	6429	0.30359742045402527	10
original_hum_d_to_dstroke	original_hum	d_to_ḑ	final_prompt_token	123	.	31908	0.292633056640625	11
original_hum_d_to_dstroke	original_hum	d_to_ḑ	final_prompt_token	123	.	6194	0.27976343035697937	12
original_hum_d_to_dstroke	original_hum	d_to_ḑ	final_prompt_token	123	.	26684	0.2723023295402527	13
original_hum_d_to_dstroke	original_hum	d_to_ḑ	final_prompt_token	123	.	27342	0.26426947116851807	14
original_hum_d_to_dstroke	original_hum	d_to_ḑ	final_prompt_token	123	.	5257	0.2598109841346741	15
original_hum_d_to_dstroke	original_hum	d_to_ḑ	final_prompt_token	123	.	25001	0.25474822521209717	16
original_hum_d_to_dstroke	original_hum	d_to_ḑ	final_prompt_token	123	.	29524	0.25457948446273804	17
original_hum_d_to_dstroke	original_hum	d_to_ḑ	final_prompt_token	123	.	599	0.2543397545814514	18
original_hum_d_to_dstroke	original_hum	d_to_ḑ	final_prompt_token	123	.	6021	0.24918213486671448	19
original_hum_d_to_dstroke	original_hum	d_to_ḑ	final_prompt_token	123	.	15076	0.23772163689136505	20
original_hum_d_to_dstroke	original_hum	d_to_ḑ	final_prompt_token	123	.	18198	0.22990606725215912	21
original_hum_d_to_dstroke	original_hum	d_to_ḑ	final_prompt_token	123	.	25575	0.22415493428707123	22
original_hum_d_to_dstroke	original_hum	d_to_ḑ	final_prompt_token	123	.	799	0.2219994068145752	23
original_hum_d_to_dstroke	original_hum	d_to_ḑ	final_prompt_token	123	.	12320	0.22033339738845825	24
original_hum_d_to_dstroke	original_hum	d_to_ḑ	final_prompt_token	123	.	32698	0.21616390347480774	25
original_hum_d_to_dstroke	original_hum	d_to_ḑ	final_prompt_token	123	.	17394	0.19928550720214844	26
original_hum_d_to_dstroke	original_hum	d_to_ḑ	final_prompt_token	123	.	30453	0.19626528024673462	27
original_hum_d_to_dstroke	original_hum	d_to_ḑ	final_prompt_token	123	.	7982	0.19445525109767914	28
original_hum_d_to_dstroke	original_hum	d_to_ḑ	final_prompt_token	123	.	8882	0.19398604333400726	29
original_hum_d_to_dstroke	original_hum	d_to_ḑ	final_prompt_token	123	.	13916	0.19077569246292114	30
original_hum_d_to_dstroke	original_hum	d_to_ḑ	final_prompt_token	123	.	8216	0.18992257118225098	31
original_hum_d_to_dstroke	original_hum	d_to_ḑ	final_prompt_token	123	.	16439	0.18667387962341309	32
original_hum_d_to_dstroke	original_hum	d_to_ḑ	final_prompt_token	123	.	3271	0.18286730349063873	33
original_hum_d_to_dstroke	original_hum	d_to_ḑ	final_prompt_token	123	.	30033	0.18174317479133606	34
original_hum_d_to_dstroke	original_hum	d_to_ḑ	final_prompt_token	123	.	7163	0.17769035696983337	35
original_hum_d_to_dstroke	original_hum	d_to_ḑ	final_prompt_token	123	.	21539	0.17231754958629608	36
original_hum_d_to_dstroke	original_hum	d_to_ḑ	final_prompt_token	123	.	22503	0.1708149015903473	37
original_hum_d_to_dstroke	original_hum	d_to_ḑ	final_prompt_token	123	.	17869	0.17034292221069336	38
original_hum_d_to_dstroke	original_hum	d_to_ḑ	final_prompt_token	123	.	26363	0.17028480768203735	39
original_hum_d_to_dstroke	original_hum	d_to_ḑ	final_prompt_token	123	.	31784	0.17004404962062836	40
original_hum_d_to_dstroke	original_hum	d_to_ḑ	final_prompt_token	123	.	15560	0.16820433735847473	41
original_hum_d_to_dstroke	original_hum	d_to_ḑ	final_prompt_token	123	.	11456	0.16548848152160645	42
original_hum_d_to_dstroke	original_hum	d_to_ḑ	final_prompt_token	123	.	13061	0.16483856737613678	43
original_hum_d_to_dstroke	original_hum	d_to_ḑ	final_prompt_token	123	.	8418	0.1636325716972351	44
original_hum_d_to_dstroke	original_hum	d_to_ḑ	final_prompt_token	123	.	31073	0.15929995477199554	45
original_hum_d_to_dstroke	original_hum	d_to_ḑ	final_prompt_token	123	.	5995	0.15720340609550476	46
original_hum_d_to_dstroke	original_hum	d_to_ḑ	final_prompt_token	123	.	14614	0.15708018839359283	47
original_hum_d_to_dstroke	original_hum	d_to_ḑ	final_prompt_token	123	.	19850	0.15696120262145996	48
original_hum_d_to_dstroke	original_hum	d_to_ḑ	final_prompt_token	123	.	21181	0.15595227479934692	49
original_hum_d_to_dstroke	original_hum	d_to_ḑ	final_prompt_token	123	.	25351	0.15449309349060059	50
original_hum_d_to_dstroke	original_hum	d_to_ḑ	final_prompt_token_minus_1	122	check	799	2.0068793296813965	1
original_hum_d_to_dstroke	original_hum	d_to_ḑ	final_prompt_token_minus_1	122	check	2938	1.053802728652954	2
original_hum_d_to_dstroke	original_hum	d_to_ḑ	final_prompt_token_minus_1	122	check	16706	0.5855754613876343	3
original_hum_d_to_dstroke	original_hum	d_to_ḑ	final_prompt_token_minus_1	122	check	27342	0.5054236054420471	4
original_hum_d_to_dstroke	original_hum	d_to_ḑ	final_prompt_token_minus_1	122	check	19389	0.3332189619541168	5
original_hum_d_to_dstroke	original_hum	d_to_ḑ	final_prompt_token_minus_1	122	check	11256	0.3321896195411682	6
original_hum_d_to_dstroke	original_hum	d_to_ḑ	final_prompt_token_minus_1	122	check	16439	0.3069626986980438	7
original_hum_d_to_dstroke	original_hum	d_to_ḑ	final_prompt_token_minus_1	122	check	26684	0.30137333273887634	8
original_hum_d_to_dstroke	original_hum	d_to_ḑ	final_prompt_token_minus_1	122	check	25001	0.29537510871887207	9
original_hum_d_to_dstroke	original_hum	d_to_ḑ	final_prompt_token_minus_1	122	check	32454	0.2886806130409241	10
original_hum_d_to_dstroke	original_hum	d_to_ḑ	final_prompt_token_minus_1	122	check	20031	0.2715725898742676	11
original_hum_d_to_dstroke	original_hum	d_to_ḑ	final_prompt_token_minus_1	122	check	29171	0.26568418741226196	12
original_hum_d_to_dstroke	original_hum	d_to_ḑ	final_prompt_token_minus_1	122	check	19850	0.25955215096473694	13
original_hum_d_to_dstroke	original_hum	d_to_ḑ	final_prompt_token_minus_1	122	check	15076	0.25653743743896484	14
original_hum_d_to_dstroke	original_hum	d_to_ḑ	final_prompt_token_minus_1	122	check	9241	0.2552773356437683	15
original_hum_d_to_dstroke	original_hum	d_to_ḑ	final_prompt_token_minus_1	122	check	29065	0.2354351133108139	16
original_hum_d_to_dstroke	original_hum	d_to_ḑ	final_prompt_token_minus_1	122	check	16475	0.23531760275363922	17
original_hum_d_to_dstroke	original_hum	d_to_ḑ	final_prompt_token_minus_1	122	check	8216	0.23432260751724243	18
original_hum_d_to_dstroke	original_hum	d_to_ḑ	final_prompt_token_minus_1	122	check	7982	0.23385506868362427	19
original_hum_d_to_dstroke	original_hum	d_to_ḑ	final_prompt_token_minus_1	122	check	9990	0.2164575606584549	20
original_hum_d_to_dstroke	original_hum	d_to_ḑ	final_prompt_token_minus_1	122	check	704	0.21520653367042542	21
original_hum_d_to_dstroke	original_hum	d_to_ḑ	final_prompt_token_minus_1	122	check	23071	0.21377643942832947	22
original_hum_d_to_dstroke	original_hum	d_to_ḑ	final_prompt_token_minus_1	122	check	8882	0.21301569044589996	23
original_hum_d_to_dstroke	original_hum	d_to_ḑ	final_prompt_token_minus_1	122	check	22353	0.20395225286483765	24
original_hum_d_to_dstroke	original_hum	d_to_ḑ	final_prompt_token_minus_1	122	check	26598	0.20387645065784454	25
original_hum_d_to_dstroke	original_hum	d_to_ḑ	final_prompt_token_minus_1	122	check	5257	0.199561208486557	26
original_hum_d_to_dstroke	original_hum	d_to_ḑ	final_prompt_token_minus_1	122	check	10709	0.19949519634246826	27
original_hum_d_to_dstroke	original_hum	d_to_ḑ	final_prompt_token_minus_1	122	check	8891	0.18265429139137268	28
original_hum_d_to_dstroke	original_hum	d_to_ḑ	final_prompt_token_minus_1	122	check	29472	0.18232472240924835	29
original_hum_d_to_dstroke	original_hum	d_to_ḑ	final_prompt_token_minus_1	122	check	17164	0.1821117103099823	30
original_hum_d_to_dstroke	original_hum	d_to_ḑ	final_prompt_token_minus_1	122	check	17869	0.18000516295433044	31
original_hum_d_to_dstroke	original_hum	d_to_ḑ	final_prompt_token_minus_1	122	check	1659	0.1735302358865738	32
original_hum_d_to_dstroke	original_hum	d_to_ḑ	final_prompt_token_minus_1	122	check	18977	0.17150886356830597	33
original_hum_d_to_dstroke	original_hum	d_to_ḑ	final_prompt_token_minus_1	122	check	31784	0.1702091246843338	34
original_hum_d_to_dstroke	original_hum	d_to_ḑ	final_prompt_token_minus_1	122	check	6593	0.16995172202587128	35
original_hum_d_to_dstroke	original_hum	d_to_ḑ	final_prompt_token_minus_1	122	check	31420	0.16677449643611908	36
original_hum_d_to_dstroke	original_hum	d_to_ḑ	final_prompt_token_minus_1	122	check	7506	0.16334952414035797	37
original_hum_d_to_dstroke	original_hum	d_to_ḑ	final_prompt_token_minus_1	122	check	13916	0.1611262857913971	38
original_hum_d_to_dstroke	original_hum	d_to_ḑ	final_prompt_token_minus_1	122	check	4844	0.15999847650527954	39
original_hum_d_to_dstroke	original_hum	d_to_ḑ	final_prompt_token_minus_1	122	check	27461	0.15898162126541138	40
original_hum_d_to_dstroke	original_hum	d_to_ḑ	final_prompt_token_minus_1	122	check	26262	0.155172199010849	41
original_hum_d_to_dstroke	original_hum	d_to_ḑ	final_prompt_token_minus_1	122	check	22025	0.15390099585056305	42
original_hum_d_to_dstroke	original_hum	d_to_ḑ	final_prompt_token_minus_1	122	check	31836	0.15385742485523224	43
original_hum_d_to_dstroke	original_hum	d_to_ḑ	final_prompt_token_minus_1	122	check	31073	0.15365728735923767	44
original_hum_d_to_dstroke	original_hum	d_to_ḑ	final_prompt_token_minus_1	122	check	16041	0.1511763334274292	45
original_hum_d_to_dstroke	original_hum	d_to_ḑ	final_prompt_token_minus_1	122	check	10265	0.15064644813537598	46
original_hum_d_to_dstroke	original_hum	d_to_ḑ	final_prompt_token_minus_1	122	check	24636	0.14925485849380493	47
original_hum_d_to_dstroke	original_hum	d_to_ḑ	final_prompt_token_minus_1	122	check	10764	0.14704197645187378	48
original_hum_d_to_dstroke	original_hum	d_to_ḑ	final_prompt_token_minus_1	122	check	32448	0.1465790569782257	49
original_hum_d_to_dstroke	original_hum	d_to_ḑ	final_prompt_token_minus_1	122	check	15484	0.14511865377426147	50
original_hum_d_to_dstroke	original_hum	d_to_ḑ	final_prompt_token_minus_2	121	Just	28392	1.4150110483169556	1
original_hum_d_to_dstroke	original_hum	d_to_ḑ	final_prompt_token_minus_2	121	Just	2938	0.8165283203125	2
original_hum_d_to_dstroke	original_hum	d_to_ḑ	final_prompt_token_minus_2	121	Just	21517	0.4345511794090271	3
original_hum_d_to_dstroke	original_hum	d_to_ḑ	final_prompt_token_minus_2	121	Just	19943	0.39995047450065613	4
original_hum_d_to_dstroke	original_hum	d_to_ḑ	final_prompt_token_minus_2	121	Just	5257	0.39486855268478394	5
original_hum_d_to_dstroke	original_hum	d_to_ḑ	final_prompt_token_minus_2	121	Just	27342	0.36044904589653015	6
original_hum_d_to_dstroke	original_hum	d_to_ḑ	final_prompt_token_minus_2	121	Just	19389	0.35003915429115295	7
original_hum_d_to_dstroke	original_hum	d_to_ḑ	final_prompt_token_minus_2	121	Just	16439	0.3137315511703491	8
original_hum_d_to_dstroke	original_hum	d_to_ḑ	final_prompt_token_minus_2	121	Just	10709	0.3102661967277527	9
original_hum_d_to_dstroke	original_hum	d_to_ḑ	final_prompt_token_minus_2	121	Just	17869	0.3098416328430176	10
original_hum_d_to_dstroke	original_hum	d_to_ḑ	final_prompt_token_minus_2	121	Just	9317	0.3094215393066406	11
original_hum_d_to_dstroke	original_hum	d_to_ḑ	final_prompt_token_minus_2	121	Just	27461	0.28558462858200073	12
original_hum_d_to_dstroke	original_hum	d_to_ḑ	final_prompt_token_minus_2	121	Just	26684	0.2798583507537842	13
original_hum_d_to_dstroke	original_hum	d_to_ḑ	final_prompt_token_minus_2	121	Just	10265	0.2747947871685028	14
original_hum_d_to_dstroke	original_hum	d_to_ḑ	final_prompt_token_minus_2	121	Just	30453	0.25571975111961365	15
original_hum_d_to_dstroke	original_hum	d_to_ḑ	final_prompt_token_minus_2	121	Just	21478	0.24644698202610016	16
original_hum_d_to_dstroke	original_hum	d_to_ḑ	final_prompt_token_minus_2	121	Just	25341	0.24511995911598206	17
original_hum_d_to_dstroke	original_hum	d_to_ḑ	final_prompt_token_minus_2	121	Just	31836	0.24311479926109314	18
original_hum_d_to_dstroke	original_hum	d_to_ḑ	final_prompt_token_minus_2	121	Just	30205	0.23923537135124207	19
original_hum_d_to_dstroke	original_hum	d_to_ḑ	final_prompt_token_minus_2	121	Just	14675	0.23610222339630127	20
original_hum_d_to_dstroke	original_hum	d_to_ḑ	final_prompt_token_minus_2	121	Just	11256	0.23008200526237488	21
original_hum_d_to_dstroke	original_hum	d_to_ḑ	final_prompt_token_minus_2	121	Just	7468	0.2257687896490097	22
original_hum_d_to_dstroke	original_hum	d_to_ḑ	final_prompt_token_minus_2	121	Just	2204	0.21712368726730347	23
original_hum_d_to_dstroke	original_hum	d_to_ḑ	final_prompt_token_minus_2	121	Just	18198	0.2164829969406128	24
original_hum_d_to_dstroke	original_hum	d_to_ḑ	final_prompt_token_minus_2	121	Just	30080	0.2155326008796692	25
original_hum_d_to_dstroke	original_hum	d_to_ḑ	final_prompt_token_minus_2	121	Just	15954	0.2145940363407135	26
original_hum_d_to_dstroke	original_hum	d_to_ḑ	final_prompt_token_minus_2	121	Just	18836	0.21441802382469177	27
original_hum_d_to_dstroke	original_hum	d_to_ḑ	final_prompt_token_minus_2	121	Just	16475	0.21112452447414398	28
original_hum_d_to_dstroke	original_hum	d_to_ḑ	final_prompt_token_minus_2	121	Just	32454	0.20875245332717896	29
original_hum_d_to_dstroke	original_hum	d_to_ḑ	final_prompt_token_minus_2	121	Just	9563	0.20821180939674377	30
original_hum_d_to_dstroke	original_hum	d_to_ḑ	final_prompt_token_minus_2	121	Just	7982	0.2049368917942047	31
original_hum_d_to_dstroke	original_hum	d_to_ḑ	final_prompt_token_minus_2	121	Just	15076	0.20294709503650665	32
original_hum_d_to_dstroke	original_hum	d_to_ḑ	final_prompt_token_minus_2	121	Just	16859	0.20076380670070648	33
original_hum_d_to_dstroke	original_hum	d_to_ḑ	final_prompt_token_minus_2	121	Just	5851	0.19990213215351105	34
original_hum_d_to_dstroke	original_hum	d_to_ḑ	final_prompt_token_minus_2	121	Just	4795	0.1927788108587265	35
original_hum_d_to_dstroke	original_hum	d_to_ḑ	final_prompt_token_minus_2	121	Just	2977	0.1917455792427063	36
original_hum_d_to_dstroke	original_hum	d_to_ḑ	final_prompt_token_minus_2	121	Just	26723	0.1888638436794281	37
original_hum_d_to_dstroke	original_hum	d_to_ḑ	final_prompt_token_minus_2	121	Just	741	0.18869461119174957	38
original_hum_d_to_dstroke	original_hum	d_to_ḑ	final_prompt_token_minus_2	121	Just	14771	0.1831253468990326	39
original_hum_d_to_dstroke	original_hum	d_to_ḑ	final_prompt_token_minus_2	121	Just	25077	0.1820216178894043	40
original_hum_d_to_dstroke	original_hum	d_to_ḑ	final_prompt_token_minus_2	121	Just	22932	0.1817527413368225	41
original_hum_d_to_dstroke	original_hum	d_to_ḑ	final_prompt_token_minus_2	121	Just	15840	0.18086665868759155	42
original_hum_d_to_dstroke	original_hum	d_to_ḑ	final_prompt_token_minus_2	121	Just	8418	0.17924964427947998	43
original_hum_d_to_dstroke	original_hum	d_to_ḑ	final_prompt_token_minus_2	121	Just	9784	0.1778143048286438	44
original_hum_d_to_dstroke	original_hum	d_to_ḑ	final_prompt_token_minus_2	121	Just	25098	0.1752415895462036	45
original_hum_d_to_dstroke	original_hum	d_to_ḑ	final_prompt_token_minus_2	121	Just	20031	0.17481237649917603	46
original_hum_d_to_dstroke	original_hum	d_to_ḑ	final_prompt_token_minus_2	121	Just	23592	0.1736152172088623	47
original_hum_d_to_dstroke	original_hum	d_to_ḑ	final_prompt_token_minus_2	121	Just	7506	0.1714598536491394	48
original_hum_d_to_dstroke	original_hum	d_to_ḑ	final_prompt_token_minus_2	121	Just	28492	0.1709779053926468	49
original_hum_d_to_dstroke	original_hum	d_to_ḑ	final_prompt_token_minus_2	121	Just	23070	0.16700264811515808	50
original_hum_d_to_dstroke	original_hum	d_to_ḑ	final_prompt_token_minus_5	118	an	4514	1.240897297859192	1
original_hum_d_to_dstroke	original_hum	d_to_ḑ	final_prompt_token_minus_5	118	an	2938	1.1930816173553467	2
original_hum_d_to_dstroke	original_hum	d_to_ḑ	final_prompt_token_minus_5	118	an	23952	0.690320611000061	3
original_hum_d_to_dstroke	original_hum	d_to_ḑ	final_prompt_token_minus_5	118	an	5230	0.5325244665145874	4
original_hum_d_to_dstroke	original_hum	d_to_ḑ	final_prompt_token_minus_5	118	an	1984	0.431770920753479	5
original_hum_d_to_dstroke	original_hum	d_to_ḑ	final_prompt_token_minus_5	118	an	23178	0.37499165534973145	6
original_hum_d_to_dstroke	original_hum	d_to_ḑ	final_prompt_token_minus_5	118	an	7982	0.3409038186073303	7
original_hum_d_to_dstroke	original_hum	d_to_ḑ	final_prompt_token_minus_5	118	an	5412	0.33396145701408386	8
original_hum_d_to_dstroke	original_hum	d_to_ḑ	final_prompt_token_minus_5	118	an	11412	0.29836344718933105	9
original_hum_d_to_dstroke	original_hum	d_to_ḑ	final_prompt_token_minus_5	118	an	19668	0.279916912317276	10
original_hum_d_to_dstroke	original_hum	d_to_ḑ	final_prompt_token_minus_5	118	an	30911	0.26627427339553833	11
original_hum_d_to_dstroke	original_hum	d_to_ḑ	final_prompt_token_minus_5	118	an	31206	0.2377845048904419	12
original_hum_d_to_dstroke	original_hum	d_to_ḑ	final_prompt_token_minus_5	118	an	5566	0.23700618743896484	13
original_hum_d_to_dstroke	original_hum	d_to_ḑ	final_prompt_token_minus_5	118	an	13599	0.22912712395191193	14
original_hum_d_to_dstroke	original_hum	d_to_ḑ	final_prompt_token_minus_5	118	an	15420	0.2183503806591034	15
original_hum_d_to_dstroke	original_hum	d_to_ḑ	final_prompt_token_minus_5	118	an	4067	0.20741534233093262	16
original_hum_d_to_dstroke	original_hum	d_to_ḑ	final_prompt_token_minus_5	118	an	19389	0.20688822865486145	17
original_hum_d_to_dstroke	original_hum	d_to_ḑ	final_prompt_token_minus_5	118	an	12693	0.19814512133598328	18
original_hum_d_to_dstroke	original_hum	d_to_ḑ	final_prompt_token_minus_5	118	an	27281	0.19430263340473175	19
original_hum_d_to_dstroke	original_hum	d_to_ḑ	final_prompt_token_minus_5	118	an	380	0.19091449677944183	20
original_hum_d_to_dstroke	original_hum	d_to_ḑ	final_prompt_token_minus_5	118	an	16041	0.19079989194869995	21
original_hum_d_to_dstroke	original_hum	d_to_ḑ	final_prompt_token_minus_5	118	an	14667	0.17996856570243835	22
original_hum_d_to_dstroke	original_hum	d_to_ḑ	final_prompt_token_minus_5	118	an	29275	0.17809541523456573	23
original_hum_d_to_dstroke	original_hum	d_to_ḑ	final_prompt_token_minus_5	118	an	11145	0.17775043845176697	24
original_hum_d_to_dstroke	original_hum	d_to_ḑ	final_prompt_token_minus_5	118	an	12709	0.16847480833530426	25
original_hum_d_to_dstroke	original_hum	d_to_ḑ	final_prompt_token_minus_5	118	an	2802	0.1669457107782364	26
original_hum_d_to_dstroke	original_hum	d_to_ḑ	final_prompt_token_minus_5	118	an	3271	0.16352029144763947	27
original_hum_d_to_dstroke	original_hum	d_to_ḑ	final_prompt_token_minus_5	118	an	24803	0.16333657503128052	28
original_hum_d_to_dstroke	original_hum	d_to_ḑ	final_prompt_token_minus_5	118	an	14855	0.16188299655914307	29
original_hum_d_to_dstroke	original_hum	d_to_ḑ	final_prompt_token_minus_5	118	an	9784	0.16072511672973633	30
original_hum_d_to_dstroke	original_hum	d_to_ḑ	final_prompt_token_minus_5	118	an	30153	0.1606588065624237	31
original_hum_d_to_dstroke	original_hum	d_to_ḑ	final_prompt_token_minus_5	118	an	7777	0.15965178608894348	32
original_hum_d_to_dstroke	original_hum	d_to_ḑ	final_prompt_token_minus_5	118	an	2547	0.1577763557434082	33
original_hum_d_to_dstroke	original_hum	d_to_ḑ	final_prompt_token_minus_5	118	an	31589	0.15601591765880585	34
original_hum_d_to_dstroke	original_hum	d_to_ḑ	final_prompt_token_minus_5	118	an	557	0.15300267934799194	35
original_hum_d_to_dstroke	original_hum	d_to_ḑ	final_prompt_token_minus_5	118	an	28289	0.14900407195091248	36
original_hum_d_to_dstroke	original_hum	d_to_ḑ	final_prompt_token_minus_5	118	an	11456	0.14790529012680054	37
original_hum_d_to_dstroke	original_hum	d_to_ḑ	final_prompt_token_minus_5	118	an	27606	0.14511610567569733	38
original_hum_d_to_dstroke	original_hum	d_to_ḑ	final_prompt_token_minus_5	118	an	31784	0.14504337310791016	39
original_hum_d_to_dstroke	original_hum	d_to_ḑ	final_prompt_token_minus_5	118	an	12998	0.14165879786014557	40
original_hum_d_to_dstroke	original_hum	d_to_ḑ	final_prompt_token_minus_5	118	an	16793	0.14150255918502808	41
original_hum_d_to_dstroke	original_hum	d_to_ḑ	final_prompt_token_minus_5	118	an	28777	0.14130930602550507	42
original_hum_d_to_dstroke	original_hum	d_to_ḑ	final_prompt_token_minus_5	118	an	5669	0.13996435701847076	43
original_hum_d_to_dstroke	original_hum	d_to_ḑ	final_prompt_token_minus_5	118	an	31632	0.13972151279449463	44
original_hum_d_to_dstroke	original_hum	d_to_ḑ	final_prompt_token_minus_5	118	an	14771	0.1396116018295288	45
original_hum_d_to_dstroke	original_hum	d_to_ḑ	final_prompt_token_minus_5	118	an	21350	0.13753049075603485	46
original_hum_d_to_dstroke	original_hum	d_to_ḑ	final_prompt_token_minus_5	118	an	31025	0.13752314448356628	47
original_hum_d_to_dstroke	original_hum	d_to_ḑ	final_prompt_token_minus_5	118	an	6629	0.13236121833324432	48
original_hum_d_to_dstroke	original_hum	d_to_ḑ	final_prompt_token_minus_5	118	an	14949	0.13041281700134277	49
original_hum_d_to_dstroke	original_hum	d_to_ḑ	final_prompt_token_minus_5	118	an	20330	0.12973371148109436	50
original_hum_d_to_dstroke	original_hum	d_to_ḑ	final_prompt_token_minus_10	113	now	26684	0.9172018766403198	1
original_hum_d_to_dstroke	original_hum	d_to_ḑ	final_prompt_token_minus_10	113	now	18527	0.6763356924057007	2
original_hum_d_to_dstroke	original_hum	d_to_ḑ	final_prompt_token_minus_10	113	now	677	0.5709426999092102	3
original_hum_d_to_dstroke	original_hum	d_to_ḑ	final_prompt_token_minus_10	113	now	7837	0.49761080741882324	4
original_hum_d_to_dstroke	original_hum	d_to_ḑ	final_prompt_token_minus_10	113	now	6069	0.4657494127750397	5
original_hum_d_to_dstroke	original_hum	d_to_ḑ	final_prompt_token_minus_10	113	now	16439	0.4301456809043884	6
original_hum_d_to_dstroke	original_hum	d_to_ḑ	final_prompt_token_minus_10	113	now	30036	0.4072027802467346	7
original_hum_d_to_dstroke	original_hum	d_to_ḑ	final_prompt_token_minus_10	113	now	704	0.4000110328197479	8
original_hum_d_to_dstroke	original_hum	d_to_ḑ	final_prompt_token_minus_10	113	now	18847	0.39941105246543884	9
original_hum_d_to_dstroke	original_hum	d_to_ḑ	final_prompt_token_minus_10	113	now	75	0.38805150985717773	10
original_hum_d_to_dstroke	original_hum	d_to_ḑ	final_prompt_token_minus_10	113	now	14672	0.38519683480262756	11
original_hum_d_to_dstroke	original_hum	d_to_ḑ	final_prompt_token_minus_10	113	now	10709	0.3793083131313324	12
original_hum_d_to_dstroke	original_hum	d_to_ḑ	final_prompt_token_minus_10	113	now	26403	0.33245477080345154	13
original_hum_d_to_dstroke	original_hum	d_to_ḑ	final_prompt_token_minus_10	113	now	805	0.32813411951065063	14
original_hum_d_to_dstroke	original_hum	d_to_ḑ	final_prompt_token_minus_10	113	now	2430	0.3193078935146332	15
original_hum_d_to_dstroke	original_hum	d_to_ḑ	final_prompt_token_minus_10	113	now	10346	0.31016677618026733	16
original_hum_d_to_dstroke	original_hum	d_to_ḑ	final_prompt_token_minus_10	113	now	12704	0.3084842562675476	17
original_hum_d_to_dstroke	original_hum	d_to_ḑ	final_prompt_token_minus_10	113	now	20303	0.3061249256134033	18
original_hum_d_to_dstroke	original_hum	d_to_ḑ	final_prompt_token_minus_10	113	now	4715	0.3026595115661621	19
original_hum_d_to_dstroke	original_hum	d_to_ḑ	final_prompt_token_minus_10	113	now	2228	0.29612329602241516	20
original_hum_d_to_dstroke	original_hum	d_to_ḑ	final_prompt_token_minus_10	113	now	2938	0.29410529136657715	21
original_hum_d_to_dstroke	original_hum	d_to_ḑ	final_prompt_token_minus_10	113	now	7754	0.29310089349746704	22
original_hum_d_to_dstroke	original_hum	d_to_ḑ	final_prompt_token_minus_10	113	now	7982	0.2782033681869507	23
original_hum_d_to_dstroke	original_hum	d_to_ḑ	final_prompt_token_minus_10	113	now	9576	0.2746232748031616	24
original_hum_d_to_dstroke	original_hum	d_to_ḑ	final_prompt_token_minus_10	113	now	29466	0.27021053433418274	25
original_hum_d_to_dstroke	original_hum	d_to_ḑ	final_prompt_token_minus_10	113	now	428	0.2692103087902069	26
original_hum_d_to_dstroke	original_hum	d_to_ḑ	final_prompt_token_minus_10	113	now	1238	0.26794320344924927	27
original_hum_d_to_dstroke	original_hum	d_to_ḑ	final_prompt_token_minus_10	113	now	22922	0.2585684359073639	28
original_hum_d_to_dstroke	original_hum	d_to_ḑ	final_prompt_token_minus_10	113	now	9860	0.2564253509044647	29
original_hum_d_to_dstroke	original_hum	d_to_ḑ	final_prompt_token_minus_10	113	now	21687	0.25352445244789124	30
original_hum_d_to_dstroke	original_hum	d_to_ḑ	final_prompt_token_minus_10	113	now	31836	0.25292956829071045	31
original_hum_d_to_dstroke	original_hum	d_to_ḑ	final_prompt_token_minus_10	113	now	7711	0.24892441928386688	32
original_hum_d_to_dstroke	original_hum	d_to_ḑ	final_prompt_token_minus_10	113	now	2720	0.24475085735321045	33
original_hum_d_to_dstroke	original_hum	d_to_ḑ	final_prompt_token_minus_10	113	now	15458	0.2445109486579895	34
original_hum_d_to_dstroke	original_hum	d_to_ḑ	final_prompt_token_minus_10	113	now	1206	0.24399080872535706	35
original_hum_d_to_dstroke	original_hum	d_to_ḑ	final_prompt_token_minus_10	113	now	27281	0.2333463728427887	36
original_hum_d_to_dstroke	original_hum	d_to_ḑ	final_prompt_token_minus_10	113	now	3361	0.2284112274646759	37
original_hum_d_to_dstroke	original_hum	d_to_ḑ	final_prompt_token_minus_10	113	now	1205	0.2264353632926941	38
original_hum_d_to_dstroke	original_hum	d_to_ḑ	final_prompt_token_minus_10	113	now	25421	0.2256840467453003	39
original_hum_d_to_dstroke	original_hum	d_to_ḑ	final_prompt_token_minus_10	113	now	16073	0.22353032231330872	40
original_hum_d_to_dstroke	original_hum	d_to_ḑ	final_prompt_token_minus_10	113	now	22495	0.22282828390598297	41
original_hum_d_to_dstroke	original_hum	d_to_ḑ	final_prompt_token_minus_10	113	now	1930	0.2226565182209015	42
original_hum_d_to_dstroke	original_hum	d_to_ḑ	final_prompt_token_minus_10	113	now	31897	0.22252129018306732	43
original_hum_d_to_dstroke	original_hum	d_to_ḑ	final_prompt_token_minus_10	113	now	28971	0.22107520699501038	44
original_hum_d_to_dstroke	original_hum	d_to_ḑ	final_prompt_token_minus_10	113	now	21750	0.21681685745716095	45
original_hum_d_to_dstroke	original_hum	d_to_ḑ	final_prompt_token_minus_10	113	now	3313	0.21567752957344055	46
original_hum_d_to_dstroke	original_hum	d_to_ḑ	final_prompt_token_minus_10	113	now	19389	0.21193012595176697	47
original_hum_d_to_dstroke	original_hum	d_to_ḑ	final_prompt_token_minus_10	113	now	26586	0.21104422211647034	48
original_hum_d_to_dstroke	original_hum	d_to_ḑ	final_prompt_token_minus_10	113	now	5417	0.21049508452415466	49
original_hum_d_to_dstroke	original_hum	d_to_ḑ	final_prompt_token_minus_10	113	now	22114	0.20778627693653107	50
original_hum_e_to_emacron	original_hum	e_to_ē	final_prompt_token	176	.	2938	1.7757532596588135	1
original_hum_e_to_emacron	original_hum	e_to_ē	final_prompt_token	176	.	18937	0.580896258354187	2
original_hum_e_to_emacron	original_hum	e_to_ē	final_prompt_token	176	.	28713	0.5581825971603394	3
original_hum_e_to_emacron	original_hum	e_to_ē	final_prompt_token	176	.	3241	0.4646804928779602	4
original_hum_e_to_emacron	original_hum	e_to_ē	final_prompt_token	176	.	19389	0.40884074568748474	5
original_hum_e_to_emacron	original_hum	e_to_ē	final_prompt_token	176	.	13935	0.38315629959106445	6
original_hum_e_to_emacron	original_hum	e_to_ē	final_prompt_token	176	.	1626	0.35695815086364746	7
original_hum_e_to_emacron	original_hum	e_to_ē	final_prompt_token	176	.	26684	0.35160887241363525	8
original_hum_e_to_emacron	original_hum	e_to_ē	final_prompt_token	176	.	29524	0.33870983123779297	9
original_hum_e_to_emacron	original_hum	e_to_ē	final_prompt_token	176	.	6194	0.30317363142967224	10
original_hum_e_to_emacron	original_hum	e_to_ē	final_prompt_token	176	.	23977	0.2969532310962677	11
original_hum_e_to_emacron	original_hum	e_to_ē	final_prompt_token	176	.	31908	0.2814803421497345	12
original_hum_e_to_emacron	original_hum	e_to_ē	final_prompt_token	176	.	15076	0.2743016183376312	13
original_hum_e_to_emacron	original_hum	e_to_ē	final_prompt_token	176	.	16439	0.2690476179122925	14
original_hum_e_to_emacron	original_hum	e_to_ē	final_prompt_token	176	.	15954	0.24051031470298767	15
original_hum_e_to_emacron	original_hum	e_to_ē	final_prompt_token	176	.	17394	0.24025824666023254	16
original_hum_e_to_emacron	original_hum	e_to_ē	final_prompt_token	176	.	27872	0.2392137497663498	17
original_hum_e_to_emacron	original_hum	e_to_ē	final_prompt_token	176	.	14858	0.23145881295204163	18
original_hum_e_to_emacron	original_hum	e_to_ē	final_prompt_token	176	.	1242	0.22755181789398193	19
original_hum_e_to_emacron	original_hum	e_to_ē	final_prompt_token	176	.	599	0.22157588601112366	20
original_hum_e_to_emacron	original_hum	e_to_ē	final_prompt_token	176	.	25575	0.2167019098997116	21
original_hum_e_to_emacron	original_hum	e_to_ē	final_prompt_token	176	.	7163	0.2132294625043869	22
original_hum_e_to_emacron	original_hum	e_to_ē	final_prompt_token	176	.	30033	0.21233834326267242	23
original_hum_e_to_emacron	original_hum	e_to_ē	final_prompt_token	176	.	12320	0.20843066275119781	24
original_hum_e_to_emacron	original_hum	e_to_ē	final_prompt_token	176	.	10676	0.206234872341156	25
original_hum_e_to_emacron	original_hum	e_to_ē	final_prompt_token	176	.	27342	0.2061392068862915	26
original_hum_e_to_emacron	original_hum	e_to_ē	final_prompt_token	176	.	6429	0.20539692044258118	27
original_hum_e_to_emacron	original_hum	e_to_ē	final_prompt_token	176	.	8928	0.1936895251274109	28
original_hum_e_to_emacron	original_hum	e_to_ē	final_prompt_token	176	.	25377	0.19007623195648193	29
original_hum_e_to_emacron	original_hum	e_to_ē	final_prompt_token	176	.	14614	0.18884994089603424	30
original_hum_e_to_emacron	original_hum	e_to_ē	final_prompt_token	176	.	29282	0.1888013333082199	31
original_hum_e_to_emacron	original_hum	e_to_ē	final_prompt_token	176	.	10709	0.18594995141029358	32
original_hum_e_to_emacron	original_hum	e_to_ē	final_prompt_token	176	.	19335	0.18437181413173676	33
original_hum_e_to_emacron	original_hum	e_to_ē	final_prompt_token	176	.	11650	0.18292221426963806	34
original_hum_e_to_emacron	original_hum	e_to_ē	final_prompt_token	176	.	7108	0.18080273270606995	35
original_hum_e_to_emacron	original_hum	e_to_ē	final_prompt_token	176	.	7982	0.17790274322032928	36
original_hum_e_to_emacron	original_hum	e_to_ē	final_prompt_token	176	.	6593	0.1745849847793579	37
original_hum_e_to_emacron	original_hum	e_to_ē	final_prompt_token	176	.	2959	0.1745533049106598	38
original_hum_e_to_emacron	original_hum	e_to_ē	final_prompt_token	176	.	28696	0.17374640703201294	39
original_hum_e_to_emacron	original_hum	e_to_ē	final_prompt_token	176	.	2276	0.17069977521896362	40
original_hum_e_to_emacron	original_hum	e_to_ē	final_prompt_token	176	.	16131	0.16888435184955597	41
original_hum_e_to_emacron	original_hum	e_to_ē	final_prompt_token	176	.	13791	0.16745974123477936	42
original_hum_e_to_emacron	original_hum	e_to_ē	final_prompt_token	176	.	32698	0.167037695646286	43
original_hum_e_to_emacron	original_hum	e_to_ē	final_prompt_token	176	.	10386	0.16685596108436584	44
original_hum_e_to_emacron	original_hum	e_to_ē	final_prompt_token	176	.	22503	0.16450513899326324	45
original_hum_e_to_emacron	original_hum	e_to_ē	final_prompt_token	176	.	8418	0.16318704187870026	46
original_hum_e_to_emacron	original_hum	e_to_ē	final_prompt_token	176	.	13916	0.1599956899881363	47
original_hum_e_to_emacron	original_hum	e_to_ē	final_prompt_token	176	.	4993	0.1590757817029953	48
original_hum_e_to_emacron	original_hum	e_to_ē	final_prompt_token	176	.	11456	0.15837505459785461	49
original_hum_e_to_emacron	original_hum	e_to_ē	final_prompt_token	176	.	16785	0.15560662746429443	50
original_hum_e_to_emacron	original_hum	e_to_ē	final_prompt_token_minus_1	175	ck	799	1.7937452793121338	1
original_hum_e_to_emacron	original_hum	e_to_ē	final_prompt_token_minus_1	175	ck	2938	1.1274280548095703	2
original_hum_e_to_emacron	original_hum	e_to_ē	final_prompt_token_minus_1	175	ck	16706	0.466745525598526	3
original_hum_e_to_emacron	original_hum	e_to_ē	final_prompt_token_minus_1	175	ck	27342	0.458802729845047	4
original_hum_e_to_emacron	original_hum	e_to_ē	final_prompt_token_minus_1	175	ck	16439	0.3675343692302704	5
original_hum_e_to_emacron	original_hum	e_to_ē	final_prompt_token_minus_1	175	ck	14836	0.32397353649139404	6
original_hum_e_to_emacron	original_hum	e_to_ē	final_prompt_token_minus_1	175	ck	19389	0.3215160667896271	7
original_hum_e_to_emacron	original_hum	e_to_ē	final_prompt_token_minus_1	175	ck	26684	0.306001752614975	8
original_hum_e_to_emacron	original_hum	e_to_ē	final_prompt_token_minus_1	175	ck	29171	0.28553861379623413	9
original_hum_e_to_emacron	original_hum	e_to_ē	final_prompt_token_minus_1	175	ck	14870	0.2730807065963745	10
original_hum_e_to_emacron	original_hum	e_to_ē	final_prompt_token_minus_1	175	ck	9990	0.2621992528438568	11
original_hum_e_to_emacron	original_hum	e_to_ē	final_prompt_token_minus_1	175	ck	32454	0.2475104033946991	12
original_hum_e_to_emacron	original_hum	e_to_ē	final_prompt_token_minus_1	175	ck	15076	0.23863442242145538	13
original_hum_e_to_emacron	original_hum	e_to_ē	final_prompt_token_minus_1	175	ck	29065	0.23704953491687775	14
original_hum_e_to_emacron	original_hum	e_to_ē	final_prompt_token_minus_1	175	ck	8882	0.23370850086212158	15
original_hum_e_to_emacron	original_hum	e_to_ē	final_prompt_token_minus_1	175	ck	11256	0.23196281492710114	16
original_hum_e_to_emacron	original_hum	e_to_ē	final_prompt_token_minus_1	175	ck	1953	0.23106509447097778	17
original_hum_e_to_emacron	original_hum	e_to_ē	final_prompt_token_minus_1	175	ck	22353	0.21820175647735596	18
original_hum_e_to_emacron	original_hum	e_to_ē	final_prompt_token_minus_1	175	ck	17164	0.2152024209499359	19
original_hum_e_to_emacron	original_hum	e_to_ē	final_prompt_token_minus_1	175	ck	23171	0.21315966546535492	20
original_hum_e_to_emacron	original_hum	e_to_ē	final_prompt_token_minus_1	175	ck	19850	0.2129063904285431	21
original_hum_e_to_emacron	original_hum	e_to_ē	final_prompt_token_minus_1	175	ck	16475	0.2120482325553894	22
original_hum_e_to_emacron	original_hum	e_to_ē	final_prompt_token_minus_1	175	ck	5257	0.2117542326450348	23
original_hum_e_to_emacron	original_hum	e_to_ē	final_prompt_token_minus_1	175	ck	20642	0.21004658937454224	24
original_hum_e_to_emacron	original_hum	e_to_ē	final_prompt_token_minus_1	175	ck	704	0.20640873908996582	25
original_hum_e_to_emacron	original_hum	e_to_ē	final_prompt_token_minus_1	175	ck	25001	0.20460054278373718	26
original_hum_e_to_emacron	original_hum	e_to_ē	final_prompt_token_minus_1	175	ck	23071	0.20334967970848083	27
original_hum_e_to_emacron	original_hum	e_to_ē	final_prompt_token_minus_1	175	ck	22129	0.20099757611751556	28
original_hum_e_to_emacron	original_hum	e_to_ē	final_prompt_token_minus_1	175	ck	17869	0.19906610250473022	29
original_hum_e_to_emacron	original_hum	e_to_ē	final_prompt_token_minus_1	175	ck	31090	0.1946895867586136	30
original_hum_e_to_emacron	original_hum	e_to_ē	final_prompt_token_minus_1	175	ck	7982	0.19358642399311066	31
original_hum_e_to_emacron	original_hum	e_to_ē	final_prompt_token_minus_1	175	ck	7506	0.19319069385528564	32
original_hum_e_to_emacron	original_hum	e_to_ē	final_prompt_token_minus_1	175	ck	1659	0.18948523700237274	33
original_hum_e_to_emacron	original_hum	e_to_ē	final_prompt_token_minus_1	175	ck	10265	0.18781791627407074	34
original_hum_e_to_emacron	original_hum	e_to_ē	final_prompt_token_minus_1	175	ck	32448	0.18677160143852234	35
original_hum_e_to_emacron	original_hum	e_to_ē	final_prompt_token_minus_1	175	ck	6593	0.17141132056713104	36
original_hum_e_to_emacron	original_hum	e_to_ē	final_prompt_token_minus_1	175	ck	30205	0.16954560577869415	37
original_hum_e_to_emacron	original_hum	e_to_ē	final_prompt_token_minus_1	175	ck	16793	0.1651659905910492	38
original_hum_e_to_emacron	original_hum	e_to_ē	final_prompt_token_minus_1	175	ck	8216	0.16271576285362244	39
original_hum_e_to_emacron	original_hum	e_to_ē	final_prompt_token_minus_1	175	ck	8891	0.16236700117588043	40
original_hum_e_to_emacron	original_hum	e_to_ē	final_prompt_token_minus_1	175	ck	10146	0.15942645072937012	41
original_hum_e_to_emacron	original_hum	e_to_ē	final_prompt_token_minus_1	175	ck	24977	0.15705163776874542	42
original_hum_e_to_emacron	original_hum	e_to_ē	final_prompt_token_minus_1	175	ck	22025	0.15652833878993988	43
original_hum_e_to_emacron	original_hum	e_to_ē	final_prompt_token_minus_1	175	ck	8894	0.15098492801189423	44
original_hum_e_to_emacron	original_hum	e_to_ē	final_prompt_token_minus_1	175	ck	31784	0.1504565328359604	45
original_hum_e_to_emacron	original_hum	e_to_ē	final_prompt_token_minus_1	175	ck	22584	0.150042325258255	46
original_hum_e_to_emacron	original_hum	e_to_ē	final_prompt_token_minus_1	175	ck	31836	0.14748622477054596	47
original_hum_e_to_emacron	original_hum	e_to_ē	final_prompt_token_minus_1	175	ck	9385	0.14624962210655212	48
original_hum_e_to_emacron	original_hum	e_to_ē	final_prompt_token_minus_1	175	ck	13916	0.1447848230600357	49
original_hum_e_to_emacron	original_hum	e_to_ē	final_prompt_token_minus_1	175	ck	3805	0.14285063743591309	50
original_hum_e_to_emacron	original_hum	e_to_ē	final_prompt_token_minus_2	174	ē	2938	2.1346869468688965	1
original_hum_e_to_emacron	original_hum	e_to_ē	final_prompt_token_minus_2	174	ē	799	0.6512389779090881	2
original_hum_e_to_emacron	original_hum	e_to_ē	final_prompt_token_minus_2	174	ē	25429	0.6177831292152405	3
original_hum_e_to_emacron	original_hum	e_to_ē	final_prompt_token_minus_2	174	ē	12068	0.535833477973938	4
original_hum_e_to_emacron	original_hum	e_to_ē	final_prompt_token_minus_2	174	ē	1408	0.5229191780090332	5
original_hum_e_to_emacron	original_hum	e_to_ē	final_prompt_token_minus_2	174	ē	2665	0.47769829630851746	6
original_hum_e_to_emacron	original_hum	e_to_ē	final_prompt_token_minus_2	174	ē	27446	0.4701697826385498	7
original_hum_e_to_emacron	original_hum	e_to_ē	final_prompt_token_minus_2	174	ē	15971	0.46841001510620117	8
original_hum_e_to_emacron	original_hum	e_to_ē	final_prompt_token_minus_2	174	ē	1953	0.450012743473053	9
original_hum_e_to_emacron	original_hum	e_to_ē	final_prompt_token_minus_2	174	ē	25141	0.39653390645980835	10
original_hum_e_to_emacron	original_hum	e_to_ē	final_prompt_token_minus_2	174	ē	17023	0.380323201417923	11
original_hum_e_to_emacron	original_hum	e_to_ē	final_prompt_token_minus_2	174	ē	3271	0.3489254415035248	12
original_hum_e_to_emacron	original_hum	e_to_ē	final_prompt_token_minus_2	174	ē	2126	0.27382081747055054	13
original_hum_e_to_emacron	original_hum	e_to_ē	final_prompt_token_minus_2	174	ē	7930	0.27295753359794617	14
original_hum_e_to_emacron	original_hum	e_to_ē	final_prompt_token_minus_2	174	ē	4456	0.25632351636886597	15
original_hum_e_to_emacron	original_hum	e_to_ē	final_prompt_token_minus_2	174	ē	11038	0.25400277972221375	16
original_hum_e_to_emacron	original_hum	e_to_ē	final_prompt_token_minus_2	174	ē	17701	0.23415051400661469	17
original_hum_e_to_emacron	original_hum	e_to_ē	final_prompt_token_minus_2	174	ē	23239	0.2332412600517273	18
original_hum_e_to_emacron	original_hum	e_to_ē	final_prompt_token_minus_2	174	ē	18765	0.22332732379436493	19
original_hum_e_to_emacron	original_hum	e_to_ē	final_prompt_token_minus_2	174	ē	23662	0.22289472818374634	20
original_hum_e_to_emacron	original_hum	e_to_ē	final_prompt_token_minus_2	174	ē	27348	0.21889722347259521	21
original_hum_e_to_emacron	original_hum	e_to_ē	final_prompt_token_minus_2	174	ē	21298	0.21772845089435577	22
original_hum_e_to_emacron	original_hum	e_to_ē	final_prompt_token_minus_2	174	ē	13236	0.21612049639225006	23
original_hum_e_to_emacron	original_hum	e_to_ē	final_prompt_token_minus_2	174	ē	11809	0.2074529528617859	24
original_hum_e_to_emacron	original_hum	e_to_ē	final_prompt_token_minus_2	174	ē	8472	0.19784504175186157	25
original_hum_e_to_emacron	original_hum	e_to_ē	final_prompt_token_minus_2	174	ē	3968	0.19761857390403748	26
original_hum_e_to_emacron	original_hum	e_to_ē	final_prompt_token_minus_2	174	ē	29956	0.19140145182609558	27
original_hum_e_to_emacron	original_hum	e_to_ē	final_prompt_token_minus_2	174	ē	9467	0.18864168226718903	28
original_hum_e_to_emacron	original_hum	e_to_ē	final_prompt_token_minus_2	174	ē	2555	0.1674434244632721	29
original_hum_e_to_emacron	original_hum	e_to_ē	final_prompt_token_minus_2	174	ē	8882	0.1633649319410324	30
original_hum_e_to_emacron	original_hum	e_to_ē	final_prompt_token_minus_2	174	ē	28877	0.1619144082069397	31
original_hum_e_to_emacron	original_hum	e_to_ē	final_prompt_token_minus_2	174	ē	31640	0.15800556540489197	32
original_hum_e_to_emacron	original_hum	e_to_ē	final_prompt_token_minus_2	174	ē	21323	0.15094369649887085	33
original_hum_e_to_emacron	original_hum	e_to_ē	final_prompt_token_minus_2	174	ē	9241	0.15013524889945984	34
original_hum_e_to_emacron	original_hum	e_to_ē	final_prompt_token_minus_2	174	ē	4328	0.14920106530189514	35
original_hum_e_to_emacron	original_hum	e_to_ē	final_prompt_token_minus_2	174	ē	2916	0.14481809735298157	36
original_hum_e_to_emacron	original_hum	e_to_ē	final_prompt_token_minus_2	174	ē	25491	0.1432749629020691	37
original_hum_e_to_emacron	original_hum	e_to_ē	final_prompt_token_minus_2	174	ē	11256	0.14192765951156616	38
original_hum_e_to_emacron	original_hum	e_to_ē	final_prompt_token_minus_2	174	ē	24407	0.13935703039169312	39
original_hum_e_to_emacron	original_hum	e_to_ē	final_prompt_token_minus_2	174	ē	24893	0.13916178047657013	40
original_hum_e_to_emacron	original_hum	e_to_ē	final_prompt_token_minus_2	174	ē	4513	0.13330557942390442	41
original_hum_e_to_emacron	original_hum	e_to_ē	final_prompt_token_minus_2	174	ē	29190	0.1319630742073059	42
original_hum_e_to_emacron	original_hum	e_to_ē	final_prompt_token_minus_2	174	ē	12034	0.13148413598537445	43
original_hum_e_to_emacron	original_hum	e_to_ē	final_prompt_token_minus_2	174	ē	29632	0.13144977390766144	44
original_hum_e_to_emacron	original_hum	e_to_ē	final_prompt_token_minus_2	174	ē	22510	0.1309337615966797	45
original_hum_e_to_emacron	original_hum	e_to_ē	final_prompt_token_minus_2	174	ē	28033	0.12911781668663025	46
original_hum_e_to_emacron	original_hum	e_to_ē	final_prompt_token_minus_2	174	ē	24825	0.12886445224285126	47
original_hum_e_to_emacron	original_hum	e_to_ē	final_prompt_token_minus_2	174	ē	26945	0.12596526741981506	48
original_hum_e_to_emacron	original_hum	e_to_ē	final_prompt_token_minus_2	174	ē	16460	0.1254180669784546	49
original_hum_e_to_emacron	original_hum	e_to_ē	final_prompt_token_minus_2	174	ē	31261	0.12487126886844635	50
original_hum_e_to_emacron	original_hum	e_to_ē	final_prompt_token_minus_5	171	.	2938	0.5858049392700195	1
original_hum_e_to_emacron	original_hum	e_to_ē	final_prompt_token_minus_5	171	.	18937	0.5106682777404785	2
original_hum_e_to_emacron	original_hum	e_to_ē	final_prompt_token_minus_5	171	.	28713	0.5081284046173096	3
original_hum_e_to_emacron	original_hum	e_to_ē	final_prompt_token_minus_5	171	.	19848	0.4628065228462219	4
original_hum_e_to_emacron	original_hum	e_to_ē	final_prompt_token_minus_5	171	.	22080	0.44791659712791443	5
original_hum_e_to_emacron	original_hum	e_to_ē	final_prompt_token_minus_5	171	.	19389	0.39674070477485657	6
original_hum_e_to_emacron	original_hum	e_to_ē	final_prompt_token_minus_5	171	.	10612	0.37974610924720764	7
original_hum_e_to_emacron	original_hum	e_to_ē	final_prompt_token_minus_5	171	.	16344	0.36549028754234314	8
original_hum_e_to_emacron	original_hum	e_to_ē	final_prompt_token_minus_5	171	.	18198	0.35984718799591064	9
original_hum_e_to_emacron	original_hum	e_to_ē	final_prompt_token_minus_5	171	.	7982	0.3381499648094177	10
original_hum_e_to_emacron	original_hum	e_to_ē	final_prompt_token_minus_5	171	.	27541	0.3252332806587219	11
original_hum_e_to_emacron	original_hum	e_to_ē	final_prompt_token_minus_5	171	.	4204	0.3158044219017029	12
original_hum_e_to_emacron	original_hum	e_to_ē	final_prompt_token_minus_5	171	.	11256	0.29826754331588745	13
original_hum_e_to_emacron	original_hum	e_to_ē	final_prompt_token_minus_5	171	.	21478	0.28978630900382996	14
original_hum_e_to_emacron	original_hum	e_to_ē	final_prompt_token_minus_5	171	.	5995	0.2817554473876953	15
original_hum_e_to_emacron	original_hum	e_to_ē	final_prompt_token_minus_5	171	.	9317	0.27891916036605835	16
original_hum_e_to_emacron	original_hum	e_to_ē	final_prompt_token_minus_5	171	.	6429	0.2713574469089508	17
original_hum_e_to_emacron	original_hum	e_to_ē	final_prompt_token_minus_5	171	.	20971	0.26933735609054565	18
original_hum_e_to_emacron	original_hum	e_to_ē	final_prompt_token_minus_5	171	.	25077	0.2692285180091858	19
original_hum_e_to_emacron	original_hum	e_to_ē	final_prompt_token_minus_5	171	.	31836	0.23908883333206177	20
original_hum_e_to_emacron	original_hum	e_to_ē	final_prompt_token_minus_5	171	.	17766	0.22850169241428375	21
original_hum_e_to_emacron	original_hum	e_to_ē	final_prompt_token_minus_5	171	.	10146	0.22634083032608032	22
original_hum_e_to_emacron	original_hum	e_to_ē	final_prompt_token_minus_5	171	.	30607	0.22597748041152954	23
original_hum_e_to_emacron	original_hum	e_to_ē	final_prompt_token_minus_5	171	.	14727	0.22352780401706696	24
original_hum_e_to_emacron	original_hum	e_to_ē	final_prompt_token_minus_5	171	.	19943	0.21737492084503174	25
original_hum_e_to_emacron	original_hum	e_to_ē	final_prompt_token_minus_5	171	.	4795	0.21657055616378784	26
original_hum_e_to_emacron	original_hum	e_to_ē	final_prompt_token_minus_5	171	.	14768	0.21533244848251343	27
original_hum_e_to_emacron	original_hum	e_to_ē	final_prompt_token_minus_5	171	.	11456	0.21246138215065002	28
original_hum_e_to_emacron	original_hum	e_to_ē	final_prompt_token_minus_5	171	.	19281	0.21054208278656006	29
original_hum_e_to_emacron	original_hum	e_to_ē	final_prompt_token_minus_5	171	.	2977	0.20615430176258087	30
original_hum_e_to_emacron	original_hum	e_to_ē	final_prompt_token_minus_5	171	.	13412	0.20122095942497253	31
original_hum_e_to_emacron	original_hum	e_to_ē	final_prompt_token_minus_5	171	.	31073	0.19447021186351776	32
original_hum_e_to_emacron	original_hum	e_to_ē	final_prompt_token_minus_5	171	.	31908	0.19431915879249573	33
original_hum_e_to_emacron	original_hum	e_to_ē	final_prompt_token_minus_5	171	.	32454	0.19076859951019287	34
original_hum_e_to_emacron	original_hum	e_to_ē	final_prompt_token_minus_5	171	.	25377	0.18439069390296936	35
original_hum_e_to_emacron	original_hum	e_to_ē	final_prompt_token_minus_5	171	.	25601	0.17923994362354279	36
original_hum_e_to_emacron	original_hum	e_to_ē	final_prompt_token_minus_5	171	.	16439	0.17580947279930115	37
original_hum_e_to_emacron	original_hum	e_to_ē	final_prompt_token_minus_5	171	.	7133	0.17499613761901855	38
original_hum_e_to_emacron	original_hum	e_to_ē	final_prompt_token_minus_5	171	.	9745	0.17439500987529755	39
original_hum_e_to_emacron	original_hum	e_to_ē	final_prompt_token_minus_5	171	.	23941	0.17306435108184814	40
original_hum_e_to_emacron	original_hum	e_to_ē	final_prompt_token_minus_5	171	.	10636	0.16948263347148895	41
original_hum_e_to_emacron	original_hum	e_to_ē	final_prompt_token_minus_5	171	.	32698	0.1679297685623169	42
original_hum_e_to_emacron	original_hum	e_to_ē	final_prompt_token_minus_5	171	.	21706	0.1678335815668106	43
original_hum_e_to_emacron	original_hum	e_to_ē	final_prompt_token_minus_5	171	.	22182	0.16750091314315796	44
original_hum_e_to_emacron	original_hum	e_to_ē	final_prompt_token_minus_5	171	.	14182	0.16680417954921722	45
original_hum_e_to_emacron	original_hum	e_to_ē	final_prompt_token_minus_5	171	.	18415	0.16518202424049377	46
original_hum_e_to_emacron	original_hum	e_to_ē	final_prompt_token_minus_5	171	.	22076	0.16378654539585114	47
original_hum_e_to_emacron	original_hum	e_to_ē	final_prompt_token_minus_5	171	.	27461	0.16351978480815887	48
original_hum_e_to_emacron	original_hum	e_to_ē	final_prompt_token_minus_5	171	.	17869	0.16182482242584229	49
original_hum_e_to_emacron	original_hum	e_to_ē	final_prompt_token_minus_5	171	.	10265	0.15974265336990356	50
original_hum_e_to_emacron	original_hum	e_to_ē	final_prompt_token_minus_10	166	form	2938	1.990691900253296	1
original_hum_e_to_emacron	original_hum	e_to_ē	final_prompt_token_minus_10	166	form	11412	0.9749031662940979	2
original_hum_e_to_emacron	original_hum	e_to_ē	final_prompt_token_minus_10	166	form	5230	0.8907776474952698	3
original_hum_e_to_emacron	original_hum	e_to_ē	final_prompt_token_minus_10	166	form	23178	0.5296115875244141	4
original_hum_e_to_emacron	original_hum	e_to_ē	final_prompt_token_minus_10	166	form	23952	0.41772958636283875	5
original_hum_e_to_emacron	original_hum	e_to_ē	final_prompt_token_minus_10	166	form	25960	0.3926085829734802	6
original_hum_e_to_emacron	original_hum	e_to_ē	final_prompt_token_minus_10	166	form	1464	0.36832311749458313	7
original_hum_e_to_emacron	original_hum	e_to_ē	final_prompt_token_minus_10	166	form	9241	0.3416505455970764	8
original_hum_e_to_emacron	original_hum	e_to_ē	final_prompt_token_minus_10	166	form	13359	0.3176864683628082	9
original_hum_e_to_emacron	original_hum	e_to_ē	final_prompt_token_minus_10	166	form	12801	0.3140588402748108	10
original_hum_e_to_emacron	original_hum	e_to_ē	final_prompt_token_minus_10	166	form	10146	0.28858429193496704	11
original_hum_e_to_emacron	original_hum	e_to_ē	final_prompt_token_minus_10	166	form	11145	0.2876807749271393	12
original_hum_e_to_emacron	original_hum	e_to_ē	final_prompt_token_minus_10	166	form	380	0.2636135220527649	13
original_hum_e_to_emacron	original_hum	e_to_ē	final_prompt_token_minus_10	166	form	30737	0.25866177678108215	14
original_hum_e_to_emacron	original_hum	e_to_ē	final_prompt_token_minus_10	166	form	32287	0.25641053915023804	15
original_hum_e_to_emacron	original_hum	e_to_ē	final_prompt_token_minus_10	166	form	31420	0.25221335887908936	16
original_hum_e_to_emacron	original_hum	e_to_ē	final_prompt_token_minus_10	166	form	12693	0.22996282577514648	17
original_hum_e_to_emacron	original_hum	e_to_ē	final_prompt_token_minus_10	166	form	1953	0.22840459644794464	18
original_hum_e_to_emacron	original_hum	e_to_ē	final_prompt_token_minus_10	166	form	32485	0.21759352087974548	19
original_hum_e_to_emacron	original_hum	e_to_ē	final_prompt_token_minus_10	166	form	9510	0.21470527350902557	20
original_hum_e_to_emacron	original_hum	e_to_ē	final_prompt_token_minus_10	166	form	21462	0.2139403373003006	21
original_hum_e_to_emacron	original_hum	e_to_ē	final_prompt_token_minus_10	166	form	15420	0.21041694283485413	22
original_hum_e_to_emacron	original_hum	e_to_ē	final_prompt_token_minus_10	166	form	20971	0.20843225717544556	23
original_hum_e_to_emacron	original_hum	e_to_ē	final_prompt_token_minus_10	166	form	29537	0.20328257977962494	24
original_hum_e_to_emacron	original_hum	e_to_ē	final_prompt_token_minus_10	166	form	7982	0.20046572387218475	25
original_hum_e_to_emacron	original_hum	e_to_ē	final_prompt_token_minus_10	166	form	31206	0.19230729341506958	26
original_hum_e_to_emacron	original_hum	e_to_ē	final_prompt_token_minus_10	166	form	29131	0.19195428490638733	27
original_hum_e_to_emacron	original_hum	e_to_ē	final_prompt_token_minus_10	166	form	6429	0.19168713688850403	28
original_hum_e_to_emacron	original_hum	e_to_ē	final_prompt_token_minus_10	166	form	20909	0.19167573750019073	29
original_hum_e_to_emacron	original_hum	e_to_ē	final_prompt_token_minus_10	166	form	18965	0.18634797632694244	30
original_hum_e_to_emacron	original_hum	e_to_ē	final_prompt_token_minus_10	166	form	2916	0.18472352623939514	31
original_hum_e_to_emacron	original_hum	e_to_ē	final_prompt_token_minus_10	166	form	19337	0.1841052919626236	32
original_hum_e_to_emacron	original_hum	e_to_ē	final_prompt_token_minus_10	166	form	1999	0.18210072815418243	33
original_hum_e_to_emacron	original_hum	e_to_ē	final_prompt_token_minus_10	166	form	29592	0.17572760581970215	34
original_hum_e_to_emacron	original_hum	e_to_ē	final_prompt_token_minus_10	166	form	30835	0.17539696395397186	35
original_hum_e_to_emacron	original_hum	e_to_ē	final_prompt_token_minus_10	166	form	22452	0.1749943494796753	36
original_hum_e_to_emacron	original_hum	e_to_ē	final_prompt_token_minus_10	166	form	4067	0.17154723405838013	37
original_hum_e_to_emacron	original_hum	e_to_ē	final_prompt_token_minus_10	166	form	3964	0.17067600786685944	38
original_hum_e_to_emacron	original_hum	e_to_ē	final_prompt_token_minus_10	166	form	14432	0.17010432481765747	39
original_hum_e_to_emacron	original_hum	e_to_ē	final_prompt_token_minus_10	166	form	7407	0.16932696104049683	40
original_hum_e_to_emacron	original_hum	e_to_ē	final_prompt_token_minus_10	166	form	21783	0.16569295525550842	41
original_hum_e_to_emacron	original_hum	e_to_ē	final_prompt_token_minus_10	166	form	19668	0.16552427411079407	42
original_hum_e_to_emacron	original_hum	e_to_ē	final_prompt_token_minus_10	166	form	17671	0.16201725602149963	43
original_hum_e_to_emacron	original_hum	e_to_ē	final_prompt_token_minus_10	166	form	18592	0.15898115932941437	44
original_hum_e_to_emacron	original_hum	e_to_ē	final_prompt_token_minus_10	166	form	2324	0.1587260216474533	45
original_hum_e_to_emacron	original_hum	e_to_ē	final_prompt_token_minus_10	166	form	32285	0.15811794996261597	46
original_hum_e_to_emacron	original_hum	e_to_ē	final_prompt_token_minus_10	166	form	30026	0.15762284398078918	47
original_hum_e_to_emacron	original_hum	e_to_ē	final_prompt_token_minus_10	166	form	10956	0.15711870789527893	48
original_hum_e_to_emacron	original_hum	e_to_ē	final_prompt_token_minus_10	166	form	25494	0.15631252527236938	49
original_hum_e_to_emacron	original_hum	e_to_ē	final_prompt_token_minus_10	166	form	18842	0.15373146533966064	50
original_hum_s_to_scedilla	original_hum	s_to_ş	final_prompt_token	135	.	2938	1.7200818061828613	1
original_hum_s_to_scedilla	original_hum	s_to_ş	final_prompt_token	135	.	28713	0.649357259273529	2
original_hum_s_to_scedilla	original_hum	s_to_ş	final_prompt_token	135	.	18937	0.5981414318084717	3
original_hum_s_to_scedilla	original_hum	s_to_ş	final_prompt_token	135	.	3241	0.4398917257785797	4
original_hum_s_to_scedilla	original_hum	s_to_ş	final_prompt_token	135	.	19389	0.36861172318458557	5
original_hum_s_to_scedilla	original_hum	s_to_ş	final_prompt_token	135	.	26684	0.3678828775882721	6
original_hum_s_to_scedilla	original_hum	s_to_ş	final_prompt_token	135	.	6429	0.3238341212272644	7
original_hum_s_to_scedilla	original_hum	s_to_ş	final_prompt_token	135	.	13935	0.29105082154273987	8
original_hum_s_to_scedilla	original_hum	s_to_ş	final_prompt_token	135	.	16439	0.28990745544433594	9
original_hum_s_to_scedilla	original_hum	s_to_ş	final_prompt_token	135	.	6194	0.272190660238266	10
original_hum_s_to_scedilla	original_hum	s_to_ş	final_prompt_token	135	.	29524	0.2656727433204651	11
original_hum_s_to_scedilla	original_hum	s_to_ş	final_prompt_token	135	.	27872	0.25987276434898376	12
original_hum_s_to_scedilla	original_hum	s_to_ş	final_prompt_token	135	.	32698	0.24579766392707825	13
original_hum_s_to_scedilla	original_hum	s_to_ş	final_prompt_token	135	.	31908	0.23689423501491547	14
original_hum_s_to_scedilla	original_hum	s_to_ş	final_prompt_token	135	.	11256	0.23653405904769897	15
original_hum_s_to_scedilla	original_hum	s_to_ş	final_prompt_token	135	.	7163	0.23170408606529236	16
original_hum_s_to_scedilla	original_hum	s_to_ş	final_prompt_token	135	.	22503	0.23121091723442078	17
original_hum_s_to_scedilla	original_hum	s_to_ş	final_prompt_token	135	.	7982	0.22785836458206177	18
original_hum_s_to_scedilla	original_hum	s_to_ş	final_prompt_token	135	.	6021	0.22589914500713348	19
original_hum_s_to_scedilla	original_hum	s_to_ş	final_prompt_token	135	.	599	0.22450411319732666	20
original_hum_s_to_scedilla	original_hum	s_to_ş	final_prompt_token	135	.	30453	0.22342118620872498	21
original_hum_s_to_scedilla	original_hum	s_to_ş	final_prompt_token	135	.	1626	0.2233482450246811	22
original_hum_s_to_scedilla	original_hum	s_to_ş	final_prompt_token	135	.	14955	0.22313696146011353	23
original_hum_s_to_scedilla	original_hum	s_to_ş	final_prompt_token	135	.	10146	0.20722085237503052	24
original_hum_s_to_scedilla	original_hum	s_to_ş	final_prompt_token	135	.	15076	0.20713065564632416	25
original_hum_s_to_scedilla	original_hum	s_to_ş	final_prompt_token	135	.	14614	0.20158258080482483	26
original_hum_s_to_scedilla	original_hum	s_to_ş	final_prompt_token	135	.	17394	0.1995314359664917	27
original_hum_s_to_scedilla	original_hum	s_to_ş	final_prompt_token	135	.	25575	0.19346033036708832	28
original_hum_s_to_scedilla	original_hum	s_to_ş	final_prompt_token	135	.	25377	0.19301024079322815	29
original_hum_s_to_scedilla	original_hum	s_to_ş	final_prompt_token	135	.	704	0.18862387537956238	30
original_hum_s_to_scedilla	original_hum	s_to_ş	final_prompt_token	135	.	16310	0.18794649839401245	31
original_hum_s_to_scedilla	original_hum	s_to_ş	final_prompt_token	135	.	23977	0.18577125668525696	32
original_hum_s_to_scedilla	original_hum	s_to_ş	final_prompt_token	135	.	799	0.1856221854686737	33
original_hum_s_to_scedilla	original_hum	s_to_ş	final_prompt_token	135	.	10709	0.185186967253685	34
original_hum_s_to_scedilla	original_hum	s_to_ş	final_prompt_token	135	.	6593	0.17876902222633362	35
original_hum_s_to_scedilla	original_hum	s_to_ş	final_prompt_token	135	.	10676	0.17310847342014313	36
original_hum_s_to_scedilla	original_hum	s_to_ş	final_prompt_token	135	.	23070	0.17297005653381348	37
original_hum_s_to_scedilla	original_hum	s_to_ş	final_prompt_token	135	.	30033	0.17205841839313507	38
original_hum_s_to_scedilla	original_hum	s_to_ş	final_prompt_token	135	.	5183	0.17106163501739502	39
original_hum_s_to_scedilla	original_hum	s_to_ş	final_prompt_token	135	.	31440	0.16898053884506226	40
original_hum_s_to_scedilla	original_hum	s_to_ş	final_prompt_token	135	.	13791	0.1664421409368515	41
original_hum_s_to_scedilla	original_hum	s_to_ş	final_prompt_token	135	.	15954	0.16516129672527313	42
original_hum_s_to_scedilla	original_hum	s_to_ş	final_prompt_token	135	.	5257	0.16266807913780212	43
original_hum_s_to_scedilla	original_hum	s_to_ş	final_prompt_token	135	.	12320	0.1619558334350586	44
original_hum_s_to_scedilla	original_hum	s_to_ş	final_prompt_token	135	.	3271	0.16152700781822205	45
original_hum_s_to_scedilla	original_hum	s_to_ş	final_prompt_token	135	.	13916	0.1610323190689087	46
original_hum_s_to_scedilla	original_hum	s_to_ş	final_prompt_token	135	.	14727	0.15889690816402435	47
original_hum_s_to_scedilla	original_hum	s_to_ş	final_prompt_token	135	.	7730	0.15846705436706543	48
original_hum_s_to_scedilla	original_hum	s_to_ş	final_prompt_token	135	.	3689	0.1580226868391037	49
original_hum_s_to_scedilla	original_hum	s_to_ş	final_prompt_token	135	.	31836	0.15575549006462097	50
original_hum_s_to_scedilla	original_hum	s_to_ş	final_prompt_token_minus_1	134	check	799	1.806722640991211	1
original_hum_s_to_scedilla	original_hum	s_to_ş	final_prompt_token_minus_1	134	check	2938	1.612119436264038	2
original_hum_s_to_scedilla	original_hum	s_to_ş	final_prompt_token_minus_1	134	check	16706	0.39952805638313293	3
original_hum_s_to_scedilla	original_hum	s_to_ş	final_prompt_token_minus_1	134	check	16439	0.36779531836509705	4
original_hum_s_to_scedilla	original_hum	s_to_ş	final_prompt_token_minus_1	134	check	27342	0.3474894165992737	5
original_hum_s_to_scedilla	original_hum	s_to_ş	final_prompt_token_minus_1	134	check	5257	0.3050406873226166	6
original_hum_s_to_scedilla	original_hum	s_to_ş	final_prompt_token_minus_1	134	check	19389	0.2987305521965027	7
original_hum_s_to_scedilla	original_hum	s_to_ş	final_prompt_token_minus_1	134	check	26684	0.2705645263195038	8
original_hum_s_to_scedilla	original_hum	s_to_ş	final_prompt_token_minus_1	134	check	28392	0.2700578570365906	9
original_hum_s_to_scedilla	original_hum	s_to_ş	final_prompt_token_minus_1	134	check	7982	0.2579529285430908	10
original_hum_s_to_scedilla	original_hum	s_to_ş	final_prompt_token_minus_1	134	check	29065	0.2520879805088043	11
original_hum_s_to_scedilla	original_hum	s_to_ş	final_prompt_token_minus_1	134	check	16475	0.24917326867580414	12
original_hum_s_to_scedilla	original_hum	s_to_ş	final_prompt_token_minus_1	134	check	1953	0.24748723208904266	13
original_hum_s_to_scedilla	original_hum	s_to_ş	final_prompt_token_minus_1	134	check	29171	0.23928385972976685	14
original_hum_s_to_scedilla	original_hum	s_to_ş	final_prompt_token_minus_1	134	check	17164	0.23795223236083984	15
original_hum_s_to_scedilla	original_hum	s_to_ş	final_prompt_token_minus_1	134	check	9241	0.2249133437871933	16
original_hum_s_to_scedilla	original_hum	s_to_ş	final_prompt_token_minus_1	134	check	8882	0.22338901460170746	17
original_hum_s_to_scedilla	original_hum	s_to_ş	final_prompt_token_minus_1	134	check	3920	0.21790707111358643	18
original_hum_s_to_scedilla	original_hum	s_to_ş	final_prompt_token_minus_1	134	check	20031	0.2160700261592865	19
original_hum_s_to_scedilla	original_hum	s_to_ş	final_prompt_token_minus_1	134	check	10265	0.21273939311504364	20
original_hum_s_to_scedilla	original_hum	s_to_ş	final_prompt_token_minus_1	134	check	29472	0.2115727812051773	21
original_hum_s_to_scedilla	original_hum	s_to_ş	final_prompt_token_minus_1	134	check	32448	0.2066384255886078	22
original_hum_s_to_scedilla	original_hum	s_to_ş	final_prompt_token_minus_1	134	check	32454	0.20452803373336792	23
original_hum_s_to_scedilla	original_hum	s_to_ş	final_prompt_token_minus_1	134	check	22129	0.19669209420681	24
original_hum_s_to_scedilla	original_hum	s_to_ş	final_prompt_token_minus_1	134	check	15076	0.19068488478660583	25
original_hum_s_to_scedilla	original_hum	s_to_ş	final_prompt_token_minus_1	134	check	31420	0.18972112238407135	26
original_hum_s_to_scedilla	original_hum	s_to_ş	final_prompt_token_minus_1	134	check	7164	0.18880170583724976	27
original_hum_s_to_scedilla	original_hum	s_to_ş	final_prompt_token_minus_1	134	check	704	0.18714481592178345	28
original_hum_s_to_scedilla	original_hum	s_to_ş	final_prompt_token_minus_1	134	check	10146	0.18531927466392517	29
original_hum_s_to_scedilla	original_hum	s_to_ş	final_prompt_token_minus_1	134	check	17846	0.17645378410816193	30
original_hum_s_to_scedilla	original_hum	s_to_ş	final_prompt_token_minus_1	134	check	19943	0.17304420471191406	31
original_hum_s_to_scedilla	original_hum	s_to_ş	final_prompt_token_minus_1	134	check	1659	0.17078471183776855	32
original_hum_s_to_scedilla	original_hum	s_to_ş	final_prompt_token_minus_1	134	check	11256	0.16350312530994415	33
original_hum_s_to_scedilla	original_hum	s_to_ş	final_prompt_token_minus_1	134	check	17	0.16312935948371887	34
original_hum_s_to_scedilla	original_hum	s_to_ş	final_prompt_token_minus_1	134	check	21478	0.16073110699653625	35
original_hum_s_to_scedilla	original_hum	s_to_ş	final_prompt_token_minus_1	134	check	26598	0.15885190665721893	36
original_hum_s_to_scedilla	original_hum	s_to_ş	final_prompt_token_minus_1	134	check	19850	0.15829798579216003	37
original_hum_s_to_scedilla	original_hum	s_to_ş	final_prompt_token_minus_1	134	check	17257	0.15760472416877747	38
original_hum_s_to_scedilla	original_hum	s_to_ş	final_prompt_token_minus_1	134	check	22025	0.15625877678394318	39
original_hum_s_to_scedilla	original_hum	s_to_ş	final_prompt_token_minus_1	134	check	31616	0.15438003838062286	40
original_hum_s_to_scedilla	original_hum	s_to_ş	final_prompt_token_minus_1	134	check	24141	0.15419358015060425	41
original_hum_s_to_scedilla	original_hum	s_to_ş	final_prompt_token_minus_1	134	check	31090	0.15350687503814697	42
original_hum_s_to_scedilla	original_hum	s_to_ş	final_prompt_token_minus_1	134	check	23545	0.15056362748146057	43
original_hum_s_to_scedilla	original_hum	s_to_ş	final_prompt_token_minus_1	134	check	15484	0.15016552805900574	44
original_hum_s_to_scedilla	original_hum	s_to_ş	final_prompt_token_minus_1	134	check	10709	0.1469242125749588	45
original_hum_s_to_scedilla	original_hum	s_to_ş	final_prompt_token_minus_1	134	check	23071	0.14614015817642212	46
original_hum_s_to_scedilla	original_hum	s_to_ş	final_prompt_token_minus_1	134	check	25001	0.14433163404464722	47
original_hum_s_to_scedilla	original_hum	s_to_ş	final_prompt_token_minus_1	134	check	16041	0.14392772316932678	48
original_hum_s_to_scedilla	original_hum	s_to_ş	final_prompt_token_minus_1	134	check	25377	0.14377033710479736	49
original_hum_s_to_scedilla	original_hum	s_to_ş	final_prompt_token_minus_1	134	check	6429	0.1430160403251648	50
original_hum_s_to_scedilla	original_hum	s_to_ş	final_prompt_token_minus_2	133	şt	2938	2.4360523223876953	1
original_hum_s_to_scedilla	original_hum	s_to_ş	final_prompt_token_minus_2	133	şt	1953	1.1684224605560303	2
original_hum_s_to_scedilla	original_hum	s_to_ş	final_prompt_token_minus_2	133	şt	28392	1.0206365585327148	3
original_hum_s_to_scedilla	original_hum	s_to_ş	final_prompt_token_minus_2	133	şt	17023	0.5184531211853027	4
original_hum_s_to_scedilla	original_hum	s_to_ş	final_prompt_token_minus_2	133	şt	17200	0.45239731669425964	5
original_hum_s_to_scedilla	original_hum	s_to_ş	final_prompt_token_minus_2	133	şt	21517	0.4101211428642273	6
original_hum_s_to_scedilla	original_hum	s_to_ş	final_prompt_token_minus_2	133	şt	6896	0.40799474716186523	7
original_hum_s_to_scedilla	original_hum	s_to_ş	final_prompt_token_minus_2	133	şt	5257	0.38770750164985657	8
original_hum_s_to_scedilla	original_hum	s_to_ş	final_prompt_token_minus_2	133	şt	32680	0.36148810386657715	9
original_hum_s_to_scedilla	original_hum	s_to_ş	final_prompt_token_minus_2	133	şt	18765	0.33928126096725464	10
original_hum_s_to_scedilla	original_hum	s_to_ş	final_prompt_token_minus_2	133	şt	23471	0.3356682360172272	11
original_hum_s_to_scedilla	original_hum	s_to_ş	final_prompt_token_minus_2	133	şt	15971	0.33449092507362366	12
original_hum_s_to_scedilla	original_hum	s_to_ş	final_prompt_token_minus_2	133	şt	1711	0.31100034713745117	13
original_hum_s_to_scedilla	original_hum	s_to_ş	final_prompt_token_minus_2	133	şt	22518	0.2908039391040802	14
original_hum_s_to_scedilla	original_hum	s_to_ş	final_prompt_token_minus_2	133	şt	19943	0.2843639850616455	15
original_hum_s_to_scedilla	original_hum	s_to_ş	final_prompt_token_minus_2	133	şt	23093	0.2842356264591217	16
original_hum_s_to_scedilla	original_hum	s_to_ş	final_prompt_token_minus_2	133	şt	26273	0.2770407795906067	17
original_hum_s_to_scedilla	original_hum	s_to_ş	final_prompt_token_minus_2	133	şt	23728	0.26696228981018066	18
original_hum_s_to_scedilla	original_hum	s_to_ş	final_prompt_token_minus_2	133	şt	19902	0.2513189911842346	19
original_hum_s_to_scedilla	original_hum	s_to_ş	final_prompt_token_minus_2	133	şt	3199	0.24204584956169128	20
original_hum_s_to_scedilla	original_hum	s_to_ş	final_prompt_token_minus_2	133	şt	21478	0.24147295951843262	21
original_hum_s_to_scedilla	original_hum	s_to_ş	final_prompt_token_minus_2	133	şt	21244	0.2405543029308319	22
original_hum_s_to_scedilla	original_hum	s_to_ş	final_prompt_token_minus_2	133	şt	17400	0.2335900068283081	23
original_hum_s_to_scedilla	original_hum	s_to_ş	final_prompt_token_minus_2	133	şt	17257	0.23016902804374695	24
original_hum_s_to_scedilla	original_hum	s_to_ş	final_prompt_token_minus_2	133	şt	26945	0.21080365777015686	25
original_hum_s_to_scedilla	original_hum	s_to_ş	final_prompt_token_minus_2	133	şt	25491	0.2033718377351761	26
original_hum_s_to_scedilla	original_hum	s_to_ş	final_prompt_token_minus_2	133	şt	20909	0.20058904588222504	27
original_hum_s_to_scedilla	original_hum	s_to_ş	final_prompt_token_minus_2	133	şt	27342	0.19641351699829102	28
original_hum_s_to_scedilla	original_hum	s_to_ş	final_prompt_token_minus_2	133	şt	31381	0.1951199322938919	29
original_hum_s_to_scedilla	original_hum	s_to_ş	final_prompt_token_minus_2	133	şt	28867	0.19510561227798462	30
original_hum_s_to_scedilla	original_hum	s_to_ş	final_prompt_token_minus_2	133	şt	17164	0.19455310702323914	31
original_hum_s_to_scedilla	original_hum	s_to_ş	final_prompt_token_minus_2	133	şt	30453	0.1933547854423523	32
original_hum_s_to_scedilla	original_hum	s_to_ş	final_prompt_token_minus_2	133	şt	22503	0.19228017330169678	33
original_hum_s_to_scedilla	original_hum	s_to_ş	final_prompt_token_minus_2	133	şt	6429	0.18441259860992432	34
original_hum_s_to_scedilla	original_hum	s_to_ş	final_prompt_token_minus_2	133	şt	25046	0.183624729514122	35
original_hum_s_to_scedilla	original_hum	s_to_ş	final_prompt_token_minus_2	133	şt	7238	0.18189306557178497	36
original_hum_s_to_scedilla	original_hum	s_to_ş	final_prompt_token_minus_2	133	şt	10146	0.18178123235702515	37
original_hum_s_to_scedilla	original_hum	s_to_ş	final_prompt_token_minus_2	133	şt	20940	0.17921705543994904	38
original_hum_s_to_scedilla	original_hum	s_to_ş	final_prompt_token_minus_2	133	şt	29734	0.17708685994148254	39
original_hum_s_to_scedilla	original_hum	s_to_ş	final_prompt_token_minus_2	133	şt	32698	0.17506414651870728	40
original_hum_s_to_scedilla	original_hum	s_to_ş	final_prompt_token_minus_2	133	şt	31073	0.17493073642253876	41
original_hum_s_to_scedilla	original_hum	s_to_ş	final_prompt_token_minus_2	133	şt	1396	0.17272420227527618	42
original_hum_s_to_scedilla	original_hum	s_to_ş	final_prompt_token_minus_2	133	şt	16439	0.17260810732841492	43
original_hum_s_to_scedilla	original_hum	s_to_ş	final_prompt_token_minus_2	133	şt	17306	0.17149318754673004	44
original_hum_s_to_scedilla	original_hum	s_to_ş	final_prompt_token_minus_2	133	şt	20031	0.16955329477787018	45
original_hum_s_to_scedilla	original_hum	s_to_ş	final_prompt_token_minus_2	133	şt	13671	0.16942161321640015	46
original_hum_s_to_scedilla	original_hum	s_to_ş	final_prompt_token_minus_2	133	şt	6991	0.16839100420475006	47
original_hum_s_to_scedilla	original_hum	s_to_ş	final_prompt_token_minus_2	133	şt	32454	0.16471636295318604	48
original_hum_s_to_scedilla	original_hum	s_to_ş	final_prompt_token_minus_2	133	şt	4456	0.1622430980205536	49
original_hum_s_to_scedilla	original_hum	s_to_ş	final_prompt_token_minus_2	133	şt	4621	0.16202855110168457	50
original_hum_s_to_scedilla	original_hum	s_to_ş	final_prompt_token_minus_5	130	wer	2938	1.3547725677490234	1
original_hum_s_to_scedilla	original_hum	s_to_ş	final_prompt_token_minus_5	130	wer	5117	1.3324074745178223	2
original_hum_s_to_scedilla	original_hum	s_to_ş	final_prompt_token_minus_5	130	wer	10636	0.6790323257446289	3
original_hum_s_to_scedilla	original_hum	s_to_ş	final_prompt_token_minus_5	130	wer	21803	0.4863811731338501	4
original_hum_s_to_scedilla	original_hum	s_to_ş	final_prompt_token_minus_5	130	wer	21190	0.4412984549999237	5
original_hum_s_to_scedilla	original_hum	s_to_ş	final_prompt_token_minus_5	130	wer	9814	0.37047991156578064	6
original_hum_s_to_scedilla	original_hum	s_to_ş	final_prompt_token_minus_5	130	wer	14870	0.35683730244636536	7
original_hum_s_to_scedilla	original_hum	s_to_ş	final_prompt_token_minus_5	130	wer	271	0.34203341603279114	8
original_hum_s_to_scedilla	original_hum	s_to_ş	final_prompt_token_minus_5	130	wer	8595	0.3293207585811615	9
original_hum_s_to_scedilla	original_hum	s_to_ş	final_prompt_token_minus_5	130	wer	1953	0.3212285041809082	10
original_hum_s_to_scedilla	original_hum	s_to_ş	final_prompt_token_minus_5	130	wer	14488	0.311120867729187	11
original_hum_s_to_scedilla	original_hum	s_to_ş	final_prompt_token_minus_5	130	wer	6987	0.26394903659820557	12
original_hum_s_to_scedilla	original_hum	s_to_ş	final_prompt_token_minus_5	130	wer	24092	0.2584209144115448	13
original_hum_s_to_scedilla	original_hum	s_to_ş	final_prompt_token_minus_5	130	wer	11335	0.2546450197696686	14
original_hum_s_to_scedilla	original_hum	s_to_ş	final_prompt_token_minus_5	130	wer	23178	0.24355971813201904	15
original_hum_s_to_scedilla	original_hum	s_to_ş	final_prompt_token_minus_5	130	wer	23673	0.23772290349006653	16
original_hum_s_to_scedilla	original_hum	s_to_ş	final_prompt_token_minus_5	130	wer	13092	0.23760859668254852	17
original_hum_s_to_scedilla	original_hum	s_to_ş	final_prompt_token_minus_5	130	wer	26625	0.23471026122570038	18
original_hum_s_to_scedilla	original_hum	s_to_ş	final_prompt_token_minus_5	130	wer	29131	0.22789162397384644	19
original_hum_s_to_scedilla	original_hum	s_to_ş	final_prompt_token_minus_5	130	wer	892	0.22325366735458374	20
original_hum_s_to_scedilla	original_hum	s_to_ş	final_prompt_token_minus_5	130	wer	8927	0.22312688827514648	21
original_hum_s_to_scedilla	original_hum	s_to_ş	final_prompt_token_minus_5	130	wer	15160	0.22243426740169525	22
original_hum_s_to_scedilla	original_hum	s_to_ş	final_prompt_token_minus_5	130	wer	18198	0.22241871058940887	23
original_hum_s_to_scedilla	original_hum	s_to_ş	final_prompt_token_minus_5	130	wer	19668	0.21902748942375183	24
original_hum_s_to_scedilla	original_hum	s_to_ş	final_prompt_token_minus_5	130	wer	399	0.21593719720840454	25
original_hum_s_to_scedilla	original_hum	s_to_ş	final_prompt_token_minus_5	130	wer	18352	0.21352519094944	26
original_hum_s_to_scedilla	original_hum	s_to_ş	final_prompt_token_minus_5	130	wer	10265	0.213136225938797	27
original_hum_s_to_scedilla	original_hum	s_to_ş	final_prompt_token_minus_5	130	wer	9088	0.2124032825231552	28
original_hum_s_to_scedilla	original_hum	s_to_ş	final_prompt_token_minus_5	130	wer	5417	0.209299236536026	29
original_hum_s_to_scedilla	original_hum	s_to_ş	final_prompt_token_minus_5	130	wer	19337	0.208380788564682	30
original_hum_s_to_scedilla	original_hum	s_to_ş	final_prompt_token_minus_5	130	wer	30871	0.20718710124492645	31
original_hum_s_to_scedilla	original_hum	s_to_ş	final_prompt_token_minus_5	130	wer	22597	0.2052348554134369	32
original_hum_s_to_scedilla	original_hum	s_to_ş	final_prompt_token_minus_5	130	wer	29136	0.20428399741649628	33
original_hum_s_to_scedilla	original_hum	s_to_ş	final_prompt_token_minus_5	130	wer	4795	0.2019757777452469	34
original_hum_s_to_scedilla	original_hum	s_to_ş	final_prompt_token_minus_5	130	wer	4715	0.2004682421684265	35
original_hum_s_to_scedilla	original_hum	s_to_ş	final_prompt_token_minus_5	130	wer	12633	0.19753330945968628	36
original_hum_s_to_scedilla	original_hum	s_to_ş	final_prompt_token_minus_5	130	wer	12034	0.19112111628055573	37
original_hum_s_to_scedilla	original_hum	s_to_ş	final_prompt_token_minus_5	130	wer	23797	0.1910949945449829	38
original_hum_s_to_scedilla	original_hum	s_to_ş	final_prompt_token_minus_5	130	wer	16727	0.19003458321094513	39
original_hum_s_to_scedilla	original_hum	s_to_ş	final_prompt_token_minus_5	130	wer	1955	0.18963849544525146	40
original_hum_s_to_scedilla	original_hum	s_to_ş	final_prompt_token_minus_5	130	wer	16713	0.1881452351808548	41
original_hum_s_to_scedilla	original_hum	s_to_ş	final_prompt_token_minus_5	130	wer	11883	0.18739944696426392	42
original_hum_s_to_scedilla	original_hum	s_to_ş	final_prompt_token_minus_5	130	wer	29295	0.18642686307430267	43
original_hum_s_to_scedilla	original_hum	s_to_ş	final_prompt_token_minus_5	130	wer	31206	0.18466201424598694	44
original_hum_s_to_scedilla	original_hum	s_to_ş	final_prompt_token_minus_5	130	wer	12693	0.17916300892829895	45
original_hum_s_to_scedilla	original_hum	s_to_ş	final_prompt_token_minus_5	130	wer	28093	0.17837610840797424	46
original_hum_s_to_scedilla	original_hum	s_to_ş	final_prompt_token_minus_5	130	wer	1438	0.17692998051643372	47
original_hum_s_to_scedilla	original_hum	s_to_ş	final_prompt_token_minus_5	130	wer	15420	0.1736220121383667	48
original_hum_s_to_scedilla	original_hum	s_to_ş	final_prompt_token_minus_5	130	wer	31073	0.1708984076976776	49
original_hum_s_to_scedilla	original_hum	s_to_ş	final_prompt_token_minus_5	130	wer	16822	0.17020021378993988	50
original_hum_s_to_scedilla	original_hum	s_to_ş	final_prompt_token_minus_10	125	’t	2938	2.590895652770996	1
original_hum_s_to_scedilla	original_hum	s_to_ş	final_prompt_token_minus_10	125	’t	1711	0.6183781623840332	2
original_hum_s_to_scedilla	original_hum	s_to_ş	final_prompt_token_minus_10	125	’t	29872	0.556956946849823	3
original_hum_s_to_scedilla	original_hum	s_to_ş	final_prompt_token_minus_10	125	’t	19668	0.439574271440506	4
original_hum_s_to_scedilla	original_hum	s_to_ş	final_prompt_token_minus_10	125	’t	4494	0.35075491666793823	5
original_hum_s_to_scedilla	original_hum	s_to_ş	final_prompt_token_minus_10	125	’t	13232	0.3469022810459137	6
original_hum_s_to_scedilla	original_hum	s_to_ş	final_prompt_token_minus_10	125	’t	18665	0.34075096249580383	7
original_hum_s_to_scedilla	original_hum	s_to_ş	final_prompt_token_minus_10	125	’t	30911	0.291748970746994	8
original_hum_s_to_scedilla	original_hum	s_to_ş	final_prompt_token_minus_10	125	’t	19389	0.2894783318042755	9
original_hum_s_to_scedilla	original_hum	s_to_ş	final_prompt_token_minus_10	125	’t	31908	0.28484734892845154	10
original_hum_s_to_scedilla	original_hum	s_to_ş	final_prompt_token_minus_10	125	’t	29996	0.28043290972709656	11
original_hum_s_to_scedilla	original_hum	s_to_ş	final_prompt_token_minus_10	125	’t	28713	0.2209412306547165	12
original_hum_s_to_scedilla	original_hum	s_to_ş	final_prompt_token_minus_10	125	’t	10335	0.2154470682144165	13
original_hum_s_to_scedilla	original_hum	s_to_ş	final_prompt_token_minus_10	125	’t	32361	0.20532268285751343	14
original_hum_s_to_scedilla	original_hum	s_to_ş	final_prompt_token_minus_10	125	’t	13487	0.19843147695064545	15
original_hum_s_to_scedilla	original_hum	s_to_ş	final_prompt_token_minus_10	125	’t	5024	0.1922094225883484	16
original_hum_s_to_scedilla	original_hum	s_to_ş	final_prompt_token_minus_10	125	’t	22822	0.18643096089363098	17
original_hum_s_to_scedilla	original_hum	s_to_ş	final_prompt_token_minus_10	125	’t	25631	0.1779419630765915	18
original_hum_s_to_scedilla	original_hum	s_to_ş	final_prompt_token_minus_10	125	’t	18224	0.17728978395462036	19
original_hum_s_to_scedilla	original_hum	s_to_ş	final_prompt_token_minus_10	125	’t	23177	0.16591542959213257	20
original_hum_s_to_scedilla	original_hum	s_to_ş	final_prompt_token_minus_10	125	’t	27281	0.16513600945472717	21
original_hum_s_to_scedilla	original_hum	s_to_ş	final_prompt_token_minus_10	125	’t	10427	0.16324520111083984	22
original_hum_s_to_scedilla	original_hum	s_to_ş	final_prompt_token_minus_10	125	’t	3920	0.16275839507579803	23
original_hum_s_to_scedilla	original_hum	s_to_ş	final_prompt_token_minus_10	125	’t	26684	0.16169391572475433	24
original_hum_s_to_scedilla	original_hum	s_to_ş	final_prompt_token_minus_10	125	’t	20589	0.1594756543636322	25
original_hum_s_to_scedilla	original_hum	s_to_ş	final_prompt_token_minus_10	125	’t	31050	0.15731966495513916	26
original_hum_s_to_scedilla	original_hum	s_to_ş	final_prompt_token_minus_10	125	’t	7448	0.1566624939441681	27
original_hum_s_to_scedilla	original_hum	s_to_ş	final_prompt_token_minus_10	125	’t	4468	0.15554693341255188	28
original_hum_s_to_scedilla	original_hum	s_to_ş	final_prompt_token_minus_10	125	’t	19878	0.15505200624465942	29
original_hum_s_to_scedilla	original_hum	s_to_ş	final_prompt_token_minus_10	125	’t	12320	0.15455371141433716	30
original_hum_s_to_scedilla	original_hum	s_to_ş	final_prompt_token_minus_10	125	’t	26833	0.15227486193180084	31
original_hum_s_to_scedilla	original_hum	s_to_ş	final_prompt_token_minus_10	125	’t	20566	0.14924730360507965	32
original_hum_s_to_scedilla	original_hum	s_to_ş	final_prompt_token_minus_10	125	’t	24463	0.14898011088371277	33
original_hum_s_to_scedilla	original_hum	s_to_ş	final_prompt_token_minus_10	125	’t	989	0.1487128585577011	34
original_hum_s_to_scedilla	original_hum	s_to_ş	final_prompt_token_minus_10	125	’t	22360	0.1477191150188446	35
original_hum_s_to_scedilla	original_hum	s_to_ş	final_prompt_token_minus_10	125	’t	4306	0.1472160816192627	36
original_hum_s_to_scedilla	original_hum	s_to_ş	final_prompt_token_minus_10	125	’t	27806	0.1464649885892868	37
original_hum_s_to_scedilla	original_hum	s_to_ş	final_prompt_token_minus_10	125	’t	11652	0.14597882330417633	38
original_hum_s_to_scedilla	original_hum	s_to_ş	final_prompt_token_minus_10	125	’t	16987	0.14563049376010895	39
original_hum_s_to_scedilla	original_hum	s_to_ş	final_prompt_token_minus_10	125	’t	21731	0.14547091722488403	40
original_hum_s_to_scedilla	original_hum	s_to_ş	final_prompt_token_minus_10	125	’t	3704	0.14421436190605164	41
original_hum_s_to_scedilla	original_hum	s_to_ş	final_prompt_token_minus_10	125	’t	1880	0.14334321022033691	42
original_hum_s_to_scedilla	original_hum	s_to_ş	final_prompt_token_minus_10	125	’t	31836	0.14227469265460968	43
original_hum_s_to_scedilla	original_hum	s_to_ş	final_prompt_token_minus_10	125	’t	27543	0.14145104587078094	44
original_hum_s_to_scedilla	original_hum	s_to_ş	final_prompt_token_minus_10	125	’t	14178	0.13909468054771423	45
original_hum_s_to_scedilla	original_hum	s_to_ş	final_prompt_token_minus_10	125	’t	9538	0.13318733870983124	46
original_hum_s_to_scedilla	original_hum	s_to_ş	final_prompt_token_minus_10	125	’t	17019	0.13190360367298126	47
original_hum_s_to_scedilla	original_hum	s_to_ş	final_prompt_token_minus_10	125	’t	18198	0.12984386086463928	48
original_hum_s_to_scedilla	original_hum	s_to_ş	final_prompt_token_minus_10	125	’t	17394	0.12837859988212585	49
original_hum_s_to_scedilla	original_hum	s_to_ş	final_prompt_token_minus_10	125	’t	3273	0.1275932937860489	50
original_hum_s_to_sdot	original_hum	s_to_ṡ	final_prompt_token	202	.	2938	1.7538354396820068	1
original_hum_s_to_sdot	original_hum	s_to_ṡ	final_prompt_token	202	.	18937	0.6369987726211548	2
original_hum_s_to_sdot	original_hum	s_to_ṡ	final_prompt_token	202	.	28713	0.5529863238334656	3
original_hum_s_to_sdot	original_hum	s_to_ṡ	final_prompt_token	202	.	1626	0.41931384801864624	4
original_hum_s_to_sdot	original_hum	s_to_ṡ	final_prompt_token	202	.	3241	0.3461016118526459	5
original_hum_s_to_sdot	original_hum	s_to_ṡ	final_prompt_token	202	.	19389	0.34373944997787476	6
original_hum_s_to_sdot	original_hum	s_to_ṡ	final_prompt_token	202	.	13935	0.33742445707321167	7
original_hum_s_to_sdot	original_hum	s_to_ṡ	final_prompt_token	202	.	15954	0.3036915361881256	8
original_hum_s_to_sdot	original_hum	s_to_ṡ	final_prompt_token	202	.	6194	0.2873183488845825	9
original_hum_s_to_sdot	original_hum	s_to_ṡ	final_prompt_token	202	.	31908	0.2821219265460968	10
original_hum_s_to_sdot	original_hum	s_to_ṡ	final_prompt_token	202	.	11256	0.2711697518825531	11
original_hum_s_to_sdot	original_hum	s_to_ṡ	final_prompt_token	202	.	6429	0.2658551335334778	12
original_hum_s_to_sdot	original_hum	s_to_ṡ	final_prompt_token	202	.	17394	0.2576543986797333	13
original_hum_s_to_sdot	original_hum	s_to_ṡ	final_prompt_token	202	.	25575	0.24622821807861328	14
original_hum_s_to_sdot	original_hum	s_to_ṡ	final_prompt_token	202	.	26684	0.23903395235538483	15
original_hum_s_to_sdot	original_hum	s_to_ṡ	final_prompt_token	202	.	29524	0.2320750206708908	16
original_hum_s_to_sdot	original_hum	s_to_ṡ	final_prompt_token	202	.	23977	0.23162072896957397	17
original_hum_s_to_sdot	original_hum	s_to_ṡ	final_prompt_token	202	.	599	0.21637582778930664	18
original_hum_s_to_sdot	original_hum	s_to_ṡ	final_prompt_token	202	.	12320	0.2120048552751541	19
original_hum_s_to_sdot	original_hum	s_to_ṡ	final_prompt_token	202	.	7163	0.20135851204395294	20
original_hum_s_to_sdot	original_hum	s_to_ṡ	final_prompt_token	202	.	6021	0.19925494492053986	21
original_hum_s_to_sdot	original_hum	s_to_ṡ	final_prompt_token	202	.	14614	0.1990746259689331	22
original_hum_s_to_sdot	original_hum	s_to_ṡ	final_prompt_token	202	.	25001	0.19620609283447266	23
original_hum_s_to_sdot	original_hum	s_to_ṡ	final_prompt_token	202	.	5257	0.19216212630271912	24
original_hum_s_to_sdot	original_hum	s_to_ṡ	final_prompt_token	202	.	11456	0.1856306493282318	25
original_hum_s_to_sdot	original_hum	s_to_ṡ	final_prompt_token	202	.	18198	0.1846468597650528	26
original_hum_s_to_sdot	original_hum	s_to_ṡ	final_prompt_token	202	.	13061	0.17670713365077972	27
original_hum_s_to_sdot	original_hum	s_to_ṡ	final_prompt_token	202	.	25446	0.17641767859458923	28
original_hum_s_to_sdot	original_hum	s_to_ṡ	final_prompt_token	202	.	27342	0.17105144262313843	29
original_hum_s_to_sdot	original_hum	s_to_ṡ	final_prompt_token	202	.	30964	0.16774123907089233	30
original_hum_s_to_sdot	original_hum	s_to_ṡ	final_prompt_token	202	.	25351	0.16221611201763153	31
original_hum_s_to_sdot	original_hum	s_to_ṡ	final_prompt_token	202	.	6593	0.15974083542823792	32
original_hum_s_to_sdot	original_hum	s_to_ṡ	final_prompt_token	202	.	32744	0.15830913186073303	33
original_hum_s_to_sdot	original_hum	s_to_ṡ	final_prompt_token	202	.	19423	0.15659520030021667	34
original_hum_s_to_sdot	original_hum	s_to_ṡ	final_prompt_token	202	.	2959	0.15470236539840698	35
original_hum_s_to_sdot	original_hum	s_to_ṡ	final_prompt_token	202	.	8928	0.15442338585853577	36
original_hum_s_to_sdot	original_hum	s_to_ṡ	final_prompt_token	202	.	5079	0.15191370248794556	37
original_hum_s_to_sdot	original_hum	s_to_ṡ	final_prompt_token	202	.	11312	0.14913971722126007	38
original_hum_s_to_sdot	original_hum	s_to_ṡ	final_prompt_token	202	.	11338	0.14879488945007324	39
original_hum_s_to_sdot	original_hum	s_to_ṡ	final_prompt_token	202	.	15560	0.14848946034908295	40
original_hum_s_to_sdot	original_hum	s_to_ṡ	final_prompt_token	202	.	3271	0.14643333852291107	41
original_hum_s_to_sdot	original_hum	s_to_ṡ	final_prompt_token	202	.	8216	0.1455124020576477	42
original_hum_s_to_sdot	original_hum	s_to_ṡ	final_prompt_token	202	.	15700	0.1454618275165558	43
original_hum_s_to_sdot	original_hum	s_to_ṡ	final_prompt_token	202	.	10963	0.14499348402023315	44
original_hum_s_to_sdot	original_hum	s_to_ṡ	final_prompt_token	202	.	22503	0.14469079673290253	45
original_hum_s_to_sdot	original_hum	s_to_ṡ	final_prompt_token	202	.	5024	0.14383524656295776	46
original_hum_s_to_sdot	original_hum	s_to_ṡ	final_prompt_token	202	.	17869	0.14317959547042847	47
original_hum_s_to_sdot	original_hum	s_to_ṡ	final_prompt_token	202	.	30033	0.1416332870721817	48
original_hum_s_to_sdot	original_hum	s_to_ṡ	final_prompt_token	202	.	30453	0.14086610078811646	49
original_hum_s_to_sdot	original_hum	s_to_ṡ	final_prompt_token	202	.	25377	0.13980910181999207	50
original_hum_s_to_sdot	original_hum	s_to_ṡ	final_prompt_token_minus_1	201	check	799	1.7813022136688232	1
original_hum_s_to_sdot	original_hum	s_to_ṡ	final_prompt_token_minus_1	201	check	2938	1.167341947555542	2
original_hum_s_to_sdot	original_hum	s_to_ṡ	final_prompt_token_minus_1	201	check	16706	0.5189073085784912	3
original_hum_s_to_sdot	original_hum	s_to_ṡ	final_prompt_token_minus_1	201	check	27342	0.4266171157360077	4
original_hum_s_to_sdot	original_hum	s_to_ṡ	final_prompt_token_minus_1	201	check	19389	0.3165033161640167	5
original_hum_s_to_sdot	original_hum	s_to_ṡ	final_prompt_token_minus_1	201	check	16439	0.29887017607688904	6
original_hum_s_to_sdot	original_hum	s_to_ṡ	final_prompt_token_minus_1	201	check	26684	0.2977124750614166	7
original_hum_s_to_sdot	original_hum	s_to_ṡ	final_prompt_token_minus_1	201	check	32454	0.2885599434375763	8
original_hum_s_to_sdot	original_hum	s_to_ṡ	final_prompt_token_minus_1	201	check	11256	0.2584885060787201	9
original_hum_s_to_sdot	original_hum	s_to_ṡ	final_prompt_token_minus_1	201	check	29065	0.24956104159355164	10
original_hum_s_to_sdot	original_hum	s_to_ṡ	final_prompt_token_minus_1	201	check	26598	0.22480228543281555	11
original_hum_s_to_sdot	original_hum	s_to_ṡ	final_prompt_token_minus_1	201	check	29171	0.22372762858867645	12
original_hum_s_to_sdot	original_hum	s_to_ṡ	final_prompt_token_minus_1	201	check	25001	0.2217217981815338	13
original_hum_s_to_sdot	original_hum	s_to_ṡ	final_prompt_token_minus_1	201	check	704	0.2152288854122162	14
original_hum_s_to_sdot	original_hum	s_to_ṡ	final_prompt_token_minus_1	201	check	19850	0.2151907980442047	15
original_hum_s_to_sdot	original_hum	s_to_ṡ	final_prompt_token_minus_1	201	check	9241	0.21497760713100433	16
original_hum_s_to_sdot	original_hum	s_to_ṡ	final_prompt_token_minus_1	201	check	9990	0.21222589910030365	17
original_hum_s_to_sdot	original_hum	s_to_ṡ	final_prompt_token_minus_1	201	check	22353	0.20237484574317932	18
original_hum_s_to_sdot	original_hum	s_to_ṡ	final_prompt_token_minus_1	201	check	5257	0.2001952826976776	19
original_hum_s_to_sdot	original_hum	s_to_ṡ	final_prompt_token_minus_1	201	check	29472	0.19799546897411346	20
original_hum_s_to_sdot	original_hum	s_to_ṡ	final_prompt_token_minus_1	201	check	16475	0.19573421776294708	21
original_hum_s_to_sdot	original_hum	s_to_ṡ	final_prompt_token_minus_1	201	check	10709	0.19565053284168243	22
original_hum_s_to_sdot	original_hum	s_to_ṡ	final_prompt_token_minus_1	201	check	8882	0.19116823375225067	23
original_hum_s_to_sdot	original_hum	s_to_ṡ	final_prompt_token_minus_1	201	check	8216	0.1903485655784607	24
original_hum_s_to_sdot	original_hum	s_to_ṡ	final_prompt_token_minus_1	201	check	17164	0.18829116225242615	25
original_hum_s_to_sdot	original_hum	s_to_ṡ	final_prompt_token_minus_1	201	check	20031	0.18701429665088654	26
original_hum_s_to_sdot	original_hum	s_to_ṡ	final_prompt_token_minus_1	201	check	7982	0.185860738158226	27
original_hum_s_to_sdot	original_hum	s_to_ṡ	final_prompt_token_minus_1	201	check	23071	0.18480196595191956	28
original_hum_s_to_sdot	original_hum	s_to_ṡ	final_prompt_token_minus_1	201	check	10265	0.17075100541114807	29
original_hum_s_to_sdot	original_hum	s_to_ṡ	final_prompt_token_minus_1	201	check	32448	0.1680951714515686	30
original_hum_s_to_sdot	original_hum	s_to_ṡ	final_prompt_token_minus_1	201	check	15076	0.16519996523857117	31
original_hum_s_to_sdot	original_hum	s_to_ṡ	final_prompt_token_minus_1	201	check	8891	0.16261467337608337	32
original_hum_s_to_sdot	original_hum	s_to_ṡ	final_prompt_token_minus_1	201	check	27461	0.16134700179100037	33
original_hum_s_to_sdot	original_hum	s_to_ṡ	final_prompt_token_minus_1	201	check	7506	0.16106393933296204	34
original_hum_s_to_sdot	original_hum	s_to_ṡ	final_prompt_token_minus_1	201	check	6593	0.1591886430978775	35
original_hum_s_to_sdot	original_hum	s_to_ṡ	final_prompt_token_minus_1	201	check	6375	0.15427325665950775	36
original_hum_s_to_sdot	original_hum	s_to_ṡ	final_prompt_token_minus_1	201	check	17869	0.15270280838012695	37
original_hum_s_to_sdot	original_hum	s_to_ṡ	final_prompt_token_minus_1	201	check	22922	0.14903847873210907	38
original_hum_s_to_sdot	original_hum	s_to_ṡ	final_prompt_token_minus_1	201	check	17	0.1480754017829895	39
original_hum_s_to_sdot	original_hum	s_to_ṡ	final_prompt_token_minus_1	201	check	1659	0.14275361597537994	40
original_hum_s_to_sdot	original_hum	s_to_ṡ	final_prompt_token_minus_1	201	check	31784	0.14126932621002197	41
original_hum_s_to_sdot	original_hum	s_to_ṡ	final_prompt_token_minus_1	201	check	31632	0.13763049244880676	42
original_hum_s_to_sdot	original_hum	s_to_ṡ	final_prompt_token_minus_1	201	check	17200	0.13739140331745148	43
original_hum_s_to_sdot	original_hum	s_to_ṡ	final_prompt_token_minus_1	201	check	4844	0.136572003364563	44
original_hum_s_to_sdot	original_hum	s_to_ṡ	final_prompt_token_minus_1	201	check	31836	0.13654813170433044	45
original_hum_s_to_sdot	original_hum	s_to_ṡ	final_prompt_token_minus_1	201	check	26945	0.13582341372966766	46
original_hum_s_to_sdot	original_hum	s_to_ṡ	final_prompt_token_minus_1	201	check	10764	0.1349136084318161	47
original_hum_s_to_sdot	original_hum	s_to_ṡ	final_prompt_token_minus_1	201	check	24636	0.13451485335826874	48
original_hum_s_to_sdot	original_hum	s_to_ṡ	final_prompt_token_minus_1	201	check	20642	0.12775003910064697	49
original_hum_s_to_sdot	original_hum	s_to_ṡ	final_prompt_token_minus_1	201	check	27263	0.1277444064617157	50
original_hum_s_to_sdot	original_hum	s_to_ṡ	final_prompt_token_minus_2	200	t	2938	1.2341711521148682	1
original_hum_s_to_sdot	original_hum	s_to_ṡ	final_prompt_token_minus_2	200	t	28392	1.0050568580627441	2
original_hum_s_to_sdot	original_hum	s_to_ṡ	final_prompt_token_minus_2	200	t	5257	0.3605307340621948	3
original_hum_s_to_sdot	original_hum	s_to_ṡ	final_prompt_token_minus_2	200	t	19943	0.33852502703666687	4
original_hum_s_to_sdot	original_hum	s_to_ṡ	final_prompt_token_minus_2	200	t	9317	0.31957438588142395	5
original_hum_s_to_sdot	original_hum	s_to_ṡ	final_prompt_token_minus_2	200	t	19389	0.3190022110939026	6
original_hum_s_to_sdot	original_hum	s_to_ṡ	final_prompt_token_minus_2	200	t	23673	0.31603628396987915	7
original_hum_s_to_sdot	original_hum	s_to_ṡ	final_prompt_token_minus_2	200	t	21517	0.31295570731163025	8
original_hum_s_to_sdot	original_hum	s_to_ṡ	final_prompt_token_minus_2	200	t	10265	0.3004891872406006	9
original_hum_s_to_sdot	original_hum	s_to_ṡ	final_prompt_token_minus_2	200	t	10709	0.29404017329216003	10
original_hum_s_to_sdot	original_hum	s_to_ṡ	final_prompt_token_minus_2	200	t	14675	0.28112372756004333	11
original_hum_s_to_sdot	original_hum	s_to_ṡ	final_prompt_token_minus_2	200	t	1438	0.274253249168396	12
original_hum_s_to_sdot	original_hum	s_to_ṡ	final_prompt_token_minus_2	200	t	14098	0.2726892828941345	13
original_hum_s_to_sdot	original_hum	s_to_ṡ	final_prompt_token_minus_2	200	t	30453	0.26971128582954407	14
original_hum_s_to_sdot	original_hum	s_to_ṡ	final_prompt_token_minus_2	200	t	16439	0.2613008916378021	15
original_hum_s_to_sdot	original_hum	s_to_ṡ	final_prompt_token_minus_2	200	t	27342	0.24697259068489075	16
original_hum_s_to_sdot	original_hum	s_to_ṡ	final_prompt_token_minus_2	200	t	17869	0.22902023792266846	17
original_hum_s_to_sdot	original_hum	s_to_ṡ	final_prompt_token_minus_2	200	t	31836	0.2239779233932495	18
original_hum_s_to_sdot	original_hum	s_to_ṡ	final_prompt_token_minus_2	200	t	26684	0.2121957391500473	19
original_hum_s_to_sdot	original_hum	s_to_ṡ	final_prompt_token_minus_2	200	t	12351	0.20700737833976746	20
original_hum_s_to_sdot	original_hum	s_to_ṡ	final_prompt_token_minus_2	200	t	25341	0.20075592398643494	21
original_hum_s_to_sdot	original_hum	s_to_ṡ	final_prompt_token_minus_2	200	t	27461	0.2002471387386322	22
original_hum_s_to_sdot	original_hum	s_to_ṡ	final_prompt_token_minus_2	200	t	11650	0.1785087287425995	23
original_hum_s_to_sdot	original_hum	s_to_ṡ	final_prompt_token_minus_2	200	t	21478	0.17817731201648712	24
original_hum_s_to_sdot	original_hum	s_to_ṡ	final_prompt_token_minus_2	200	t	18198	0.17719629406929016	25
original_hum_s_to_sdot	original_hum	s_to_ṡ	final_prompt_token_minus_2	200	t	16859	0.17350147664546967	26
original_hum_s_to_sdot	original_hum	s_to_ṡ	final_prompt_token_minus_2	200	t	23070	0.1710355281829834	27
original_hum_s_to_sdot	original_hum	s_to_ṡ	final_prompt_token_minus_2	200	t	9563	0.16865605115890503	28
original_hum_s_to_sdot	original_hum	s_to_ṡ	final_prompt_token_minus_2	200	t	4795	0.16852836310863495	29
original_hum_s_to_sdot	original_hum	s_to_ṡ	final_prompt_token_minus_2	200	t	15954	0.167843297123909	30
original_hum_s_to_sdot	original_hum	s_to_ṡ	final_prompt_token_minus_2	200	t	9446	0.16622082889080048	31
original_hum_s_to_sdot	original_hum	s_to_ṡ	final_prompt_token_minus_2	200	t	26723	0.16611459851264954	32
original_hum_s_to_sdot	original_hum	s_to_ṡ	final_prompt_token_minus_2	200	t	28971	0.1633150577545166	33
original_hum_s_to_sdot	original_hum	s_to_ṡ	final_prompt_token_minus_2	200	t	25077	0.16186535358428955	34
original_hum_s_to_sdot	original_hum	s_to_ṡ	final_prompt_token_minus_2	200	t	16475	0.15948200225830078	35
original_hum_s_to_sdot	original_hum	s_to_ṡ	final_prompt_token_minus_2	200	t	7506	0.15841783583164215	36
original_hum_s_to_sdot	original_hum	s_to_ṡ	final_prompt_token_minus_2	200	t	16255	0.1552702933549881	37
original_hum_s_to_sdot	original_hum	s_to_ṡ	final_prompt_token_minus_2	200	t	2977	0.15473945438861847	38
original_hum_s_to_sdot	original_hum	s_to_ṡ	final_prompt_token_minus_2	200	t	30080	0.15185385942459106	39
original_hum_s_to_sdot	original_hum	s_to_ṡ	final_prompt_token_minus_2	200	t	10636	0.15178529918193817	40
original_hum_s_to_sdot	original_hum	s_to_ṡ	final_prompt_token_minus_2	200	t	22932	0.15035875141620636	41
original_hum_s_to_sdot	original_hum	s_to_ṡ	final_prompt_token_minus_2	200	t	11256	0.1481834203004837	42
original_hum_s_to_sdot	original_hum	s_to_ṡ	final_prompt_token_minus_2	200	t	31433	0.14779579639434814	43
original_hum_s_to_sdot	original_hum	s_to_ṡ	final_prompt_token_minus_2	200	t	9784	0.1469114124774933	44
original_hum_s_to_sdot	original_hum	s_to_ṡ	final_prompt_token_minus_2	200	t	15076	0.14643287658691406	45
original_hum_s_to_sdot	original_hum	s_to_ṡ	final_prompt_token_minus_2	200	t	19416	0.14617125689983368	46
original_hum_s_to_sdot	original_hum	s_to_ṡ	final_prompt_token_minus_2	200	t	22503	0.143275648355484	47
original_hum_s_to_sdot	original_hum	s_to_ṡ	final_prompt_token_minus_2	200	t	15840	0.13960634171962738	48
original_hum_s_to_sdot	original_hum	s_to_ṡ	final_prompt_token_minus_2	200	t	1953	0.1372700035572052	49
original_hum_s_to_sdot	original_hum	s_to_ṡ	final_prompt_token_minus_2	200	t	2756	0.1367032825946808	50
original_hum_s_to_sdot	original_hum	s_to_ṡ	final_prompt_token_minus_5	197	�	2938	2.607966899871826	1
original_hum_s_to_sdot	original_hum	s_to_ṡ	final_prompt_token_minus_5	197	�	16612	0.7546324133872986	2
original_hum_s_to_sdot	original_hum	s_to_ṡ	final_prompt_token_minus_5	197	�	17023	0.7006158232688904	3
original_hum_s_to_sdot	original_hum	s_to_ṡ	final_prompt_token_minus_5	197	�	2355	0.5884808301925659	4
original_hum_s_to_sdot	original_hum	s_to_ṡ	final_prompt_token_minus_5	197	�	6572	0.5482280254364014	5
original_hum_s_to_sdot	original_hum	s_to_ṡ	final_prompt_token_minus_5	197	�	11038	0.5388080477714539	6
original_hum_s_to_sdot	original_hum	s_to_ṡ	final_prompt_token_minus_5	197	�	25141	0.4970874786376953	7
original_hum_s_to_sdot	original_hum	s_to_ṡ	final_prompt_token_minus_5	197	�	29711	0.4757850766181946	8
original_hum_s_to_sdot	original_hum	s_to_ṡ	final_prompt_token_minus_5	197	�	27446	0.43910565972328186	9
original_hum_s_to_sdot	original_hum	s_to_ṡ	final_prompt_token_minus_5	197	�	22935	0.41634106636047363	10
original_hum_s_to_sdot	original_hum	s_to_ṡ	final_prompt_token_minus_5	197	�	7164	0.4049285352230072	11
original_hum_s_to_sdot	original_hum	s_to_ṡ	final_prompt_token_minus_5	197	�	16287	0.3697342872619629	12
original_hum_s_to_sdot	original_hum	s_to_ṡ	final_prompt_token_minus_5	197	�	6720	0.35485148429870605	13
original_hum_s_to_sdot	original_hum	s_to_ṡ	final_prompt_token_minus_5	197	�	17586	0.3430924415588379	14
original_hum_s_to_sdot	original_hum	s_to_ṡ	final_prompt_token_minus_5	197	�	25724	0.31288769841194153	15
original_hum_s_to_sdot	original_hum	s_to_ṡ	final_prompt_token_minus_5	197	�	15136	0.30938827991485596	16
original_hum_s_to_sdot	original_hum	s_to_ṡ	final_prompt_token_minus_5	197	�	12068	0.30464303493499756	17
original_hum_s_to_sdot	original_hum	s_to_ṡ	final_prompt_token_minus_5	197	�	16958	0.300476998090744	18
original_hum_s_to_sdot	original_hum	s_to_ṡ	final_prompt_token_minus_5	197	�	15882	0.2999767065048218	19
original_hum_s_to_sdot	original_hum	s_to_ṡ	final_prompt_token_minus_5	197	�	16081	0.2915846109390259	20
original_hum_s_to_sdot	original_hum	s_to_ṡ	final_prompt_token_minus_5	197	�	13564	0.2832755446434021	21
original_hum_s_to_sdot	original_hum	s_to_ṡ	final_prompt_token_minus_5	197	�	1953	0.274169921875	22
original_hum_s_to_sdot	original_hum	s_to_ṡ	final_prompt_token_minus_5	197	�	8437	0.2491176575422287	23
original_hum_s_to_sdot	original_hum	s_to_ṡ	final_prompt_token_minus_5	197	�	30733	0.24408039450645447	24
original_hum_s_to_sdot	original_hum	s_to_ṡ	final_prompt_token_minus_5	197	�	30015	0.2438582181930542	25
original_hum_s_to_sdot	original_hum	s_to_ṡ	final_prompt_token_minus_5	197	�	12013	0.24285343289375305	26
original_hum_s_to_sdot	original_hum	s_to_ṡ	final_prompt_token_minus_5	197	�	19083	0.24147215485572815	27
original_hum_s_to_sdot	original_hum	s_to_ṡ	final_prompt_token_minus_5	197	�	15971	0.24117916822433472	28
original_hum_s_to_sdot	original_hum	s_to_ṡ	final_prompt_token_minus_5	197	�	11282	0.23970775306224823	29
original_hum_s_to_sdot	original_hum	s_to_ṡ	final_prompt_token_minus_5	197	�	4456	0.22743095457553864	30
original_hum_s_to_sdot	original_hum	s_to_ṡ	final_prompt_token_minus_5	197	�	23422	0.22710168361663818	31
original_hum_s_to_sdot	original_hum	s_to_ṡ	final_prompt_token_minus_5	197	�	28943	0.21738728880882263	32
original_hum_s_to_sdot	original_hum	s_to_ṡ	final_prompt_token_minus_5	197	�	28078	0.21606507897377014	33
original_hum_s_to_sdot	original_hum	s_to_ṡ	final_prompt_token_minus_5	197	�	9446	0.2087709903717041	34
original_hum_s_to_sdot	original_hum	s_to_ṡ	final_prompt_token_minus_5	197	�	22418	0.20863068103790283	35
original_hum_s_to_sdot	original_hum	s_to_ṡ	final_prompt_token_minus_5	197	�	16624	0.20846199989318848	36
original_hum_s_to_sdot	original_hum	s_to_ṡ	final_prompt_token_minus_5	197	�	22822	0.20804648101329803	37
original_hum_s_to_sdot	original_hum	s_to_ṡ	final_prompt_token_minus_5	197	�	9834	0.20435073971748352	38
original_hum_s_to_sdot	original_hum	s_to_ṡ	final_prompt_token_minus_5	197	�	21902	0.20307381451129913	39
original_hum_s_to_sdot	original_hum	s_to_ṡ	final_prompt_token_minus_5	197	�	26683	0.190138578414917	40
original_hum_s_to_sdot	original_hum	s_to_ṡ	final_prompt_token_minus_5	197	�	9655	0.1857263147830963	41
original_hum_s_to_sdot	original_hum	s_to_ṡ	final_prompt_token_minus_5	197	�	22359	0.18236443400382996	42
original_hum_s_to_sdot	original_hum	s_to_ṡ	final_prompt_token_minus_5	197	�	16582	0.18152210116386414	43
original_hum_s_to_sdot	original_hum	s_to_ṡ	final_prompt_token_minus_5	197	�	2555	0.18075034022331238	44
original_hum_s_to_sdot	original_hum	s_to_ṡ	final_prompt_token_minus_5	197	�	10610	0.17815837264060974	45
original_hum_s_to_sdot	original_hum	s_to_ṡ	final_prompt_token_minus_5	197	�	19011	0.17741253972053528	46
original_hum_s_to_sdot	original_hum	s_to_ṡ	final_prompt_token_minus_5	197	�	22510	0.1751483678817749	47
original_hum_s_to_sdot	original_hum	s_to_ṡ	final_prompt_token_minus_5	197	�	27881	0.17406171560287476	48
original_hum_s_to_sdot	original_hum	s_to_ṡ	final_prompt_token_minus_5	197	�	15696	0.17064768075942993	49
original_hum_s_to_sdot	original_hum	s_to_ṡ	final_prompt_token_minus_5	197	�	17538	0.16700881719589233	50
original_hum_s_to_sdot	original_hum	s_to_ṡ	final_prompt_token_minus_10	192	�	2938	1.8693307638168335	1
original_hum_s_to_sdot	original_hum	s_to_ṡ	final_prompt_token_minus_10	192	�	14082	0.5461676716804504	2
original_hum_s_to_sdot	original_hum	s_to_ṡ	final_prompt_token_minus_10	192	�	16612	0.49428486824035645	3
original_hum_s_to_sdot	original_hum	s_to_ṡ	final_prompt_token_minus_10	192	�	23177	0.4332258403301239	4
original_hum_s_to_sdot	original_hum	s_to_ṡ	final_prompt_token_minus_10	192	�	271	0.36864885687828064	5
original_hum_s_to_sdot	original_hum	s_to_ṡ	final_prompt_token_minus_10	192	�	27260	0.35954201221466064	6
original_hum_s_to_sdot	original_hum	s_to_ṡ	final_prompt_token_minus_10	192	�	440	0.3491356372833252	7
original_hum_s_to_sdot	original_hum	s_to_ṡ	final_prompt_token_minus_10	192	�	10636	0.2940775752067566	8
original_hum_s_to_sdot	original_hum	s_to_ṡ	final_prompt_token_minus_10	192	�	7164	0.29345041513442993	9
original_hum_s_to_sdot	original_hum	s_to_ṡ	final_prompt_token_minus_10	192	�	27389	0.2793952524662018	10
original_hum_s_to_sdot	original_hum	s_to_ṡ	final_prompt_token_minus_10	192	�	13270	0.2742411196231842	11
original_hum_s_to_sdot	original_hum	s_to_ṡ	final_prompt_token_minus_10	192	�	27446	0.24991446733474731	12
original_hum_s_to_sdot	original_hum	s_to_ṡ	final_prompt_token_minus_10	192	�	4456	0.2332662045955658	13
original_hum_s_to_sdot	original_hum	s_to_ṡ	final_prompt_token_minus_10	192	�	13747	0.2328786849975586	14
original_hum_s_to_sdot	original_hum	s_to_ṡ	final_prompt_token_minus_10	192	�	27281	0.23221619427204132	15
original_hum_s_to_sdot	original_hum	s_to_ṡ	final_prompt_token_minus_10	192	�	1953	0.19318729639053345	16
original_hum_s_to_sdot	original_hum	s_to_ṡ	final_prompt_token_minus_10	192	�	13597	0.189464271068573	17
original_hum_s_to_sdot	original_hum	s_to_ṡ	final_prompt_token_minus_10	192	�	6572	0.18434229493141174	18
original_hum_s_to_sdot	original_hum	s_to_ṡ	final_prompt_token_minus_10	192	�	8437	0.1784932166337967	19
original_hum_s_to_sdot	original_hum	s_to_ṡ	final_prompt_token_minus_10	192	�	20753	0.17833451926708221	20
original_hum_s_to_sdot	original_hum	s_to_ṡ	final_prompt_token_minus_10	192	�	30205	0.1764782965183258	21
original_hum_s_to_sdot	original_hum	s_to_ṡ	final_prompt_token_minus_10	192	�	23882	0.1752716600894928	22
original_hum_s_to_sdot	original_hum	s_to_ṡ	final_prompt_token_minus_10	192	�	2977	0.17374743521213531	23
original_hum_s_to_sdot	original_hum	s_to_ṡ	final_prompt_token_minus_10	192	�	9446	0.17324577271938324	24
original_hum_s_to_sdot	original_hum	s_to_ṡ	final_prompt_token_minus_10	192	�	9004	0.1704716682434082	25
original_hum_s_to_sdot	original_hum	s_to_ṡ	final_prompt_token_minus_10	192	�	1612	0.16827121376991272	26
original_hum_s_to_sdot	original_hum	s_to_ṡ	final_prompt_token_minus_10	192	�	8418	0.16798309981822968	27
original_hum_s_to_sdot	original_hum	s_to_ṡ	final_prompt_token_minus_10	192	�	23324	0.1622483730316162	28
original_hum_s_to_sdot	original_hum	s_to_ṡ	final_prompt_token_minus_10	192	�	14311	0.1611696481704712	29
original_hum_s_to_sdot	original_hum	s_to_ṡ	final_prompt_token_minus_10	192	�	1733	0.1609877049922943	30
original_hum_s_to_sdot	original_hum	s_to_ṡ	final_prompt_token_minus_10	192	�	3273	0.15922610461711884	31
original_hum_s_to_sdot	original_hum	s_to_ṡ	final_prompt_token_minus_10	192	�	31938	0.15685713291168213	32
original_hum_s_to_sdot	original_hum	s_to_ṡ	final_prompt_token_minus_10	192	�	8659	0.15532056987285614	33
original_hum_s_to_sdot	original_hum	s_to_ṡ	final_prompt_token_minus_10	192	�	30989	0.1462874412536621	34
original_hum_s_to_sdot	original_hum	s_to_ṡ	final_prompt_token_minus_10	192	�	18198	0.14599262177944183	35
original_hum_s_to_sdot	original_hum	s_to_ṡ	final_prompt_token_minus_10	192	�	14409	0.14515972137451172	36
original_hum_s_to_sdot	original_hum	s_to_ṡ	final_prompt_token_minus_10	192	�	3449	0.14341597259044647	37
original_hum_s_to_sdot	original_hum	s_to_ṡ	final_prompt_token_minus_10	192	�	25077	0.14275819063186646	38
original_hum_s_to_sdot	original_hum	s_to_ṡ	final_prompt_token_minus_10	192	�	1438	0.14232511818408966	39
original_hum_s_to_sdot	original_hum	s_to_ṡ	final_prompt_token_minus_10	192	�	10265	0.1416121870279312	40
original_hum_s_to_sdot	original_hum	s_to_ṡ	final_prompt_token_minus_10	192	�	19389	0.14064644277095795	41
original_hum_s_to_sdot	original_hum	s_to_ṡ	final_prompt_token_minus_10	192	�	13866	0.13792569935321808	42
original_hum_s_to_sdot	original_hum	s_to_ṡ	final_prompt_token_minus_10	192	�	7711	0.13757340610027313	43
original_hum_s_to_sdot	original_hum	s_to_ṡ	final_prompt_token_minus_10	192	�	16125	0.1370636373758316	44
original_hum_s_to_sdot	original_hum	s_to_ṡ	final_prompt_token_minus_10	192	�	22188	0.13683119416236877	45
original_hum_s_to_sdot	original_hum	s_to_ṡ	final_prompt_token_minus_10	192	�	18847	0.13606320321559906	46
original_hum_s_to_sdot	original_hum	s_to_ṡ	final_prompt_token_minus_10	192	�	22932	0.13537931442260742	47
original_hum_s_to_sdot	original_hum	s_to_ṡ	final_prompt_token_minus_10	192	�	19243	0.1347436010837555	48
original_hum_s_to_sdot	original_hum	s_to_ṡ	final_prompt_token_minus_10	192	�	4039	0.13263171911239624	49
original_hum_s_to_sdot	original_hum	s_to_ṡ	final_prompt_token_minus_10	192	�	23673	0.12894973158836365	50
just_check_hum_ascii_original	just_check_hum	ascii_original	final_prompt_token	33	.	2938	1.5880153179168701	1
just_check_hum_ascii_original	just_check_hum	ascii_original	final_prompt_token	33	.	18937	0.9313226938247681	2
just_check_hum_ascii_original	just_check_hum	ascii_original	final_prompt_token	33	.	5417	0.6526715755462646	3
just_check_hum_ascii_original	just_check_hum	ascii_original	final_prompt_token	33	.	16661	0.6487118601799011	4
just_check_hum_ascii_original	just_check_hum	ascii_original	final_prompt_token	33	.	6194	0.6010228395462036	5
just_check_hum_ascii_original	just_check_hum	ascii_original	final_prompt_token	33	.	28713	0.5327281355857849	6
just_check_hum_ascii_original	just_check_hum	ascii_original	final_prompt_token	33	.	15076	0.5204609632492065	7
just_check_hum_ascii_original	just_check_hum	ascii_original	final_prompt_token	33	.	16439	0.500912070274353	8
just_check_hum_ascii_original	just_check_hum	ascii_original	final_prompt_token	33	.	7163	0.356962114572525	9
just_check_hum_ascii_original	just_check_hum	ascii_original	final_prompt_token	33	.	32698	0.3533727824687958	10
just_check_hum_ascii_original	just_check_hum	ascii_original	final_prompt_token	33	.	3836	0.3456840217113495	11
just_check_hum_ascii_original	just_check_hum	ascii_original	final_prompt_token	33	.	26684	0.3425009548664093	12
just_check_hum_ascii_original	just_check_hum	ascii_original	final_prompt_token	33	.	11006	0.34136301279067993	13
just_check_hum_ascii_original	just_check_hum	ascii_original	final_prompt_token	33	.	30033	0.33679866790771484	14
just_check_hum_ascii_original	just_check_hum	ascii_original	final_prompt_token	33	.	5257	0.32932084798812866	15
just_check_hum_ascii_original	just_check_hum	ascii_original	final_prompt_token	33	.	22503	0.32306787371635437	16
just_check_hum_ascii_original	just_check_hum	ascii_original	final_prompt_token	33	.	3241	0.312799870967865	17
just_check_hum_ascii_original	just_check_hum	ascii_original	final_prompt_token	33	.	4428	0.2947308421134949	18
just_check_hum_ascii_original	just_check_hum	ascii_original	final_prompt_token	33	.	19826	0.28843170404434204	19
just_check_hum_ascii_original	just_check_hum	ascii_original	final_prompt_token	33	.	799	0.2866283059120178	20
just_check_hum_ascii_original	just_check_hum	ascii_original	final_prompt_token	33	.	6429	0.2674245536327362	21
just_check_hum_ascii_original	just_check_hum	ascii_original	final_prompt_token	33	.	1626	0.2512851655483246	22
just_check_hum_ascii_original	just_check_hum	ascii_original	final_prompt_token	33	.	25001	0.2500607669353485	23
just_check_hum_ascii_original	just_check_hum	ascii_original	final_prompt_token	33	.	14182	0.2406819611787796	24
just_check_hum_ascii_original	just_check_hum	ascii_original	final_prompt_token	33	.	15954	0.2383270412683487	25
just_check_hum_ascii_original	just_check_hum	ascii_original	final_prompt_token	33	.	8216	0.23813357949256897	26
just_check_hum_ascii_original	just_check_hum	ascii_original	final_prompt_token	33	.	18198	0.2372010350227356	27
just_check_hum_ascii_original	just_check_hum	ascii_original	final_prompt_token	33	.	16785	0.23586270213127136	28
just_check_hum_ascii_original	just_check_hum	ascii_original	final_prompt_token	33	.	3271	0.23449040949344635	29
just_check_hum_ascii_original	just_check_hum	ascii_original	final_prompt_token	33	.	23070	0.22981321811676025	30
just_check_hum_ascii_original	just_check_hum	ascii_original	final_prompt_token	33	.	28843	0.22578632831573486	31
just_check_hum_ascii_original	just_check_hum	ascii_original	final_prompt_token	33	.	32454	0.22144687175750732	32
just_check_hum_ascii_original	just_check_hum	ascii_original	final_prompt_token	33	.	23977	0.21453961730003357	33
just_check_hum_ascii_original	just_check_hum	ascii_original	final_prompt_token	33	.	18055	0.21374499797821045	34
just_check_hum_ascii_original	just_check_hum	ascii_original	final_prompt_token	33	.	21539	0.2134082019329071	35
just_check_hum_ascii_original	just_check_hum	ascii_original	final_prompt_token	33	.	6021	0.21223272383213043	36
just_check_hum_ascii_original	just_check_hum	ascii_original	final_prompt_token	33	.	19335	0.21161168813705444	37
just_check_hum_ascii_original	just_check_hum	ascii_original	final_prompt_token	33	.	13989	0.20580747723579407	38
just_check_hum_ascii_original	just_check_hum	ascii_original	final_prompt_token	33	.	18847	0.20479916036128998	39
just_check_hum_ascii_original	just_check_hum	ascii_original	final_prompt_token	33	.	28696	0.20192936062812805	40
just_check_hum_ascii_original	just_check_hum	ascii_original	final_prompt_token	33	.	31784	0.20075923204421997	41
just_check_hum_ascii_original	just_check_hum	ascii_original	final_prompt_token	33	.	27872	0.19397874176502228	42
just_check_hum_ascii_original	just_check_hum	ascii_original	final_prompt_token	33	.	13555	0.19236642122268677	43
just_check_hum_ascii_original	just_check_hum	ascii_original	final_prompt_token	33	.	7982	0.19197328388690948	44
just_check_hum_ascii_original	just_check_hum	ascii_original	final_prompt_token	33	.	6193	0.19101092219352722	45
just_check_hum_ascii_original	just_check_hum	ascii_original	final_prompt_token	33	.	16131	0.19057732820510864	46
just_check_hum_ascii_original	just_check_hum	ascii_original	final_prompt_token	33	.	29524	0.1886904239654541	47
just_check_hum_ascii_original	just_check_hum	ascii_original	final_prompt_token	33	.	18725	0.1821994185447693	48
just_check_hum_ascii_original	just_check_hum	ascii_original	final_prompt_token	33	.	18077	0.18191570043563843	49
just_check_hum_ascii_original	just_check_hum	ascii_original	final_prompt_token	33	.	2384	0.180101677775383	50
just_check_hum_ascii_original	just_check_hum	ascii_original	final_prompt_token_minus_1	32	check	799	1.9278450012207031	1
just_check_hum_ascii_original	just_check_hum	ascii_original	final_prompt_token_minus_1	32	check	2938	1.1538240909576416	2
just_check_hum_ascii_original	just_check_hum	ascii_original	final_prompt_token_minus_1	32	check	16661	0.6287922859191895	3
just_check_hum_ascii_original	just_check_hum	ascii_original	final_prompt_token_minus_1	32	check	5417	0.5347471237182617	4
just_check_hum_ascii_original	just_check_hum	ascii_original	final_prompt_token_minus_1	32	check	16439	0.487781822681427	5
just_check_hum_ascii_original	just_check_hum	ascii_original	final_prompt_token_minus_1	32	check	5257	0.4712333083152771	6
just_check_hum_ascii_original	just_check_hum	ascii_original	final_prompt_token_minus_1	32	check	16706	0.4288405776023865	7
just_check_hum_ascii_original	just_check_hum	ascii_original	final_prompt_token_minus_1	32	check	16475	0.37333202362060547	8
just_check_hum_ascii_original	just_check_hum	ascii_original	final_prompt_token_minus_1	32	check	29065	0.3430526852607727	9
just_check_hum_ascii_original	just_check_hum	ascii_original	final_prompt_token_minus_1	32	check	31420	0.3331007957458496	10
just_check_hum_ascii_original	just_check_hum	ascii_original	final_prompt_token_minus_1	32	check	26684	0.316195011138916	11
just_check_hum_ascii_original	just_check_hum	ascii_original	final_prompt_token_minus_1	32	check	15076	0.2857247292995453	12
just_check_hum_ascii_original	just_check_hum	ascii_original	final_prompt_token_minus_1	32	check	25001	0.2761857211589813	13
just_check_hum_ascii_original	just_check_hum	ascii_original	final_prompt_token_minus_1	32	check	28392	0.2709534168243408	14
just_check_hum_ascii_original	just_check_hum	ascii_original	final_prompt_token_minus_1	32	check	9241	0.26453912258148193	15
just_check_hum_ascii_original	just_check_hum	ascii_original	final_prompt_token_minus_1	32	check	15954	0.26435551047325134	16
just_check_hum_ascii_original	just_check_hum	ascii_original	final_prompt_token_minus_1	32	check	32698	0.2614567279815674	17
just_check_hum_ascii_original	just_check_hum	ascii_original	final_prompt_token_minus_1	32	check	32454	0.26124307513237	18
just_check_hum_ascii_original	just_check_hum	ascii_original	final_prompt_token_minus_1	32	check	29472	0.25982850790023804	19
just_check_hum_ascii_original	just_check_hum	ascii_original	final_prompt_token_minus_1	32	check	8216	0.22964701056480408	20
just_check_hum_ascii_original	just_check_hum	ascii_original	final_prompt_token_minus_1	32	check	20722	0.22531774640083313	21
just_check_hum_ascii_original	just_check_hum	ascii_original	final_prompt_token_minus_1	32	check	3836	0.22490355372428894	22
just_check_hum_ascii_original	just_check_hum	ascii_original	final_prompt_token_minus_1	32	check	7982	0.22475335001945496	23
just_check_hum_ascii_original	just_check_hum	ascii_original	final_prompt_token_minus_1	32	check	17682	0.20811863243579865	24
just_check_hum_ascii_original	just_check_hum	ascii_original	final_prompt_token_minus_1	32	check	24123	0.20263618230819702	25
just_check_hum_ascii_original	just_check_hum	ascii_original	final_prompt_token_minus_1	32	check	19850	0.2009589970111847	26
just_check_hum_ascii_original	just_check_hum	ascii_original	final_prompt_token_minus_1	32	check	8882	0.19914549589157104	27
just_check_hum_ascii_original	just_check_hum	ascii_original	final_prompt_token_minus_1	32	check	8891	0.19866394996643066	28
just_check_hum_ascii_original	just_check_hum	ascii_original	final_prompt_token_minus_1	32	check	18198	0.19794288277626038	29
just_check_hum_ascii_original	just_check_hum	ascii_original	final_prompt_token_minus_1	32	check	10146	0.1925658881664276	30
just_check_hum_ascii_original	just_check_hum	ascii_original	final_prompt_token_minus_1	32	check	29171	0.19115662574768066	31
just_check_hum_ascii_original	just_check_hum	ascii_original	final_prompt_token_minus_1	32	check	5333	0.1901092827320099	32
just_check_hum_ascii_original	just_check_hum	ascii_original	final_prompt_token_minus_1	32	check	16050	0.1888142228126526	33
just_check_hum_ascii_original	just_check_hum	ascii_original	final_prompt_token_minus_1	32	check	31784	0.18867699801921844	34
just_check_hum_ascii_original	just_check_hum	ascii_original	final_prompt_token_minus_1	32	check	1659	0.18846964836120605	35
just_check_hum_ascii_original	just_check_hum	ascii_original	final_prompt_token_minus_1	32	check	7133	0.1877860575914383	36
just_check_hum_ascii_original	just_check_hum	ascii_original	final_prompt_token_minus_1	32	check	13916	0.18673326075077057	37
just_check_hum_ascii_original	just_check_hum	ascii_original	final_prompt_token_minus_1	32	check	20971	0.18586984276771545	38
just_check_hum_ascii_original	just_check_hum	ascii_original	final_prompt_token_minus_1	32	check	7506	0.1851893812417984	39
just_check_hum_ascii_original	just_check_hum	ascii_original	final_prompt_token_minus_1	32	check	17	0.18200379610061646	40
just_check_hum_ascii_original	just_check_hum	ascii_original	final_prompt_token_minus_1	32	check	11256	0.18095776438713074	41
just_check_hum_ascii_original	just_check_hum	ascii_original	final_prompt_token_minus_1	32	check	23224	0.1804472953081131	42
just_check_hum_ascii_original	just_check_hum	ascii_original	final_prompt_token_minus_1	32	check	23070	0.18016621470451355	43
just_check_hum_ascii_original	just_check_hum	ascii_original	final_prompt_token_minus_1	32	check	20642	0.1764850914478302	44
just_check_hum_ascii_original	just_check_hum	ascii_original	final_prompt_token_minus_1	32	check	9991	0.17423462867736816	45
just_check_hum_ascii_original	just_check_hum	ascii_original	final_prompt_token_minus_1	32	check	18847	0.17308765649795532	46
just_check_hum_ascii_original	just_check_hum	ascii_original	final_prompt_token_minus_1	32	check	18965	0.17005999386310577	47
just_check_hum_ascii_original	just_check_hum	ascii_original	final_prompt_token_minus_1	32	check	704	0.16971898078918457	48
just_check_hum_ascii_original	just_check_hum	ascii_original	final_prompt_token_minus_1	32	check	6429	0.1678171455860138	49
just_check_hum_ascii_original	just_check_hum	ascii_original	final_prompt_token_minus_1	32	check	8583	0.16607560217380524	50
just_check_hum_ascii_original	just_check_hum	ascii_original	final_prompt_token_minus_2	31	Just	28392	1.7058534622192383	1
just_check_hum_ascii_original	just_check_hum	ascii_original	final_prompt_token_minus_2	31	Just	2938	1.3426272869110107	2
just_check_hum_ascii_original	just_check_hum	ascii_original	final_prompt_token_minus_2	31	Just	16661	0.7676137089729309	3
just_check_hum_ascii_original	just_check_hum	ascii_original	final_prompt_token_minus_2	31	Just	5417	0.4320598542690277	4
just_check_hum_ascii_original	just_check_hum	ascii_original	final_prompt_token_minus_2	31	Just	26259	0.392774373292923	5
just_check_hum_ascii_original	just_check_hum	ascii_original	final_prompt_token_minus_2	31	Just	26803	0.37531667947769165	6
just_check_hum_ascii_original	just_check_hum	ascii_original	final_prompt_token_minus_2	31	Just	18198	0.36633408069610596	7
just_check_hum_ascii_original	just_check_hum	ascii_original	final_prompt_token_minus_2	31	Just	5257	0.3638465404510498	8
just_check_hum_ascii_original	just_check_hum	ascii_original	final_prompt_token_minus_2	31	Just	15954	0.33531057834625244	9
just_check_hum_ascii_original	just_check_hum	ascii_original	final_prompt_token_minus_2	31	Just	20971	0.3174690008163452	10
just_check_hum_ascii_original	just_check_hum	ascii_original	final_prompt_token_minus_2	31	Just	32698	0.3051570653915405	11
just_check_hum_ascii_original	just_check_hum	ascii_original	final_prompt_token_minus_2	31	Just	25046	0.28046268224716187	12
just_check_hum_ascii_original	just_check_hum	ascii_original	final_prompt_token_minus_2	31	Just	16439	0.26868098974227905	13
just_check_hum_ascii_original	just_check_hum	ascii_original	final_prompt_token_minus_2	31	Just	9728	0.24320480227470398	14
just_check_hum_ascii_original	just_check_hum	ascii_original	final_prompt_token_minus_2	31	Just	16822	0.23908203840255737	15
just_check_hum_ascii_original	just_check_hum	ascii_original	final_prompt_token_minus_2	31	Just	25077	0.23528267443180084	16
just_check_hum_ascii_original	just_check_hum	ascii_original	final_prompt_token_minus_2	31	Just	11650	0.23277555406093597	17
just_check_hum_ascii_original	just_check_hum	ascii_original	final_prompt_token_minus_2	31	Just	5995	0.22084350883960724	18
just_check_hum_ascii_original	just_check_hum	ascii_original	final_prompt_token_minus_2	31	Just	26407	0.21676108241081238	19
just_check_hum_ascii_original	just_check_hum	ascii_original	final_prompt_token_minus_2	31	Just	31664	0.21663139760494232	20
just_check_hum_ascii_original	just_check_hum	ascii_original	final_prompt_token_minus_2	31	Just	24123	0.20400243997573853	21
just_check_hum_ascii_original	just_check_hum	ascii_original	final_prompt_token_minus_2	31	Just	7800	0.2014404833316803	22
just_check_hum_ascii_original	just_check_hum	ascii_original	final_prompt_token_minus_2	31	Just	5333	0.19966712594032288	23
just_check_hum_ascii_original	just_check_hum	ascii_original	final_prompt_token_minus_2	31	Just	22932	0.19798611104488373	24
just_check_hum_ascii_original	just_check_hum	ascii_original	final_prompt_token_minus_2	31	Just	22544	0.1925390064716339	25
just_check_hum_ascii_original	just_check_hum	ascii_original	final_prompt_token_minus_2	31	Just	25632	0.1873597502708435	26
just_check_hum_ascii_original	just_check_hum	ascii_original	final_prompt_token_minus_2	31	Just	13815	0.18609078228473663	27
just_check_hum_ascii_original	just_check_hum	ascii_original	final_prompt_token_minus_2	31	Just	10557	0.18176451325416565	28
just_check_hum_ascii_original	just_check_hum	ascii_original	final_prompt_token_minus_2	31	Just	12130	0.1797950714826584	29
just_check_hum_ascii_original	just_check_hum	ascii_original	final_prompt_token_minus_2	31	Just	15076	0.17613467574119568	30
just_check_hum_ascii_original	just_check_hum	ascii_original	final_prompt_token_minus_2	31	Just	21539	0.17173507809638977	31
just_check_hum_ascii_original	just_check_hum	ascii_original	final_prompt_token_minus_2	31	Just	9991	0.1683979332447052	32
just_check_hum_ascii_original	just_check_hum	ascii_original	final_prompt_token_minus_2	31	Just	6194	0.16814008355140686	33
just_check_hum_ascii_original	just_check_hum	ascii_original	final_prompt_token_minus_2	31	Just	7133	0.1643592119216919	34
just_check_hum_ascii_original	just_check_hum	ascii_original	final_prompt_token_minus_2	31	Just	21254	0.1628248393535614	35
just_check_hum_ascii_original	just_check_hum	ascii_original	final_prompt_token_minus_2	31	Just	7982	0.15992331504821777	36
just_check_hum_ascii_original	just_check_hum	ascii_original	final_prompt_token_minus_2	31	Just	9986	0.15612488985061646	37
just_check_hum_ascii_original	just_check_hum	ascii_original	final_prompt_token_minus_2	31	Just	20031	0.15024393796920776	38
just_check_hum_ascii_original	just_check_hum	ascii_original	final_prompt_token_minus_2	31	Just	25377	0.14984628558158875	39
just_check_hum_ascii_original	just_check_hum	ascii_original	final_prompt_token_minus_2	31	Just	1822	0.1463836133480072	40
just_check_hum_ascii_original	just_check_hum	ascii_original	final_prompt_token_minus_2	31	Just	26684	0.14637219905853271	41
just_check_hum_ascii_original	just_check_hum	ascii_original	final_prompt_token_minus_2	31	Just	30166	0.1452961266040802	42
just_check_hum_ascii_original	just_check_hum	ascii_original	final_prompt_token_minus_2	31	Just	3763	0.14439845085144043	43
just_check_hum_ascii_original	just_check_hum	ascii_original	final_prompt_token_minus_2	31	Just	8216	0.14337962865829468	44
just_check_hum_ascii_original	just_check_hum	ascii_original	final_prompt_token_minus_2	31	Just	13916	0.1425045281648636	45
just_check_hum_ascii_original	just_check_hum	ascii_original	final_prompt_token_minus_2	31	Just	16475	0.13860926032066345	46
just_check_hum_ascii_original	just_check_hum	ascii_original	final_prompt_token_minus_2	31	Just	26954	0.13726934790611267	47
just_check_hum_ascii_original	just_check_hum	ascii_original	final_prompt_token_minus_2	31	Just	10265	0.13392797112464905	48
just_check_hum_ascii_original	just_check_hum	ascii_original	final_prompt_token_minus_2	31	Just	27461	0.13373824954032898	49
just_check_hum_ascii_original	just_check_hum	ascii_original	final_prompt_token_minus_2	31	Just	22503	0.13335464894771576	50
just_check_hum_ascii_original	just_check_hum	ascii_original	final_prompt_token_minus_5	28	right	6630	1.2042512893676758	1
just_check_hum_ascii_original	just_check_hum	ascii_original	final_prompt_token_minus_5	28	right	5417	0.7031264305114746	2
just_check_hum_ascii_original	just_check_hum	ascii_original	final_prompt_token_minus_5	28	right	16661	0.636806845664978	3
just_check_hum_ascii_original	just_check_hum	ascii_original	final_prompt_token_minus_5	28	right	2938	0.632073163986206	4
just_check_hum_ascii_original	just_check_hum	ascii_original	final_prompt_token_minus_5	28	right	30036	0.6039741039276123	5
just_check_hum_ascii_original	just_check_hum	ascii_original	final_prompt_token_minus_5	28	right	5421	0.6012767553329468	6
just_check_hum_ascii_original	just_check_hum	ascii_original	final_prompt_token_minus_5	28	right	22503	0.47878098487854004	7
just_check_hum_ascii_original	just_check_hum	ascii_original	final_prompt_token_minus_5	28	right	26037	0.4779481291770935	8
just_check_hum_ascii_original	just_check_hum	ascii_original	final_prompt_token_minus_5	28	right	31815	0.4752178490161896	9
just_check_hum_ascii_original	just_check_hum	ascii_original	final_prompt_token_minus_5	28	right	26407	0.44958871603012085	10
just_check_hum_ascii_original	just_check_hum	ascii_original	final_prompt_token_minus_5	28	right	26684	0.4128411114215851	11
just_check_hum_ascii_original	just_check_hum	ascii_original	final_prompt_token_minus_5	28	right	5584	0.3985041379928589	12
just_check_hum_ascii_original	just_check_hum	ascii_original	final_prompt_token_minus_5	28	right	25398	0.39568907022476196	13
just_check_hum_ascii_original	just_check_hum	ascii_original	final_prompt_token_minus_5	28	right	21339	0.39285290241241455	14
just_check_hum_ascii_original	just_check_hum	ascii_original	final_prompt_token_minus_5	28	right	1206	0.3786318302154541	15
just_check_hum_ascii_original	just_check_hum	ascii_original	final_prompt_token_minus_5	28	right	7982	0.35575586557388306	16
just_check_hum_ascii_original	just_check_hum	ascii_original	final_prompt_token_minus_5	28	right	11882	0.3462715744972229	17
just_check_hum_ascii_original	just_check_hum	ascii_original	final_prompt_token_minus_5	28	right	7754	0.3450073003768921	18
just_check_hum_ascii_original	just_check_hum	ascii_original	final_prompt_token_minus_5	28	right	4715	0.308998167514801	19
just_check_hum_ascii_original	just_check_hum	ascii_original	final_prompt_token_minus_5	28	right	2720	0.29739269614219666	20
just_check_hum_ascii_original	just_check_hum	ascii_original	final_prompt_token_minus_5	28	right	18841	0.29056495428085327	21
just_check_hum_ascii_original	just_check_hum	ascii_original	final_prompt_token_minus_5	28	right	16439	0.28855839371681213	22
just_check_hum_ascii_original	just_check_hum	ascii_original	final_prompt_token_minus_5	28	right	9122	0.28738933801651	23
just_check_hum_ascii_original	just_check_hum	ascii_original	final_prompt_token_minus_5	28	right	16025	0.2823585271835327	24
just_check_hum_ascii_original	just_check_hum	ascii_original	final_prompt_token_minus_5	28	right	18352	0.28139811754226685	25
just_check_hum_ascii_original	just_check_hum	ascii_original	final_prompt_token_minus_5	28	right	2256	0.28079113364219666	26
just_check_hum_ascii_original	just_check_hum	ascii_original	final_prompt_token_minus_5	28	right	13593	0.272999107837677	27
just_check_hum_ascii_original	just_check_hum	ascii_original	final_prompt_token_minus_5	28	right	27763	0.26668351888656616	28
just_check_hum_ascii_original	just_check_hum	ascii_original	final_prompt_token_minus_5	28	right	5903	0.2659837305545807	29
just_check_hum_ascii_original	just_check_hum	ascii_original	final_prompt_token_minus_5	28	right	14485	0.2636515498161316	30
just_check_hum_ascii_original	just_check_hum	ascii_original	final_prompt_token_minus_5	28	right	13989	0.25064656138420105	31
just_check_hum_ascii_original	just_check_hum	ascii_original	final_prompt_token_minus_5	28	right	28170	0.2482122778892517	32
just_check_hum_ascii_original	just_check_hum	ascii_original	final_prompt_token_minus_5	28	right	13916	0.2426525354385376	33
just_check_hum_ascii_original	just_check_hum	ascii_original	final_prompt_token_minus_5	28	right	18847	0.2377275824546814	34
just_check_hum_ascii_original	just_check_hum	ascii_original	final_prompt_token_minus_5	28	right	24339	0.236138254404068	35
just_check_hum_ascii_original	just_check_hum	ascii_original	final_prompt_token_minus_5	28	right	24999	0.2350781410932541	36
just_check_hum_ascii_original	just_check_hum	ascii_original	final_prompt_token_minus_5	28	right	6687	0.2221272885799408	37
just_check_hum_ascii_original	just_check_hum	ascii_original	final_prompt_token_minus_5	28	right	10146	0.22085636854171753	38
just_check_hum_ascii_original	just_check_hum	ascii_original	final_prompt_token_minus_5	28	right	9236	0.21058189868927002	39
just_check_hum_ascii_original	just_check_hum	ascii_original	final_prompt_token_minus_5	28	right	10831	0.21044257283210754	40
just_check_hum_ascii_original	just_check_hum	ascii_original	final_prompt_token_minus_5	28	right	677	0.20984086394309998	41
just_check_hum_ascii_original	just_check_hum	ascii_original	final_prompt_token_minus_5	28	right	21637	0.20801986753940582	42
just_check_hum_ascii_original	just_check_hum	ascii_original	final_prompt_token_minus_5	28	right	30136	0.20721335709095	43
just_check_hum_ascii_original	just_check_hum	ascii_original	final_prompt_token_minus_5	28	right	20036	0.20712746679782867	44
just_check_hum_ascii_original	just_check_hum	ascii_original	final_prompt_token_minus_5	28	right	22595	0.2041560560464859	45
just_check_hum_ascii_original	just_check_hum	ascii_original	final_prompt_token_minus_5	28	right	16328	0.2034125030040741	46
just_check_hum_ascii_original	just_check_hum	ascii_original	final_prompt_token_minus_5	28	right	7383	0.20038221776485443	47
just_check_hum_ascii_original	just_check_hum	ascii_original	final_prompt_token_minus_5	28	right	27282	0.19790677726268768	48
just_check_hum_ascii_original	just_check_hum	ascii_original	final_prompt_token_minus_5	28	right	3899	0.1967269331216812	49
just_check_hum_ascii_original	just_check_hum	ascii_original	final_prompt_token_minus_5	28	right	6478	0.1964411437511444	50
just_check_hum_ascii_original	just_check_hum	ascii_original	final_prompt_token_minus_10	23	like	2938	1.8308002948760986	1
just_check_hum_ascii_original	just_check_hum	ascii_original	final_prompt_token_minus_10	23	like	3538	1.2702667713165283	2
just_check_hum_ascii_original	just_check_hum	ascii_original	final_prompt_token_minus_10	23	like	20334	1.0306917428970337	3
just_check_hum_ascii_original	just_check_hum	ascii_original	final_prompt_token_minus_10	23	like	16661	0.7799227237701416	4
just_check_hum_ascii_original	just_check_hum	ascii_original	final_prompt_token_minus_10	23	like	5417	0.5210103988647461	5
just_check_hum_ascii_original	just_check_hum	ascii_original	final_prompt_token_minus_10	23	like	26596	0.4923887550830841	6
just_check_hum_ascii_original	just_check_hum	ascii_original	final_prompt_token_minus_10	23	like	23447	0.44658026099205017	7
just_check_hum_ascii_original	just_check_hum	ascii_original	final_prompt_token_minus_10	23	like	27178	0.44592830538749695	8
just_check_hum_ascii_original	just_check_hum	ascii_original	final_prompt_token_minus_10	23	like	912	0.4056170582771301	9
just_check_hum_ascii_original	just_check_hum	ascii_original	final_prompt_token_minus_10	23	like	5421	0.38317200541496277	10
just_check_hum_ascii_original	just_check_hum	ascii_original	final_prompt_token_minus_10	23	like	19818	0.3680780529975891	11
just_check_hum_ascii_original	just_check_hum	ascii_original	final_prompt_token_minus_10	23	like	27390	0.360614538192749	12
just_check_hum_ascii_original	just_check_hum	ascii_original	final_prompt_token_minus_10	23	like	21111	0.3590618968009949	13
just_check_hum_ascii_original	just_check_hum	ascii_original	final_prompt_token_minus_10	23	like	12805	0.3571457266807556	14
just_check_hum_ascii_original	just_check_hum	ascii_original	final_prompt_token_minus_10	23	like	31107	0.3500725030899048	15
just_check_hum_ascii_original	just_check_hum	ascii_original	final_prompt_token_minus_10	23	like	26972	0.3445281684398651	16
just_check_hum_ascii_original	just_check_hum	ascii_original	final_prompt_token_minus_10	23	like	29431	0.33931463956832886	17
just_check_hum_ascii_original	just_check_hum	ascii_original	final_prompt_token_minus_10	23	like	26407	0.3267623484134674	18
just_check_hum_ascii_original	just_check_hum	ascii_original	final_prompt_token_minus_10	23	like	1930	0.3220425248146057	19
just_check_hum_ascii_original	just_check_hum	ascii_original	final_prompt_token_minus_10	23	like	1984	0.312455415725708	20
just_check_hum_ascii_original	just_check_hum	ascii_original	final_prompt_token_minus_10	23	like	11250	0.29766958951950073	21
just_check_hum_ascii_original	just_check_hum	ascii_original	final_prompt_token_minus_10	23	like	5511	0.28968966007232666	22
just_check_hum_ascii_original	just_check_hum	ascii_original	final_prompt_token_minus_10	23	like	14987	0.28842705488204956	23
just_check_hum_ascii_original	just_check_hum	ascii_original	final_prompt_token_minus_10	23	like	7407	0.28697946667671204	24
just_check_hum_ascii_original	just_check_hum	ascii_original	final_prompt_token_minus_10	23	like	3446	0.28139469027519226	25
just_check_hum_ascii_original	just_check_hum	ascii_original	final_prompt_token_minus_10	23	like	771	0.2801024913787842	26
just_check_hum_ascii_original	just_check_hum	ascii_original	final_prompt_token_minus_10	23	like	1788	0.2756829261779785	27
just_check_hum_ascii_original	just_check_hum	ascii_original	final_prompt_token_minus_10	23	like	5173	0.2702532410621643	28
just_check_hum_ascii_original	just_check_hum	ascii_original	final_prompt_token_minus_10	23	like	23099	0.2617054283618927	29
just_check_hum_ascii_original	just_check_hum	ascii_original	final_prompt_token_minus_10	23	like	12026	0.25689756870269775	30
just_check_hum_ascii_original	just_check_hum	ascii_original	final_prompt_token_minus_10	23	like	8266	0.2567155063152313	31
just_check_hum_ascii_original	just_check_hum	ascii_original	final_prompt_token_minus_10	23	like	3498	0.2520705759525299	32
just_check_hum_ascii_original	just_check_hum	ascii_original	final_prompt_token_minus_10	23	like	31836	0.2348271906375885	33
just_check_hum_ascii_original	just_check_hum	ascii_original	final_prompt_token_minus_10	23	like	21693	0.22860847413539886	34
just_check_hum_ascii_original	just_check_hum	ascii_original	final_prompt_token_minus_10	23	like	9197	0.2222052365541458	35
just_check_hum_ascii_original	just_check_hum	ascii_original	final_prompt_token_minus_10	23	like	24030	0.21839366853237152	36
just_check_hum_ascii_original	just_check_hum	ascii_original	final_prompt_token_minus_10	23	like	31189	0.21506407856941223	37
just_check_hum_ascii_original	just_check_hum	ascii_original	final_prompt_token_minus_10	23	like	14416	0.20514191687107086	38
just_check_hum_ascii_original	just_check_hum	ascii_original	final_prompt_token_minus_10	23	like	8126	0.20185913145542145	39
just_check_hum_ascii_original	just_check_hum	ascii_original	final_prompt_token_minus_10	23	like	3918	0.19822680950164795	40
just_check_hum_ascii_original	just_check_hum	ascii_original	final_prompt_token_minus_10	23	like	5333	0.19739800691604614	41
just_check_hum_ascii_original	just_check_hum	ascii_original	final_prompt_token_minus_10	23	like	3964	0.19660131633281708	42
just_check_hum_ascii_original	just_check_hum	ascii_original	final_prompt_token_minus_10	23	like	5488	0.19651907682418823	43
just_check_hum_ascii_original	just_check_hum	ascii_original	final_prompt_token_minus_10	23	like	22091	0.19538414478302002	44
just_check_hum_ascii_original	just_check_hum	ascii_original	final_prompt_token_minus_10	23	like	28696	0.17812040448188782	45
just_check_hum_ascii_original	just_check_hum	ascii_original	final_prompt_token_minus_10	23	like	21539	0.17696142196655273	46
just_check_hum_ascii_original	just_check_hum	ascii_original	final_prompt_token_minus_10	23	like	26999	0.17540591955184937	47
just_check_hum_ascii_original	just_check_hum	ascii_original	final_prompt_token_minus_10	23	like	22212	0.1751624047756195	48
just_check_hum_ascii_original	just_check_hum	ascii_original	final_prompt_token_minus_10	23	like	10764	0.17401596903800964	49
just_check_hum_ascii_original	just_check_hum	ascii_original	final_prompt_token_minus_10	23	like	11120	0.17298918962478638	50
just_check_hum_d_to_dstroke	just_check_hum	d_to_ḑ	final_prompt_token	42	.	2938	1.6070382595062256	1
just_check_hum_d_to_dstroke	just_check_hum	d_to_ḑ	final_prompt_token	42	.	18937	0.9494950771331787	2
just_check_hum_d_to_dstroke	just_check_hum	d_to_ḑ	final_prompt_token	42	.	16661	0.6433088183403015	3
just_check_hum_d_to_dstroke	just_check_hum	d_to_ḑ	final_prompt_token	42	.	6194	0.5708650946617126	4
just_check_hum_d_to_dstroke	just_check_hum	d_to_ḑ	final_prompt_token	42	.	5417	0.540712833404541	5
just_check_hum_d_to_dstroke	just_check_hum	d_to_ḑ	final_prompt_token	42	.	28713	0.5252567529678345	6
just_check_hum_d_to_dstroke	just_check_hum	d_to_ḑ	final_prompt_token	42	.	15076	0.4956699311733246	7
just_check_hum_d_to_dstroke	just_check_hum	d_to_ḑ	final_prompt_token	42	.	16439	0.4142071008682251	8
just_check_hum_d_to_dstroke	just_check_hum	d_to_ḑ	final_prompt_token	42	.	7163	0.3716573119163513	9
just_check_hum_d_to_dstroke	just_check_hum	d_to_ḑ	final_prompt_token	42	.	26684	0.34300950169563293	10
just_check_hum_d_to_dstroke	just_check_hum	d_to_ḑ	final_prompt_token	42	.	3241	0.3318377733230591	11
just_check_hum_d_to_dstroke	just_check_hum	d_to_ḑ	final_prompt_token	42	.	4428	0.32252877950668335	12
just_check_hum_d_to_dstroke	just_check_hum	d_to_ḑ	final_prompt_token	42	.	30033	0.32102304697036743	13
just_check_hum_d_to_dstroke	just_check_hum	d_to_ḑ	final_prompt_token	42	.	6429	0.312167227268219	14
just_check_hum_d_to_dstroke	just_check_hum	d_to_ḑ	final_prompt_token	42	.	5257	0.2900058329105377	15
just_check_hum_d_to_dstroke	just_check_hum	d_to_ḑ	final_prompt_token	42	.	22503	0.28691065311431885	16
just_check_hum_d_to_dstroke	just_check_hum	d_to_ḑ	final_prompt_token	42	.	32698	0.2776596248149872	17
just_check_hum_d_to_dstroke	just_check_hum	d_to_ḑ	final_prompt_token	42	.	1626	0.26940423250198364	18
just_check_hum_d_to_dstroke	just_check_hum	d_to_ḑ	final_prompt_token	42	.	3836	0.26904842257499695	19
just_check_hum_d_to_dstroke	just_check_hum	d_to_ḑ	final_prompt_token	42	.	11006	0.2626826763153076	20
just_check_hum_d_to_dstroke	just_check_hum	d_to_ḑ	final_prompt_token	42	.	19826	0.25946900248527527	21
just_check_hum_d_to_dstroke	just_check_hum	d_to_ḑ	final_prompt_token	42	.	23977	0.25019487738609314	22
just_check_hum_d_to_dstroke	just_check_hum	d_to_ḑ	final_prompt_token	42	.	17682	0.2465858906507492	23
just_check_hum_d_to_dstroke	just_check_hum	d_to_ḑ	final_prompt_token	42	.	18198	0.23667283356189728	24
just_check_hum_d_to_dstroke	just_check_hum	d_to_ḑ	final_prompt_token	42	.	19752	0.2316320687532425	25
just_check_hum_d_to_dstroke	just_check_hum	d_to_ḑ	final_prompt_token	42	.	16131	0.23019883036613464	26
just_check_hum_d_to_dstroke	just_check_hum	d_to_ḑ	final_prompt_token	42	.	16785	0.22980055212974548	27
just_check_hum_d_to_dstroke	just_check_hum	d_to_ḑ	final_prompt_token	42	.	15954	0.22906962037086487	28
just_check_hum_d_to_dstroke	just_check_hum	d_to_ḑ	final_prompt_token	42	.	18055	0.22698083519935608	29
just_check_hum_d_to_dstroke	just_check_hum	d_to_ḑ	final_prompt_token	42	.	21539	0.22582238912582397	30
just_check_hum_d_to_dstroke	just_check_hum	d_to_ḑ	final_prompt_token	42	.	25001	0.21980032324790955	31
just_check_hum_d_to_dstroke	just_check_hum	d_to_ḑ	final_prompt_token	42	.	19335	0.21224087476730347	32
just_check_hum_d_to_dstroke	just_check_hum	d_to_ḑ	final_prompt_token	42	.	3271	0.2042420506477356	33
just_check_hum_d_to_dstroke	just_check_hum	d_to_ḑ	final_prompt_token	42	.	14182	0.20421552658081055	34
just_check_hum_d_to_dstroke	just_check_hum	d_to_ḑ	final_prompt_token	42	.	18470	0.20077966153621674	35
just_check_hum_d_to_dstroke	just_check_hum	d_to_ḑ	final_prompt_token	42	.	7982	0.19977283477783203	36
just_check_hum_d_to_dstroke	just_check_hum	d_to_ḑ	final_prompt_token	42	.	18725	0.19852271676063538	37
just_check_hum_d_to_dstroke	just_check_hum	d_to_ḑ	final_prompt_token	42	.	8216	0.19535157084465027	38
just_check_hum_d_to_dstroke	just_check_hum	d_to_ḑ	final_prompt_token	42	.	27911	0.19373159110546112	39
just_check_hum_d_to_dstroke	just_check_hum	d_to_ḑ	final_prompt_token	42	.	23070	0.19043686985969543	40
just_check_hum_d_to_dstroke	just_check_hum	d_to_ḑ	final_prompt_token	42	.	6193	0.18537062406539917	41
just_check_hum_d_to_dstroke	just_check_hum	d_to_ḑ	final_prompt_token	42	.	27423	0.18499812483787537	42
just_check_hum_d_to_dstroke	just_check_hum	d_to_ḑ	final_prompt_token	42	.	31784	0.18350058794021606	43
just_check_hum_d_to_dstroke	just_check_hum	d_to_ḑ	final_prompt_token	42	.	18847	0.18313466012477875	44
just_check_hum_d_to_dstroke	just_check_hum	d_to_ḑ	final_prompt_token	42	.	5333	0.1823579967021942	45
just_check_hum_d_to_dstroke	just_check_hum	d_to_ḑ	final_prompt_token	42	.	6021	0.17709895968437195	46
just_check_hum_d_to_dstroke	just_check_hum	d_to_ḑ	final_prompt_token	42	.	21572	0.17610332369804382	47
just_check_hum_d_to_dstroke	just_check_hum	d_to_ḑ	final_prompt_token	42	.	13989	0.17530739307403564	48
just_check_hum_d_to_dstroke	just_check_hum	d_to_ḑ	final_prompt_token	42	.	28843	0.17044751346111298	49
just_check_hum_d_to_dstroke	just_check_hum	d_to_ḑ	final_prompt_token	42	.	15560	0.16922585666179657	50
just_check_hum_d_to_dstroke	just_check_hum	d_to_ḑ	final_prompt_token_minus_1	41	check	799	1.972907543182373	1
just_check_hum_d_to_dstroke	just_check_hum	d_to_ḑ	final_prompt_token_minus_1	41	check	2938	1.0528175830841064	2
just_check_hum_d_to_dstroke	just_check_hum	d_to_ḑ	final_prompt_token_minus_1	41	check	16661	0.582199215888977	3
just_check_hum_d_to_dstroke	just_check_hum	d_to_ḑ	final_prompt_token_minus_1	41	check	5417	0.5302115678787231	4
just_check_hum_d_to_dstroke	just_check_hum	d_to_ḑ	final_prompt_token_minus_1	41	check	16439	0.49163371324539185	5
just_check_hum_d_to_dstroke	just_check_hum	d_to_ḑ	final_prompt_token_minus_1	41	check	5257	0.4839177131652832	6
just_check_hum_d_to_dstroke	just_check_hum	d_to_ḑ	final_prompt_token_minus_1	41	check	16706	0.41556674242019653	7
just_check_hum_d_to_dstroke	just_check_hum	d_to_ḑ	final_prompt_token_minus_1	41	check	16475	0.3554663360118866	8
just_check_hum_d_to_dstroke	just_check_hum	d_to_ḑ	final_prompt_token_minus_1	41	check	31420	0.3393058180809021	9
just_check_hum_d_to_dstroke	just_check_hum	d_to_ḑ	final_prompt_token_minus_1	41	check	29065	0.3384883999824524	10
just_check_hum_d_to_dstroke	just_check_hum	d_to_ḑ	final_prompt_token_minus_1	41	check	26684	0.326509952545166	11
just_check_hum_d_to_dstroke	just_check_hum	d_to_ḑ	final_prompt_token_minus_1	41	check	17682	0.31759393215179443	12
just_check_hum_d_to_dstroke	just_check_hum	d_to_ḑ	final_prompt_token_minus_1	41	check	15076	0.31491947174072266	13
just_check_hum_d_to_dstroke	just_check_hum	d_to_ḑ	final_prompt_token_minus_1	41	check	25001	0.28751319646835327	14
just_check_hum_d_to_dstroke	just_check_hum	d_to_ḑ	final_prompt_token_minus_1	41	check	28392	0.2790136933326721	15
just_check_hum_d_to_dstroke	just_check_hum	d_to_ḑ	final_prompt_token_minus_1	41	check	5333	0.25800251960754395	16
just_check_hum_d_to_dstroke	just_check_hum	d_to_ḑ	final_prompt_token_minus_1	41	check	32454	0.2547127306461334	17
just_check_hum_d_to_dstroke	just_check_hum	d_to_ḑ	final_prompt_token_minus_1	41	check	11256	0.24464967846870422	18
just_check_hum_d_to_dstroke	just_check_hum	d_to_ḑ	final_prompt_token_minus_1	41	check	19850	0.24213320016860962	19
just_check_hum_d_to_dstroke	just_check_hum	d_to_ḑ	final_prompt_token_minus_1	41	check	20722	0.23969072103500366	20
just_check_hum_d_to_dstroke	just_check_hum	d_to_ḑ	final_prompt_token_minus_1	41	check	15954	0.23523356020450592	21
just_check_hum_d_to_dstroke	just_check_hum	d_to_ḑ	final_prompt_token_minus_1	41	check	32698	0.22869962453842163	22
just_check_hum_d_to_dstroke	just_check_hum	d_to_ḑ	final_prompt_token_minus_1	41	check	10146	0.2245771288871765	23
just_check_hum_d_to_dstroke	just_check_hum	d_to_ḑ	final_prompt_token_minus_1	41	check	7982	0.22439521551132202	24
just_check_hum_d_to_dstroke	just_check_hum	d_to_ḑ	final_prompt_token_minus_1	41	check	8216	0.22376254200935364	25
just_check_hum_d_to_dstroke	just_check_hum	d_to_ḑ	final_prompt_token_minus_1	41	check	9241	0.2236592024564743	26
just_check_hum_d_to_dstroke	just_check_hum	d_to_ḑ	final_prompt_token_minus_1	41	check	29472	0.217946395277977	27
just_check_hum_d_to_dstroke	just_check_hum	d_to_ḑ	final_prompt_token_minus_1	41	check	29171	0.21345503628253937	28
just_check_hum_d_to_dstroke	just_check_hum	d_to_ḑ	final_prompt_token_minus_1	41	check	8882	0.208786740899086	29
just_check_hum_d_to_dstroke	just_check_hum	d_to_ḑ	final_prompt_token_minus_1	41	check	24123	0.20700496435165405	30
just_check_hum_d_to_dstroke	just_check_hum	d_to_ḑ	final_prompt_token_minus_1	41	check	6429	0.20171022415161133	31
just_check_hum_d_to_dstroke	just_check_hum	d_to_ḑ	final_prompt_token_minus_1	41	check	17	0.19998693466186523	32
just_check_hum_d_to_dstroke	just_check_hum	d_to_ḑ	final_prompt_token_minus_1	41	check	1659	0.1999589055776596	33
just_check_hum_d_to_dstroke	just_check_hum	d_to_ḑ	final_prompt_token_minus_1	41	check	8891	0.1916104555130005	34
just_check_hum_d_to_dstroke	just_check_hum	d_to_ḑ	final_prompt_token_minus_1	41	check	7133	0.19053040444850922	35
just_check_hum_d_to_dstroke	just_check_hum	d_to_ḑ	final_prompt_token_minus_1	41	check	23070	0.18971312046051025	36
just_check_hum_d_to_dstroke	just_check_hum	d_to_ḑ	final_prompt_token_minus_1	41	check	31784	0.18868324160575867	37
just_check_hum_d_to_dstroke	just_check_hum	d_to_ḑ	final_prompt_token_minus_1	41	check	9990	0.18080474436283112	38
just_check_hum_d_to_dstroke	just_check_hum	d_to_ḑ	final_prompt_token_minus_1	41	check	20642	0.18070009350776672	39
just_check_hum_d_to_dstroke	just_check_hum	d_to_ḑ	final_prompt_token_minus_1	41	check	21539	0.18039178848266602	40
just_check_hum_d_to_dstroke	just_check_hum	d_to_ḑ	final_prompt_token_minus_1	41	check	16050	0.17986489832401276	41
just_check_hum_d_to_dstroke	just_check_hum	d_to_ḑ	final_prompt_token_minus_1	41	check	18965	0.17842291295528412	42
just_check_hum_d_to_dstroke	just_check_hum	d_to_ḑ	final_prompt_token_minus_1	41	check	31489	0.17813001573085785	43
just_check_hum_d_to_dstroke	just_check_hum	d_to_ḑ	final_prompt_token_minus_1	41	check	10265	0.17748935520648956	44
just_check_hum_d_to_dstroke	just_check_hum	d_to_ḑ	final_prompt_token_minus_1	41	check	18198	0.17700731754302979	45
just_check_hum_d_to_dstroke	just_check_hum	d_to_ḑ	final_prompt_token_minus_1	41	check	20971	0.17394739389419556	46
just_check_hum_d_to_dstroke	just_check_hum	d_to_ḑ	final_prompt_token_minus_1	41	check	7506	0.17251713573932648	47
just_check_hum_d_to_dstroke	just_check_hum	d_to_ḑ	final_prompt_token_minus_1	41	check	17869	0.17217227816581726	48
just_check_hum_d_to_dstroke	just_check_hum	d_to_ḑ	final_prompt_token_minus_1	41	check	3836	0.16709409654140472	49
just_check_hum_d_to_dstroke	just_check_hum	d_to_ḑ	final_prompt_token_minus_1	41	check	18847	0.1660214364528656	50
just_check_hum_d_to_dstroke	just_check_hum	d_to_ḑ	final_prompt_token_minus_2	40	Just	28392	1.7685409784317017	1
just_check_hum_d_to_dstroke	just_check_hum	d_to_ḑ	final_prompt_token_minus_2	40	Just	2938	1.2264652252197266	2
just_check_hum_d_to_dstroke	just_check_hum	d_to_ḑ	final_prompt_token_minus_2	40	Just	16661	0.738825261592865	3
just_check_hum_d_to_dstroke	just_check_hum	d_to_ḑ	final_prompt_token_minus_2	40	Just	5257	0.45396605134010315	4
just_check_hum_d_to_dstroke	just_check_hum	d_to_ḑ	final_prompt_token_minus_2	40	Just	5417	0.412521630525589	5
just_check_hum_d_to_dstroke	just_check_hum	d_to_ḑ	final_prompt_token_minus_2	40	Just	26803	0.3521078824996948	6
just_check_hum_d_to_dstroke	just_check_hum	d_to_ḑ	final_prompt_token_minus_2	40	Just	15954	0.3479165732860565	7
just_check_hum_d_to_dstroke	just_check_hum	d_to_ḑ	final_prompt_token_minus_2	40	Just	26259	0.34647780656814575	8
just_check_hum_d_to_dstroke	just_check_hum	d_to_ḑ	final_prompt_token_minus_2	40	Just	18198	0.3328620195388794	9
just_check_hum_d_to_dstroke	just_check_hum	d_to_ḑ	final_prompt_token_minus_2	40	Just	32698	0.3249957263469696	10
just_check_hum_d_to_dstroke	just_check_hum	d_to_ḑ	final_prompt_token_minus_2	40	Just	25046	0.29316598176956177	11
just_check_hum_d_to_dstroke	just_check_hum	d_to_ḑ	final_prompt_token_minus_2	40	Just	20971	0.2852376401424408	12
just_check_hum_d_to_dstroke	just_check_hum	d_to_ḑ	final_prompt_token_minus_2	40	Just	25077	0.2600184679031372	13
just_check_hum_d_to_dstroke	just_check_hum	d_to_ḑ	final_prompt_token_minus_2	40	Just	5995	0.25353357195854187	14
just_check_hum_d_to_dstroke	just_check_hum	d_to_ḑ	final_prompt_token_minus_2	40	Just	16439	0.25200119614601135	15
just_check_hum_d_to_dstroke	just_check_hum	d_to_ḑ	final_prompt_token_minus_2	40	Just	5333	0.2472589612007141	16
just_check_hum_d_to_dstroke	just_check_hum	d_to_ḑ	final_prompt_token_minus_2	40	Just	9728	0.24015527963638306	17
just_check_hum_d_to_dstroke	just_check_hum	d_to_ḑ	final_prompt_token_minus_2	40	Just	11650	0.22656336426734924	18
just_check_hum_d_to_dstroke	just_check_hum	d_to_ḑ	final_prompt_token_minus_2	40	Just	15076	0.21925486624240875	19
just_check_hum_d_to_dstroke	just_check_hum	d_to_ḑ	final_prompt_token_minus_2	40	Just	26407	0.21070992946624756	20
just_check_hum_d_to_dstroke	just_check_hum	d_to_ḑ	final_prompt_token_minus_2	40	Just	31664	0.21039478480815887	21
just_check_hum_d_to_dstroke	just_check_hum	d_to_ḑ	final_prompt_token_minus_2	40	Just	7800	0.20854279398918152	22
just_check_hum_d_to_dstroke	just_check_hum	d_to_ḑ	final_prompt_token_minus_2	40	Just	16822	0.20797796547412872	23
just_check_hum_d_to_dstroke	just_check_hum	d_to_ḑ	final_prompt_token_minus_2	40	Just	17682	0.20350320637226105	24
just_check_hum_d_to_dstroke	just_check_hum	d_to_ḑ	final_prompt_token_minus_2	40	Just	24123	0.19726607203483582	25
just_check_hum_d_to_dstroke	just_check_hum	d_to_ḑ	final_prompt_token_minus_2	40	Just	22544	0.19379714131355286	26
just_check_hum_d_to_dstroke	just_check_hum	d_to_ḑ	final_prompt_token_minus_2	40	Just	20031	0.19055381417274475	27
just_check_hum_d_to_dstroke	just_check_hum	d_to_ḑ	final_prompt_token_minus_2	40	Just	26684	0.18461871147155762	28
just_check_hum_d_to_dstroke	just_check_hum	d_to_ḑ	final_prompt_token_minus_2	40	Just	12130	0.183640256524086	29
just_check_hum_d_to_dstroke	just_check_hum	d_to_ḑ	final_prompt_token_minus_2	40	Just	22932	0.1827661395072937	30
just_check_hum_d_to_dstroke	just_check_hum	d_to_ḑ	final_prompt_token_minus_2	40	Just	25632	0.17245890200138092	31
just_check_hum_d_to_dstroke	just_check_hum	d_to_ḑ	final_prompt_token_minus_2	40	Just	13815	0.1723284274339676	32
just_check_hum_d_to_dstroke	just_check_hum	d_to_ḑ	final_prompt_token_minus_2	40	Just	10557	0.17130444943904877	33
just_check_hum_d_to_dstroke	just_check_hum	d_to_ḑ	final_prompt_token_minus_2	40	Just	21539	0.16616368293762207	34
just_check_hum_d_to_dstroke	just_check_hum	d_to_ḑ	final_prompt_token_minus_2	40	Just	21254	0.16478246450424194	35
just_check_hum_d_to_dstroke	just_check_hum	d_to_ḑ	final_prompt_token_minus_2	40	Just	6194	0.161332368850708	36
just_check_hum_d_to_dstroke	just_check_hum	d_to_ḑ	final_prompt_token_minus_2	40	Just	10265	0.16117843985557556	37
just_check_hum_d_to_dstroke	just_check_hum	d_to_ḑ	final_prompt_token_minus_2	40	Just	16785	0.16104060411453247	38
just_check_hum_d_to_dstroke	just_check_hum	d_to_ḑ	final_prompt_token_minus_2	40	Just	16475	0.15718266367912292	39
just_check_hum_d_to_dstroke	just_check_hum	d_to_ḑ	final_prompt_token_minus_2	40	Just	9991	0.15604647994041443	40
just_check_hum_d_to_dstroke	just_check_hum	d_to_ḑ	final_prompt_token_minus_2	40	Just	25377	0.15322789549827576	41
just_check_hum_d_to_dstroke	just_check_hum	d_to_ḑ	final_prompt_token_minus_2	40	Just	27461	0.1531853824853897	42
just_check_hum_d_to_dstroke	just_check_hum	d_to_ḑ	final_prompt_token_minus_2	40	Just	7133	0.15165141224861145	43
just_check_hum_d_to_dstroke	just_check_hum	d_to_ḑ	final_prompt_token_minus_2	40	Just	1822	0.1501483917236328	44
just_check_hum_d_to_dstroke	just_check_hum	d_to_ḑ	final_prompt_token_minus_2	40	Just	22503	0.14701060950756073	45
just_check_hum_d_to_dstroke	just_check_hum	d_to_ḑ	final_prompt_token_minus_2	40	Just	21478	0.14636020362377167	46
just_check_hum_d_to_dstroke	just_check_hum	d_to_ḑ	final_prompt_token_minus_2	40	Just	7982	0.14634904265403748	47
just_check_hum_d_to_dstroke	just_check_hum	d_to_ḑ	final_prompt_token_minus_2	40	Just	1579	0.14574885368347168	48
just_check_hum_d_to_dstroke	just_check_hum	d_to_ḑ	final_prompt_token_minus_2	40	Just	3763	0.143608957529068	49
just_check_hum_d_to_dstroke	just_check_hum	d_to_ḑ	final_prompt_token_minus_2	40	Just	918	0.14337202906608582	50
just_check_hum_d_to_dstroke	just_check_hum	d_to_ḑ	final_prompt_token_minus_5	37	right	6630	1.2040464878082275	1
just_check_hum_d_to_dstroke	just_check_hum	d_to_ḑ	final_prompt_token_minus_5	37	right	2938	0.8878781795501709	2
just_check_hum_d_to_dstroke	just_check_hum	d_to_ḑ	final_prompt_token_minus_5	37	right	16661	0.6280999779701233	3
just_check_hum_d_to_dstroke	just_check_hum	d_to_ḑ	final_prompt_token_minus_5	37	right	5421	0.5967015027999878	4
just_check_hum_d_to_dstroke	just_check_hum	d_to_ḑ	final_prompt_token_minus_5	37	right	30036	0.5747460126876831	5
just_check_hum_d_to_dstroke	just_check_hum	d_to_ḑ	final_prompt_token_minus_5	37	right	5417	0.5536365509033203	6
just_check_hum_d_to_dstroke	just_check_hum	d_to_ḑ	final_prompt_token_minus_5	37	right	22503	0.5277204513549805	7
just_check_hum_d_to_dstroke	just_check_hum	d_to_ḑ	final_prompt_token_minus_5	37	right	26037	0.5064390897750854	8
just_check_hum_d_to_dstroke	just_check_hum	d_to_ḑ	final_prompt_token_minus_5	37	right	31815	0.446519136428833	9
just_check_hum_d_to_dstroke	just_check_hum	d_to_ḑ	final_prompt_token_minus_5	37	right	25398	0.421711802482605	10
just_check_hum_d_to_dstroke	just_check_hum	d_to_ḑ	final_prompt_token_minus_5	37	right	26407	0.41307076811790466	11
just_check_hum_d_to_dstroke	just_check_hum	d_to_ḑ	final_prompt_token_minus_5	37	right	11882	0.3969406485557556	12
just_check_hum_d_to_dstroke	just_check_hum	d_to_ḑ	final_prompt_token_minus_5	37	right	26684	0.3898632824420929	13
just_check_hum_d_to_dstroke	just_check_hum	d_to_ḑ	final_prompt_token_minus_5	37	right	5584	0.38476163148880005	14
just_check_hum_d_to_dstroke	just_check_hum	d_to_ḑ	final_prompt_token_minus_5	37	right	13593	0.3382856845855713	15
just_check_hum_d_to_dstroke	just_check_hum	d_to_ḑ	final_prompt_token_minus_5	37	right	21339	0.33358171582221985	16
just_check_hum_d_to_dstroke	just_check_hum	d_to_ḑ	final_prompt_token_minus_5	37	right	7754	0.3286234140396118	17
just_check_hum_d_to_dstroke	just_check_hum	d_to_ḑ	final_prompt_token_minus_5	37	right	9122	0.3178669810295105	18
just_check_hum_d_to_dstroke	just_check_hum	d_to_ḑ	final_prompt_token_minus_5	37	right	1206	0.31360694766044617	19
just_check_hum_d_to_dstroke	just_check_hum	d_to_ḑ	final_prompt_token_minus_5	37	right	18841	0.304500937461853	20
just_check_hum_d_to_dstroke	just_check_hum	d_to_ḑ	final_prompt_token_minus_5	37	right	16025	0.2931244373321533	21
just_check_hum_d_to_dstroke	just_check_hum	d_to_ḑ	final_prompt_token_minus_5	37	right	7982	0.28557485342025757	22
just_check_hum_d_to_dstroke	just_check_hum	d_to_ḑ	final_prompt_token_minus_5	37	right	4715	0.2759559750556946	23
just_check_hum_d_to_dstroke	just_check_hum	d_to_ḑ	final_prompt_token_minus_5	37	right	16439	0.27389541268348694	24
just_check_hum_d_to_dstroke	just_check_hum	d_to_ḑ	final_prompt_token_minus_5	37	right	5903	0.2726213335990906	25
just_check_hum_d_to_dstroke	just_check_hum	d_to_ḑ	final_prompt_token_minus_5	37	right	18847	0.25479477643966675	26
just_check_hum_d_to_dstroke	just_check_hum	d_to_ḑ	final_prompt_token_minus_5	37	right	31660	0.2541016936302185	27
just_check_hum_d_to_dstroke	just_check_hum	d_to_ḑ	final_prompt_token_minus_5	37	right	27763	0.2521667778491974	28
just_check_hum_d_to_dstroke	just_check_hum	d_to_ḑ	final_prompt_token_minus_5	37	right	14485	0.251432329416275	29
just_check_hum_d_to_dstroke	just_check_hum	d_to_ḑ	final_prompt_token_minus_5	37	right	24339	0.24761033058166504	30
just_check_hum_d_to_dstroke	just_check_hum	d_to_ḑ	final_prompt_token_minus_5	37	right	2720	0.2460612654685974	31
just_check_hum_d_to_dstroke	just_check_hum	d_to_ḑ	final_prompt_token_minus_5	37	right	17682	0.24299515783786774	32
just_check_hum_d_to_dstroke	just_check_hum	d_to_ḑ	final_prompt_token_minus_5	37	right	18352	0.23953397572040558	33
just_check_hum_d_to_dstroke	just_check_hum	d_to_ḑ	final_prompt_token_minus_5	37	right	20036	0.2388370931148529	34
just_check_hum_d_to_dstroke	just_check_hum	d_to_ḑ	final_prompt_token_minus_5	37	right	7383	0.23725683987140656	35
just_check_hum_d_to_dstroke	just_check_hum	d_to_ḑ	final_prompt_token_minus_5	37	right	677	0.2365894764661789	36
just_check_hum_d_to_dstroke	just_check_hum	d_to_ḑ	final_prompt_token_minus_5	37	right	21637	0.23445214331150055	37
just_check_hum_d_to_dstroke	just_check_hum	d_to_ḑ	final_prompt_token_minus_5	37	right	13989	0.22997552156448364	38
just_check_hum_d_to_dstroke	just_check_hum	d_to_ḑ	final_prompt_token_minus_5	37	right	24999	0.2222663015127182	39
just_check_hum_d_to_dstroke	just_check_hum	d_to_ḑ	final_prompt_token_minus_5	37	right	9236	0.21967601776123047	40
just_check_hum_d_to_dstroke	just_check_hum	d_to_ḑ	final_prompt_token_minus_5	37	right	18651	0.21915015578269958	41
just_check_hum_d_to_dstroke	just_check_hum	d_to_ḑ	final_prompt_token_minus_5	37	right	5333	0.21911627054214478	42
just_check_hum_d_to_dstroke	just_check_hum	d_to_ḑ	final_prompt_token_minus_5	37	right	10146	0.21691054105758667	43
just_check_hum_d_to_dstroke	just_check_hum	d_to_ḑ	final_prompt_token_minus_5	37	right	5026	0.20771944522857666	44
just_check_hum_d_to_dstroke	just_check_hum	d_to_ḑ	final_prompt_token_minus_5	37	right	14553	0.20330876111984253	45
just_check_hum_d_to_dstroke	just_check_hum	d_to_ḑ	final_prompt_token_minus_5	37	right	28170	0.19974754750728607	46
just_check_hum_d_to_dstroke	just_check_hum	d_to_ḑ	final_prompt_token_minus_5	37	right	6687	0.197434663772583	47
just_check_hum_d_to_dstroke	just_check_hum	d_to_ḑ	final_prompt_token_minus_5	37	right	10831	0.1957947015762329	48
just_check_hum_d_to_dstroke	just_check_hum	d_to_ḑ	final_prompt_token_minus_5	37	right	22595	0.19234277307987213	49
just_check_hum_d_to_dstroke	just_check_hum	d_to_ḑ	final_prompt_token_minus_5	37	right	3604	0.1902529001235962	50
just_check_hum_d_to_dstroke	just_check_hum	d_to_ḑ	final_prompt_token_minus_10	32	like	2938	1.705665111541748	1
just_check_hum_d_to_dstroke	just_check_hum	d_to_ḑ	final_prompt_token_minus_10	32	like	3538	1.2381365299224854	2
just_check_hum_d_to_dstroke	just_check_hum	d_to_ḑ	final_prompt_token_minus_10	32	like	20334	1.0442383289337158	3
just_check_hum_d_to_dstroke	just_check_hum	d_to_ḑ	final_prompt_token_minus_10	32	like	16661	0.7186686396598816	4
just_check_hum_d_to_dstroke	just_check_hum	d_to_ḑ	final_prompt_token_minus_10	32	like	26596	0.5519099235534668	5
just_check_hum_d_to_dstroke	just_check_hum	d_to_ḑ	final_prompt_token_minus_10	32	like	27390	0.5224668979644775	6
just_check_hum_d_to_dstroke	just_check_hum	d_to_ḑ	final_prompt_token_minus_10	32	like	5417	0.4854421317577362	7
just_check_hum_d_to_dstroke	just_check_hum	d_to_ḑ	final_prompt_token_minus_10	32	like	5421	0.4769159257411957	8
just_check_hum_d_to_dstroke	just_check_hum	d_to_ḑ	final_prompt_token_minus_10	32	like	912	0.4706226885318756	9
just_check_hum_d_to_dstroke	just_check_hum	d_to_ḑ	final_prompt_token_minus_10	32	like	23447	0.4257126748561859	10
just_check_hum_d_to_dstroke	just_check_hum	d_to_ḑ	final_prompt_token_minus_10	32	like	21111	0.3722394108772278	11
just_check_hum_d_to_dstroke	just_check_hum	d_to_ḑ	final_prompt_token_minus_10	32	like	19818	0.36281895637512207	12
just_check_hum_d_to_dstroke	just_check_hum	d_to_ḑ	final_prompt_token_minus_10	32	like	5511	0.35782039165496826	13
just_check_hum_d_to_dstroke	just_check_hum	d_to_ḑ	final_prompt_token_minus_10	32	like	29431	0.35270220041275024	14
just_check_hum_d_to_dstroke	just_check_hum	d_to_ḑ	final_prompt_token_minus_10	32	like	26972	0.3337757885456085	15
just_check_hum_d_to_dstroke	just_check_hum	d_to_ḑ	final_prompt_token_minus_10	32	like	1930	0.3296944499015808	16
just_check_hum_d_to_dstroke	just_check_hum	d_to_ḑ	final_prompt_token_minus_10	32	like	5173	0.3176664710044861	17
just_check_hum_d_to_dstroke	just_check_hum	d_to_ḑ	final_prompt_token_minus_10	32	like	26407	0.31427323818206787	18
just_check_hum_d_to_dstroke	just_check_hum	d_to_ḑ	final_prompt_token_minus_10	32	like	27178	0.31321147084236145	19
just_check_hum_d_to_dstroke	just_check_hum	d_to_ḑ	final_prompt_token_minus_10	32	like	11250	0.3120418190956116	20
just_check_hum_d_to_dstroke	just_check_hum	d_to_ḑ	final_prompt_token_minus_10	32	like	1984	0.29750731587409973	21
just_check_hum_d_to_dstroke	just_check_hum	d_to_ḑ	final_prompt_token_minus_10	32	like	5333	0.2910897433757782	22
just_check_hum_d_to_dstroke	just_check_hum	d_to_ḑ	final_prompt_token_minus_10	32	like	14987	0.2707706391811371	23
just_check_hum_d_to_dstroke	just_check_hum	d_to_ḑ	final_prompt_token_minus_10	32	like	17682	0.26276695728302	24
just_check_hum_d_to_dstroke	just_check_hum	d_to_ḑ	final_prompt_token_minus_10	32	like	7407	0.2599143981933594	25
just_check_hum_d_to_dstroke	just_check_hum	d_to_ḑ	final_prompt_token_minus_10	32	like	1788	0.2589045464992523	26
just_check_hum_d_to_dstroke	just_check_hum	d_to_ḑ	final_prompt_token_minus_10	32	like	12805	0.25638264417648315	27
just_check_hum_d_to_dstroke	just_check_hum	d_to_ḑ	final_prompt_token_minus_10	32	like	31836	0.2541499733924866	28
just_check_hum_d_to_dstroke	just_check_hum	d_to_ḑ	final_prompt_token_minus_10	32	like	5488	0.24534720182418823	29
just_check_hum_d_to_dstroke	just_check_hum	d_to_ḑ	final_prompt_token_minus_10	32	like	2957	0.24453020095825195	30
just_check_hum_d_to_dstroke	just_check_hum	d_to_ḑ	final_prompt_token_minus_10	32	like	31837	0.23757994174957275	31
just_check_hum_d_to_dstroke	just_check_hum	d_to_ḑ	final_prompt_token_minus_10	32	like	3446	0.23585572838783264	32
just_check_hum_d_to_dstroke	just_check_hum	d_to_ḑ	final_prompt_token_minus_10	32	like	12026	0.2351633459329605	33
just_check_hum_d_to_dstroke	just_check_hum	d_to_ḑ	final_prompt_token_minus_10	32	like	21657	0.22868302464485168	34
just_check_hum_d_to_dstroke	just_check_hum	d_to_ḑ	final_prompt_token_minus_10	32	like	23099	0.21794700622558594	35
just_check_hum_d_to_dstroke	just_check_hum	d_to_ḑ	final_prompt_token_minus_10	32	like	771	0.21560877561569214	36
just_check_hum_d_to_dstroke	just_check_hum	d_to_ḑ	final_prompt_token_minus_10	32	like	14072	0.21443723142147064	37
just_check_hum_d_to_dstroke	just_check_hum	d_to_ḑ	final_prompt_token_minus_10	32	like	21539	0.2119218409061432	38
just_check_hum_d_to_dstroke	just_check_hum	d_to_ḑ	final_prompt_token_minus_10	32	like	21693	0.20812448859214783	39
just_check_hum_d_to_dstroke	just_check_hum	d_to_ḑ	final_prompt_token_minus_10	32	like	5730	0.1982651650905609	40
just_check_hum_d_to_dstroke	just_check_hum	d_to_ḑ	final_prompt_token_minus_10	32	like	24030	0.19452910125255585	41
just_check_hum_d_to_dstroke	just_check_hum	d_to_ḑ	final_prompt_token_minus_10	32	like	23337	0.1854012906551361	42
just_check_hum_d_to_dstroke	just_check_hum	d_to_ḑ	final_prompt_token_minus_10	32	like	11612	0.18534070253372192	43
just_check_hum_d_to_dstroke	just_check_hum	d_to_ḑ	final_prompt_token_minus_10	32	like	16793	0.1853291392326355	44
just_check_hum_d_to_dstroke	just_check_hum	d_to_ḑ	final_prompt_token_minus_10	32	like	18052	0.18411627411842346	45
just_check_hum_d_to_dstroke	just_check_hum	d_to_ḑ	final_prompt_token_minus_10	32	like	19837	0.1825270801782608	46
just_check_hum_d_to_dstroke	just_check_hum	d_to_ḑ	final_prompt_token_minus_10	32	like	10787	0.18209610879421234	47
just_check_hum_d_to_dstroke	just_check_hum	d_to_ḑ	final_prompt_token_minus_10	32	like	9197	0.18174928426742554	48
just_check_hum_d_to_dstroke	just_check_hum	d_to_ḑ	final_prompt_token_minus_10	32	like	11955	0.1768205165863037	49
just_check_hum_d_to_dstroke	just_check_hum	d_to_ḑ	final_prompt_token_minus_10	32	like	8266	0.17636649310588837	50
just_check_hum_e_to_emacron	just_check_hum	e_to_ē	final_prompt_token	59	.	2938	1.3667969703674316	1
just_check_hum_e_to_emacron	just_check_hum	e_to_ē	final_prompt_token	59	.	18937	0.9902297258377075	2
just_check_hum_e_to_emacron	just_check_hum	e_to_ē	final_prompt_token	59	.	28713	0.539752721786499	3
just_check_hum_e_to_emacron	just_check_hum	e_to_ē	final_prompt_token	59	.	16439	0.5179749727249146	4
just_check_hum_e_to_emacron	just_check_hum	e_to_ē	final_prompt_token	59	.	5417	0.5031332969665527	5
just_check_hum_e_to_emacron	just_check_hum	e_to_ē	final_prompt_token	59	.	10146	0.42105770111083984	6
just_check_hum_e_to_emacron	just_check_hum	e_to_ē	final_prompt_token	59	.	3241	0.3929312825202942	7
just_check_hum_e_to_emacron	just_check_hum	e_to_ē	final_prompt_token	59	.	26684	0.3912585377693176	8
just_check_hum_e_to_emacron	just_check_hum	e_to_ē	final_prompt_token	59	.	32698	0.3572618067264557	9
just_check_hum_e_to_emacron	just_check_hum	e_to_ē	final_prompt_token	59	.	15076	0.30449673533439636	10
just_check_hum_e_to_emacron	just_check_hum	e_to_ē	final_prompt_token	59	.	6194	0.2779783308506012	11
just_check_hum_e_to_emacron	just_check_hum	e_to_ē	final_prompt_token	59	.	30033	0.24702922999858856	12
just_check_hum_e_to_emacron	just_check_hum	e_to_ē	final_prompt_token	59	.	24123	0.24541988968849182	13
just_check_hum_e_to_emacron	just_check_hum	e_to_ē	final_prompt_token	59	.	27872	0.2440105378627777	14
just_check_hum_e_to_emacron	just_check_hum	e_to_ē	final_prompt_token	59	.	22503	0.23657575249671936	15
just_check_hum_e_to_emacron	just_check_hum	e_to_ē	final_prompt_token	59	.	6429	0.2211298644542694	16
just_check_hum_e_to_emacron	just_check_hum	e_to_ē	final_prompt_token	59	.	4428	0.22006762027740479	17
just_check_hum_e_to_emacron	just_check_hum	e_to_ē	final_prompt_token	59	.	5257	0.21892043948173523	18
just_check_hum_e_to_emacron	just_check_hum	e_to_ē	final_prompt_token	59	.	4204	0.21754516661167145	19
just_check_hum_e_to_emacron	just_check_hum	e_to_ē	final_prompt_token	59	.	17394	0.21646267175674438	20
just_check_hum_e_to_emacron	just_check_hum	e_to_ē	final_prompt_token	59	.	3992	0.21079902350902557	21
just_check_hum_e_to_emacron	just_check_hum	e_to_ē	final_prompt_token	59	.	28696	0.2103957235813141	22
just_check_hum_e_to_emacron	just_check_hum	e_to_ē	final_prompt_token	59	.	18805	0.20208650827407837	23
just_check_hum_e_to_emacron	just_check_hum	e_to_ē	final_prompt_token	59	.	1626	0.19451169669628143	24
just_check_hum_e_to_emacron	just_check_hum	e_to_ē	final_prompt_token	59	.	29524	0.19109958410263062	25
just_check_hum_e_to_emacron	just_check_hum	e_to_ē	final_prompt_token	59	.	16659	0.18901710212230682	26
just_check_hum_e_to_emacron	just_check_hum	e_to_ē	final_prompt_token	59	.	7163	0.18878722190856934	27
just_check_hum_e_to_emacron	just_check_hum	e_to_ē	final_prompt_token	59	.	6021	0.18797874450683594	28
just_check_hum_e_to_emacron	just_check_hum	e_to_ē	final_prompt_token	59	.	3271	0.1851070523262024	29
just_check_hum_e_to_emacron	just_check_hum	e_to_ē	final_prompt_token	59	.	21572	0.1810677945613861	30
just_check_hum_e_to_emacron	just_check_hum	e_to_ē	final_prompt_token	59	.	29065	0.1805105358362198	31
just_check_hum_e_to_emacron	just_check_hum	e_to_ē	final_prompt_token	59	.	32454	0.18040451407432556	32
just_check_hum_e_to_emacron	just_check_hum	e_to_ē	final_prompt_token	59	.	4166	0.17964211106300354	33
just_check_hum_e_to_emacron	just_check_hum	e_to_ē	final_prompt_token	59	.	7730	0.17700859904289246	34
just_check_hum_e_to_emacron	just_check_hum	e_to_ē	final_prompt_token	59	.	12084	0.17336060106754303	35
just_check_hum_e_to_emacron	just_check_hum	e_to_ē	final_prompt_token	59	.	18725	0.173087477684021	36
just_check_hum_e_to_emacron	just_check_hum	e_to_ē	final_prompt_token	59	.	11006	0.1728370040655136	37
just_check_hum_e_to_emacron	just_check_hum	e_to_ē	final_prompt_token	59	.	19335	0.1723622977733612	38
just_check_hum_e_to_emacron	just_check_hum	e_to_ē	final_prompt_token	59	.	799	0.17215895652770996	39
just_check_hum_e_to_emacron	just_check_hum	e_to_ē	final_prompt_token	59	.	7711	0.17000718414783478	40
just_check_hum_e_to_emacron	just_check_hum	e_to_ē	final_prompt_token	59	.	29171	0.16885970532894135	41
just_check_hum_e_to_emacron	just_check_hum	e_to_ē	final_prompt_token	59	.	1242	0.16752499341964722	42
just_check_hum_e_to_emacron	just_check_hum	e_to_ē	final_prompt_token	59	.	7982	0.16463057696819305	43
just_check_hum_e_to_emacron	just_check_hum	e_to_ē	final_prompt_token	59	.	3836	0.16335657238960266	44
just_check_hum_e_to_emacron	just_check_hum	e_to_ē	final_prompt_token	59	.	20582	0.16326835751533508	45
just_check_hum_e_to_emacron	just_check_hum	e_to_ē	final_prompt_token	59	.	4993	0.1628449410200119	46
just_check_hum_e_to_emacron	just_check_hum	e_to_ē	final_prompt_token	59	.	15081	0.16188496351242065	47
just_check_hum_e_to_emacron	just_check_hum	e_to_ē	final_prompt_token	59	.	4998	0.15869605541229248	48
just_check_hum_e_to_emacron	just_check_hum	e_to_ē	final_prompt_token	59	.	25325	0.15686054527759552	49
just_check_hum_e_to_emacron	just_check_hum	e_to_ē	final_prompt_token	59	.	20663	0.15397635102272034	50
just_check_hum_e_to_emacron	just_check_hum	e_to_ē	final_prompt_token_minus_1	58	ck	799	1.628122329711914	1
just_check_hum_e_to_emacron	just_check_hum	e_to_ē	final_prompt_token_minus_1	58	ck	2938	1.2685835361480713	2
just_check_hum_e_to_emacron	just_check_hum	e_to_ē	final_prompt_token_minus_1	58	ck	16439	0.6042315363883972	3
just_check_hum_e_to_emacron	just_check_hum	e_to_ē	final_prompt_token_minus_1	58	ck	5257	0.5786274671554565	4
just_check_hum_e_to_emacron	just_check_hum	e_to_ē	final_prompt_token_minus_1	58	ck	5417	0.48100587725639343	5
just_check_hum_e_to_emacron	just_check_hum	e_to_ē	final_prompt_token_minus_1	58	ck	10146	0.45968392491340637	6
just_check_hum_e_to_emacron	just_check_hum	e_to_ē	final_prompt_token_minus_1	58	ck	29065	0.4427257180213928	7
just_check_hum_e_to_emacron	just_check_hum	e_to_ē	final_prompt_token_minus_1	58	ck	14870	0.37067171931266785	8
just_check_hum_e_to_emacron	just_check_hum	e_to_ē	final_prompt_token_minus_1	58	ck	24123	0.36486348509788513	9
just_check_hum_e_to_emacron	just_check_hum	e_to_ē	final_prompt_token_minus_1	58	ck	14836	0.34440967440605164	10
just_check_hum_e_to_emacron	just_check_hum	e_to_ē	final_prompt_token_minus_1	58	ck	16475	0.31962916254997253	11
just_check_hum_e_to_emacron	just_check_hum	e_to_ē	final_prompt_token_minus_1	58	ck	12034	0.31633150577545166	12
just_check_hum_e_to_emacron	just_check_hum	e_to_ē	final_prompt_token_minus_1	58	ck	26684	0.3115992546081543	13
just_check_hum_e_to_emacron	just_check_hum	e_to_ē	final_prompt_token_minus_1	58	ck	1953	0.3115917444229126	14
just_check_hum_e_to_emacron	just_check_hum	e_to_ē	final_prompt_token_minus_1	58	ck	32454	0.2636600434780121	15
just_check_hum_e_to_emacron	just_check_hum	e_to_ē	final_prompt_token_minus_1	58	ck	15076	0.2593762278556824	16
just_check_hum_e_to_emacron	just_check_hum	e_to_ē	final_prompt_token_minus_1	58	ck	22129	0.2490793913602829	17
just_check_hum_e_to_emacron	just_check_hum	e_to_ē	final_prompt_token_minus_1	58	ck	32698	0.24749472737312317	18
just_check_hum_e_to_emacron	just_check_hum	e_to_ē	final_prompt_token_minus_1	58	ck	29171	0.24048517644405365	19
just_check_hum_e_to_emacron	just_check_hum	e_to_ē	final_prompt_token_minus_1	58	ck	9241	0.23761694133281708	20
just_check_hum_e_to_emacron	just_check_hum	e_to_ē	final_prompt_token_minus_1	58	ck	7982	0.23364198207855225	21
just_check_hum_e_to_emacron	just_check_hum	e_to_ē	final_prompt_token_minus_1	58	ck	31420	0.21789373457431793	22
just_check_hum_e_to_emacron	just_check_hum	e_to_ē	final_prompt_token_minus_1	58	ck	9990	0.21429964900016785	23
just_check_hum_e_to_emacron	just_check_hum	e_to_ē	final_prompt_token_minus_1	58	ck	7711	0.20297329127788544	24
just_check_hum_e_to_emacron	just_check_hum	e_to_ē	final_prompt_token_minus_1	58	ck	25001	0.2018185555934906	25
just_check_hum_e_to_emacron	just_check_hum	e_to_ē	final_prompt_token_minus_1	58	ck	16706	0.2000754177570343	26
just_check_hum_e_to_emacron	just_check_hum	e_to_ē	final_prompt_token_minus_1	58	ck	20642	0.19866085052490234	27
just_check_hum_e_to_emacron	just_check_hum	e_to_ē	final_prompt_token_minus_1	58	ck	19843	0.19264516234397888	28
just_check_hum_e_to_emacron	just_check_hum	e_to_ē	final_prompt_token_minus_1	58	ck	17	0.19256043434143066	29
just_check_hum_e_to_emacron	just_check_hum	e_to_ē	final_prompt_token_minus_1	58	ck	13916	0.18851782381534576	30
just_check_hum_e_to_emacron	just_check_hum	e_to_ē	final_prompt_token_minus_1	58	ck	704	0.1831623613834381	31
just_check_hum_e_to_emacron	just_check_hum	e_to_ē	final_prompt_token_minus_1	58	ck	8216	0.18264487385749817	32
just_check_hum_e_to_emacron	just_check_hum	e_to_ē	final_prompt_token_minus_1	58	ck	19612	0.18100741505622864	33
just_check_hum_e_to_emacron	just_check_hum	e_to_ē	final_prompt_token_minus_1	58	ck	14553	0.1809331327676773	34
just_check_hum_e_to_emacron	just_check_hum	e_to_ē	final_prompt_token_minus_1	58	ck	3271	0.17781943082809448	35
just_check_hum_e_to_emacron	just_check_hum	e_to_ē	final_prompt_token_minus_1	58	ck	6429	0.17527955770492554	36
just_check_hum_e_to_emacron	just_check_hum	e_to_ē	final_prompt_token_minus_1	58	ck	29329	0.17427295446395874	37
just_check_hum_e_to_emacron	just_check_hum	e_to_ē	final_prompt_token_minus_1	58	ck	8646	0.17352470755577087	38
just_check_hum_e_to_emacron	just_check_hum	e_to_ē	final_prompt_token_minus_1	58	ck	16050	0.1730901449918747	39
just_check_hum_e_to_emacron	just_check_hum	e_to_ē	final_prompt_token_minus_1	58	ck	15971	0.1705605387687683	40
just_check_hum_e_to_emacron	just_check_hum	e_to_ē	final_prompt_token_minus_1	58	ck	4715	0.1698320508003235	41
just_check_hum_e_to_emacron	just_check_hum	e_to_ē	final_prompt_token_minus_1	58	ck	3836	0.16724683344364166	42
just_check_hum_e_to_emacron	just_check_hum	e_to_ē	final_prompt_token_minus_1	58	ck	1438	0.16422110795974731	43
just_check_hum_e_to_emacron	just_check_hum	e_to_ē	final_prompt_token_minus_1	58	ck	1510	0.16017000377178192	44
just_check_hum_e_to_emacron	just_check_hum	e_to_ē	final_prompt_token_minus_1	58	ck	23224	0.15927712619304657	45
just_check_hum_e_to_emacron	just_check_hum	e_to_ē	final_prompt_token_minus_1	58	ck	15923	0.15908733010292053	46
just_check_hum_e_to_emacron	just_check_hum	e_to_ē	final_prompt_token_minus_1	58	ck	1238	0.157937154173851	47
just_check_hum_e_to_emacron	just_check_hum	e_to_ē	final_prompt_token_minus_1	58	ck	12642	0.1564905047416687	48
just_check_hum_e_to_emacron	just_check_hum	e_to_ē	final_prompt_token_minus_1	58	ck	6884	0.1563800573348999	49
just_check_hum_e_to_emacron	just_check_hum	e_to_ē	final_prompt_token_minus_1	58	ck	24977	0.15541628003120422	50
just_check_hum_e_to_emacron	just_check_hum	e_to_ē	final_prompt_token_minus_2	57	ē	2938	2.448817253112793	1
just_check_hum_e_to_emacron	just_check_hum	e_to_ē	final_prompt_token_minus_2	57	ē	25429	0.6465446949005127	2
just_check_hum_e_to_emacron	just_check_hum	e_to_ē	final_prompt_token_minus_2	57	ē	25141	0.5885830521583557	3
just_check_hum_e_to_emacron	just_check_hum	e_to_ē	final_prompt_token_minus_2	57	ē	1408	0.5688717365264893	4
just_check_hum_e_to_emacron	just_check_hum	e_to_ē	final_prompt_token_minus_2	57	ē	17023	0.5348581671714783	5
just_check_hum_e_to_emacron	just_check_hum	e_to_ē	final_prompt_token_minus_2	57	ē	15971	0.517287015914917	6
just_check_hum_e_to_emacron	just_check_hum	e_to_ē	final_prompt_token_minus_2	57	ē	799	0.5135775804519653	7
just_check_hum_e_to_emacron	just_check_hum	e_to_ē	final_prompt_token_minus_2	57	ē	27446	0.495638370513916	8
just_check_hum_e_to_emacron	just_check_hum	e_to_ē	final_prompt_token_minus_2	57	ē	2665	0.4652295410633087	9
just_check_hum_e_to_emacron	just_check_hum	e_to_ē	final_prompt_token_minus_2	57	ē	1953	0.405841588973999	10
just_check_hum_e_to_emacron	just_check_hum	e_to_ē	final_prompt_token_minus_2	57	ē	12068	0.3717837631702423	11
just_check_hum_e_to_emacron	just_check_hum	e_to_ē	final_prompt_token_minus_2	57	ē	3271	0.33826637268066406	12
just_check_hum_e_to_emacron	just_check_hum	e_to_ē	final_prompt_token_minus_2	57	ē	11038	0.3251270353794098	13
just_check_hum_e_to_emacron	just_check_hum	e_to_ē	final_prompt_token_minus_2	57	ē	24825	0.30280977487564087	14
just_check_hum_e_to_emacron	just_check_hum	e_to_ē	final_prompt_token_minus_2	57	ē	23239	0.27214863896369934	15
just_check_hum_e_to_emacron	just_check_hum	e_to_ē	final_prompt_token_minus_2	57	ē	18765	0.2653600573539734	16
just_check_hum_e_to_emacron	just_check_hum	e_to_ē	final_prompt_token_minus_2	57	ē	7930	0.24821355938911438	17
just_check_hum_e_to_emacron	just_check_hum	e_to_ē	final_prompt_token_minus_2	57	ē	31640	0.24008628726005554	18
just_check_hum_e_to_emacron	just_check_hum	e_to_ē	final_prompt_token_minus_2	57	ē	4456	0.237726092338562	19
just_check_hum_e_to_emacron	just_check_hum	e_to_ē	final_prompt_token_minus_2	57	ē	2555	0.23590371012687683	20
just_check_hum_e_to_emacron	just_check_hum	e_to_ē	final_prompt_token_minus_2	57	ē	17701	0.23345480859279633	21
just_check_hum_e_to_emacron	just_check_hum	e_to_ē	final_prompt_token_minus_2	57	ē	9241	0.22888199985027313	22
just_check_hum_e_to_emacron	just_check_hum	e_to_ē	final_prompt_token_minus_2	57	ē	23662	0.21127468347549438	23
just_check_hum_e_to_emacron	just_check_hum	e_to_ē	final_prompt_token_minus_2	57	ē	28992	0.20864982903003693	24
just_check_hum_e_to_emacron	just_check_hum	e_to_ē	final_prompt_token_minus_2	57	ē	9467	0.19711096584796906	25
just_check_hum_e_to_emacron	just_check_hum	e_to_ē	final_prompt_token_minus_2	57	ē	15076	0.19535283744335175	26
just_check_hum_e_to_emacron	just_check_hum	e_to_ē	final_prompt_token_minus_2	57	ē	13236	0.19429472088813782	27
just_check_hum_e_to_emacron	just_check_hum	e_to_ē	final_prompt_token_minus_2	57	ē	4513	0.1911817193031311	28
just_check_hum_e_to_emacron	just_check_hum	e_to_ē	final_prompt_token_minus_2	57	ē	20140	0.18661189079284668	29
just_check_hum_e_to_emacron	just_check_hum	e_to_ē	final_prompt_token_minus_2	57	ē	19843	0.18104183673858643	30
just_check_hum_e_to_emacron	just_check_hum	e_to_ē	final_prompt_token_minus_2	57	ē	31261	0.17961528897285461	31
just_check_hum_e_to_emacron	just_check_hum	e_to_ē	final_prompt_token_minus_2	57	ē	15548	0.17485642433166504	32
just_check_hum_e_to_emacron	just_check_hum	e_to_ē	final_prompt_token_minus_2	57	ē	11809	0.17235496640205383	33
just_check_hum_e_to_emacron	just_check_hum	e_to_ē	final_prompt_token_minus_2	57	ē	24893	0.16665112972259521	34
just_check_hum_e_to_emacron	just_check_hum	e_to_ē	final_prompt_token_minus_2	57	ē	24237	0.1658114492893219	35
just_check_hum_e_to_emacron	just_check_hum	e_to_ē	final_prompt_token_minus_2	57	ē	8472	0.15798498690128326	36
just_check_hum_e_to_emacron	just_check_hum	e_to_ē	final_prompt_token_minus_2	57	ē	2438	0.15762153267860413	37
just_check_hum_e_to_emacron	just_check_hum	e_to_ē	final_prompt_token_minus_2	57	ē	29956	0.1536986529827118	38
just_check_hum_e_to_emacron	just_check_hum	e_to_ē	final_prompt_token_minus_2	57	ē	1252	0.15239441394805908	39
just_check_hum_e_to_emacron	just_check_hum	e_to_ē	final_prompt_token_minus_2	57	ē	16938	0.15145857632160187	40
just_check_hum_e_to_emacron	just_check_hum	e_to_ē	final_prompt_token_minus_2	57	ē	30237	0.1496330052614212	41
just_check_hum_e_to_emacron	just_check_hum	e_to_ē	final_prompt_token_minus_2	57	ē	5417	0.14720994234085083	42
just_check_hum_e_to_emacron	just_check_hum	e_to_ē	final_prompt_token_minus_2	57	ē	27348	0.14552000164985657	43
just_check_hum_e_to_emacron	just_check_hum	e_to_ē	final_prompt_token_minus_2	57	ē	18965	0.14355029165744781	44
just_check_hum_e_to_emacron	just_check_hum	e_to_ē	final_prompt_token_minus_2	57	ē	5371	0.14163663983345032	45
just_check_hum_e_to_emacron	just_check_hum	e_to_ē	final_prompt_token_minus_2	57	ē	28877	0.14038139581680298	46
just_check_hum_e_to_emacron	just_check_hum	e_to_ē	final_prompt_token_minus_2	57	ē	24831	0.13856926560401917	47
just_check_hum_e_to_emacron	just_check_hum	e_to_ē	final_prompt_token_minus_2	57	ē	856	0.13843177258968353	48
just_check_hum_e_to_emacron	just_check_hum	e_to_ē	final_prompt_token_minus_2	57	ē	27399	0.1380544900894165	49
just_check_hum_e_to_emacron	just_check_hum	e_to_ē	final_prompt_token_minus_2	57	ē	2306	0.1370949149131775	50
just_check_hum_e_to_emacron	just_check_hum	e_to_ē	final_prompt_token_minus_5	54	?	2938	1.392024278640747	1
just_check_hum_e_to_emacron	just_check_hum	e_to_ē	final_prompt_token_minus_5	54	?	5417	0.7309695482254028	2
just_check_hum_e_to_emacron	just_check_hum	e_to_ē	final_prompt_token_minus_5	54	?	14858	0.6703990697860718	3
just_check_hum_e_to_emacron	just_check_hum	e_to_ē	final_prompt_token_minus_5	54	?	17679	0.6296423673629761	4
just_check_hum_e_to_emacron	just_check_hum	e_to_ē	final_prompt_token_minus_5	54	?	26684	0.5050616264343262	5
just_check_hum_e_to_emacron	just_check_hum	e_to_ē	final_prompt_token_minus_5	54	?	27364	0.4958597421646118	6
just_check_hum_e_to_emacron	just_check_hum	e_to_ē	final_prompt_token_minus_5	54	?	16439	0.4947221875190735	7
just_check_hum_e_to_emacron	just_check_hum	e_to_ē	final_prompt_token_minus_5	54	?	26407	0.49252942204475403	8
just_check_hum_e_to_emacron	just_check_hum	e_to_ē	final_prompt_token_minus_5	54	?	6194	0.3600682318210602	9
just_check_hum_e_to_emacron	just_check_hum	e_to_ē	final_prompt_token_minus_5	54	?	17394	0.353903204202652	10
just_check_hum_e_to_emacron	just_check_hum	e_to_ē	final_prompt_token_minus_5	54	?	18937	0.35315510630607605	11
just_check_hum_e_to_emacron	just_check_hum	e_to_ē	final_prompt_token_minus_5	54	?	28713	0.3337249159812927	12
just_check_hum_e_to_emacron	just_check_hum	e_to_ē	final_prompt_token_minus_5	54	?	15753	0.3192561864852905	13
just_check_hum_e_to_emacron	just_check_hum	e_to_ē	final_prompt_token_minus_5	54	?	18847	0.31651267409324646	14
just_check_hum_e_to_emacron	just_check_hum	e_to_ē	final_prompt_token_minus_5	54	?	10146	0.27365365624427795	15
just_check_hum_e_to_emacron	just_check_hum	e_to_ē	final_prompt_token_minus_5	54	?	15076	0.2674090266227722	16
just_check_hum_e_to_emacron	just_check_hum	e_to_ē	final_prompt_token_minus_5	54	?	6193	0.2615302503108978	17
just_check_hum_e_to_emacron	just_check_hum	e_to_ē	final_prompt_token_minus_5	54	?	28696	0.24913182854652405	18
just_check_hum_e_to_emacron	just_check_hum	e_to_ē	final_prompt_token_minus_5	54	?	2580	0.23837217688560486	19
just_check_hum_e_to_emacron	just_check_hum	e_to_ē	final_prompt_token_minus_5	54	?	16661	0.2380087673664093	20
just_check_hum_e_to_emacron	just_check_hum	e_to_ē	final_prompt_token_minus_5	54	?	27423	0.2261291742324829	21
just_check_hum_e_to_emacron	just_check_hum	e_to_ē	final_prompt_token_minus_5	54	?	8623	0.22168731689453125	22
just_check_hum_e_to_emacron	just_check_hum	e_to_ē	final_prompt_token_minus_5	54	?	16785	0.2203092873096466	23
just_check_hum_e_to_emacron	just_check_hum	e_to_ē	final_prompt_token_minus_5	54	?	23977	0.21356657147407532	24
just_check_hum_e_to_emacron	just_check_hum	e_to_ē	final_prompt_token_minus_5	54	?	75	0.21272237598896027	25
just_check_hum_e_to_emacron	just_check_hum	e_to_ē	final_prompt_token_minus_5	54	?	15981	0.21028491854667664	26
just_check_hum_e_to_emacron	just_check_hum	e_to_ē	final_prompt_token_minus_5	54	?	4428	0.20535017549991608	27
just_check_hum_e_to_emacron	just_check_hum	e_to_ē	final_prompt_token_minus_5	54	?	22503	0.20489995181560516	28
just_check_hum_e_to_emacron	just_check_hum	e_to_ē	final_prompt_token_minus_5	54	?	27282	0.2041764110326767	29
just_check_hum_e_to_emacron	just_check_hum	e_to_ē	final_prompt_token_minus_5	54	?	7982	0.2015460729598999	30
just_check_hum_e_to_emacron	just_check_hum	e_to_ē	final_prompt_token_minus_5	54	?	15954	0.1921008676290512	31
just_check_hum_e_to_emacron	just_check_hum	e_to_ē	final_prompt_token_minus_5	54	?	24205	0.18418696522712708	32
just_check_hum_e_to_emacron	just_check_hum	e_to_ē	final_prompt_token_minus_5	54	?	12034	0.18292133510112762	33
just_check_hum_e_to_emacron	just_check_hum	e_to_ē	final_prompt_token_minus_5	54	?	23987	0.17657870054244995	34
just_check_hum_e_to_emacron	just_check_hum	e_to_ē	final_prompt_token_minus_5	54	?	4166	0.17545625567436218	35
just_check_hum_e_to_emacron	just_check_hum	e_to_ē	final_prompt_token_minus_5	54	?	30183	0.1711306869983673	36
just_check_hum_e_to_emacron	just_check_hum	e_to_ē	final_prompt_token_minus_5	54	?	677	0.17077048122882843	37
just_check_hum_e_to_emacron	just_check_hum	e_to_ē	final_prompt_token_minus_5	54	?	8619	0.1705041527748108	38
just_check_hum_e_to_emacron	just_check_hum	e_to_ē	final_prompt_token_minus_5	54	?	22800	0.1695566177368164	39
just_check_hum_e_to_emacron	just_check_hum	e_to_ē	final_prompt_token_minus_5	54	?	18376	0.16027845442295074	40
just_check_hum_e_to_emacron	just_check_hum	e_to_ē	final_prompt_token_minus_5	54	?	30335	0.15957725048065186	41
just_check_hum_e_to_emacron	just_check_hum	e_to_ē	final_prompt_token_minus_5	54	?	2720	0.15923988819122314	42
just_check_hum_e_to_emacron	just_check_hum	e_to_ē	final_prompt_token_minus_5	54	?	30036	0.1556623876094818	43
just_check_hum_e_to_emacron	just_check_hum	e_to_ē	final_prompt_token_minus_5	54	?	20176	0.1450238823890686	44
just_check_hum_e_to_emacron	just_check_hum	e_to_ē	final_prompt_token_minus_5	54	?	29524	0.1435425579547882	45
just_check_hum_e_to_emacron	just_check_hum	e_to_ē	final_prompt_token_minus_5	54	?	7248	0.14266543090343475	46
just_check_hum_e_to_emacron	just_check_hum	e_to_ē	final_prompt_token_minus_5	54	?	6653	0.14157192409038544	47
just_check_hum_e_to_emacron	just_check_hum	e_to_ē	final_prompt_token_minus_5	54	?	5096	0.13916650414466858	48
just_check_hum_e_to_emacron	just_check_hum	e_to_ē	final_prompt_token_minus_5	54	?	19335	0.13768061995506287	49
just_check_hum_e_to_emacron	just_check_hum	e_to_ē	final_prompt_token_minus_5	54	?	10764	0.13552187383174896	50
just_check_hum_e_to_emacron	just_check_hum	e_to_ē	final_prompt_token_minus_10	49	ē	2938	2.8066160678863525	1
just_check_hum_e_to_emacron	just_check_hum	e_to_ē	final_prompt_token_minus_10	49	ē	17023	0.46689778566360474	2
just_check_hum_e_to_emacron	just_check_hum	e_to_ē	final_prompt_token_minus_10	49	ē	25141	0.4482571482658386	3
just_check_hum_e_to_emacron	just_check_hum	e_to_ē	final_prompt_token_minus_10	49	ē	1408	0.42496007680892944	4
just_check_hum_e_to_emacron	just_check_hum	e_to_ē	final_prompt_token_minus_10	49	ē	15971	0.42065826058387756	5
just_check_hum_e_to_emacron	just_check_hum	e_to_ē	final_prompt_token_minus_10	49	ē	24825	0.3761107623577118	6
just_check_hum_e_to_emacron	just_check_hum	e_to_ē	final_prompt_token_minus_10	49	ē	1953	0.2872321605682373	7
just_check_hum_e_to_emacron	just_check_hum	e_to_ē	final_prompt_token_minus_10	49	ē	2665	0.2658913731575012	8
just_check_hum_e_to_emacron	just_check_hum	e_to_ē	final_prompt_token_minus_10	49	ē	31392	0.26279398798942566	9
just_check_hum_e_to_emacron	just_check_hum	e_to_ē	final_prompt_token_minus_10	49	ē	27446	0.2568064332008362	10
just_check_hum_e_to_emacron	just_check_hum	e_to_ē	final_prompt_token_minus_10	49	ē	9834	0.2557898163795471	11
just_check_hum_e_to_emacron	just_check_hum	e_to_ē	final_prompt_token_minus_10	49	ē	27399	0.24496257305145264	12
just_check_hum_e_to_emacron	just_check_hum	e_to_ē	final_prompt_token_minus_10	49	ē	4456	0.23961523175239563	13
just_check_hum_e_to_emacron	just_check_hum	e_to_ē	final_prompt_token_minus_10	49	ē	11038	0.23249953985214233	14
just_check_hum_e_to_emacron	just_check_hum	e_to_ē	final_prompt_token_minus_10	49	ē	21477	0.22229191660881042	15
just_check_hum_e_to_emacron	just_check_hum	e_to_ē	final_prompt_token_minus_10	49	ē	15062	0.21812324225902557	16
just_check_hum_e_to_emacron	just_check_hum	e_to_ē	final_prompt_token_minus_10	49	ē	18765	0.2176680862903595	17
just_check_hum_e_to_emacron	just_check_hum	e_to_ē	final_prompt_token_minus_10	49	ē	12420	0.21709243953227997	18
just_check_hum_e_to_emacron	just_check_hum	e_to_ē	final_prompt_token_minus_10	49	ē	11810	0.20453891158103943	19
just_check_hum_e_to_emacron	just_check_hum	e_to_ē	final_prompt_token_minus_10	49	ē	10335	0.2024722397327423	20
just_check_hum_e_to_emacron	just_check_hum	e_to_ē	final_prompt_token_minus_10	49	ē	21213	0.1979156881570816	21
just_check_hum_e_to_emacron	just_check_hum	e_to_ē	final_prompt_token_minus_10	49	ē	28048	0.18114134669303894	22
just_check_hum_e_to_emacron	just_check_hum	e_to_ē	final_prompt_token_minus_10	49	ē	732	0.17912280559539795	23
just_check_hum_e_to_emacron	just_check_hum	e_to_ē	final_prompt_token_minus_10	49	ē	14296	0.17854484915733337	24
just_check_hum_e_to_emacron	just_check_hum	e_to_ē	final_prompt_token_minus_10	49	ē	1965	0.17539310455322266	25
just_check_hum_e_to_emacron	just_check_hum	e_to_ē	final_prompt_token_minus_10	49	ē	16793	0.17057722806930542	26
just_check_hum_e_to_emacron	just_check_hum	e_to_ē	final_prompt_token_minus_10	49	ē	11587	0.16505558788776398	27
just_check_hum_e_to_emacron	just_check_hum	e_to_ē	final_prompt_token_minus_10	49	ē	14870	0.16291040182113647	28
just_check_hum_e_to_emacron	just_check_hum	e_to_ē	final_prompt_token_minus_10	49	ē	16883	0.16266176104545593	29
just_check_hum_e_to_emacron	just_check_hum	e_to_ē	final_prompt_token_minus_10	49	ē	21539	0.1619996279478073	30
just_check_hum_e_to_emacron	just_check_hum	e_to_ē	final_prompt_token_minus_10	49	ē	6629	0.16060234606266022	31
just_check_hum_e_to_emacron	just_check_hum	e_to_ē	final_prompt_token_minus_10	49	ē	20725	0.15908463299274445	32
just_check_hum_e_to_emacron	just_check_hum	e_to_ē	final_prompt_token_minus_10	49	ē	5748	0.15762563049793243	33
just_check_hum_e_to_emacron	just_check_hum	e_to_ē	final_prompt_token_minus_10	49	ē	27571	0.1536194086074829	34
just_check_hum_e_to_emacron	just_check_hum	e_to_ē	final_prompt_token_minus_10	49	ē	1844	0.15291717648506165	35
just_check_hum_e_to_emacron	just_check_hum	e_to_ē	final_prompt_token_minus_10	49	ē	923	0.15253996849060059	36
just_check_hum_e_to_emacron	just_check_hum	e_to_ē	final_prompt_token_minus_10	49	ē	16255	0.15127813816070557	37
just_check_hum_e_to_emacron	just_check_hum	e_to_ē	final_prompt_token_minus_10	49	ē	13747	0.1472013294696808	38
just_check_hum_e_to_emacron	just_check_hum	e_to_ē	final_prompt_token_minus_10	49	ē	1252	0.14487624168395996	39
just_check_hum_e_to_emacron	just_check_hum	e_to_ē	final_prompt_token_minus_10	49	ē	20566	0.14098156988620758	40
just_check_hum_e_to_emacron	just_check_hum	e_to_ē	final_prompt_token_minus_10	49	ē	1929	0.1389784961938858	41
just_check_hum_e_to_emacron	just_check_hum	e_to_ē	final_prompt_token_minus_10	49	ē	18453	0.1384194791316986	42
just_check_hum_e_to_emacron	just_check_hum	e_to_ē	final_prompt_token_minus_10	49	ē	405	0.13811686635017395	43
just_check_hum_e_to_emacron	just_check_hum	e_to_ē	final_prompt_token_minus_10	49	ē	8217	0.13806074857711792	44
just_check_hum_e_to_emacron	just_check_hum	e_to_ē	final_prompt_token_minus_10	49	ē	19983	0.13760000467300415	45
just_check_hum_e_to_emacron	just_check_hum	e_to_ē	final_prompt_token_minus_10	49	ē	13656	0.137359619140625	46
just_check_hum_e_to_emacron	just_check_hum	e_to_ē	final_prompt_token_minus_10	49	ē	26545	0.1366371363401413	47
just_check_hum_e_to_emacron	just_check_hum	e_to_ē	final_prompt_token_minus_10	49	ē	16056	0.13608086109161377	48
just_check_hum_e_to_emacron	just_check_hum	e_to_ē	final_prompt_token_minus_10	49	ē	8052	0.13451531529426575	49
just_check_hum_e_to_emacron	just_check_hum	e_to_ē	final_prompt_token_minus_10	49	ē	6316	0.1340300440788269	50
just_check_hum_s_to_scedilla	just_check_hum	s_to_ş	final_prompt_token	50	.	2938	1.712562084197998	1
just_check_hum_s_to_scedilla	just_check_hum	s_to_ş	final_prompt_token	50	.	18937	0.8937000036239624	2
just_check_hum_s_to_scedilla	just_check_hum	s_to_ş	final_prompt_token	50	.	5417	0.7013167142868042	3
just_check_hum_s_to_scedilla	just_check_hum	s_to_ş	final_prompt_token	50	.	28713	0.5468887686729431	4
just_check_hum_s_to_scedilla	just_check_hum	s_to_ş	final_prompt_token	50	.	32698	0.49783262610435486	5
just_check_hum_s_to_scedilla	just_check_hum	s_to_ş	final_prompt_token	50	.	16439	0.3967491388320923	6
just_check_hum_s_to_scedilla	just_check_hum	s_to_ş	final_prompt_token	50	.	10265	0.38751375675201416	7
just_check_hum_s_to_scedilla	just_check_hum	s_to_ş	final_prompt_token	50	.	30033	0.3844846487045288	8
just_check_hum_s_to_scedilla	just_check_hum	s_to_ş	final_prompt_token	50	.	10066	0.3459690511226654	9
just_check_hum_s_to_scedilla	just_check_hum	s_to_ş	final_prompt_token	50	.	20200	0.34544637799263	10
just_check_hum_s_to_scedilla	just_check_hum	s_to_ş	final_prompt_token	50	.	24123	0.3383607566356659	11
just_check_hum_s_to_scedilla	just_check_hum	s_to_ş	final_prompt_token	50	.	3271	0.32040277123451233	12
just_check_hum_s_to_scedilla	just_check_hum	s_to_ş	final_prompt_token	50	.	14727	0.3188372850418091	13
just_check_hum_s_to_scedilla	just_check_hum	s_to_ş	final_prompt_token	50	.	15081	0.31595659255981445	14
just_check_hum_s_to_scedilla	just_check_hum	s_to_ş	final_prompt_token	50	.	6021	0.2834075093269348	15
just_check_hum_s_to_scedilla	just_check_hum	s_to_ş	final_prompt_token	50	.	6194	0.2725537419319153	16
just_check_hum_s_to_scedilla	just_check_hum	s_to_ş	final_prompt_token	50	.	3241	0.27199476957321167	17
just_check_hum_s_to_scedilla	just_check_hum	s_to_ş	final_prompt_token	50	.	799	0.25975167751312256	18
just_check_hum_s_to_scedilla	just_check_hum	s_to_ş	final_prompt_token	50	.	5257	0.25435951352119446	19
just_check_hum_s_to_scedilla	just_check_hum	s_to_ş	final_prompt_token	50	.	4993	0.24826404452323914	20
just_check_hum_s_to_scedilla	just_check_hum	s_to_ş	final_prompt_token	50	.	29537	0.23685744404792786	21
just_check_hum_s_to_scedilla	just_check_hum	s_to_ş	final_prompt_token	50	.	14955	0.2354186773300171	22
just_check_hum_s_to_scedilla	just_check_hum	s_to_ş	final_prompt_token	50	.	13359	0.22814103960990906	23
just_check_hum_s_to_scedilla	just_check_hum	s_to_ş	final_prompt_token	50	.	1160	0.2228938341140747	24
just_check_hum_s_to_scedilla	just_check_hum	s_to_ş	final_prompt_token	50	.	16310	0.2203633189201355	25
just_check_hum_s_to_scedilla	just_check_hum	s_to_ş	final_prompt_token	50	.	12471	0.2164859175682068	26
just_check_hum_s_to_scedilla	just_check_hum	s_to_ş	final_prompt_token	50	.	11788	0.20879299938678741	27
just_check_hum_s_to_scedilla	just_check_hum	s_to_ş	final_prompt_token	50	.	26684	0.20754215121269226	28
just_check_hum_s_to_scedilla	just_check_hum	s_to_ş	final_prompt_token	50	.	32477	0.2038378119468689	29
just_check_hum_s_to_scedilla	just_check_hum	s_to_ş	final_prompt_token	50	.	4428	0.1990574449300766	30
just_check_hum_s_to_scedilla	just_check_hum	s_to_ş	final_prompt_token	50	.	4221	0.19876278936862946	31
just_check_hum_s_to_scedilla	just_check_hum	s_to_ş	final_prompt_token	50	.	29318	0.19738222658634186	32
just_check_hum_s_to_scedilla	just_check_hum	s_to_ş	final_prompt_token	50	.	20663	0.1903693974018097	33
just_check_hum_s_to_scedilla	just_check_hum	s_to_ş	final_prompt_token	50	.	2946	0.187846839427948	34
just_check_hum_s_to_scedilla	just_check_hum	s_to_ş	final_prompt_token	50	.	21572	0.18639680743217468	35
just_check_hum_s_to_scedilla	just_check_hum	s_to_ş	final_prompt_token	50	.	18376	0.184098482131958	36
just_check_hum_s_to_scedilla	just_check_hum	s_to_ş	final_prompt_token	50	.	24913	0.18307848274707794	37
just_check_hum_s_to_scedilla	just_check_hum	s_to_ş	final_prompt_token	50	.	15078	0.18285657465457916	38
just_check_hum_s_to_scedilla	just_check_hum	s_to_ş	final_prompt_token	50	.	30998	0.17857685685157776	39
just_check_hum_s_to_scedilla	just_check_hum	s_to_ş	final_prompt_token	50	.	5801	0.17853114008903503	40
just_check_hum_s_to_scedilla	just_check_hum	s_to_ş	final_prompt_token	50	.	22655	0.1780691295862198	41
just_check_hum_s_to_scedilla	just_check_hum	s_to_ş	final_prompt_token	50	.	528	0.17754435539245605	42
just_check_hum_s_to_scedilla	just_check_hum	s_to_ş	final_prompt_token	50	.	17370	0.1732090711593628	43
just_check_hum_s_to_scedilla	just_check_hum	s_to_ş	final_prompt_token	50	.	6429	0.17294520139694214	44
just_check_hum_s_to_scedilla	just_check_hum	s_to_ş	final_prompt_token	50	.	17910	0.16896118223667145	45
just_check_hum_s_to_scedilla	just_check_hum	s_to_ş	final_prompt_token	50	.	13013	0.16723766922950745	46
just_check_hum_s_to_scedilla	just_check_hum	s_to_ş	final_prompt_token	50	.	3920	0.1668824404478073	47
just_check_hum_s_to_scedilla	just_check_hum	s_to_ş	final_prompt_token	50	.	32621	0.16667889058589935	48
just_check_hum_s_to_scedilla	just_check_hum	s_to_ş	final_prompt_token	50	.	7982	0.16477002203464508	49
just_check_hum_s_to_scedilla	just_check_hum	s_to_ş	final_prompt_token	50	.	19273	0.16468924283981323	50
just_check_hum_s_to_scedilla	just_check_hum	s_to_ş	final_prompt_token_minus_1	49	check	2938	2.012356758117676	1
just_check_hum_s_to_scedilla	just_check_hum	s_to_ş	final_prompt_token_minus_1	49	check	799	1.7371509075164795	2
just_check_hum_s_to_scedilla	just_check_hum	s_to_ş	final_prompt_token_minus_1	49	check	5417	0.6315574645996094	3
just_check_hum_s_to_scedilla	just_check_hum	s_to_ş	final_prompt_token_minus_1	49	check	5257	0.5721081495285034	4
just_check_hum_s_to_scedilla	just_check_hum	s_to_ş	final_prompt_token_minus_1	49	check	16475	0.4541986882686615	5
just_check_hum_s_to_scedilla	just_check_hum	s_to_ş	final_prompt_token_minus_1	49	check	24123	0.4059181213378906	6
just_check_hum_s_to_scedilla	just_check_hum	s_to_ş	final_prompt_token_minus_1	49	check	16439	0.4040333330631256	7
just_check_hum_s_to_scedilla	just_check_hum	s_to_ş	final_prompt_token_minus_1	49	check	6629	0.4035336673259735	8
just_check_hum_s_to_scedilla	just_check_hum	s_to_ş	final_prompt_token_minus_1	49	check	23640	0.3436233401298523	9
just_check_hum_s_to_scedilla	just_check_hum	s_to_ş	final_prompt_token_minus_1	49	check	9241	0.32975393533706665	10
just_check_hum_s_to_scedilla	just_check_hum	s_to_ş	final_prompt_token_minus_1	49	check	23224	0.300237774848938	11
just_check_hum_s_to_scedilla	just_check_hum	s_to_ş	final_prompt_token_minus_1	49	check	29065	0.30003848671913147	12
just_check_hum_s_to_scedilla	just_check_hum	s_to_ş	final_prompt_token_minus_1	49	check	20200	0.297987699508667	13
just_check_hum_s_to_scedilla	just_check_hum	s_to_ş	final_prompt_token_minus_1	49	check	32698	0.29015958309173584	14
just_check_hum_s_to_scedilla	just_check_hum	s_to_ş	final_prompt_token_minus_1	49	check	28392	0.27315807342529297	15
just_check_hum_s_to_scedilla	just_check_hum	s_to_ş	final_prompt_token_minus_1	49	check	10146	0.2541448175907135	16
just_check_hum_s_to_scedilla	just_check_hum	s_to_ş	final_prompt_token_minus_1	49	check	17910	0.2380414456129074	17
just_check_hum_s_to_scedilla	just_check_hum	s_to_ş	final_prompt_token_minus_1	49	check	12034	0.2279845029115677	18
just_check_hum_s_to_scedilla	just_check_hum	s_to_ş	final_prompt_token_minus_1	49	check	31420	0.22530299425125122	19
just_check_hum_s_to_scedilla	just_check_hum	s_to_ş	final_prompt_token_minus_1	49	check	17701	0.2164861261844635	20
just_check_hum_s_to_scedilla	just_check_hum	s_to_ş	final_prompt_token_minus_1	49	check	13359	0.21520861983299255	21
just_check_hum_s_to_scedilla	just_check_hum	s_to_ş	final_prompt_token_minus_1	49	check	9990	0.2090170532464981	22
just_check_hum_s_to_scedilla	just_check_hum	s_to_ş	final_prompt_token_minus_1	49	check	25077	0.2056785523891449	23
just_check_hum_s_to_scedilla	just_check_hum	s_to_ş	final_prompt_token_minus_1	49	check	7982	0.20415200293064117	24
just_check_hum_s_to_scedilla	just_check_hum	s_to_ş	final_prompt_token_minus_1	49	check	26684	0.19464218616485596	25
just_check_hum_s_to_scedilla	just_check_hum	s_to_ş	final_prompt_token_minus_1	49	check	13916	0.19453783333301544	26
just_check_hum_s_to_scedilla	just_check_hum	s_to_ş	final_prompt_token_minus_1	49	check	12642	0.19010627269744873	27
just_check_hum_s_to_scedilla	just_check_hum	s_to_ş	final_prompt_token_minus_1	49	check	17350	0.18971095979213715	28
just_check_hum_s_to_scedilla	just_check_hum	s_to_ş	final_prompt_token_minus_1	49	check	14500	0.18905292451381683	29
just_check_hum_s_to_scedilla	just_check_hum	s_to_ş	final_prompt_token_minus_1	49	check	6429	0.18757885694503784	30
just_check_hum_s_to_scedilla	just_check_hum	s_to_ş	final_prompt_token_minus_1	49	check	19843	0.18668131530284882	31
just_check_hum_s_to_scedilla	just_check_hum	s_to_ş	final_prompt_token_minus_1	49	check	20031	0.1853427141904831	32
just_check_hum_s_to_scedilla	just_check_hum	s_to_ş	final_prompt_token_minus_1	49	check	22129	0.18015721440315247	33
just_check_hum_s_to_scedilla	just_check_hum	s_to_ş	final_prompt_token_minus_1	49	check	22429	0.17858262360095978	34
just_check_hum_s_to_scedilla	just_check_hum	s_to_ş	final_prompt_token_minus_1	49	check	32454	0.17682653665542603	35
just_check_hum_s_to_scedilla	just_check_hum	s_to_ş	final_prompt_token_minus_1	49	check	16594	0.17545533180236816	36
just_check_hum_s_to_scedilla	just_check_hum	s_to_ş	final_prompt_token_minus_1	49	check	29472	0.17337684333324432	37
just_check_hum_s_to_scedilla	just_check_hum	s_to_ş	final_prompt_token_minus_1	49	check	3271	0.17226889729499817	38
just_check_hum_s_to_scedilla	just_check_hum	s_to_ş	final_prompt_token_minus_1	49	check	6987	0.17036309838294983	39
just_check_hum_s_to_scedilla	just_check_hum	s_to_ş	final_prompt_token_minus_1	49	check	2916	0.1681416779756546	40
just_check_hum_s_to_scedilla	just_check_hum	s_to_ş	final_prompt_token_minus_1	49	check	1953	0.16296786069869995	41
just_check_hum_s_to_scedilla	just_check_hum	s_to_ş	final_prompt_token_minus_1	49	check	1049	0.1592749059200287	42
just_check_hum_s_to_scedilla	just_check_hum	s_to_ş	final_prompt_token_minus_1	49	check	3016	0.1587134450674057	43
just_check_hum_s_to_scedilla	just_check_hum	s_to_ş	final_prompt_token_minus_1	49	check	29170	0.15151801705360413	44
just_check_hum_s_to_scedilla	just_check_hum	s_to_ş	final_prompt_token_minus_1	49	check	15923	0.14939187467098236	45
just_check_hum_s_to_scedilla	just_check_hum	s_to_ş	final_prompt_token_minus_1	49	check	23070	0.14924117922782898	46
just_check_hum_s_to_scedilla	just_check_hum	s_to_ş	final_prompt_token_minus_1	49	check	31264	0.1491299867630005	47
just_check_hum_s_to_scedilla	just_check_hum	s_to_ş	final_prompt_token_minus_1	49	check	14836	0.1485733687877655	48
just_check_hum_s_to_scedilla	just_check_hum	s_to_ş	final_prompt_token_minus_1	49	check	15076	0.14733749628067017	49
just_check_hum_s_to_scedilla	just_check_hum	s_to_ş	final_prompt_token_minus_1	49	check	12805	0.1467692106962204	50
just_check_hum_s_to_scedilla	just_check_hum	s_to_ş	final_prompt_token_minus_2	48	şt	2938	2.9042606353759766	1
just_check_hum_s_to_scedilla	just_check_hum	s_to_ş	final_prompt_token_minus_2	48	şt	1953	0.7631404995918274	2
just_check_hum_s_to_scedilla	just_check_hum	s_to_ş	final_prompt_token_minus_2	48	şt	28392	0.6899430155754089	3
just_check_hum_s_to_scedilla	just_check_hum	s_to_ş	final_prompt_token_minus_2	48	şt	24305	0.4744499921798706	4
just_check_hum_s_to_scedilla	just_check_hum	s_to_ş	final_prompt_token_minus_2	48	şt	32680	0.4386069178581238	5
just_check_hum_s_to_scedilla	just_check_hum	s_to_ş	final_prompt_token_minus_2	48	şt	6896	0.42249608039855957	6
just_check_hum_s_to_scedilla	just_check_hum	s_to_ş	final_prompt_token_minus_2	48	şt	25046	0.407103955745697	7
just_check_hum_s_to_scedilla	just_check_hum	s_to_ş	final_prompt_token_minus_2	48	şt	17023	0.36091935634613037	8
just_check_hum_s_to_scedilla	just_check_hum	s_to_ş	final_prompt_token_minus_2	48	şt	1711	0.34663182497024536	9
just_check_hum_s_to_scedilla	just_check_hum	s_to_ş	final_prompt_token_minus_2	48	şt	28992	0.3439562916755676	10
just_check_hum_s_to_scedilla	just_check_hum	s_to_ş	final_prompt_token_minus_2	48	şt	27446	0.322431355714798	11
just_check_hum_s_to_scedilla	just_check_hum	s_to_ş	final_prompt_token_minus_2	48	şt	14773	0.31797343492507935	12
just_check_hum_s_to_scedilla	just_check_hum	s_to_ş	final_prompt_token_minus_2	48	şt	22503	0.31512072682380676	13
just_check_hum_s_to_scedilla	just_check_hum	s_to_ş	final_prompt_token_minus_2	48	şt	23728	0.30055052042007446	14
just_check_hum_s_to_scedilla	just_check_hum	s_to_ş	final_prompt_token_minus_2	48	şt	11882	0.2785143256187439	15
just_check_hum_s_to_scedilla	just_check_hum	s_to_ş	final_prompt_token_minus_2	48	şt	15971	0.2754543125629425	16
just_check_hum_s_to_scedilla	just_check_hum	s_to_ş	final_prompt_token_minus_2	48	şt	5417	0.26159894466400146	17
just_check_hum_s_to_scedilla	just_check_hum	s_to_ş	final_prompt_token_minus_2	48	şt	26093	0.2521951198577881	18
just_check_hum_s_to_scedilla	just_check_hum	s_to_ş	final_prompt_token_minus_2	48	şt	23471	0.25213882327079773	19
just_check_hum_s_to_scedilla	just_check_hum	s_to_ş	final_prompt_token_minus_2	48	şt	17701	0.25007325410842896	20
just_check_hum_s_to_scedilla	just_check_hum	s_to_ş	final_prompt_token_minus_2	48	şt	15517	0.23919008672237396	21
just_check_hum_s_to_scedilla	just_check_hum	s_to_ş	final_prompt_token_minus_2	48	şt	21517	0.23777204751968384	22
just_check_hum_s_to_scedilla	just_check_hum	s_to_ş	final_prompt_token_minus_2	48	şt	18765	0.23126377165317535	23
just_check_hum_s_to_scedilla	just_check_hum	s_to_ş	final_prompt_token_minus_2	48	şt	9953	0.22891531884670258	24
just_check_hum_s_to_scedilla	just_check_hum	s_to_ş	final_prompt_token_minus_2	48	şt	22518	0.22206154465675354	25
just_check_hum_s_to_scedilla	just_check_hum	s_to_ş	final_prompt_token_minus_2	48	şt	13567	0.20561179518699646	26
just_check_hum_s_to_scedilla	just_check_hum	s_to_ş	final_prompt_token_minus_2	48	şt	26273	0.20355381071567535	27
just_check_hum_s_to_scedilla	just_check_hum	s_to_ş	final_prompt_token_minus_2	48	şt	14870	0.1936105191707611	28
just_check_hum_s_to_scedilla	just_check_hum	s_to_ş	final_prompt_token_minus_2	48	şt	4456	0.19346757233142853	29
just_check_hum_s_to_scedilla	just_check_hum	s_to_ş	final_prompt_token_minus_2	48	şt	19902	0.19171641767024994	30
just_check_hum_s_to_scedilla	just_check_hum	s_to_ş	final_prompt_token_minus_2	48	şt	9925	0.1910693198442459	31
just_check_hum_s_to_scedilla	just_check_hum	s_to_ş	final_prompt_token_minus_2	48	şt	3199	0.179129958152771	32
just_check_hum_s_to_scedilla	just_check_hum	s_to_ş	final_prompt_token_minus_2	48	şt	24123	0.17872780561447144	33
just_check_hum_s_to_scedilla	just_check_hum	s_to_ş	final_prompt_token_minus_2	48	şt	29537	0.1758163422346115	34
just_check_hum_s_to_scedilla	just_check_hum	s_to_ş	final_prompt_token_minus_2	48	şt	8266	0.17330513894557953	35
just_check_hum_s_to_scedilla	just_check_hum	s_to_ş	final_prompt_token_minus_2	48	şt	27399	0.1730543076992035	36
just_check_hum_s_to_scedilla	just_check_hum	s_to_ş	final_prompt_token_minus_2	48	şt	21421	0.17056936025619507	37
just_check_hum_s_to_scedilla	just_check_hum	s_to_ş	final_prompt_token_minus_2	48	şt	12034	0.16859182715415955	38
just_check_hum_s_to_scedilla	just_check_hum	s_to_ş	final_prompt_token_minus_2	48	şt	13593	0.16832450032234192	39
just_check_hum_s_to_scedilla	just_check_hum	s_to_ş	final_prompt_token_minus_2	48	şt	16607	0.16799487173557281	40
just_check_hum_s_to_scedilla	just_check_hum	s_to_ş	final_prompt_token_minus_2	48	şt	32698	0.16695013642311096	41
just_check_hum_s_to_scedilla	just_check_hum	s_to_ş	final_prompt_token_minus_2	48	şt	5257	0.16592258214950562	42
just_check_hum_s_to_scedilla	just_check_hum	s_to_ş	final_prompt_token_minus_2	48	şt	28867	0.16326621174812317	43
just_check_hum_s_to_scedilla	just_check_hum	s_to_ş	final_prompt_token_minus_2	48	şt	15400	0.16158291697502136	44
just_check_hum_s_to_scedilla	just_check_hum	s_to_ş	final_prompt_token_minus_2	48	şt	28078	0.1595616340637207	45
just_check_hum_s_to_scedilla	just_check_hum	s_to_ş	final_prompt_token_minus_2	48	şt	22051	0.1586870700120926	46
just_check_hum_s_to_scedilla	just_check_hum	s_to_ş	final_prompt_token_minus_2	48	şt	30798	0.15855473279953003	47
just_check_hum_s_to_scedilla	just_check_hum	s_to_ş	final_prompt_token_minus_2	48	şt	25491	0.1554480791091919	48
just_check_hum_s_to_scedilla	just_check_hum	s_to_ş	final_prompt_token_minus_2	48	şt	14553	0.15483807027339935	49
just_check_hum_s_to_scedilla	just_check_hum	s_to_ş	final_prompt_token_minus_2	48	şt	1740	0.1516808569431305	50
just_check_hum_s_to_scedilla	just_check_hum	s_to_ş	final_prompt_token_minus_5	45	now	2938	0.9430325031280518	1
just_check_hum_s_to_scedilla	just_check_hum	s_to_ş	final_prompt_token_minus_5	45	now	5417	0.7738903760910034	2
just_check_hum_s_to_scedilla	just_check_hum	s_to_ş	final_prompt_token_minus_5	45	now	30036	0.7547591328620911	3
just_check_hum_s_to_scedilla	just_check_hum	s_to_ş	final_prompt_token_minus_5	45	now	18527	0.6833875179290771	4
just_check_hum_s_to_scedilla	just_check_hum	s_to_ş	final_prompt_token_minus_5	45	now	14672	0.44283393025398254	5
just_check_hum_s_to_scedilla	just_check_hum	s_to_ş	final_prompt_token_minus_5	45	now	677	0.39999449253082275	6
just_check_hum_s_to_scedilla	just_check_hum	s_to_ş	final_prompt_token_minus_5	45	now	5421	0.3980564773082733	7
just_check_hum_s_to_scedilla	just_check_hum	s_to_ş	final_prompt_token_minus_5	45	now	26684	0.37957069277763367	8
just_check_hum_s_to_scedilla	just_check_hum	s_to_ş	final_prompt_token_minus_5	45	now	18847	0.37442758679389954	9
just_check_hum_s_to_scedilla	just_check_hum	s_to_ş	final_prompt_token_minus_5	45	now	18352	0.37245047092437744	10
just_check_hum_s_to_scedilla	just_check_hum	s_to_ş	final_prompt_token_minus_5	45	now	4715	0.372244268655777	11
just_check_hum_s_to_scedilla	just_check_hum	s_to_ş	final_prompt_token_minus_5	45	now	26407	0.36573755741119385	12
just_check_hum_s_to_scedilla	just_check_hum	s_to_ş	final_prompt_token_minus_5	45	now	7754	0.36208122968673706	13
just_check_hum_s_to_scedilla	just_check_hum	s_to_ş	final_prompt_token_minus_5	45	now	10066	0.35858359932899475	14
just_check_hum_s_to_scedilla	just_check_hum	s_to_ş	final_prompt_token_minus_5	45	now	16661	0.35308343172073364	15
just_check_hum_s_to_scedilla	just_check_hum	s_to_ş	final_prompt_token_minus_5	45	now	805	0.33975839614868164	16
just_check_hum_s_to_scedilla	just_check_hum	s_to_ş	final_prompt_token_minus_5	45	now	1206	0.33453768491744995	17
just_check_hum_s_to_scedilla	just_check_hum	s_to_ş	final_prompt_token_minus_5	45	now	21687	0.3278946280479431	18
just_check_hum_s_to_scedilla	just_check_hum	s_to_ş	final_prompt_token_minus_5	45	now	32417	0.31875136494636536	19
just_check_hum_s_to_scedilla	just_check_hum	s_to_ş	final_prompt_token_minus_5	45	now	2256	0.3170463740825653	20
just_check_hum_s_to_scedilla	just_check_hum	s_to_ş	final_prompt_token_minus_5	45	now	20303	0.31433141231536865	21
just_check_hum_s_to_scedilla	just_check_hum	s_to_ş	final_prompt_token_minus_5	45	now	6069	0.3112785816192627	22
just_check_hum_s_to_scedilla	just_check_hum	s_to_ş	final_prompt_token_minus_5	45	now	16439	0.2928173840045929	23
just_check_hum_s_to_scedilla	just_check_hum	s_to_ş	final_prompt_token_minus_5	45	now	8782	0.2636692523956299	24
just_check_hum_s_to_scedilla	just_check_hum	s_to_ş	final_prompt_token_minus_5	45	now	6478	0.25900453329086304	25
just_check_hum_s_to_scedilla	just_check_hum	s_to_ş	final_prompt_token_minus_5	45	now	12034	0.25724953413009644	26
just_check_hum_s_to_scedilla	just_check_hum	s_to_ş	final_prompt_token_minus_5	45	now	13989	0.23987269401550293	27
just_check_hum_s_to_scedilla	just_check_hum	s_to_ş	final_prompt_token_minus_5	45	now	27282	0.2367890328168869	28
just_check_hum_s_to_scedilla	just_check_hum	s_to_ş	final_prompt_token_minus_5	45	now	2530	0.22701558470726013	29
just_check_hum_s_to_scedilla	just_check_hum	s_to_ş	final_prompt_token_minus_5	45	now	5584	0.2269527167081833	30
just_check_hum_s_to_scedilla	just_check_hum	s_to_ş	final_prompt_token_minus_5	45	now	10146	0.22529610991477966	31
just_check_hum_s_to_scedilla	just_check_hum	s_to_ş	final_prompt_token_minus_5	45	now	2720	0.2232193648815155	32
just_check_hum_s_to_scedilla	just_check_hum	s_to_ş	final_prompt_token_minus_5	45	now	4351	0.22116458415985107	33
just_check_hum_s_to_scedilla	just_check_hum	s_to_ş	final_prompt_token_minus_5	45	now	3361	0.2207072675228119	34
just_check_hum_s_to_scedilla	just_check_hum	s_to_ş	final_prompt_token_minus_5	45	now	6653	0.22026556730270386	35
just_check_hum_s_to_scedilla	just_check_hum	s_to_ş	final_prompt_token_minus_5	45	now	7248	0.21613726019859314	36
just_check_hum_s_to_scedilla	just_check_hum	s_to_ş	final_prompt_token_minus_5	45	now	9860	0.21239513158798218	37
just_check_hum_s_to_scedilla	just_check_hum	s_to_ş	final_prompt_token_minus_5	45	now	18338	0.2110307812690735	38
just_check_hum_s_to_scedilla	just_check_hum	s_to_ş	final_prompt_token_minus_5	45	now	2430	0.2105969786643982	39
just_check_hum_s_to_scedilla	just_check_hum	s_to_ş	final_prompt_token_minus_5	45	now	28170	0.20479229092597961	40
just_check_hum_s_to_scedilla	just_check_hum	s_to_ş	final_prompt_token_minus_5	45	now	31897	0.1996752768754959	41
just_check_hum_s_to_scedilla	just_check_hum	s_to_ş	final_prompt_token_minus_5	45	now	2228	0.19945362210273743	42
just_check_hum_s_to_scedilla	just_check_hum	s_to_ş	final_prompt_token_minus_5	45	now	7982	0.1993035078048706	43
just_check_hum_s_to_scedilla	just_check_hum	s_to_ş	final_prompt_token_minus_5	45	now	22595	0.1975560337305069	44
just_check_hum_s_to_scedilla	just_check_hum	s_to_ş	final_prompt_token_minus_5	45	now	18841	0.19526776671409607	45
just_check_hum_s_to_scedilla	just_check_hum	s_to_ş	final_prompt_token_minus_5	45	now	5903	0.19493745267391205	46
just_check_hum_s_to_scedilla	just_check_hum	s_to_ş	final_prompt_token_minus_5	45	now	12704	0.19388651847839355	47
just_check_hum_s_to_scedilla	just_check_hum	s_to_ş	final_prompt_token_minus_5	45	now	3313	0.19250205159187317	48
just_check_hum_s_to_scedilla	just_check_hum	s_to_ş	final_prompt_token_minus_5	45	now	23711	0.19169165194034576	49
just_check_hum_s_to_scedilla	just_check_hum	s_to_ş	final_prompt_token_minus_5	45	now	704	0.1901450753211975	50
just_check_hum_s_to_scedilla	just_check_hum	s_to_ş	final_prompt_token_minus_10	40	ce	2938	2.1927151679992676	1
just_check_hum_s_to_scedilla	just_check_hum	s_to_ş	final_prompt_token_minus_10	40	ce	23280	0.7847715020179749	2
just_check_hum_s_to_scedilla	just_check_hum	s_to_ş	final_prompt_token_minus_10	40	ce	12068	0.5965098142623901	3
just_check_hum_s_to_scedilla	just_check_hum	s_to_ş	final_prompt_token_minus_10	40	ce	12034	0.466169148683548	4
just_check_hum_s_to_scedilla	just_check_hum	s_to_ş	final_prompt_token_minus_10	40	ce	1408	0.40836668014526367	5
just_check_hum_s_to_scedilla	just_check_hum	s_to_ş	final_prompt_token_minus_10	40	ce	15971	0.40788039565086365	6
just_check_hum_s_to_scedilla	just_check_hum	s_to_ş	final_prompt_token_minus_10	40	ce	19114	0.3538283109664917	7
just_check_hum_s_to_scedilla	just_check_hum	s_to_ş	final_prompt_token_minus_10	40	ce	10859	0.3524015545845032	8
just_check_hum_s_to_scedilla	just_check_hum	s_to_ş	final_prompt_token_minus_10	40	ce	1953	0.35168612003326416	9
just_check_hum_s_to_scedilla	just_check_hum	s_to_ş	final_prompt_token_minus_10	40	ce	14169	0.3342287540435791	10
just_check_hum_s_to_scedilla	just_check_hum	s_to_ş	final_prompt_token_minus_10	40	ce	27311	0.3294009864330292	11
just_check_hum_s_to_scedilla	just_check_hum	s_to_ş	final_prompt_token_minus_10	40	ce	5417	0.3106391727924347	12
just_check_hum_s_to_scedilla	just_check_hum	s_to_ş	final_prompt_token_minus_10	40	ce	2126	0.27715370059013367	13
just_check_hum_s_to_scedilla	just_check_hum	s_to_ş	final_prompt_token_minus_10	40	ce	18651	0.2755420207977295	14
just_check_hum_s_to_scedilla	just_check_hum	s_to_ş	final_prompt_token_minus_10	40	ce	4456	0.2687019109725952	15
just_check_hum_s_to_scedilla	just_check_hum	s_to_ş	final_prompt_token_minus_10	40	ce	31883	0.2651403248310089	16
just_check_hum_s_to_scedilla	just_check_hum	s_to_ş	final_prompt_token_minus_10	40	ce	16727	0.2641283869743347	17
just_check_hum_s_to_scedilla	just_check_hum	s_to_ş	final_prompt_token_minus_10	40	ce	30985	0.2574426829814911	18
just_check_hum_s_to_scedilla	just_check_hum	s_to_ş	final_prompt_token_minus_10	40	ce	7164	0.2496199905872345	19
just_check_hum_s_to_scedilla	just_check_hum	s_to_ş	final_prompt_token_minus_10	40	ce	704	0.24899077415466309	20
just_check_hum_s_to_scedilla	just_check_hum	s_to_ş	final_prompt_token_minus_10	40	ce	27446	0.24676582217216492	21
just_check_hum_s_to_scedilla	just_check_hum	s_to_ş	final_prompt_token_minus_10	40	ce	24748	0.2423989474773407	22
just_check_hum_s_to_scedilla	just_check_hum	s_to_ş	final_prompt_token_minus_10	40	ce	8583	0.2293643206357956	23
just_check_hum_s_to_scedilla	just_check_hum	s_to_ş	final_prompt_token_minus_10	40	ce	31988	0.22507047653198242	24
just_check_hum_s_to_scedilla	just_check_hum	s_to_ş	final_prompt_token_minus_10	40	ce	4793	0.2246941328048706	25
just_check_hum_s_to_scedilla	just_check_hum	s_to_ş	final_prompt_token_minus_10	40	ce	18847	0.21820645034313202	26
just_check_hum_s_to_scedilla	just_check_hum	s_to_ş	final_prompt_token_minus_10	40	ce	2674	0.21719148755073547	27
just_check_hum_s_to_scedilla	just_check_hum	s_to_ş	final_prompt_token_minus_10	40	ce	914	0.2148417979478836	28
just_check_hum_s_to_scedilla	just_check_hum	s_to_ş	final_prompt_token_minus_10	40	ce	23673	0.2134086936712265	29
just_check_hum_s_to_scedilla	just_check_hum	s_to_ş	final_prompt_token_minus_10	40	ce	2182	0.1951388269662857	30
just_check_hum_s_to_scedilla	just_check_hum	s_to_ş	final_prompt_token_minus_10	40	ce	12341	0.1937820017337799	31
just_check_hum_s_to_scedilla	just_check_hum	s_to_ş	final_prompt_token_minus_10	40	ce	8126	0.1935352385044098	32
just_check_hum_s_to_scedilla	just_check_hum	s_to_ş	final_prompt_token_minus_10	40	ce	8373	0.19349342584609985	33
just_check_hum_s_to_scedilla	just_check_hum	s_to_ş	final_prompt_token_minus_10	40	ce	1877	0.18890255689620972	34
just_check_hum_s_to_scedilla	just_check_hum	s_to_ş	final_prompt_token_minus_10	40	ce	9446	0.18164792656898499	35
just_check_hum_s_to_scedilla	just_check_hum	s_to_ş	final_prompt_token_minus_10	40	ce	11581	0.18163228034973145	36
just_check_hum_s_to_scedilla	just_check_hum	s_to_ş	final_prompt_token_minus_10	40	ce	24696	0.17905405163764954	37
just_check_hum_s_to_scedilla	just_check_hum	s_to_ş	final_prompt_token_minus_10	40	ce	16883	0.17904075980186462	38
just_check_hum_s_to_scedilla	just_check_hum	s_to_ş	final_prompt_token_minus_10	40	ce	13188	0.17292732000350952	39
just_check_hum_s_to_scedilla	just_check_hum	s_to_ş	final_prompt_token_minus_10	40	ce	30019	0.17242413759231567	40
just_check_hum_s_to_scedilla	just_check_hum	s_to_ş	final_prompt_token_minus_10	40	ce	15276	0.17154136300086975	41
just_check_hum_s_to_scedilla	just_check_hum	s_to_ş	final_prompt_token_minus_10	40	ce	6738	0.17142724990844727	42
just_check_hum_s_to_scedilla	just_check_hum	s_to_ş	final_prompt_token_minus_10	40	ce	25494	0.1662263572216034	43
just_check_hum_s_to_scedilla	just_check_hum	s_to_ş	final_prompt_token_minus_10	40	ce	471	0.16608598828315735	44
just_check_hum_s_to_scedilla	just_check_hum	s_to_ş	final_prompt_token_minus_10	40	ce	2256	0.1647464632987976	45
just_check_hum_s_to_scedilla	just_check_hum	s_to_ş	final_prompt_token_minus_10	40	ce	10146	0.16375669836997986	46
just_check_hum_s_to_scedilla	just_check_hum	s_to_ş	final_prompt_token_minus_10	40	ce	9884	0.15754620730876923	47
just_check_hum_s_to_scedilla	just_check_hum	s_to_ş	final_prompt_token_minus_10	40	ce	30866	0.15719640254974365	48
just_check_hum_s_to_scedilla	just_check_hum	s_to_ş	final_prompt_token_minus_10	40	ce	25120	0.15705986320972443	49
just_check_hum_s_to_scedilla	just_check_hum	s_to_ş	final_prompt_token_minus_10	40	ce	29089	0.15155762434005737	50
just_check_hum_s_to_sdot	just_check_hum	s_to_ṡ	final_prompt_token	75	.	2938	1.3108410835266113	1
just_check_hum_s_to_sdot	just_check_hum	s_to_ṡ	final_prompt_token	75	.	18937	0.8198862075805664	2
just_check_hum_s_to_sdot	just_check_hum	s_to_ṡ	final_prompt_token	75	.	28713	0.5072187781333923	3
just_check_hum_s_to_sdot	just_check_hum	s_to_ṡ	final_prompt_token	75	.	5417	0.46417883038520813	4
just_check_hum_s_to_sdot	just_check_hum	s_to_ṡ	final_prompt_token	75	.	16439	0.4392431378364563	5
just_check_hum_s_to_sdot	just_check_hum	s_to_ṡ	final_prompt_token	75	.	6194	0.4331195056438446	6
just_check_hum_s_to_sdot	just_check_hum	s_to_ṡ	final_prompt_token	75	.	3241	0.4085889458656311	7
just_check_hum_s_to_sdot	just_check_hum	s_to_ṡ	final_prompt_token	75	.	15076	0.3962622582912445	8
just_check_hum_s_to_sdot	just_check_hum	s_to_ṡ	final_prompt_token	75	.	26684	0.34502971172332764	9
just_check_hum_s_to_sdot	just_check_hum	s_to_ṡ	final_prompt_token	75	.	32698	0.33279985189437866	10
just_check_hum_s_to_sdot	just_check_hum	s_to_ṡ	final_prompt_token	75	.	19389	0.31691375374794006	11
just_check_hum_s_to_sdot	just_check_hum	s_to_ṡ	final_prompt_token	75	.	5257	0.31631866097450256	12
just_check_hum_s_to_sdot	just_check_hum	s_to_ṡ	final_prompt_token	75	.	7163	0.310038298368454	13
just_check_hum_s_to_sdot	just_check_hum	s_to_ṡ	final_prompt_token	75	.	6429	0.30256929993629456	14
just_check_hum_s_to_sdot	just_check_hum	s_to_ṡ	final_prompt_token	75	.	12034	0.26925554871559143	15
just_check_hum_s_to_sdot	just_check_hum	s_to_ṡ	final_prompt_token	75	.	3992	0.2680589556694031	16
just_check_hum_s_to_sdot	just_check_hum	s_to_ṡ	final_prompt_token	75	.	10146	0.26302167773246765	17
just_check_hum_s_to_sdot	just_check_hum	s_to_ṡ	final_prompt_token	75	.	30033	0.2599000334739685	18
just_check_hum_s_to_sdot	just_check_hum	s_to_ṡ	final_prompt_token	75	.	4428	0.2590005397796631	19
just_check_hum_s_to_sdot	just_check_hum	s_to_ṡ	final_prompt_token	75	.	22503	0.2491033971309662	20
just_check_hum_s_to_sdot	just_check_hum	s_to_ṡ	final_prompt_token	75	.	16661	0.23959112167358398	21
just_check_hum_s_to_sdot	just_check_hum	s_to_ṡ	final_prompt_token	75	.	16131	0.23625673353672028	22
just_check_hum_s_to_sdot	just_check_hum	s_to_ṡ	final_prompt_token	75	.	27872	0.23465237021446228	23
just_check_hum_s_to_sdot	just_check_hum	s_to_ṡ	final_prompt_token	75	.	1626	0.2319115698337555	24
just_check_hum_s_to_sdot	just_check_hum	s_to_ṡ	final_prompt_token	75	.	25001	0.23041850328445435	25
just_check_hum_s_to_sdot	just_check_hum	s_to_ṡ	final_prompt_token	75	.	14007	0.22810715436935425	26
just_check_hum_s_to_sdot	just_check_hum	s_to_ṡ	final_prompt_token	75	.	31908	0.2258395254611969	27
just_check_hum_s_to_sdot	just_check_hum	s_to_ṡ	final_prompt_token	75	.	18805	0.21618235111236572	28
just_check_hum_s_to_sdot	just_check_hum	s_to_ṡ	final_prompt_token	75	.	11006	0.20292383432388306	29
just_check_hum_s_to_sdot	just_check_hum	s_to_ṡ	final_prompt_token	75	.	29524	0.20064185559749603	30
just_check_hum_s_to_sdot	just_check_hum	s_to_ṡ	final_prompt_token	75	.	4204	0.19800807535648346	31
just_check_hum_s_to_sdot	just_check_hum	s_to_ṡ	final_prompt_token	75	.	32454	0.19743019342422485	32
just_check_hum_s_to_sdot	just_check_hum	s_to_ṡ	final_prompt_token	75	.	25325	0.19680649042129517	33
just_check_hum_s_to_sdot	just_check_hum	s_to_ṡ	final_prompt_token	75	.	11256	0.19286032021045685	34
just_check_hum_s_to_sdot	just_check_hum	s_to_ṡ	final_prompt_token	75	.	3836	0.19162774085998535	35
just_check_hum_s_to_sdot	just_check_hum	s_to_ṡ	final_prompt_token	75	.	11312	0.19037216901779175	36
just_check_hum_s_to_sdot	just_check_hum	s_to_ṡ	final_prompt_token	75	.	19335	0.18804427981376648	37
just_check_hum_s_to_sdot	just_check_hum	s_to_ṡ	final_prompt_token	75	.	23070	0.18779277801513672	38
just_check_hum_s_to_sdot	just_check_hum	s_to_ṡ	final_prompt_token	75	.	25377	0.18641921877861023	39
just_check_hum_s_to_sdot	just_check_hum	s_to_ṡ	final_prompt_token	75	.	8928	0.18500083684921265	40
just_check_hum_s_to_sdot	just_check_hum	s_to_ṡ	final_prompt_token	75	.	28696	0.18302199244499207	41
just_check_hum_s_to_sdot	just_check_hum	s_to_ṡ	final_prompt_token	75	.	10676	0.17659136652946472	42
just_check_hum_s_to_sdot	just_check_hum	s_to_ṡ	final_prompt_token	75	.	15954	0.17051614820957184	43
just_check_hum_s_to_sdot	just_check_hum	s_to_ṡ	final_prompt_token	75	.	18725	0.16508141160011292	44
just_check_hum_s_to_sdot	just_check_hum	s_to_ṡ	final_prompt_token	75	.	14182	0.16267740726470947	45
just_check_hum_s_to_sdot	just_check_hum	s_to_ṡ	final_prompt_token	75	.	8216	0.16213256120681763	46
just_check_hum_s_to_sdot	just_check_hum	s_to_ṡ	final_prompt_token	75	.	8891	0.16092179715633392	47
just_check_hum_s_to_sdot	just_check_hum	s_to_ṡ	final_prompt_token	75	.	18847	0.16006045043468475	48
just_check_hum_s_to_sdot	just_check_hum	s_to_ṡ	final_prompt_token	75	.	12084	0.15985018014907837	49
just_check_hum_s_to_sdot	just_check_hum	s_to_ṡ	final_prompt_token	75	.	11650	0.15542936325073242	50
just_check_hum_s_to_sdot	just_check_hum	s_to_ṡ	final_prompt_token_minus_1	74	check	799	1.7508375644683838	1
just_check_hum_s_to_sdot	just_check_hum	s_to_ṡ	final_prompt_token_minus_1	74	check	2938	0.8985543251037598	2
just_check_hum_s_to_sdot	just_check_hum	s_to_ṡ	final_prompt_token_minus_1	74	check	16439	0.546942949295044	3
just_check_hum_s_to_sdot	just_check_hum	s_to_ṡ	final_prompt_token_minus_1	74	check	5257	0.5404830574989319	4
just_check_hum_s_to_sdot	just_check_hum	s_to_ṡ	final_prompt_token_minus_1	74	check	5417	0.45421913266181946	5
just_check_hum_s_to_sdot	just_check_hum	s_to_ṡ	final_prompt_token_minus_1	74	check	16661	0.42559319734573364	6
just_check_hum_s_to_sdot	just_check_hum	s_to_ṡ	final_prompt_token_minus_1	74	check	16706	0.3916676342487335	7
just_check_hum_s_to_sdot	just_check_hum	s_to_ṡ	final_prompt_token_minus_1	74	check	29065	0.35871532559394836	8
just_check_hum_s_to_sdot	just_check_hum	s_to_ṡ	final_prompt_token_minus_1	74	check	26684	0.34018149971961975	9
just_check_hum_s_to_sdot	just_check_hum	s_to_ṡ	final_prompt_token_minus_1	74	check	15076	0.3276832699775696	10
just_check_hum_s_to_sdot	just_check_hum	s_to_ṡ	final_prompt_token_minus_1	74	check	25001	0.32230690121650696	11
just_check_hum_s_to_sdot	just_check_hum	s_to_ṡ	final_prompt_token_minus_1	74	check	32454	0.3186168968677521	12
just_check_hum_s_to_sdot	just_check_hum	s_to_ṡ	final_prompt_token_minus_1	74	check	32698	0.30052709579467773	13
just_check_hum_s_to_sdot	just_check_hum	s_to_ṡ	final_prompt_token_minus_1	74	check	19389	0.28880587220191956	14
just_check_hum_s_to_sdot	just_check_hum	s_to_ṡ	final_prompt_token_minus_1	74	check	16475	0.2814635634422302	15
just_check_hum_s_to_sdot	just_check_hum	s_to_ṡ	final_prompt_token_minus_1	74	check	31420	0.2705330550670624	16
just_check_hum_s_to_sdot	just_check_hum	s_to_ṡ	final_prompt_token_minus_1	74	check	8216	0.25636130571365356	17
just_check_hum_s_to_sdot	just_check_hum	s_to_ṡ	final_prompt_token_minus_1	74	check	11256	0.25238242745399475	18
just_check_hum_s_to_sdot	just_check_hum	s_to_ṡ	final_prompt_token_minus_1	74	check	3836	0.24611471593379974	19
just_check_hum_s_to_sdot	just_check_hum	s_to_ṡ	final_prompt_token_minus_1	74	check	10146	0.240025132894516	20
just_check_hum_s_to_sdot	just_check_hum	s_to_ṡ	final_prompt_token_minus_1	74	check	9241	0.20218467712402344	21
just_check_hum_s_to_sdot	just_check_hum	s_to_ṡ	final_prompt_token_minus_1	74	check	6429	0.19935867190361023	22
just_check_hum_s_to_sdot	just_check_hum	s_to_ṡ	final_prompt_token_minus_1	74	check	28392	0.19933806359767914	23
just_check_hum_s_to_sdot	just_check_hum	s_to_ṡ	final_prompt_token_minus_1	74	check	15954	0.1961906999349594	24
just_check_hum_s_to_sdot	just_check_hum	s_to_ṡ	final_prompt_token_minus_1	74	check	14836	0.19400210678577423	25
just_check_hum_s_to_sdot	just_check_hum	s_to_ṡ	final_prompt_token_minus_1	74	check	23224	0.19294895231723785	26
just_check_hum_s_to_sdot	just_check_hum	s_to_ṡ	final_prompt_token_minus_1	74	check	18847	0.19062869250774384	27
just_check_hum_s_to_sdot	just_check_hum	s_to_ṡ	final_prompt_token_minus_1	74	check	20642	0.1902872771024704	28
just_check_hum_s_to_sdot	just_check_hum	s_to_ṡ	final_prompt_token_minus_1	74	check	20722	0.18822699785232544	29
just_check_hum_s_to_sdot	just_check_hum	s_to_ṡ	final_prompt_token_minus_1	74	check	7133	0.1858905553817749	30
just_check_hum_s_to_sdot	just_check_hum	s_to_ṡ	final_prompt_token_minus_1	74	check	25377	0.184528648853302	31
just_check_hum_s_to_sdot	just_check_hum	s_to_ṡ	final_prompt_token_minus_1	74	check	1163	0.18358387053012848	32
just_check_hum_s_to_sdot	just_check_hum	s_to_ṡ	final_prompt_token_minus_1	74	check	22922	0.1830146312713623	33
just_check_hum_s_to_sdot	just_check_hum	s_to_ṡ	final_prompt_token_minus_1	74	check	17	0.17706796526908875	34
just_check_hum_s_to_sdot	just_check_hum	s_to_ṡ	final_prompt_token_minus_1	74	check	17200	0.16869741678237915	35
just_check_hum_s_to_sdot	just_check_hum	s_to_ṡ	final_prompt_token_minus_1	74	check	8891	0.16795262694358826	36
just_check_hum_s_to_sdot	just_check_hum	s_to_ṡ	final_prompt_token_minus_1	74	check	7982	0.165609672665596	37
just_check_hum_s_to_sdot	just_check_hum	s_to_ṡ	final_prompt_token_minus_1	74	check	23070	0.16351935267448425	38
just_check_hum_s_to_sdot	just_check_hum	s_to_ṡ	final_prompt_token_minus_1	74	check	29472	0.16111157834529877	39
just_check_hum_s_to_sdot	just_check_hum	s_to_ṡ	final_prompt_token_minus_1	74	check	8583	0.16095006465911865	40
just_check_hum_s_to_sdot	just_check_hum	s_to_ṡ	final_prompt_token_minus_1	74	check	15484	0.15829336643218994	41
just_check_hum_s_to_sdot	just_check_hum	s_to_ṡ	final_prompt_token_minus_1	74	check	24977	0.15809500217437744	42
just_check_hum_s_to_sdot	just_check_hum	s_to_ṡ	final_prompt_token_minus_1	74	check	4844	0.15635286271572113	43
just_check_hum_s_to_sdot	just_check_hum	s_to_ṡ	final_prompt_token_minus_1	74	check	4715	0.1553441733121872	44
just_check_hum_s_to_sdot	just_check_hum	s_to_ṡ	final_prompt_token_minus_1	74	check	22129	0.15474778413772583	45
just_check_hum_s_to_sdot	just_check_hum	s_to_ṡ	final_prompt_token_minus_1	74	check	12810	0.15358883142471313	46
just_check_hum_s_to_sdot	just_check_hum	s_to_ṡ	final_prompt_token_minus_1	74	check	28431	0.15333664417266846	47
just_check_hum_s_to_sdot	just_check_hum	s_to_ṡ	final_prompt_token_minus_1	74	check	19850	0.15226787328720093	48
just_check_hum_s_to_sdot	just_check_hum	s_to_ṡ	final_prompt_token_minus_1	74	check	24123	0.15224376320838928	49
just_check_hum_s_to_sdot	just_check_hum	s_to_ṡ	final_prompt_token_minus_1	74	check	1659	0.15108856558799744	50
just_check_hum_s_to_sdot	just_check_hum	s_to_ṡ	final_prompt_token_minus_2	73	t	2938	1.4865500926971436	1
just_check_hum_s_to_sdot	just_check_hum	s_to_ṡ	final_prompt_token_minus_2	73	t	28392	1.2763733863830566	2
just_check_hum_s_to_sdot	just_check_hum	s_to_ṡ	final_prompt_token_minus_2	73	t	5257	0.44854360818862915	3
just_check_hum_s_to_sdot	just_check_hum	s_to_ṡ	final_prompt_token_minus_2	73	t	16661	0.414953351020813	4
just_check_hum_s_to_sdot	just_check_hum	s_to_ṡ	final_prompt_token_minus_2	73	t	23673	0.39770442247390747	5
just_check_hum_s_to_sdot	just_check_hum	s_to_ṡ	final_prompt_token_minus_2	73	t	32698	0.37354418635368347	6
just_check_hum_s_to_sdot	just_check_hum	s_to_ṡ	final_prompt_token_minus_2	73	t	12034	0.36370259523391724	7
just_check_hum_s_to_sdot	just_check_hum	s_to_ṡ	final_prompt_token_minus_2	73	t	16439	0.35016703605651855	8
just_check_hum_s_to_sdot	just_check_hum	s_to_ṡ	final_prompt_token_minus_2	73	t	25046	0.3252679705619812	9
just_check_hum_s_to_sdot	just_check_hum	s_to_ṡ	final_prompt_token_minus_2	73	t	5417	0.3032190501689911	10
just_check_hum_s_to_sdot	just_check_hum	s_to_ṡ	final_prompt_token_minus_2	73	t	15954	0.3013904392719269	11
just_check_hum_s_to_sdot	just_check_hum	s_to_ṡ	final_prompt_token_minus_2	73	t	14098	0.2763393521308899	12
just_check_hum_s_to_sdot	just_check_hum	s_to_ṡ	final_prompt_token_minus_2	73	t	1438	0.2632114887237549	13
just_check_hum_s_to_sdot	just_check_hum	s_to_ṡ	final_prompt_token_minus_2	73	t	25077	0.2551494836807251	14
just_check_hum_s_to_sdot	just_check_hum	s_to_ṡ	final_prompt_token_minus_2	73	t	9446	0.2495100200176239	15
just_check_hum_s_to_sdot	just_check_hum	s_to_ṡ	final_prompt_token_minus_2	73	t	1953	0.2387627363204956	16
just_check_hum_s_to_sdot	just_check_hum	s_to_ṡ	final_prompt_token_minus_2	73	t	12130	0.2348703145980835	17
just_check_hum_s_to_sdot	just_check_hum	s_to_ṡ	final_prompt_token_minus_2	73	t	19389	0.23333626985549927	18
just_check_hum_s_to_sdot	just_check_hum	s_to_ṡ	final_prompt_token_minus_2	73	t	23990	0.22166867554187775	19
just_check_hum_s_to_sdot	just_check_hum	s_to_ṡ	final_prompt_token_minus_2	73	t	20971	0.2102908492088318	20
just_check_hum_s_to_sdot	just_check_hum	s_to_ṡ	final_prompt_token_minus_2	73	t	11650	0.20725935697555542	21
just_check_hum_s_to_sdot	just_check_hum	s_to_ṡ	final_prompt_token_minus_2	73	t	26684	0.20095598697662354	22
just_check_hum_s_to_sdot	just_check_hum	s_to_ṡ	final_prompt_token_minus_2	73	t	9991	0.19462019205093384	23
just_check_hum_s_to_sdot	just_check_hum	s_to_ṡ	final_prompt_token_minus_2	73	t	18198	0.1927070915699005	24
just_check_hum_s_to_sdot	just_check_hum	s_to_ṡ	final_prompt_token_minus_2	73	t	22265	0.1808713972568512	25
just_check_hum_s_to_sdot	just_check_hum	s_to_ṡ	final_prompt_token_minus_2	73	t	15076	0.17669610679149628	26
just_check_hum_s_to_sdot	just_check_hum	s_to_ṡ	final_prompt_token_minus_2	73	t	26803	0.17563825845718384	27
just_check_hum_s_to_sdot	just_check_hum	s_to_ṡ	final_prompt_token_minus_2	73	t	6194	0.17346200346946716	28
just_check_hum_s_to_sdot	just_check_hum	s_to_ṡ	final_prompt_token_minus_2	73	t	24123	0.17168940603733063	29
just_check_hum_s_to_sdot	just_check_hum	s_to_ṡ	final_prompt_token_minus_2	73	t	3484	0.1693677008152008	30
just_check_hum_s_to_sdot	just_check_hum	s_to_ṡ	final_prompt_token_minus_2	73	t	20246	0.16904284060001373	31
just_check_hum_s_to_sdot	just_check_hum	s_to_ṡ	final_prompt_token_minus_2	73	t	25001	0.16724376380443573	32
just_check_hum_s_to_sdot	just_check_hum	s_to_ṡ	final_prompt_token_minus_2	73	t	25377	0.16382023692131042	33
just_check_hum_s_to_sdot	just_check_hum	s_to_ṡ	final_prompt_token_minus_2	73	t	5995	0.16103249788284302	34
just_check_hum_s_to_sdot	just_check_hum	s_to_ṡ	final_prompt_token_minus_2	73	t	15971	0.16028547286987305	35
just_check_hum_s_to_sdot	just_check_hum	s_to_ṡ	final_prompt_token_minus_2	73	t	1579	0.15864787995815277	36
just_check_hum_s_to_sdot	just_check_hum	s_to_ṡ	final_prompt_token_minus_2	73	t	27133	0.1563640683889389	37
just_check_hum_s_to_sdot	just_check_hum	s_to_ṡ	final_prompt_token_minus_2	73	t	11499	0.15591004490852356	38
just_check_hum_s_to_sdot	just_check_hum	s_to_ṡ	final_prompt_token_minus_2	73	t	21478	0.15373149514198303	39
just_check_hum_s_to_sdot	just_check_hum	s_to_ṡ	final_prompt_token_minus_2	73	t	22544	0.15304771065711975	40
just_check_hum_s_to_sdot	just_check_hum	s_to_ṡ	final_prompt_token_minus_2	73	t	271	0.14891813695430756	41
just_check_hum_s_to_sdot	just_check_hum	s_to_ṡ	final_prompt_token_minus_2	73	t	13902	0.14839807152748108	42
just_check_hum_s_to_sdot	just_check_hum	s_to_ṡ	final_prompt_token_minus_2	73	t	26407	0.14757105708122253	43
just_check_hum_s_to_sdot	just_check_hum	s_to_ṡ	final_prompt_token_minus_2	73	t	24678	0.14756986498832703	44
just_check_hum_s_to_sdot	just_check_hum	s_to_ṡ	final_prompt_token_minus_2	73	t	15084	0.1460759937763214	45
just_check_hum_s_to_sdot	just_check_hum	s_to_ṡ	final_prompt_token_minus_2	73	t	21693	0.14547494053840637	46
just_check_hum_s_to_sdot	just_check_hum	s_to_ṡ	final_prompt_token_minus_2	73	t	22932	0.1405460238456726	47
just_check_hum_s_to_sdot	just_check_hum	s_to_ṡ	final_prompt_token_minus_2	73	t	22503	0.14039094746112823	48
just_check_hum_s_to_sdot	just_check_hum	s_to_ṡ	final_prompt_token_minus_2	73	t	9467	0.1370263695716858	49
just_check_hum_s_to_sdot	just_check_hum	s_to_ṡ	final_prompt_token_minus_2	73	t	32680	0.13692396879196167	50
just_check_hum_s_to_sdot	just_check_hum	s_to_ṡ	final_prompt_token_minus_5	70	�	2938	2.617708206176758	1
just_check_hum_s_to_sdot	just_check_hum	s_to_ṡ	final_prompt_token_minus_5	70	�	16612	0.7728206515312195	2
just_check_hum_s_to_sdot	just_check_hum	s_to_ṡ	final_prompt_token_minus_5	70	�	17023	0.6134820580482483	3
just_check_hum_s_to_sdot	just_check_hum	s_to_ṡ	final_prompt_token_minus_5	70	�	2355	0.5977534055709839	4
just_check_hum_s_to_sdot	just_check_hum	s_to_ṡ	final_prompt_token_minus_5	70	�	11038	0.5549581050872803	5
just_check_hum_s_to_sdot	just_check_hum	s_to_ṡ	final_prompt_token_minus_5	70	�	25141	0.537822961807251	6
just_check_hum_s_to_sdot	just_check_hum	s_to_ṡ	final_prompt_token_minus_5	70	�	22935	0.5203640460968018	7
just_check_hum_s_to_sdot	just_check_hum	s_to_ṡ	final_prompt_token_minus_5	70	�	27446	0.5014054775238037	8
just_check_hum_s_to_sdot	just_check_hum	s_to_ṡ	final_prompt_token_minus_5	70	�	28078	0.43470820784568787	9
just_check_hum_s_to_sdot	just_check_hum	s_to_ṡ	final_prompt_token_minus_5	70	�	7164	0.4015721380710602	10
just_check_hum_s_to_sdot	just_check_hum	s_to_ṡ	final_prompt_token_minus_5	70	�	12068	0.36865681409835815	11
just_check_hum_s_to_sdot	just_check_hum	s_to_ṡ	final_prompt_token_minus_5	70	�	12013	0.3432597219944	12
just_check_hum_s_to_sdot	just_check_hum	s_to_ṡ	final_prompt_token_minus_5	70	�	29711	0.3319742679595947	13
just_check_hum_s_to_sdot	just_check_hum	s_to_ṡ	final_prompt_token_minus_5	70	�	25724	0.3305228054523468	14
just_check_hum_s_to_sdot	just_check_hum	s_to_ṡ	final_prompt_token_minus_5	70	�	30015	0.32462647557258606	15
just_check_hum_s_to_sdot	just_check_hum	s_to_ṡ	final_prompt_token_minus_5	70	�	6720	0.3185635805130005	16
just_check_hum_s_to_sdot	just_check_hum	s_to_ṡ	final_prompt_token_minus_5	70	�	6572	0.31744328141212463	17
just_check_hum_s_to_sdot	just_check_hum	s_to_ṡ	final_prompt_token_minus_5	70	�	16287	0.2748350501060486	18
just_check_hum_s_to_sdot	just_check_hum	s_to_ṡ	final_prompt_token_minus_5	70	�	17586	0.27401411533355713	19
just_check_hum_s_to_sdot	just_check_hum	s_to_ṡ	final_prompt_token_minus_5	70	�	30733	0.256653755903244	20
just_check_hum_s_to_sdot	just_check_hum	s_to_ṡ	final_prompt_token_minus_5	70	�	19083	0.2535058557987213	21
just_check_hum_s_to_sdot	just_check_hum	s_to_ṡ	final_prompt_token_minus_5	70	�	32294	0.22990816831588745	22
just_check_hum_s_to_sdot	just_check_hum	s_to_ṡ	final_prompt_token_minus_5	70	�	23122	0.2296980768442154	23
just_check_hum_s_to_sdot	just_check_hum	s_to_ṡ	final_prompt_token_minus_5	70	�	4456	0.22863495349884033	24
just_check_hum_s_to_sdot	just_check_hum	s_to_ṡ	final_prompt_token_minus_5	70	�	22822	0.2250588834285736	25
just_check_hum_s_to_sdot	just_check_hum	s_to_ṡ	final_prompt_token_minus_5	70	�	7728	0.22502759099006653	26
just_check_hum_s_to_sdot	just_check_hum	s_to_ṡ	final_prompt_token_minus_5	70	�	220	0.20970521867275238	27
just_check_hum_s_to_sdot	just_check_hum	s_to_ṡ	final_prompt_token_minus_5	70	�	16958	0.20791231095790863	28
just_check_hum_s_to_sdot	just_check_hum	s_to_ṡ	final_prompt_token_minus_5	70	�	17551	0.2076939046382904	29
just_check_hum_s_to_sdot	just_check_hum	s_to_ṡ	final_prompt_token_minus_5	70	�	15696	0.20338213443756104	30
just_check_hum_s_to_sdot	just_check_hum	s_to_ṡ	final_prompt_token_minus_5	70	�	1953	0.202202707529068	31
just_check_hum_s_to_sdot	just_check_hum	s_to_ṡ	final_prompt_token_minus_5	70	�	23422	0.20102858543395996	32
just_check_hum_s_to_sdot	just_check_hum	s_to_ṡ	final_prompt_token_minus_5	70	�	24825	0.19982272386550903	33
just_check_hum_s_to_sdot	just_check_hum	s_to_ṡ	final_prompt_token_minus_5	70	�	8437	0.1985785812139511	34
just_check_hum_s_to_sdot	just_check_hum	s_to_ṡ	final_prompt_token_minus_5	70	�	15882	0.19822368025779724	35
just_check_hum_s_to_sdot	just_check_hum	s_to_ṡ	final_prompt_token_minus_5	70	�	2555	0.19704407453536987	36
just_check_hum_s_to_sdot	just_check_hum	s_to_ṡ	final_prompt_token_minus_5	70	�	13564	0.19699840247631073	37
just_check_hum_s_to_sdot	just_check_hum	s_to_ṡ	final_prompt_token_minus_5	70	�	30191	0.19432631134986877	38
just_check_hum_s_to_sdot	just_check_hum	s_to_ṡ	final_prompt_token_minus_5	70	�	10570	0.19162911176681519	39
just_check_hum_s_to_sdot	just_check_hum	s_to_ṡ	final_prompt_token_minus_5	70	�	24748	0.18921631574630737	40
just_check_hum_s_to_sdot	just_check_hum	s_to_ṡ	final_prompt_token_minus_5	70	�	10610	0.18641254305839539	41
just_check_hum_s_to_sdot	just_check_hum	s_to_ṡ	final_prompt_token_minus_5	70	�	15136	0.1849253624677658	42
just_check_hum_s_to_sdot	just_check_hum	s_to_ṡ	final_prompt_token_minus_5	70	�	17538	0.18129491806030273	43
just_check_hum_s_to_sdot	just_check_hum	s_to_ṡ	final_prompt_token_minus_5	70	�	9446	0.18116165697574615	44
just_check_hum_s_to_sdot	just_check_hum	s_to_ṡ	final_prompt_token_minus_5	70	�	25161	0.17978760600090027	45
just_check_hum_s_to_sdot	just_check_hum	s_to_ṡ	final_prompt_token_minus_5	70	�	29537	0.17388233542442322	46
just_check_hum_s_to_sdot	just_check_hum	s_to_ṡ	final_prompt_token_minus_5	70	�	8723	0.17154908180236816	47
just_check_hum_s_to_sdot	just_check_hum	s_to_ṡ	final_prompt_token_minus_5	70	�	15605	0.16957050561904907	48
just_check_hum_s_to_sdot	just_check_hum	s_to_ṡ	final_prompt_token_minus_5	70	�	9974	0.1682662069797516	49
just_check_hum_s_to_sdot	just_check_hum	s_to_ṡ	final_prompt_token_minus_5	70	�	9467	0.167745441198349	50
just_check_hum_s_to_sdot	just_check_hum	s_to_ṡ	final_prompt_token_minus_10	65	ing	7380	0.9378358721733093	1
just_check_hum_s_to_sdot	just_check_hum	s_to_ṡ	final_prompt_token_minus_10	65	ing	12700	0.807515561580658	2
just_check_hum_s_to_sdot	just_check_hum	s_to_ṡ	final_prompt_token_minus_10	65	ing	16661	0.764468789100647	3
just_check_hum_s_to_sdot	just_check_hum	s_to_ṡ	final_prompt_token_minus_10	65	ing	2938	0.629387378692627	4
just_check_hum_s_to_sdot	just_check_hum	s_to_ṡ	final_prompt_token_minus_10	65	ing	22595	0.5016367435455322	5
just_check_hum_s_to_sdot	just_check_hum	s_to_ṡ	final_prompt_token_minus_10	65	ing	29577	0.4491245746612549	6
just_check_hum_s_to_sdot	just_check_hum	s_to_ṡ	final_prompt_token_minus_10	65	ing	5417	0.4370809495449066	7
just_check_hum_s_to_sdot	just_check_hum	s_to_ṡ	final_prompt_token_minus_10	65	ing	13989	0.40811675786972046	8
just_check_hum_s_to_sdot	just_check_hum	s_to_ṡ	final_prompt_token_minus_10	65	ing	6738	0.4048008918762207	9
just_check_hum_s_to_sdot	just_check_hum	s_to_ṡ	final_prompt_token_minus_10	65	ing	23673	0.365917444229126	10
just_check_hum_s_to_sdot	just_check_hum	s_to_ṡ	final_prompt_token_minus_10	65	ing	2256	0.3567200005054474	11
just_check_hum_s_to_sdot	just_check_hum	s_to_ṡ	final_prompt_token_minus_10	65	ing	12034	0.3371913731098175	12
just_check_hum_s_to_sdot	just_check_hum	s_to_ṡ	final_prompt_token_minus_10	65	ing	5333	0.33466869592666626	13
just_check_hum_s_to_sdot	just_check_hum	s_to_ṡ	final_prompt_token_minus_10	65	ing	18847	0.3168097734451294	14
just_check_hum_s_to_sdot	just_check_hum	s_to_ṡ	final_prompt_token_minus_10	65	ing	30729	0.316212922334671	15
just_check_hum_s_to_sdot	just_check_hum	s_to_ṡ	final_prompt_token_minus_10	65	ing	15276	0.309217631816864	16
just_check_hum_s_to_sdot	just_check_hum	s_to_ṡ	final_prompt_token_minus_10	65	ing	18651	0.30450695753097534	17
just_check_hum_s_to_sdot	just_check_hum	s_to_ṡ	final_prompt_token_minus_10	65	ing	24455	0.29996538162231445	18
just_check_hum_s_to_sdot	just_check_hum	s_to_ṡ	final_prompt_token_minus_10	65	ing	4769	0.2960134446620941	19
just_check_hum_s_to_sdot	just_check_hum	s_to_ṡ	final_prompt_token_minus_10	65	ing	8569	0.29306966066360474	20
just_check_hum_s_to_sdot	just_check_hum	s_to_ṡ	final_prompt_token_minus_10	65	ing	28270	0.28993719816207886	21
just_check_hum_s_to_sdot	just_check_hum	s_to_ṡ	final_prompt_token_minus_10	65	ing	5421	0.2877601683139801	22
just_check_hum_s_to_sdot	just_check_hum	s_to_ṡ	final_prompt_token_minus_10	65	ing	704	0.287443071603775	23
just_check_hum_s_to_sdot	just_check_hum	s_to_ṡ	final_prompt_token_minus_10	65	ing	24589	0.28323793411254883	24
just_check_hum_s_to_sdot	just_check_hum	s_to_ṡ	final_prompt_token_minus_10	65	ing	15125	0.27893662452697754	25
just_check_hum_s_to_sdot	just_check_hum	s_to_ṡ	final_prompt_token_minus_10	65	ing	8583	0.27822622656822205	26
just_check_hum_s_to_sdot	just_check_hum	s_to_ṡ	final_prompt_token_minus_10	65	ing	12805	0.27371156215667725	27
just_check_hum_s_to_sdot	just_check_hum	s_to_ṡ	final_prompt_token_minus_10	65	ing	19668	0.27157798409461975	28
just_check_hum_s_to_sdot	just_check_hum	s_to_ṡ	final_prompt_token_minus_10	65	ing	17623	0.27118584513664246	29
just_check_hum_s_to_sdot	just_check_hum	s_to_ṡ	final_prompt_token_minus_10	65	ing	26684	0.2639579176902771	30
just_check_hum_s_to_sdot	just_check_hum	s_to_ṡ	final_prompt_token_minus_10	65	ing	28618	0.25640812516212463	31
just_check_hum_s_to_sdot	just_check_hum	s_to_ṡ	final_prompt_token_minus_10	65	ing	18841	0.256352037191391	32
just_check_hum_s_to_sdot	just_check_hum	s_to_ṡ	final_prompt_token_minus_10	65	ing	14326	0.236859530210495	33
just_check_hum_s_to_sdot	just_check_hum	s_to_ṡ	final_prompt_token_minus_10	65	ing	32692	0.22884587943553925	34
just_check_hum_s_to_sdot	just_check_hum	s_to_ṡ	final_prompt_token_minus_10	65	ing	914	0.22810977697372437	35
just_check_hum_s_to_sdot	just_check_hum	s_to_ṡ	final_prompt_token_minus_10	65	ing	27438	0.22734104096889496	36
just_check_hum_s_to_sdot	just_check_hum	s_to_ṡ	final_prompt_token_minus_10	65	ing	26407	0.21775230765342712	37
just_check_hum_s_to_sdot	just_check_hum	s_to_ṡ	final_prompt_token_minus_10	65	ing	11147	0.21727746725082397	38
just_check_hum_s_to_sdot	just_check_hum	s_to_ṡ	final_prompt_token_minus_10	65	ing	29131	0.21702903509140015	39
just_check_hum_s_to_sdot	just_check_hum	s_to_ṡ	final_prompt_token_minus_10	65	ing	12281	0.21491384506225586	40
just_check_hum_s_to_sdot	just_check_hum	s_to_ṡ	final_prompt_token_minus_10	65	ing	271	0.2141905128955841	41
just_check_hum_s_to_sdot	just_check_hum	s_to_ṡ	final_prompt_token_minus_10	65	ing	9178	0.21044616401195526	42
just_check_hum_s_to_sdot	just_check_hum	s_to_ṡ	final_prompt_token_minus_10	65	ing	14042	0.2099633514881134	43
just_check_hum_s_to_sdot	just_check_hum	s_to_ṡ	final_prompt_token_minus_10	65	ing	13437	0.20296251773834229	44
just_check_hum_s_to_sdot	just_check_hum	s_to_ṡ	final_prompt_token_minus_10	65	ing	23704	0.20288068056106567	45
just_check_hum_s_to_sdot	just_check_hum	s_to_ṡ	final_prompt_token_minus_10	65	ing	9600	0.20239970088005066	46
just_check_hum_s_to_sdot	just_check_hum	s_to_ṡ	final_prompt_token_minus_10	65	ing	1953	0.20143818855285645	47
just_check_hum_s_to_sdot	just_check_hum	s_to_ṡ	final_prompt_token_minus_10	65	ing	14169	0.20118378102779388	48
just_check_hum_s_to_sdot	just_check_hum	s_to_ṡ	final_prompt_token_minus_10	65	ing	19185	0.19988925755023956	49
just_check_hum_s_to_sdot	just_check_hum	s_to_ṡ	final_prompt_token_minus_10	65	ing	3313	0.19757184386253357	50
