recurrence_rank_within_layer	layer	feature_id	prompt_family_count	prompt_families	perturbation_type_count	perturbation_types	prompt_count	prompt_position_count	mean_activation	max_activation	median_rank	best_rank
1	14	2961	5	just_check_hum,original_hum,paraphrase_hum,removed_sentence_hum,yes_no_hum	6	ascii_original,d_to_ḑ,e_to_ē,random_readable_unicode_control,s_to_ş,s_to_ṡ	30	147	0.8801528904713741	1.7861604690551758	1.0	1
2	14	20557	5	just_check_hum,original_hum,paraphrase_hum,removed_sentence_hum,yes_no_hum	6	ascii_original,d_to_ḑ,e_to_ē,random_readable_unicode_control,s_to_ş,s_to_ṡ	30	145	0.26635150775827204	0.5428465008735657	8.0	2
3	14	6429	5	just_check_hum,original_hum,paraphrase_hum,removed_sentence_hum,yes_no_hum	6	ascii_original,d_to_ḑ,e_to_ē,random_readable_unicode_control,s_to_ş,s_to_ṡ	30	116	0.24699858601750996	0.6032050848007202	7.5	3
4	14	13119	5	just_check_hum,original_hum,paraphrase_hum,removed_sentence_hum,yes_no_hum	6	ascii_original,d_to_ḑ,e_to_ē,random_readable_unicode_control,s_to_ş,s_to_ṡ	30	67	0.14891592635592416	0.3059583306312561	27.0	5
5	14	3830	5	just_check_hum,original_hum,paraphrase_hum,removed_sentence_hum,yes_no_hum	6	ascii_original,d_to_ḑ,e_to_ē,random_readable_unicode_control,s_to_ş,s_to_ṡ	30	41	0.4584048394022918	0.5904322862625122	2.0	1
6	14	2176	5	just_check_hum,original_hum,paraphrase_hum,removed_sentence_hum,yes_no_hum	6	ascii_original,d_to_ḑ,e_to_ē,random_readable_unicode_control,s_to_ş,s_to_ṡ	29	38	0.1701079169778447	0.2479627132415771	13.5	5
7	14	1168	5	just_check_hum,original_hum,paraphrase_hum,removed_sentence_hum,yes_no_hum	6	ascii_original,d_to_ḑ,e_to_ē,random_readable_unicode_control,s_to_ş,s_to_ṡ	28	40	0.17891741208732123	0.2576726377010345	12.0	6
8	14	17656	5	just_check_hum,original_hum,paraphrase_hum,removed_sentence_hum,yes_no_hum	6	ascii_original,d_to_ḑ,e_to_ē,random_readable_unicode_control,s_to_ş,s_to_ṡ	27	65	0.18491283804178232	0.4021148979663849	22.0	4
9	14	20681	5	just_check_hum,original_hum,paraphrase_hum,removed_sentence_hum,yes_no_hum	6	ascii_original,d_to_ḑ,e_to_ē,random_readable_unicode_control,s_to_ş,s_to_ṡ	27	64	0.13966466858983034	0.2362448275089264	28.0	8
10	14	15605	5	just_check_hum,original_hum,paraphrase_hum,removed_sentence_hum,yes_no_hum	6	ascii_original,d_to_ḑ,e_to_ē,random_readable_unicode_control,s_to_ş,s_to_ṡ	26	60	0.15007910840213293	0.2683206498622894	21.0	3
11	14	10976	5	just_check_hum,original_hum,paraphrase_hum,removed_sentence_hum,yes_no_hum	6	ascii_original,d_to_ḑ,e_to_ē,random_readable_unicode_control,s_to_ş,s_to_ṡ	26	37	0.16918709390872227	0.2634809017181396	18.0	8
12	14	16382	5	just_check_hum,original_hum,paraphrase_hum,removed_sentence_hum,yes_no_hum	6	ascii_original,d_to_ḑ,e_to_ē,random_readable_unicode_control,s_to_ş,s_to_ṡ	26	33	0.2102257990927407	0.3097536265850067	9.0	3
13	14	4953	5	just_check_hum,original_hum,paraphrase_hum,removed_sentence_hum,yes_no_hum	6	ascii_original,d_to_ḑ,e_to_ē,random_readable_unicode_control,s_to_ş,s_to_ṡ	25	58	0.16207985348742582	0.2882729172706604	17.0	6
14	14	438	5	just_check_hum,original_hum,paraphrase_hum,removed_sentence_hum,yes_no_hum	6	ascii_original,d_to_ḑ,e_to_ē,random_readable_unicode_control,s_to_ş,s_to_ṡ	25	46	0.18067469609820322	0.4100962281227112	15.0	4
15	14	26237	5	just_check_hum,original_hum,paraphrase_hum,removed_sentence_hum,yes_no_hum	6	ascii_original,d_to_ḑ,e_to_ē,random_readable_unicode_control,s_to_ş,s_to_ṡ	25	36	0.1496394268340534	0.2372945994138717	24.0	6
16	14	13029	5	just_check_hum,original_hum,paraphrase_hum,removed_sentence_hum,yes_no_hum	6	ascii_original,d_to_ḑ,e_to_ē,random_readable_unicode_control,s_to_ş,s_to_ṡ	24	41	0.12056864361937449	0.1531455218791961	35.0	20
17	14	31733	5	just_check_hum,original_hum,paraphrase_hum,removed_sentence_hum,yes_no_hum	6	ascii_original,d_to_ḑ,e_to_ē,random_readable_unicode_control,s_to_ş,s_to_ṡ	24	40	0.20866808798164124	0.5770811438560486	23.0	1
18	14	15006	5	just_check_hum,original_hum,paraphrase_hum,removed_sentence_hum,yes_no_hum	6	ascii_original,d_to_ḑ,e_to_ē,random_readable_unicode_control,s_to_ş,s_to_ṡ	24	37	0.11480594567350437	0.1616011410951614	38.0	20
19	14	2722	5	just_check_hum,original_hum,paraphrase_hum,removed_sentence_hum,yes_no_hum	6	ascii_original,d_to_ḑ,e_to_ē,random_readable_unicode_control,s_to_ş,s_to_ṡ	24	25	0.13473650783300395	0.1807630509138107	28.0	12
20	14	12817	5	just_check_hum,original_hum,paraphrase_hum,removed_sentence_hum,yes_no_hum	5	ascii_original,d_to_ḑ,e_to_ē,random_readable_unicode_control,s_to_ṡ	22	36	0.14011202856070462	0.2796841263771057	31.5	5
21	14	17275	5	just_check_hum,original_hum,paraphrase_hum,removed_sentence_hum,yes_no_hum	6	ascii_original,d_to_ḑ,e_to_ē,random_readable_unicode_control,s_to_ş,s_to_ṡ	22	30	0.14853441019852953	0.2731016278266907	32.0	5
22	14	11464	5	just_check_hum,original_hum,paraphrase_hum,removed_sentence_hum,yes_no_hum	6	ascii_original,d_to_ḑ,e_to_ē,random_readable_unicode_control,s_to_ş,s_to_ṡ	22	26	0.15056167113093225	0.2076724022626876	18.0	9
23	14	12000	5	just_check_hum,original_hum,paraphrase_hum,removed_sentence_hum,yes_no_hum	6	ascii_original,d_to_ḑ,e_to_ē,random_readable_unicode_control,s_to_ş,s_to_ṡ	21	32	0.14475262071937317	0.2281472235918045	26.0	8
24	14	20064	5	just_check_hum,original_hum,paraphrase_hum,removed_sentence_hum,yes_no_hum	6	ascii_original,d_to_ḑ,e_to_ē,random_readable_unicode_control,s_to_ş,s_to_ṡ	21	27	0.19253928103932624	0.5384080410003662	18.0	2
25	14	11914	5	just_check_hum,original_hum,paraphrase_hum,removed_sentence_hum,yes_no_hum	6	ascii_original,d_to_ḑ,e_to_ē,random_readable_unicode_control,s_to_ş,s_to_ṡ	21	24	0.2477880992616216	0.4436863958835602	10.0	1
26	14	10804	5	just_check_hum,original_hum,paraphrase_hum,removed_sentence_hum,yes_no_hum	6	ascii_original,d_to_ḑ,e_to_ē,random_readable_unicode_control,s_to_ş,s_to_ṡ	20	40	0.18321406580507751	0.3854438066482544	17.0	4
27	14	8356	5	just_check_hum,original_hum,paraphrase_hum,removed_sentence_hum,yes_no_hum	6	ascii_original,d_to_ḑ,e_to_ē,random_readable_unicode_control,s_to_ş,s_to_ṡ	20	36	0.13281719552146062	0.2099347859621048	28.5	8
28	14	26501	5	just_check_hum,original_hum,paraphrase_hum,removed_sentence_hum,yes_no_hum	6	ascii_original,d_to_ḑ,e_to_ē,random_readable_unicode_control,s_to_ş,s_to_ṡ	20	31	0.1341335823939692	0.2093118727207183	32.0	17
29	14	2328	5	just_check_hum,original_hum,paraphrase_hum,removed_sentence_hum,yes_no_hum	5	ascii_original,d_to_ḑ,e_to_ē,random_readable_unicode_control,s_to_ş	20	28	0.2536081746220588	0.4752592146396637	9.0	3
30	14	4620	5	just_check_hum,original_hum,paraphrase_hum,removed_sentence_hum,yes_no_hum	6	ascii_original,d_to_ḑ,e_to_ē,random_readable_unicode_control,s_to_ş,s_to_ṡ	20	26	0.1470251596317841	0.2440565824508667	24.0	9
31	14	9030	5	just_check_hum,original_hum,paraphrase_hum,removed_sentence_hum,yes_no_hum	6	ascii_original,d_to_ḑ,e_to_ē,random_readable_unicode_control,s_to_ş,s_to_ṡ	20	23	0.13727224780165628	0.1985133588314056	28.0	10
32	14	18895	5	just_check_hum,original_hum,paraphrase_hum,removed_sentence_hum,yes_no_hum	6	ascii_original,d_to_ḑ,e_to_ē,random_readable_unicode_control,s_to_ş,s_to_ṡ	20	20	0.1382350206375122	0.1904362142086029	27.5	11
33	14	20402	5	just_check_hum,original_hum,paraphrase_hum,removed_sentence_hum,yes_no_hum	6	ascii_original,d_to_ḑ,e_to_ē,random_readable_unicode_control,s_to_ş,s_to_ṡ	19	34	0.14964090725954837	0.253535658121109	23.0	6
34	14	23364	5	just_check_hum,original_hum,paraphrase_hum,removed_sentence_hum,yes_no_hum	6	ascii_original,d_to_ḑ,e_to_ē,random_readable_unicode_control,s_to_ş,s_to_ṡ	19	23	0.14818835971148114	0.1784171611070633	25.0	15
35	14	6681	5	just_check_hum,original_hum,paraphrase_hum,removed_sentence_hum,yes_no_hum	4	e_to_ē,random_readable_unicode_control,s_to_ş,s_to_ṡ	18	45	0.2974612780743175	1.0297880172729492	10.0	2
36	14	32427	5	just_check_hum,original_hum,paraphrase_hum,removed_sentence_hum,yes_no_hum	4	e_to_ē,random_readable_unicode_control,s_to_ş,s_to_ṡ	18	34	0.223920594462577	0.4678908586502075	12.0	3
37	14	25164	5	just_check_hum,original_hum,paraphrase_hum,removed_sentence_hum,yes_no_hum	6	ascii_original,d_to_ḑ,e_to_ē,random_readable_unicode_control,s_to_ş,s_to_ṡ	18	32	0.17002262966707346	0.2765263020992279	17.5	8
38	14	15501	5	just_check_hum,original_hum,paraphrase_hum,removed_sentence_hum,yes_no_hum	4	e_to_ē,random_readable_unicode_control,s_to_ş,s_to_ṡ	17	28	0.1900103874504566	0.294637382030487	15.0	6
39	14	18609	5	just_check_hum,original_hum,paraphrase_hum,removed_sentence_hum,yes_no_hum	5	d_to_ḑ,e_to_ē,random_readable_unicode_control,s_to_ş,s_to_ṡ	17	19	0.10966317669341434	0.1381373852491378	40.0	19
40	14	1814	5	just_check_hum,original_hum,paraphrase_hum,removed_sentence_hum,yes_no_hum	6	ascii_original,d_to_ḑ,e_to_ē,random_readable_unicode_control,s_to_ş,s_to_ṡ	17	18	0.12979372425211796	0.1913615316152572	34.0	13
41	14	22078	5	just_check_hum,original_hum,paraphrase_hum,removed_sentence_hum,yes_no_hum	4	e_to_ē,random_readable_unicode_control,s_to_ş,s_to_ṡ	16	18	0.397868146498998	0.7007755041122437	3.0	2
42	14	28536	5	just_check_hum,original_hum,paraphrase_hum,removed_sentence_hum,yes_no_hum	6	ascii_original,d_to_ḑ,e_to_ē,random_readable_unicode_control,s_to_ş,s_to_ṡ	16	17	0.145542582606568	0.2379795014858245	24.0	10
43	14	5156	5	just_check_hum,original_hum,paraphrase_hum,removed_sentence_hum,yes_no_hum	6	ascii_original,d_to_ḑ,e_to_ē,random_readable_unicode_control,s_to_ş,s_to_ṡ	15	21	0.19903348386287684	0.3612599074840545	18.0	5
44	14	23427	5	just_check_hum,original_hum,paraphrase_hum,removed_sentence_hum,yes_no_hum	6	ascii_original,d_to_ḑ,e_to_ē,random_readable_unicode_control,s_to_ş,s_to_ṡ	15	20	0.13176773674786085	0.1959539949893951	29.0	10
45	14	31706	5	just_check_hum,original_hum,paraphrase_hum,removed_sentence_hum,yes_no_hum	6	ascii_original,d_to_ḑ,e_to_ē,random_readable_unicode_control,s_to_ş,s_to_ṡ	15	17	0.2576637763310881	0.5415239334106445	8.0	2
46	14	24694	5	just_check_hum,original_hum,paraphrase_hum,removed_sentence_hum,yes_no_hum	6	ascii_original,d_to_ḑ,e_to_ē,random_readable_unicode_control,s_to_ş,s_to_ṡ	15	16	0.24185536243021485	0.534130871295929	19.5	7
47	14	15527	5	just_check_hum,original_hum,paraphrase_hum,removed_sentence_hum,yes_no_hum	5	ascii_original,d_to_ḑ,e_to_ē,random_readable_unicode_control,s_to_ṡ	15	15	0.13127387861410775	0.1769786775112152	22.0	14
48	14	32183	5	just_check_hum,original_hum,paraphrase_hum,removed_sentence_hum,yes_no_hum	4	e_to_ē,random_readable_unicode_control,s_to_ş,s_to_ṡ	14	19	0.18951558243287234	0.4555315673351288	30.0	6
49	14	4170	5	just_check_hum,original_hum,paraphrase_hum,removed_sentence_hum,yes_no_hum	4	d_to_ḑ,e_to_ē,s_to_ş,s_to_ṡ	14	19	0.15919496158235946	0.2497110962867736	25.0	6
50	14	21393	5	just_check_hum,original_hum,paraphrase_hum,removed_sentence_hum,yes_no_hum	6	ascii_original,d_to_ḑ,e_to_ē,random_readable_unicode_control,s_to_ş,s_to_ṡ	14	16	0.13253132253885266	0.1872932612895965	28.0	16
51	14	31758	5	just_check_hum,original_hum,paraphrase_hum,removed_sentence_hum,yes_no_hum	4	e_to_ē,random_readable_unicode_control,s_to_ş,s_to_ṡ	14	15	0.1465180436770121	0.2876268327236175	31.0	4
52	14	7175	5	just_check_hum,original_hum,paraphrase_hum,removed_sentence_hum,yes_no_hum	6	ascii_original,d_to_ḑ,e_to_ē,random_readable_unicode_control,s_to_ş,s_to_ṡ	14	14	0.23671491018363405	0.3451053500175476	11.0	4
53	14	22234	5	just_check_hum,original_hum,paraphrase_hum,removed_sentence_hum,yes_no_hum	5	ascii_original,d_to_ḑ,e_to_ē,random_readable_unicode_control,s_to_ş	14	14	0.19910946914127892	0.3400240242481231	16.5	8
54	14	20529	5	just_check_hum,original_hum,paraphrase_hum,removed_sentence_hum,yes_no_hum	6	ascii_original,d_to_ḑ,e_to_ē,random_readable_unicode_control,s_to_ş,s_to_ṡ	14	14	0.1691778515066419	0.209828719496727	28.5	16
55	14	18915	5	just_check_hum,original_hum,paraphrase_hum,removed_sentence_hum,yes_no_hum	5	ascii_original,d_to_ḑ,e_to_ē,s_to_ş,s_to_ṡ	13	20	0.14989192411303515	0.2595068514347076	28.5	12
56	14	17384	5	just_check_hum,original_hum,paraphrase_hum,removed_sentence_hum,yes_no_hum	4	ascii_original,d_to_ḑ,e_to_ē,random_readable_unicode_control	12	14	0.12741065131766452	0.1697787344455719	32.5	21
57	14	1949	5	just_check_hum,original_hum,paraphrase_hum,removed_sentence_hum,yes_no_hum	5	d_to_ḑ,e_to_ē,random_readable_unicode_control,s_to_ş,s_to_ṡ	12	13	0.28204715366546923	0.5065847039222717	9.0	4
58	14	22725	5	just_check_hum,original_hum,paraphrase_hum,removed_sentence_hum,yes_no_hum	5	d_to_ḑ,e_to_ē,random_readable_unicode_control,s_to_ş,s_to_ṡ	12	13	0.1471377571041767	0.2382337749004364	38.0	6
59	14	389	5	just_check_hum,original_hum,paraphrase_hum,removed_sentence_hum,yes_no_hum	5	ascii_original,d_to_ḑ,e_to_ē,random_readable_unicode_control,s_to_ş	12	12	0.2582626268267631	0.3504748940467834	10.5	7
60	14	7051	5	just_check_hum,original_hum,paraphrase_hum,removed_sentence_hum,yes_no_hum	6	ascii_original,d_to_ḑ,e_to_ē,random_readable_unicode_control,s_to_ş,s_to_ṡ	12	12	0.2537171120444933	0.335178792476654	12.0	4
61	14	6557	5	just_check_hum,original_hum,paraphrase_hum,removed_sentence_hum,yes_no_hum	6	ascii_original,d_to_ḑ,e_to_ē,random_readable_unicode_control,s_to_ş,s_to_ṡ	12	12	0.1780954524874687	0.2864231467247009	24.5	12
62	14	20345	5	just_check_hum,original_hum,paraphrase_hum,removed_sentence_hum,yes_no_hum	5	ascii_original,d_to_ḑ,e_to_ē,random_readable_unicode_control,s_to_ş	12	12	0.17553325742483136	0.2107103168964386	24.5	17
63	14	11393	5	just_check_hum,original_hum,paraphrase_hum,removed_sentence_hum,yes_no_hum	3	e_to_ē,s_to_ş,s_to_ṡ	11	16	0.20823400095105168	0.3962133824825287	20.5	7
64	14	17359	5	just_check_hum,original_hum,paraphrase_hum,removed_sentence_hum,yes_no_hum	3	e_to_ē,s_to_ş,s_to_ṡ	11	15	0.15003761251767472	0.2106685489416122	34.0	21
65	14	32654	5	just_check_hum,original_hum,paraphrase_hum,removed_sentence_hum,yes_no_hum	3	e_to_ē,s_to_ş,s_to_ṡ	11	13	0.2326406698960524	0.4022676646709442	18.0	3
66	14	9080	5	just_check_hum,original_hum,paraphrase_hum,removed_sentence_hum,yes_no_hum	4	e_to_ē,random_readable_unicode_control,s_to_ş,s_to_ṡ	11	13	0.193367342536266	0.2615979313850403	20.0	9
67	14	13454	5	just_check_hum,original_hum,paraphrase_hum,removed_sentence_hum,yes_no_hum	4	ascii_original,d_to_ḑ,e_to_ē,s_to_ş	11	13	0.16203861053173355	0.2315333187580108	31.0	16
68	14	30010	5	just_check_hum,original_hum,paraphrase_hum,removed_sentence_hum,yes_no_hum	6	ascii_original,d_to_ḑ,e_to_ē,random_readable_unicode_control,s_to_ş,s_to_ṡ	11	13	0.14445984019682953	0.1747092455625534	26.0	14
69	14	1797	5	just_check_hum,original_hum,paraphrase_hum,removed_sentence_hum,yes_no_hum	6	ascii_original,d_to_ḑ,e_to_ē,random_readable_unicode_control,s_to_ş,s_to_ṡ	11	12	0.11409326766928031	0.1286617666482925	41.5	35
70	14	19988	5	just_check_hum,original_hum,paraphrase_hum,removed_sentence_hum,yes_no_hum	5	ascii_original,d_to_ḑ,e_to_ē,random_readable_unicode_control,s_to_ş	11	11	0.27717059173367237	0.3732631802558899	10.0	3
71	14	30199	5	just_check_hum,original_hum,paraphrase_hum,removed_sentence_hum,yes_no_hum	5	ascii_original,d_to_ḑ,e_to_ē,random_readable_unicode_control,s_to_ş	11	11	0.24874939295378595	0.329568862915039	10.0	4
72	14	6642	5	just_check_hum,original_hum,paraphrase_hum,removed_sentence_hum,yes_no_hum	5	ascii_original,d_to_ḑ,e_to_ē,random_readable_unicode_control,s_to_ş	11	11	0.21746839041059662	0.2879223823547363	15.0	7
73	14	3122	5	just_check_hum,original_hum,paraphrase_hum,removed_sentence_hum,yes_no_hum	4	e_to_ē,random_readable_unicode_control,s_to_ş,s_to_ṡ	11	11	0.19270045377991413	0.3105664253234863	30.0	5
74	14	27661	5	just_check_hum,original_hum,paraphrase_hum,removed_sentence_hum,yes_no_hum	4	ascii_original,d_to_ḑ,e_to_ē,random_readable_unicode_control	11	11	0.1744142960418354	0.2212638109922409	25.0	15
75	14	11309	5	just_check_hum,original_hum,paraphrase_hum,removed_sentence_hum,yes_no_hum	5	ascii_original,d_to_ḑ,random_readable_unicode_control,s_to_ş,s_to_ṡ	11	11	0.17220811274918638	0.2115455418825149	29.0	21
76	14	3226	5	just_check_hum,original_hum,paraphrase_hum,removed_sentence_hum,yes_no_hum	3	e_to_ē,s_to_ş,s_to_ṡ	10	11	0.19746336340904233	0.2932897210121155	23.0	8
77	14	31192	5	just_check_hum,original_hum,paraphrase_hum,removed_sentence_hum,yes_no_hum	4	e_to_ē,random_readable_unicode_control,s_to_ş,s_to_ṡ	10	11	0.1718353202397173	0.3365876376628876	27.0	4
78	14	2072	5	just_check_hum,original_hum,paraphrase_hum,removed_sentence_hum,yes_no_hum	4	e_to_ē,random_readable_unicode_control,s_to_ş,s_to_ṡ	10	10	0.3330657809972763	0.550125777721405	7.5	4
79	14	22305	5	just_check_hum,original_hum,paraphrase_hum,removed_sentence_hum,yes_no_hum	4	e_to_ē,random_readable_unicode_control,s_to_ş,s_to_ṡ	10	10	0.21127627193927762	0.3803265690803528	15.5	3
80	14	29174	5	just_check_hum,original_hum,paraphrase_hum,removed_sentence_hum,yes_no_hum	5	ascii_original,d_to_ḑ,e_to_ē,random_readable_unicode_control,s_to_ş	10	10	0.17325135469436642	0.2151400595903396	24.0	18
81	14	32621	5	just_check_hum,original_hum,paraphrase_hum,removed_sentence_hum,yes_no_hum	3	ascii_original,d_to_ḑ,random_readable_unicode_control	10	10	0.12631166279315945	0.1612401604652404	34.0	21
82	14	14360	5	just_check_hum,original_hum,paraphrase_hum,removed_sentence_hum,yes_no_hum	4	ascii_original,d_to_ḑ,random_readable_unicode_control,s_to_ş	9	10	0.1670137852430343	0.230224072933197	23.0	13
83	14	7845	5	just_check_hum,original_hum,paraphrase_hum,removed_sentence_hum,yes_no_hum	5	ascii_original,d_to_ḑ,e_to_ē,random_readable_unicode_control,s_to_ş	9	9	0.21098226639959544	0.2931106388568878	16.0	11
84	14	20865	5	just_check_hum,original_hum,paraphrase_hum,removed_sentence_hum,yes_no_hum	3	e_to_ē,s_to_ş,s_to_ṡ	8	11	0.18237043917179105	0.2617689967155456	23.0	4
85	14	25196	5	just_check_hum,original_hum,paraphrase_hum,removed_sentence_hum,yes_no_hum	3	e_to_ē,random_readable_unicode_control,s_to_ş	8	10	0.3751366913318634	0.6278836727142334	5.0	4
86	14	15254	5	just_check_hum,original_hum,paraphrase_hum,removed_sentence_hum,yes_no_hum	2	s_to_ş,s_to_ṡ	8	9	0.21771626091665688	0.3180933594703674	14.0	9
87	14	16371	5	just_check_hum,original_hum,paraphrase_hum,removed_sentence_hum,yes_no_hum	2	e_to_ē,s_to_ṡ	8	9	0.1673083255688349	0.2168420553207397	26.0	15
88	14	21281	5	just_check_hum,original_hum,paraphrase_hum,removed_sentence_hum,yes_no_hum	2	e_to_ē,s_to_ṡ	8	9	0.15319808903667656	0.2419707775115966	28.0	11
89	14	2587	5	just_check_hum,original_hum,paraphrase_hum,removed_sentence_hum,yes_no_hum	4	e_to_ē,random_readable_unicode_control,s_to_ş,s_to_ṡ	8	8	0.1908933781087398	0.3206707835197449	23.0	7
90	14	2696	5	just_check_hum,original_hum,paraphrase_hum,removed_sentence_hum,yes_no_hum	4	ascii_original,d_to_ḑ,e_to_ē,s_to_ş	8	8	0.14725045859813685	0.1898311525583267	35.5	26
91	14	27707	5	just_check_hum,original_hum,paraphrase_hum,removed_sentence_hum,yes_no_hum	5	ascii_original,d_to_ḑ,e_to_ē,random_readable_unicode_control,s_to_ş	8	8	0.1298928409814834	0.1604702770709991	35.0	13
92	14	23493	5	just_check_hum,original_hum,paraphrase_hum,removed_sentence_hum,yes_no_hum	4	ascii_original,d_to_ḑ,random_readable_unicode_control,s_to_ṡ	7	7	0.19772975146770475	0.2904838621616363	26.0	3
93	14	28432	5	just_check_hum,original_hum,paraphrase_hum,removed_sentence_hum,yes_no_hum	4	ascii_original,d_to_ḑ,e_to_ē,random_readable_unicode_control	7	7	0.16959429425852637	0.2357648760080337	37.0	22
94	14	6533	5	just_check_hum,original_hum,paraphrase_hum,removed_sentence_hum,yes_no_hum	4	ascii_original,d_to_ḑ,random_readable_unicode_control,s_to_ş	7	7	0.14705534705093926	0.2150473147630691	34.0	20
95	14	1981	5	just_check_hum,original_hum,paraphrase_hum,removed_sentence_hum,yes_no_hum	3	e_to_ē,s_to_ş,s_to_ṡ	7	7	0.13193237568650923	0.1759165227413177	32.0	17
96	14	7086	5	just_check_hum,original_hum,paraphrase_hum,removed_sentence_hum,yes_no_hum	3	e_to_ē,s_to_ş,s_to_ṡ	6	7	0.24706068422113142	0.3969558477401733	28.0	4
97	14	4341	5	just_check_hum,original_hum,paraphrase_hum,removed_sentence_hum,yes_no_hum	4	d_to_ḑ,random_readable_unicode_control,s_to_ş,s_to_ṡ	6	6	0.20500402649243668	0.2722795903682709	22.5	7
98	14	4742	5	just_check_hum,original_hum,paraphrase_hum,removed_sentence_hum,yes_no_hum	1	s_to_ṡ	5	8	0.2105329446494579	0.2557909786701202	13.0	6
99	14	16375	5	just_check_hum,original_hum,paraphrase_hum,removed_sentence_hum,yes_no_hum	1	s_to_ṡ	5	6	0.6796105007330576	0.7482966184616089	2.0	2
100	14	13002	5	just_check_hum,original_hum,paraphrase_hum,removed_sentence_hum,yes_no_hum	1	s_to_ṡ	5	6	0.330178918937842	0.3884979486465454	5.0	4
101	14	18401	5	just_check_hum,original_hum,paraphrase_hum,removed_sentence_hum,yes_no_hum	1	s_to_ṡ	5	6	0.21624053269624707	0.2753399610519409	14.0	9
102	14	9439	5	just_check_hum,original_hum,paraphrase_hum,removed_sentence_hum,yes_no_hum	1	s_to_ṡ	5	6	0.20176535844802854	0.250596135854721	15.5	12
103	14	3124	5	just_check_hum,original_hum,paraphrase_hum,removed_sentence_hum,yes_no_hum	1	s_to_ṡ	5	5	0.2347071275115013	0.2879114151000976	9.0	8
104	14	11664	5	just_check_hum,original_hum,paraphrase_hum,removed_sentence_hum,yes_no_hum	1	s_to_ṡ	5	5	0.1813456922769546	0.2011163085699081	18.0	16
105	14	29800	5	just_check_hum,original_hum,paraphrase_hum,removed_sentence_hum,yes_no_hum	3	e_to_ē,s_to_ş,s_to_ṡ	5	5	0.15185207426548003	0.2001922279596328	25.0	21
106	14	14885	4	original_hum,paraphrase_hum,removed_sentence_hum,yes_no_hum	6	ascii_original,d_to_ḑ,e_to_ē,random_readable_unicode_control,s_to_ş,s_to_ṡ	22	41	0.1413197081263472	0.2068585306406021	25.0	11
107	14	26050	4	original_hum,paraphrase_hum,removed_sentence_hum,yes_no_hum	6	ascii_original,d_to_ḑ,e_to_ē,random_readable_unicode_control,s_to_ş,s_to_ṡ	22	31	0.12272976338863369	0.1722379773855209	35.0	20
108	14	21447	4	just_check_hum,original_hum,paraphrase_hum,removed_sentence_hum	6	ascii_original,d_to_ḑ,e_to_ē,random_readable_unicode_control,s_to_ş,s_to_ṡ	22	22	0.2656054950573227	0.4798785448074341	6.0	5
109	14	16801	4	original_hum,paraphrase_hum,removed_sentence_hum,yes_no_hum	6	ascii_original,d_to_ḑ,e_to_ē,random_readable_unicode_control,s_to_ş,s_to_ṡ	21	30	0.1750048699478308	0.3416088819503784	19.0	3
110	14	32300	4	original_hum,paraphrase_hum,removed_sentence_hum,yes_no_hum	6	ascii_original,d_to_ḑ,e_to_ē,random_readable_unicode_control,s_to_ş,s_to_ṡ	19	32	0.1341603868640959	0.2199842929840088	34.0	9
111	14	2948	4	original_hum,paraphrase_hum,removed_sentence_hum,yes_no_hum	6	ascii_original,d_to_ḑ,e_to_ē,random_readable_unicode_control,s_to_ş,s_to_ṡ	18	41	0.4128817557925131	0.9168188571929932	4.0	2
112	14	11831	4	just_check_hum,original_hum,removed_sentence_hum,yes_no_hum	6	ascii_original,d_to_ḑ,e_to_ē,random_readable_unicode_control,s_to_ş,s_to_ṡ	18	29	0.1362623163852198	0.2844445705413818	30.0	13
113	14	19133	4	just_check_hum,original_hum,paraphrase_hum,removed_sentence_hum	6	ascii_original,d_to_ḑ,e_to_ē,random_readable_unicode_control,s_to_ş,s_to_ṡ	18	21	0.2150664279858271	0.3007393479347229	9.0	4
114	14	17059	4	original_hum,paraphrase_hum,removed_sentence_hum,yes_no_hum	6	ascii_original,d_to_ḑ,e_to_ē,random_readable_unicode_control,s_to_ş,s_to_ṡ	17	20	0.22663716226816172	0.2766667604446411	11.0	5
115	14	10511	4	just_check_hum,original_hum,paraphrase_hum,yes_no_hum	5	ascii_original,d_to_ḑ,e_to_ē,random_readable_unicode_control,s_to_ş	16	24	0.17926625472803906	0.2567467391490936	21.0	5
116	14	15038	4	just_check_hum,original_hum,removed_sentence_hum,yes_no_hum	6	ascii_original,d_to_ḑ,e_to_ē,random_readable_unicode_control,s_to_ş,s_to_ṡ	16	21	0.13525704188006257	0.183901309967041	31.0	13
117	14	13571	4	original_hum,paraphrase_hum,removed_sentence_hum,yes_no_hum	6	ascii_original,d_to_ḑ,e_to_ē,random_readable_unicode_control,s_to_ş,s_to_ṡ	15	37	0.16039437297228218	0.3427725434303283	20.0	5
118	14	9106	4	just_check_hum,original_hum,removed_sentence_hum,yes_no_hum	6	ascii_original,d_to_ḑ,e_to_ē,random_readable_unicode_control,s_to_ş,s_to_ṡ	15	20	0.19080645889043804	0.6769683957099915	20.5	2
119	14	28880	4	original_hum,paraphrase_hum,removed_sentence_hum,yes_no_hum	6	ascii_original,d_to_ḑ,e_to_ē,random_readable_unicode_control,s_to_ş,s_to_ṡ	15	17	0.12040800382109244	0.1535600125789642	34.0	13
120	14	22813	4	original_hum,paraphrase_hum,removed_sentence_hum,yes_no_hum	6	ascii_original,d_to_ḑ,e_to_ē,random_readable_unicode_control,s_to_ş,s_to_ṡ	14	25	0.13243036091327665	0.2004632204771042	32.0	8
121	14	15599	4	just_check_hum,original_hum,paraphrase_hum,yes_no_hum	6	ascii_original,d_to_ḑ,e_to_ē,random_readable_unicode_control,s_to_ş,s_to_ṡ	14	23	0.17321578251278916	0.2872547507286072	18.0	3
122	14	4295	4	just_check_hum,original_hum,removed_sentence_hum,yes_no_hum	6	ascii_original,d_to_ḑ,e_to_ē,random_readable_unicode_control,s_to_ş,s_to_ṡ	14	22	0.1349456225606528	0.1882177293300628	29.5	11
123	14	31908	4	just_check_hum,original_hum,paraphrase_hum,removed_sentence_hum	6	ascii_original,d_to_ḑ,e_to_ē,random_readable_unicode_control,s_to_ş,s_to_ṡ	14	18	0.131568976988395	0.2157972753047943	36.5	13
124	14	3001	4	just_check_hum,original_hum,removed_sentence_hum,yes_no_hum	4	e_to_ē,random_readable_unicode_control,s_to_ş,s_to_ṡ	14	17	0.14878194910638468	0.2346722483634948	22.0	5
125	14	4428	4	just_check_hum,original_hum,removed_sentence_hum,yes_no_hum	5	ascii_original,d_to_ḑ,e_to_ē,random_readable_unicode_control,s_to_ṡ	14	16	0.13903653575107452	0.1661258488893509	27.5	15
126	14	17692	4	just_check_hum,paraphrase_hum,removed_sentence_hum,yes_no_hum	6	ascii_original,d_to_ḑ,e_to_ē,random_readable_unicode_control,s_to_ş,s_to_ṡ	13	22	0.1462191444906321	0.209958404302597	29.0	11
127	14	11006	4	just_check_hum,original_hum,removed_sentence_hum,yes_no_hum	5	ascii_original,d_to_ḑ,e_to_ē,random_readable_unicode_control,s_to_ṡ	12	27	0.15863000104824698	0.3012584745883941	25.0	6
128	14	301	4	just_check_hum,original_hum,paraphrase_hum,yes_no_hum	6	ascii_original,d_to_ḑ,e_to_ē,random_readable_unicode_control,s_to_ş,s_to_ṡ	12	17	0.13527841866016382	0.1774586141109466	27.0	13
129	14	4959	4	original_hum,paraphrase_hum,removed_sentence_hum,yes_no_hum	6	ascii_original,d_to_ḑ,e_to_ē,random_readable_unicode_control,s_to_ş,s_to_ṡ	12	13	0.1223940293376262	0.1929441839456558	37.0	10
130	14	10677	4	just_check_hum,original_hum,paraphrase_hum,removed_sentence_hum	5	ascii_original,d_to_ḑ,e_to_ē,random_readable_unicode_control,s_to_ş	12	12	0.23467875396211937	0.375051736831665	28.0	5
131	14	31118	4	just_check_hum,original_hum,paraphrase_hum,yes_no_hum	5	ascii_original,d_to_ḑ,e_to_ē,random_readable_unicode_control,s_to_ş	12	12	0.15571410395205018	0.1973597705364227	24.0	12
132	14	5914	4	just_check_hum,original_hum,removed_sentence_hum,yes_no_hum	6	ascii_original,d_to_ḑ,e_to_ē,random_readable_unicode_control,s_to_ş,s_to_ṡ	11	19	0.13049740069790886	0.1740920841693878	27.0	15
133	14	31128	4	just_check_hum,original_hum,paraphrase_hum,yes_no_hum	4	ascii_original,d_to_ḑ,random_readable_unicode_control,s_to_ş	11	15	0.2666655600070953	0.4984269142150879	17.0	3
134	14	26692	4	original_hum,paraphrase_hum,removed_sentence_hum,yes_no_hum	6	ascii_original,d_to_ḑ,e_to_ē,random_readable_unicode_control,s_to_ş,s_to_ṡ	11	12	0.29440854986508685	0.4173971116542816	7.0	4
135	14	18039	4	original_hum,paraphrase_hum,removed_sentence_hum,yes_no_hum	6	ascii_original,d_to_ḑ,e_to_ē,random_readable_unicode_control,s_to_ş,s_to_ṡ	11	12	0.16138525369266662	0.2275659888982772	14.5	7
136	14	19614	4	original_hum,paraphrase_hum,removed_sentence_hum,yes_no_hum	6	ascii_original,d_to_ḑ,e_to_ē,random_readable_unicode_control,s_to_ş,s_to_ṡ	11	12	0.12208167277276512	0.1518346220254898	35.0	31
137	14	5117	4	original_hum,paraphrase_hum,removed_sentence_hum,yes_no_hum	6	ascii_original,d_to_ḑ,e_to_ē,random_readable_unicode_control,s_to_ş,s_to_ṡ	11	11	0.7274319204417142	0.8237861394882202	2.0	1
138	14	24536	4	original_hum,paraphrase_hum,removed_sentence_hum,yes_no_hum	6	ascii_original,d_to_ḑ,e_to_ē,random_readable_unicode_control,s_to_ş,s_to_ṡ	11	11	0.23791988058523694	0.3103317022323608	10.0	8
139	14	8556	4	just_check_hum,original_hum,paraphrase_hum,removed_sentence_hum	4	e_to_ē,random_readable_unicode_control,s_to_ş,s_to_ṡ	10	15	0.1394461154937744	0.2459115535020828	35.0	6
140	14	24296	4	just_check_hum,original_hum,removed_sentence_hum,yes_no_hum	6	ascii_original,d_to_ḑ,e_to_ē,random_readable_unicode_control,s_to_ş,s_to_ṡ	10	10	0.23688901960849762	0.3665282726287842	16.0	3
141	14	9122	4	just_check_hum,paraphrase_hum,removed_sentence_hum,yes_no_hum	6	ascii_original,d_to_ḑ,e_to_ē,random_readable_unicode_control,s_to_ş,s_to_ṡ	10	10	0.1982379108667373	0.2449522763490677	19.5	10
142	14	15287	4	just_check_hum,original_hum,removed_sentence_hum,yes_no_hum	4	ascii_original,d_to_ḑ,random_readable_unicode_control,s_to_ṡ	10	10	0.1101845987141132	0.1395858973264694	38.0	27
143	14	31735	4	original_hum,paraphrase_hum,removed_sentence_hum,yes_no_hum	3	e_to_ē,s_to_ş,s_to_ṡ	9	10	0.16484461873769757	0.2103161811828613	27.0	14
144	14	20923	4	just_check_hum,original_hum,removed_sentence_hum,yes_no_hum	6	ascii_original,d_to_ḑ,e_to_ē,random_readable_unicode_control,s_to_ş,s_to_ṡ	9	10	0.1491080731153488	0.1712503880262375	15.5	7
145	14	24391	4	just_check_hum,paraphrase_hum,removed_sentence_hum,yes_no_hum	4	ascii_original,d_to_ḑ,e_to_ē,random_readable_unicode_control	9	10	0.13498837277293202	0.1783194541931152	36.5	22
146	14	10845	4	just_check_hum,original_hum,removed_sentence_hum,yes_no_hum	6	ascii_original,d_to_ḑ,e_to_ē,random_readable_unicode_control,s_to_ş,s_to_ṡ	9	9	0.24835778441694048	0.346988320350647	9.0	6
147	14	2211	4	just_check_hum,original_hum,paraphrase_hum,removed_sentence_hum	5	d_to_ḑ,e_to_ē,random_readable_unicode_control,s_to_ş,s_to_ṡ	9	9	0.18624534375137747	0.2580407857894897	22.0	7
148	14	11680	4	original_hum,paraphrase_hum,removed_sentence_hum,yes_no_hum	5	ascii_original,d_to_ḑ,e_to_ē,random_readable_unicode_control,s_to_ş	9	9	0.13424130115244118	0.1668148189783096	35.0	21
149	14	12179	4	just_check_hum,original_hum,removed_sentence_hum,yes_no_hum	5	ascii_original,d_to_ḑ,e_to_ē,random_readable_unicode_control,s_to_ṡ	9	9	0.13384546836217243	0.1701225638389587	19.0	16
150	14	20394	4	just_check_hum,original_hum,removed_sentence_hum,yes_no_hum	5	ascii_original,d_to_ḑ,random_readable_unicode_control,s_to_ş,s_to_ṡ	9	9	0.13017726358440185	0.1985099017620086	32.0	10
151	14	6836	4	original_hum,paraphrase_hum,removed_sentence_hum,yes_no_hum	5	ascii_original,e_to_ē,random_readable_unicode_control,s_to_ş,s_to_ṡ	9	9	0.12469225956334003	0.1398313194513321	32.0	23
152	14	380	4	just_check_hum,original_hum,paraphrase_hum,removed_sentence_hum	3	ascii_original,d_to_ḑ,random_readable_unicode_control	9	9	0.12125863631566361	0.1486197113990783	32.0	20
153	14	23376	4	just_check_hum,original_hum,paraphrase_hum,yes_no_hum	5	ascii_original,d_to_ḑ,e_to_ē,random_readable_unicode_control,s_to_ş	8	11	0.16311801360412073	0.2119813561439514	17.0	7
154	14	9914	4	just_check_hum,original_hum,paraphrase_hum,removed_sentence_hum	5	ascii_original,d_to_ḑ,e_to_ē,random_readable_unicode_control,s_to_ş	8	10	0.13596275299787516	0.1633495688438415	42.0	27
155	14	17410	4	just_check_hum,original_hum,paraphrase_hum,yes_no_hum	5	ascii_original,d_to_ḑ,e_to_ē,random_readable_unicode_control,s_to_ş	8	8	0.5936429351568222	0.6317064166069031	1.0	1
156	14	11682	4	just_check_hum,original_hum,removed_sentence_hum,yes_no_hum	3	e_to_ē,random_readable_unicode_control,s_to_ṡ	8	8	0.2059621475636959	0.3304151594638824	19.0	11
157	14	4753	4	original_hum,paraphrase_hum,removed_sentence_hum,yes_no_hum	6	ascii_original,d_to_ḑ,e_to_ē,random_readable_unicode_control,s_to_ş,s_to_ṡ	8	8	0.16788752097636456	0.2466159760951995	23.5	8
158	14	22137	4	just_check_hum,original_hum,paraphrase_hum,yes_no_hum	4	ascii_original,d_to_ḑ,e_to_ē,s_to_ş	8	8	0.11113309673964972	0.1329121142625808	36.5	28
159	14	16845	4	just_check_hum,original_hum,removed_sentence_hum,yes_no_hum	5	ascii_original,d_to_ḑ,e_to_ē,random_readable_unicode_control,s_to_ṡ	8	8	0.10799203533679243	0.1180402413010597	44.0	32
160	14	4503	4	just_check_hum,original_hum,paraphrase_hum,removed_sentence_hum	3	random_readable_unicode_control,s_to_ş,s_to_ṡ	7	10	0.17649805843830105	0.2435815036296844	24.0	9
161	14	25125	4	just_check_hum,original_hum,paraphrase_hum,removed_sentence_hum	5	ascii_original,d_to_ḑ,e_to_ē,s_to_ş,s_to_ṡ	7	8	0.11873770970851179	0.1358241140842437	33.0	27
162	14	22053	4	original_hum,paraphrase_hum,removed_sentence_hum,yes_no_hum	3	random_readable_unicode_control,s_to_ş,s_to_ṡ	7	8	0.11471797525882717	0.1489025354385376	37.5	24
163	14	29619	4	just_check_hum,original_hum,removed_sentence_hum,yes_no_hum	4	ascii_original,d_to_ḑ,random_readable_unicode_control,s_to_ṡ	7	8	0.10748304892331358	0.1614820957183838	34.5	28
164	14	8547	4	just_check_hum,original_hum,removed_sentence_hum,yes_no_hum	4	e_to_ē,random_readable_unicode_control,s_to_ş,s_to_ṡ	7	7	0.2558959775737354	0.4112358689308166	18.0	6
165	14	8873	4	original_hum,paraphrase_hum,removed_sentence_hum,yes_no_hum	3	e_to_ē,s_to_ş,s_to_ṡ	7	7	0.22427151245730262	0.2579953670501709	14.0	11
166	14	24731	4	just_check_hum,original_hum,paraphrase_hum,removed_sentence_hum	3	ascii_original,d_to_ḑ,random_readable_unicode_control	7	7	0.15417093570743282	0.1920540779829025	25.0	20
167	14	10265	4	just_check_hum,original_hum,paraphrase_hum,yes_no_hum	5	ascii_original,d_to_ḑ,e_to_ē,random_readable_unicode_control,s_to_ş	7	7	0.14787374862602773	0.1779291629791259	19.0	10
168	14	24448	4	just_check_hum,original_hum,removed_sentence_hum,yes_no_hum	2	random_readable_unicode_control,s_to_ṡ	6	8	0.1375071015208959	0.1731574237346649	28.0	21
169	14	21762	4	just_check_hum,original_hum,removed_sentence_hum,yes_no_hum	3	e_to_ē,s_to_ş,s_to_ṡ	6	7	0.17168149990694856	0.2107222527265548	20.0	14
170	14	31854	4	original_hum,paraphrase_hum,removed_sentence_hum,yes_no_hum	3	e_to_ē,random_readable_unicode_control,s_to_ş	6	6	0.24598126610120138	0.4496768116950989	30.5	2
171	14	27523	4	original_hum,paraphrase_hum,removed_sentence_hum,yes_no_hum	2	s_to_ş,s_to_ṡ	6	6	0.24498886863390604	0.5067795515060425	34.0	3
172	14	16192	4	just_check_hum,original_hum,paraphrase_hum,removed_sentence_hum	3	e_to_ē,s_to_ş,s_to_ṡ	6	6	0.19994998226563132	0.367592990398407	27.5	3
173	14	25790	4	just_check_hum,original_hum,removed_sentence_hum,yes_no_hum	2	random_readable_unicode_control,s_to_ṡ	6	6	0.1921835566560427	0.2828715741634369	31.0	14
174	14	19603	4	just_check_hum,paraphrase_hum,removed_sentence_hum,yes_no_hum	5	ascii_original,d_to_ḑ,e_to_ē,random_readable_unicode_control,s_to_ş	6	6	0.18162852277358368	0.2311553806066513	17.0	8
175	14	29887	4	just_check_hum,original_hum,paraphrase_hum,yes_no_hum	4	ascii_original,random_readable_unicode_control,s_to_ş,s_to_ṡ	6	6	0.15634520103534058	0.2272867858409881	31.0	20
176	14	18996	4	just_check_hum,original_hum,paraphrase_hum,removed_sentence_hum	4	d_to_ḑ,random_readable_unicode_control,s_to_ş,s_to_ṡ	6	6	0.14300749699274692	0.1866621375083923	36.0	26
177	14	299	4	just_check_hum,original_hum,paraphrase_hum,removed_sentence_hum	3	ascii_original,d_to_ḑ,s_to_ş	6	6	0.1430014371871948	0.1891477853059768	36.5	20
178	14	3510	4	just_check_hum,original_hum,paraphrase_hum,yes_no_hum	4	ascii_original,d_to_ḑ,e_to_ē,random_readable_unicode_control	6	6	0.1356873934467633	0.1573482602834701	29.0	16
179	14	13643	4	original_hum,paraphrase_hum,removed_sentence_hum,yes_no_hum	2	s_to_ş,s_to_ṡ	5	5	0.15073260664939875	0.2006700783967971	30.0	15
180	14	18581	4	just_check_hum,original_hum,paraphrase_hum,removed_sentence_hum	3	e_to_ē,random_readable_unicode_control,s_to_ş	5	5	0.14218206703662867	0.2072962820529937	38.0	15
181	14	6622	4	just_check_hum,original_hum,removed_sentence_hum,yes_no_hum	2	s_to_ş,s_to_ṡ	5	5	0.13892575204372398	0.159138798713684	30.0	22
182	14	14287	4	original_hum,paraphrase_hum,removed_sentence_hum,yes_no_hum	4	e_to_ē,random_readable_unicode_control,s_to_ş,s_to_ṡ	5	5	0.12963079065084454	0.1894914358854293	40.0	21
183	14	7584	4	just_check_hum,original_hum,paraphrase_hum,removed_sentence_hum	3	e_to_ē,s_to_ş,s_to_ṡ	5	5	0.12942387163639063	0.1602189093828201	25.0	23
184	14	24339	4	just_check_hum,paraphrase_hum,removed_sentence_hum,yes_no_hum	4	d_to_ḑ,random_readable_unicode_control,s_to_ş,s_to_ṡ	5	5	0.12643645554780958	0.1375122815370559	47.0	34
185	14	26826	4	just_check_hum,original_hum,paraphrase_hum,removed_sentence_hum	3	random_readable_unicode_control,s_to_ş,s_to_ṡ	5	5	0.1216334462165832	0.1500849574804306	40.0	21
186	14	24049	4	just_check_hum,original_hum,paraphrase_hum,removed_sentence_hum	4	e_to_ē,random_readable_unicode_control,s_to_ş,s_to_ṡ	5	5	0.11742531657218928	0.1377266645431518	33.0	28
187	14	26027	4	original_hum,paraphrase_hum,removed_sentence_hum,yes_no_hum	4	ascii_original,d_to_ḑ,s_to_ş,s_to_ṡ	5	5	0.10413699448108668	0.1183031648397445	38.0	27
188	14	10816	4	just_check_hum,original_hum,paraphrase_hum,yes_no_hum	2	e_to_ē,s_to_ş	4	8	0.1520023569464683	0.2360824048519134	28.5	7
189	14	2992	4	just_check_hum,original_hum,removed_sentence_hum,yes_no_hum	1	s_to_ṡ	4	6	0.13856326540311173	0.1550463140010833	32.5	16
190	14	20426	4	just_check_hum,original_hum,paraphrase_hum,removed_sentence_hum	1	e_to_ē	4	5	0.29176669120788573	0.3553600311279297	8.0	7
191	14	22854	4	original_hum,paraphrase_hum,removed_sentence_hum,yes_no_hum	1	s_to_ṡ	4	5	0.2138292402029037	0.264420211315155	8.0	4
192	14	32569	4	just_check_hum,original_hum,removed_sentence_hum,yes_no_hum	1	s_to_ṡ	4	4	0.23568519949913022	0.2594443559646606	11.5	8
193	14	26863	4	just_check_hum,original_hum,paraphrase_hum,removed_sentence_hum	1	s_to_ş	4	4	0.21641043946146962	0.3807079195976257	33.5	5
194	14	15414	4	just_check_hum,original_hum,paraphrase_hum,removed_sentence_hum	2	random_readable_unicode_control,s_to_ş	4	4	0.2098906487226486	0.2657456398010254	22.5	15
195	14	13737	4	just_check_hum,original_hum,paraphrase_hum,removed_sentence_hum	2	random_readable_unicode_control,s_to_ş	4	4	0.19446520879864687	0.2881713211536407	28.0	15
196	14	8009	4	original_hum,paraphrase_hum,removed_sentence_hum,yes_no_hum	2	e_to_ē,s_to_ṡ	4	4	0.18738818168640134	0.2056106626987457	15.0	12
197	14	28006	4	just_check_hum,original_hum,removed_sentence_hum,yes_no_hum	1	s_to_ṡ	4	4	0.178934134542942	0.2164045572280883	21.5	14
198	14	12409	4	just_check_hum,original_hum,paraphrase_hum,removed_sentence_hum	3	e_to_ē,s_to_ş,s_to_ṡ	4	4	0.16194053739309305	0.1979981213808059	18.5	10
199	14	14318	4	just_check_hum,original_hum,removed_sentence_hum,yes_no_hum	1	s_to_ṡ	4	4	0.15698873624205584	0.2343505769968032	36.0	12
200	14	18607	4	just_check_hum,original_hum,paraphrase_hum,removed_sentence_hum	2	e_to_ē,s_to_ş	4	4	0.15290158614516255	0.2230945825576782	34.0	15
201	14	15588	4	original_hum,paraphrase_hum,removed_sentence_hum,yes_no_hum	2	s_to_ş,s_to_ṡ	4	4	0.14922156184911725	0.1901621222496032	32.5	19
202	14	13742	4	original_hum,paraphrase_hum,removed_sentence_hum,yes_no_hum	2	e_to_ē,s_to_ṡ	4	4	0.14611648768186566	0.2573285400867462	43.0	10
203	14	17438	4	just_check_hum,original_hum,paraphrase_hum,removed_sentence_hum	2	e_to_ē,s_to_ṡ	4	4	0.1231804899871349	0.1268636137247085	40.0	37
204	14	17816	4	original_hum,paraphrase_hum,removed_sentence_hum,yes_no_hum	2	ascii_original,s_to_ṡ	4	4	0.1225812397897243	0.1534921377897262	35.5	28
205	14	16325	4	just_check_hum,original_hum,paraphrase_hum,removed_sentence_hum	3	e_to_ē,random_readable_unicode_control,s_to_ş	4	4	0.09458728879690168	0.0999903157353401	48.0	36
206	14	30170	3	just_check_hum,original_hum,removed_sentence_hum	6	ascii_original,d_to_ḑ,e_to_ē,random_readable_unicode_control,s_to_ş,s_to_ṡ	18	48	0.3342387108132243	0.614746630191803	4.0	3
207	14	8033	3	just_check_hum,original_hum,removed_sentence_hum	6	ascii_original,d_to_ḑ,e_to_ē,random_readable_unicode_control,s_to_ş,s_to_ṡ	18	41	0.7125497969185434	1.3393348455429075	4.0	1
208	14	7163	3	just_check_hum,original_hum,removed_sentence_hum	6	ascii_original,d_to_ḑ,e_to_ē,random_readable_unicode_control,s_to_ş,s_to_ṡ	18	40	0.27310675531625744	0.436075210571289	7.0	3
209	14	12080	3	just_check_hum,original_hum,removed_sentence_hum	6	ascii_original,d_to_ḑ,e_to_ē,random_readable_unicode_control,s_to_ş,s_to_ṡ	17	17	0.13840558423715477	0.1675154268741607	28.0	18
210	14	11522	3	just_check_hum,original_hum,removed_sentence_hum	6	ascii_original,d_to_ḑ,e_to_ē,random_readable_unicode_control,s_to_ş,s_to_ṡ	17	17	0.12916472904822401	0.1667210459709167	22.0	11
211	14	992	3	just_check_hum,original_hum,removed_sentence_hum	6	ascii_original,d_to_ḑ,e_to_ē,random_readable_unicode_control,s_to_ş,s_to_ṡ	16	21	0.1553728498873256	0.2200268507003784	20.0	11
212	14	20543	3	just_check_hum,paraphrase_hum,yes_no_hum	6	ascii_original,d_to_ḑ,e_to_ē,random_readable_unicode_control,s_to_ş,s_to_ṡ	16	20	0.15399048700928686	0.2604172229766845	22.5	12
213	14	17193	3	original_hum,removed_sentence_hum,yes_no_hum	6	ascii_original,d_to_ḑ,e_to_ē,random_readable_unicode_control,s_to_ş,s_to_ṡ	16	19	0.1624375644483064	0.2275676280260086	17.0	7
214	14	29041	3	just_check_hum,original_hum,removed_sentence_hum	6	ascii_original,d_to_ḑ,e_to_ē,random_readable_unicode_control,s_to_ş,s_to_ṡ	15	24	0.21440475496153033	0.4227513968944549	17.5	4
215	14	3170	3	just_check_hum,original_hum,removed_sentence_hum	6	ascii_original,d_to_ḑ,e_to_ē,random_readable_unicode_control,s_to_ş,s_to_ṡ	15	21	0.15447754874115896	0.3428270220756531	21.0	5
216	14	5112	3	just_check_hum,paraphrase_hum,yes_no_hum	6	ascii_original,d_to_ḑ,e_to_ē,random_readable_unicode_control,s_to_ş,s_to_ṡ	14	28	0.15250818591032705	0.266187846660614	26.5	7
217	14	11864	3	just_check_hum,original_hum,removed_sentence_hum	5	ascii_original,d_to_ḑ,e_to_ē,random_readable_unicode_control,s_to_ṡ	14	26	0.11172089639764561	0.1922760307788849	34.5	22
218	14	32537	3	just_check_hum,paraphrase_hum,yes_no_hum	6	ascii_original,d_to_ḑ,e_to_ē,random_readable_unicode_control,s_to_ş,s_to_ṡ	14	20	0.13115363456308837	0.1795831769704818	27.5	8
219	14	25151	3	just_check_hum,original_hum,removed_sentence_hum	5	ascii_original,d_to_ḑ,e_to_ē,random_readable_unicode_control,s_to_ṡ	13	31	0.14748749233061265	0.2111483663320541	21.0	10
220	14	27817	3	just_check_hum,original_hum,removed_sentence_hum	5	ascii_original,d_to_ḑ,random_readable_unicode_control,s_to_ş,s_to_ṡ	13	20	0.6545406222343445	1.2034265995025637	3.0	1
221	14	15396	3	just_check_hum,original_hum,removed_sentence_hum	6	ascii_original,d_to_ḑ,e_to_ē,random_readable_unicode_control,s_to_ş,s_to_ṡ	13	13	0.1502816700018369	0.2035804390907287	16.0	9
222	14	23073	3	original_hum,removed_sentence_hum,yes_no_hum	6	ascii_original,d_to_ḑ,e_to_ē,random_readable_unicode_control,s_to_ş,s_to_ṡ	13	13	0.14790135622024533	0.1831904202699661	23.0	13
223	14	20769	3	just_check_hum,original_hum,removed_sentence_hum	6	ascii_original,d_to_ḑ,e_to_ē,random_readable_unicode_control,s_to_ş,s_to_ṡ	13	13	0.14768882095813746	0.2123029679059982	27.0	10
224	14	8677	3	just_check_hum,original_hum,removed_sentence_hum	6	ascii_original,d_to_ḑ,e_to_ē,random_readable_unicode_control,s_to_ş,s_to_ṡ	12	15	0.12901263435681656	0.1575374007225036	28.0	15
225	14	6442	3	just_check_hum,original_hum,removed_sentence_hum	6	ascii_original,d_to_ḑ,e_to_ē,random_readable_unicode_control,s_to_ş,s_to_ṡ	12	15	0.10498945365349448	0.1300539076328277	35.0	19
226	14	30225	3	original_hum,removed_sentence_hum,yes_no_hum	5	ascii_original,d_to_ḑ,e_to_ē,random_readable_unicode_control,s_to_ṡ	12	14	0.12030443123408721	0.1805484890937805	30.0	15
227	14	14679	3	just_check_hum,original_hum,removed_sentence_hum	5	ascii_original,d_to_ḑ,e_to_ē,random_readable_unicode_control,s_to_ş	12	13	0.12391152748694781	0.1524378210306167	40.0	20
228	14	4666	3	just_check_hum,paraphrase_hum,yes_no_hum	6	ascii_original,d_to_ḑ,e_to_ē,random_readable_unicode_control,s_to_ş,s_to_ṡ	11	13	0.20300099253654477	0.2835432887077331	9.0	6
229	14	2005	3	just_check_hum,paraphrase_hum,yes_no_hum	6	ascii_original,d_to_ḑ,e_to_ē,random_readable_unicode_control,s_to_ş,s_to_ṡ	11	11	0.14003716409206388	0.2142300605773925	33.0	16
230	14	30172	3	just_check_hum,original_hum,removed_sentence_hum	5	ascii_original,e_to_ē,random_readable_unicode_control,s_to_ş,s_to_ṡ	11	11	0.12083253467624834	0.132184088230133	39.0	28
231	14	16077	3	just_check_hum,original_hum,removed_sentence_hum	5	ascii_original,d_to_ḑ,random_readable_unicode_control,s_to_ş,s_to_ṡ	11	11	0.11114578558640043	0.1330660879611969	27.0	18
232	14	23555	3	just_check_hum,paraphrase_hum,yes_no_hum	6	ascii_original,d_to_ḑ,e_to_ē,random_readable_unicode_control,s_to_ş,s_to_ṡ	10	15	0.12045014301935827	0.1364955008029937	40.0	25
233	14	27706	3	just_check_hum,original_hum,removed_sentence_hum	6	ascii_original,d_to_ḑ,e_to_ē,random_readable_unicode_control,s_to_ş,s_to_ṡ	10	14	0.11480395389454702	0.2009982168674469	38.0	9
234	14	7297	3	just_check_hum,original_hum,removed_sentence_hum	6	ascii_original,d_to_ḑ,e_to_ē,random_readable_unicode_control,s_to_ş,s_to_ṡ	10	13	0.0975842544665703	0.1298205703496933	44.0	29
235	14	7393	3	just_check_hum,paraphrase_hum,yes_no_hum	4	ascii_original,d_to_ḑ,e_to_ē,random_readable_unicode_control	10	12	0.17057730940481022	0.2838867008686065	22.0	9
236	14	21794	3	just_check_hum,paraphrase_hum,yes_no_hum	5	ascii_original,d_to_ḑ,random_readable_unicode_control,s_to_ş,s_to_ṡ	10	12	0.10686729600032167	0.1397280246019363	44.0	20
237	14	15272	3	paraphrase_hum,removed_sentence_hum,yes_no_hum	6	ascii_original,d_to_ḑ,e_to_ē,random_readable_unicode_control,s_to_ş,s_to_ṡ	10	11	0.1954556805166331	0.2768546342849731	11.0	7
238	14	31649	3	just_check_hum,original_hum,removed_sentence_hum	6	ascii_original,d_to_ḑ,e_to_ē,random_readable_unicode_control,s_to_ş,s_to_ṡ	10	10	0.14130745455622667	0.2120504677295684	37.0	17
239	14	2665	3	just_check_hum,original_hum,removed_sentence_hum	6	ascii_original,d_to_ḑ,e_to_ē,random_readable_unicode_control,s_to_ş,s_to_ṡ	9	14	0.1720511668494769	0.2565042078495025	18.5	7
240	14	1954	3	just_check_hum,paraphrase_hum,yes_no_hum	3	ascii_original,d_to_ḑ,random_readable_unicode_control	9	10	0.21203872859477993	0.3491333127021789	11.5	7
241	14	15161	3	paraphrase_hum,removed_sentence_hum,yes_no_hum	6	ascii_original,d_to_ḑ,e_to_ē,random_readable_unicode_control,s_to_ş,s_to_ṡ	9	10	0.1584870249032974	0.2071282714605331	25.5	13
242	14	27593	3	just_check_hum,paraphrase_hum,yes_no_hum	4	ascii_original,d_to_ḑ,e_to_ē,random_readable_unicode_control	9	10	0.15309075266122812	0.2044682204723358	33.0	16
243	14	9986	3	just_check_hum,original_hum,removed_sentence_hum	6	ascii_original,d_to_ḑ,e_to_ē,random_readable_unicode_control,s_to_ş,s_to_ṡ	9	10	0.13705012351274487	0.246183693408966	25.0	8
244	14	9210	3	just_check_hum,original_hum,removed_sentence_hum	4	ascii_original,d_to_ḑ,s_to_ş,s_to_ṡ	9	10	0.1367837585508823	0.1863675415515899	29.5	23
245	14	3034	3	just_check_hum,original_hum,removed_sentence_hum	3	ascii_original,d_to_ḑ,s_to_ṡ	9	9	0.1759498020013173	0.2232199907302856	15.0	11
246	14	31584	3	just_check_hum,paraphrase_hum,yes_no_hum	5	ascii_original,d_to_ḑ,e_to_ē,random_readable_unicode_control,s_to_ş	9	9	0.16556755039427012	0.1894034743309021	31.0	19
247	14	19633	3	just_check_hum,original_hum,removed_sentence_hum	4	ascii_original,d_to_ḑ,random_readable_unicode_control,s_to_ṡ	9	9	0.13141833494106925	0.1730742156505584	36.0	11
248	14	32699	3	original_hum,paraphrase_hum,removed_sentence_hum	5	ascii_original,d_to_ḑ,random_readable_unicode_control,s_to_ş,s_to_ṡ	9	9	0.125579254494773	0.1551380753517151	42.0	28
249	14	13692	3	just_check_hum,original_hum,removed_sentence_hum	4	ascii_original,d_to_ḑ,random_readable_unicode_control,s_to_ṡ	9	9	0.10310712787840098	0.172268807888031	33.0	21
250	14	27408	3	just_check_hum,paraphrase_hum,yes_no_hum	5	ascii_original,d_to_ḑ,e_to_ē,random_readable_unicode_control,s_to_ş	8	9	0.1724510805474387	0.2593816220760345	22.0	10
251	14	25547	3	just_check_hum,paraphrase_hum,yes_no_hum	6	ascii_original,d_to_ḑ,e_to_ē,random_readable_unicode_control,s_to_ş,s_to_ṡ	8	9	0.1530417460534307	0.2168647348880767	28.0	16
252	14	30905	3	just_check_hum,paraphrase_hum,yes_no_hum	6	ascii_original,d_to_ḑ,e_to_ē,random_readable_unicode_control,s_to_ş,s_to_ṡ	8	8	0.16722670942544932	0.2067128866910934	17.5	12
253	14	21803	3	original_hum,paraphrase_hum,removed_sentence_hum	5	ascii_original,d_to_ḑ,random_readable_unicode_control,s_to_ş,s_to_ṡ	8	8	0.15801555383950466	0.3113256394863128	42.5	6
254	14	25603	3	just_check_hum,paraphrase_hum,yes_no_hum	5	ascii_original,d_to_ḑ,random_readable_unicode_control,s_to_ş,s_to_ṡ	8	8	0.1501685436815023	0.2335150092840194	33.0	10
255	14	22250	3	just_check_hum,original_hum,removed_sentence_hum	6	ascii_original,d_to_ḑ,e_to_ē,random_readable_unicode_control,s_to_ş,s_to_ṡ	8	8	0.13889124710112807	0.3210159540176391	32.5	5
256	14	32722	3	just_check_hum,original_hum,removed_sentence_hum	4	ascii_original,d_to_ḑ,random_readable_unicode_control,s_to_ş	8	8	0.1286429669708013	0.1885114014148712	27.0	13
257	14	10138	3	original_hum,paraphrase_hum,removed_sentence_hum	6	ascii_original,d_to_ḑ,e_to_ē,random_readable_unicode_control,s_to_ş,s_to_ṡ	8	8	0.12592756934463972	0.1595838367938995	31.0	18
258	14	25504	3	just_check_hum,paraphrase_hum,removed_sentence_hum	5	ascii_original,d_to_ḑ,e_to_ē,random_readable_unicode_control,s_to_ṡ	8	8	0.11355564650148148	0.1560852527618408	37.5	16
259	14	19919	3	just_check_hum,original_hum,removed_sentence_hum	4	ascii_original,d_to_ḑ,random_readable_unicode_control,s_to_ṡ	8	8	0.11250652000308031	0.1299333274364471	29.5	20
260	14	32204	3	original_hum,paraphrase_hum,removed_sentence_hum	3	ascii_original,d_to_ḑ,e_to_ē	8	8	0.10578577034175392	0.1282586604356765	33.5	23
261	14	25427	3	just_check_hum,original_hum,removed_sentence_hum	4	ascii_original,d_to_ḑ,random_readable_unicode_control,s_to_ṡ	7	9	0.11414337240987349	0.1578471213579177	38.0	16
262	14	25591	3	just_check_hum,paraphrase_hum,yes_no_hum	5	ascii_original,d_to_ḑ,e_to_ē,random_readable_unicode_control,s_to_ş	7	8	0.38038303423672915	0.493233174085617	2.5	2
263	14	9298	3	original_hum,paraphrase_hum,removed_sentence_hum	4	ascii_original,d_to_ḑ,e_to_ē,random_readable_unicode_control	7	8	0.12361666560173026	0.1403358727693557	33.0	23
264	14	1363	3	just_check_hum,paraphrase_hum,yes_no_hum	5	ascii_original,d_to_ḑ,e_to_ē,random_readable_unicode_control,s_to_ş	7	7	0.9797403301511493	1.0292831659317017	1.0	1
265	14	889	3	just_check_hum,paraphrase_hum,yes_no_hum	5	ascii_original,d_to_ḑ,e_to_ē,random_readable_unicode_control,s_to_ş	7	7	0.3932789053235735	0.4346041679382324	4.0	2
266	14	30275	3	just_check_hum,original_hum,removed_sentence_hum	3	random_readable_unicode_control,s_to_ş,s_to_ṡ	7	7	0.3371300441878183	0.3939480483531952	7.0	4
267	14	13506	3	just_check_hum,paraphrase_hum,yes_no_hum	5	ascii_original,d_to_ḑ,e_to_ē,random_readable_unicode_control,s_to_ş	7	7	0.27848685000623974	0.3791131377220154	9.0	5
268	14	31779	3	just_check_hum,paraphrase_hum,yes_no_hum	4	ascii_original,d_to_ḑ,random_readable_unicode_control,s_to_ş	7	7	0.2093671964747565	0.299622118473053	17.0	7
269	14	26464	3	just_check_hum,paraphrase_hum,yes_no_hum	5	ascii_original,d_to_ḑ,e_to_ē,random_readable_unicode_control,s_to_ş	7	7	0.19837442891938342	0.2382010221481323	20.0	15
270	14	32124	3	just_check_hum,paraphrase_hum,yes_no_hum	5	ascii_original,d_to_ḑ,e_to_ē,random_readable_unicode_control,s_to_ş	7	7	0.18237472857747755	0.2278143316507339	27.0	12
271	14	23591	3	just_check_hum,original_hum,removed_sentence_hum	4	ascii_original,d_to_ḑ,random_readable_unicode_control,s_to_ṡ	7	7	0.12521350809506002	0.1403228938579559	37.0	27
272	14	26945	3	original_hum,removed_sentence_hum,yes_no_hum	3	ascii_original,d_to_ḑ,random_readable_unicode_control	7	7	0.11840907803603577	0.1329775154590606	27.0	16
273	14	5267	3	original_hum,paraphrase_hum,removed_sentence_hum	3	d_to_ḑ,random_readable_unicode_control,s_to_ş	7	7	0.11736387227262766	0.1734365969896316	42.0	21
274	14	4337	3	just_check_hum,original_hum,removed_sentence_hum	4	ascii_original,random_readable_unicode_control,s_to_ş,s_to_ṡ	7	7	0.11698797877345765	0.1897470653057098	33.0	12
275	14	13275	3	just_check_hum,original_hum,removed_sentence_hum	3	d_to_ḑ,random_readable_unicode_control,s_to_ṡ	7	7	0.09383124751704074	0.1150569319725036	34.0	30
276	14	6658	3	just_check_hum,original_hum,removed_sentence_hum	3	d_to_ḑ,e_to_ē,s_to_ş	6	9	0.14978140013085467	0.2358225882053375	35.0	7
277	14	7016	3	just_check_hum,paraphrase_hum,removed_sentence_hum	5	ascii_original,d_to_ḑ,e_to_ē,random_readable_unicode_control,s_to_ş	6	8	0.14996874984353775	0.2139290273189544	23.5	12
278	14	29787	3	original_hum,paraphrase_hum,yes_no_hum	4	ascii_original,d_to_ḑ,random_readable_unicode_control,s_to_ş	6	8	0.13407049141824243	0.2162955999374389	32.5	8
279	14	14311	3	just_check_hum,paraphrase_hum,yes_no_hum	4	ascii_original,d_to_ḑ,random_readable_unicode_control,s_to_ş	6	7	0.1207251804215567	0.1339534372091293	38.0	27
280	14	13538	3	just_check_hum,original_hum,removed_sentence_hum	3	e_to_ē,random_readable_unicode_control,s_to_ṡ	6	6	0.22680955380201337	0.2902961671352386	9.5	5
281	14	13305	3	original_hum,removed_sentence_hum,yes_no_hum	3	e_to_ē,s_to_ş,s_to_ṡ	6	6	0.17238255466024077	0.2181533575057983	29.5	17
282	14	15345	3	just_check_hum,paraphrase_hum,yes_no_hum	4	ascii_original,d_to_ḑ,e_to_ē,random_readable_unicode_control	6	6	0.16859783728917435	0.2615462839603424	31.0	18
283	14	31893	3	just_check_hum,original_hum,removed_sentence_hum	2	ascii_original,d_to_ḑ	6	6	0.16671811540921525	0.197191059589386	14.5	11
284	14	28065	3	just_check_hum,original_hum,removed_sentence_hum	4	e_to_ē,random_readable_unicode_control,s_to_ş,s_to_ṡ	6	6	0.14922883361577985	0.202215701341629	25.5	12
285	14	15702	3	just_check_hum,original_hum,removed_sentence_hum	4	ascii_original,e_to_ē,random_readable_unicode_control,s_to_ş	6	6	0.12523463989297542	0.1413611471652984	36.5	27
286	14	20659	3	original_hum,paraphrase_hum,yes_no_hum	5	ascii_original,d_to_ḑ,e_to_ē,random_readable_unicode_control,s_to_ş	6	6	0.12416963155070938	0.1400080919265747	41.5	19
287	14	22955	3	just_check_hum,paraphrase_hum,yes_no_hum	3	ascii_original,d_to_ḑ,random_readable_unicode_control	6	6	0.12212422365943591	0.1655604690313339	45.0	17
288	14	20679	3	just_check_hum,paraphrase_hum,yes_no_hum	4	ascii_original,d_to_ḑ,e_to_ē,random_readable_unicode_control	6	6	0.12190850575764971	0.1556948721408844	40.0	30
289	14	32721	3	original_hum,removed_sentence_hum,yes_no_hum	5	ascii_original,d_to_ḑ,random_readable_unicode_control,s_to_ş,s_to_ṡ	6	6	0.11976912369330721	0.1471560001373291	41.5	28
290	14	18775	3	original_hum,removed_sentence_hum,yes_no_hum	4	ascii_original,d_to_ḑ,random_readable_unicode_control,s_to_ş	6	6	0.11733790487051009	0.141005128622055	28.5	25
291	14	17419	3	just_check_hum,original_hum,removed_sentence_hum	2	e_to_ē,random_readable_unicode_control	5	8	0.32296197302639484	0.5980909466743469	14.5	2
292	14	19458	3	just_check_hum,paraphrase_hum,yes_no_hum	3	random_readable_unicode_control,s_to_ş,s_to_ṡ	5	6	0.5215236991643905	1.160045504570007	5.5	1
293	14	6223	3	just_check_hum,original_hum,removed_sentence_hum	3	e_to_ē,random_readable_unicode_control,s_to_ş	5	6	0.23826341082652405	0.3870748579502105	10.5	4
294	14	764	3	just_check_hum,original_hum,removed_sentence_hum	3	random_readable_unicode_control,s_to_ş,s_to_ṡ	5	5	0.3695834875106811	0.4504214227199554	6.0	3
295	14	3994	3	just_check_hum,original_hum,removed_sentence_hum	3	ascii_original,d_to_ḑ,s_to_ş	5	5	0.3154976844787597	0.3512057960033417	6.0	5
296	14	6728	3	just_check_hum,original_hum,removed_sentence_hum	3	random_readable_unicode_control,s_to_ş,s_to_ṡ	5	5	0.24136860519647593	0.3047327697277069	14.0	11
297	14	27057	3	just_check_hum,original_hum,removed_sentence_hum	3	ascii_original,d_to_ḑ,s_to_ş	5	5	0.22818598747253419	0.2635479271411896	14.0	12
298	14	9978	3	just_check_hum,original_hum,removed_sentence_hum	2	e_to_ē,random_readable_unicode_control	5	5	0.2027607172727585	0.32335165143013	18.0	11
299	14	5903	3	just_check_hum,original_hum,removed_sentence_hum	3	ascii_original,d_to_ḑ,s_to_ş	5	5	0.19717916548252104	0.2342678159475326	17.0	15
300	14	18079	3	just_check_hum,original_hum,removed_sentence_hum	2	ascii_original,d_to_ḑ	5	5	0.16350858807563778	0.1749341934919357	30.0	23
301	14	229	3	just_check_hum,original_hum,removed_sentence_hum	3	random_readable_unicode_control,s_to_ş,s_to_ṡ	5	5	0.1593249455094337	0.1937298774719238	32.0	25
302	14	1411	3	just_check_hum,original_hum,removed_sentence_hum	3	ascii_original,e_to_ē,random_readable_unicode_control	5	5	0.1528272688388824	0.2601624727249145	40.0	14
303	14	23320	3	just_check_hum,original_hum,removed_sentence_hum	3	random_readable_unicode_control,s_to_ş,s_to_ṡ	5	5	0.15053636431694026	0.1968720108270645	30.0	16
304	14	3332	3	original_hum,paraphrase_hum,removed_sentence_hum	4	ascii_original,d_to_ḑ,random_readable_unicode_control,s_to_ş	5	5	0.14662994146347044	0.1981731355190277	34.0	23
305	14	26638	3	just_check_hum,paraphrase_hum,yes_no_hum	5	ascii_original,d_to_ḑ,e_to_ē,random_readable_unicode_control,s_to_ş	5	5	0.146422728896141	0.157762125134468	41.0	34
306	14	16436	3	just_check_hum,original_hum,removed_sentence_hum	3	ascii_original,d_to_ḑ,s_to_ş	5	5	0.1428927272558212	0.1595458537340164	41.0	34
307	14	6526	3	just_check_hum,original_hum,removed_sentence_hum	2	s_to_ş,s_to_ṡ	5	5	0.1386754065752029	0.1804843991994857	35.0	29
308	14	5556	3	just_check_hum,paraphrase_hum,yes_no_hum	3	ascii_original,d_to_ḑ,random_readable_unicode_control	5	5	0.13735145926475525	0.1511077880859375	33.0	24
309	14	17835	3	original_hum,paraphrase_hum,yes_no_hum	3	ascii_original,d_to_ḑ,random_readable_unicode_control	5	5	0.13444960713386528	0.150752380490303	38.0	23
310	14	21303	3	original_hum,paraphrase_hum,removed_sentence_hum	4	ascii_original,d_to_ḑ,e_to_ē,random_readable_unicode_control	5	5	0.11960292607545846	0.1518524140119552	31.0	20
311	14	10633	3	original_hum,paraphrase_hum,removed_sentence_hum	3	d_to_ḑ,random_readable_unicode_control,s_to_ṡ	5	5	0.11412283927202223	0.1234984546899795	45.0	38
312	14	26477	3	just_check_hum,paraphrase_hum,yes_no_hum	3	random_readable_unicode_control,s_to_ş,s_to_ṡ	4	5	0.19830914735794064	0.273924171924591	22.0	6
313	14	26935	3	just_check_hum,original_hum,removed_sentence_hum	2	random_readable_unicode_control,s_to_ş	4	5	0.1924409210681915	0.230590209364891	21.0	17
314	14	20181	3	just_check_hum,paraphrase_hum,yes_no_hum	3	e_to_ē,random_readable_unicode_control,s_to_ş	4	5	0.16260416060686106	0.2521261870861053	27.0	9
315	14	24607	3	paraphrase_hum,removed_sentence_hum,yes_no_hum	3	d_to_ḑ,e_to_ē,random_readable_unicode_control	4	5	0.10825111567974088	0.1275365203619003	45.0	24
316	14	2049	3	just_check_hum,original_hum,removed_sentence_hum	2	e_to_ē,random_readable_unicode_control	4	4	0.28980617597699165	0.3591969609260559	8.5	7
317	14	5381	3	just_check_hum,paraphrase_hum,yes_no_hum	3	random_readable_unicode_control,s_to_ş,s_to_ṡ	4	4	0.2797699570655823	0.3056490123271942	8.5	5
318	14	198	3	just_check_hum,original_hum,removed_sentence_hum	2	random_readable_unicode_control,s_to_ş	4	4	0.2247359566390514	0.2688934803009033	15.5	11
319	14	14159	3	just_check_hum,original_hum,removed_sentence_hum	2	random_readable_unicode_control,s_to_ş	4	4	0.2178094089031219	0.2440602481365203	19.0	16
320	14	11491	3	original_hum,removed_sentence_hum,yes_no_hum	3	e_to_ē,random_readable_unicode_control,s_to_ṡ	4	4	0.17965904064476484	0.2391798943281173	13.0	6
321	14	2010	3	just_check_hum,original_hum,removed_sentence_hum	2	random_readable_unicode_control,s_to_ş	4	4	0.1736207455396652	0.1919850409030914	30.5	22
322	14	8434	3	just_check_hum,original_hum,removed_sentence_hum	2	random_readable_unicode_control,s_to_ş	4	4	0.16847127676010126	0.1845815181732177	31.0	29
323	14	17629	3	original_hum,paraphrase_hum,removed_sentence_hum	3	random_readable_unicode_control,s_to_ş,s_to_ṡ	4	4	0.16772979497909543	0.2017820030450821	25.0	7
324	14	26093	3	just_check_hum,original_hum,removed_sentence_hum	2	random_readable_unicode_control,s_to_ş	4	4	0.16083234921097753	0.1850098371505737	36.0	24
325	14	3867	3	original_hum,removed_sentence_hum,yes_no_hum	3	e_to_ē,random_readable_unicode_control,s_to_ş	4	4	0.15417008846998212	0.1779312342405319	35.5	31
326	14	31821	3	just_check_hum,original_hum,removed_sentence_hum	2	e_to_ē,s_to_ş	4	4	0.14713022112846372	0.1806675195693969	30.5	22
327	14	7427	3	just_check_hum,original_hum,removed_sentence_hum	3	ascii_original,d_to_ḑ,s_to_ş	4	4	0.14427636191248888	0.1656428724527359	39.0	36
328	14	5861	3	just_check_hum,original_hum,removed_sentence_hum	2	random_readable_unicode_control,s_to_ṡ	4	4	0.13431151211261746	0.1452032327651977	37.5	35
329	14	5166	3	just_check_hum,original_hum,removed_sentence_hum	4	d_to_ḑ,e_to_ē,s_to_ş,s_to_ṡ	4	4	0.1324556656181812	0.2145484387874603	45.0	19
330	14	28250	3	original_hum,paraphrase_hum,yes_no_hum	4	ascii_original,e_to_ē,random_readable_unicode_control,s_to_ş	4	4	0.1293634139001369	0.1790680885314941	41.0	10
331	14	18999	3	original_hum,removed_sentence_hum,yes_no_hum	2	random_readable_unicode_control,s_to_ṡ	4	4	0.12545532919466493	0.1530794501304626	44.0	25
332	14	22551	3	original_hum,removed_sentence_hum,yes_no_hum	2	d_to_ḑ,s_to_ṡ	4	4	0.10747006908059115	0.113121286034584	42.0	41
333	14	1735	3	just_check_hum,original_hum,removed_sentence_hum	1	s_to_ş	3	5	0.14892466068267818	0.1875002533197403	20.0	15
334	14	336	3	just_check_hum,paraphrase_hum,removed_sentence_hum	1	e_to_ē	3	4	0.20879486203193662	0.3263254761695862	16.5	2
335	14	16973	3	original_hum,removed_sentence_hum,yes_no_hum	1	ascii_original	3	4	0.11919146031141278	0.1353477835655212	36.0	19
336	14	12411	3	just_check_hum,original_hum,removed_sentence_hum	1	e_to_ē	3	3	0.26790070533752436	0.2766078114509582	11.0	11
337	14	20311	3	just_check_hum,original_hum,removed_sentence_hum	1	random_readable_unicode_control	3	3	0.243952731291453	0.3279730677604675	22.0	10
338	14	30501	3	just_check_hum,original_hum,removed_sentence_hum	1	e_to_ē	3	3	0.23716114958127332	0.3050417006015777	15.0	9
339	14	13545	3	just_check_hum,original_hum,removed_sentence_hum	1	e_to_ē	3	3	0.2271684606870015	0.2371924817562103	12.0	12
340	14	3773	3	just_check_hum,original_hum,removed_sentence_hum	1	e_to_ē	3	3	0.20826690892378483	0.2264925986528396	14.0	13
341	14	28998	3	original_hum,removed_sentence_hum,yes_no_hum	1	s_to_ş	3	3	0.2080773338675499	0.254234254360199	13.0	12
342	14	19190	3	just_check_hum,paraphrase_hum,yes_no_hum	2	random_readable_unicode_control,s_to_ṡ	3	3	0.20000707109769186	0.2637839615345001	15.0	14
343	14	18034	3	just_check_hum,original_hum,removed_sentence_hum	1	random_readable_unicode_control	3	3	0.19012446701526634	0.2242810279130935	24.0	18
344	14	20388	3	just_check_hum,original_hum,removed_sentence_hum	1	s_to_ş	3	3	0.1891486495733261	0.1948423534631729	23.0	21
345	14	12313	3	just_check_hum,original_hum,removed_sentence_hum	1	e_to_ē	3	3	0.18807283043861386	0.2160886973142624	17.0	16
346	14	32562	3	original_hum,paraphrase_hum,removed_sentence_hum	2	s_to_ş,s_to_ṡ	3	3	0.18200992544492078	0.2173811197280883	23.0	12
347	14	30187	3	just_check_hum,original_hum,removed_sentence_hum	1	s_to_ṡ	3	3	0.17657238741715742	0.1944848448038101	12.0	11
348	14	19010	3	original_hum,removed_sentence_hum,yes_no_hum	1	s_to_ş	3	3	0.16962936520576477	0.1859345883131027	21.0	16
349	14	21668	3	just_check_hum,original_hum,removed_sentence_hum	2	e_to_ē,s_to_ş	3	3	0.16418190300464627	0.1967073678970337	15.0	10
350	14	14829	3	original_hum,removed_sentence_hum,yes_no_hum	1	s_to_ṡ	3	3	0.16335965692996976	0.1729820519685745	21.0	20
351	14	20686	3	original_hum,paraphrase_hum,removed_sentence_hum	2	s_to_ş,s_to_ṡ	3	3	0.1553269525369008	0.1856502592563629	32.0	23
352	14	26322	3	original_hum,removed_sentence_hum,yes_no_hum	1	s_to_ṡ	3	3	0.1497744967540105	0.1607329398393631	26.0	26
353	14	21238	3	just_check_hum,original_hum,removed_sentence_hum	1	s_to_ṡ	3	3	0.14726952711741123	0.1563538163900375	29.0	23
354	14	18862	3	just_check_hum,original_hum,removed_sentence_hum	1	e_to_ē	3	3	0.14723960558573404	0.1626656651496887	27.0	25
355	14	16619	3	just_check_hum,paraphrase_hum,yes_no_hum	3	ascii_original,d_to_ḑ,e_to_ē	3	3	0.14642477035522458	0.1690154671669006	42.0	39
356	14	4670	3	just_check_hum,original_hum,removed_sentence_hum	1	e_to_ē	3	3	0.14355620741844174	0.1532546579837799	30.0	28
357	14	10909	3	just_check_hum,original_hum,removed_sentence_hum	1	e_to_ē	3	3	0.1387735257546107	0.1443082094192505	32.0	31
358	14	8756	3	original_hum,paraphrase_hum,removed_sentence_hum	1	s_to_ṡ	3	3	0.13745968540509537	0.140022724866867	24.0	22
359	14	22658	3	just_check_hum,original_hum,removed_sentence_hum	1	s_to_ṡ	3	3	0.13660573959350583	0.1427773535251617	36.0	31
360	14	22035	3	paraphrase_hum,removed_sentence_hum,yes_no_hum	2	e_to_ē,s_to_ṡ	3	3	0.1326307356357574	0.1588157266378402	38.0	19
361	14	15542	3	original_hum,removed_sentence_hum,yes_no_hum	1	s_to_ṡ	3	3	0.1320918624599774	0.1479512155055999	42.0	30
362	14	22945	3	original_hum,removed_sentence_hum,yes_no_hum	1	ascii_original	3	3	0.1278516103823979	0.1312496364116668	45.0	42
363	14	28342	3	original_hum,paraphrase_hum,removed_sentence_hum	3	random_readable_unicode_control,s_to_ş,s_to_ṡ	3	3	0.12606571366389588	0.1443279385566711	43.0	19
364	14	28612	3	just_check_hum,original_hum,paraphrase_hum	3	e_to_ē,random_readable_unicode_control,s_to_ş	3	3	0.1250080714623133	0.1341410130262375	50.0	40
365	14	8121	3	just_check_hum,original_hum,removed_sentence_hum	2	e_to_ē,s_to_ş	3	3	0.12292021016279851	0.1261495947837829	22.0	22
366	14	10008	3	original_hum,paraphrase_hum,removed_sentence_hum	2	e_to_ē,s_to_ṡ	3	3	0.12253283460934954	0.130140945315361	41.0	29
367	14	6192	3	original_hum,paraphrase_hum,removed_sentence_hum	2	ascii_original,e_to_ē	3	3	0.11971853673458094	0.1298259496688842	47.0	44
368	14	21312	3	original_hum,removed_sentence_hum,yes_no_hum	2	random_readable_unicode_control,s_to_ş	3	3	0.11947535971800478	0.128182366490364	39.0	32
369	14	24968	3	just_check_hum,paraphrase_hum,yes_no_hum	2	e_to_ē,s_to_ṡ	3	3	0.11913167685270304	0.1247723549604415	45.0	34
370	14	25874	3	just_check_hum,original_hum,removed_sentence_hum	2	d_to_ḑ,e_to_ē	3	3	0.11563205222288764	0.1170051544904708	39.0	38
371	14	16799	3	just_check_hum,original_hum,removed_sentence_hum	2	s_to_ş,s_to_ṡ	3	3	0.10562453667322787	0.1159649342298507	38.0	29
372	14	3289	2	original_hum,removed_sentence_hum	6	ascii_original,d_to_ḑ,e_to_ē,random_readable_unicode_control,s_to_ş,s_to_ṡ	12	27	0.19560967082226716	0.2930957973003387	13.0	6
373	14	23505	2	original_hum,removed_sentence_hum	6	ascii_original,d_to_ḑ,e_to_ē,random_readable_unicode_control,s_to_ş,s_to_ṡ	12	27	0.12858517136838699	0.1844327747821808	28.0	12
374	14	21981	2	original_hum,removed_sentence_hum	6	ascii_original,d_to_ḑ,e_to_ē,random_readable_unicode_control,s_to_ş,s_to_ṡ	12	23	0.32284822153008497	0.555450439453125	4.0	2
375	14	28492	2	original_hum,removed_sentence_hum	6	ascii_original,d_to_ḑ,e_to_ē,random_readable_unicode_control,s_to_ş,s_to_ṡ	12	22	0.18625190549276088	0.4122238755226135	16.5	5
376	14	4880	2	original_hum,removed_sentence_hum	6	ascii_original,d_to_ḑ,e_to_ē,random_readable_unicode_control,s_to_ş,s_to_ṡ	12	22	0.12353801185434511	0.1755603998899459	33.0	15
377	14	14932	2	original_hum,removed_sentence_hum	6	ascii_original,d_to_ḑ,e_to_ē,random_readable_unicode_control,s_to_ş,s_to_ṡ	12	18	0.13940207080708608	0.217231273651123	24.0	9
378	14	31774	2	original_hum,removed_sentence_hum	6	ascii_original,d_to_ḑ,e_to_ē,random_readable_unicode_control,s_to_ş,s_to_ṡ	12	17	0.13470830856000673	0.162831112742424	27.0	19
379	14	3557	2	original_hum,removed_sentence_hum	6	ascii_original,d_to_ḑ,e_to_ē,random_readable_unicode_control,s_to_ş,s_to_ṡ	12	14	0.14631159922906328	0.1933580785989761	18.0	14
380	14	1013	2	original_hum,removed_sentence_hum	6	ascii_original,d_to_ḑ,e_to_ē,random_readable_unicode_control,s_to_ş,s_to_ṡ	12	14	0.10496194394571436	0.1231232956051826	30.5	22
381	14	29540	2	paraphrase_hum,yes_no_hum	6	ascii_original,d_to_ḑ,e_to_ē,random_readable_unicode_control,s_to_ş,s_to_ṡ	12	13	0.18673352037484825	0.2893268167972564	18.0	10
382	14	30964	2	original_hum,removed_sentence_hum	6	ascii_original,d_to_ḑ,e_to_ē,random_readable_unicode_control,s_to_ş,s_to_ṡ	12	12	0.2302039836843808	0.2732287943363189	6.0	5
383	14	27532	2	original_hum,removed_sentence_hum	6	ascii_original,d_to_ḑ,e_to_ē,random_readable_unicode_control,s_to_ş,s_to_ṡ	11	12	0.17891048205395535	0.2473741769790649	13.5	7
384	14	14505	2	paraphrase_hum,yes_no_hum	6	ascii_original,d_to_ḑ,e_to_ē,random_readable_unicode_control,s_to_ş,s_to_ṡ	10	18	0.2054579195876916	0.3090478777885437	14.0	5
385	14	21715	2	paraphrase_hum,yes_no_hum	6	ascii_original,d_to_ḑ,e_to_ē,random_readable_unicode_control,s_to_ş,s_to_ṡ	10	12	0.14856810122728345	0.2106953263282776	23.5	9
386	14	20998	2	original_hum,removed_sentence_hum	5	ascii_original,d_to_ḑ,e_to_ē,random_readable_unicode_control,s_to_ṡ	10	10	0.10321354195475574	0.12405626475811	24.0	16
387	14	19493	2	original_hum,removed_sentence_hum	6	ascii_original,d_to_ḑ,e_to_ē,random_readable_unicode_control,s_to_ş,s_to_ṡ	10	10	0.09585349038243288	0.1167731136083602	43.0	29
388	14	6025	2	original_hum,removed_sentence_hum	5	ascii_original,d_to_ḑ,e_to_ē,random_readable_unicode_control,s_to_ṡ	10	10	0.09324197471141812	0.1179419234395027	34.5	25
389	14	11944	2	original_hum,removed_sentence_hum	5	ascii_original,d_to_ḑ,e_to_ē,random_readable_unicode_control,s_to_ṡ	9	9	0.22619649767875666	0.315062016248703	7.0	4
390	14	18673	2	original_hum,removed_sentence_hum	5	ascii_original,d_to_ḑ,e_to_ē,random_readable_unicode_control,s_to_ş	9	9	0.1662195813324716	0.1952608823776245	10.0	8
391	14	27023	2	original_hum,removed_sentence_hum	4	ascii_original,d_to_ḑ,e_to_ē,random_readable_unicode_control	8	10	0.2820152886211872	0.4424189925193786	4.0	4
392	14	21128	2	paraphrase_hum,yes_no_hum	6	ascii_original,d_to_ḑ,e_to_ē,random_readable_unicode_control,s_to_ş,s_to_ṡ	8	10	0.191981316357851	0.2318110466003418	19.0	9
393	14	4010	2	original_hum,removed_sentence_hum	4	ascii_original,d_to_ḑ,e_to_ē,random_readable_unicode_control	8	10	0.19156413972377773	0.2329363226890564	8.0	6
394	14	5133	2	paraphrase_hum,yes_no_hum	5	ascii_original,d_to_ḑ,e_to_ē,s_to_ş,s_to_ṡ	8	10	0.14238723292946812	0.1885607540607452	31.5	21
395	14	30822	2	original_hum,removed_sentence_hum	5	ascii_original,d_to_ḑ,e_to_ē,random_readable_unicode_control,s_to_ṡ	8	8	0.14370292052626607	0.1611257493495941	20.5	17
396	14	18825	2	paraphrase_hum,yes_no_hum	6	ascii_original,d_to_ḑ,e_to_ē,random_readable_unicode_control,s_to_ş,s_to_ṡ	8	8	0.14004133641719815	0.1529432237148285	23.5	20
397	14	7837	2	paraphrase_hum,yes_no_hum	6	ascii_original,d_to_ḑ,e_to_ē,random_readable_unicode_control,s_to_ş,s_to_ṡ	8	8	0.13733350206166503	0.1862789988517761	33.5	16
398	14	20403	2	original_hum,removed_sentence_hum	5	ascii_original,d_to_ḑ,e_to_ē,random_readable_unicode_control,s_to_ṡ	8	8	0.09522175602614874	0.1251540929079055	31.5	22
399	14	12845	2	just_check_hum,removed_sentence_hum	6	ascii_original,d_to_ḑ,e_to_ē,random_readable_unicode_control,s_to_ş,s_to_ṡ	7	12	0.14767140770951903	0.1977829337120056	20.5	11
400	14	7811	2	paraphrase_hum,yes_no_hum	6	ascii_original,d_to_ḑ,e_to_ē,random_readable_unicode_control,s_to_ş,s_to_ṡ	7	10	0.13610514476895325	0.1855742931365966	31.0	14
401	14	12578	2	original_hum,removed_sentence_hum	4	ascii_original,d_to_ḑ,random_readable_unicode_control,s_to_ş	7	10	0.09984943494200701	0.1197832599282264	37.0	30
402	14	1271	2	just_check_hum,yes_no_hum	4	ascii_original,d_to_ḑ,e_to_ē,random_readable_unicode_control	7	9	0.15611342175139317	0.1946726739406585	23.0	12
403	14	2942	2	original_hum,yes_no_hum	6	ascii_original,d_to_ḑ,e_to_ē,random_readable_unicode_control,s_to_ş,s_to_ṡ	7	9	0.13117513308922446	0.1755833178758621	26.0	18
404	14	26655	2	paraphrase_hum,yes_no_hum	4	ascii_original,d_to_ḑ,random_readable_unicode_control,s_to_ṡ	7	8	0.10332566965371366	0.117508091032505	41.0	30
405	14	22826	2	paraphrase_hum,yes_no_hum	6	ascii_original,d_to_ḑ,e_to_ē,random_readable_unicode_control,s_to_ş,s_to_ṡ	7	7	0.20159195576395303	0.2750360667705536	18.0	6
406	14	6644	2	just_check_hum,yes_no_hum	5	ascii_original,d_to_ḑ,e_to_ē,random_readable_unicode_control,s_to_ş	7	7	0.16469756407397132	0.2034281492233276	33.0	10
407	14	2266	2	original_hum,removed_sentence_hum	4	ascii_original,d_to_ḑ,random_readable_unicode_control,s_to_ṡ	7	7	0.1333014464804104	0.1471198499202728	35.0	25
408	14	26599	2	paraphrase_hum,yes_no_hum	5	ascii_original,d_to_ḑ,random_readable_unicode_control,s_to_ş,s_to_ṡ	7	7	0.12591501963990073	0.157938927412033	23.0	15
409	14	4607	2	just_check_hum,yes_no_hum	6	ascii_original,d_to_ḑ,e_to_ē,random_readable_unicode_control,s_to_ş,s_to_ṡ	7	7	0.12282645489488327	0.154052659869194	35.0	20
410	14	14648	2	original_hum,removed_sentence_hum	4	ascii_original,d_to_ḑ,e_to_ē,random_readable_unicode_control	7	7	0.11979904557977401	0.2053824514150619	37.0	12
411	14	11726	2	original_hum,removed_sentence_hum	5	ascii_original,d_to_ḑ,e_to_ē,random_readable_unicode_control,s_to_ṡ	6	7	0.09146335508142193	0.1242956668138504	44.0	28
412	14	6804	2	original_hum,removed_sentence_hum	3	ascii_original,d_to_ḑ,e_to_ē	6	6	0.6613262991110483	0.9599198698997498	3.0	2
413	14	16195	2	original_hum,removed_sentence_hum	3	ascii_original,d_to_ḑ,e_to_ē	6	6	0.3563874463240306	0.6760362982749939	6.5	3
414	14	7998	2	original_hum,removed_sentence_hum	3	ascii_original,d_to_ḑ,e_to_ē	6	6	0.24867532650629676	0.3396621942520141	6.5	5
415	14	8214	2	original_hum,removed_sentence_hum	3	ascii_original,d_to_ḑ,s_to_ṡ	6	6	0.18725364158550895	0.2072637528181076	11.5	9
416	14	7241	2	paraphrase_hum,yes_no_hum	5	ascii_original,d_to_ḑ,random_readable_unicode_control,s_to_ş,s_to_ṡ	6	6	0.184262899061044	0.2167253941297531	17.0	12
417	14	26049	2	original_hum,removed_sentence_hum	3	ascii_original,d_to_ḑ,s_to_ṡ	6	6	0.1491049950321515	0.181294560432434	26.0	20
418	14	31116	2	original_hum,removed_sentence_hum	3	ascii_original,d_to_ḑ,s_to_ṡ	6	6	0.1487734938661257	0.1771746575832367	24.5	14
419	14	12352	2	paraphrase_hum,yes_no_hum	5	d_to_ḑ,e_to_ē,random_readable_unicode_control,s_to_ş,s_to_ṡ	6	6	0.13716906309127805	0.2295107990503311	33.5	15
420	14	9383	2	original_hum,removed_sentence_hum	4	ascii_original,d_to_ḑ,random_readable_unicode_control,s_to_ṡ	6	6	0.1359123972555001	0.1587979793548584	32.0	24
421	14	25375	2	original_hum,removed_sentence_hum	3	ascii_original,d_to_ḑ,s_to_ṡ	6	6	0.13530811791618663	0.1531267017126083	24.0	19
422	14	11513	2	original_hum,removed_sentence_hum	4	ascii_original,d_to_ḑ,e_to_ē,random_readable_unicode_control	6	6	0.1270665737489859	0.1708241403102874	30.0	19
423	14	15997	2	original_hum,removed_sentence_hum	3	ascii_original,d_to_ḑ,s_to_ṡ	6	6	0.12663566693663594	0.1416532397270202	32.5	26
424	14	7832	2	paraphrase_hum,yes_no_hum	5	ascii_original,d_to_ḑ,random_readable_unicode_control,s_to_ş,s_to_ṡ	6	6	0.11823743457595504	0.1465694904327392	28.0	20
425	14	13517	2	original_hum,removed_sentence_hum	3	ascii_original,d_to_ḑ,e_to_ē	6	6	0.11376257240772242	0.130715325474739	28.5	21
426	14	25465	2	original_hum,removed_sentence_hum	3	ascii_original,d_to_ḑ,s_to_ṡ	6	6	0.1117801318566004	0.1280716955661773	36.0	32
427	14	32088	2	just_check_hum,paraphrase_hum	5	d_to_ḑ,e_to_ē,random_readable_unicode_control,s_to_ş,s_to_ṡ	6	6	0.10710302119453745	0.1375538110733032	39.5	29
428	14	29868	2	original_hum,removed_sentence_hum	3	ascii_original,d_to_ḑ,e_to_ē	6	6	0.10630142937103904	0.1339202225208282	38.5	20
429	14	1102	2	original_hum,removed_sentence_hum	4	ascii_original,e_to_ē,random_readable_unicode_control,s_to_ṡ	6	6	0.10138242070873572	0.138174369931221	30.5	26
430	14	11140	2	paraphrase_hum,yes_no_hum	5	ascii_original,d_to_ḑ,e_to_ē,random_readable_unicode_control,s_to_ş	5	7	0.14916423814637317	0.1868641972541809	29.0	18
431	14	7380	2	just_check_hum,paraphrase_hum	4	d_to_ḑ,random_readable_unicode_control,s_to_ş,s_to_ṡ	5	6	0.269468791782856	0.5278234481811523	25.0	4
432	14	23423	2	paraphrase_hum,removed_sentence_hum	4	ascii_original,random_readable_unicode_control,s_to_ş,s_to_ṡ	5	6	0.12724862496058142	0.172181949019432	38.0	27
433	14	21265	2	just_check_hum,removed_sentence_hum	3	e_to_ē,random_readable_unicode_control,s_to_ş	5	6	0.12421155100067453	0.1614055633544922	38.0	13
434	14	2104	2	just_check_hum,paraphrase_hum	3	ascii_original,d_to_ḑ,random_readable_unicode_control	5	5	0.36081123948097227	0.5606579780578613	11.0	3
435	14	5413	2	just_check_hum,paraphrase_hum	3	ascii_original,d_to_ḑ,random_readable_unicode_control	5	5	0.29573709964752193	0.4102952778339386	4.0	2
436	14	22802	2	just_check_hum,paraphrase_hum	3	ascii_original,d_to_ḑ,random_readable_unicode_control	5	5	0.18882024288177485	0.2138901650905609	28.0	19
437	14	9796	2	just_check_hum,paraphrase_hum	3	ascii_original,d_to_ḑ,random_readable_unicode_control	5	5	0.170944932103157	0.2139803320169448	23.0	16
438	14	6725	2	just_check_hum,yes_no_hum	3	ascii_original,d_to_ḑ,random_readable_unicode_control	5	5	0.16666909456253048	0.19097900390625	22.0	15
439	14	25224	2	just_check_hum,paraphrase_hum	4	ascii_original,d_to_ḑ,e_to_ē,random_readable_unicode_control	5	5	0.14452685415744776	0.1639951467514038	29.0	22
440	14	8958	2	paraphrase_hum,yes_no_hum	5	ascii_original,d_to_ḑ,e_to_ē,random_readable_unicode_control,s_to_ş	5	5	0.11185135096311564	0.1584521830081939	41.0	29
441	14	12546	2	original_hum,removed_sentence_hum	3	ascii_original,d_to_ḑ,e_to_ē	5	5	0.10909193158149713	0.1344309449195861	38.0	32
442	14	1380	2	paraphrase_hum,yes_no_hum	5	ascii_original,d_to_ḑ,random_readable_unicode_control,s_to_ş,s_to_ṡ	5	5	0.1020499616861343	0.1119931787252426	37.0	33
443	14	11227	2	original_hum,removed_sentence_hum	3	ascii_original,e_to_ē,s_to_ṡ	5	5	0.08738031983375544	0.0948223397135734	42.0	26
444	14	24586	2	just_check_hum,paraphrase_hum	3	ascii_original,d_to_ḑ,random_readable_unicode_control	4	6	0.1728014747301737	0.2816274464130401	26.0	12
445	14	23289	2	just_check_hum,paraphrase_hum	4	ascii_original,d_to_ḑ,e_to_ē,s_to_ṡ	4	6	0.14242601270476973	0.1887495517730713	27.0	19
446	14	5899	2	just_check_hum,yes_no_hum	3	ascii_original,d_to_ḑ,s_to_ṡ	4	6	0.11243086556593573	0.1242452412843704	44.5	31
447	14	978	2	just_check_hum,yes_no_hum	3	e_to_ē,s_to_ş,s_to_ṡ	4	5	0.17980760335922236	0.2995408475399017	36.0	11
448	14	32018	2	paraphrase_hum,yes_no_hum	4	ascii_original,d_to_ḑ,random_readable_unicode_control,s_to_ş	4	5	0.11818523108959193	0.1326509565114975	44.0	32
449	14	12420	2	original_hum,removed_sentence_hum	2	ascii_original,d_to_ḑ	4	4	0.718554899096489	0.7626110315322876	2.0	2
450	14	31939	2	just_check_hum,paraphrase_hum	2	e_to_ē,s_to_ş	4	4	0.24708084762096402	0.3217675387859344	9.0	3
451	14	21166	2	paraphrase_hum,yes_no_hum	4	ascii_original,d_to_ḑ,random_readable_unicode_control,s_to_ṡ	4	4	0.24113202840089792	0.3283596932888031	9.5	5
452	14	29919	2	just_check_hum,yes_no_hum	3	ascii_original,d_to_ḑ,random_readable_unicode_control	4	4	0.1848936732858419	0.2261663675308227	10.0	8
453	14	14015	2	paraphrase_hum,yes_no_hum	3	ascii_original,d_to_ḑ,random_readable_unicode_control	4	4	0.17604792490601537	0.2020898908376693	20.0	15
454	14	6846	2	original_hum,removed_sentence_hum	2	ascii_original,d_to_ḑ	4	4	0.17492455989122388	0.1860626339912414	10.5	10
455	14	1973	2	original_hum,removed_sentence_hum	2	ascii_original,d_to_ḑ	4	4	0.17470493167638773	0.1851623654365539	11.0	9
456	14	872	2	original_hum,removed_sentence_hum	2	ascii_original,d_to_ḑ	4	4	0.1742782592773437	0.2046822607517242	24.5	18
457	14	28627	2	original_hum,removed_sentence_hum	2	ascii_original,d_to_ḑ	4	4	0.17312757670879358	0.192384272813797	24.5	20
458	14	11737	2	paraphrase_hum,yes_no_hum	3	e_to_ē,s_to_ş,s_to_ṡ	4	4	0.1638137213885784	0.1895708441734314	27.5	27
459	14	10992	2	just_check_hum,paraphrase_hum	3	ascii_original,d_to_ḑ,random_readable_unicode_control	4	4	0.155383363366127	0.1630255877971649	41.5	26
460	14	11466	2	original_hum,removed_sentence_hum	2	ascii_original,d_to_ḑ	4	4	0.15382401645183563	0.1597311943769455	32.0	31
461	14	21396	2	just_check_hum,paraphrase_hum	3	e_to_ē,s_to_ş,s_to_ṡ	4	4	0.1523705162107944	0.1921931058168411	28.5	18
462	14	9674	2	just_check_hum,removed_sentence_hum	4	ascii_original,d_to_ḑ,random_readable_unicode_control,s_to_ṡ	4	4	0.15191024541854853	0.186389535665512	18.0	10
463	14	14507	2	original_hum,removed_sentence_hum	2	ascii_original,d_to_ḑ	4	4	0.15175561979413027	0.1597128808498382	33.5	31
464	14	12802	2	original_hum,yes_no_hum	4	ascii_original,d_to_ḑ,random_readable_unicode_control,s_to_ş	4	4	0.14692373201251024	0.2028829753398895	25.0	11
465	14	17889	2	original_hum,removed_sentence_hum	2	ascii_original,d_to_ḑ	4	4	0.13997751660645005	0.1499640941619873	15.0	15
466	14	10019	2	paraphrase_hum,yes_no_hum	3	e_to_ē,s_to_ş,s_to_ṡ	4	4	0.13868736103177068	0.159479483962059	39.5	27
467	14	1007	2	paraphrase_hum,removed_sentence_hum	3	ascii_original,d_to_ḑ,random_readable_unicode_control	4	4	0.13861985504627222	0.1674365252256393	26.5	19
468	14	19440	2	paraphrase_hum,yes_no_hum	3	ascii_original,d_to_ḑ,random_readable_unicode_control	4	4	0.1336019858717918	0.1546346098184585	21.0	19
469	14	3781	2	original_hum,removed_sentence_hum	2	ascii_original,d_to_ḑ	4	4	0.13124568387866015	0.1380297094583511	18.0	18
470	14	16459	2	just_check_hum,original_hum	3	e_to_ē,s_to_ş,s_to_ṡ	4	4	0.12944296747446055	0.1483484953641891	31.0	19
471	14	30634	2	paraphrase_hum,yes_no_hum	3	e_to_ē,s_to_ş,s_to_ṡ	4	4	0.12838404625654218	0.1628484576940536	34.0	18
472	14	84	2	original_hum,paraphrase_hum	4	ascii_original,d_to_ḑ,e_to_ē,random_readable_unicode_control	4	4	0.12804105505347252	0.1516710966825485	41.0	33
473	14	3784	2	original_hum,removed_sentence_hum	3	e_to_ē,random_readable_unicode_control,s_to_ṡ	4	4	0.1263561304658651	0.1363395750522613	35.5	31
474	14	17072	2	original_hum,removed_sentence_hum	2	ascii_original,random_readable_unicode_control	4	4	0.11821907758712767	0.1318877637386322	43.5	37
475	14	3291	2	original_hum,removed_sentence_hum	3	d_to_ḑ,random_readable_unicode_control,s_to_ş	4	4	0.11337725445628162	0.1350038200616836	40.0	37
476	14	17167	2	just_check_hum,paraphrase_hum	3	e_to_ē,random_readable_unicode_control,s_to_ş	4	4	0.1125150546431541	0.1182135567069053	43.5	34
477	14	6318	2	just_check_hum,yes_no_hum	4	ascii_original,d_to_ḑ,e_to_ē,random_readable_unicode_control	4	4	0.11206632480025287	0.1224566921591758	44.5	32
478	14	23957	2	original_hum,removed_sentence_hum	2	ascii_original,d_to_ḑ	4	4	0.11155852116644377	0.1367137730121612	30.5	17
479	14	28095	2	original_hum,yes_no_hum	3	ascii_original,d_to_ḑ,random_readable_unicode_control	4	4	0.1110295988619327	0.1158576607704162	41.0	33
480	14	30950	2	original_hum,removed_sentence_hum	2	ascii_original,d_to_ḑ	4	4	0.11037729308009142	0.123361699283123	29.5	21
481	14	5032	2	original_hum,removed_sentence_hum	2	ascii_original,d_to_ḑ	4	4	0.11027984693646428	0.1188305020332336	29.5	26
482	14	6477	2	original_hum,removed_sentence_hum	2	ascii_original,d_to_ḑ	4	4	0.10911054164171213	0.1207145825028419	28.0	24
483	14	372	2	original_hum,removed_sentence_hum	2	d_to_ḑ,e_to_ē	4	4	0.10867527499794957	0.134573295712471	35.5	25
484	14	17225	2	original_hum,removed_sentence_hum	2	d_to_ḑ,e_to_ē	4	4	0.10260031744837758	0.1230947598814964	35.0	27
485	14	22208	2	original_hum,removed_sentence_hum	2	ascii_original,d_to_ḑ	4	4	0.09591518156230446	0.0985134094953537	40.0	36
486	14	26615	2	original_hum,removed_sentence_hum	3	ascii_original,d_to_ḑ,s_to_ṡ	4	4	0.07888315245509145	0.0932164341211319	44.0	26
487	14	22608	2	original_hum,removed_sentence_hum	3	ascii_original,d_to_ḑ,s_to_ṡ	4	4	0.0787781439721584	0.0845703780651092	40.0	35
488	14	11315	2	original_hum,removed_sentence_hum	2	e_to_ē,random_readable_unicode_control	3	5	0.14745885431766503	0.1691054701805114	21.0	16
489	14	13861	2	just_check_hum,yes_no_hum	2	e_to_ē,s_to_ş	3	4	0.15300972759723663	0.2006799429655075	24.5	8
490	14	2260	2	just_check_hum,original_hum	2	s_to_ş,s_to_ṡ	3	4	0.11770960502326483	0.1643568277359008	47.0	38
491	14	15651	2	just_check_hum,yes_no_hum	3	ascii_original,d_to_ḑ,random_readable_unicode_control	3	3	0.6532536347707113	0.6710543632507324	2.0	2
492	14	27136	2	just_check_hum,removed_sentence_hum	2	random_readable_unicode_control,s_to_ş	3	3	0.40917009115219116	0.5613895058631897	6.0	6
493	14	31385	2	just_check_hum,paraphrase_hum	2	s_to_ş,s_to_ṡ	3	3	0.40530013541380566	0.6202830076217651	5.0	2
494	14	17628	2	just_check_hum,yes_no_hum	3	ascii_original,d_to_ḑ,random_readable_unicode_control	3	3	0.27931180596351624	0.3010485768318176	4.0	4
495	14	17440	2	just_check_hum,yes_no_hum	3	ascii_original,d_to_ḑ,random_readable_unicode_control	3	3	0.21539397041002908	0.2371998429298401	6.0	5
496	14	8973	2	just_check_hum,yes_no_hum	2	ascii_original,d_to_ḑ	3	3	0.19891755282878867	0.2589212656021118	15.0	13
497	14	25662	2	paraphrase_hum,yes_no_hum	2	e_to_ē,s_to_ş	3	3	0.19379936655362442	0.248829036951065	15.0	15
498	14	30811	2	original_hum,removed_sentence_hum	2	e_to_ē,random_readable_unicode_control	3	3	0.1930527140696843	0.2011252343654632	14.0	11
499	14	19625	2	original_hum,removed_sentence_hum	2	random_readable_unicode_control,s_to_ṡ	3	3	0.17185315986474356	0.2079927772283554	17.0	14
500	14	31119	2	original_hum,removed_sentence_hum	2	random_readable_unicode_control,s_to_ş	3	3	0.1697029471397399	0.2103521823883056	29.0	6
501	14	22516	2	just_check_hum,paraphrase_hum	3	ascii_original,d_to_ḑ,random_readable_unicode_control	3	3	0.1670594215393066	0.174648255109787	37.0	35
502	14	25942	2	just_check_hum,yes_no_hum	3	ascii_original,d_to_ḑ,random_readable_unicode_control	3	3	0.16483844568332032	0.1951209604740142	12.0	10
503	14	8497	2	just_check_hum,yes_no_hum	3	d_to_ḑ,e_to_ē,s_to_ş	3	3	0.1642568906148274	0.188316524028778	28.0	18
504	14	18091	2	original_hum,removed_sentence_hum	2	random_readable_unicode_control,s_to_ş	3	3	0.16167365511258439	0.1726100742816925	23.0	15
505	14	28012	2	just_check_hum,yes_no_hum	3	ascii_original,d_to_ḑ,random_readable_unicode_control	3	3	0.16152706742286677	0.1741653978824615	20.0	18
506	14	9336	2	original_hum,removed_sentence_hum	2	e_to_ē,random_readable_unicode_control	3	3	0.1613256707787513	0.1823372542858123	15.0	13
507	14	31795	2	just_check_hum,yes_no_hum	3	ascii_original,d_to_ḑ,random_readable_unicode_control	3	3	0.16017844279607132	0.1619276702404022	20.0	16
508	14	268	2	original_hum,removed_sentence_hum	2	random_readable_unicode_control,s_to_ş	3	3	0.15853618582089737	0.1760281324386596	27.0	13
509	14	9345	2	just_check_hum,yes_no_hum	3	ascii_original,d_to_ḑ,random_readable_unicode_control	3	3	0.1577896922826766	0.1822438240051269	19.0	14
510	14	24030	2	just_check_hum,paraphrase_hum	3	ascii_original,d_to_ḑ,random_readable_unicode_control	3	3	0.15656283001104987	0.201635867357254	36.0	20
511	14	25848	2	just_check_hum,yes_no_hum	3	ascii_original,d_to_ḑ,random_readable_unicode_control	3	3	0.15179892877737677	0.1730587780475616	25.0	14
512	14	22601	2	original_hum,removed_sentence_hum	2	e_to_ē,random_readable_unicode_control	3	3	0.15028808514277137	0.1645330488681793	19.0	17
513	14	26156	2	original_hum,removed_sentence_hum	2	e_to_ē,random_readable_unicode_control	3	3	0.14834417899449662	0.1513659954071045	21.0	20
514	14	15473	2	original_hum,removed_sentence_hum	2	d_to_ḑ,e_to_ē	3	3	0.14745358129342392	0.1695455461740493	17.0	17
515	14	29404	2	just_check_hum,removed_sentence_hum	3	e_to_ē,random_readable_unicode_control,s_to_ṡ	3	3	0.14655505865812296	0.2125026881694793	36.0	11
516	14	10920	2	just_check_hum,paraphrase_hum	2	d_to_ḑ,s_to_ş	3	3	0.1431081543366114	0.1496870070695877	45.0	30
517	14	20101	2	just_check_hum,paraphrase_hum	2	e_to_ē,s_to_ş	3	3	0.143104409178098	0.1725639849901199	36.0	26
518	14	2869	2	original_hum,removed_sentence_hum	2	random_readable_unicode_control,s_to_ş	3	3	0.13943182428677872	0.1681267917156219	35.0	14
519	14	11646	2	original_hum,removed_sentence_hum	2	ascii_original,d_to_ḑ	3	3	0.13749519983927408	0.1396733075380325	40.0	37
520	14	12237	2	original_hum,paraphrase_hum	3	ascii_original,d_to_ḑ,random_readable_unicode_control	3	3	0.1358271241188049	0.1443416029214859	24.0	23
521	14	23991	2	original_hum,removed_sentence_hum	2	random_readable_unicode_control,s_to_ş	3	3	0.13455294072628018	0.1427182257175445	37.0	22
522	14	32339	2	original_hum,removed_sentence_hum	2	random_readable_unicode_control,s_to_ş	3	3	0.13451285163561497	0.1445679664611816	26.0	24
523	14	20018	2	just_check_hum,yes_no_hum	3	ascii_original,d_to_ḑ,random_readable_unicode_control	3	3	0.13289962957302726	0.1478332877159118	25.0	24
524	14	19879	2	paraphrase_hum,yes_no_hum	2	ascii_original,random_readable_unicode_control	3	3	0.13221417615811024	0.1952796578407287	45.0	19
525	14	31060	2	original_hum,removed_sentence_hum	2	random_readable_unicode_control,s_to_ş	3	3	0.12943884730339048	0.143486350774765	42.0	21
526	14	3344	2	original_hum,removed_sentence_hum	2	e_to_ē,random_readable_unicode_control	3	3	0.12458239992459609	0.1332138925790786	26.0	26
527	14	21024	2	just_check_hum,yes_no_hum	3	ascii_original,d_to_ḑ,random_readable_unicode_control	3	3	0.12272439400355013	0.1579629182815551	37.0	21
528	14	24528	2	original_hum,removed_sentence_hum	2	e_to_ē,random_readable_unicode_control	3	3	0.12112176418304439	0.1415883600711822	29.0	23
529	14	21591	2	just_check_hum,yes_no_hum	2	ascii_original,d_to_ḑ	3	3	0.12086300055185954	0.1288849115371704	28.0	24
530	14	20089	2	original_hum,removed_sentence_hum	2	random_readable_unicode_control,s_to_ş	3	3	0.11840285112460451	0.1264949291944503	43.0	42
531	14	6483	2	original_hum,removed_sentence_hum	2	e_to_ē,random_readable_unicode_control	3	3	0.11789208898941668	0.1355650275945663	25.0	25
532	14	410	2	just_check_hum,paraphrase_hum	2	e_to_ē,random_readable_unicode_control	3	3	0.11786372959613796	0.1331208050251007	49.0	30
533	14	7088	2	just_check_hum,removed_sentence_hum	3	e_to_ē,random_readable_unicode_control,s_to_ş	3	3	0.11759600291649497	0.1382227391004562	32.0	27
534	14	13962	2	just_check_hum,yes_no_hum	2	ascii_original,d_to_ḑ	3	3	0.1148899843295415	0.1274556517601013	46.0	43
535	14	22687	2	original_hum,removed_sentence_hum	2	d_to_ḑ,s_to_ṡ	3	3	0.11378561456998183	0.1169364154338836	46.0	46
536	14	11997	2	just_check_hum,yes_no_hum	3	ascii_original,d_to_ḑ,random_readable_unicode_control	3	3	0.11339806765317913	0.1250572502613067	38.0	34
537	14	28824	2	original_hum,yes_no_hum	2	random_readable_unicode_control,s_to_ş	3	3	0.11110199491182955	0.1228980869054794	40.0	35
538	14	4560	2	original_hum,removed_sentence_hum	2	e_to_ē,random_readable_unicode_control	3	3	0.1110712538162867	0.1396425515413284	38.0	25
539	14	323	2	just_check_hum,removed_sentence_hum	3	e_to_ē,random_readable_unicode_control,s_to_ş	3	3	0.11088866243759787	0.1276586502790451	42.0	30
540	14	31016	2	original_hum,removed_sentence_hum	2	random_readable_unicode_control,s_to_ş	3	3	0.10601641734441115	0.1206945776939392	37.0	31
541	14	32680	2	original_hum,removed_sentence_hum	2	e_to_ē,s_to_ṡ	3	3	0.10028334707021706	0.1142815724015235	31.0	28
542	14	4631	2	paraphrase_hum,yes_no_hum	3	ascii_original,e_to_ē,s_to_ṡ	3	3	0.10027589400609332	0.1222805231809616	40.0	32
543	14	15493	2	original_hum,removed_sentence_hum	2	s_to_ş,s_to_ṡ	3	3	0.09921655058860777	0.1048387140035629	44.0	44
544	14	3575	2	original_hum,removed_sentence_hum	2	e_to_ē,random_readable_unicode_control	3	3	0.09856546421845751	0.1113775521516799	38.0	38
545	14	15117	2	paraphrase_hum,yes_no_hum	2	e_to_ē,s_to_ş	3	3	0.09655148784319556	0.1065371930599212	43.0	35
546	14	31267	2	original_hum,removed_sentence_hum	2	ascii_original,d_to_ḑ	3	3	0.0946382159988085	0.1022349521517753	44.0	33
547	14	31558	2	original_hum,removed_sentence_hum	2	ascii_original,d_to_ḑ	3	3	0.0915396908919016	0.095411829650402	45.0	41
548	14	24697	2	original_hum,removed_sentence_hum	1	s_to_ş	2	4	0.14551307074725625	0.1797336637973785	32.5	32
549	14	2250	2	just_check_hum,yes_no_hum	1	s_to_ş	2	3	0.15292150775591526	0.1607291102409362	20.0	14
550	14	24708	2	removed_sentence_hum,yes_no_hum	1	e_to_ē	2	3	0.14173836509386692	0.1923843175172805	42.0	26
551	14	6427	2	original_hum,removed_sentence_hum	1	e_to_ē	2	3	0.10771052042643225	0.1130232661962509	47.0	43
552	14	12700	2	just_check_hum,paraphrase_hum	1	s_to_ṡ	2	2	0.413115918636322	0.4531692862510681	6.0	5
553	14	1127	2	original_hum,removed_sentence_hum	1	s_to_ṡ	2	2	0.32904690504074097	0.3313943743705749	2.0	2
554	14	4114	2	just_check_hum,removed_sentence_hum	1	random_readable_unicode_control	2	2	0.27048933506011963	0.2763062119483948	15.0	13
555	14	26316	2	original_hum,removed_sentence_hum	1	e_to_ē	2	2	0.2437940165400505	0.2500772476196289	8.0	8
556	14	27730	2	just_check_hum,removed_sentence_hum	1	random_readable_unicode_control	2	2	0.24081584811210632	0.2528007924556732	18.0	16
557	14	18210	2	just_check_hum,paraphrase_hum	1	s_to_ṡ	2	2	0.23233135044574735	0.2882105708122253	17.5	12
558	14	22460	2	paraphrase_hum,yes_no_hum	1	e_to_ē	2	2	0.2296152114868164	0.2415771484375	15.0	14
559	14	2388	2	just_check_hum,yes_no_hum	2	random_readable_unicode_control,s_to_ṡ	2	2	0.22630886733531946	0.2542425394058227	18.5	10
560	14	16748	2	paraphrase_hum,yes_no_hum	1	s_to_ṡ	2	2	0.22162782400846479	0.2511301636695862	12.0	11
561	14	21685	2	original_hum,removed_sentence_hum	1	s_to_ṡ	2	2	0.22126260399818415	0.2219086587429046	5.0	5
562	14	28088	2	original_hum,removed_sentence_hum	1	s_to_ş	2	2	0.2173470556735992	0.2262459099292755	8.0	7
563	14	28950	2	just_check_hum,paraphrase_hum	1	s_to_ṡ	2	2	0.21381806582212445	0.2422656714916229	22.0	14
564	14	29208	2	just_check_hum,paraphrase_hum	2	s_to_ş,s_to_ṡ	2	2	0.2136860489845276	0.2663296163082123	22.0	11
565	14	5206	2	just_check_hum,paraphrase_hum	1	e_to_ē	2	2	0.21072405576705933	0.2619260251522064	15.0	8
566	14	4164	2	original_hum,removed_sentence_hum	1	s_to_ş	2	2	0.20285320281982422	0.2135082185268402	10.0	9
567	14	5941	2	original_hum,removed_sentence_hum	1	s_to_ş	2	2	0.20266649127006525	0.2113151401281356	21.5	19
568	14	22598	2	original_hum,removed_sentence_hum	1	s_to_ş	2	2	0.20146660506725306	0.2063943147659301	22.0	21
569	14	21075	2	just_check_hum,yes_no_hum	2	random_readable_unicode_control,s_to_ş	2	2	0.20086349546909332	0.2758306562900543	25.0	8
570	14	18004	2	original_hum,removed_sentence_hum	1	s_to_ş	2	2	0.20065116882324216	0.2050364464521408	14.5	14
571	14	26685	2	paraphrase_hum,yes_no_hum	1	s_to_ṡ	2	2	0.19856202602386475	0.2058514952659607	16.5	14
572	14	25587	2	original_hum,removed_sentence_hum	1	s_to_ṡ	2	2	0.19804702699184415	0.2001785337924957	7.0	7
573	14	19621	2	just_check_hum,paraphrase_hum	1	s_to_ş	2	2	0.19307868555188173	0.2645102739334106	30.0	10
574	14	31454	2	paraphrase_hum,yes_no_hum	1	e_to_ē	2	2	0.19162976741790771	0.1967450976371765	25.0	20
575	14	12101	2	original_hum,removed_sentence_hum	1	s_to_ş	2	2	0.18918202072381968	0.1954075098037719	11.5	11
576	14	11991	2	original_hum,removed_sentence_hum	1	s_to_ṡ	2	2	0.18365001678466797	0.185075968503952	9.5	9
577	14	14619	2	paraphrase_hum,yes_no_hum	1	s_to_ṡ	2	2	0.18278296291828156	0.2333429157733917	24.0	15
578	14	30114	2	original_hum,removed_sentence_hum	1	e_to_ē	2	2	0.17873373627662653	0.1867481917142868	22.0	21
579	14	3046	2	paraphrase_hum,yes_no_hum	2	d_to_ḑ,random_readable_unicode_control	2	2	0.1775791831314563	0.2438004314899444	27.0	12
580	14	23454	2	just_check_hum,removed_sentence_hum	1	random_readable_unicode_control	2	2	0.1770597249269485	0.2146734595298767	29.0	21
581	14	16495	2	original_hum,removed_sentence_hum	1	s_to_ṡ	2	2	0.17488828301429743	0.1776993870735168	10.5	10
582	14	5404	2	just_check_hum,original_hum	1	s_to_ş	2	2	0.17422581464052195	0.2034892141819	30.5	19
583	14	28168	2	just_check_hum,original_hum	2	random_readable_unicode_control,s_to_ş	2	2	0.17297087609767908	0.2103895843029022	30.0	18
584	14	11503	2	original_hum,removed_sentence_hum	1	s_to_ş	2	2	0.17220919579267496	0.1734844893217086	21.0	20
585	14	22087	2	original_hum,removed_sentence_hum	1	s_to_ṡ	2	2	0.17187210917472834	0.1727176010608673	11.5	11
586	14	4437	2	just_check_hum,removed_sentence_hum	1	random_readable_unicode_control	2	2	0.1714204922318458	0.2201623320579528	33.5	20
587	14	29150	2	paraphrase_hum,yes_no_hum	1	s_to_ṡ	2	2	0.16688077151775355	0.1865523755550384	23.0	15
588	14	10627	2	original_hum,removed_sentence_hum	1	s_to_ṡ	2	2	0.16671521961688995	0.1694660782814026	23.0	22
589	14	14247	2	just_check_hum,paraphrase_hum	1	s_to_ṡ	2	2	0.16593997180461878	0.1783380806446075	30.0	28
590	14	12569	2	original_hum,removed_sentence_hum	1	s_to_ṡ	2	2	0.16424357146024698	0.171034961938858	12.5	12
591	14	4104	2	just_check_hum,yes_no_hum	2	random_readable_unicode_control,s_to_ṡ	2	2	0.16329374909400934	0.1675019413232803	32.0	29
592	14	3676	2	just_check_hum,yes_no_hum	2	random_readable_unicode_control,s_to_ṡ	2	2	0.1615137755870819	0.1990423798561096	33.0	23
593	14	14712	2	just_check_hum,removed_sentence_hum	1	random_readable_unicode_control	2	2	0.16105365753173823	0.1764880716800689	33.0	25
594	14	18982	2	original_hum,removed_sentence_hum	1	e_to_ē	2	2	0.16044632345437998	0.1639755666255951	20.0	19
595	14	16358	2	original_hum,removed_sentence_hum	1	s_to_ş	2	2	0.15969905257225034	0.166042298078537	37.5	37
596	14	19998	2	original_hum,removed_sentence_hum	1	e_to_ē	2	2	0.15812973678112024	0.1604121476411819	26.0	26
597	14	16147	2	original_hum,removed_sentence_hum	1	s_to_ş	2	2	0.15771248936653137	0.1742534041404724	15.5	14
598	14	22393	2	just_check_hum,paraphrase_hum	1	s_to_ṡ	2	2	0.15601938962936396	0.1631080210208892	35.0	26
599	14	14455	2	paraphrase_hum,yes_no_hum	1	s_to_ṡ	2	2	0.15358294546604156	0.1553978323936462	25.5	23
600	14	8462	2	original_hum,removed_sentence_hum	1	d_to_ḑ	2	2	0.15183538943529123	0.1534454226493835	37.5	37
601	14	28081	2	just_check_hum,original_hum	2	random_readable_unicode_control,s_to_ş	2	2	0.15087087452411652	0.1524049490690231	33.0	33
602	14	19955	2	original_hum,removed_sentence_hum	1	s_to_ş	2	2	0.15039924532175059	0.1628067791461944	44.5	40
603	14	12373	2	paraphrase_hum,yes_no_hum	1	s_to_ṡ	2	2	0.1489879041910171	0.1622387766838073	26.5	25
604	14	15475	2	just_check_hum,yes_no_hum	2	random_readable_unicode_control,s_to_ṡ	2	2	0.14830084890127182	0.1520125716924667	38.5	35
605	14	24065	2	original_hum,removed_sentence_hum	1	s_to_ş	2	2	0.1480030640959739	0.1565286219120025	45.0	42
606	14	995	2	original_hum,removed_sentence_hum	1	s_to_ş	2	2	0.1471665799617767	0.1555272042751312	16.5	15
607	14	32000	2	just_check_hum,paraphrase_hum	1	d_to_ḑ	2	2	0.14581178128719324	0.1474271416664123	39.5	31
608	14	23065	2	original_hum,removed_sentence_hum	1	s_to_ṡ	2	2	0.1456661820411682	0.1480964422225952	19.0	18
609	14	21821	2	original_hum,removed_sentence_hum	1	ascii_original	2	2	0.14560464024543757	0.1489847302436828	32.5	30
610	14	11320	2	original_hum,removed_sentence_hum	1	s_to_ş	2	2	0.14496168494224546	0.1491715312004089	45.5	45
611	14	28804	2	just_check_hum,removed_sentence_hum	1	random_readable_unicode_control	2	2	0.14490406215190885	0.1466968953609466	37.5	31
612	14	18283	2	just_check_hum,paraphrase_hum	1	s_to_ṡ	2	2	0.1436025202274322	0.1649434864521026	37.0	36
613	14	26530	2	original_hum,removed_sentence_hum	1	e_to_ē	2	2	0.1426734253764152	0.1438268274068832	30.5	30
614	14	15832	2	just_check_hum,paraphrase_hum	1	e_to_ē	2	2	0.14233346283435816	0.1550470441579818	36.0	24
615	14	18497	2	just_check_hum,paraphrase_hum	1	e_to_ē	2	2	0.1422917544841766	0.1556628942489624	36.0	23
616	14	28039	2	original_hum,removed_sentence_hum	1	s_to_ş	2	2	0.14033581316471094	0.1408811211585998	33.0	32
617	14	10221	2	original_hum,removed_sentence_hum	1	ascii_original	2	2	0.140232965350151	0.141812115907669	36.0	36
618	14	10074	2	original_hum,removed_sentence_hum	1	s_to_ş	2	2	0.14019192755222315	0.140426754951477	33.0	33
619	14	25797	2	paraphrase_hum,yes_no_hum	1	e_to_ē	2	2	0.13896954804658884	0.1402424275875091	41.0	38
620	14	5144	2	original_hum,removed_sentence_hum	1	e_to_ē	2	2	0.13809239864349365	0.1393512189388275	32.0	31
621	14	4718	2	original_hum,removed_sentence_hum	1	ascii_original	2	2	0.13580346852540964	0.1369331777095794	39.0	38
622	14	28629	2	just_check_hum,removed_sentence_hum	1	random_readable_unicode_control	2	2	0.13404130935668945	0.1484706997871399	44.5	40
623	14	17357	2	paraphrase_hum,yes_no_hum	1	s_to_ṡ	2	2	0.13359001278877256	0.1612548679113388	37.5	26
624	14	5925	2	just_check_hum,paraphrase_hum	1	s_to_ṡ	2	2	0.13329696655273435	0.1363742053508758	27.5	21
625	14	24062	2	just_check_hum,yes_no_hum	2	e_to_ē,s_to_ş	2	2	0.13298717141151425	0.1364461332559585	33.0	21
626	14	22870	2	original_hum,removed_sentence_hum	1	ascii_original	2	2	0.1328809484839439	0.1378751099109649	42.5	38
627	14	19695	2	original_hum,yes_no_hum	1	random_readable_unicode_control	2	2	0.13213328272104258	0.153984397649765	36.5	30
628	14	4811	2	original_hum,removed_sentence_hum	2	e_to_ē,random_readable_unicode_control	2	2	0.13146737217903134	0.1385628134012222	41.0	41
629	14	18912	2	original_hum,removed_sentence_hum	1	s_to_ş	2	2	0.1309112831950187	0.1317658126354217	27.0	25
630	14	18376	2	paraphrase_hum,yes_no_hum	1	s_to_ṡ	2	2	0.13090492784976954	0.1363126337528228	35.0	34
631	14	9170	2	original_hum,removed_sentence_hum	1	s_to_ṡ	2	2	0.13061664998531336	0.1336055099964141	25.0	25
632	14	29791	2	original_hum,removed_sentence_hum	1	ascii_original	2	2	0.1300490796566009	0.1311428844928741	44.0	43
633	14	6038	2	just_check_hum,paraphrase_hum	2	e_to_ē,s_to_ş	2	2	0.12990492582321164	0.1379082351922989	38.5	35
634	14	18129	2	just_check_hum,yes_no_hum	2	e_to_ē,s_to_ṡ	2	2	0.12895586341619486	0.1357771158218383	40.0	35
635	14	21486	2	original_hum,removed_sentence_hum	1	ascii_original	2	2	0.1289471387863159	0.131014883518219	46.5	44
636	14	3678	2	just_check_hum,yes_no_hum	1	s_to_ṡ	2	2	0.1280600577592849	0.1388100385665893	38.0	33
637	14	15998	2	original_hum,removed_sentence_hum	1	e_to_ē	2	2	0.12798690050840375	0.1294704377651214	29.0	29
638	14	27516	2	original_hum,removed_sentence_hum	1	s_to_ṡ	2	2	0.1270057782530784	0.1299735307693481	41.5	41
639	14	11429	2	removed_sentence_hum,yes_no_hum	2	d_to_ḑ,s_to_ş	2	2	0.1265018284320831	0.1333417296409607	47.5	46
640	14	11627	2	original_hum,removed_sentence_hum	1	s_to_ṡ	2	2	0.12559671327471725	0.1316441595554351	27.5	26
641	14	22289	2	original_hum,removed_sentence_hum	1	s_to_ş	2	2	0.1254382133483886	0.1310037970542907	22.5	21
642	14	28785	2	original_hum,removed_sentence_hum	1	s_to_ṡ	2	2	0.12486171349883075	0.1274037659168243	43.0	40
643	14	31903	2	paraphrase_hum,yes_no_hum	2	random_readable_unicode_control,s_to_ṡ	2	2	0.12456521391868589	0.1270160526037216	40.0	39
644	14	4002	2	just_check_hum,removed_sentence_hum	2	ascii_original,random_readable_unicode_control	2	2	0.1236931905150413	0.1390140652656555	30.0	18
645	14	14418	2	just_check_hum,paraphrase_hum	1	e_to_ē	2	2	0.12363104522228235	0.14566370844841	39.0	38
646	14	30141	2	original_hum,removed_sentence_hum	1	e_to_ē	2	2	0.12292239069938654	0.1246605664491653	32.5	30
647	14	12399	2	original_hum,removed_sentence_hum	2	ascii_original,random_readable_unicode_control	2	2	0.12267402559518811	0.1574139297008514	31.5	13
648	14	21039	2	original_hum,removed_sentence_hum	1	s_to_ṡ	2	2	0.12214002013206475	0.1276189982891082	29.5	28
649	14	28904	2	original_hum,removed_sentence_hum	1	s_to_ṡ	2	2	0.12211863696575159	0.1222012192010879	45.0	43
650	14	20560	2	just_check_hum,removed_sentence_hum	1	e_to_ē	2	2	0.1218607500195503	0.1245525702834129	43.5	43
651	14	14490	2	just_check_hum,paraphrase_hum	1	e_to_ē	2	2	0.1209933459758758	0.1456953585147857	40.5	37
652	14	941	2	paraphrase_hum,yes_no_hum	1	s_to_ṡ	2	2	0.12096315994858735	0.1224084943532943	42.0	40
653	14	4605	2	original_hum,removed_sentence_hum	1	e_to_ē	2	2	0.1203955821692943	0.1220823153853416	33.5	33
654	14	32358	2	original_hum,removed_sentence_hum	1	ascii_original	2	2	0.12015724182128901	0.1246265470981597	46.0	43
655	14	29828	2	original_hum,removed_sentence_hum	1	s_to_ṡ	2	2	0.12010129913687705	0.124447263777256	45.5	44
656	14	9276	2	original_hum,yes_no_hum	1	s_to_ṡ	2	2	0.11974183097481725	0.1225640848278999	48.0	46
657	14	28791	2	just_check_hum,removed_sentence_hum	1	s_to_ş	2	2	0.118394274264574	0.1381981670856475	42.5	42
658	14	24331	2	original_hum,removed_sentence_hum	2	ascii_original,random_readable_unicode_control	2	2	0.1183930188417434	0.1217739582061767	40.5	40
659	14	16062	2	paraphrase_hum,yes_no_hum	1	s_to_ṡ	2	2	0.11837093532085416	0.1213358789682388	43.5	42
660	14	20320	2	original_hum,yes_no_hum	2	d_to_ḑ,random_readable_unicode_control	2	2	0.11700804159045214	0.1238724514842033	42.0	36
661	14	7799	2	just_check_hum,yes_no_hum	2	ascii_original,e_to_ē	2	2	0.11602029949426645	0.126987800002098	43.5	41
662	14	1298	2	just_check_hum,removed_sentence_hum	2	e_to_ē,random_readable_unicode_control	2	2	0.11594735831022254	0.1184569597244262	32.0	27
663	14	23186	2	original_hum,removed_sentence_hum	1	s_to_ş	2	2	0.11587502434849735	0.1267494261264801	25.0	21
664	14	29407	2	just_check_hum,removed_sentence_hum	1	e_to_ē	2	2	0.1153486594557762	0.1162833571434021	47.5	47
665	14	13404	2	original_hum,paraphrase_hum	1	s_to_ṡ	2	2	0.1151951104402542	0.1328078955411911	36.0	32
666	14	24489	2	just_check_hum,yes_no_hum	2	d_to_ḑ,random_readable_unicode_control	2	2	0.11496113985776901	0.1233319342136383	37.5	36
667	14	18812	2	original_hum,removed_sentence_hum	1	s_to_ṡ	2	2	0.11451807618141169	0.1170580759644508	49.5	49
668	14	732	2	original_hum,removed_sentence_hum	1	e_to_ē	2	2	0.11432634294033045	0.1165688037872314	46.0	45
669	14	17471	2	original_hum,removed_sentence_hum	1	e_to_ē	2	2	0.1138238757848739	0.1207036674022674	41.5	36
670	14	12257	2	original_hum,removed_sentence_hum	2	e_to_ē,random_readable_unicode_control	2	2	0.11348913609981534	0.1195962131023407	41.0	37
671	14	27093	2	original_hum,removed_sentence_hum	1	s_to_ṡ	2	2	0.1130489520728588	0.1162573769688606	37.5	37
672	14	9679	2	paraphrase_hum,yes_no_hum	2	random_readable_unicode_control,s_to_ş	2	2	0.1129533909261226	0.1295936703681945	40.5	38
673	14	2380	2	original_hum,removed_sentence_hum	1	e_to_ē	2	2	0.1128456220030784	0.1199150085449218	41.5	37
674	14	28025	2	original_hum,yes_no_hum	2	ascii_original,s_to_ş	2	2	0.11269555985927579	0.1159526854753494	40.5	34
675	14	29059	2	just_check_hum,paraphrase_hum	2	random_readable_unicode_control,s_to_ş	2	2	0.1124801561236381	0.123251661658287	41.5	40
676	14	14998	2	original_hum,removed_sentence_hum	1	e_to_ē	2	2	0.11227896809577935	0.1123199760913848	47.0	44
677	14	13610	2	original_hum,removed_sentence_hum	1	s_to_ş	2	2	0.1121004335582256	0.1158313378691673	28.0	25
678	14	10948	2	original_hum,removed_sentence_hum	1	s_to_ş	2	2	0.1118061766028404	0.1120489239692688	49.5	49
679	14	12433	2	original_hum,paraphrase_hum	2	ascii_original,e_to_ē	2	2	0.1115065291523933	0.1190174221992492	40.5	35
680	14	10913	2	original_hum,removed_sentence_hum	1	e_to_ē	2	2	0.1109752915799617	0.1164274886250495	41.0	37
681	14	17310	2	original_hum,removed_sentence_hum	1	s_to_ṡ	2	2	0.11019771173596375	0.1195775866508483	32.5	28
682	14	25857	2	just_check_hum,original_hum	1	random_readable_unicode_control	2	2	0.11011214926838869	0.114121027290821	40.0	31
683	14	27392	2	original_hum,removed_sentence_hum	1	s_to_ṡ	2	2	0.10727801918983454	0.1100331768393516	33.5	31
684	14	11596	2	original_hum,removed_sentence_hum	1	s_to_ṡ	2	2	0.10724579542875284	0.1086622476577758	33.0	32
685	14	2221	2	original_hum,removed_sentence_hum	1	e_to_ē	2	2	0.10692345723509786	0.1117483228445053	46.0	42
686	14	17861	2	just_check_hum,yes_no_hum	2	d_to_ḑ,random_readable_unicode_control	2	2	0.10560141503810874	0.1101326644420623	47.0	46
687	14	4850	2	original_hum,removed_sentence_hum	1	ascii_original	2	2	0.105481281876564	0.1058369055390358	32.5	30
688	14	32054	2	original_hum,removed_sentence_hum	1	s_to_ṡ	2	2	0.10540878027677535	0.108211912214756	35.0	35
689	14	22314	2	just_check_hum,yes_no_hum	2	e_to_ē,s_to_ṡ	2	2	0.10513676702976224	0.1162026673555374	48.0	46
690	14	22752	2	original_hum,removed_sentence_hum	1	s_to_ş	2	2	0.10496765375137325	0.1062675341963768	50.0	50
691	14	23785	2	original_hum,removed_sentence_hum	2	e_to_ē,random_readable_unicode_control	2	2	0.10473664849996565	0.125574916601181	38.5	27
692	14	17259	2	original_hum,removed_sentence_hum	1	e_to_ē	2	2	0.1045289374887943	0.1064330786466598	49.0	49
693	14	6873	2	just_check_hum,removed_sentence_hum	2	e_to_ē,s_to_ş	2	2	0.10317202657461161	0.1139398962259292	37.0	26
694	14	3484	2	just_check_hum,removed_sentence_hum	2	ascii_original,random_readable_unicode_control	2	2	0.102874219417572	0.109026238322258	39.0	38
695	14	28149	2	original_hum,removed_sentence_hum	1	ascii_original	2	2	0.10278909280896185	0.1040707379579544	34.5	32
696	14	20142	2	original_hum,removed_sentence_hum	1	d_to_ḑ	2	2	0.10245542228221885	0.1032751351594924	40.5	40
697	14	20714	2	original_hum,removed_sentence_hum	1	e_to_ē	2	2	0.1005076915025711	0.1024872213602066	35.5	35
698	14	29115	2	paraphrase_hum,yes_no_hum	2	ascii_original,d_to_ḑ	2	2	0.1003792360424995	0.1046870946884155	44.5	42
699	14	2124	2	original_hum,removed_sentence_hum	1	s_to_ṡ	2	2	0.1003333926200866	0.1036825627088546	39.5	38
700	14	22348	2	just_check_hum,yes_no_hum	2	e_to_ē,s_to_ṡ	2	2	0.10010456666350359	0.1039504185318946	37.5	32
701	14	19533	2	original_hum,removed_sentence_hum	1	s_to_ş	2	2	0.0985995978116989	0.1132913753390312	34.0	29
702	14	20762	2	original_hum,removed_sentence_hum	1	e_to_ē	2	2	0.09835403412580485	0.106817677617073	40.0	33
703	14	1803	2	original_hum,removed_sentence_hum	1	d_to_ḑ	2	2	0.09785657376050945	0.1015559509396553	38.0	33
704	14	16239	2	original_hum,removed_sentence_hum	1	s_to_ṡ	2	2	0.09778232127428049	0.0981519073247909	43.0	39
705	14	4301	2	original_hum,removed_sentence_hum	1	s_to_ṡ	2	2	0.09758816659450525	0.0998753607273101	43.0	43
706	14	22153	2	original_hum,removed_sentence_hum	1	e_to_ē	2	2	0.09672816842794416	0.1071712672710418	38.0	31
707	14	30807	2	original_hum,removed_sentence_hum	1	s_to_ṡ	2	2	0.09669376164674755	0.0989168584346771	45.5	45
708	14	27709	2	original_hum,removed_sentence_hum	1	s_to_ṡ	2	2	0.0959862992167472	0.0981786996126174	46.5	46
709	14	24704	2	original_hum,removed_sentence_hum	1	d_to_ḑ	2	2	0.0940933004021644	0.0945088639855384	41.5	41
710	14	20678	2	original_hum,removed_sentence_hum	1	s_to_ş	2	2	0.09373141825199124	0.0978667363524437	47.5	45
711	14	13252	2	original_hum,removed_sentence_hum	1	s_to_ş	2	2	0.09123152866959565	0.0955275669693946	35.5	35
712	14	210	2	original_hum,removed_sentence_hum	1	ascii_original	2	2	0.0896948650479316	0.0909337773919105	47.0	46
713	14	29918	2	original_hum,removed_sentence_hum	1	s_to_ş	2	2	0.08721300214529035	0.091266356408596	39.0	37
714	14	13277	2	original_hum,removed_sentence_hum	1	s_to_ṡ	2	2	0.0840719044208526	0.087222933769226	34.5	33
715	14	1679	2	original_hum,removed_sentence_hum	1	s_to_ṡ	2	2	0.08113969489932055	0.0826475471258163	37.5	35
716	14	21405	2	original_hum,removed_sentence_hum	1	ascii_original	2	2	0.07865792512893674	0.0818456709384918	41.0	35
717	14	32638	2	original_hum,removed_sentence_hum	1	s_to_ṡ	2	2	0.07217628508806226	0.073811799287796	46.0	45
718	14	13738	1	yes_no_hum	6	ascii_original,d_to_ḑ,e_to_ē,random_readable_unicode_control,s_to_ş,s_to_ṡ	6	19	0.3272299546944467	0.492961049079895	4.0	2
719	14	10797	1	yes_no_hum	6	ascii_original,d_to_ḑ,e_to_ē,random_readable_unicode_control,s_to_ş,s_to_ṡ	6	16	0.17858507623896	0.2433388829231262	14.5	10
720	14	1413	1	yes_no_hum	6	ascii_original,d_to_ḑ,e_to_ē,random_readable_unicode_control,s_to_ş,s_to_ṡ	6	15	0.13404977917671201	0.1585393846035003	26.0	19
721	14	20441	1	yes_no_hum	6	ascii_original,d_to_ḑ,e_to_ē,random_readable_unicode_control,s_to_ş,s_to_ṡ	6	13	0.41308707571946657	0.6528967618942261	2.0	1
722	14	29012	1	yes_no_hum	6	ascii_original,d_to_ḑ,e_to_ē,random_readable_unicode_control,s_to_ş,s_to_ṡ	6	11	0.30561158331957733	0.4643898010253906	3.0	2
723	14	17977	1	paraphrase_hum	6	ascii_original,d_to_ḑ,e_to_ē,random_readable_unicode_control,s_to_ş,s_to_ṡ	6	11	0.2878960249098864	0.4361297786235809	7.0	4
724	14	31074	1	paraphrase_hum	6	ascii_original,d_to_ḑ,e_to_ē,random_readable_unicode_control,s_to_ş,s_to_ṡ	6	11	0.1917906369675289	0.2949838936328888	16.0	9
725	14	1601	1	yes_no_hum	6	ascii_original,d_to_ḑ,e_to_ē,random_readable_unicode_control,s_to_ş,s_to_ṡ	6	11	0.12689268724484873	0.1540984660387039	34.0	19
726	14	6259	1	paraphrase_hum	6	ascii_original,d_to_ḑ,e_to_ē,random_readable_unicode_control,s_to_ş,s_to_ṡ	6	10	0.2244403541088104	0.354728102684021	14.0	8
727	14	18125	1	yes_no_hum	6	ascii_original,d_to_ḑ,e_to_ē,random_readable_unicode_control,s_to_ş,s_to_ṡ	6	10	0.14889532327651975	0.1816967278718948	26.0	15
728	14	30496	1	yes_no_hum	6	ascii_original,d_to_ḑ,e_to_ē,random_readable_unicode_control,s_to_ş,s_to_ṡ	6	9	0.20121191028091637	0.2802808880805969	12.0	10
729	14	29050	1	paraphrase_hum	6	ascii_original,d_to_ḑ,e_to_ē,random_readable_unicode_control,s_to_ş,s_to_ṡ	6	8	0.1210255958139896	0.1445468962192535	29.5	17
730	14	8258	1	yes_no_hum	6	ascii_original,d_to_ḑ,e_to_ē,random_readable_unicode_control,s_to_ş,s_to_ṡ	6	7	0.15867254563740318	0.1995142698287964	17.0	14
731	14	15712	1	paraphrase_hum	6	ascii_original,d_to_ḑ,e_to_ē,random_readable_unicode_control,s_to_ş,s_to_ṡ	6	6	0.9342227180798849	0.9827086925506592	2.0	1
732	14	29627	1	yes_no_hum	6	ascii_original,d_to_ḑ,e_to_ē,random_readable_unicode_control,s_to_ş,s_to_ṡ	6	6	0.7532002329826355	0.7891932725906372	1.0	1
733	14	27323	1	paraphrase_hum	6	ascii_original,d_to_ḑ,e_to_ē,random_readable_unicode_control,s_to_ş,s_to_ṡ	6	6	0.5536279579003652	0.5695655941963196	3.0	3
734	14	17959	1	yes_no_hum	6	ascii_original,d_to_ḑ,e_to_ē,random_readable_unicode_control,s_to_ş,s_to_ṡ	6	6	0.34310173243284225	0.4976617097854614	4.5	2
735	14	10363	1	yes_no_hum	6	ascii_original,d_to_ḑ,e_to_ē,random_readable_unicode_control,s_to_ş,s_to_ṡ	6	6	0.3428879876931508	0.4290328919887543	6.0	3
736	14	32118	1	paraphrase_hum	6	ascii_original,d_to_ḑ,e_to_ē,random_readable_unicode_control,s_to_ş,s_to_ṡ	6	6	0.2951912134885788	0.3570271134376526	11.0	9
737	14	22189	1	yes_no_hum	6	ascii_original,d_to_ḑ,e_to_ē,random_readable_unicode_control,s_to_ş,s_to_ṡ	6	6	0.290976603825887	0.3288702368736267	7.0	4
738	14	6818	1	paraphrase_hum	6	ascii_original,d_to_ḑ,e_to_ē,random_readable_unicode_control,s_to_ş,s_to_ṡ	6	6	0.25883934895197547	0.2881989479064941	12.5	10
739	14	31715	1	yes_no_hum	6	ascii_original,d_to_ḑ,e_to_ē,random_readable_unicode_control,s_to_ş,s_to_ṡ	6	6	0.25388447940349573	0.3146633505821228	9.0	4
740	14	2487	1	yes_no_hum	6	ascii_original,d_to_ḑ,e_to_ē,random_readable_unicode_control,s_to_ş,s_to_ṡ	6	6	0.2247751044730345	0.3070361912250519	11.0	5
741	14	7345	1	yes_no_hum	6	ascii_original,d_to_ḑ,e_to_ē,random_readable_unicode_control,s_to_ş,s_to_ṡ	6	6	0.22292680044968924	0.2528585195541382	12.5	9
742	14	5560	1	paraphrase_hum	6	ascii_original,d_to_ḑ,e_to_ē,random_readable_unicode_control,s_to_ş,s_to_ṡ	6	6	0.21811851362387336	0.2515887022018432	17.0	15
743	14	9322	1	yes_no_hum	6	ascii_original,d_to_ḑ,e_to_ē,random_readable_unicode_control,s_to_ş,s_to_ṡ	6	6	0.2128864973783493	0.322436660528183	19.5	7
744	14	30261	1	yes_no_hum	6	ascii_original,d_to_ḑ,e_to_ē,random_readable_unicode_control,s_to_ş,s_to_ṡ	6	6	0.20985597868760422	0.2394846826791763	13.5	12
745	14	6674	1	paraphrase_hum	6	ascii_original,d_to_ḑ,e_to_ē,random_readable_unicode_control,s_to_ş,s_to_ṡ	6	6	0.15233429769674936	0.1706595867872238	28.5	24
746	14	24343	1	yes_no_hum	6	ascii_original,d_to_ḑ,e_to_ē,random_readable_unicode_control,s_to_ş,s_to_ṡ	6	6	0.1504686077435811	0.1786755323410034	27.5	17
747	14	14963	1	yes_no_hum	6	ascii_original,d_to_ḑ,e_to_ē,random_readable_unicode_control,s_to_ş,s_to_ṡ	6	6	0.126215711236	0.1333357393741607	37.0	32
748	14	8399	1	paraphrase_hum	5	ascii_original,d_to_ḑ,e_to_ē,random_readable_unicode_control,s_to_ṡ	5	7	0.15573807805776593	0.1875063329935073	14.0	12
749	14	24267	1	paraphrase_hum	5	ascii_original,d_to_ḑ,e_to_ē,random_readable_unicode_control,s_to_ṡ	5	6	0.1508246486385663	0.1797052174806594	29.0	23
750	14	16811	1	just_check_hum	5	ascii_original,d_to_ḑ,e_to_ē,random_readable_unicode_control,s_to_ṡ	5	6	0.12014465779066082	0.1427068710327148	34.5	20
751	14	19226	1	paraphrase_hum	5	d_to_ḑ,e_to_ē,random_readable_unicode_control,s_to_ş,s_to_ṡ	5	5	0.17369432449340816	0.3273570835590362	32.0	8
752	14	14689	1	paraphrase_hum	5	d_to_ḑ,e_to_ē,random_readable_unicode_control,s_to_ş,s_to_ṡ	5	5	0.17037666141986843	0.2038126736879348	22.0	17
753	14	15417	1	paraphrase_hum	5	ascii_original,d_to_ḑ,random_readable_unicode_control,s_to_ş,s_to_ṡ	5	5	0.16284942626953122	0.1851938366889953	25.0	22
754	14	5134	1	yes_no_hum	5	ascii_original,d_to_ḑ,e_to_ē,s_to_ş,s_to_ṡ	5	5	0.13508167862892145	0.1645044833421707	30.0	18
755	14	11094	1	paraphrase_hum	5	ascii_original,d_to_ḑ,random_readable_unicode_control,s_to_ş,s_to_ṡ	5	5	0.1348972767591476	0.1445406824350357	43.0	26
756	14	4961	1	paraphrase_hum	5	ascii_original,d_to_ḑ,e_to_ē,random_readable_unicode_control,s_to_ṡ	5	5	0.1339441061019897	0.1458995938301086	39.0	33
757	14	9365	1	yes_no_hum	5	ascii_original,d_to_ḑ,e_to_ē,s_to_ş,s_to_ṡ	5	5	0.13182808756828307	0.1696302741765976	39.0	17
758	14	12560	1	just_check_hum	5	ascii_original,d_to_ḑ,e_to_ē,random_readable_unicode_control,s_to_ṡ	5	5	0.12677779197692868	0.1411258578300476	29.0	23
759	14	32284	1	paraphrase_hum	5	ascii_original,d_to_ḑ,random_readable_unicode_control,s_to_ş,s_to_ṡ	5	5	0.11078716218471525	0.1361299604177475	47.0	32
760	14	2741	1	just_check_hum	5	ascii_original,d_to_ḑ,e_to_ē,random_readable_unicode_control,s_to_ṡ	5	5	0.10438102930784221	0.1201354637742042	45.0	25
761	14	14518	1	just_check_hum	4	ascii_original,d_to_ḑ,e_to_ē,s_to_ṡ	4	6	0.09797357022762297	0.1147131696343422	39.5	35
762	14	7405	1	paraphrase_hum	4	ascii_original,d_to_ḑ,random_readable_unicode_control,s_to_ṡ	4	5	0.1120619416236877	0.1357109248638153	35.0	26
763	14	7050	1	just_check_hum	4	ascii_original,d_to_ḑ,e_to_ē,random_readable_unicode_control	4	4	0.2002045400440693	0.2880270481109619	19.0	11
764	14	32397	1	paraphrase_hum	4	ascii_original,d_to_ḑ,random_readable_unicode_control,s_to_ṡ	4	4	0.15989957377314565	0.2059840708971023	27.0	22
765	14	1879	1	yes_no_hum	4	ascii_original,d_to_ḑ,random_readable_unicode_control,s_to_ş	4	4	0.14292326942086217	0.1559305638074875	26.0	20
766	14	9361	1	paraphrase_hum	4	ascii_original,random_readable_unicode_control,s_to_ş,s_to_ṡ	4	4	0.13452803343534464	0.156948372721672	38.5	28
767	14	12701	1	paraphrase_hum	4	ascii_original,d_to_ḑ,e_to_ē,random_readable_unicode_control	4	4	0.13402304425835604	0.1480066180229187	39.0	30
768	14	14236	1	paraphrase_hum	4	ascii_original,d_to_ḑ,random_readable_unicode_control,s_to_ş	4	4	0.13363177143037316	0.1513744890689849	32.0	22
769	14	23256	1	yes_no_hum	4	e_to_ē,random_readable_unicode_control,s_to_ş,s_to_ṡ	4	4	0.13075401261448855	0.1450396925210952	30.0	24
770	14	20900	1	yes_no_hum	4	ascii_original,d_to_ḑ,random_readable_unicode_control,s_to_ṡ	4	4	0.12717027217149732	0.1404707431793213	35.0	27
771	14	3300	1	just_check_hum	4	ascii_original,d_to_ḑ,random_readable_unicode_control,s_to_ṡ	4	4	0.12526153214275831	0.1432656347751617	30.5	24
772	14	30111	1	paraphrase_hum	4	ascii_original,d_to_ḑ,s_to_ş,s_to_ṡ	4	4	0.12313986197113985	0.151045024394989	48.0	36
773	14	15807	1	just_check_hum	4	ascii_original,d_to_ḑ,random_readable_unicode_control,s_to_ṡ	4	4	0.11157900281250474	0.1270783692598343	39.0	33
774	14	15617	1	yes_no_hum	3	ascii_original,d_to_ḑ,random_readable_unicode_control	3	7	0.12191886987004955	0.1491491794586181	31.0	25
775	14	3812	1	paraphrase_hum	3	ascii_original,d_to_ḑ,e_to_ē	3	4	0.1255168206989765	0.137647271156311	28.0	24
776	14	14182	1	just_check_hum	3	ascii_original,d_to_ḑ,random_readable_unicode_control	3	4	0.11288622766733164	0.1378420889377594	37.5	29
777	14	27324	1	yes_no_hum	3	ascii_original,random_readable_unicode_control,s_to_ş	3	4	0.11185331828892225	0.1222031041979789	42.0	41
778	14	28753	1	just_check_hum	3	ascii_original,random_readable_unicode_control,s_to_ṡ	3	4	0.10795687139034267	0.1415804922580719	46.0	20
779	14	18506	1	paraphrase_hum	3	ascii_original,d_to_ḑ,random_readable_unicode_control	3	3	0.3964651425679524	0.4102677702903747	2.0	2
780	14	23836	1	paraphrase_hum	3	ascii_original,d_to_ḑ,random_readable_unicode_control	3	3	0.3765166997909546	0.3898420035839081	4.0	3
781	14	3367	1	paraphrase_hum	3	ascii_original,d_to_ḑ,random_readable_unicode_control	3	3	0.2548596113920211	0.2781523466110229	11.0	8
782	14	15718	1	paraphrase_hum	3	ascii_original,d_to_ḑ,random_readable_unicode_control	3	3	0.2520348330338796	0.268930971622467	11.0	8
783	14	17682	1	paraphrase_hum	3	ascii_original,d_to_ḑ,random_readable_unicode_control	3	3	0.24238296349843344	0.2517053484916687	13.0	9
784	14	959	1	paraphrase_hum	3	ascii_original,d_to_ḑ,random_readable_unicode_control	3	3	0.23839214940865827	0.2418517619371414	13.0	12
785	14	27830	1	paraphrase_hum	3	ascii_original,d_to_ḑ,random_readable_unicode_control	3	3	0.22363095482190445	0.2591522932052612	15.0	9
786	14	31153	1	paraphrase_hum	3	ascii_original,d_to_ḑ,random_readable_unicode_control	3	3	0.18433797856171918	0.2027386277914047	20.0	18
787	14	2277	1	paraphrase_hum	3	ascii_original,d_to_ḑ,random_readable_unicode_control	3	3	0.16860179106394446	0.2092918753623962	21.0	13
788	14	17573	1	paraphrase_hum	3	ascii_original,d_to_ḑ,random_readable_unicode_control	3	3	0.15972301363945005	0.1748591959476471	29.0	20
789	14	24999	1	paraphrase_hum	3	ascii_original,d_to_ḑ,random_readable_unicode_control	3	3	0.15557517111301417	0.1704669892787933	31.0	24
790	14	6636	1	paraphrase_hum	3	ascii_original,d_to_ḑ,random_readable_unicode_control	3	3	0.1548159420490264	0.1620705127716064	27.0	26
791	14	15113	1	just_check_hum	3	ascii_original,d_to_ḑ,random_readable_unicode_control	3	3	0.14962131281693772	0.1695259660482406	26.0	22
792	14	14961	1	paraphrase_hum	3	ascii_original,d_to_ḑ,random_readable_unicode_control	3	3	0.14736902217070255	0.1597947627305984	32.0	28
793	14	24379	1	yes_no_hum	3	e_to_ē,s_to_ş,s_to_ṡ	3	3	0.14519291619459784	0.1510403752326965	16.0	15
794	14	14698	1	yes_no_hum	3	ascii_original,d_to_ḑ,random_readable_unicode_control	3	3	0.14295115073521927	0.1590882241725921	28.0	17
795	14	18163	1	paraphrase_hum	3	ascii_original,d_to_ḑ,random_readable_unicode_control	3	3	0.14213772614796952	0.1573240756988525	46.0	29
796	14	3982	1	paraphrase_hum	3	ascii_original,d_to_ḑ,random_readable_unicode_control	3	3	0.1405988683303197	0.1559792160987854	25.0	23
797	14	21437	1	paraphrase_hum	3	d_to_ḑ,s_to_ş,s_to_ṡ	3	3	0.1399709383646647	0.153089165687561	30.0	29
798	14	9350	1	paraphrase_hum	3	ascii_original,d_to_ḑ,random_readable_unicode_control	3	3	0.13983725011348722	0.1543557792901992	32.0	32
799	14	15957	1	paraphrase_hum	3	ascii_original,d_to_ḑ,random_readable_unicode_control	3	3	0.13932509223620093	0.1472381353378296	39.0	31
800	14	14845	1	paraphrase_hum	3	ascii_original,d_to_ḑ,random_readable_unicode_control	3	3	0.13538494209448496	0.1511084139347076	45.0	28
801	14	29311	1	paraphrase_hum	3	ascii_original,d_to_ḑ,random_readable_unicode_control	3	3	0.134284034371376	0.1362853944301605	42.0	35
802	14	27868	1	paraphrase_hum	3	ascii_original,d_to_ḑ,random_readable_unicode_control	3	3	0.13383207221825913	0.1420050412416458	39.0	39
803	14	6064	1	paraphrase_hum	3	ascii_original,d_to_ḑ,random_readable_unicode_control	3	3	0.13324466347694394	0.1409305930137634	43.0	36
804	14	20995	1	yes_no_hum	3	ascii_original,random_readable_unicode_control,s_to_ṡ	3	3	0.13113601505756375	0.1617583334445953	33.0	22
805	14	13826	1	yes_no_hum	3	e_to_ē,s_to_ş,s_to_ṡ	3	3	0.1306537389755249	0.1336674690246582	39.0	31
806	14	11273	1	just_check_hum	3	e_to_ē,random_readable_unicode_control,s_to_ṡ	3	3	0.12976791461308793	0.1434565186500549	42.0	35
807	14	6410	1	paraphrase_hum	3	ascii_original,d_to_ḑ,random_readable_unicode_control	3	3	0.12671450277169544	0.1350531429052353	49.0	37
808	14	20034	1	paraphrase_hum	3	ascii_original,d_to_ḑ,random_readable_unicode_control	3	3	0.11969122290611263	0.1482710093259811	40.0	29
809	14	2206	1	just_check_hum	3	ascii_original,d_to_ḑ,s_to_ṡ	3	3	0.11902253081401186	0.1227777674794197	33.0	28
810	14	20627	1	yes_no_hum	3	ascii_original,d_to_ḑ,random_readable_unicode_control	3	3	0.11656384915113444	0.1228217259049415	41.0	39
811	14	3496	1	yes_no_hum	3	ascii_original,d_to_ḑ,random_readable_unicode_control	3	3	0.11540089299281436	0.1232163831591606	37.0	29
812	14	25736	1	paraphrase_hum	3	ascii_original,d_to_ḑ,random_readable_unicode_control	3	3	0.115138366818428	0.1357511430978775	42.0	27
813	14	26146	1	yes_no_hum	3	ascii_original,d_to_ḑ,random_readable_unicode_control	3	3	0.1090913663307825	0.1130436956882476	45.0	42
814	14	19324	1	just_check_hum	3	ascii_original,d_to_ḑ,random_readable_unicode_control	3	3	0.10823351889848705	0.1164811179041862	46.0	36
815	14	19099	1	yes_no_hum	3	ascii_original,random_readable_unicode_control,s_to_ṡ	3	3	0.10805765042702357	0.114580899477005	39.0	36
816	14	11085	1	yes_no_hum	3	ascii_original,d_to_ḑ,random_readable_unicode_control	3	3	0.10726440697908397	0.1149072870612144	39.0	33
817	14	23031	1	yes_no_hum	3	ascii_original,d_to_ḑ,random_readable_unicode_control	3	3	0.10606233527263	0.1167531386017799	45.0	33
818	14	31611	1	removed_sentence_hum	3	ascii_original,e_to_ē,random_readable_unicode_control	3	3	0.10571846614281333	0.1249609142541885	41.0	28
819	14	23828	1	just_check_hum	3	ascii_original,d_to_ḑ,s_to_ṡ	3	3	0.10259572664896643	0.1138626039028167	43.0	37
820	14	29738	1	yes_no_hum	2	e_to_ē,s_to_ş	2	3	0.1298516864577929	0.1473181843757629	31.0	23
821	14	31891	1	paraphrase_hum	2	e_to_ē,s_to_ṡ	2	3	0.11238415042559304	0.1272143274545669	41.0	36
822	14	8056	1	yes_no_hum	2	s_to_ş,s_to_ṡ	2	3	0.10979897280534102	0.1225531846284866	41.0	41
823	14	4404	1	just_check_hum	2	e_to_ē,s_to_ṡ	2	3	0.1043950418631235	0.1282744109630584	47.0	33
824	14	25429	1	just_check_hum	2	ascii_original,d_to_ḑ	2	2	0.7697528004646301	0.7755969762802124	2.0	2
825	14	29561	1	just_check_hum	2	ascii_original,d_to_ḑ	2	2	0.34408037364482874	0.3477619588375091	8.0	8
826	14	24142	1	paraphrase_hum	2	ascii_original,random_readable_unicode_control	2	2	0.30259275436401367	0.3197524547576904	6.0	6
827	14	25124	1	just_check_hum	2	ascii_original,d_to_ḑ	2	2	0.2799971997737884	0.3186733424663543	11.5	9
828	14	4517	1	just_check_hum	2	ascii_original,d_to_ḑ	2	2	0.2796004116535187	0.2969748079776764	10.5	10
829	14	31650	1	just_check_hum	2	ascii_original,d_to_ḑ	2	2	0.20716112852096552	0.2573361396789551	20.0	15
830	14	17022	1	just_check_hum	2	s_to_ş,s_to_ṡ	2	2	0.20317178964614865	0.2041547894477844	22.5	19
831	14	4597	1	paraphrase_hum	2	e_to_ē,s_to_ş	2	2	0.20206271111965174	0.2306703478097915	14.5	11
832	14	17008	1	just_check_hum	2	ascii_original,d_to_ḑ	2	2	0.19629202783107755	0.2133041620254516	19.0	19
833	14	15024	1	just_check_hum	2	ascii_original,d_to_ḑ	2	2	0.1783804297447204	0.1936980932950973	22.5	17
834	14	31224	1	paraphrase_hum	2	ascii_original,d_to_ḑ	2	2	0.1778348162770271	0.2131506949663162	27.5	19
835	14	8111	1	yes_no_hum	2	s_to_ş,s_to_ṡ	2	2	0.1714126020669937	0.1727318912744522	22.5	19
836	14	26015	1	just_check_hum	2	ascii_original,d_to_ḑ	2	2	0.16444066166877747	0.1746907830238342	25.5	20
837	14	18565	1	yes_no_hum	2	e_to_ē,s_to_ş	2	2	0.16442900151014325	0.1728553175926208	24.0	23
838	14	1213	1	yes_no_hum	2	s_to_ş,s_to_ṡ	2	2	0.15880091488361353	0.1588547527790069	12.0	11
839	14	24465	1	just_check_hum	2	ascii_original,s_to_ṡ	2	2	0.1574211716651916	0.159353956580162	44.0	40
840	14	8806	1	just_check_hum	2	ascii_original,d_to_ḑ	2	2	0.1558626443147659	0.1562346220016479	46.0	45
841	14	1106	1	just_check_hum	2	ascii_original,d_to_ḑ	2	2	0.15468182414770126	0.1562274396419525	29.0	26
842	14	9091	1	yes_no_hum	2	e_to_ē,s_to_ṡ	2	2	0.1523995399475097	0.1673405617475509	25.0	20
843	14	16941	1	just_check_hum	2	ascii_original,d_to_ḑ	2	2	0.1510168388485908	0.1544980406761169	48.0	47
844	14	18543	1	just_check_hum	2	ascii_original,d_to_ḑ	2	2	0.1495933532714843	0.1671785116195678	22.5	17
845	14	15102	1	paraphrase_hum	2	d_to_ḑ,random_readable_unicode_control	2	2	0.14764373004436485	0.1611965596675872	31.0	26
846	14	24409	1	paraphrase_hum	2	ascii_original,d_to_ḑ	2	2	0.1453192681074142	0.1652873754501342	33.5	26
847	14	1211	1	just_check_hum	2	ascii_original,d_to_ḑ	2	2	0.14509149640798563	0.1459453552961349	35.0	32
848	14	30228	1	yes_no_hum	2	e_to_ē,s_to_ş	2	2	0.14412653446197504	0.1574435383081436	36.0	36
849	14	16035	1	paraphrase_hum	2	ascii_original,d_to_ḑ	2	2	0.14270142465829844	0.1488185822963714	37.0	29
850	14	9867	1	original_hum	2	ascii_original,d_to_ḑ	2	2	0.14172533154487604	0.1537976562976837	41.0	36
851	14	23881	1	paraphrase_hum	2	d_to_ḑ,s_to_ṡ	2	2	0.1405861973762512	0.144003614783287	33.5	33
852	14	21298	1	paraphrase_hum	2	d_to_ḑ,random_readable_unicode_control	2	2	0.1392949521541595	0.1414694041013717	40.0	40
853	14	5804	1	yes_no_hum	2	e_to_ē,s_to_ş	2	2	0.1380731239914894	0.1409432739019394	34.0	34
854	14	26377	1	paraphrase_hum	2	ascii_original,d_to_ḑ	2	2	0.1373099386692047	0.1425628811120987	38.5	37
855	14	13452	1	just_check_hum	2	ascii_original,d_to_ḑ	2	2	0.13598912954330444	0.1377553939819336	39.5	39
856	14	32323	1	paraphrase_hum	2	ascii_original,d_to_ḑ	2	2	0.13583092391490936	0.1368860900402069	40.5	34
857	14	29130	1	just_check_hum	2	ascii_original,d_to_ḑ	2	2	0.13346332311630243	0.1372497975826263	39.5	37
858	14	30718	1	paraphrase_hum	2	ascii_original,s_to_ş	2	2	0.1309621483087539	0.1344314217567443	43.0	36
859	14	17819	1	just_check_hum	2	ascii_original,d_to_ḑ	2	2	0.13058210164308545	0.1412386000156402	27.0	20
860	14	5966	1	paraphrase_hum	2	e_to_ē,s_to_ş	2	2	0.1304003819823265	0.1546894609928131	35.5	31
861	14	1620	1	just_check_hum	2	ascii_original,d_to_ḑ	2	2	0.1297253407537937	0.1411791890859604	40.0	33
862	14	7880	1	yes_no_hum	2	ascii_original,d_to_ḑ	2	2	0.1291289925575256	0.1362156271934509	31.0	29
863	14	25411	1	just_check_hum	2	e_to_ē,s_to_ş	2	2	0.12777544558048243	0.1294967532157898	25.5	22
864	14	25704	1	removed_sentence_hum	2	random_readable_unicode_control,s_to_ṡ	2	2	0.1276602856814861	0.1370799690485	41.0	36
865	14	15378	1	paraphrase_hum	2	e_to_ē,random_readable_unicode_control	2	2	0.127127856016159	0.1549976766109466	40.0	31
866	14	7715	1	yes_no_hum	2	ascii_original,d_to_ḑ	2	2	0.1268246844410896	0.127152606844902	31.5	31
867	14	8027	1	paraphrase_hum	2	ascii_original,d_to_ḑ	2	2	0.12666243314743036	0.1364572048187255	48.0	48
868	14	13334	1	yes_no_hum	2	e_to_ē,s_to_ṡ	2	2	0.12623672932386396	0.127494141459465	36.5	32
869	14	30416	1	just_check_hum	2	ascii_original,s_to_ṡ	2	2	0.1261379458010196	0.154501661658287	33.5	27
870	14	24105	1	yes_no_hum	2	ascii_original,d_to_ḑ	2	2	0.12511717528104777	0.1314686089754104	31.5	27
871	14	9925	1	paraphrase_hum	2	d_to_ḑ,e_to_ē	2	2	0.12442975491285321	0.1310147047042846	37.0	26
872	14	31890	1	paraphrase_hum	2	e_to_ē,s_to_ş	2	2	0.12442737072706214	0.132946491241455	28.5	25
873	14	30487	1	just_check_hum	2	ascii_original,d_to_ḑ	2	2	0.12437807396054265	0.1294354498386383	28.0	23
874	14	2947	1	just_check_hum	2	ascii_original,random_readable_unicode_control	2	2	0.1240794993937015	0.1385693252086639	40.5	34
875	14	31965	1	paraphrase_hum	2	ascii_original,random_readable_unicode_control	2	2	0.1232758872210979	0.1423158943653106	32.5	30
876	14	13203	1	just_check_hum	2	ascii_original,d_to_ḑ	2	2	0.12110915780067436	0.1228657364845275	30.0	28
877	14	31572	1	yes_no_hum	2	ascii_original,e_to_ē	2	2	0.1203465238213539	0.1356445997953415	45.0	44
878	14	22816	1	just_check_hum	2	ascii_original,d_to_ḑ	2	2	0.11783086508512494	0.1236473023891449	46.5	44
879	14	6881	1	just_check_hum	2	random_readable_unicode_control,s_to_ṡ	2	2	0.1172910965979099	0.1234731525182724	36.5	35
880	14	2489	1	paraphrase_hum	2	random_readable_unicode_control,s_to_ş	2	2	0.1157794706523418	0.1406969726085662	40.5	35
881	14	6150	1	paraphrase_hum	2	s_to_ş,s_to_ṡ	2	2	0.11536419391632075	0.1276866197586059	45.0	40
882	14	11166	1	yes_no_hum	2	e_to_ē,s_to_ṡ	2	2	0.11300720274448389	0.1223525255918502	49.0	48
883	14	19914	1	paraphrase_hum	2	s_to_ş,s_to_ṡ	2	2	0.11294200271368021	0.1142409890890121	45.0	43
884	14	29881	1	paraphrase_hum	2	e_to_ē,s_to_ş	2	2	0.11258167773485175	0.1196829453110694	39.5	29
885	14	17503	1	paraphrase_hum	2	s_to_ş,s_to_ṡ	2	2	0.1125177815556526	0.120463527739048	44.0	39
886	14	28479	1	just_check_hum	2	ascii_original,d_to_ḑ	2	2	0.11159896850585935	0.1146429032087326	38.0	35
887	14	9319	1	original_hum	2	random_readable_unicode_control,s_to_ş	2	2	0.1094947606325149	0.1114930212497711	48.0	46
888	14	20568	1	removed_sentence_hum	2	d_to_ḑ,s_to_ṡ	2	2	0.1091362982988357	0.117157407104969	39.5	31
889	14	26515	1	yes_no_hum	2	ascii_original,d_to_ḑ	2	2	0.1086695604026317	0.1135669574141502	41.0	39
890	14	18369	1	just_check_hum	2	e_to_ē,random_readable_unicode_control	2	2	0.10767195373773569	0.1150399595499038	44.5	42
891	14	36	1	paraphrase_hum	2	s_to_ş,s_to_ṡ	2	2	0.10584291070699689	0.1238255649805069	35.0	28
892	14	12626	1	just_check_hum	2	d_to_ḑ,random_readable_unicode_control	2	2	0.10244725272059435	0.1160083189606666	43.0	40
893	14	26305	1	original_hum	2	ascii_original,d_to_ḑ	2	2	0.1024046093225479	0.1072854772210121	40.0	37
894	14	13255	1	yes_no_hum	2	e_to_ē,s_to_ş	2	2	0.0999606773257255	0.1070301234722137	39.5	34
895	14	24562	1	yes_no_hum	2	e_to_ē,random_readable_unicode_control	2	2	0.0990761667490005	0.1027698591351509	42.5	40
896	14	26701	1	just_check_hum	2	d_to_ḑ,random_readable_unicode_control	2	2	0.09753026440739625	0.1077074781060218	47.5	47
897	14	27872	1	paraphrase_hum	2	ascii_original,d_to_ḑ	2	2	0.0959828048944473	0.1087964922189712	42.0	34
898	14	10177	1	yes_no_hum	2	e_to_ē,s_to_ṡ	2	2	0.09585061669349665	0.0985987335443496	43.0	39
899	14	28161	1	just_check_hum	2	ascii_original,d_to_ḑ	2	2	0.09579078853130335	0.0992696359753608	46.5	46
900	14	30108	1	paraphrase_hum	2	ascii_original,d_to_ḑ	2	2	0.0950759649276733	0.0951440632343292	42.5	41
901	14	10611	1	paraphrase_hum	2	s_to_ş,s_to_ṡ	2	2	0.09412106126546854	0.1049331203103065	40.5	35
902	14	28384	1	just_check_hum	2	d_to_ḑ,s_to_ṡ	2	2	0.0939729213714599	0.1044445112347602	40.5	31
903	14	6752	1	paraphrase_hum	2	e_to_ē,random_readable_unicode_control	2	2	0.09284526109695429	0.0937793254852294	45.5	45
904	14	4524	1	just_check_hum	2	ascii_original,d_to_ḑ	2	2	0.0920266211032867	0.0935498774051666	48.5	47
905	14	1570	1	just_check_hum	2	d_to_ḑ,s_to_ṡ	2	2	0.09064744412899009	0.0950024500489234	43.0	38
906	14	2974	1	yes_no_hum	2	ascii_original,d_to_ḑ	2	2	0.0906173922121524	0.0930491015315055	47.0	46
907	14	11544	1	paraphrase_hum	2	e_to_ē,s_to_ṡ	2	2	0.08967946097254745	0.0953786447644233	43.5	42
908	14	20341	1	paraphrase_hum	2	s_to_ş,s_to_ṡ	2	2	0.0894438028335571	0.0910121351480484	43.5	39
909	14	26263	1	paraphrase_hum	1	s_to_ş	1	2	0.1619089394807815	0.2005316317081451	24.5	23
910	14	28021	1	paraphrase_hum	1	e_to_ē	1	2	0.14489851146936414	0.1731208562850952	27.5	19
911	14	10367	1	just_check_hum	1	e_to_ē	1	2	0.13301449269056315	0.1618115156888961	29.0	17
912	14	23500	1	just_check_hum	1	s_to_ş	1	2	0.12881563603878016	0.129016488790512	36.5	29
913	14	15410	1	paraphrase_hum	1	s_to_ş	1	2	0.11332695186138145	0.1297939717769622	35.5	21
914	14	5390	1	removed_sentence_hum	1	random_readable_unicode_control	1	1	0.5305801033973694	0.5305801033973694	3.0	3
915	14	2084	1	removed_sentence_hum	1	random_readable_unicode_control	1	1	0.4783153831958771	0.4783153831958771	4.0	4
916	14	16399	1	just_check_hum	1	s_to_ş	1	1	0.2774074375629425	0.2774074375629425	14.0	14
917	14	29688	1	just_check_hum	1	s_to_ş	1	1	0.2693356871604919	0.2693356871604919	9.0	9
918	14	31105	1	removed_sentence_hum	1	random_readable_unicode_control	1	1	0.2631278336048126	0.2631278336048126	5.0	5
919	14	22915	1	removed_sentence_hum	1	random_readable_unicode_control	1	1	0.261089026927948	0.261089026927948	6.0	6
920	14	1569	1	yes_no_hum	1	s_to_ṡ	1	1	0.2600024938583374	0.2600024938583374	8.0	8
921	14	14395	1	paraphrase_hum	1	e_to_ē	1	1	0.2538666725158691	0.2538666725158691	14.0	14
922	14	30785	1	paraphrase_hum	1	s_to_ş	1	1	0.2459898591041565	0.2459898591041565	10.0	10
923	14	8930	1	just_check_hum	1	s_to_ş	1	1	0.2451050132513046	0.2451050132513046	13.0	13
924	14	32212	1	yes_no_hum	1	s_to_ṡ	1	1	0.2433870136737823	0.2433870136737823	10.0	10
925	14	12281	1	just_check_hum	1	s_to_ṡ	1	1	0.2399744689464569	0.2399744689464569	19.0	19
926	14	11935	1	just_check_hum	1	s_to_ş	1	1	0.2197299897670745	0.2197299897670745	18.0	18
927	14	8886	1	just_check_hum	1	s_to_ş	1	1	0.2179754674434662	0.2179754674434662	16.0	16
928	14	28640	1	just_check_hum	1	random_readable_unicode_control	1	1	0.2178588509559631	0.2178588509559631	7.0	7
929	14	2597	1	removed_sentence_hum	1	random_readable_unicode_control	1	1	0.2141284495592117	0.2141284495592117	22.0	22
930	14	31796	1	paraphrase_hum	1	s_to_ş	1	1	0.2088920772075653	0.2088920772075653	14.0	14
931	14	12753	1	yes_no_hum	1	random_readable_unicode_control	1	1	0.2034755647182464	0.2034755647182464	17.0	17
932	14	25355	1	just_check_hum	1	s_to_ş	1	1	0.2013406753540039	0.2013406753540039	21.0	21
933	14	13367	1	removed_sentence_hum	1	random_readable_unicode_control	1	1	0.1990277469158172	0.1990277469158172	11.0	11
934	14	806	1	paraphrase_hum	1	e_to_ē	1	1	0.1988678723573684	0.1988678723573684	15.0	15
935	14	20385	1	just_check_hum	1	s_to_ş	1	1	0.1980754882097244	0.1980754882097244	25.0	25
936	14	6704	1	paraphrase_hum	1	s_to_ş	1	1	0.1938581317663192	0.1938581317663192	17.0	17
937	14	802	1	just_check_hum	1	random_readable_unicode_control	1	1	0.1879256218671798	0.1879256218671798	25.0	25
938	14	10464	1	just_check_hum	1	s_to_ş	1	1	0.1860324293375015	0.1860324293375015	29.0	29
939	14	915	1	paraphrase_hum	1	s_to_ş	1	1	0.1781206429004669	0.1781206429004669	25.0	25
940	14	18107	1	just_check_hum	1	e_to_ē	1	1	0.1753022968769073	0.1753022968769073	20.0	20
941	14	30715	1	paraphrase_hum	1	s_to_ş	1	1	0.1740645319223404	0.1740645319223404	27.0	27
942	14	9804	1	just_check_hum	1	s_to_ş	1	1	0.1730384826660156	0.1730384826660156	25.0	25
943	14	20838	1	just_check_hum	1	random_readable_unicode_control	1	1	0.1721193194389343	0.1721193194389343	28.0	28
944	14	1618	1	just_check_hum	1	s_to_ş	1	1	0.170738935470581	0.170738935470581	27.0	27
945	14	27330	1	just_check_hum	1	s_to_ş	1	1	0.1703569144010543	0.1703569144010543	11.0	11
946	14	2188	1	just_check_hum	1	s_to_ṡ	1	1	0.1701334863901138	0.1701334863901138	33.0	33
947	14	22492	1	paraphrase_hum	1	s_to_ş	1	1	0.1699282079935073	0.1699282079935073	30.0	30
948	14	26777	1	just_check_hum	1	s_to_ş	1	1	0.1695329248905182	0.1695329248905182	28.0	28
949	14	4775	1	just_check_hum	1	e_to_ē	1	1	0.1692869216203689	0.1692869216203689	11.0	11
950	14	20122	1	yes_no_hum	1	random_readable_unicode_control	1	1	0.1688384711742401	0.1688384711742401	23.0	23
951	14	31600	1	paraphrase_hum	1	e_to_ē	1	1	0.1687226593494415	0.1687226593494415	22.0	22
952	14	27086	1	just_check_hum	1	s_to_ş	1	1	0.1681266725063324	0.1681266725063324	29.0	29
953	14	21477	1	yes_no_hum	1	random_readable_unicode_control	1	1	0.1677165329456329	0.1677165329456329	25.0	25
954	14	5358	1	just_check_hum	1	s_to_ş	1	1	0.1663359403610229	0.1663359403610229	30.0	30
955	14	25607	1	just_check_hum	1	random_readable_unicode_control	1	1	0.1650199890136718	0.1650199890136718	18.0	18
956	14	4055	1	just_check_hum	1	random_readable_unicode_control	1	1	0.1633005291223526	0.1633005291223526	35.0	35
957	14	28555	1	just_check_hum	1	d_to_ḑ	1	1	0.1628727912902832	0.1628727912902832	29.0	29
958	14	17738	1	just_check_hum	1	e_to_ē	1	1	0.161819651722908	0.161819651722908	21.0	21
959	14	3359	1	just_check_hum	1	s_to_ş	1	1	0.1613096296787262	0.1613096296787262	32.0	32
960	14	11823	1	just_check_hum	1	s_to_ṡ	1	1	0.15985968708992	0.15985968708992	38.0	38
961	14	22251	1	just_check_hum	1	s_to_ṡ	1	1	0.1596996188163757	0.1596996188163757	39.0	39
962	14	27004	1	yes_no_hum	1	s_to_ṡ	1	1	0.159256100654602	0.159256100654602	22.0	22
963	14	24952	1	just_check_hum	1	s_to_ş	1	1	0.1583265364170074	0.1583265364170074	42.0	42
964	14	1460	1	just_check_hum	1	s_to_ṡ	1	1	0.1581970155239105	0.1581970155239105	41.0	41
965	14	16411	1	paraphrase_hum	1	e_to_ē	1	1	0.1577478498220443	0.1577478498220443	29.0	29
966	14	27458	1	yes_no_hum	1	s_to_ş	1	1	0.1572764962911605	0.1572764962911605	24.0	24
967	14	29969	1	just_check_hum	1	random_readable_unicode_control	1	1	0.1572264581918716	0.1572264581918716	37.0	37
968	14	30559	1	just_check_hum	1	s_to_ş	1	1	0.1571837067604065	0.1571837067604065	28.0	28
969	14	15386	1	just_check_hum	1	random_readable_unicode_control	1	1	0.1569498032331466	0.1569498032331466	38.0	38
970	14	23641	1	removed_sentence_hum	1	random_readable_unicode_control	1	1	0.156341940164566	0.156341940164566	28.0	28
971	14	25325	1	paraphrase_hum	1	e_to_ē	1	1	0.1542719155550003	0.1542719155550003	15.0	15
972	14	31783	1	just_check_hum	1	s_to_ş	1	1	0.1539988070726394	0.1539988070726394	30.0	30
973	14	6219	1	yes_no_hum	1	s_to_ṡ	1	1	0.1538971215486526	0.1538971215486526	24.0	24
974	14	1895	1	just_check_hum	1	s_to_ş	1	1	0.1524518132209777	0.1524518132209777	45.0	45
975	14	29780	1	paraphrase_hum	1	s_to_ṡ	1	1	0.151992455124855	0.151992455124855	29.0	29
976	14	11973	1	removed_sentence_hum	1	random_readable_unicode_control	1	1	0.1516521871089935	0.1516521871089935	30.0	30
977	14	25015	1	paraphrase_hum	1	ascii_original	1	1	0.1513565331697464	0.1513565331697464	42.0	42
978	14	26193	1	just_check_hum	1	s_to_ş	1	1	0.1511784195899963	0.1511784195899963	22.0	22
979	14	23055	1	just_check_hum	1	ascii_original	1	1	0.1507996618747711	0.1507996618747711	29.0	29
980	14	19703	1	paraphrase_hum	1	ascii_original	1	1	0.1504372656345367	0.1504372656345367	36.0	36
981	14	28990	1	yes_no_hum	1	s_to_ṡ	1	1	0.1503906399011612	0.1503906399011612	28.0	28
982	14	17391	1	yes_no_hum	1	s_to_ṡ	1	1	0.1500550955533981	0.1500550955533981	29.0	29
983	14	11852	1	just_check_hum	1	random_readable_unicode_control	1	1	0.1500025987625122	0.1500025987625122	39.0	39
984	14	16487	1	just_check_hum	1	s_to_ṡ	1	1	0.1495183110237121	0.1495183110237121	43.0	43
985	14	18738	1	yes_no_hum	1	e_to_ē	1	1	0.1494939476251602	0.1494939476251602	29.0	29
986	14	21200	1	just_check_hum	1	d_to_ḑ	1	1	0.149419754743576	0.149419754743576	34.0	34
987	14	14282	1	paraphrase_hum	1	e_to_ē	1	1	0.1493358612060547	0.1493358612060547	34.0	34
988	14	23392	1	just_check_hum	1	s_to_ş	1	1	0.1493268460035324	0.1493268460035324	49.0	49
989	14	25730	1	just_check_hum	1	s_to_ş	1	1	0.1482876539230346	0.1482876539230346	35.0	35
990	14	25859	1	just_check_hum	1	s_to_ş	1	1	0.1479207575321197	0.1479207575321197	23.0	23
991	14	14275	1	paraphrase_hum	1	s_to_ş	1	1	0.1478697955608368	0.1478697955608368	35.0	35
992	14	792	1	just_check_hum	1	s_to_ṡ	1	1	0.1478269249200821	0.1478269249200821	45.0	45
993	14	3045	1	paraphrase_hum	1	s_to_ṡ	1	1	0.1477797478437423	0.1477797478437423	30.0	30
994	14	25740	1	paraphrase_hum	1	s_to_ş	1	1	0.1475862264633178	0.1475862264633178	36.0	36
995	14	16253	1	just_check_hum	1	d_to_ḑ	1	1	0.14658223092556	0.14658223092556	37.0	37
996	14	3894	1	yes_no_hum	1	s_to_ş	1	1	0.1460399627685547	0.1460399627685547	31.0	31
997	14	2982	1	just_check_hum	1	s_to_ṡ	1	1	0.1459569782018661	0.1459569782018661	17.0	17
998	14	24684	1	removed_sentence_hum	1	random_readable_unicode_control	1	1	0.1458181142807006	0.1458181142807006	23.0	23
999	14	9436	1	yes_no_hum	1	random_readable_unicode_control	1	1	0.1454015672206878	0.1454015672206878	34.0	34
1000	14	25296	1	just_check_hum	1	s_to_ş	1	1	0.1447369903326034	0.1447369903326034	37.0	37
1001	14	14396	1	just_check_hum	1	random_readable_unicode_control	1	1	0.1443192958831787	0.1443192958831787	24.0	24
1002	14	770	1	paraphrase_hum	1	s_to_ṡ	1	1	0.144133910536766	0.144133910536766	33.0	33
1003	14	14446	1	just_check_hum	1	e_to_ē	1	1	0.1436732113361358	0.1436732113361358	24.0	24
1004	14	3445	1	original_hum	1	random_readable_unicode_control	1	1	0.143640711903572	0.143640711903572	20.0	20
1005	14	22026	1	original_hum	1	d_to_ḑ	1	1	0.1432759910821914	0.1432759910821914	45.0	45
1006	14	18229	1	removed_sentence_hum	1	random_readable_unicode_control	1	1	0.143031358718872	0.143031358718872	16.0	16
1007	14	10414	1	removed_sentence_hum	1	random_readable_unicode_control	1	1	0.1423945426940918	0.1423945426940918	34.0	34
1008	14	4520	1	paraphrase_hum	1	e_to_ē	1	1	0.1423820257186889	0.1423820257186889	36.0	36
1009	14	12625	1	just_check_hum	1	s_to_ş	1	1	0.1422253549098968	0.1422253549098968	38.0	38
1010	14	10113	1	yes_no_hum	1	s_to_ş	1	1	0.1421266794204712	0.1421266794204712	30.0	30
1011	14	19337	1	yes_no_hum	1	e_to_ē	1	1	0.1419927924871444	0.1419927924871444	40.0	40
1012	14	8919	1	removed_sentence_hum	1	random_readable_unicode_control	1	1	0.1418413668870926	0.1418413668870926	35.0	35
1013	14	13463	1	just_check_hum	1	s_to_ş	1	1	0.1415569484233856	0.1415569484233856	39.0	39
1014	14	11543	1	paraphrase_hum	1	e_to_ē	1	1	0.1411721110343933	0.1411721110343933	37.0	37
1015	14	5951	1	paraphrase_hum	1	ascii_original	1	1	0.1409226953983307	0.1409226953983307	44.0	44
1016	14	17542	1	yes_no_hum	1	s_to_ṡ	1	1	0.140605017542839	0.140605017542839	32.0	32
1017	14	32221	1	paraphrase_hum	1	random_readable_unicode_control	1	1	0.1405640840530395	0.1405640840530395	41.0	41
1018	14	14316	1	just_check_hum	1	s_to_ş	1	1	0.1405549049377441	0.1405549049377441	40.0	40
1019	14	7580	1	just_check_hum	1	random_readable_unicode_control	1	1	0.1404656767845153	0.1404656767845153	28.0	28
1020	14	26640	1	just_check_hum	1	s_to_ṡ	1	1	0.1402410715818405	0.1402410715818405	27.0	27
1021	14	24752	1	removed_sentence_hum	1	random_readable_unicode_control	1	1	0.1399859338998794	0.1399859338998794	17.0	17
1022	14	7595	1	paraphrase_hum	1	random_readable_unicode_control	1	1	0.1399003863334655	0.1399003863334655	44.0	44
1023	14	5627	1	just_check_hum	1	e_to_ē	1	1	0.1396969258785247	0.1396969258785247	32.0	32
1024	14	19663	1	paraphrase_hum	1	s_to_ş	1	1	0.1396343410015106	0.1396343410015106	38.0	38
1025	14	8878	1	yes_no_hum	1	s_to_ş	1	1	0.1390058249235153	0.1390058249235153	28.0	28
1026	14	20688	1	original_hum	1	random_readable_unicode_control	1	1	0.1387210488319397	0.1387210488319397	25.0	25
1027	14	16039	1	paraphrase_hum	1	s_to_ş	1	1	0.1386894881725311	0.1386894881725311	40.0	40
1028	14	27378	1	paraphrase_hum	1	s_to_ş	1	1	0.1385212689638137	0.1385212689638137	41.0	41
1029	14	7958	1	yes_no_hum	1	e_to_ē	1	1	0.1383094787597656	0.1383094787597656	42.0	42
1030	14	29902	1	paraphrase_hum	1	ascii_original	1	1	0.138189822435379	0.138189822435379	46.0	46
1031	14	17014	1	yes_no_hum	1	e_to_ē	1	1	0.1380358636379242	0.1380358636379242	43.0	43
1032	14	1322	1	yes_no_hum	1	s_to_ṡ	1	1	0.1379032433032989	0.1379032433032989	33.0	33
1033	14	22319	1	just_check_hum	1	random_readable_unicode_control	1	1	0.1375625431537628	0.1375625431537628	46.0	46
1034	14	7467	1	just_check_hum	1	random_readable_unicode_control	1	1	0.137522280216217	0.137522280216217	47.0	47
1035	14	9586	1	just_check_hum	1	random_readable_unicode_control	1	1	0.1374502778053283	0.1374502778053283	48.0	48
1036	14	2723	1	yes_no_hum	1	e_to_ē	1	1	0.1372955441474914	0.1372955441474914	45.0	45
1037	14	16975	1	just_check_hum	1	random_readable_unicode_control	1	1	0.1372179090976715	0.1372179090976715	49.0	49
1038	14	20798	1	just_check_hum	1	random_readable_unicode_control	1	1	0.1364791095256805	0.1364791095256805	29.0	29
1039	14	10544	1	just_check_hum	1	random_readable_unicode_control	1	1	0.1364669948816299	0.1364669948816299	30.0	30
1040	14	9131	1	paraphrase_hum	1	ascii_original	1	1	0.1364616453647613	0.1364616453647613	32.0	32
1041	14	9733	1	paraphrase_hum	1	e_to_ē	1	1	0.1362356543540954	0.1362356543540954	41.0	41
1042	14	1439	1	yes_no_hum	1	s_to_ṡ	1	1	0.1360241174697876	0.1360241174697876	34.0	34
1043	14	2970	1	paraphrase_hum	1	s_to_ş	1	1	0.1359756886959076	0.1359756886959076	43.0	43
1044	14	30775	1	just_check_hum	1	s_to_ṡ	1	1	0.1358162611722946	0.1358162611722946	30.0	30
1045	14	30963	1	just_check_hum	1	random_readable_unicode_control	1	1	0.1358023583889007	0.1358023583889007	50.0	50
1046	14	17669	1	just_check_hum	1	s_to_ṡ	1	1	0.1353298723697662	0.1353298723697662	31.0	31
1047	14	16920	1	just_check_hum	1	ascii_original	1	1	0.1351016759872436	0.1351016759872436	38.0	38
1048	14	20085	1	paraphrase_hum	1	e_to_ē	1	1	0.1350021660327911	0.1350021660327911	42.0	42
1049	14	18690	1	removed_sentence_hum	1	random_readable_unicode_control	1	1	0.1349778175354004	0.1349778175354004	39.0	39
1050	14	8322	1	just_check_hum	1	e_to_ē	1	1	0.1345434486865997	0.1345434486865997	37.0	37
1051	14	23122	1	just_check_hum	1	s_to_ş	1	1	0.1343479305505752	0.1343479305505752	46.0	46
1052	14	20814	1	removed_sentence_hum	1	random_readable_unicode_control	1	1	0.1341385841369629	0.1341385841369629	41.0	41
1053	14	12896	1	paraphrase_hum	1	e_to_ē	1	1	0.1341312825679779	0.1341312825679779	45.0	45
1054	14	8129	1	just_check_hum	1	s_to_ṡ	1	1	0.1337770372629165	0.1337770372629165	49.0	49
1055	14	26116	1	removed_sentence_hum	1	random_readable_unicode_control	1	1	0.1337533742189407	0.1337533742189407	42.0	42
1056	14	5727	1	yes_no_hum	1	s_to_ṡ	1	1	0.1330255270004272	0.1330255270004272	36.0	36
1057	14	15924	1	yes_no_hum	1	s_to_ş	1	1	0.1326686143875122	0.1326686143875122	34.0	34
1058	14	5763	1	removed_sentence_hum	1	random_readable_unicode_control	1	1	0.1325303167104721	0.1325303167104721	20.0	20
1059	14	5084	1	yes_no_hum	1	ascii_original	1	1	0.1325093209743499	0.1325093209743499	30.0	30
1060	14	7699	1	removed_sentence_hum	1	random_readable_unicode_control	1	1	0.1324521750211715	0.1324521750211715	21.0	21
1061	14	13985	1	paraphrase_hum	1	random_readable_unicode_control	1	1	0.132382333278656	0.132382333278656	46.0	46
1062	14	17455	1	just_check_hum	1	s_to_ṡ	1	1	0.1323572546243667	0.1323572546243667	50.0	50
1063	14	30336	1	paraphrase_hum	1	e_to_ē	1	1	0.1320637166500091	0.1320637166500091	46.0	46
1064	14	7271	1	paraphrase_hum	1	e_to_ē	1	1	0.13125079870224	0.13125079870224	35.0	35
1065	14	29542	1	just_check_hum	1	d_to_ḑ	1	1	0.1311392039060592	0.1311392039060592	41.0	41
1066	14	24443	1	paraphrase_hum	1	s_to_ş	1	1	0.1310566216707229	0.1310566216707229	46.0	46
1067	14	13987	1	yes_no_hum	1	s_to_ṡ	1	1	0.1310309171676635	0.1310309171676635	39.0	39
1068	14	31289	1	paraphrase_hum	1	random_readable_unicode_control	1	1	0.130598247051239	0.130598247051239	43.0	43
1069	14	18192	1	paraphrase_hum	1	e_to_ē	1	1	0.1304771453142166	0.1304771453142166	47.0	47
1070	14	23492	1	just_check_hum	1	e_to_ē	1	1	0.1304690092802047	0.1304690092802047	32.0	32
1071	14	30747	1	original_hum	1	random_readable_unicode_control	1	1	0.1304258108139038	0.1304258108139038	45.0	45
1072	14	5785	1	just_check_hum	1	e_to_ē	1	1	0.130234956741333	0.130234956741333	40.0	40
1073	14	18878	1	original_hum	1	s_to_ş	1	1	0.1298224031925201	0.1298224031925201	30.0	30
1074	14	1677	1	just_check_hum	1	e_to_ē	1	1	0.1297675669193267	0.1297675669193267	41.0	41
1075	14	9762	1	yes_no_hum	1	random_readable_unicode_control	1	1	0.1293581128120422	0.1293581128120422	40.0	40
1076	14	13217	1	just_check_hum	1	random_readable_unicode_control	1	1	0.1292957365512848	0.1292957365512848	34.0	34
1077	14	5372	1	just_check_hum	1	s_to_ş	1	1	0.1291441768407821	0.1291441768407821	48.0	48
1078	14	16146	1	yes_no_hum	1	d_to_ḑ	1	1	0.1287887841463089	0.1287887841463089	37.0	37
1079	14	19411	1	just_check_hum	1	s_to_ş	1	1	0.1286209225654602	0.1286209225654602	49.0	49
1080	14	8074	1	paraphrase_hum	1	s_to_ş	1	1	0.1285728812217712	0.1285728812217712	39.0	39
1081	14	5534	1	yes_no_hum	1	s_to_ş	1	1	0.1284379661083221	0.1284379661083221	37.0	37
1082	14	6437	1	just_check_hum	1	e_to_ē	1	1	0.1282421797513961	0.1282421797513961	34.0	34
1083	14	26134	1	just_check_hum	1	s_to_ş	1	1	0.1282420754432678	0.1282420754432678	50.0	50
1084	14	15772	1	removed_sentence_hum	1	random_readable_unicode_control	1	1	0.1282342672348022	0.1282342672348022	39.0	39
1085	14	22559	1	paraphrase_hum	1	d_to_ḑ	1	1	0.1282224804162979	0.1282224804162979	41.0	41
1086	14	2383	1	just_check_hum	1	s_to_ş	1	1	0.128159761428833	0.128159761428833	24.0	24
1087	14	8286	1	just_check_hum	1	e_to_ē	1	1	0.128111258149147	0.128111258149147	28.0	28
1088	14	10962	1	paraphrase_hum	1	random_readable_unicode_control	1	1	0.1277549862861633	0.1277549862861633	45.0	45
1089	14	11406	1	removed_sentence_hum	1	random_readable_unicode_control	1	1	0.1275897026062011	0.1275897026062011	43.0	43
1090	14	21764	1	just_check_hum	1	s_to_ş	1	1	0.1272704303264618	0.1272704303264618	46.0	46
1091	14	26869	1	yes_no_hum	1	s_to_ṡ	1	1	0.1267227679491043	0.1267227679491043	41.0	41
1092	14	27321	1	just_check_hum	1	s_to_ş	1	1	0.1266848742961883	0.1266848742961883	47.0	47
1093	14	23820	1	removed_sentence_hum	1	random_readable_unicode_control	1	1	0.1266014873981475	0.1266014873981475	45.0	45
1094	14	5855	1	yes_no_hum	1	s_to_ş	1	1	0.1265054941177368	0.1265054941177368	38.0	38
1095	14	7347	1	yes_no_hum	1	s_to_ṡ	1	1	0.1263633668422699	0.1263633668422699	41.0	41
1096	14	17769	1	yes_no_hum	1	s_to_ṡ	1	1	0.1256251484155655	0.1256251484155655	44.0	44
1097	14	23059	1	paraphrase_hum	1	s_to_ṡ	1	1	0.1256073713302612	0.1256073713302612	36.0	36
1098	14	9344	1	yes_no_hum	1	s_to_ṡ	1	1	0.1256021112203598	0.1256021112203598	35.0	35
1099	14	22042	1	paraphrase_hum	1	d_to_ḑ	1	1	0.125305637717247	0.125305637717247	42.0	42
1100	14	1699	1	just_check_hum	1	s_to_ṡ	1	1	0.1252756118774414	0.1252756118774414	25.0	25
1101	14	21852	1	yes_no_hum	1	random_readable_unicode_control	1	1	0.1249414160847663	0.1249414160847663	43.0	43
1102	14	11060	1	just_check_hum	1	d_to_ḑ	1	1	0.1249340623617172	0.1249340623617172	43.0	43
1103	14	23215	1	yes_no_hum	1	s_to_ṡ	1	1	0.124901570379734	0.124901570379734	42.0	42
1104	14	3758	1	paraphrase_hum	1	d_to_ḑ	1	1	0.1247103884816169	0.1247103884816169	43.0	43
1105	14	4217	1	paraphrase_hum	1	s_to_ş	1	1	0.1246362477540969	0.1246362477540969	49.0	49
1106	14	11884	1	paraphrase_hum	1	s_to_ş	1	1	0.1242749318480491	0.1242749318480491	27.0	27
1107	14	24210	1	just_check_hum	1	s_to_ṡ	1	1	0.1238797530531883	0.1238797530531883	27.0	27
1108	14	32051	1	yes_no_hum	1	random_readable_unicode_control	1	1	0.1238137707114219	0.1238137707114219	44.0	44
1109	14	2711	1	just_check_hum	1	s_to_ş	1	1	0.1234822496771812	0.1234822496771812	48.0	48
1110	14	22024	1	removed_sentence_hum	1	random_readable_unicode_control	1	1	0.1233305409550666	0.1233305409550666	46.0	46
1111	14	20039	1	yes_no_hum	1	e_to_ē	1	1	0.1231492459774017	0.1231492459774017	47.0	47
1112	14	2433	1	just_check_hum	1	s_to_ş	1	1	0.1230098456144332	0.1230098456144332	49.0	49
1113	14	99	1	yes_no_hum	1	s_to_ṡ	1	1	0.1228518038988113	0.1228518038988113	45.0	45
1114	14	7489	1	removed_sentence_hum	1	random_readable_unicode_control	1	1	0.122498795390129	0.122498795390129	48.0	48
1115	14	8759	1	just_check_hum	1	e_to_ē	1	1	0.1223789006471633	0.1223789006471633	32.0	32
1116	14	27032	1	just_check_hum	1	s_to_ṡ	1	1	0.1221932992339134	0.1221932992339134	40.0	40
1117	14	18122	1	just_check_hum	1	d_to_ḑ	1	1	0.1221699193120002	0.1221699193120002	45.0	45
1118	14	18359	1	just_check_hum	1	e_to_ē	1	1	0.1221368461847305	0.1221368461847305	33.0	33
1119	14	23776	1	original_hum	1	random_readable_unicode_control	1	1	0.1220908313989639	0.1220908313989639	48.0	48
1120	14	218	1	paraphrase_hum	1	s_to_ṡ	1	1	0.1217867136001586	0.1217867136001586	40.0	40
1121	14	31862	1	paraphrase_hum	1	s_to_ṡ	1	1	0.1217105835676193	0.1217105835676193	41.0	41
1122	14	5479	1	just_check_hum	1	s_to_ş	1	1	0.121551290154457	0.121551290154457	35.0	35
1123	14	7006	1	just_check_hum	1	random_readable_unicode_control	1	1	0.1215334236621856	0.1215334236621856	43.0	43
1124	14	20719	1	just_check_hum	1	s_to_ṡ	1	1	0.1214847415685653	0.1214847415685653	41.0	41
1125	14	14487	1	removed_sentence_hum	1	random_readable_unicode_control	1	1	0.1212683096528053	0.1212683096528053	32.0	32
1126	14	15364	1	paraphrase_hum	1	s_to_ş	1	1	0.1209690198302269	0.1209690198302269	28.0	28
1127	14	2185	1	paraphrase_hum	1	s_to_ṡ	1	1	0.1207766085863113	0.1207766085863113	39.0	39
1128	14	25779	1	removed_sentence_hum	1	random_readable_unicode_control	1	1	0.120770588517189	0.120770588517189	33.0	33
1129	14	2946	1	original_hum	1	random_readable_unicode_control	1	1	0.1203562021255493	0.1203562021255493	34.0	34
1130	14	6601	1	yes_no_hum	1	s_to_ṡ	1	1	0.1202885508537292	0.1202885508537292	47.0	47
1131	14	3908	1	removed_sentence_hum	1	random_readable_unicode_control	1	1	0.1198439821600914	0.1198439821600914	25.0	25
1132	14	15518	1	yes_no_hum	1	s_to_ṡ	1	1	0.1197713017463684	0.1197713017463684	46.0	46
1133	14	27890	1	yes_no_hum	1	s_to_ş	1	1	0.1196320801973342	0.1196320801973342	47.0	47
1134	14	12962	1	yes_no_hum	1	random_readable_unicode_control	1	1	0.1194330304861068	0.1194330304861068	47.0	47
1135	14	23129	1	just_check_hum	1	s_to_ş	1	1	0.1192096546292305	0.1192096546292305	37.0	37
1136	14	15224	1	just_check_hum	1	ascii_original	1	1	0.1191494017839431	0.1191494017839431	45.0	45
1137	14	19631	1	just_check_hum	1	e_to_ē	1	1	0.1191279962658882	0.1191279962658882	34.0	34
1138	14	3714	1	yes_no_hum	1	e_to_ē	1	1	0.1190643310546875	0.1190643310546875	45.0	45
1139	14	16971	1	yes_no_hum	1	e_to_ē	1	1	0.1190128177404403	0.1190128177404403	46.0	46
1140	14	9814	1	paraphrase_hum	1	s_to_ş	1	1	0.119001567363739	0.119001567363739	30.0	30
1141	14	23878	1	paraphrase_hum	1	d_to_ḑ	1	1	0.1185668110847473	0.1185668110847473	46.0	46
1142	14	24618	1	yes_no_hum	1	s_to_ṡ	1	1	0.1185537576675415	0.1185537576675415	47.0	47
1143	14	18691	1	yes_no_hum	1	random_readable_unicode_control	1	1	0.1185498535633087	0.1185498535633087	49.0	49
1144	14	1785	1	paraphrase_hum	1	s_to_ş	1	1	0.1183143556118011	0.1183143556118011	31.0	31
1145	14	16261	1	original_hum	1	random_readable_unicode_control	1	1	0.1179670318961143	0.1179670318961143	36.0	36
1146	14	15387	1	just_check_hum	1	e_to_ē	1	1	0.1178621426224708	0.1178621426224708	46.0	46
1147	14	32391	1	just_check_hum	1	random_readable_unicode_control	1	1	0.1177472248673439	0.1177472248673439	37.0	37
1148	14	26201	1	removed_sentence_hum	1	random_readable_unicode_control	1	1	0.117569662630558	0.117569662630558	50.0	50
1149	14	28772	1	removed_sentence_hum	1	s_to_ş	1	1	0.1172958835959434	0.1172958835959434	46.0	46
1150	14	20099	1	removed_sentence_hum	1	e_to_ē	1	1	0.1172311082482338	0.1172311082482338	45.0	45
1151	14	9367	1	yes_no_hum	1	s_to_ṡ	1	1	0.1171892806887626	0.1171892806887626	46.0	46
1152	14	27498	1	just_check_hum	1	s_to_ş	1	1	0.1171838864684104	0.1171838864684104	28.0	28
1153	14	30661	1	paraphrase_hum	1	s_to_ş	1	1	0.1170655861496925	0.1170655861496925	43.0	43
1154	14	15255	1	yes_no_hum	1	random_readable_unicode_control	1	1	0.1170646846294403	0.1170646846294403	50.0	50
1155	14	9698	1	paraphrase_hum	1	s_to_ṡ	1	1	0.1170048639178276	0.1170048639178276	41.0	41
1156	14	7499	1	yes_no_hum	1	s_to_ş	1	1	0.1167041212320327	0.1167041212320327	43.0	43
1157	14	5653	1	just_check_hum	1	e_to_ē	1	1	0.1163887158036232	0.1163887158036232	42.0	42
1158	14	799	1	yes_no_hum	1	random_readable_unicode_control	1	1	0.1163374483585357	0.1163374483585357	35.0	35
1159	14	12054	1	paraphrase_hum	1	d_to_ḑ	1	1	0.116297110915184	0.116297110915184	49.0	49
1160	14	20691	1	just_check_hum	1	s_to_ṡ	1	1	0.1162223070859909	0.1162223070859909	45.0	45
1161	14	18052	1	original_hum	1	e_to_ē	1	1	0.1159523501992225	0.1159523501992225	39.0	39
1162	14	20517	1	paraphrase_hum	1	s_to_ş	1	1	0.1156903281807899	0.1156903281807899	45.0	45
1163	14	171	1	yes_no_hum	1	s_to_ş	1	1	0.115593209862709	0.115593209862709	44.0	44
1164	14	21614	1	just_check_hum	1	s_to_ş	1	1	0.1155209317803382	0.1155209317803382	39.0	39
1165	14	9186	1	yes_no_hum	1	s_to_ş	1	1	0.1154700368642807	0.1154700368642807	49.0	49
1166	14	25182	1	yes_no_hum	1	s_to_ş	1	1	0.115294799208641	0.115294799208641	50.0	50
1167	14	19078	1	yes_no_hum	1	s_to_ş	1	1	0.115120992064476	0.115120992064476	49.0	49
1168	14	26794	1	removed_sentence_hum	1	s_to_ş	1	1	0.1150779724121093	0.1150779724121093	49.0	49
1169	14	5160	1	just_check_hum	1	e_to_ē	1	1	0.1150287091732025	0.1150287091732025	36.0	36
1170	14	12221	1	removed_sentence_hum	1	random_readable_unicode_control	1	1	0.1148339956998825	0.1148339956998825	28.0	28
1171	14	32603	1	just_check_hum	1	s_to_ş	1	1	0.1147335022687912	0.1147335022687912	30.0	30
1172	14	250	1	yes_no_hum	1	s_to_ṡ	1	1	0.1144173741340637	0.1144173741340637	37.0	37
1173	14	5523	1	paraphrase_hum	1	s_to_ş	1	1	0.1143314689397811	0.1143314689397811	31.0	31
1174	14	3196	1	just_check_hum	1	s_to_ṡ	1	1	0.1139987856149673	0.1139987856149673	46.0	46
1175	14	25735	1	just_check_hum	1	e_to_ē	1	1	0.1139740049839019	0.1139740049839019	50.0	50
1176	14	14785	1	paraphrase_hum	1	s_to_ṡ	1	1	0.1139238476753234	0.1139238476753234	44.0	44
1177	14	26040	1	original_hum	1	random_readable_unicode_control	1	1	0.113796941936016	0.113796941936016	38.0	38
1178	14	22891	1	paraphrase_hum	1	s_to_ş	1	1	0.1137886494398117	0.1137886494398117	33.0	33
1179	14	280	1	just_check_hum	1	s_to_ş	1	1	0.1137716248631477	0.1137716248631477	32.0	32
1180	14	7922	1	paraphrase_hum	1	s_to_ṡ	1	1	0.1128115057945251	0.1128115057945251	45.0	45
1181	14	3032	1	original_hum	1	s_to_ṡ	1	1	0.1127168461680412	0.1127168461680412	40.0	40
1182	14	21061	1	paraphrase_hum	1	ascii_original	1	1	0.1124934926629066	0.1124934926629066	45.0	45
1183	14	27257	1	just_check_hum	1	random_readable_unicode_control	1	1	0.1124453917145729	0.1124453917145729	43.0	43
1184	14	11377	1	paraphrase_hum	1	e_to_ē	1	1	0.1124251559376716	0.1124251559376716	41.0	41
1185	14	17412	1	yes_no_hum	1	s_to_ş	1	1	0.1123729273676872	0.1123729273676872	48.0	48
1186	14	18164	1	removed_sentence_hum	1	s_to_ṡ	1	1	0.1123415529727935	0.1123415529727935	49.0	49
1187	14	15780	1	paraphrase_hum	1	s_to_ş	1	1	0.1121318042278289	0.1121318042278289	35.0	35
1188	14	15467	1	yes_no_hum	1	d_to_ḑ	1	1	0.1120760440826416	0.1120760440826416	34.0	34
1189	14	1086	1	original_hum	1	e_to_ē	1	1	0.1115810349583625	0.1115810349583625	46.0	46
1190	14	10254	1	yes_no_hum	1	s_to_ş	1	1	0.1113471537828445	0.1113471537828445	31.0	31
1191	14	6859	1	just_check_hum	1	d_to_ḑ	1	1	0.1111007332801818	0.1111007332801818	40.0	40
1192	14	30003	1	just_check_hum	1	s_to_ṡ	1	1	0.1110345944762229	0.1110345944762229	48.0	48
1193	14	23673	1	removed_sentence_hum	1	random_readable_unicode_control	1	1	0.1110074073076248	0.1110074073076248	39.0	39
1194	14	8142	1	just_check_hum	1	s_to_ṡ	1	1	0.1107891052961349	0.1107891052961349	39.0	39
1195	14	20327	1	paraphrase_hum	1	d_to_ḑ	1	1	0.1106301695108413	0.1106301695108413	44.0	44
1196	14	9042	1	paraphrase_hum	1	e_to_ē	1	1	0.1104868277907371	0.1104868277907371	43.0	43
1197	14	3388	1	paraphrase_hum	1	e_to_ē	1	1	0.1104270815849304	0.1104270815849304	43.0	43
1198	14	10196	1	original_hum	1	e_to_ē	1	1	0.1102495938539505	0.1102495938539505	47.0	47
1199	14	15379	1	just_check_hum	1	random_readable_unicode_control	1	1	0.1102128624916076	0.1102128624916076	45.0	45
1200	14	5778	1	paraphrase_hum	1	s_to_ṡ	1	1	0.1100922375917434	0.1100922375917434	45.0	45
1201	14	23535	1	yes_no_hum	1	s_to_ṡ	1	1	0.1099946647882461	0.1099946647882461	42.0	42
1202	14	5514	1	yes_no_hum	1	random_readable_unicode_control	1	1	0.1099541112780571	0.1099541112780571	42.0	42
1203	14	10493	1	paraphrase_hum	1	s_to_ṡ	1	1	0.1095745116472244	0.1095745116472244	49.0	49
1204	14	31159	1	yes_no_hum	1	s_to_ṡ	1	1	0.1088377460837364	0.1088377460837364	44.0	44
1205	14	27489	1	just_check_hum	1	random_readable_unicode_control	1	1	0.1087543964385986	0.1087543964385986	49.0	49
1206	14	13615	1	just_check_hum	1	ascii_original	1	1	0.1086656972765922	0.1086656972765922	50.0	50
1207	14	7372	1	paraphrase_hum	1	s_to_ṡ	1	1	0.1086592376232147	0.1086592376232147	46.0	46
1208	14	21509	1	removed_sentence_hum	1	random_readable_unicode_control	1	1	0.1085953712463378	0.1085953712463378	31.0	31
1209	14	14053	1	yes_no_hum	1	d_to_ḑ	1	1	0.1085552424192428	0.1085552424192428	46.0	46
1210	14	22619	1	just_check_hum	1	s_to_ṡ	1	1	0.1084994375705719	0.1084994375705719	40.0	40
1211	14	17189	1	yes_no_hum	1	random_readable_unicode_control	1	1	0.1084537804126739	0.1084537804126739	45.0	45
1212	14	7065	1	just_check_hum	1	d_to_ḑ	1	1	0.1084376722574234	0.1084376722574234	39.0	39
1213	14	32463	1	yes_no_hum	1	d_to_ḑ	1	1	0.1082931980490684	0.1082931980490684	36.0	36
1214	14	11905	1	just_check_hum	1	e_to_ē	1	1	0.1082894504070282	0.1082894504070282	45.0	45
1215	14	19062	1	just_check_hum	1	s_to_ş	1	1	0.1080965101718902	0.1080965101718902	47.0	47
1216	14	22550	1	paraphrase_hum	1	s_to_ş	1	1	0.1079977229237556	0.1079977229237556	37.0	37
1217	14	16454	1	removed_sentence_hum	1	random_readable_unicode_control	1	1	0.1078951507806778	0.1078951507806778	32.0	32
1218	14	14974	1	paraphrase_hum	1	s_to_ş	1	1	0.1077081114053726	0.1077081114053726	38.0	38
1219	14	22386	1	just_check_hum	1	e_to_ē	1	1	0.1074127554893493	0.1074127554893493	38.0	38
1220	14	26041	1	original_hum	1	e_to_ē	1	1	0.1073137819766998	0.1073137819766998	50.0	50
1221	14	20314	1	original_hum	1	random_readable_unicode_control	1	1	0.1071656644344329	0.1071656644344329	47.0	47
1222	14	32730	1	original_hum	1	random_readable_unicode_control	1	1	0.1069926843047142	0.1069926843047142	48.0	48
1223	14	18172	1	yes_no_hum	1	d_to_ḑ	1	1	0.1068462431430816	0.1068462431430816	40.0	40
1224	14	12652	1	yes_no_hum	1	ascii_original	1	1	0.1067898571491241	0.1067898571491241	43.0	43
1225	14	3965	1	paraphrase_hum	1	s_to_ṡ	1	1	0.1065656691789627	0.1065656691789627	48.0	48
1226	14	13708	1	just_check_hum	1	s_to_ş	1	1	0.1064797937870025	0.1064797937870025	48.0	48
1227	14	2278	1	just_check_hum	1	ascii_original	1	1	0.1064242273569107	0.1064242273569107	45.0	45
1228	14	15029	1	just_check_hum	1	s_to_ş	1	1	0.106395423412323	0.106395423412323	49.0	49
1229	14	13064	1	original_hum	1	e_to_ē	1	1	0.1062038391828537	0.1062038391828537	49.0	49
1230	14	10227	1	paraphrase_hum	1	d_to_ḑ	1	1	0.1061829477548599	0.1061829477548599	45.0	45
1231	14	288	1	yes_no_hum	1	s_to_ṡ	1	1	0.1059858575463295	0.1059858575463295	37.0	37
1232	14	29924	1	paraphrase_hum	1	random_readable_unicode_control	1	1	0.1059185117483139	0.1059185117483139	35.0	35
1233	14	11158	1	just_check_hum	1	e_to_ē	1	1	0.1057106405496597	0.1057106405496597	44.0	44
1234	14	2172	1	original_hum	1	e_to_ē	1	1	0.1055636256933212	0.1055636256933212	44.0	44
1235	14	6422	1	original_hum	1	s_to_ş	1	1	0.1054622456431388	0.1054622456431388	48.0	48
1236	14	29564	1	paraphrase_hum	1	s_to_ṡ	1	1	0.1053603813052177	0.1053603813052177	50.0	50
1237	14	12068	1	paraphrase_hum	1	d_to_ḑ	1	1	0.1052514463663101	0.1052514463663101	47.0	47
1238	14	6052	1	original_hum	1	e_to_ē	1	1	0.1050314009189605	0.1050314009189605	50.0	50
1239	14	12233	1	just_check_hum	1	s_to_ş	1	1	0.1048923879861831	0.1048923879861831	39.0	39
1240	14	2810	1	just_check_hum	1	s_to_ş	1	1	0.1039272621273994	0.1039272621273994	41.0	41
1241	14	31317	1	yes_no_hum	1	random_readable_unicode_control	1	1	0.103915549814701	0.103915549814701	48.0	48
1242	14	16638	1	yes_no_hum	1	d_to_ḑ	1	1	0.1038209348917007	0.1038209348917007	48.0	48
1243	14	3193	1	yes_no_hum	1	d_to_ḑ	1	1	0.102625548839569	0.102625548839569	44.0	44
1244	14	8000	1	paraphrase_hum	1	s_to_ṡ	1	1	0.1025467813014984	0.1025467813014984	31.0	31
1245	14	2372	1	just_check_hum	1	s_to_ş	1	1	0.1024476885795593	0.1024476885795593	43.0	43
1246	14	9220	1	paraphrase_hum	1	d_to_ḑ	1	1	0.102424219250679	0.102424219250679	49.0	49
1247	14	10439	1	yes_no_hum	1	random_readable_unicode_control	1	1	0.1022656485438346	0.1022656485438346	41.0	41
1248	14	10382	1	just_check_hum	1	s_to_ṡ	1	1	0.1021275669336319	0.1021275669336319	49.0	49
1249	14	16607	1	paraphrase_hum	1	s_to_ş	1	1	0.1018377095460891	0.1018377095460891	40.0	40
1250	14	29156	1	just_check_hum	1	e_to_ē	1	1	0.1014036014676094	0.1014036014676094	45.0	45
1251	14	6115	1	yes_no_hum	1	d_to_ḑ	1	1	0.1013937145471572	0.1013937145471572	47.0	47
1252	14	5923	1	yes_no_hum	1	random_readable_unicode_control	1	1	0.1008714586496353	0.1008714586496353	49.0	49
1253	14	11932	1	yes_no_hum	1	ascii_original	1	1	0.1005348339676857	0.1005348339676857	45.0	45
1254	14	27635	1	yes_no_hum	1	d_to_ḑ	1	1	0.1005288660526275	0.1005288660526275	49.0	49
1255	14	25669	1	paraphrase_hum	1	e_to_ē	1	1	0.1004056483507156	0.1004056483507156	48.0	48
1256	14	11123	1	just_check_hum	1	s_to_ş	1	1	0.1002333611249923	0.1002333611249923	46.0	46
1257	14	2917	1	paraphrase_hum	1	e_to_ē	1	1	0.1001911163330078	0.1001911163330078	39.0	39
1258	14	30678	1	just_check_hum	1	ascii_original	1	1	0.0999634861946106	0.0999634861946106	31.0	31
1259	14	10678	1	just_check_hum	1	s_to_ṡ	1	1	0.0999033004045486	0.0999033004045486	47.0	47
1260	14	30448	1	paraphrase_hum	1	s_to_ş	1	1	0.0998681560158729	0.0998681560158729	45.0	45
1261	14	1923	1	yes_no_hum	1	random_readable_unicode_control	1	1	0.0998426079750061	0.0998426079750061	43.0	43
1262	14	5626	1	removed_sentence_hum	1	d_to_ḑ	1	1	0.099513754248619	0.099513754248619	43.0	43
1263	14	11683	1	original_hum	1	ascii_original	1	1	0.0994834154844284	0.0994834154844284	40.0	40
1264	14	29957	1	yes_no_hum	1	e_to_ē	1	1	0.0992422252893447	0.0992422252893447	37.0	37
1265	14	13661	1	original_hum	1	s_to_ṡ	1	1	0.0990524664521217	0.0990524664521217	50.0	50
1266	14	559	1	paraphrase_hum	1	e_to_ē	1	1	0.0990301296114921	0.0990301296114921	50.0	50
1267	14	28449	1	paraphrase_hum	1	random_readable_unicode_control	1	1	0.0987773239612579	0.0987773239612579	40.0	40
1268	14	853	1	yes_no_hum	1	ascii_original	1	1	0.0987770110368728	0.0987770110368728	47.0	47
1269	14	26928	1	removed_sentence_hum	1	random_readable_unicode_control	1	1	0.0981757864356041	0.0981757864356041	47.0	47
1270	14	26062	1	just_check_hum	1	e_to_ē	1	1	0.0975162237882614	0.0975162237882614	42.0	42
1271	14	11654	1	just_check_hum	1	d_to_ḑ	1	1	0.0973531603813171	0.0973531603813171	34.0	34
1272	14	12583	1	yes_no_hum	1	e_to_ē	1	1	0.0971701741218566	0.0971701741218566	42.0	42
1273	14	160	1	paraphrase_hum	1	random_readable_unicode_control	1	1	0.0970974266529083	0.0970974266529083	42.0	42
1274	14	15282	1	yes_no_hum	1	s_to_ṡ	1	1	0.0969651266932487	0.0969651266932487	42.0	42
1275	14	24745	1	original_hum	1	ascii_original	1	1	0.096918798983097	0.096918798983097	45.0	45
1276	14	13357	1	just_check_hum	1	e_to_ē	1	1	0.0965715795755386	0.0965715795755386	43.0	43
1277	14	26121	1	just_check_hum	1	s_to_ṡ	1	1	0.0954947471618652	0.0954947471618652	49.0	49
1278	14	27332	1	just_check_hum	1	s_to_ṡ	1	1	0.0952343493700027	0.0952343493700027	42.0	42
1279	14	15555	1	original_hum	1	s_to_ṡ	1	1	0.0949885249137878	0.0949885249137878	45.0	45
1280	14	23577	1	just_check_hum	1	s_to_ṡ	1	1	0.0946410447359085	0.0946410447359085	50.0	50
1281	14	14009	1	just_check_hum	1	ascii_original	1	1	0.0942110270261764	0.0942110270261764	49.0	49
1282	14	30639	1	paraphrase_hum	1	random_readable_unicode_control	1	1	0.0934303402900695	0.0934303402900695	44.0	44
1283	14	29063	1	paraphrase_hum	1	ascii_original	1	1	0.0932181179523468	0.0932181179523468	45.0	45
1284	14	13976	1	paraphrase_hum	1	ascii_original	1	1	0.0928965732455253	0.0928965732455253	46.0	46
1285	14	19128	1	removed_sentence_hum	1	ascii_original	1	1	0.0927738696336746	0.0927738696336746	44.0	44
1286	14	26974	1	original_hum	1	s_to_ṡ	1	1	0.0926930755376815	0.0926930755376815	48.0	48
1287	14	3415	1	just_check_hum	1	e_to_ē	1	1	0.0921432077884674	0.0921432077884674	49.0	49
1288	14	27215	1	yes_no_hum	1	random_readable_unicode_control	1	1	0.0916517674922943	0.0916517674922943	48.0	48
1289	14	3172	1	removed_sentence_hum	1	s_to_ş	1	1	0.0909030884504318	0.0909030884504318	50.0	50
1290	14	17011	1	removed_sentence_hum	1	ascii_original	1	1	0.0907477736473083	0.0907477736473083	47.0	47
1291	14	3858	1	yes_no_hum	1	random_readable_unicode_control	1	1	0.0906790643930435	0.0906790643930435	48.0	48
1292	14	50	1	just_check_hum	1	e_to_ē	1	1	0.0906620547175407	0.0906620547175407	50.0	50
1293	14	11770	1	paraphrase_hum	1	ascii_original	1	1	0.090448074042797	0.090448074042797	49.0	49
1294	14	7889	1	paraphrase_hum	1	s_to_ş	1	1	0.090306207537651	0.090306207537651	44.0	44
1295	14	12368	1	paraphrase_hum	1	random_readable_unicode_control	1	1	0.0902842953801155	0.0902842953801155	49.0	49
1296	14	461	1	paraphrase_hum	1	s_to_ş	1	1	0.0901720896363258	0.0901720896363258	45.0	45
1297	14	24335	1	original_hum	1	s_to_ş	1	1	0.0901418328285217	0.0901418328285217	40.0	40
1298	14	20589	1	yes_no_hum	1	d_to_ḑ	1	1	0.0895148962736129	0.0895148962736129	47.0	47
1299	14	13322	1	removed_sentence_hum	1	random_readable_unicode_control	1	1	0.0895059183239936	0.0895059183239936	47.0	47
1300	14	2142	1	removed_sentence_hum	1	random_readable_unicode_control	1	1	0.089110642671585	0.089110642671585	48.0	48
1301	14	1876	1	removed_sentence_hum	1	random_readable_unicode_control	1	1	0.0886708199977874	0.0886708199977874	49.0	49
1302	14	4626	1	removed_sentence_hum	1	e_to_ē	1	1	0.0885835587978363	0.0885835587978363	48.0	48
1303	14	8369	1	removed_sentence_hum	1	d_to_ḑ	1	1	0.0884230062365531	0.0884230062365531	50.0	50
1304	14	3454	1	original_hum	1	ascii_original	1	1	0.088244579732418	0.088244579732418	49.0	49
1305	14	9099	1	paraphrase_hum	1	s_to_ş	1	1	0.0880702510476112	0.0880702510476112	47.0	47
1306	14	21106	1	original_hum	1	s_to_ş	1	1	0.0877678021788597	0.0877678021788597	43.0	43
1307	14	8778	1	just_check_hum	1	d_to_ḑ	1	1	0.0876654237508773	0.0876654237508773	48.0	48
1308	14	3996	1	original_hum	1	e_to_ē	1	1	0.0869720354676246	0.0869720354676246	44.0	44
1309	14	29480	1	removed_sentence_hum	1	e_to_ē	1	1	0.0869103595614433	0.0869103595614433	50.0	50
1310	14	18102	1	just_check_hum	1	ascii_original	1	1	0.0863076001405716	0.0863076001405716	39.0	39
1311	14	14119	1	removed_sentence_hum	1	e_to_ē	1	1	0.08525001257658	0.08525001257658	49.0	49
1312	14	18328	1	removed_sentence_hum	1	s_to_ş	1	1	0.0850967466831207	0.0850967466831207	37.0	37
1313	14	9330	1	original_hum	1	e_to_ē	1	1	0.0848290920257568	0.0848290920257568	47.0	47
1314	14	16563	1	original_hum	1	s_to_ş	1	1	0.0847909450531005	0.0847909450531005	44.0	44
1315	14	15260	1	original_hum	1	e_to_ē	1	1	0.0846637487411499	0.0846637487411499	48.0	48
1316	14	27507	1	original_hum	1	e_to_ē	1	1	0.0842878222465515	0.0842878222465515	49.0	49
1317	14	18826	1	original_hum	1	d_to_ḑ	1	1	0.083547718822956	0.083547718822956	48.0	48
1318	14	2867	1	original_hum	1	s_to_ş	1	1	0.0817366912961006	0.0817366912961006	46.0	46
1319	14	5639	1	removed_sentence_hum	1	s_to_ş	1	1	0.0815124213695526	0.0815124213695526	44.0	44
1320	14	2956	1	original_hum	1	s_to_ş	1	1	0.0810507163405418	0.0810507163405418	47.0	47
1321	14	11081	1	removed_sentence_hum	1	s_to_ş	1	1	0.0804620161652565	0.0804620161652565	46.0	46
1322	14	5759	1	just_check_hum	1	ascii_original	1	1	0.0804216638207435	0.0804216638207435	47.0	47
1323	14	28814	1	original_hum	1	s_to_ş	1	1	0.0800642222166061	0.0800642222166061	48.0	48
1324	14	31861	1	just_check_hum	1	ascii_original	1	1	0.0796028673648834	0.0796028673648834	49.0	49
1325	14	12982	1	removed_sentence_hum	1	s_to_ş	1	1	0.0787556916475296	0.0787556916475296	48.0	48
1326	14	21817	1	original_hum	1	d_to_ḑ	1	1	0.0702928826212883	0.0702928826212883	49.0	49
1327	14	14774	1	original_hum	1	s_to_ṡ	1	1	0.0698170512914657	0.0698170512914657	50.0	50
1	26	2938	5	just_check_hum,original_hum,paraphrase_hum,removed_sentence_hum,yes_no_hum	6	ascii_original,d_to_ḑ,e_to_ē,random_readable_unicode_control,s_to_ş,s_to_ṡ	30	147	1.4337043689221751	3.0914835929870605	1.0	1
2	26	28713	5	just_check_hum,original_hum,paraphrase_hum,removed_sentence_hum,yes_no_hum	6	ascii_original,d_to_ḑ,e_to_ē,random_readable_unicode_control,s_to_ş,s_to_ṡ	30	42	0.5060485583685693	0.6876916289329529	3.0	2
3	26	6194	5	just_check_hum,original_hum,paraphrase_hum,removed_sentence_hum,yes_no_hum	6	ascii_original,d_to_ḑ,e_to_ē,random_readable_unicode_control,s_to_ş,s_to_ṡ	30	41	0.32910705921126576	0.6010228395462036	9.0	4
4	26	18937	5	just_check_hum,original_hum,paraphrase_hum,removed_sentence_hum,yes_no_hum	6	ascii_original,d_to_ḑ,e_to_ē,random_readable_unicode_control,s_to_ş,s_to_ṡ	30	40	0.6266867540776729	0.9902297258377076	2.0	2
5	26	26684	5	just_check_hum,original_hum,paraphrase_hum,removed_sentence_hum,yes_no_hum	6	ascii_original,d_to_ḑ,e_to_ē,random_readable_unicode_control,s_to_ş,s_to_ṡ	29	74	0.31956271907767736	0.9569848775863647	13.0	1
6	26	1626	5	just_check_hum,original_hum,paraphrase_hum,removed_sentence_hum,yes_no_hum	6	ascii_original,d_to_ḑ,e_to_ē,random_readable_unicode_control,s_to_ş,s_to_ṡ	29	35	0.3224951952695846	0.4552690386772156	9.0	4
7	26	7163	5	just_check_hum,original_hum,paraphrase_hum,removed_sentence_hum,yes_no_hum	6	ascii_original,d_to_ḑ,e_to_ē,random_readable_unicode_control,s_to_ş,s_to_ṡ	29	29	0.3012194268662353	0.5240464210510254	11.0	4
8	26	30033	5	just_check_hum,original_hum,paraphrase_hum,removed_sentence_hum,yes_no_hum	6	ascii_original,d_to_ḑ,e_to_ē,random_readable_unicode_control,s_to_ş,s_to_ṡ	29	29	0.23784272835172454	0.3844846487045288	22.0	8
9	26	18198	5	just_check_hum,original_hum,paraphrase_hum,removed_sentence_hum,yes_no_hum	6	ascii_original,d_to_ḑ,e_to_ē,random_readable_unicode_control,s_to_ş,s_to_ṡ	28	74	0.31568600760923843	0.718628466129303	14.0	3
10	26	10265	5	just_check_hum,original_hum,paraphrase_hum,removed_sentence_hum,yes_no_hum	6	ascii_original,d_to_ḑ,e_to_ē,random_readable_unicode_control,s_to_ş,s_to_ṡ	27	51	0.22202698389689124	0.3875137567520141	25.0	7
11	26	19389	5	just_check_hum,original_hum,paraphrase_hum,removed_sentence_hum,yes_no_hum	6	ascii_original,d_to_ḑ,e_to_ē,random_readable_unicode_control,s_to_ş,s_to_ṡ	26	89	0.29772638370481763	0.6748500466346741	11.0	3
12	26	7982	5	just_check_hum,original_hum,paraphrase_hum,removed_sentence_hum,yes_no_hum	6	ascii_original,d_to_ḑ,e_to_ē,random_readable_unicode_control,s_to_ş,s_to_ṡ	26	75	0.23835418164730068	0.4226204752922058	23.0	6
13	26	16439	5	just_check_hum,original_hum,paraphrase_hum,removed_sentence_hum,yes_no_hum	6	ascii_original,d_to_ḑ,e_to_ē,random_readable_unicode_control,s_to_ş,s_to_ṡ	26	66	0.31921493058854883	0.6042315363883972	11.0	3
14	26	15076	5	just_check_hum,original_hum,paraphrase_hum,removed_sentence_hum,yes_no_hum	6	ascii_original,d_to_ḑ,e_to_ē,random_readable_unicode_control,s_to_ş,s_to_ṡ	26	58	0.2390839647630165	0.5204609632492065	23.5	7
15	26	15954	5	just_check_hum,original_hum,paraphrase_hum,removed_sentence_hum,yes_no_hum	6	ascii_original,d_to_ḑ,e_to_ē,random_readable_unicode_control,s_to_ş,s_to_ṡ	26	56	0.23945465497672555	0.3479165732860565	21.0	7
16	26	23977	5	just_check_hum,original_hum,paraphrase_hum,removed_sentence_hum,yes_no_hum	6	ascii_original,d_to_ḑ,e_to_ē,random_readable_unicode_control,s_to_ş,s_to_ṡ	26	32	0.3158978894352913	0.5233992338180542	11.0	3
17	26	11256	5	just_check_hum,original_hum,paraphrase_hum,removed_sentence_hum,yes_no_hum	6	ascii_original,d_to_ḑ,e_to_ē,random_readable_unicode_control,s_to_ş,s_to_ṡ	25	52	0.2724319679232744	0.4488545060157776	15.0	4
18	26	29524	5	just_check_hum,original_hum,paraphrase_hum,removed_sentence_hum,yes_no_hum	6	ascii_original,d_to_ḑ,e_to_ē,random_readable_unicode_control,s_to_ş,s_to_ṡ	25	28	0.2187474912830761	0.3387098312377929	24.5	9
19	26	5417	5	just_check_hum,original_hum,paraphrase_hum,removed_sentence_hum,yes_no_hum	6	ascii_original,d_to_ḑ,e_to_ē,random_readable_unicode_control,s_to_ş,s_to_ṡ	24	74	0.3601997704119296	0.7738903760910034	13.0	2
20	26	32698	5	just_check_hum,original_hum,paraphrase_hum,removed_sentence_hum,yes_no_hum	6	ascii_original,d_to_ḑ,e_to_ē,random_readable_unicode_control,s_to_ş,s_to_ṡ	24	52	0.24246947925824383	0.4978326261043548	20.0	5
21	26	31836	5	just_check_hum,original_hum,paraphrase_hum,removed_sentence_hum,yes_no_hum	6	ascii_original,d_to_ḑ,e_to_ē,random_readable_unicode_control,s_to_ş,s_to_ṡ	24	44	0.20828281105919313	0.3007200360298157	29.0	9
22	26	18847	5	just_check_hum,original_hum,paraphrase_hum,removed_sentence_hum,yes_no_hum	6	ascii_original,d_to_ḑ,e_to_ē,random_readable_unicode_control,s_to_ş,s_to_ṡ	23	33	0.2559062811461361	0.4251905977725982	25.0	8
23	26	704	5	just_check_hum,original_hum,paraphrase_hum,removed_sentence_hum,yes_no_hum	6	ascii_original,d_to_ḑ,e_to_ē,random_readable_unicode_control,s_to_ş,s_to_ṡ	23	32	0.2460369253531098	0.4276387393474579	24.0	3
24	26	22503	5	just_check_hum,original_hum,paraphrase_hum,removed_sentence_hum,yes_no_hum	6	ascii_original,d_to_ḑ,e_to_ē,random_readable_unicode_control,s_to_ş,s_to_ṡ	22	32	0.2314756312407553	0.5277204513549805	28.0	7
25	26	31420	5	just_check_hum,original_hum,paraphrase_hum,removed_sentence_hum,yes_no_hum	6	ascii_original,d_to_ḑ,e_to_ē,random_readable_unicode_control,s_to_ş,s_to_ṡ	21	21	0.22392822447277247	0.3393058180809021	24.0	9
26	26	16661	5	just_check_hum,original_hum,paraphrase_hum,removed_sentence_hum,yes_no_hum	6	ascii_original,d_to_ḑ,e_to_ē,random_readable_unicode_control,s_to_ş,s_to_ṡ	20	65	0.4037289273280364	0.8681109547615051	9.0	2
27	26	1953	5	just_check_hum,original_hum,paraphrase_hum,removed_sentence_hum,yes_no_hum	5	ascii_original,e_to_ē,random_readable_unicode_control,s_to_ş,s_to_ṡ	20	49	0.341623633795855	1.1684224605560305	15.0	2
28	26	16793	5	just_check_hum,original_hum,paraphrase_hum,removed_sentence_hum,yes_no_hum	6	ascii_original,d_to_ḑ,e_to_ē,random_readable_unicode_control,s_to_ş,s_to_ṡ	19	26	0.18768514119661767	0.2822338044643402	40.5	16
29	26	19668	5	just_check_hum,original_hum,paraphrase_hum,removed_sentence_hum,yes_no_hum	6	ascii_original,d_to_ḑ,e_to_ē,random_readable_unicode_control,s_to_ş,s_to_ṡ	19	23	0.27238273620605463	0.6692280769348145	24.0	2
30	26	25077	5	just_check_hum,original_hum,paraphrase_hum,removed_sentence_hum,yes_no_hum	6	ascii_original,d_to_ḑ,e_to_ē,random_readable_unicode_control,s_to_ş,s_to_ṡ	19	21	0.19461059002649211	0.2692285180091858	34.0	13
31	26	10146	5	just_check_hum,original_hum,paraphrase_hum,removed_sentence_hum,yes_no_hum	6	ascii_original,d_to_ḑ,e_to_ē,random_readable_unicode_control,s_to_ş,s_to_ṡ	18	37	0.24051718977657519	0.4596839249134063	29.0	6
32	26	17394	5	just_check_hum,original_hum,paraphrase_hum,removed_sentence_hum,yes_no_hum	6	ascii_original,d_to_ḑ,e_to_ē,random_readable_unicode_control,s_to_ş,s_to_ṡ	18	21	0.21742909153302506	0.353903204202652	25.0	10
33	26	27281	5	just_check_hum,original_hum,paraphrase_hum,removed_sentence_hum,yes_no_hum	6	ascii_original,d_to_ḑ,e_to_ē,random_readable_unicode_control,s_to_ş,s_to_ṡ	17	26	0.1987634134980348	0.3000648021697998	29.5	15
34	26	16785	5	just_check_hum,original_hum,paraphrase_hum,removed_sentence_hum,yes_no_hum	5	ascii_original,d_to_ḑ,e_to_ē,random_readable_unicode_control,s_to_ṡ	17	23	0.19190835045731583	0.2773704826831817	35.0	21
35	26	23673	5	just_check_hum,original_hum,paraphrase_hum,removed_sentence_hum,yes_no_hum	6	ascii_original,d_to_ḑ,e_to_ē,random_readable_unicode_control,s_to_ş,s_to_ṡ	17	21	0.29805402457714075	0.5923383831977844	14.0	3
36	26	8891	5	just_check_hum,original_hum,paraphrase_hum,removed_sentence_hum,yes_no_hum	5	ascii_original,d_to_ḑ,e_to_ē,random_readable_unicode_control,s_to_ṡ	17	19	0.18902740666740814	0.2447391599416732	34.0	21
37	26	14727	5	just_check_hum,original_hum,paraphrase_hum,removed_sentence_hum,yes_no_hum	6	ascii_original,d_to_ḑ,e_to_ē,random_readable_unicode_control,s_to_ş,s_to_ṡ	17	18	0.20075249423583347	0.3188372850418091	32.0	13
38	26	21539	5	just_check_hum,original_hum,paraphrase_hum,removed_sentence_hum,yes_no_hum	4	ascii_original,d_to_ḑ,e_to_ē,random_readable_unicode_control	16	28	0.20194871457559718	0.2767200171947479	34.5	11
39	26	25377	5	just_check_hum,original_hum,paraphrase_hum,removed_sentence_hum,yes_no_hum	6	ascii_original,d_to_ḑ,e_to_ē,random_readable_unicode_control,s_to_ş,s_to_ṡ	16	25	0.16999275684356685	0.2130013108253479	39.0	21
40	26	31908	5	just_check_hum,original_hum,paraphrase_hum,removed_sentence_hum,yes_no_hum	6	ascii_original,d_to_ḑ,e_to_ē,random_readable_unicode_control,s_to_ş,s_to_ṡ	16	21	0.26722746945562814	0.4130458235740661	12.0	5
41	26	4456	5	just_check_hum,original_hum,paraphrase_hum,removed_sentence_hum,yes_no_hum	5	ascii_original,e_to_ē,random_readable_unicode_control,s_to_ş,s_to_ṡ	16	21	0.2597294080825079	0.5713486075401306	15.0	6
42	26	2977	5	just_check_hum,original_hum,paraphrase_hum,removed_sentence_hum,yes_no_hum	5	ascii_original,d_to_ḑ,e_to_ē,random_readable_unicode_control,s_to_ṡ	16	21	0.19233092381840655	0.2589318752288818	35.0	19
43	26	17023	5	just_check_hum,original_hum,paraphrase_hum,removed_sentence_hum,yes_no_hum	4	e_to_ē,random_readable_unicode_control,s_to_ş,s_to_ṡ	15	17	0.5291857000659493	0.7883518934249878	4.0	2
44	26	20971	5	just_check_hum,original_hum,paraphrase_hum,removed_sentence_hum,yes_no_hum	6	ascii_original,d_to_ḑ,e_to_ē,random_readable_unicode_control,s_to_ş,s_to_ṡ	14	24	0.2328342869877815	0.3606916666030884	23.0	8
45	26	15971	5	just_check_hum,original_hum,paraphrase_hum,removed_sentence_hum,yes_no_hum	3	e_to_ē,s_to_ş,s_to_ṡ	14	19	0.33124477141781855	0.5312888622283936	9.0	5
46	26	14870	5	just_check_hum,original_hum,paraphrase_hum,removed_sentence_hum,yes_no_hum	6	ascii_original,d_to_ḑ,e_to_ē,random_readable_unicode_control,s_to_ş,s_to_ṡ	14	16	0.33074900601059193	0.4875485002994537	7.5	4
47	26	4715	5	just_check_hum,original_hum,paraphrase_hum,removed_sentence_hum,yes_no_hum	6	ascii_original,d_to_ḑ,e_to_ē,random_readable_unicode_control,s_to_ş,s_to_ṡ	14	16	0.22337592765688896	0.372244268655777	38.0	11
48	26	7133	5	just_check_hum,original_hum,paraphrase_hum,removed_sentence_hum,yes_no_hum	6	ascii_original,d_to_ḑ,e_to_ē,random_readable_unicode_control,s_to_ş,s_to_ṡ	14	16	0.17185809835791582	0.2154537737369537	37.5	30
49	26	677	5	just_check_hum,original_hum,paraphrase_hum,removed_sentence_hum,yes_no_hum	5	ascii_original,d_to_ḑ,e_to_ē,random_readable_unicode_control,s_to_ş	14	14	0.311471374971526	0.5709426999092102	32.0	3
50	26	11650	5	just_check_hum,original_hum,paraphrase_hum,removed_sentence_hum,yes_no_hum	6	ascii_original,d_to_ḑ,e_to_ē,random_readable_unicode_control,s_to_ş,s_to_ṡ	13	19	0.1866507436099805	0.2407124042510986	33.0	17
51	26	27446	5	just_check_hum,original_hum,paraphrase_hum,removed_sentence_hum,yes_no_hum	4	e_to_ē,random_readable_unicode_control,s_to_ş,s_to_ṡ	13	18	0.3852491295999951	0.5755175948143005	8.5	2
52	26	28696	5	just_check_hum,original_hum,paraphrase_hum,removed_sentence_hum,yes_no_hum	6	ascii_original,d_to_ḑ,e_to_ē,random_readable_unicode_control,s_to_ş,s_to_ṡ	13	15	0.2188886721928914	0.3174600005149841	26.0	11
53	26	30036	5	just_check_hum,original_hum,paraphrase_hum,removed_sentence_hum,yes_no_hum	5	ascii_original,d_to_ḑ,e_to_ē,random_readable_unicode_control,s_to_ş	13	13	0.5037498015623826	0.8062387108802795	5.0	2
54	26	29329	5	just_check_hum,original_hum,paraphrase_hum,removed_sentence_hum,yes_no_hum	6	ascii_original,d_to_ḑ,e_to_ē,random_readable_unicode_control,s_to_ş,s_to_ṡ	12	17	0.1923803345245473	0.2266881465911865	31.0	16
55	26	1438	5	just_check_hum,original_hum,paraphrase_hum,removed_sentence_hum,yes_no_hum	3	e_to_ē,s_to_ş,s_to_ṡ	12	15	0.19426566859086353	0.274253249168396	37.0	12
56	26	25141	5	just_check_hum,original_hum,paraphrase_hum,removed_sentence_hum,yes_no_hum	4	e_to_ē,random_readable_unicode_control,s_to_ş,s_to_ṡ	12	14	0.44419520667621065	0.5885830521583557	7.5	3
57	26	271	5	just_check_hum,original_hum,paraphrase_hum,removed_sentence_hum,yes_no_hum	4	ascii_original,random_readable_unicode_control,s_to_ş,s_to_ṡ	12	14	0.24940399080514905	0.3686488568782806	17.5	5
58	26	11038	5	just_check_hum,original_hum,paraphrase_hum,removed_sentence_hum,yes_no_hum	4	e_to_ē,random_readable_unicode_control,s_to_ş,s_to_ṡ	12	13	0.40617667253200823	0.5831500887870789	13.0	4
59	26	1984	5	just_check_hum,original_hum,paraphrase_hum,removed_sentence_hum,yes_no_hum	4	ascii_original,d_to_ḑ,random_readable_unicode_control,s_to_ṡ	12	13	0.28120689667188203	0.4568309485912323	29.0	5
60	26	16255	5	just_check_hum,original_hum,paraphrase_hum,removed_sentence_hum,yes_no_hum	6	ascii_original,d_to_ḑ,e_to_ē,random_readable_unicode_control,s_to_ş,s_to_ṡ	12	13	0.17736106308606953	0.2218983471393585	40.0	33
61	26	17200	5	just_check_hum,original_hum,paraphrase_hum,removed_sentence_hum,yes_no_hum	6	ascii_original,d_to_ḑ,e_to_ē,random_readable_unicode_control,s_to_ş,s_to_ṡ	12	12	0.27673657611012453	0.4586532711982727	23.5	5
62	26	12034	5	just_check_hum,original_hum,paraphrase_hum,removed_sentence_hum,yes_no_hum	3	e_to_ē,s_to_ş,s_to_ṡ	11	25	0.28941072583198546	0.4706102907657623	15.0	4
63	26	12068	5	just_check_hum,original_hum,paraphrase_hum,removed_sentence_hum,yes_no_hum	4	e_to_ē,random_readable_unicode_control,s_to_ş,s_to_ṡ	11	12	0.38391922911008197	0.5965098142623901	11.0	3
64	26	28078	5	just_check_hum,original_hum,paraphrase_hum,removed_sentence_hum,yes_no_hum	4	e_to_ē,random_readable_unicode_control,s_to_ş,s_to_ṡ	11	12	0.2694014807542165	0.5715270042419434	31.5	5
65	26	1930	5	just_check_hum,original_hum,paraphrase_hum,removed_sentence_hum,yes_no_hum	3	ascii_original,d_to_ḑ,random_readable_unicode_control	11	11	0.32421340454708447	0.5232142806053162	16.0	4
66	26	7754	5	just_check_hum,original_hum,paraphrase_hum,removed_sentence_hum,yes_no_hum	5	ascii_original,d_to_ḑ,e_to_ē,random_readable_unicode_control,s_to_ş	11	11	0.29338338293812494	0.362081229686737	20.0	12
67	26	2720	5	just_check_hum,original_hum,paraphrase_hum,removed_sentence_hum,yes_no_hum	5	ascii_original,d_to_ḑ,e_to_ē,random_readable_unicode_control,s_to_ş	11	11	0.23349183255975892	0.2973926961421966	32.0	20
68	26	8928	5	just_check_hum,original_hum,paraphrase_hum,removed_sentence_hum,yes_no_hum	6	ascii_original,d_to_ḑ,e_to_ē,random_readable_unicode_control,s_to_ş,s_to_ṡ	11	11	0.20233014903285282	0.2404206395149231	28.0	13
69	26	7164	5	just_check_hum,original_hum,paraphrase_hum,removed_sentence_hum,yes_no_hum	3	e_to_ē,s_to_ş,s_to_ṡ	10	14	0.29934166371822357	0.4276054501533508	11.0	5
70	26	14858	5	just_check_hum,original_hum,paraphrase_hum,removed_sentence_hum,yes_no_hum	5	ascii_original,d_to_ḑ,e_to_ē,random_readable_unicode_control,s_to_ş	10	10	0.5976892560720444	0.7224780321121216	2.0	2
71	26	1206	5	just_check_hum,original_hum,paraphrase_hum,removed_sentence_hum,yes_no_hum	5	ascii_original,d_to_ḑ,e_to_ē,random_readable_unicode_control,s_to_ş	10	10	0.29876246154308317	0.3786318302154541	18.5	10
72	26	20303	5	just_check_hum,original_hum,paraphrase_hum,removed_sentence_hum,yes_no_hum	5	ascii_original,d_to_ḑ,random_readable_unicode_control,s_to_ş,s_to_ṡ	10	10	0.25085330754518503	0.3143314123153686	23.0	18
73	26	29131	5	just_check_hum,original_hum,paraphrase_hum,removed_sentence_hum,yes_no_hum	3	e_to_ē,s_to_ş,s_to_ṡ	8	9	0.22534703380531734	0.3205687999725342	27.0	12
74	26	2665	5	just_check_hum,original_hum,paraphrase_hum,removed_sentence_hum,yes_no_hum	2	e_to_ē,random_readable_unicode_control	7	10	0.4732186898589134	0.7225359678268433	6.0	3
75	26	30015	5	just_check_hum,original_hum,paraphrase_hum,removed_sentence_hum,yes_no_hum	3	ascii_original,d_to_ḑ,s_to_ṡ	7	7	0.22630988700049262	0.324626475572586	41.0	15
76	26	1711	5	just_check_hum,original_hum,paraphrase_hum,removed_sentence_hum,yes_no_hum	3	e_to_ē,random_readable_unicode_control,s_to_ş	6	8	0.4074295349419117	0.6302932500839233	11.0	2
77	26	1408	5	just_check_hum,original_hum,paraphrase_hum,removed_sentence_hum,yes_no_hum	3	e_to_ē,s_to_ş,s_to_ṡ	6	7	0.4652859994343349	0.5688717365264893	4.0	3
78	26	6896	5	just_check_hum,original_hum,paraphrase_hum,removed_sentence_hum,yes_no_hum	3	e_to_ē,random_readable_unicode_control,s_to_ş	6	6	0.3913096984227498	0.5092597603797913	7.5	5
79	26	16727	5	just_check_hum,original_hum,paraphrase_hum,removed_sentence_hum,yes_no_hum	2	s_to_ş,s_to_ṡ	6	6	0.24139468868573502	0.3029631972312927	18.5	10
80	26	16612	5	just_check_hum,original_hum,paraphrase_hum,removed_sentence_hum,yes_no_hum	1	s_to_ṡ	5	8	0.6039004102349281	0.7728206515312195	2.5	2
81	26	22935	5	just_check_hum,original_hum,paraphrase_hum,removed_sentence_hum,yes_no_hum	1	s_to_ṡ	5	6	0.3606671790281932	0.5203640460968018	10.5	7
82	26	13564	5	just_check_hum,original_hum,paraphrase_hum,removed_sentence_hum,yes_no_hum	1	s_to_ṡ	5	6	0.24530172099669775	0.283812940120697	21.5	16
83	26	25724	5	just_check_hum,original_hum,paraphrase_hum,removed_sentence_hum,yes_no_hum	1	s_to_ṡ	5	6	0.24487583835919693	0.3305228054523468	23.5	14
84	26	16958	5	just_check_hum,original_hum,paraphrase_hum,removed_sentence_hum,yes_no_hum	1	s_to_ṡ	5	6	0.22833421578009924	0.30391725897789	27.0	17
85	26	2355	5	just_check_hum,original_hum,paraphrase_hum,removed_sentence_hum,yes_no_hum	1	s_to_ṡ	5	5	0.5158050000667572	0.59952712059021	4.0	4
86	26	6429	4	just_check_hum,original_hum,removed_sentence_hum,yes_no_hum	6	ascii_original,d_to_ḑ,e_to_ē,random_readable_unicode_control,s_to_ş,s_to_ṡ	24	44	0.2324287281794981	0.3251632750034332	23.5	7
87	26	16706	4	just_check_hum,original_hum,paraphrase_hum,removed_sentence_hum	6	ascii_original,d_to_ḑ,e_to_ē,random_readable_unicode_control,s_to_ş,s_to_ṡ	23	23	0.4739431129849475	0.5989919304847717	4.0	3
88	26	4795	4	original_hum,paraphrase_hum,removed_sentence_hum,yes_no_hum	6	ascii_original,d_to_ḑ,e_to_ē,random_readable_unicode_control,s_to_ş,s_to_ṡ	22	26	0.2036862424932993	0.2634826898574829	27.5	11
89	26	10636	4	original_hum,paraphrase_hum,removed_sentence_hum,yes_no_hum	6	ascii_original,d_to_ḑ,e_to_ē,random_readable_unicode_control,s_to_ş,s_to_ṡ	20	37	0.3158728887100477	0.6790323257446289	13.0	3
90	26	30911	4	original_hum,paraphrase_hum,removed_sentence_hum,yes_no_hum	6	ascii_original,d_to_ḑ,e_to_ē,random_readable_unicode_control,s_to_ş,s_to_ṡ	20	23	0.24055905316186985	0.4659158289432525	18.0	5
91	26	11456	4	original_hum,paraphrase_hum,removed_sentence_hum,yes_no_hum	6	ascii_original,d_to_ḑ,e_to_ē,random_readable_unicode_control,s_to_ş,s_to_ṡ	19	28	0.18353624748332156	0.26426562666893	36.5	19
92	26	13935	4	original_hum,paraphrase_hum,removed_sentence_hum,yes_no_hum	6	ascii_original,d_to_ḑ,e_to_ē,random_readable_unicode_control,s_to_ş,s_to_ṡ	19	23	0.27452700811883674	0.3831562995910644	14.0	6
93	26	3241	4	just_check_hum,original_hum,paraphrase_hum,removed_sentence_hum	6	ascii_original,d_to_ḑ,e_to_ē,random_readable_unicode_control,s_to_ş,s_to_ṡ	19	19	0.3667344098028384	0.4646804928779602	6.0	4
94	26	6021	4	just_check_hum,original_hum,paraphrase_hum,removed_sentence_hum	6	ascii_original,d_to_ḑ,e_to_ē,random_readable_unicode_control,s_to_ş,s_to_ṡ	19	19	0.23199606882898427	0.3014962375164032	19.0	11
95	26	25351	4	original_hum,paraphrase_hum,removed_sentence_hum,yes_no_hum	6	ascii_original,d_to_ḑ,e_to_ē,random_readable_unicode_control,s_to_ş,s_to_ṡ	19	19	0.1977967604210502	0.281598299741745	25.0	12
96	26	8882	4	just_check_hum,original_hum,paraphrase_hum,removed_sentence_hum	6	ascii_original,d_to_ḑ,e_to_ē,random_readable_unicode_control,s_to_ş,s_to_ṡ	18	27	0.19953277541531453	0.2364605516195297	29.0	15
97	26	17869	4	just_check_hum,original_hum,paraphrase_hum,removed_sentence_hum	6	ascii_original,d_to_ḑ,e_to_ē,random_readable_unicode_control,s_to_ş,s_to_ṡ	17	36	0.2051323710216416	0.3161318302154541	34.0	9
98	26	26407	4	just_check_hum,original_hum,paraphrase_hum,yes_no_hum	6	ascii_original,d_to_ḑ,e_to_ē,random_readable_unicode_control,s_to_ş,s_to_ṡ	17	31	0.2987575761733516	0.5316031575202942	18.0	3
99	26	16131	4	just_check_hum,original_hum,paraphrase_hum,yes_no_hum	6	ascii_original,d_to_ḑ,e_to_ē,random_readable_unicode_control,s_to_ş,s_to_ṡ	17	21	0.2905417517537162	0.4163360595703125	11.0	4
100	26	26803	4	just_check_hum,paraphrase_hum,removed_sentence_hum,yes_no_hum	6	ascii_original,d_to_ḑ,e_to_ē,random_readable_unicode_control,s_to_ş,s_to_ṡ	16	32	0.2911879704333841	0.5050808191299438	16.5	5
101	26	19335	4	just_check_hum,original_hum,paraphrase_hum,yes_no_hum	6	ascii_original,d_to_ḑ,e_to_ē,random_readable_unicode_control,s_to_ş,s_to_ṡ	16	29	0.1995020072008001	0.2821892499923706	31.0	10
102	26	24123	4	just_check_hum,paraphrase_hum,removed_sentence_hum,yes_no_hum	6	ascii_original,d_to_ḑ,e_to_ē,random_readable_unicode_control,s_to_ş,s_to_ṡ	16	23	0.2543603117051331	0.4396783113479614	19.0	3
103	26	16822	4	just_check_hum,original_hum,paraphrase_hum,yes_no_hum	6	ascii_original,d_to_ḑ,e_to_ē,random_readable_unicode_control,s_to_ş,s_to_ṡ	15	30	0.27180260618527724	0.458506166934967	15.0	7
104	26	10709	4	original_hum,paraphrase_hum,removed_sentence_hum,yes_no_hum	6	ascii_original,d_to_ḑ,e_to_ē,random_readable_unicode_control,s_to_ş,s_to_ṡ	15	29	0.23722658177901956	0.4288719296455383	24.0	8
105	26	6593	4	just_check_hum,original_hum,removed_sentence_hum,yes_no_hum	6	ascii_original,d_to_ḑ,e_to_ē,random_readable_unicode_control,s_to_ş,s_to_ṡ	15	21	0.17537444971856614	0.2015573531389236	35.0	27
106	26	19752	4	just_check_hum,paraphrase_hum,removed_sentence_hum,yes_no_hum	6	ascii_original,d_to_ḑ,e_to_ē,random_readable_unicode_control,s_to_ş,s_to_ṡ	14	14	0.20656756205218177	0.2713407278060913	26.0	10
107	26	9728	4	just_check_hum,paraphrase_hum,removed_sentence_hum,yes_no_hum	6	ascii_original,d_to_ḑ,e_to_ē,random_readable_unicode_control,s_to_ş,s_to_ṡ	13	27	0.5245340036021339	1.0124913454055786	6.0	1
108	26	26723	4	original_hum,paraphrase_hum,removed_sentence_hum,yes_no_hum	5	ascii_original,d_to_ḑ,e_to_ē,s_to_ş,s_to_ṡ	13	16	0.20268669351935384	0.3202538192272186	38.0	14
109	26	23797	4	original_hum,paraphrase_hum,removed_sentence_hum,yes_no_hum	6	ascii_original,d_to_ḑ,e_to_ē,random_readable_unicode_control,s_to_ş,s_to_ṡ	12	24	0.19870159526666	0.3265205919742584	33.5	7
110	26	22800	4	just_check_hum,original_hum,paraphrase_hum,yes_no_hum	6	ascii_original,d_to_ḑ,e_to_ē,random_readable_unicode_control,s_to_ş,s_to_ṡ	12	17	0.2092985878972446	0.266770452260971	21.0	13
111	26	26273	4	just_check_hum,original_hum,paraphrase_hum,removed_sentence_hum	6	ascii_original,d_to_ḑ,e_to_ē,random_readable_unicode_control,s_to_ş,s_to_ṡ	12	13	0.3175321691311322	0.4299690425395965	15.0	10
112	26	18403	4	just_check_hum,original_hum,paraphrase_hum,yes_no_hum	6	ascii_original,d_to_ḑ,e_to_ē,random_readable_unicode_control,s_to_ş,s_to_ṡ	11	14	0.20652016571589876	0.293449193239212	25.0	13
113	26	13989	4	just_check_hum,original_hum,paraphrase_hum,yes_no_hum	5	ascii_original,d_to_ḑ,random_readable_unicode_control,s_to_ş,s_to_ṡ	11	13	0.2501647449456728	0.4081167578697204	29.0	8
114	26	5117	4	original_hum,paraphrase_hum,removed_sentence_hum,yes_no_hum	6	ascii_original,d_to_ḑ,e_to_ē,random_readable_unicode_control,s_to_ş,s_to_ṡ	11	12	1.1763843918840091	1.526014804840088	2.0	1
115	26	21517	4	just_check_hum,original_hum,paraphrase_hum,removed_sentence_hum	5	ascii_original,d_to_ḑ,random_readable_unicode_control,s_to_ş,s_to_ṡ	11	12	0.33668310567736626	0.4345511794090271	6.5	3
116	26	12805	4	just_check_hum,paraphrase_hum,removed_sentence_hum,yes_no_hum	5	ascii_original,d_to_ḑ,random_readable_unicode_control,s_to_ş,s_to_ṡ	11	12	0.2577374403675397	0.3571457266807556	27.0	7
117	26	31489	4	just_check_hum,original_hum,paraphrase_hum,yes_no_hum	6	ascii_original,d_to_ḑ,e_to_ē,random_readable_unicode_control,s_to_ş,s_to_ṡ	11	11	0.27974140779538587	0.4873993396759033	25.0	7
118	26	2802	4	original_hum,paraphrase_hum,removed_sentence_hum,yes_no_hum	3	ascii_original,d_to_ḑ,random_readable_unicode_control	10	11	0.19417665356939484	0.2950273156166076	36.0	23
119	26	26259	4	just_check_hum,paraphrase_hum,removed_sentence_hum,yes_no_hum	6	ascii_original,d_to_ḑ,e_to_ē,random_readable_unicode_control,s_to_ş,s_to_ṡ	10	10	0.3700297802686691	0.6020323038101196	7.5	3
120	26	25960	4	original_hum,paraphrase_hum,removed_sentence_hum,yes_no_hum	6	ascii_original,d_to_ḑ,e_to_ē,random_readable_unicode_control,s_to_ş,s_to_ṡ	10	10	0.25882325470447537	0.3926085829734802	20.5	6
121	26	32307	4	just_check_hum,original_hum,paraphrase_hum,yes_no_hum	6	ascii_original,d_to_ḑ,e_to_ē,random_readable_unicode_control,s_to_ş,s_to_ṡ	10	10	0.23177478909492494	0.311999648809433	20.5	11
122	26	14553	4	just_check_hum,paraphrase_hum,removed_sentence_hum,yes_no_hum	5	ascii_original,d_to_ḑ,e_to_ē,random_readable_unicode_control,s_to_ş	10	10	0.20477728545665735	0.3090486824512481	34.5	11
123	26	3361	4	just_check_hum,original_hum,removed_sentence_hum,yes_no_hum	6	ascii_original,d_to_ḑ,e_to_ē,random_readable_unicode_control,s_to_ş,s_to_ṡ	9	10	0.196884436905384	0.2553550899028778	38.0	10
124	26	18224	4	just_check_hum,original_hum,paraphrase_hum,yes_no_hum	5	ascii_original,d_to_ḑ,random_readable_unicode_control,s_to_ş,s_to_ṡ	8	10	0.20275803506374354	0.2755155563354492	23.5	10
125	26	18765	4	just_check_hum,original_hum,paraphrase_hum,removed_sentence_hum	3	e_to_ē,random_readable_unicode_control,s_to_ş	8	9	0.2571198559469647	0.3392812609672546	17.0	10
126	26	17679	4	just_check_hum,original_hum,paraphrase_hum,yes_no_hum	5	ascii_original,d_to_ḑ,e_to_ē,random_readable_unicode_control,s_to_ş	8	8	0.5187532491981983	0.6619789600372314	3.5	3
127	26	6069	4	just_check_hum,original_hum,removed_sentence_hum,yes_no_hum	4	ascii_original,d_to_ḑ,random_readable_unicode_control,s_to_ş	8	8	0.3545439951121807	0.4715556204319	10.0	5
128	26	27364	4	just_check_hum,original_hum,paraphrase_hum,yes_no_hum	5	ascii_original,d_to_ḑ,e_to_ē,random_readable_unicode_control,s_to_ş	8	8	0.34703436866402626	0.4958597421646118	9.5	6
129	26	25046	4	just_check_hum,original_hum,removed_sentence_hum,yes_no_hum	5	ascii_original,d_to_ḑ,random_readable_unicode_control,s_to_ş,s_to_ṡ	8	8	0.27062621526420116	0.407103955745697	16.0	7
130	26	1464	4	original_hum,paraphrase_hum,removed_sentence_hum,yes_no_hum	6	ascii_original,d_to_ḑ,e_to_ē,random_readable_unicode_control,s_to_ş,s_to_ṡ	8	8	0.2593542654067278	0.4001563489437103	22.0	6
131	26	15160	4	original_hum,paraphrase_hum,removed_sentence_hum,yes_no_hum	3	e_to_ē,s_to_ş,s_to_ṡ	7	9	0.20450575815306768	0.2224342674016952	30.0	19
132	26	7711	4	just_check_hum,original_hum,removed_sentence_hum,yes_no_hum	4	ascii_original,d_to_ḑ,e_to_ē,s_to_ṡ	7	8	0.20175248757004732	0.2489244192838668	37.5	24
133	26	2430	4	just_check_hum,original_hum,removed_sentence_hum,yes_no_hum	4	ascii_original,d_to_ḑ,random_readable_unicode_control,s_to_ş	7	7	0.2742401212453842	0.3507775366306305	16.0	14
134	26	2555	4	just_check_hum,original_hum,removed_sentence_hum,yes_no_hum	2	e_to_ē,s_to_ṡ	7	7	0.1947771310806274	0.2359037101268768	33.0	20
135	26	9446	4	just_check_hum,original_hum,removed_sentence_hum,yes_no_hum	3	random_readable_unicode_control,s_to_ş,s_to_ṡ	6	12	0.19222626586755112	0.2495100200176239	31.0	15
136	26	16987	4	original_hum,paraphrase_hum,removed_sentence_hum,yes_no_hum	3	e_to_ē,s_to_ş,s_to_ṡ	6	8	0.19915642775595185	0.2539006471633911	33.0	10
137	26	75	4	just_check_hum,original_hum,removed_sentence_hum,yes_no_hum	4	ascii_original,d_to_ḑ,e_to_ē,s_to_ş	6	6	0.3145928507049878	0.4057096242904663	12.0	10
138	26	22188	4	original_hum,paraphrase_hum,removed_sentence_hum,yes_no_hum	2	s_to_ş,s_to_ṡ	6	6	0.28023972113927204	0.4962789416313171	25.0	3
139	26	2228	4	just_check_hum,original_hum,removed_sentence_hum,yes_no_hum	4	ascii_original,d_to_ḑ,random_readable_unicode_control,s_to_ş	6	6	0.2639059027036031	0.3124124407768249	22.0	16
140	26	19170	4	just_check_hum,original_hum,paraphrase_hum,yes_no_hum	4	ascii_original,d_to_ḑ,e_to_ē,random_readable_unicode_control	6	6	0.2443886697292328	0.2923884391784668	15.5	12
141	26	24589	4	just_check_hum,paraphrase_hum,removed_sentence_hum,yes_no_hum	5	ascii_original,d_to_ḑ,random_readable_unicode_control,s_to_ş,s_to_ṡ	6	6	0.23871509730815885	0.3795653581619262	30.5	4
142	26	892	4	original_hum,paraphrase_hum,removed_sentence_hum,yes_no_hum	4	ascii_original,d_to_ḑ,s_to_ş,s_to_ṡ	6	6	0.18227556844552353	0.2232536673545837	36.0	20
143	26	17701	4	just_check_hum,original_hum,paraphrase_hum,removed_sentence_hum	3	e_to_ē,s_to_ş,s_to_ṡ	5	6	0.2253429591655731	0.2500732541084289	20.0	17
144	26	30871	4	original_hum,paraphrase_hum,removed_sentence_hum,yes_no_hum	3	d_to_ḑ,random_readable_unicode_control,s_to_ş	5	5	0.22394818961620327	0.3779751062393188	38.0	6
145	26	17766	4	original_hum,paraphrase_hum,removed_sentence_hum,yes_no_hum	3	e_to_ē,random_readable_unicode_control,s_to_ş	5	5	0.2213385164737701	0.2541489005088806	22.0	21
146	26	24339	4	just_check_hum,original_hum,removed_sentence_hum,yes_no_hum	3	ascii_original,d_to_ḑ,random_readable_unicode_control	5	5	0.21934400796890258	0.247610330581665	44.0	30
147	26	30964	4	original_hum,paraphrase_hum,removed_sentence_hum,yes_no_hum	4	d_to_ḑ,random_readable_unicode_control,s_to_ş,s_to_ṡ	5	5	0.1626339554786682	0.1828920543193817	45.0	30
148	26	6572	4	just_check_hum,original_hum,removed_sentence_hum,yes_no_hum	1	s_to_ṡ	4	6	0.36044896642367047	0.5482280254364014	13.5	5
149	26	8437	4	just_check_hum,original_hum,removed_sentence_hum,yes_no_hum	1	s_to_ṡ	4	6	0.20998014261325196	0.2696359753608703	24.0	19
150	26	15136	4	just_check_hum,original_hum,removed_sentence_hum,yes_no_hum	1	s_to_ṡ	4	5	0.28554787635803225	0.4165782928466797	16.0	9
151	26	23280	4	just_check_hum,paraphrase_hum,removed_sentence_hum,yes_no_hum	3	d_to_ḑ,random_readable_unicode_control,s_to_ş	4	4	0.7949324883520602	1.59057879447937	2.5	1
152	26	29711	4	just_check_hum,original_hum,removed_sentence_hum,yes_no_hum	1	s_to_ṡ	4	4	0.40173110365867615	0.4757850766181946	11.0	8
153	26	440	4	original_hum,paraphrase_hum,removed_sentence_hum,yes_no_hum	1	s_to_ṡ	4	4	0.35104150325059885	0.382965475320816	7.5	7
154	26	16287	4	just_check_hum,original_hum,removed_sentence_hum,yes_no_hum	1	s_to_ṡ	4	4	0.3385428339242935	0.3697342872619629	12.0	12
155	26	6720	4	just_check_hum,original_hum,removed_sentence_hum,yes_no_hum	1	s_to_ṡ	4	4	0.33068910241127014	0.354851484298706	15.0	13
156	26	12013	4	just_check_hum,original_hum,removed_sentence_hum,yes_no_hum	1	s_to_ṡ	4	4	0.2900945618748665	0.3432597219944	18.5	12
157	26	8595	4	original_hum,paraphrase_hum,removed_sentence_hum,yes_no_hum	1	s_to_ş	4	4	0.28542510420084	0.3293207585811615	12.0	9
158	26	17586	4	just_check_hum,original_hum,removed_sentence_hum,yes_no_hum	1	s_to_ṡ	4	4	0.27933982014656067	0.3430924415588379	17.5	14
159	26	16081	4	original_hum,paraphrase_hum,removed_sentence_hum,yes_no_hum	2	s_to_ş,s_to_ṡ	4	4	0.2729831859469414	0.3561848998069763	22.0	10
160	26	15882	4	just_check_hum,original_hum,removed_sentence_hum,yes_no_hum	1	s_to_ṡ	4	4	0.2669510915875435	0.303827166557312	22.5	15
161	26	19083	4	just_check_hum,original_hum,removed_sentence_hum,yes_no_hum	1	s_to_ṡ	4	4	0.26616916060447693	0.3008124530315399	21.5	16
162	26	30733	4	just_check_hum,original_hum,removed_sentence_hum,yes_no_hum	1	s_to_ṡ	4	4	0.2515683211386203	0.2780297398567199	22.0	20
163	26	9834	4	just_check_hum,original_hum,paraphrase_hum,yes_no_hum	3	e_to_ē,s_to_ş,s_to_ṡ	4	4	0.24347347766160965	0.3608295619487762	24.5	9
164	26	23239	4	just_check_hum,original_hum,paraphrase_hum,removed_sentence_hum	1	e_to_ē	4	4	0.23230568319559095	0.2721486389636993	17.0	15
165	26	21902	4	original_hum,paraphrase_hum,removed_sentence_hum,yes_no_hum	2	s_to_ş,s_to_ṡ	4	4	0.2295054607093334	0.3486209511756897	38.0	11
166	26	19185	4	just_check_hum,original_hum,removed_sentence_hum,yes_no_hum	3	ascii_original,random_readable_unicode_control,s_to_ṡ	4	4	0.22714398801326746	0.2483191639184951	33.5	32
167	26	27311	4	just_check_hum,paraphrase_hum,removed_sentence_hum,yes_no_hum	3	e_to_ē,s_to_ş,s_to_ṡ	4	4	0.22558814659714696	0.3294009864330292	24.0	11
168	26	26833	4	original_hum,paraphrase_hum,removed_sentence_hum,yes_no_hum	2	e_to_ē,s_to_ş	4	4	0.21990166604518888	0.2893514633178711	23.0	17
169	26	13236	4	just_check_hum,original_hum,paraphrase_hum,removed_sentence_hum	2	e_to_ē,s_to_ṡ	4	4	0.19832501560449595	0.21612049639225	25.0	22
170	26	14311	4	original_hum,paraphrase_hum,removed_sentence_hum,yes_no_hum	1	s_to_ṡ	4	4	0.18759857863187784	0.2243667244911193	24.5	19
171	26	31640	4	just_check_hum,original_hum,paraphrase_hum,removed_sentence_hum	1	e_to_ē	4	4	0.18664767593145368	0.2400862872600555	31.5	18
172	26	1242	4	just_check_hum,original_hum,removed_sentence_hum,yes_no_hum	1	e_to_ē	4	4	0.18076124042272565	0.2275518178939819	40.5	19
173	26	8472	4	just_check_hum,original_hum,paraphrase_hum,removed_sentence_hum	1	e_to_ē	4	4	0.17675495892763132	0.1978450417518615	31.5	25
174	26	17538	4	just_check_hum,original_hum,removed_sentence_hum,yes_no_hum	1	s_to_ṡ	4	4	0.16726750880479807	0.1812949180603027	46.5	43
175	26	31261	4	just_check_hum,original_hum,paraphrase_hum,removed_sentence_hum	2	e_to_ē,s_to_ş	4	4	0.16641782969236368	0.2253439426422119	38.0	31
176	26	5257	3	just_check_hum,original_hum,removed_sentence_hum	6	ascii_original,d_to_ḑ,e_to_ē,random_readable_unicode_control,s_to_ş,s_to_ṡ	18	47	0.31852970605200903	0.5786274671554565	12.0	3
177	26	799	3	just_check_hum,original_hum,removed_sentence_hum	6	ascii_original,d_to_ḑ,e_to_ē,random_readable_unicode_control,s_to_ş,s_to_ṡ	18	33	1.1789974534150325	2.084977865219116	2.0	1
178	26	32454	3	just_check_hum,original_hum,removed_sentence_hum	6	ascii_original,d_to_ḑ,e_to_ē,random_readable_unicode_control,s_to_ş,s_to_ṡ	18	29	0.23165210670438302	0.3186168968677521	23.0	8
179	26	16475	3	just_check_hum,original_hum,removed_sentence_hum	6	ascii_original,d_to_ḑ,e_to_ē,random_readable_unicode_control,s_to_ş,s_to_ṡ	18	28	0.25006866348641255	0.461080253124237	21.5	5
180	26	9241	3	just_check_hum,original_hum,removed_sentence_hum	6	ascii_original,d_to_ḑ,e_to_ē,random_readable_unicode_control,s_to_ş,s_to_ṡ	18	21	0.24495139008476616	0.3433915972709656	17.0	7
181	26	29065	3	just_check_hum,original_hum,removed_sentence_hum	6	ascii_original,d_to_ḑ,e_to_ē,random_readable_unicode_control,s_to_ş,s_to_ṡ	18	19	0.2764050599775816	0.4427257180213928	11.0	7
182	26	25001	3	just_check_hum,original_hum,removed_sentence_hum	6	ascii_original,d_to_ḑ,e_to_ē,random_readable_unicode_control,s_to_ş,s_to_ṡ	17	30	0.24564362317323682	0.3223069012165069	16.0	8
183	26	3271	3	just_check_hum,original_hum,removed_sentence_hum	6	ascii_original,d_to_ḑ,e_to_ē,random_readable_unicode_control,s_to_ş,s_to_ṡ	16	23	0.2183383904073549	0.3489254415035248	27.0	12
184	26	29171	3	just_check_hum,original_hum,removed_sentence_hum	6	ascii_original,d_to_ḑ,e_to_ē,random_readable_unicode_control,s_to_ş,s_to_ṡ	16	17	0.2362659722566604	0.2880917191505432	14.0	9
185	26	19850	3	just_check_hum,original_hum,removed_sentence_hum	6	ascii_original,d_to_ḑ,e_to_ē,random_readable_unicode_control,s_to_ş,s_to_ṡ	15	17	0.22456440504859473	0.2999241948127746	19.0	10
186	26	599	3	original_hum,paraphrase_hum,removed_sentence_hum	6	ascii_original,d_to_ḑ,e_to_ē,random_readable_unicode_control,s_to_ş,s_to_ṡ	15	15	0.2188736498355865	0.2760127484798431	20.0	12
187	26	29472	3	just_check_hum,original_hum,removed_sentence_hum	5	ascii_original,d_to_ḑ,random_readable_unicode_control,s_to_ş,s_to_ṡ	15	15	0.2026357531547546	0.259828507900238	26.0	18
188	26	8216	3	just_check_hum,original_hum,removed_sentence_hum	5	ascii_original,d_to_ḑ,e_to_ē,random_readable_unicode_control,s_to_ṡ	14	26	0.19299823618852172	0.2563613057136535	31.5	17
189	26	13916	3	just_check_hum,original_hum,removed_sentence_hum	6	ascii_original,d_to_ḑ,e_to_ē,random_readable_unicode_control,s_to_ş,s_to_ṡ	14	24	0.17795033069948352	0.2426525354385376	35.5	25
190	26	28392	3	just_check_hum,original_hum,removed_sentence_hum	5	ascii_original,d_to_ḑ,random_readable_unicode_control,s_to_ş,s_to_ṡ	14	21	0.8686574640728179	1.7685409784317017	3.0	1
191	26	5421	3	just_check_hum,paraphrase_hum,yes_no_hum	6	ascii_original,d_to_ḑ,e_to_ē,random_readable_unicode_control,s_to_ş,s_to_ṡ	14	17	0.4025598413803998	0.6012767553329468	7.0	3
192	26	21478	3	just_check_hum,original_hum,removed_sentence_hum	6	ascii_original,d_to_ḑ,e_to_ē,random_readable_unicode_control,s_to_ş,s_to_ṡ	14	17	0.2240025725434808	0.3051288425922394	21.0	11
193	26	1659	3	just_check_hum,original_hum,removed_sentence_hum	6	ascii_original,d_to_ḑ,e_to_ē,random_readable_unicode_control,s_to_ş,s_to_ṡ	14	16	0.17477726005017755	0.1999589055776596	34.0	28
194	26	20031	3	just_check_hum,original_hum,removed_sentence_hum	5	ascii_original,d_to_ḑ,random_readable_unicode_control,s_to_ş,s_to_ṡ	13	19	0.20783129334449765	0.2747544646263122	27.0	11
195	26	9990	3	just_check_hum,original_hum,removed_sentence_hum	6	ascii_original,d_to_ḑ,e_to_ē,random_readable_unicode_control,s_to_ş,s_to_ṡ	13	13	0.20944153001675236	0.2621992528438568	23.0	11
196	26	17	3	just_check_hum,original_hum,removed_sentence_hum	6	ascii_original,d_to_ḑ,e_to_ē,random_readable_unicode_control,s_to_ş,s_to_ṡ	13	13	0.17642107376685506	0.2421839833259582	39.0	24
197	26	7506	3	just_check_hum,original_hum,removed_sentence_hum	5	ascii_original,d_to_ḑ,e_to_ē,random_readable_unicode_control,s_to_ṡ	12	17	0.17870436871753018	0.2037823647260666	36.0	20
198	26	13593	3	just_check_hum,paraphrase_hum,yes_no_hum	6	ascii_original,d_to_ḑ,e_to_ē,random_readable_unicode_control,s_to_ş,s_to_ṡ	12	16	0.26250583585351706	0.4094480872154236	24.5	8
199	26	13815	3	just_check_hum,paraphrase_hum,yes_no_hum	6	ascii_original,d_to_ḑ,e_to_ē,random_readable_unicode_control,s_to_ş,s_to_ṡ	12	13	0.19837184823476348	0.2398108392953872	31.0	25
200	26	12320	3	original_hum,removed_sentence_hum,yes_no_hum	6	ascii_original,d_to_ḑ,e_to_ē,random_readable_unicode_control,s_to_ş,s_to_ṡ	12	13	0.18751895427703855	0.2203333973884582	30.0	19
201	26	32744	3	original_hum,paraphrase_hum,yes_no_hum	6	ascii_original,d_to_ḑ,e_to_ē,random_readable_unicode_control,s_to_ş,s_to_ṡ	12	12	0.1921903590361277	0.2357785105705261	23.5	15
202	26	14614	3	original_hum,paraphrase_hum,removed_sentence_hum	6	ascii_original,d_to_ḑ,e_to_ē,random_readable_unicode_control,s_to_ş,s_to_ṡ	12	12	0.1843840604027112	0.2225074917078018	29.0	21
203	26	31784	3	just_check_hum,original_hum,removed_sentence_hum	5	ascii_original,d_to_ḑ,e_to_ē,random_readable_unicode_control,s_to_ṡ	11	19	0.17395046431767308	0.2292698472738266	39.0	28
204	26	2256	3	just_check_hum,paraphrase_hum,yes_no_hum	6	ascii_original,d_to_ḑ,e_to_ē,random_readable_unicode_control,s_to_ş,s_to_ṡ	11	14	0.247734791466168	0.3567200005054474	30.0	11
205	26	30205	3	original_hum,paraphrase_hum,removed_sentence_hum	6	ascii_original,d_to_ḑ,e_to_ē,random_readable_unicode_control,s_to_ş,s_to_ṡ	11	12	0.1867597438395023	0.239235371351242	35.0	19
206	26	23070	3	just_check_hum,original_hum,removed_sentence_hum	5	ascii_original,d_to_ḑ,random_readable_unicode_control,s_to_ş,s_to_ṡ	10	15	0.18404739896456396	0.2479185461997985	37.0	22
207	26	8418	3	original_hum,paraphrase_hum,removed_sentence_hum	5	ascii_original,d_to_ḑ,e_to_ē,random_readable_unicode_control,s_to_ṡ	10	14	0.17000962048768994	0.2171200960874557	40.5	27
208	26	22932	3	just_check_hum,original_hum,removed_sentence_hum	4	ascii_original,d_to_ḑ,random_readable_unicode_control,s_to_ṡ	10	12	0.16334608569741246	0.1979861110448837	42.5	24
209	26	22129	3	just_check_hum,original_hum,removed_sentence_hum	4	e_to_ē,random_readable_unicode_control,s_to_ş,s_to_ṡ	10	11	0.1919932514429092	0.2490793913602829	29.0	17
210	26	6653	3	just_check_hum,paraphrase_hum,yes_no_hum	5	ascii_original,d_to_ḑ,e_to_ē,random_readable_unicode_control,s_to_ş	10	10	0.26366158276796337	0.4092280864715576	26.5	5
211	26	18651	3	just_check_hum,paraphrase_hum,yes_no_hum	6	ascii_original,d_to_ḑ,e_to_ē,random_readable_unicode_control,s_to_ş,s_to_ṡ	10	10	0.25462071597576136	0.3497360348701477	21.5	7
212	26	18841	3	just_check_hum,paraphrase_hum,yes_no_hum	5	ascii_original,d_to_ḑ,random_readable_unicode_control,s_to_ş,s_to_ṡ	10	10	0.22735777795314785	0.304500937461853	37.0	20
213	26	27872	3	just_check_hum,original_hum,removed_sentence_hum	5	ascii_original,e_to_ē,random_readable_unicode_control,s_to_ş,s_to_ṡ	10	10	0.2161988332867622	0.2598727643489837	20.0	12
214	26	9563	3	original_hum,removed_sentence_hum,yes_no_hum	5	ascii_original,d_to_ḑ,e_to_ē,random_readable_unicode_control,s_to_ṡ	10	10	0.19112641811370845	0.2179358601570129	30.0	22
215	26	24803	3	original_hum,removed_sentence_hum,yes_no_hum	6	ascii_original,d_to_ḑ,e_to_ē,random_readable_unicode_control,s_to_ş,s_to_ṡ	10	10	0.18803409636020657	0.2551012635231018	30.0	20
216	26	18725	3	just_check_hum,paraphrase_hum,yes_no_hum	5	ascii_original,d_to_ḑ,e_to_ē,random_readable_unicode_control,s_to_ṡ	10	10	0.1813693434000015	0.270559012889862	43.0	29
217	26	11816	3	paraphrase_hum,removed_sentence_hum,yes_no_hum	6	ascii_original,d_to_ḑ,e_to_ē,random_readable_unicode_control,s_to_ş,s_to_ṡ	9	18	0.29857262803448564	0.4928325414657593	28.0	3
218	26	27461	3	just_check_hum,original_hum,removed_sentence_hum	4	ascii_original,d_to_ḑ,e_to_ē,s_to_ṡ	9	14	0.20205324462481902	0.3066676259040832	35.0	12
219	26	31664	3	just_check_hum,paraphrase_hum,yes_no_hum	5	ascii_original,d_to_ḑ,e_to_ē,random_readable_unicode_control,s_to_ṡ	9	13	0.19269455854709328	0.2282899469137191	31.0	19
220	26	1579	3	just_check_hum,paraphrase_hum,yes_no_hum	6	ascii_original,d_to_ḑ,e_to_ē,random_readable_unicode_control,s_to_ş,s_to_ṡ	9	13	0.1899846115937599	0.2486801147460937	31.0	17
221	26	15539	3	just_check_hum,paraphrase_hum,yes_no_hum	5	ascii_original,d_to_ḑ,e_to_ē,random_readable_unicode_control,s_to_ş	9	11	0.233335098082369	0.3268481791019439	32.0	6
222	26	18454	3	original_hum,paraphrase_hum,yes_no_hum	5	ascii_original,d_to_ḑ,e_to_ē,random_readable_unicode_control,s_to_ṡ	9	10	0.2403801769018173	0.3320130407810211	21.5	10
223	26	11335	3	original_hum,paraphrase_hum,removed_sentence_hum	6	ascii_original,d_to_ḑ,e_to_ē,random_readable_unicode_control,s_to_ş,s_to_ṡ	9	10	0.21746765375137328	0.2957358956336975	21.0	13
224	26	15560	3	just_check_hum,original_hum,removed_sentence_hum	4	ascii_original,d_to_ḑ,random_readable_unicode_control,s_to_ṡ	9	10	0.1952377408742904	0.3387038707733154	39.0	10
225	26	771	3	just_check_hum,paraphrase_hum,yes_no_hum	3	ascii_original,d_to_ḑ,random_readable_unicode_control	9	9	0.286167432864507	0.3361283838748932	14.0	8
226	26	9122	3	just_check_hum,paraphrase_hum,yes_no_hum	6	ascii_original,d_to_ḑ,e_to_ē,random_readable_unicode_control,s_to_ş,s_to_ṡ	9	9	0.2537082433700561	0.3178669810295105	23.0	13
227	26	20642	3	just_check_hum,original_hum,removed_sentence_hum	5	ascii_original,d_to_ḑ,e_to_ē,random_readable_unicode_control,s_to_ṡ	9	9	0.19008273217413155	0.2482456266880035	28.0	15
228	26	25491	3	just_check_hum,original_hum,removed_sentence_hum	3	e_to_ē,random_readable_unicode_control,s_to_ş	8	10	0.2250988781452179	0.3934375643730163	30.5	8
229	26	8583	3	just_check_hum,paraphrase_hum,yes_no_hum	6	ascii_original,d_to_ḑ,e_to_ē,random_readable_unicode_control,s_to_ş,s_to_ṡ	8	9	0.2125246938731935	0.278226226568222	29.0	17
230	26	11882	3	just_check_hum,paraphrase_hum,yes_no_hum	5	ascii_original,d_to_ḑ,e_to_ē,random_readable_unicode_control,s_to_ş	8	8	0.33784690499305725	0.3969406485557556	12.0	9
231	26	23447	3	just_check_hum,paraphrase_hum,yes_no_hum	3	ascii_original,d_to_ḑ,random_readable_unicode_control	8	8	0.3141304589807987	0.4465802609920501	15.5	7
232	26	6478	3	just_check_hum,paraphrase_hum,yes_no_hum	6	ascii_original,d_to_ḑ,e_to_ē,random_readable_unicode_control,s_to_ş,s_to_ṡ	8	8	0.2453167140483856	0.3298133611679077	26.5	14
233	26	29592	3	original_hum,paraphrase_hum,yes_no_hum	6	ascii_original,d_to_ḑ,e_to_ē,random_readable_unicode_control,s_to_ş,s_to_ṡ	8	8	0.2363995350897312	0.3819082975387573	22.5	8
234	26	1844	3	just_check_hum,paraphrase_hum,yes_no_hum	6	ascii_original,d_to_ḑ,e_to_ē,random_readable_unicode_control,s_to_ş,s_to_ṡ	8	8	0.20790677331387994	0.2700079381465912	25.5	13
235	26	4844	3	just_check_hum,original_hum,removed_sentence_hum	4	ascii_original,d_to_ḑ,random_readable_unicode_control,s_to_ṡ	8	8	0.15631465241312978	0.175552487373352	41.0	35
236	26	22922	3	just_check_hum,original_hum,removed_sentence_hum	3	ascii_original,d_to_ḑ,s_to_ṡ	7	11	0.20154557173902335	0.2585684359073639	35.0	26
237	26	6630	3	just_check_hum,paraphrase_hum,yes_no_hum	5	ascii_original,d_to_ḑ,e_to_ē,random_readable_unicode_control,s_to_ş	7	7	1.117677858897618	1.2042512893676758	1.0	1
238	26	26037	3	just_check_hum,paraphrase_hum,yes_no_hum	5	ascii_original,d_to_ḑ,e_to_ē,random_readable_unicode_control,s_to_ş	7	7	0.47831640924726215	0.5704129338264465	4.0	3
239	26	31815	3	just_check_hum,paraphrase_hum,yes_no_hum	5	ascii_original,d_to_ḑ,e_to_ē,random_readable_unicode_control,s_to_ş	7	7	0.4226397084338324	0.5592981576919556	9.0	3
240	26	5584	3	just_check_hum,paraphrase_hum,yes_no_hum	5	ascii_original,d_to_ḑ,e_to_ē,random_readable_unicode_control,s_to_ş	7	7	0.4097790185894285	0.5615789294242859	12.0	3
241	26	25398	3	just_check_hum,paraphrase_hum,yes_no_hum	5	ascii_original,d_to_ḑ,e_to_ē,random_readable_unicode_control,s_to_ş	7	7	0.38705112252916607	0.421711802482605	8.0	5
242	26	21339	3	just_check_hum,paraphrase_hum,yes_no_hum	5	ascii_original,d_to_ḑ,e_to_ē,random_readable_unicode_control,s_to_ş	7	7	0.3088575559003012	0.3928529024124145	16.0	9
243	26	14836	3	just_check_hum,original_hum,removed_sentence_hum	4	e_to_ē,random_readable_unicode_control,s_to_ş,s_to_ṡ	7	7	0.2895913911717279	0.3593508303165436	9.0	6
244	26	27763	3	just_check_hum,paraphrase_hum,yes_no_hum	5	ascii_original,d_to_ḑ,e_to_ē,random_readable_unicode_control,s_to_ş	7	7	0.27307393721171785	0.3246423900127411	20.0	17
245	26	7383	3	just_check_hum,paraphrase_hum,yes_no_hum	5	ascii_original,d_to_ḑ,e_to_ē,random_readable_unicode_control,s_to_ş	7	7	0.2666080785649163	0.3310723304748535	21.0	14
246	26	5995	3	just_check_hum,original_hum,removed_sentence_hum	5	ascii_original,d_to_ḑ,e_to_ē,random_readable_unicode_control,s_to_ṡ	7	7	0.22574534160750254	0.2817554473876953	18.0	14
247	26	4494	3	original_hum,paraphrase_hum,yes_no_hum	4	ascii_original,d_to_ḑ,random_readable_unicode_control,s_to_ş	7	7	0.20335311549050464	0.3507549166679382	36.0	5
248	26	7334	3	original_hum,paraphrase_hum,removed_sentence_hum	5	ascii_original,d_to_ḑ,e_to_ē,random_readable_unicode_control,s_to_ṡ	7	7	0.20242414729935776	0.2506529092788696	41.0	31
249	26	2722	3	original_hum,paraphrase_hum,yes_no_hum	5	ascii_original,e_to_ē,random_readable_unicode_control,s_to_ş,s_to_ṡ	7	7	0.1908736314092363	0.2407050132751464	27.0	12
250	26	14182	3	just_check_hum,original_hum,removed_sentence_hum	5	ascii_original,d_to_ḑ,e_to_ē,random_readable_unicode_control,s_to_ṡ	7	7	0.1786836854049137	0.2406819611787796	45.0	24
251	26	31589	3	original_hum,removed_sentence_hum,yes_no_hum	4	ascii_original,d_to_ḑ,random_readable_unicode_control,s_to_ş	7	7	0.17675539425441195	0.2022789716720581	28.0	21
252	26	9745	3	original_hum,removed_sentence_hum,yes_no_hum	4	ascii_original,d_to_ḑ,e_to_ē,random_readable_unicode_control	7	7	0.1756316593715122	0.1902351230382919	39.0	33
253	26	15484	3	just_check_hum,original_hum,removed_sentence_hum	4	d_to_ḑ,e_to_ē,s_to_ş,s_to_ṡ	7	7	0.15753300700868872	0.1789788901805877	41.0	29
254	26	14244	3	original_hum,paraphrase_hum,yes_no_hum	3	d_to_ḑ,random_readable_unicode_control,s_to_ṡ	6	9	0.17467291984293193	0.2532257437705993	43.0	15
255	26	29516	3	paraphrase_hum,removed_sentence_hum,yes_no_hum	4	e_to_ē,random_readable_unicode_control,s_to_ş,s_to_ṡ	6	8	0.1826569158583879	0.2889643311500549	43.5	13
256	26	16073	3	original_hum,paraphrase_hum,yes_no_hum	5	ascii_original,d_to_ḑ,e_to_ē,random_readable_unicode_control,s_to_ş	6	7	0.2217051940304892	0.301638662815094	40.0	21
257	26	22595	3	just_check_hum,paraphrase_hum,yes_no_hum	5	ascii_original,d_to_ḑ,random_readable_unicode_control,s_to_ş,s_to_ṡ	6	6	0.3039090509215991	0.5016367435455322	25.5	5
258	26	31660	3	just_check_hum,paraphrase_hum,yes_no_hum	5	ascii_original,d_to_ḑ,e_to_ē,random_readable_unicode_control,s_to_ş	6	6	0.2591674228509267	0.3175070881843567	24.0	17
259	26	16025	3	just_check_hum,paraphrase_hum,yes_no_hum	4	ascii_original,d_to_ḑ,e_to_ē,random_readable_unicode_control	6	6	0.2583804627259572	0.2931244373321533	25.0	21
260	26	5903	3	just_check_hum,paraphrase_hum,yes_no_hum	5	ascii_original,d_to_ḑ,e_to_ē,random_readable_unicode_control,s_to_ş	6	6	0.236391174296538	0.2726213335990906	29.0	12
261	26	9004	3	original_hum,paraphrase_hum,removed_sentence_hum	4	ascii_original,e_to_ē,s_to_ş,s_to_ṡ	6	6	0.2324138258894284	0.3284709453582763	25.5	16
262	26	5026	3	just_check_hum,paraphrase_hum,yes_no_hum	5	ascii_original,d_to_ḑ,e_to_ē,random_readable_unicode_control,s_to_ş	6	6	0.22870261718829468	0.2627534866333008	35.0	18
263	26	31160	3	original_hum,paraphrase_hum,yes_no_hum	5	ascii_original,d_to_ḑ,e_to_ē,random_readable_unicode_control,s_to_ş	6	6	0.2255848000446955	0.2725479304790497	22.0	17
264	26	3313	3	just_check_hum,original_hum,removed_sentence_hum	4	ascii_original,d_to_ḑ,s_to_ş,s_to_ṡ	6	6	0.22085761527220404	0.2518155574798584	44.0	31
265	26	18030	3	just_check_hum,paraphrase_hum,yes_no_hum	4	ascii_original,d_to_ḑ,e_to_ē,random_readable_unicode_control	6	6	0.20817407717307404	0.2709267139434814	25.0	11
266	26	2959	3	original_hum,removed_sentence_hum,yes_no_hum	5	ascii_original,d_to_ḑ,e_to_ē,random_readable_unicode_control,s_to_ṡ	6	6	0.19745107491811112	0.2586979568004608	30.0	20
267	26	18805	3	just_check_hum,paraphrase_hum,yes_no_hum	5	d_to_ḑ,e_to_ē,random_readable_unicode_control,s_to_ş,s_to_ṡ	6	6	0.18296343336502707	0.2161823511123657	35.0	23
268	26	25325	3	just_check_hum,paraphrase_hum,yes_no_hum	3	e_to_ē,random_readable_unicode_control,s_to_ṡ	6	6	0.17313689241806662	0.1987313330173492	43.0	33
269	26	10963	3	original_hum,paraphrase_hum,removed_sentence_hum	4	e_to_ē,random_readable_unicode_control,s_to_ş,s_to_ṡ	6	6	0.15771955003341037	0.1741209477186203	45.5	37
270	26	478	3	just_check_hum,original_hum,paraphrase_hum	3	ascii_original,d_to_ḑ,random_readable_unicode_control	5	6	0.19407414148251215	0.2515717148780823	43.5	27
271	26	9467	3	just_check_hum,original_hum,removed_sentence_hum	3	e_to_ē,random_readable_unicode_control,s_to_ṡ	5	6	0.1806167115767797	0.2038619816303253	32.5	25
272	26	18527	3	just_check_hum,original_hum,removed_sentence_hum	3	ascii_original,d_to_ḑ,s_to_ş	5	5	0.660848605632782	0.6833875179290771	2.0	2
273	26	14672	3	just_check_hum,original_hum,removed_sentence_hum	3	ascii_original,d_to_ḑ,s_to_ş	5	5	0.4221581816673279	0.4428339302539825	7.0	5
274	26	32680	3	just_check_hum,original_hum,removed_sentence_hum	3	random_readable_unicode_control,s_to_ş,s_to_ṡ	5	5	0.33673998117446896	0.4386069178581238	9.0	5
275	26	805	3	just_check_hum,original_hum,removed_sentence_hum	3	ascii_original,d_to_ḑ,s_to_ş	5	5	0.3196977019309998	0.3397583961486816	16.0	14
276	26	22114	3	original_hum,paraphrase_hum,removed_sentence_hum	3	ascii_original,d_to_ḑ,random_readable_unicode_control	5	5	0.29561100006103513	0.3563930690288543	16.0	8
277	26	21687	3	just_check_hum,original_hum,removed_sentence_hum	3	ascii_original,d_to_ḑ,s_to_ş	5	5	0.2890228927135467	0.3278946280479431	24.0	18
278	26	9576	3	original_hum,paraphrase_hum,removed_sentence_hum	3	ascii_original,d_to_ḑ,s_to_ş	5	5	0.28027592301368714	0.344534307718277	21.0	14
279	26	4204	3	just_check_hum,original_hum,removed_sentence_hum	3	e_to_ē,random_readable_unicode_control,s_to_ṡ	5	5	0.26438861489295956	0.3158044219017029	15.0	12
280	26	3604	3	just_check_hum,paraphrase_hum,yes_no_hum	4	ascii_original,d_to_ḑ,e_to_ē,random_readable_unicode_control	5	5	0.2642903685569763	0.3316929638385772	23.0	13
281	26	18352	3	just_check_hum,original_hum,removed_sentence_hum	3	ascii_original,d_to_ḑ,s_to_ş	5	5	0.2624525517225265	0.3724504709243774	26.0	10
282	26	8619	3	just_check_hum,paraphrase_hum,yes_no_hum	4	ascii_original,e_to_ē,random_readable_unicode_control,s_to_ṡ	5	5	0.2620524525642395	0.5405929088592529	31.0	4
283	26	701	3	just_check_hum,paraphrase_hum,removed_sentence_hum	3	ascii_original,d_to_ḑ,random_readable_unicode_control	5	5	0.24625058770179745	0.3012904524803161	27.0	22
284	26	31897	3	just_check_hum,original_hum,removed_sentence_hum	3	ascii_original,d_to_ḑ,s_to_ş	5	5	0.2365472972393036	0.285707026720047	41.0	26
285	26	9236	3	just_check_hum,paraphrase_hum,yes_no_hum	2	ascii_original,d_to_ḑ	5	5	0.22331911027431484	0.2555871307849884	39.0	15
286	26	22822	3	just_check_hum,original_hum,removed_sentence_hum	2	s_to_ş,s_to_ṡ	5	5	0.21274449229240414	0.2553346157073974	25.0	17
287	26	8266	3	just_check_hum,paraphrase_hum,yes_no_hum	4	ascii_original,d_to_ḑ,e_to_ē,s_to_ş	5	5	0.20298761427402495	0.2567155063152313	35.0	31
288	26	24893	3	just_check_hum,original_hum,removed_sentence_hum	2	e_to_ē,random_readable_unicode_control	5	5	0.18517478108406063	0.2451811581850052	39.0	28
289	26	10676	3	just_check_hum,original_hum,removed_sentence_hum	3	e_to_ē,s_to_ş,s_to_ṡ	5	5	0.182754585146904	0.206234872341156	33.0	25
290	26	13208	3	original_hum,paraphrase_hum,yes_no_hum	4	d_to_ḑ,e_to_ē,random_readable_unicode_control,s_to_ş	5	5	0.17331785261631008	0.2016960382461547	41.0	31
291	26	29577	3	just_check_hum,paraphrase_hum,yes_no_hum	2	e_to_ē,s_to_ṡ	4	5	0.28247597217559817	0.4491245746612549	18.0	6
292	26	24825	3	just_check_hum,original_hum,removed_sentence_hum	2	e_to_ē,s_to_ṡ	4	5	0.22931699156761165	0.3761107623577118	33.0	6
293	26	29537	3	just_check_hum,original_hum,removed_sentence_hum	3	e_to_ē,s_to_ş,s_to_ṡ	4	5	0.19667926430702204	0.2368574440479278	26.0	21
294	26	19726	3	original_hum,paraphrase_hum,yes_no_hum	3	d_to_ḑ,e_to_ē,random_readable_unicode_control	4	5	0.168328121304512	0.1947340071201324	42.0	28
295	26	13791	3	original_hum,removed_sentence_hum,yes_no_hum	2	e_to_ē,s_to_ş	4	5	0.16440030932426447	0.1918028444051742	41.0	27
296	26	25429	3	just_check_hum,original_hum,removed_sentence_hum	2	e_to_ē,random_readable_unicode_control	4	4	0.5519354790449142	0.6509410738945007	3.0	2
297	26	21190	3	original_hum,removed_sentence_hum,yes_no_hum	2	random_readable_unicode_control,s_to_ş	4	4	0.34795766323804855	0.4559408724308014	8.5	4
298	26	23471	3	just_check_hum,original_hum,removed_sentence_hum	2	random_readable_unicode_control,s_to_ş	4	4	0.3037525936961174	0.3356682360172272	14.0	11
299	26	23728	3	just_check_hum,original_hum,removed_sentence_hum	2	random_readable_unicode_control,s_to_ş	4	4	0.2773261219263076	0.3072752654552459	18.0	14
300	26	6738	3	just_check_hum,paraphrase_hum,yes_no_hum	3	random_readable_unicode_control,s_to_ş,s_to_ṡ	4	4	0.2736712694168091	0.4048008918762207	21.0	9
301	26	3199	3	just_check_hum,original_hum,removed_sentence_hum	2	random_readable_unicode_control,s_to_ş	4	4	0.25262216478586197	0.3180176615715027	19.0	16
302	26	22518	3	just_check_hum,original_hum,removed_sentence_hum	2	random_readable_unicode_control,s_to_ş	4	4	0.25127385556697845	0.2964422702789306	20.0	14
303	26	21477	3	just_check_hum,original_hum,removed_sentence_hum	2	e_to_ē,random_readable_unicode_control	4	4	0.24920060113072393	0.3248428702354431	27.0	15
304	26	24092	3	original_hum,removed_sentence_hum,yes_no_hum	2	random_readable_unicode_control,s_to_ş	4	4	0.2411426045000553	0.2800247073173523	15.5	11
305	26	9860	3	just_check_hum,original_hum,removed_sentence_hum	3	ascii_original,d_to_ḑ,s_to_ş	4	4	0.23377293348312372	0.2564253509044647	36.5	29
306	26	914	3	just_check_hum,paraphrase_hum,yes_no_hum	3	random_readable_unicode_control,s_to_ş,s_to_ṡ	4	4	0.2206870876252651	0.2281097769737243	31.5	27
307	26	19902	3	just_check_hum,original_hum,removed_sentence_hum	2	random_readable_unicode_control,s_to_ş	4	4	0.219251487404108	0.2513189911842346	25.0	19
308	26	7407	3	just_check_hum,original_hum,removed_sentence_hum	3	ascii_original,d_to_ḑ,e_to_ē	4	4	0.2189710736274719	0.286979466676712	32.5	24
309	26	6987	3	just_check_hum,original_hum,removed_sentence_hum	2	random_readable_unicode_control,s_to_ş	4	4	0.21091603487730023	0.2639490365982055	29.0	12
310	26	6629	3	just_check_hum,original_hum,removed_sentence_hum	3	d_to_ḑ,e_to_ē,s_to_ş	4	4	0.20803131163120267	0.4035336673259735	39.5	8
311	26	16582	3	original_hum,paraphrase_hum,removed_sentence_hum	3	random_readable_unicode_control,s_to_ş,s_to_ṡ	4	4	0.20580708608031273	0.2766305208206177	34.0	17
312	26	14955	3	just_check_hum,original_hum,removed_sentence_hum	2	s_to_ş,s_to_ṡ	4	4	0.20451550930738444	0.2354186773300171	22.5	22
313	26	11147	3	just_check_hum,original_hum,removed_sentence_hum	2	ascii_original,s_to_ṡ	4	4	0.20214849710464472	0.2415210008621215	41.5	33
314	26	5892	3	paraphrase_hum,removed_sentence_hum,yes_no_hum	2	d_to_ḑ,s_to_ş	4	4	0.1975140087306499	0.2976247072219848	34.0	13
315	26	24141	3	original_hum,removed_sentence_hum,yes_no_hum	2	random_readable_unicode_control,s_to_ş	4	4	0.18864121288061136	0.2373376339673996	38.5	19
316	26	28033	3	just_check_hum,original_hum,removed_sentence_hum	2	e_to_ē,random_readable_unicode_control	4	4	0.18685201182961458	0.2490787059068679	41.0	30
317	26	3471	3	paraphrase_hum,removed_sentence_hum,yes_no_hum	4	ascii_original,d_to_ḑ,random_readable_unicode_control,s_to_ṡ	4	4	0.18050263822078702	0.1968704462051391	38.5	29
318	26	11809	3	just_check_hum,original_hum,removed_sentence_hum	2	e_to_ē,s_to_ṡ	4	4	0.17788966745138168	0.2074529528617859	28.5	23
319	26	25601	3	original_hum,removed_sentence_hum,yes_no_hum	3	ascii_original,e_to_ē,random_readable_unicode_control	4	4	0.17240024358034128	0.1792399436235427	38.5	36
320	26	14409	3	original_hum,paraphrase_hum,removed_sentence_hum	3	e_to_ē,random_readable_unicode_control,s_to_ṡ	4	4	0.16594880819320673	0.2070182859897613	37.5	35
321	26	24977	3	just_check_hum,original_hum,removed_sentence_hum	2	e_to_ē,s_to_ṡ	4	4	0.15849972516298289	0.1634359806776046	42.0	38
322	26	31025	3	original_hum,paraphrase_hum,removed_sentence_hum	3	ascii_original,d_to_ḑ,s_to_ş	4	4	0.14527888968586916	0.1567176878452301	46.5	44
323	26	13359	3	just_check_hum,original_hum,removed_sentence_hum	2	e_to_ē,s_to_ş	3	4	0.2605807557702064	0.3176864683628082	16.0	9
324	26	3920	3	just_check_hum,original_hum,removed_sentence_hum	1	s_to_ş	3	4	0.18575977906584737	0.2179070711135864	23.0	18
325	26	2916	3	just_check_hum,original_hum,removed_sentence_hum	2	e_to_ē,s_to_ş	3	4	0.16389768198132512	0.1847235262393951	35.0	31
326	26	28172	3	just_check_hum,original_hum,removed_sentence_hum	1	random_readable_unicode_control	3	3	0.48357582092285156	0.6083278059959412	8.0	4
327	26	8692	3	just_check_hum,original_hum,removed_sentence_hum	1	random_readable_unicode_control	3	3	0.3619869202375412	0.4579552412033081	16.0	11
328	26	14098	3	just_check_hum,original_hum,removed_sentence_hum	1	s_to_ṡ	3	3	0.2730711102485657	0.2763393521308899	12.0	11
329	26	7930	3	just_check_hum,original_hum,removed_sentence_hum	1	e_to_ē	3	3	0.2716923058032989	0.2939058244228363	14.0	13
330	26	12704	3	just_check_hum,original_hum,removed_sentence_hum	2	d_to_ḑ,s_to_ş	3	3	0.2698941131432851	0.3084842562675476	18.0	17
331	26	2126	3	just_check_hum,original_hum,removed_sentence_hum	2	e_to_ē,s_to_ş	3	3	0.2604120175043741	0.2771537005901336	13.0	13
332	26	1238	3	just_check_hum,original_hum,removed_sentence_hum	2	d_to_ḑ,e_to_ē	3	3	0.2308492809534073	0.2679432034492492	27.0	27
333	26	23662	3	just_check_hum,original_hum,removed_sentence_hum	1	e_to_ē	3	3	0.22409293055534354	0.2381093800067901	20.0	17
334	26	23422	3	just_check_hum,original_hum,removed_sentence_hum	1	s_to_ṡ	3	3	0.22177571058273307	0.2371968626976013	31.0	29
335	26	10335	3	just_check_hum,original_hum,paraphrase_hum	2	e_to_ē,s_to_ş	3	3	0.2190959950288137	0.2393686771392822	20.0	13
336	26	9600	3	just_check_hum,paraphrase_hum,yes_no_hum	2	random_readable_unicode_control,s_to_ṡ	3	3	0.21343777577082312	0.2557491660118103	43.0	21
337	26	8927	3	original_hum,removed_sentence_hum,yes_no_hum	1	s_to_ş	3	3	0.20824672778447462	0.2337744235992431	21.0	18
338	26	7728	3	just_check_hum,paraphrase_hum,removed_sentence_hum	2	s_to_ş,s_to_ṡ	3	3	0.20656017462412513	0.2259332686662674	32.0	26
339	26	23990	3	just_check_hum,original_hum,removed_sentence_hum	3	random_readable_unicode_control,s_to_ş,s_to_ṡ	3	3	0.19769867757956183	0.2216686755418777	33.0	19
340	26	15897	3	original_hum,removed_sentence_hum,yes_no_hum	3	random_readable_unicode_control,s_to_ş,s_to_ṡ	3	3	0.19637793799241376	0.2222487181425094	23.0	23
341	26	27348	3	just_check_hum,original_hum,removed_sentence_hum	1	e_to_ē	3	3	0.19595044851303098	0.2234341204166412	21.0	21
342	26	9655	3	original_hum,removed_sentence_hum,yes_no_hum	1	s_to_ṡ	3	3	0.19386541843414304	0.2280550599098205	41.0	31
343	26	16310	3	just_check_hum,original_hum,removed_sentence_hum	1	s_to_ş	3	3	0.19344714283943173	0.2203633189201355	31.0	25
344	26	27881	3	original_hum,paraphrase_hum,removed_sentence_hum	2	s_to_ş,s_to_ṡ	3	3	0.19206704696019486	0.2358934879302978	25.0	24
345	26	13747	3	just_check_hum,original_hum,removed_sentence_hum	2	e_to_ē,s_to_ṡ	3	3	0.18935126066207886	0.2328786849975586	17.0	14
346	26	15696	3	just_check_hum,original_hum,removed_sentence_hum	1	s_to_ṡ	3	3	0.18766260147094724	0.203382134437561	40.0	30
347	26	20566	3	just_check_hum,original_hum,removed_sentence_hum	2	e_to_ē,s_to_ş	3	3	0.18272088964780167	0.2579337954521179	32.0	9
348	26	20589	3	original_hum,paraphrase_hum,removed_sentence_hum	1	s_to_ş	3	3	0.18225366870562232	0.2259093523025512	27.0	25
349	26	25120	3	just_check_hum,original_hum,yes_no_hum	2	random_readable_unicode_control,s_to_ş	3	3	0.1816296925147374	0.2177684009075164	45.0	25
350	26	30798	3	just_check_hum,original_hum,paraphrase_hum	2	random_readable_unicode_control,s_to_ş	3	3	0.18032438059647873	0.2047457545995712	47.0	37
351	26	28867	3	just_check_hum,original_hum,removed_sentence_hum	1	s_to_ş	3	3	0.17890317241350806	0.1951056122779846	43.0	30
352	26	29956	3	just_check_hum,original_hum,removed_sentence_hum	1	e_to_ē	3	3	0.1766435901323954	0.1914014518260955	28.0	27
353	26	10610	3	just_check_hum,original_hum,removed_sentence_hum	1	s_to_ṡ	3	3	0.17651388049125669	0.1864125430583953	45.0	41
354	26	3964	3	just_check_hum,original_hum,removed_sentence_hum	2	ascii_original,e_to_ē	3	3	0.17573638757069898	0.196601316332817	42.0	38
355	26	6375	3	original_hum,paraphrase_hum,removed_sentence_hum	2	d_to_ḑ,s_to_ṡ	3	3	0.17449768384297681	0.2031038254499435	36.0	34
356	26	12596	3	original_hum,paraphrase_hum,yes_no_hum	3	ascii_original,random_readable_unicode_control,s_to_ş	3	3	0.17385341723759962	0.1920861601829528	46.0	45
357	26	8659	3	original_hum,paraphrase_hum,removed_sentence_hum	2	d_to_ḑ,s_to_ṡ	3	3	0.1738505512475967	0.1940496563911438	27.0	22
358	26	26545	3	just_check_hum,paraphrase_hum,removed_sentence_hum	2	e_to_ē,s_to_ş	3	3	0.16686102747917173	0.2057121694087982	33.0	29
359	26	7730	3	just_check_hum,original_hum,removed_sentence_hum	2	e_to_ē,s_to_ş	3	3	0.16562775770823157	0.1770085990428924	39.0	34
360	26	25494	3	just_check_hum,original_hum,removed_sentence_hum	2	e_to_ē,s_to_ş	3	3	0.16518236200014746	0.1730082035064697	43.0	36
361	26	4513	3	just_check_hum,original_hum,removed_sentence_hum	1	e_to_ē	3	3	0.15814243753751114	0.1911817193031311	36.0	28
362	26	4236	3	paraphrase_hum,removed_sentence_hum,yes_no_hum	1	s_to_ṡ	3	3	0.1568092008431752	0.1660895496606826	48.0	34
363	26	28877	3	just_check_hum,original_hum,removed_sentence_hum	1	e_to_ē	3	3	0.15474126736323035	0.1619279980659485	32.0	31
364	26	27342	2	original_hum,removed_sentence_hum	6	ascii_original,d_to_ḑ,e_to_ē,random_readable_unicode_control,s_to_ş,s_to_ṡ	12	30	0.3202913016080856	0.5054236054420471	8.0	3
365	26	4232	2	paraphrase_hum,yes_no_hum	6	ascii_original,d_to_ḑ,e_to_ē,random_readable_unicode_control,s_to_ş,s_to_ṡ	12	19	0.19327478110790247	0.2367452830076217	34.0	19
366	26	17164	2	original_hum,removed_sentence_hum	6	ascii_original,d_to_ḑ,e_to_ē,random_readable_unicode_control,s_to_ş,s_to_ṡ	12	16	0.19107344374060628	0.2379522323608398	29.5	15
367	26	19943	2	original_hum,removed_sentence_hum	6	ascii_original,d_to_ḑ,e_to_ē,random_readable_unicode_control,s_to_ş,s_to_ṡ	12	14	0.2856599049908774	0.4156613051891327	14.5	4
368	26	25575	2	original_hum,removed_sentence_hum	6	ascii_original,d_to_ḑ,e_to_ē,random_readable_unicode_control,s_to_ş,s_to_ṡ	12	12	0.21800727273027098	0.2462282180786132	22.0	14
369	26	32448	2	original_hum,removed_sentence_hum	6	ascii_original,d_to_ḑ,e_to_ē,random_readable_unicode_control,s_to_ş,s_to_ṡ	12	12	0.17114462703466413	0.216290146112442	36.0	22
370	26	27690	2	paraphrase_hum,yes_no_hum	6	ascii_original,d_to_ḑ,e_to_ē,random_readable_unicode_control,s_to_ş,s_to_ṡ	11	14	0.3142673149704933	0.5443496704101562	24.0	5
371	26	7625	2	paraphrase_hum,yes_no_hum	6	ascii_original,d_to_ḑ,e_to_ē,random_readable_unicode_control,s_to_ş,s_to_ṡ	11	14	0.2640201321669987	0.4447373747825622	19.0	7
372	26	23071	2	original_hum,removed_sentence_hum	6	ascii_original,d_to_ḑ,e_to_ē,random_readable_unicode_control,s_to_ş,s_to_ṡ	11	13	0.20011840646083534	0.237371951341629	22.0	18
373	26	31073	2	original_hum,removed_sentence_hum	6	ascii_original,d_to_ḑ,e_to_ē,random_readable_unicode_control,s_to_ş,s_to_ṡ	10	17	0.19709198001553027	0.2989964485168457	32.0	11
374	26	23178	2	original_hum,removed_sentence_hum	5	ascii_original,d_to_ḑ,e_to_ē,random_readable_unicode_control,s_to_ş	10	10	0.40388272106647494	0.6050838232040405	6.0	3
375	26	9317	2	original_hum,removed_sentence_hum	6	ascii_original,d_to_ḑ,e_to_ē,random_readable_unicode_control,s_to_ş,s_to_ṡ	10	10	0.2905265420675277	0.3628158271312713	10.5	5
376	26	15420	2	original_hum,removed_sentence_hum	5	ascii_original,d_to_ḑ,e_to_ē,random_readable_unicode_control,s_to_ş	10	10	0.2240322083234787	0.2925359606742859	19.0	12
377	26	30453	2	original_hum,removed_sentence_hum	5	ascii_original,d_to_ḑ,random_readable_unicode_control,s_to_ş,s_to_ṡ	9	17	0.21568407205974352	0.2776238918304443	26.0	14
378	26	16787	2	paraphrase_hum,yes_no_hum	6	ascii_original,d_to_ḑ,e_to_ē,random_readable_unicode_control,s_to_ş,s_to_ṡ	9	12	0.22114566341042516	0.3017291128635406	28.5	14
379	26	31206	2	original_hum,removed_sentence_hum	5	ascii_original,d_to_ḑ,e_to_ē,random_readable_unicode_control,s_to_ş	9	9	0.22006131708621973	0.2665430903434753	16.0	12
380	26	26598	2	original_hum,removed_sentence_hum	5	ascii_original,d_to_ḑ,random_readable_unicode_control,s_to_ş,s_to_ṡ	9	9	0.19857801993687943	0.2376518696546554	22.0	11
381	26	12693	2	original_hum,removed_sentence_hum	5	ascii_original,d_to_ḑ,e_to_ē,random_readable_unicode_control,s_to_ş	9	9	0.19432510104444287	0.2299628257751464	25.0	17
382	26	30903	2	paraphrase_hum,yes_no_hum	6	ascii_original,d_to_ḑ,e_to_ē,random_readable_unicode_control,s_to_ş,s_to_ṡ	8	16	0.3991469582542777	0.6705204248428345	6.5	3
383	26	22078	2	paraphrase_hum,yes_no_hum	6	ascii_original,d_to_ḑ,e_to_ē,random_readable_unicode_control,s_to_ş,s_to_ṡ	8	15	0.22308023969332372	0.3113778233528137	21.0	11
384	26	15501	2	paraphrase_hum,yes_no_hum	6	ascii_original,d_to_ḑ,e_to_ē,random_readable_unicode_control,s_to_ş,s_to_ṡ	8	13	0.25141178071498865	0.3451868593692779	14.0	10
385	26	16041	2	original_hum,removed_sentence_hum	4	ascii_original,d_to_ḑ,random_readable_unicode_control,s_to_ş	8	13	0.17078999143380383	0.2251157015562057	45.0	17
386	26	22353	2	original_hum,removed_sentence_hum	4	ascii_original,d_to_ḑ,e_to_ē,s_to_ṡ	8	8	0.20039117895066733	0.2320568263530731	24.5	18
387	26	1160	2	just_check_hum,yes_no_hum	6	ascii_original,d_to_ḑ,e_to_ē,random_readable_unicode_control,s_to_ş,s_to_ṡ	7	13	0.17523608414026404	0.2228938341140747	40.0	17
388	26	7094	2	original_hum,paraphrase_hum	6	ascii_original,d_to_ḑ,e_to_ē,random_readable_unicode_control,s_to_ş,s_to_ṡ	7	8	0.31425555609166617	0.3790584802627563	14.5	12
389	26	4428	2	just_check_hum,removed_sentence_hum	6	ascii_original,d_to_ḑ,e_to_ē,random_readable_unicode_control,s_to_ş,s_to_ṡ	7	8	0.24789658747613427	0.3234987258911133	18.5	12
390	26	17656	2	paraphrase_hum,yes_no_hum	4	e_to_ē,random_readable_unicode_control,s_to_ş,s_to_ṡ	7	8	0.2034501545131206	0.2554992735385895	32.0	10
391	26	26945	2	original_hum,removed_sentence_hum	4	e_to_ē,random_readable_unicode_control,s_to_ş,s_to_ṡ	7	8	0.17726218700408933	0.261467307806015	44.5	22
392	26	31632	2	original_hum,removed_sentence_hum	4	ascii_original,d_to_ḑ,random_readable_unicode_control,s_to_ṡ	7	8	0.17315654829144475	0.2215957939624786	38.5	18
393	26	9784	2	original_hum,removed_sentence_hum	4	ascii_original,d_to_ḑ,random_readable_unicode_control,s_to_ṡ	7	8	0.16313703544437883	0.1843702793121338	35.0	21
394	26	27911	2	just_check_hum,paraphrase_hum	5	d_to_ḑ,e_to_ē,random_readable_unicode_control,s_to_ş,s_to_ṡ	7	7	0.1857422909566334	0.2188104093074798	33.0	25
395	26	10253	2	paraphrase_hum,yes_no_hum	6	ascii_original,d_to_ḑ,e_to_ē,random_readable_unicode_control,s_to_ş,s_to_ṡ	7	7	0.18464020958968566	0.23265041410923	40.0	10
396	26	3699	2	paraphrase_hum,yes_no_hum	4	ascii_original,d_to_ḑ,e_to_ē,random_readable_unicode_control	7	7	0.17715606944901596	0.2271855473518371	34.0	18
397	26	13061	2	original_hum,removed_sentence_hum	4	ascii_original,d_to_ḑ,random_readable_unicode_control,s_to_ṡ	7	7	0.17710566946438377	0.2025529444217682	32.0	27
398	26	2429	2	paraphrase_hum,yes_no_hum	5	ascii_original,d_to_ḑ,e_to_ē,random_readable_unicode_control,s_to_ṡ	6	13	0.18055126987970788	0.2237142622470855	39.0	22
399	26	21417	2	paraphrase_hum,yes_no_hum	5	ascii_original,d_to_ḑ,e_to_ē,random_readable_unicode_control,s_to_ṡ	6	10	0.253948625922203	0.4029167294502258	15.5	9
400	26	23545	2	original_hum,yes_no_hum	5	d_to_ḑ,e_to_ē,random_readable_unicode_control,s_to_ş,s_to_ṡ	6	8	0.1838421002030372	0.2403275668621063	33.0	14
401	26	6193	2	just_check_hum,paraphrase_hum	5	ascii_original,d_to_ḑ,e_to_ē,random_readable_unicode_control,s_to_ş	6	7	0.2523024763379778	0.4692067503929138	21.0	5
402	26	8782	2	just_check_hum,paraphrase_hum	5	ascii_original,d_to_ḑ,e_to_ē,s_to_ş,s_to_ṡ	6	7	0.21009193999426704	0.2636692523956299	34.0	24
403	26	8813	2	paraphrase_hum,yes_no_hum	5	ascii_original,d_to_ḑ,e_to_ē,random_readable_unicode_control,s_to_ṡ	6	7	0.19378979929855888	0.2203155606985092	38.0	25
404	26	10786	2	original_hum,yes_no_hum	6	ascii_original,d_to_ḑ,e_to_ē,random_readable_unicode_control,s_to_ş,s_to_ṡ	6	7	0.18681523629597252	0.2491309940814972	37.0	16
405	26	28821	2	original_hum,paraphrase_hum	5	ascii_original,d_to_ḑ,e_to_ē,random_readable_unicode_control,s_to_ṡ	6	7	0.1796468922070094	0.1947540044784546	39.0	28
406	26	5230	2	original_hum,removed_sentence_hum	3	ascii_original,d_to_ḑ,e_to_ē	6	6	0.6474220355351766	0.933649480342865	4.0	2
407	26	23952	2	original_hum,removed_sentence_hum	3	ascii_original,d_to_ḑ,e_to_ē	6	6	0.6310629397630692	0.7403866052627563	3.0	3
408	26	11412	2	original_hum,removed_sentence_hum	3	ascii_original,d_to_ḑ,e_to_ē	6	6	0.5090151131153107	0.974903166294098	9.5	2
409	26	5412	2	original_hum,removed_sentence_hum	4	ascii_original,d_to_ḑ,e_to_ē,random_readable_unicode_control	6	6	0.34416886667410523	0.4125359952449798	8.0	5
410	26	14675	2	original_hum,removed_sentence_hum	3	ascii_original,d_to_ḑ,s_to_ṡ	6	6	0.25817699233690894	0.2853093445301056	18.5	10
411	26	11103	2	paraphrase_hum,yes_no_hum	5	ascii_original,d_to_ḑ,e_to_ē,random_readable_unicode_control,s_to_ş	6	6	0.23766910036404928	0.3147343695163727	23.0	9
412	26	25341	2	original_hum,removed_sentence_hum	3	ascii_original,d_to_ḑ,s_to_ṡ	6	6	0.2315051108598709	0.3014246225357055	19.0	11
413	26	28971	2	original_hum,removed_sentence_hum	3	ascii_original,d_to_ḑ,s_to_ṡ	6	6	0.22522929807504014	0.2965387105941772	35.5	20
414	26	8623	2	just_check_hum,paraphrase_hum	4	ascii_original,d_to_ḑ,e_to_ē,random_readable_unicode_control	6	6	0.2210752467314402	0.2629412114620209	32.0	21
415	26	380	2	original_hum,removed_sentence_hum	3	ascii_original,d_to_ḑ,e_to_ē	6	6	0.21008371065060294	0.286210298538208	22.5	9
416	26	21693	2	just_check_hum,paraphrase_hum	4	ascii_original,d_to_ḑ,random_readable_unicode_control,s_to_ṡ	6	6	0.2056442002455393	0.2309572547674179	40.5	34
417	26	28843	2	just_check_hum,paraphrase_hum	4	ascii_original,d_to_ḑ,e_to_ē,random_readable_unicode_control	6	6	0.20462506512800846	0.2257863283157348	40.0	31
418	26	28170	2	just_check_hum,yes_no_hum	5	ascii_original,d_to_ḑ,e_to_ē,random_readable_unicode_control,s_to_ş	6	6	0.20291436215241745	0.2482122778892517	36.0	29
419	26	16859	2	original_hum,removed_sentence_hum	3	ascii_original,d_to_ḑ,s_to_ṡ	6	6	0.19746920963128403	0.2299469411373138	26.5	19
420	26	11145	2	original_hum,removed_sentence_hum	3	ascii_original,d_to_ḑ,e_to_ē	6	6	0.19683464616537094	0.2876807749271393	29.0	12
421	26	20722	2	just_check_hum,removed_sentence_hum	5	ascii_original,d_to_ḑ,random_readable_unicode_control,s_to_ş,s_to_ṡ	6	6	0.19569568832715348	0.2396907210350036	27.5	20
422	26	30080	2	original_hum,removed_sentence_hum	3	ascii_original,d_to_ḑ,s_to_ṡ	6	6	0.18761556843916571	0.2182466983795166	36.0	22
423	26	29900	2	paraphrase_hum,yes_no_hum	4	ascii_original,random_readable_unicode_control,s_to_ş,s_to_ṡ	6	6	0.16934546579917265	0.2110496014356613	40.0	31
424	26	24636	2	original_hum,removed_sentence_hum	4	d_to_ḑ,random_readable_unicode_control,s_to_ş,s_to_ṡ	6	6	0.15472837537527082	0.1752221286296844	48.5	39
425	26	10764	2	just_check_hum,original_hum	5	ascii_original,d_to_ḑ,e_to_ē,random_readable_unicode_control,s_to_ṡ	6	6	0.15303680797417954	0.1751893460750579	48.5	32
426	26	27263	2	original_hum,removed_sentence_hum	4	ascii_original,d_to_ḑ,random_readable_unicode_control,s_to_ṡ	6	6	0.14739757279555	0.1666337847709655	48.0	34
427	26	5333	2	just_check_hum,original_hum	4	ascii_original,d_to_ḑ,random_readable_unicode_control,s_to_ṡ	5	13	0.22885175622426543	0.3346686959266662	32.0	7
428	26	26972	2	just_check_hum,paraphrase_hum	3	ascii_original,d_to_ḑ,random_readable_unicode_control	5	5	0.3617021918296814	0.4911772608757019	15.0	5
429	26	26596	2	just_check_hum,paraphrase_hum	3	ascii_original,d_to_ḑ,random_readable_unicode_control	5	5	0.3576267004013062	0.5519099235534668	26.0	5
430	26	20909	2	original_hum,removed_sentence_hum	3	e_to_ē,random_readable_unicode_control,s_to_ş	5	5	0.3131297707557678	0.7018599510192871	27.0	3
431	26	19818	2	just_check_hum,paraphrase_hum	3	ascii_original,d_to_ḑ,random_readable_unicode_control	5	5	0.30180656909942627	0.3680780529975891	19.0	11
432	26	3050	2	paraphrase_hum,yes_no_hum	3	ascii_original,d_to_ḑ,random_readable_unicode_control	5	5	0.25382074117660525	0.2811826467514038	24.0	20
433	26	17623	2	just_check_hum,yes_no_hum	4	ascii_original,d_to_ḑ,random_readable_unicode_control,s_to_ṡ	5	5	0.25163244307041166	0.2721933722496032	22.0	20
434	26	5173	2	just_check_hum,paraphrase_hum	3	ascii_original,d_to_ḑ,random_readable_unicode_control	5	5	0.24814866483211517	0.3176664710044861	28.0	17
435	26	18665	2	original_hum,removed_sentence_hum	4	ascii_original,d_to_ḑ,e_to_ē,s_to_ş	5	5	0.24277604818344117	0.4073678255081177	37.0	7
436	26	11250	2	just_check_hum,paraphrase_hum	4	ascii_original,d_to_ḑ,e_to_ē,random_readable_unicode_control	5	5	0.23560773432254786	0.3120418190956116	46.0	20
437	26	29890	2	paraphrase_hum,yes_no_hum	5	ascii_original,d_to_ḑ,random_readable_unicode_control,s_to_ş,s_to_ṡ	5	5	0.22817005515098568	0.2983204126358032	19.0	16
438	26	11006	2	just_check_hum,removed_sentence_hum	4	ascii_original,d_to_ḑ,e_to_ē,s_to_ṡ	5	5	0.22673122584819788	0.3413630127906799	29.0	13
439	26	24907	2	paraphrase_hum,removed_sentence_hum	4	d_to_ḑ,e_to_ē,random_readable_unicode_control,s_to_ṡ	5	5	0.22591049075126643	0.2695297002792358	30.0	19
440	26	4067	2	original_hum,removed_sentence_hum	3	ascii_original,d_to_ḑ,e_to_ē	5	5	0.21828592419624324	0.2697272896766662	16.0	13
441	26	26574	2	paraphrase_hum,yes_no_hum	5	ascii_original,d_to_ḑ,e_to_ē,random_readable_unicode_control,s_to_ş	5	5	0.21305772066116332	0.2415304332971573	24.0	14
442	26	23224	2	just_check_hum,yes_no_hum	4	ascii_original,e_to_ē,s_to_ş,s_to_ṡ	5	5	0.20683377981185908	0.300237774848938	26.0	11
443	26	2657	2	paraphrase_hum,yes_no_hum	4	d_to_ḑ,e_to_ē,s_to_ş,s_to_ṡ	5	5	0.20035606622695917	0.2433246076107025	36.0	20
444	26	1744	2	paraphrase_hum,yes_no_hum	3	ascii_original,d_to_ḑ,random_readable_unicode_control	5	5	0.18586151897907255	0.2415824979543686	47.0	37
445	26	31433	2	original_hum,removed_sentence_hum	3	ascii_original,d_to_ḑ,s_to_ṡ	5	5	0.17899425625801083	0.2248711287975311	36.0	24
446	26	27511	2	paraphrase_hum,yes_no_hum	4	d_to_ḑ,e_to_ē,random_readable_unicode_control,s_to_ş	5	5	0.1700466603040695	0.2005675584077835	46.0	40
447	26	12248	2	removed_sentence_hum,yes_no_hum	4	d_to_ḑ,random_readable_unicode_control,s_to_ş,s_to_ṡ	5	5	0.16629819869995113	0.195365309715271	40.0	34
448	26	28289	2	original_hum,removed_sentence_hum	4	ascii_original,d_to_ḑ,e_to_ē,random_readable_unicode_control	5	5	0.16178545653820034	0.1827476173639297	36.0	23
449	26	22025	2	original_hum,removed_sentence_hum	3	d_to_ḑ,e_to_ē,s_to_ş	5	5	0.15168968737125393	0.1565283387899398	43.0	39
450	26	17257	2	original_hum,removed_sentence_hum	3	ascii_original,random_readable_unicode_control,s_to_ş	4	6	0.20229146877924598	0.2649959921836853	28.5	21
451	26	22182	2	original_hum,removed_sentence_hum	2	e_to_ē,random_readable_unicode_control	4	6	0.183252677321434	0.2134955525398254	33.5	26
452	26	18977	2	original_hum,removed_sentence_hum	2	ascii_original,d_to_ḑ	4	6	0.17221547166506446	0.1869972646236419	37.0	33
453	26	14771	2	original_hum,removed_sentence_hum	2	ascii_original,d_to_ḑ	4	6	0.16446502506732938	0.1831253468990326	42.0	26
454	26	19681	2	just_check_hum,yes_no_hum	4	ascii_original,d_to_ḑ,random_readable_unicode_control,s_to_ṡ	4	5	0.2538711309432983	0.4371393918991089	32.0	4
455	26	7238	2	original_hum,removed_sentence_hum	2	random_readable_unicode_control,s_to_ş	4	5	0.18235275149345392	0.1962609142065048	37.0	31
456	26	9991	2	just_check_hum,paraphrase_hum	3	ascii_original,d_to_ḑ,s_to_ṡ	4	5	0.1716136038303375	0.1946201920509338	40.0	23
457	26	26154	2	paraphrase_hum,yes_no_hum	3	ascii_original,d_to_ḑ,random_readable_unicode_control	4	5	0.17140527963638302	0.1912494599819183	34.0	27
458	26	4514	2	original_hum,removed_sentence_hum	2	ascii_original,d_to_ḑ	4	4	1.3173339664936066	1.3619955778121948	1.0	1
459	26	26403	2	original_hum,removed_sentence_hum	2	ascii_original,d_to_ḑ	4	4	0.41165120899677277	0.4828205406665802	9.0	4
460	26	7837	2	original_hum,removed_sentence_hum	2	ascii_original,d_to_ḑ	4	4	0.40601375699043274	0.5336692333221436	12.0	4
461	26	26785	2	paraphrase_hum,yes_no_hum	3	ascii_original,d_to_ḑ,random_readable_unicode_control	4	4	0.401753980666399	0.5652605295181274	7.0	4
462	26	10346	2	original_hum,removed_sentence_hum	2	ascii_original,d_to_ḑ	4	4	0.29701299965381617	0.3141894936561584	17.5	16
463	26	10427	2	original_hum,yes_no_hum	4	ascii_original,d_to_ḑ,random_readable_unicode_control,s_to_ş	4	4	0.2918190881609916	0.3978165686130523	13.5	6
464	26	23177	2	original_hum,removed_sentence_hum	2	s_to_ş,s_to_ṡ	4	4	0.28966960310935974	0.4332258403301239	10.0	4
465	26	14169	2	just_check_hum,paraphrase_hum	3	e_to_ē,s_to_ş,s_to_ṡ	4	4	0.2785972915589809	0.3426636457443237	15.0	8
466	26	29466	2	original_hum,removed_sentence_hum	2	ascii_original,d_to_ḑ	4	4	0.27267196774482727	0.2846367359161377	26.5	24
467	26	428	2	original_hum,removed_sentence_hum	2	ascii_original,d_to_ḑ	4	4	0.26941242814064026	0.3040961623191833	27.0	19
468	26	15458	2	original_hum,removed_sentence_hum	2	ascii_original,d_to_ḑ	4	4	0.2623913213610649	0.2860638201236725	29.0	25
469	26	14789	2	paraphrase_hum,yes_no_hum	2	s_to_ş,s_to_ṡ	4	4	0.2572506852447986	0.3527518808841705	17.5	8
470	26	8569	2	just_check_hum,yes_no_hum	4	ascii_original,d_to_ḑ,random_readable_unicode_control,s_to_ṡ	4	4	0.2564777098596096	0.3087849617004394	24.5	12
471	26	5566	2	original_hum,removed_sentence_hum	2	ascii_original,d_to_ḑ	4	4	0.2503832951188087	0.2756637930870056	13.5	13
472	26	13599	2	original_hum,removed_sentence_hum	2	ascii_original,d_to_ḑ	4	4	0.23647282272577283	0.243757888674736	15.0	13
473	26	17299	2	paraphrase_hum,yes_no_hum	3	ascii_original,d_to_ḑ,random_readable_unicode_control	4	4	0.23558785021305081	0.2773890495300293	30.0	18
474	26	19337	2	original_hum,removed_sentence_hum	3	e_to_ē,random_readable_unicode_control,s_to_ş	4	4	0.23462390154600143	0.3373248279094696	27.5	9
475	26	25421	2	original_hum,removed_sentence_hum	2	ascii_original,d_to_ḑ	4	4	0.23370907455682752	0.2616459131240845	39.5	29
476	26	7468	2	original_hum,removed_sentence_hum	2	ascii_original,d_to_ḑ	4	4	0.23196609690785405	0.256917655467987	20.5	18
477	26	22212	2	just_check_hum,yes_no_hum	3	ascii_original,d_to_ḑ,random_readable_unicode_control	4	4	0.23165691271424294	0.324321985244751	29.0	11
478	26	18836	2	original_hum,removed_sentence_hum	2	ascii_original,d_to_ḑ	4	4	0.21702683717012403	0.2448163330554962	29.0	19
479	26	2204	2	original_hum,removed_sentence_hum	2	ascii_original,d_to_ḑ	4	4	0.210312008857727	0.2171236872673034	27.0	23
480	26	27423	2	just_check_hum,paraphrase_hum	3	d_to_ḑ,e_to_ē,s_to_ş	4	4	0.2079522535204887	0.2446355372667312	30.5	20
481	26	20390	2	paraphrase_hum,yes_no_hum	4	ascii_original,d_to_ḑ,e_to_ē,random_readable_unicode_control	4	4	0.20732428133487701	0.2197365164756775	42.5	34
482	26	26370	2	paraphrase_hum,yes_no_hum	3	ascii_original,d_to_ḑ,random_readable_unicode_control	4	4	0.20556114986538881	0.2486600130796432	25.0	12
483	26	741	2	original_hum,removed_sentence_hum	2	ascii_original,d_to_ḑ	4	4	0.20303229242563245	0.2263081222772598	33.5	21
484	26	12130	2	just_check_hum,removed_sentence_hum	4	ascii_original,d_to_ḑ,random_readable_unicode_control,s_to_ṡ	4	4	0.2023305892944336	0.2348703145980835	23.5	17
485	26	24999	2	just_check_hum,paraphrase_hum	3	ascii_original,d_to_ḑ,random_readable_unicode_control	4	4	0.20166480168700218	0.2350781410932541	40.5	36
486	26	6639	2	removed_sentence_hum,yes_no_hum	3	ascii_original,d_to_ḑ,random_readable_unicode_control	4	4	0.20027259737253184	0.2229160219430923	32.5	26
487	26	13137	2	original_hum,yes_no_hum	3	ascii_original,d_to_ḑ,random_readable_unicode_control	4	4	0.19781152904033658	0.2203520536422729	29.5	22
488	26	6687	2	just_check_hum,yes_no_hum	4	ascii_original,d_to_ḑ,e_to_ē,s_to_ş	4	4	0.19525507837533948	0.2221272885799408	45.5	37
489	26	14667	2	original_hum,removed_sentence_hum	2	ascii_original,d_to_ḑ	4	4	0.1866187006235122	0.1979930102825164	22.5	22
490	26	14905	2	removed_sentence_hum,yes_no_hum	4	ascii_original,e_to_ē,s_to_ş,s_to_ṡ	4	4	0.1786189898848533	0.2024838030338287	37.0	36
491	26	12709	2	original_hum,removed_sentence_hum	2	ascii_original,d_to_ḑ	4	4	0.17690017446875567	0.1853817701339721	26.0	24
492	26	21620	2	paraphrase_hum,removed_sentence_hum	4	ascii_original,d_to_ḑ,e_to_ē,random_readable_unicode_control	4	4	0.17655044421553606	0.2079098373651504	38.5	24
493	26	29275	2	original_hum,removed_sentence_hum	2	ascii_original,d_to_ḑ	4	4	0.17651409655809397	0.1901470869779586	25.5	21
494	26	21572	2	just_check_hum,paraphrase_hum	4	d_to_ḑ,e_to_ē,s_to_ş,s_to_ṡ	4	4	0.17589117586612696	0.1863968074321746	41.0	30
495	26	31090	2	original_hum,removed_sentence_hum	2	e_to_ē,s_to_ş	4	4	0.1719318516552448	0.1980285942554474	36.0	26
496	26	18965	2	just_check_hum,original_hum	3	ascii_original,d_to_ḑ,e_to_ē	4	4	0.16959529370069498	0.1863479763269424	43.0	30
497	26	15840	2	original_hum,removed_sentence_hum	3	ascii_original,d_to_ḑ,s_to_ṡ	4	4	0.1688107438385486	0.1848784685134887	42.5	39
498	26	21650	2	paraphrase_hum,yes_no_hum	4	ascii_original,d_to_ḑ,random_readable_unicode_control,s_to_ş	4	4	0.16807004064321515	0.1815419793128967	39.0	36
499	26	7108	2	original_hum,removed_sentence_hum	2	ascii_original,e_to_ē	4	4	0.16639214009046546	0.1808027327060699	43.0	35
500	26	32526	2	paraphrase_hum,yes_no_hum	3	e_to_ē,s_to_ş,s_to_ṡ	4	4	0.16378243267536158	0.1809254288673401	40.0	23
501	26	14949	2	original_hum,removed_sentence_hum	2	ascii_original,d_to_ḑ	4	4	0.16285533830523488	0.1974395364522934	32.5	24
502	26	2547	2	original_hum,removed_sentence_hum	2	ascii_original,d_to_ḑ	4	4	0.1612300984561443	0.1721446961164474	34.0	28
503	26	19878	2	original_hum,removed_sentence_hum	2	ascii_original,s_to_ş	4	4	0.16057517379522324	0.171955406665802	31.0	22
504	26	17846	2	original_hum,removed_sentence_hum	3	e_to_ē,random_readable_unicode_control,s_to_ş	4	4	0.16001207381486887	0.1764537841081619	40.5	30
505	26	26262	2	original_hum,removed_sentence_hum	3	ascii_original,d_to_ḑ,random_readable_unicode_control	4	4	0.15802485495805738	0.1670724153518676	42.0	41
506	26	22510	2	original_hum,removed_sentence_hum	2	e_to_ē,s_to_ṡ	4	4	0.15567918866872785	0.1850250661373138	44.5	41
507	26	30153	2	original_hum,removed_sentence_hum	2	ascii_original,d_to_ḑ	4	4	0.1522767841815948	0.1606588065624237	42.5	31
508	26	12998	2	original_hum,removed_sentence_hum	2	ascii_original,d_to_ḑ	4	4	0.1508014760911464	0.1667654514312744	41.0	39
509	26	7159	2	original_hum,removed_sentence_hum	3	ascii_original,d_to_ḑ,s_to_ş	4	4	0.1480324491858482	0.1611669063568115	42.0	30
510	26	3273	2	original_hum,removed_sentence_hum	2	s_to_ş,s_to_ṡ	4	4	0.14751609414815903	0.1592261046171188	31.0	30
511	26	15096	2	paraphrase_hum,yes_no_hum	2	e_to_ē,s_to_ş	3	4	0.23268408328294754	0.3350761830806732	31.0	10
512	26	13487	2	original_hum,paraphrase_hum	3	e_to_ē,s_to_ş,s_to_ṡ	3	4	0.18269282579421992	0.2022819817066192	34.0	15
513	26	25520	2	just_check_hum,yes_no_hum	3	ascii_original,d_to_ḑ,random_readable_unicode_control	3	3	1.1600770950317383	1.1825082302093506	1.0	1
514	26	21803	2	original_hum,removed_sentence_hum	2	random_readable_unicode_control,s_to_ş	3	3	0.468424657980601	0.4863811731338501	5.0	4
515	26	22080	2	original_hum,removed_sentence_hum	2	e_to_ē,random_readable_unicode_control	3	3	0.4666038652261098	0.4864470064640045	4.0	3
516	26	30177	2	just_check_hum,yes_no_hum	3	ascii_original,d_to_ḑ,random_readable_unicode_control	3	3	0.46498531103134155	0.5366857647895813	4.0	3
517	26	29872	2	original_hum,removed_sentence_hum	2	random_readable_unicode_control,s_to_ş	3	3	0.45972150564193726	0.556956946849823	4.0	3
518	26	19848	2	original_hum,removed_sentence_hum	2	e_to_ē,random_readable_unicode_control	3	3	0.4398954510688782	0.4842132925987243	4.0	3
519	26	10859	2	just_check_hum,removed_sentence_hum	2	random_readable_unicode_control,s_to_ş	3	3	0.3909265200297038	0.4119468331336975	13.0	8
520	26	10612	2	original_hum,removed_sentence_hum	2	e_to_ē,random_readable_unicode_control	3	3	0.3584565321604411	0.3797461092472076	7.0	7
521	26	9814	2	original_hum,removed_sentence_hum	2	random_readable_unicode_control,s_to_ş	3	3	0.3442376156648	0.3704799115657806	6.0	6
522	26	16344	2	original_hum,removed_sentence_hum	2	e_to_ē,random_readable_unicode_control	3	3	0.3394569555918376	0.3654902875423431	9.0	8
523	26	27541	2	original_hum,removed_sentence_hum	2	e_to_ē,random_readable_unicode_control	3	3	0.3359946807225545	0.3648070693016052	11.0	10
524	26	14488	2	original_hum,removed_sentence_hum	2	random_readable_unicode_control,s_to_ş	3	3	0.2842741211255391	0.311120867729187	14.0	11
525	26	6736	2	just_check_hum,yes_no_hum	3	ascii_original,d_to_ḑ,random_readable_unicode_control	3	3	0.2818489571412404	0.3117548823356628	16.0	11
526	26	5463	2	just_check_hum,yes_no_hum	3	ascii_original,d_to_ḑ,random_readable_unicode_control	3	3	0.2761397262414296	0.3152024149894714	21.0	9
527	26	16883	2	just_check_hum,paraphrase_hum	2	e_to_ē,s_to_ş	3	3	0.2739674349625905	0.480199784040451	29.0	2
528	26	15753	2	just_check_hum,paraphrase_hum	3	e_to_ē,random_readable_unicode_control,s_to_ş	3	3	0.2638285458087921	0.3192561864852905	16.0	13
529	26	13092	2	original_hum,removed_sentence_hum	2	random_readable_unicode_control,s_to_ş	3	3	0.2617758462826411	0.36069256067276	17.0	7
530	26	22495	2	original_hum,removed_sentence_hum	2	ascii_original,d_to_ḑ	3	3	0.25651109715302783	0.2742109298706054	27.0	27
531	26	30191	2	just_check_hum,removed_sentence_hum	2	random_readable_unicode_control,s_to_ṡ	3	3	0.24930035074551893	0.3172181844711303	32.0	22
532	26	17472	2	paraphrase_hum,yes_no_hum	2	e_to_ē,s_to_ş	3	3	0.24108488361040747	0.2658237218856811	26.0	26
533	26	28992	2	just_check_hum,yes_no_hum	3	e_to_ē,s_to_ş,s_to_ṡ	3	3	0.24054372807343796	0.3439562916755676	24.0	10
534	26	30607	2	original_hum,removed_sentence_hum	2	e_to_ē,random_readable_unicode_control	3	3	0.23410546779632566	0.240534022450447	23.0	18
535	26	26625	2	original_hum,removed_sentence_hum	2	random_readable_unicode_control,s_to_ş	3	3	0.2326357811689376	0.2374407351016998	18.0	17
536	26	16638	2	just_check_hum,yes_no_hum	3	ascii_original,d_to_ḑ,random_readable_unicode_control	3	3	0.22532903651396433	0.2425178587436676	26.0	20
537	26	17183	2	paraphrase_hum,yes_no_hum	3	ascii_original,e_to_ē,random_readable_unicode_control	3	3	0.22403076291084287	0.2521676421165466	39.0	30
538	26	1205	2	original_hum,removed_sentence_hum	2	ascii_original,d_to_ḑ	3	3	0.22287539641062415	0.2306975722312927	38.0	36
539	26	21750	2	original_hum,removed_sentence_hum	2	ascii_original,d_to_ḑ	3	3	0.22005593279997504	0.2274419218301773	45.0	41
540	26	399	2	original_hum,removed_sentence_hum	2	random_readable_unicode_control,s_to_ş	3	3	0.21701772014300025	0.2188782095909118	24.0	22
541	26	15981	2	just_check_hum,paraphrase_hum	2	ascii_original,e_to_ē	3	3	0.2143957416216532	0.2216340005397796	28.0	26
542	26	9986	2	just_check_hum,paraphrase_hum	2	ascii_original,d_to_ḑ	3	3	0.21386801203091935	0.2597828507423401	31.0	31
543	26	23987	2	just_check_hum,paraphrase_hum	2	e_to_ē,s_to_ş	3	3	0.21299761533737174	0.2318818122148513	25.0	22
544	26	2306	2	just_check_hum,removed_sentence_hum	2	e_to_ē,random_readable_unicode_control	3	3	0.21214481691519416	0.2729060649871826	46.0	21
545	26	5663	2	paraphrase_hum,yes_no_hum	2	e_to_ē,s_to_ṡ	3	3	0.21173555652300513	0.2221370786428451	37.0	34
546	26	20036	2	just_check_hum,yes_no_hum	3	ascii_original,d_to_ḑ,s_to_ş	3	3	0.2101436058680216	0.2388370931148529	37.0	34
547	26	9088	2	original_hum,removed_sentence_hum	2	random_readable_unicode_control,s_to_ş	3	3	0.20486110945542654	0.2124032825231552	28.0	23
548	26	19281	2	original_hum,removed_sentence_hum	2	e_to_ē,random_readable_unicode_control	3	3	0.20300523440043128	0.2175263464450836	29.0	21
549	26	14768	2	original_hum,removed_sentence_hum	2	e_to_ē,random_readable_unicode_control	3	3	0.20207817355791724	0.2153324484825134	27.0	25
550	26	29136	2	original_hum,removed_sentence_hum	2	random_readable_unicode_control,s_to_ş	3	3	0.20163784921169273	0.2119635194540023	33.0	28
551	26	24748	2	just_check_hum,paraphrase_hum	3	e_to_ē,s_to_ş,s_to_ṡ	3	3	0.20015560587247208	0.2423989474773407	40.0	22
552	26	10831	2	just_check_hum,yes_no_hum	3	ascii_original,d_to_ḑ,e_to_ē	3	3	0.19864523410797116	0.2104425728321075	46.0	40
553	26	24678	2	just_check_hum,paraphrase_hum	3	ascii_original,random_readable_unicode_control,s_to_ṡ	3	3	0.19827755292256669	0.2286033630371093	42.0	32
554	26	22551	2	paraphrase_hum,yes_no_hum	3	ascii_original,e_to_ē,s_to_ş	3	3	0.1949278761943181	0.2131362855434417	43.0	40
555	26	29734	2	original_hum,removed_sentence_hum	2	random_readable_unicode_control,s_to_ş	3	3	0.19477799534797666	0.2273087501525879	39.0	31
556	26	12351	2	original_hum,removed_sentence_hum	2	ascii_original,s_to_ṡ	3	3	0.19448420405387876	0.2070073783397674	20.0	18
557	26	4993	2	just_check_hum,original_hum	2	e_to_ē,s_to_ş	3	3	0.19006158908208212	0.2482640445232391	46.0	20
558	26	29295	2	original_hum,removed_sentence_hum	2	random_readable_unicode_control,s_to_ş	3	3	0.18834630151589704	0.2105384171009063	43.0	30
559	26	6695	2	paraphrase_hum,yes_no_hum	3	ascii_original,random_readable_unicode_control,s_to_ṡ	3	3	0.1805061846971511	0.219773843884468	33.0	19
560	26	23941	2	original_hum,removed_sentence_hum	2	e_to_ē,random_readable_unicode_control	3	3	0.17927606900533036	0.2005240023136139	40.0	26
561	26	18376	2	just_check_hum,paraphrase_hum	2	e_to_ē,s_to_ş	3	3	0.17918851474920908	0.1931886076927185	36.0	34
562	26	2276	2	original_hum,yes_no_hum	2	e_to_ē,s_to_ş	3	3	0.17889432112375894	0.1938369870185852	40.0	27
563	26	29089	2	just_check_hum,yes_no_hum	2	random_readable_unicode_control,s_to_ş	3	3	0.17383149266242978	0.1917480230331421	43.0	35
564	26	22786	2	original_hum,yes_no_hum	3	ascii_original,d_to_ḑ,random_readable_unicode_control	3	3	0.17240794003009788	0.1837319433689117	44.0	38
565	26	10557	2	just_check_hum,paraphrase_hum	3	ascii_original,d_to_ḑ,random_readable_unicode_control	3	3	0.16978835562864933	0.1817645132541656	33.0	28
566	26	28492	2	original_hum,removed_sentence_hum	2	d_to_ḑ,s_to_ṡ	3	3	0.16517432034015653	0.1921937614679336	48.0	34
567	26	30867	2	paraphrase_hum,yes_no_hum	2	ascii_original,random_readable_unicode_control	3	3	0.16189103821913395	0.170692041516304	44.0	42
568	26	1277	2	original_hum,removed_sentence_hum	2	ascii_original,d_to_ḑ	3	3	0.1565398573875427	0.1740624755620956	41.0	32
569	26	10661	2	paraphrase_hum,removed_sentence_hum	3	e_to_ē,s_to_ş,s_to_ṡ	3	3	0.1557534436384836	0.1744821369647979	47.0	40
570	26	11331	2	original_hum,removed_sentence_hum	2	ascii_original,random_readable_unicode_control	3	3	0.1494839986165364	0.1540197432041168	45.0	43
571	26	234	2	original_hum,removed_sentence_hum	2	ascii_original,d_to_ḑ	3	3	0.14927984277407325	0.1520086228847503	47.0	41
572	26	3763	2	just_check_hum,removed_sentence_hum	3	ascii_original,d_to_ḑ,random_readable_unicode_control	3	3	0.1469234228134155	0.1527628600597381	43.0	38
573	26	10066	2	just_check_hum,removed_sentence_hum	2	random_readable_unicode_control,s_to_ş	2	3	0.29057213664054865	0.3585835993289947	14.0	9
574	26	12700	2	just_check_hum,paraphrase_hum	1	s_to_ṡ	2	2	0.8817504644393921	0.9559853672981262	2.0	2
575	26	7380	2	just_check_hum,paraphrase_hum	1	s_to_ṡ	2	2	0.8619938492774963	0.9378358721733092	2.0	1
576	26	27136	2	just_check_hum,removed_sentence_hum	1	random_readable_unicode_control	2	2	0.5192785263061523	0.5334479808807373	8.0	6
577	26	14082	2	original_hum,removed_sentence_hum	1	s_to_ṡ	2	2	0.5036299228668213	0.5461676716804504	2.5	2
578	26	12450	2	just_check_hum,removed_sentence_hum	1	random_readable_unicode_control	2	2	0.4096711128950119	0.4956419765949249	14.0	11
579	26	13232	2	original_hum,removed_sentence_hum	1	s_to_ş	2	2	0.3927115797996521	0.4385208785533905	6.0	6
580	26	22442	2	just_check_hum,removed_sentence_hum	1	random_readable_unicode_control	2	2	0.39259187877178187	0.5508714318275452	20.5	8
581	26	17812	2	just_check_hum,removed_sentence_hum	1	random_readable_unicode_control	2	2	0.3764130175113678	0.3994694948196411	17.0	16
582	26	27260	2	original_hum,removed_sentence_hum	1	s_to_ṡ	2	2	0.3620330542325973	0.364524096250534	5.0	4
583	26	21437	2	paraphrase_hum,yes_no_hum	1	e_to_ē	2	2	0.3609851002693176	0.3692616820335388	9.5	9
584	26	13760	2	paraphrase_hum,yes_no_hum	1	e_to_ē	2	2	0.35793630778789515	0.3643296658992767	10.0	9
585	26	24305	2	just_check_hum,original_hum	2	random_readable_unicode_control,s_to_ş	2	2	0.352717287838459	0.4744499921798706	16.0	4
586	26	26155	2	just_check_hum,removed_sentence_hum	1	random_readable_unicode_control	2	2	0.3345097601413727	0.4022113382816314	23.0	15
587	26	14773	2	just_check_hum,original_hum	2	random_readable_unicode_control,s_to_ş	2	2	0.326326459646225	0.3346794843673706	12.5	12
588	26	4769	2	just_check_hum,paraphrase_hum	1	s_to_ṡ	2	2	0.3181874454021454	0.3403614461421966	14.5	10
589	26	10524	2	paraphrase_hum,yes_no_hum	1	s_to_ṡ	2	2	0.3082777857780456	0.3420229852199554	13.0	9
590	26	29996	2	original_hum,removed_sentence_hum	1	s_to_ş	2	2	0.29836276173591614	0.3162926137447357	9.5	8
591	26	21166	2	paraphrase_hum,yes_no_hum	1	s_to_ṡ	2	2	0.2971070557832718	0.314094603061676	12.0	9
592	26	15910	2	just_check_hum,removed_sentence_hum	1	random_readable_unicode_control	2	2	0.2914208471775055	0.3144010901451111	23.0	22
593	26	24455	2	just_check_hum,paraphrase_hum	1	s_to_ṡ	2	2	0.2875100374221802	0.2999653816223144	16.0	14
594	26	23093	2	original_hum,removed_sentence_hum	1	s_to_ş	2	2	0.28630530834198	0.2883749902248382	16.5	16
595	26	8410	2	just_check_hum,yes_no_hum	2	d_to_ḑ,random_readable_unicode_control	2	2	0.2862200886011123	0.3534319400787353	17.0	6
596	26	13270	2	original_hum,removed_sentence_hum	1	s_to_ṡ	2	2	0.27206288278102875	0.2742411196231842	10.5	10
597	26	28270	2	just_check_hum,paraphrase_hum	1	s_to_ṡ	2	2	0.27028861641883845	0.2899371981620788	19.0	17
598	26	8581	2	just_check_hum,removed_sentence_hum	1	random_readable_unicode_control	2	2	0.2655036002397537	0.3150000274181366	32.5	23
599	26	3501	2	paraphrase_hum,yes_no_hum	1	s_to_ṡ	2	2	0.26476485282182693	0.3206589221954345	16.5	11
600	26	28079	2	paraphrase_hum,yes_no_hum	1	e_to_ē	2	2	0.2606513649225235	0.2853914797306061	25.0	21
601	26	12801	2	original_hum,removed_sentence_hum	1	e_to_ē	2	2	0.2563403323292732	0.3140588402748108	17.0	10
602	26	30737	2	original_hum,removed_sentence_hum	1	e_to_ē	2	2	0.25276788324117655	0.2586617767810821	14.5	14
603	26	27389	2	original_hum,removed_sentence_hum	1	s_to_ṡ	2	2	0.25072337687015533	0.2793952524662018	11.0	10
604	26	28618	2	just_check_hum,yes_no_hum	2	random_readable_unicode_control,s_to_ṡ	2	2	0.25013183057308197	0.2564081251621246	29.0	27
605	26	7190	2	original_hum,removed_sentence_hum	2	e_to_ē,random_readable_unicode_control	2	2	0.24851314723491666	0.3153895735740661	21.5	10
606	26	20287	2	just_check_hum,removed_sentence_hum	1	random_readable_unicode_control	2	2	0.2482127696275711	0.2579420208930969	32.0	25
607	26	10481	2	original_hum,removed_sentence_hum	1	random_readable_unicode_control	2	2	0.24718013405799866	0.258292019367218	25.5	24
608	26	11282	2	original_hum,removed_sentence_hum	1	s_to_ṡ	2	2	0.2464106902480125	0.2531136274337768	28.5	28
609	26	17660	2	just_check_hum,removed_sentence_hum	1	random_readable_unicode_control	2	2	0.24472048878669736	0.2804321646690368	36.5	27
610	26	32287	2	original_hum,removed_sentence_hum	1	e_to_ē	2	2	0.24399456381797785	0.256410539150238	17.0	15
611	26	26653	2	paraphrase_hum,removed_sentence_hum	2	random_readable_unicode_control,s_to_ş	2	2	0.2413951084017753	0.2554547786712646	27.5	20
612	26	32417	2	just_check_hum,yes_no_hum	1	s_to_ş	2	2	0.2362117916345596	0.3187513649463653	31.5	19
613	26	31883	2	just_check_hum,yes_no_hum	2	random_readable_unicode_control,s_to_ş	2	2	0.2355892956256866	0.2651403248310089	27.0	16
614	26	32485	2	original_hum,removed_sentence_hum	1	e_to_ē	2	2	0.23300088196992869	0.248408243060112	16.5	14
615	26	2580	2	just_check_hum,removed_sentence_hum	2	d_to_ḑ,e_to_ē	2	2	0.2321284413337707	0.2383721768856048	30.0	19
616	26	2567	2	original_hum,yes_no_hum	2	ascii_original,random_readable_unicode_control	2	2	0.23210316896438596	0.2630576193332672	33.5	18
617	26	21244	2	original_hum,removed_sentence_hum	1	s_to_ş	2	2	0.2308370769023895	0.2405543029308319	23.0	22
618	26	26216	2	original_hum,removed_sentence_hum	1	ascii_original	2	2	0.22806285321712488	0.2342680841684341	41.5	40
619	26	15125	2	just_check_hum,paraphrase_hum	1	s_to_ṡ	2	2	0.22623726725578303	0.2789366245269775	35.0	25
620	26	28943	2	original_hum,removed_sentence_hum	1	s_to_ṡ	2	2	0.22437734901905054	0.2313674092292785	31.0	30
621	26	32692	2	just_check_hum,yes_no_hum	2	random_readable_unicode_control,s_to_ṡ	2	2	0.2243105843663215	0.2288458794355392	35.0	34
622	26	23582	2	removed_sentence_hum,yes_no_hum	1	ascii_original	2	2	0.2227876037359237	0.2231545150279998	37.0	33
623	26	21601	2	paraphrase_hum,yes_no_hum	1	e_to_ē	2	2	0.22245524823665616	0.2250142395496368	34.0	33
624	26	26586	2	original_hum,removed_sentence_hum	1	d_to_ḑ	2	2	0.22222447395324707	0.2334047257900238	42.5	37
625	26	9178	2	just_check_hum,paraphrase_hum	1	s_to_ṡ	2	2	0.2219200357794761	0.233393907546997	33.5	25
626	26	13656	2	just_check_hum,paraphrase_hum	2	e_to_ē,s_to_ş	2	2	0.22124819457530975	0.3051367700099945	30.0	14
627	26	12281	2	just_check_hum,paraphrase_hum	1	s_to_ṡ	2	2	0.22066056728363032	0.2264072895050048	33.0	26
628	26	11575	2	paraphrase_hum,yes_no_hum	1	e_to_ē	2	2	0.21946720778942105	0.2400207221508026	35.0	31
629	26	28048	2	just_check_hum,paraphrase_hum	1	e_to_ē	2	2	0.2184781283140182	0.2558149099349975	19.0	16
630	26	27438	2	just_check_hum,paraphrase_hum	1	s_to_ṡ	2	2	0.21807663142681116	0.2273410409688949	35.0	34
631	26	17400	2	original_hum,removed_sentence_hum	1	s_to_ş	2	2	0.21678100526332855	0.2335900068283081	27.5	23
632	26	29521	2	original_hum,removed_sentence_hum	2	random_readable_unicode_control,s_to_ş	2	2	0.21451091766357422	0.265606552362442	32.0	16
633	26	23171	2	original_hum,removed_sentence_hum	1	e_to_ē	2	2	0.21442430466413495	0.215688943862915	19.5	19
634	26	30237	2	just_check_hum,paraphrase_hum	1	e_to_ē	2	2	0.2133174017071724	0.2770017981529236	26.5	12
635	26	14326	2	just_check_hum,yes_no_hum	2	random_readable_unicode_control,s_to_ṡ	2	2	0.2127487063407898	0.236859530210495	38.0	33
636	26	11810	2	just_check_hum,paraphrase_hum	1	e_to_ē	2	2	0.2104426026344299	0.2163462936878204	21.0	19
637	26	4793	2	just_check_hum,yes_no_hum	2	random_readable_unicode_control,s_to_ş	2	2	0.2098013088107109	0.2246941328048706	32.5	25
638	26	16624	2	original_hum,removed_sentence_hum	1	s_to_ṡ	2	2	0.20958857238292689	0.2107151448726654	35.5	35
639	26	29749	2	original_hum,yes_no_hum	2	random_readable_unicode_control,s_to_ṡ	2	2	0.20855706930160522	0.211103618144989	31.5	27
640	26	7176	2	paraphrase_hum,yes_no_hum	1	s_to_ṡ	2	2	0.20803952217102045	0.225738450884819	24.0	22
641	26	21298	2	original_hum,removed_sentence_hum	1	e_to_ē	2	2	0.20784457027912134	0.2177284508943557	23.0	22
642	26	16607	2	just_check_hum,paraphrase_hum	1	s_to_ş	2	2	0.20728315412998194	0.2465714365243911	31.0	22
643	26	22597	2	original_hum,removed_sentence_hum	1	s_to_ş	2	2	0.20718486607074735	0.2091348767280578	28.0	24
644	26	23711	2	just_check_hum,removed_sentence_hum	2	d_to_ḑ,s_to_ş	2	2	0.20587278902530665	0.2200539261102676	48.0	47
645	26	14432	2	original_hum,removed_sentence_hum	1	e_to_ē	2	2	0.2010308057069778	0.2319572865962982	28.5	18
646	26	5347	2	paraphrase_hum,yes_no_hum	1	e_to_ē	2	2	0.20075431466102595	0.2024121284484863	41.5	38
647	26	23122	2	just_check_hum,yes_no_hum	1	s_to_ṡ	2	2	0.20040134340524668	0.2296980768442154	30.5	23
648	26	32294	2	just_check_hum,yes_no_hum	1	s_to_ṡ	2	2	0.19952200353145594	0.2299081683158874	31.0	22
649	26	11581	2	just_check_hum,paraphrase_hum	2	s_to_ş,s_to_ṡ	2	2	0.1971321254968643	0.2126319706439972	33.5	31
650	26	14296	2	just_check_hum,paraphrase_hum	1	e_to_ē	2	2	0.19612821936607355	0.2137115895748138	24.0	24
651	26	13768	2	paraphrase_hum,yes_no_hum	2	random_readable_unicode_control,s_to_ş	2	2	0.1960838511586189	0.2147735208272934	30.5	23
652	26	9510	2	original_hum,removed_sentence_hum	1	e_to_ē	2	2	0.19513814896345133	0.2147052735090255	27.5	20
653	26	11175	2	paraphrase_hum,yes_no_hum	1	e_to_ē	2	2	0.19508434832096094	0.2012780308723449	45.5	43
654	26	13597	2	original_hum,removed_sentence_hum	1	s_to_ṡ	2	2	0.19439700990915293	0.1993297487497329	15.5	14
655	26	3968	2	original_hum,removed_sentence_hum	1	e_to_ē	2	2	0.19354221224784846	0.1976185739040374	25.5	25
656	26	13188	2	just_check_hum,paraphrase_hum	2	s_to_ş,s_to_ṡ	2	2	0.19310417026281354	0.2132810205221176	30.0	21
657	26	13412	2	original_hum,removed_sentence_hum	1	e_to_ē	2	2	0.19185413420200345	0.2012209594249725	30.5	30
658	26	1955	2	original_hum,removed_sentence_hum	1	s_to_ş	2	2	0.19174392521381375	0.1938493549823761	36.0	32
659	26	1708	2	paraphrase_hum,yes_no_hum	1	s_to_ṡ	2	2	0.18989761173725125	0.2010037750005722	33.5	24
660	26	10337	2	paraphrase_hum,removed_sentence_hum	1	e_to_ē	2	2	0.1887651905417442	0.1967700123786926	39.0	31
661	26	20246	2	just_check_hum,yes_no_hum	1	s_to_ṡ	2	2	0.18820650130510325	0.2073701620101928	30.0	29
662	26	0	2	paraphrase_hum,yes_no_hum	2	ascii_original,d_to_ḑ	2	2	0.1872588694095611	0.2053714990615844	42.5	40
663	26	24695	2	paraphrase_hum,yes_no_hum	2	e_to_ē,s_to_ṡ	2	2	0.1870289742946624	0.191197782754898	43.0	43
664	26	12633	2	original_hum,removed_sentence_hum	1	s_to_ş	2	2	0.18640772998332972	0.1975333094596862	38.0	36
665	26	220	2	just_check_hum,yes_no_hum	1	s_to_ṡ	2	2	0.1863370016217231	0.2097052186727523	35.5	27
666	26	12308	2	paraphrase_hum,yes_no_hum	2	e_to_ē,random_readable_unicode_control	2	2	0.18617214262485499	0.2062033861875534	43.0	41
667	26	31381	2	original_hum,removed_sentence_hum	1	s_to_ş	2	2	0.1854429543018341	0.1951199322938919	37.0	29
668	26	2182	2	just_check_hum,paraphrase_hum	2	s_to_ş,s_to_ṡ	2	2	0.18517110496759415	0.1951388269662857	37.0	30
669	26	24319	2	just_check_hum,removed_sentence_hum	1	random_readable_unicode_control	2	2	0.18405516445636744	0.2362563908100128	45.5	42
670	26	1510	2	just_check_hum,paraphrase_hum	2	ascii_original,e_to_ē	2	2	0.18404465168714518	0.2079192996025085	46.0	44
671	26	2468	2	removed_sentence_hum,yes_no_hum	2	ascii_original,random_readable_unicode_control	2	2	0.184031993150711	0.2147857695817947	36.5	36
672	26	10094	2	removed_sentence_hum,yes_no_hum	1	s_to_ṡ	2	2	0.1838328540325164	0.1988787353038787	37.5	31
673	26	732	2	just_check_hum,yes_no_hum	2	e_to_ē,s_to_ṡ	2	2	0.1821203529834747	0.1851179003715515	28.0	23
674	26	30835	2	original_hum,removed_sentence_hum	1	e_to_ē	2	2	0.18133106827735895	0.1872651726007461	31.5	28
675	26	26683	2	original_hum,removed_sentence_hum	1	s_to_ṡ	2	2	0.18067725002765656	0.190138578414917	41.5	40
676	26	20940	2	original_hum,removed_sentence_hum	1	s_to_ş	2	2	0.1802764311432838	0.1813358068466186	39.5	38
677	26	25161	2	just_check_hum,removed_sentence_hum	2	random_readable_unicode_control,s_to_ṡ	2	2	0.1802412644028663	0.1806949228048324	43.0	41
678	26	27806	2	original_hum,removed_sentence_hum	1	s_to_ş	2	2	0.18016482889652252	0.2138646692037582	24.0	11
679	26	22452	2	original_hum,removed_sentence_hum	1	e_to_ē	2	2	0.17894811183214185	0.1829018741846084	33.0	30
680	26	1396	2	original_hum,removed_sentence_hum	1	s_to_ş	2	2	0.17797926813364023	0.1832343339920044	40.5	39
681	26	1612	2	original_hum,removed_sentence_hum	1	s_to_ṡ	2	2	0.17770032584667206	0.1871294379234314	22.0	18
682	26	11883	2	original_hum,removed_sentence_hum	1	s_to_ş	2	2	0.1774441078305244	0.1873994469642639	43.0	42
683	26	1999	2	original_hum,removed_sentence_hum	1	e_to_ē	2	2	0.1772108674049377	0.1821007281541824	35.0	33
684	26	22360	2	original_hum,removed_sentence_hum	1	s_to_ş	2	2	0.1762253940105438	0.204731673002243	24.0	13
685	26	21731	2	original_hum,removed_sentence_hum	1	s_to_ş	2	2	0.17585249245166776	0.2062340676784515	26.0	12
686	26	29282	2	original_hum,removed_sentence_hum	1	e_to_ē	2	2	0.17568540573120117	0.1888013333082199	34.5	31
687	26	2786	2	original_hum,removed_sentence_hum	1	ascii_original	2	2	0.1751669347286224	0.1821538209915161	30.0	29
688	26	14142	2	original_hum,removed_sentence_hum	1	ascii_original	2	2	0.17502853274345395	0.1879720091819763	30.5	26
689	26	1740	2	just_check_hum,paraphrase_hum	1	s_to_ş	2	2	0.17482590675353998	0.1979709565639495	44.5	39
690	26	19011	2	original_hum,removed_sentence_hum	1	s_to_ṡ	2	2	0.17278632521629328	0.1774125397205352	46.0	46
691	26	28093	2	original_hum,removed_sentence_hum	1	s_to_ş	2	2	0.1721573024988174	0.1783761084079742	45.5	45
692	26	13049	2	paraphrase_hum,yes_no_hum	2	e_to_ē,random_readable_unicode_control	2	2	0.17145004868507385	0.1883595734834671	40.0	37
693	26	24831	2	just_check_hum,removed_sentence_hum	2	e_to_ē,random_readable_unicode_control	2	2	0.1712279170751571	0.2038865685462951	47.5	47
694	26	4621	2	original_hum,removed_sentence_hum	2	random_readable_unicode_control,s_to_ş	2	2	0.17097257077693934	0.1799165904521942	46.0	42
695	26	2438	2	just_check_hum,yes_no_hum	2	e_to_ē,s_to_ṡ	2	2	0.1709361597895622	0.1842507869005203	38.0	37
696	26	31050	2	original_hum,yes_no_hum	2	random_readable_unicode_control,s_to_ş	2	2	0.17051427066326136	0.1837088763713836	37.0	26
697	26	1965	2	just_check_hum,paraphrase_hum	1	e_to_ē	2	2	0.1700850427150726	0.1753931045532226	35.0	25
698	26	11312	2	just_check_hum,original_hum	1	s_to_ṡ	2	2	0.16975594311952585	0.1903721690177917	37.0	36
699	26	25446	2	original_hum,removed_sentence_hum	1	s_to_ṡ	2	2	0.1686817109584808	0.1764176785945892	33.5	28
700	26	17306	2	original_hum,removed_sentence_hum	1	s_to_ş	2	2	0.16863842308521265	0.17149318754673	46.5	44
701	26	23592	2	original_hum,removed_sentence_hum	1	d_to_ḑ	2	2	0.16847652941942215	0.1736152172088623	46.5	46
702	26	18415	2	original_hum,removed_sentence_hum	1	e_to_ē	2	2	0.1683887839317321	0.1715955436229705	42.0	38
703	26	23023	2	just_check_hum,paraphrase_hum	2	random_readable_unicode_control,s_to_ṡ	2	2	0.16829098761081696	0.1722339689731598	49.0	48
704	26	22076	2	original_hum,removed_sentence_hum	2	e_to_ē,random_readable_unicode_control	2	2	0.16804034262895579	0.1722941398620605	45.5	44
705	26	31103	2	paraphrase_hum,yes_no_hum	2	e_to_ē,random_readable_unicode_control	2	2	0.1676559597253799	0.1687286794185638	40.5	36
706	26	30998	2	just_check_hum,removed_sentence_hum	1	s_to_ş	2	2	0.1673742458224296	0.1785768568515777	41.5	39
707	26	22359	2	original_hum,yes_no_hum	1	s_to_ṡ	2	2	0.1669518649578094	0.1823644340038299	45.5	42
708	26	5183	2	original_hum,removed_sentence_hum	1	s_to_ş	2	2	0.1651051715016365	0.171061635017395	40.5	39
709	26	10605	2	original_hum,yes_no_hum	2	random_readable_unicode_control,s_to_ş	2	2	0.16458794474601746	0.1680753529071808	41.5	38
710	26	20753	2	original_hum,removed_sentence_hum	1	s_to_ṡ	2	2	0.1642910987138748	0.1783345192670822	25.0	20
711	26	21323	2	original_hum,removed_sentence_hum	1	e_to_ē	2	2	0.16334556043148035	0.1757474243640899	31.5	30
712	26	2848	2	removed_sentence_hum,yes_no_hum	2	s_to_ş,s_to_ṡ	2	2	0.16148018836975095	0.1689786612987518	40.0	34
713	26	5748	2	just_check_hum,paraphrase_hum	1	e_to_ē	2	2	0.16130836308002472	0.164991095662117	38.5	33
714	26	30026	2	original_hum,removed_sentence_hum	1	e_to_ē	2	2	0.1595149487257003	0.1614070534706115	44.0	41
715	26	5669	2	original_hum,removed_sentence_hum	2	d_to_ḑ,s_to_ş	2	2	0.15899830311536783	0.178032249212265	32.0	21
716	26	31440	2	original_hum,removed_sentence_hum	1	s_to_ş	2	2	0.1589812487363815	0.1689805388450622	44.5	40
717	26	4306	2	original_hum,removed_sentence_hum	1	s_to_ş	2	2	0.1586887463927269	0.1701614111661911	29.5	23
718	26	3689	2	original_hum,removed_sentence_hum	1	s_to_ş	2	2	0.1568285524845123	0.1580226868391037	47.0	45
719	26	7777	2	original_hum,removed_sentence_hum	1	d_to_ḑ	2	2	0.15655754506587977	0.1596517860889434	32.5	32
720	26	11338	2	original_hum,removed_sentence_hum	1	s_to_ṡ	2	2	0.15635290741920466	0.1639109253883361	37.0	35
721	26	19416	2	original_hum,removed_sentence_hum	2	ascii_original,s_to_ṡ	2	2	0.1557119190692901	0.1652525812387466	48.0	46
722	26	1929	2	just_check_hum,paraphrase_hum	1	e_to_ē	2	2	0.15560133010149002	0.1722241640090942	41.0	41
723	26	27673	2	paraphrase_hum,removed_sentence_hum	1	s_to_ş	2	2	0.15511213988065714	0.1784841567277908	44.0	41
724	26	13404	2	paraphrase_hum,removed_sentence_hum	1	s_to_ṡ	2	2	0.1544916629791259	0.162445843219757	40.5	36
725	26	5079	2	original_hum,removed_sentence_hum	2	ascii_original,s_to_ṡ	2	2	0.1541519314050674	0.1563901603221893	42.0	37
726	26	18353	2	original_hum,yes_no_hum	1	random_readable_unicode_control	2	2	0.15324286371469492	0.1643210053443908	48.5	47
727	26	9385	2	original_hum,removed_sentence_hum	1	e_to_ē	2	2	0.15279386937618256	0.159338116645813	45.0	42
728	26	15700	2	original_hum,removed_sentence_hum	2	e_to_ē,s_to_ṡ	2	2	0.1524181216955185	0.1593744158744812	42.5	42
729	26	18842	2	original_hum,removed_sentence_hum	1	e_to_ē	2	2	0.15194524824619288	0.1537314653396606	50.0	50
730	26	7448	2	original_hum,removed_sentence_hum	1	s_to_ş	2	2	0.15146252512931818	0.1566624939441681	30.5	27
731	26	5096	2	just_check_hum,paraphrase_hum	2	e_to_ē,s_to_ş	2	2	0.15080820769071573	0.162449911236763	47.5	47
732	26	23324	2	original_hum,removed_sentence_hum	1	s_to_ṡ	2	2	0.15059813857078552	0.1622483730316162	36.0	28
733	26	22584	2	original_hum,removed_sentence_hum	2	d_to_ḑ,e_to_ē	2	2	0.1501284539699554	0.1502145826816558	40.0	34
734	26	31938	2	original_hum,removed_sentence_hum	1	s_to_ṡ	2	2	0.14955584704875946	0.1568571329116821	35.0	32
735	26	28777	2	original_hum,removed_sentence_hum	1	d_to_ḑ	2	2	0.14843003451824185	0.1555507630109787	35.5	29
736	26	8894	2	original_hum,removed_sentence_hum	1	e_to_ē	2	2	0.14724849164485931	0.1509849280118942	46.5	44
737	26	24463	2	original_hum,removed_sentence_hum	1	s_to_ş	2	2	0.1444941163063049	0.1489801108837127	35.0	33
738	26	4328	2	original_hum,removed_sentence_hum	1	e_to_ē	2	2	0.14353163540363312	0.1492010653018951	38.0	35
739	26	3704	2	original_hum,removed_sentence_hum	1	s_to_ş	2	2	0.14343406260013575	0.1442143619060516	38.5	36
740	26	29632	2	original_hum,removed_sentence_hum	1	e_to_ē	2	2	0.14131497591733932	0.1511801779270172	39.5	35
741	26	2756	2	original_hum,removed_sentence_hum	1	s_to_ṡ	2	2	0.13664137572050095	0.1367032825946808	47.0	44
742	26	5371	2	just_check_hum,removed_sentence_hum	1	e_to_ē	2	2	0.1362432390451431	0.1416366398334503	45.5	45
743	26	24407	2	original_hum,removed_sentence_hum	1	e_to_ē	2	2	0.13619348406791684	0.1393570303916931	41.0	39
744	26	13866	2	original_hum,removed_sentence_hum	1	s_to_ṡ	2	2	0.1349638029932975	0.137925699353218	45.5	42
745	26	21061	1	yes_no_hum	6	ascii_original,d_to_ḑ,e_to_ē,random_readable_unicode_control,s_to_ş,s_to_ṡ	6	18	0.3873919265137778	0.6160889267921448	8.5	4
746	26	124	1	yes_no_hum	6	ascii_original,d_to_ḑ,e_to_ē,random_readable_unicode_control,s_to_ş,s_to_ṡ	6	15	0.25963548123836516	0.3207742273807525	13.0	10
747	26	26056	1	paraphrase_hum	6	ascii_original,d_to_ḑ,e_to_ē,random_readable_unicode_control,s_to_ş,s_to_ṡ	6	12	0.35256292422612506	0.402763694524765	10.5	6
748	26	1631	1	yes_no_hum	6	ascii_original,d_to_ḑ,e_to_ē,random_readable_unicode_control,s_to_ş,s_to_ṡ	6	12	0.29232923438151676	0.4704390466213226	15.0	6
749	26	14845	1	yes_no_hum	6	ascii_original,d_to_ḑ,e_to_ē,random_readable_unicode_control,s_to_ş,s_to_ṡ	6	7	0.30177755015236984	0.4249533414840698	12.0	7
750	26	23589	1	paraphrase_hum	6	ascii_original,d_to_ḑ,e_to_ē,random_readable_unicode_control,s_to_ş,s_to_ṡ	6	6	0.9398770332336426	0.965501308441162	1.0	1
751	26	22835	1	yes_no_hum	6	ascii_original,d_to_ḑ,e_to_ē,random_readable_unicode_control,s_to_ş,s_to_ṡ	6	6	0.8968619505564371	1.0182459354400637	2.0	1
752	26	31074	1	paraphrase_hum	6	ascii_original,d_to_ḑ,e_to_ē,random_readable_unicode_control,s_to_ş,s_to_ṡ	6	6	0.8065084119637808	0.8629413843154907	2.0	2
753	26	29627	1	yes_no_hum	6	ascii_original,d_to_ḑ,e_to_ē,random_readable_unicode_control,s_to_ş,s_to_ṡ	6	6	0.7288644909858704	0.8104331493377686	2.0	2
754	26	19271	1	yes_no_hum	6	ascii_original,d_to_ḑ,e_to_ē,random_readable_unicode_control,s_to_ş,s_to_ṡ	6	6	0.6091440320014954	0.6932036280632019	4.0	3
755	26	14744	1	yes_no_hum	6	ascii_original,d_to_ḑ,e_to_ē,random_readable_unicode_control,s_to_ş,s_to_ṡ	6	6	0.5357764363288879	0.559288501739502	5.0	4
756	26	6261	1	yes_no_hum	6	ascii_original,d_to_ḑ,e_to_ē,random_readable_unicode_control,s_to_ş,s_to_ṡ	6	6	0.5196928183237711	0.6279285550117493	5.5	4
757	26	343	1	yes_no_hum	6	ascii_original,d_to_ḑ,e_to_ē,random_readable_unicode_control,s_to_ş,s_to_ṡ	6	6	0.43589938680330914	0.576767086982727	7.0	5
758	26	23830	1	paraphrase_hum	6	ascii_original,d_to_ḑ,e_to_ē,random_readable_unicode_control,s_to_ş,s_to_ṡ	6	6	0.3749658167362213	0.4465559720993042	12.5	8
759	26	19030	1	paraphrase_hum	6	ascii_original,d_to_ḑ,e_to_ē,random_readable_unicode_control,s_to_ş,s_to_ṡ	6	6	0.37207210063934326	0.5249866843223572	13.5	7
760	26	19513	1	paraphrase_hum	6	ascii_original,d_to_ḑ,e_to_ē,random_readable_unicode_control,s_to_ş,s_to_ṡ	6	6	0.29576655228932697	0.4795151948928833	25.5	8
761	26	19422	1	paraphrase_hum	6	ascii_original,d_to_ḑ,e_to_ē,random_readable_unicode_control,s_to_ş,s_to_ṡ	6	6	0.28699903190135956	0.422617107629776	24.0	10
762	26	1167	1	paraphrase_hum	6	ascii_original,d_to_ḑ,e_to_ē,random_readable_unicode_control,s_to_ş,s_to_ṡ	6	6	0.2746767004330953	0.3307932317256927	23.5	18
763	26	17134	1	paraphrase_hum	6	ascii_original,d_to_ḑ,e_to_ē,random_readable_unicode_control,s_to_ş,s_to_ṡ	6	6	0.27360115448633826	0.3390292227268219	26.5	15
764	26	3648	1	paraphrase_hum	6	ascii_original,d_to_ḑ,e_to_ē,random_readable_unicode_control,s_to_ş,s_to_ṡ	6	6	0.26648670931657154	0.2813019454479217	23.0	18
765	26	16207	1	yes_no_hum	6	ascii_original,d_to_ḑ,e_to_ē,random_readable_unicode_control,s_to_ş,s_to_ṡ	6	6	0.2627598295609156	0.333978533744812	13.0	8
766	26	19973	1	paraphrase_hum	6	ascii_original,d_to_ḑ,e_to_ē,random_readable_unicode_control,s_to_ş,s_to_ṡ	6	6	0.2232175916433334	0.2556790709495544	37.0	27
767	26	28830	1	yes_no_hum	6	ascii_original,d_to_ḑ,e_to_ē,random_readable_unicode_control,s_to_ş,s_to_ṡ	6	6	0.21429691960414246	0.2408752292394638	24.0	15
768	26	31999	1	paraphrase_hum	6	ascii_original,d_to_ḑ,e_to_ē,random_readable_unicode_control,s_to_ş,s_to_ṡ	6	6	0.20772868146498993	0.2281046956777572	20.5	17
769	26	19934	1	yes_no_hum	6	ascii_original,d_to_ḑ,e_to_ē,random_readable_unicode_control,s_to_ş,s_to_ṡ	6	6	0.20560321956872932	0.2269927114248275	29.0	20
770	26	26548	1	yes_no_hum	6	ascii_original,d_to_ḑ,e_to_ē,random_readable_unicode_control,s_to_ş,s_to_ṡ	6	6	0.19390818476676938	0.2543990015983581	33.5	15
771	26	10927	1	yes_no_hum	6	ascii_original,d_to_ḑ,e_to_ē,random_readable_unicode_control,s_to_ş,s_to_ṡ	6	6	0.17952583730220792	0.2023444920778274	37.5	24
772	26	3836	1	just_check_hum	5	ascii_original,d_to_ḑ,e_to_ē,random_readable_unicode_control,s_to_ṡ	5	10	0.2257241919636726	0.3456840217113495	26.0	11
773	26	12088	1	paraphrase_hum	5	ascii_original,d_to_ḑ,e_to_ē,random_readable_unicode_control,s_to_ṡ	5	8	0.19821942225098607	0.2360980361700058	36.0	14
774	26	28724	1	paraphrase_hum	5	ascii_original,d_to_ḑ,e_to_ē,random_readable_unicode_control,s_to_ṡ	5	5	0.2527478486299515	0.3412105441093445	17.0	10
775	26	11552	1	paraphrase_hum	5	ascii_original,d_to_ḑ,e_to_ē,random_readable_unicode_control,s_to_ṡ	5	5	0.2485608637332916	0.2796170711517334	29.0	21
776	26	6219	1	paraphrase_hum	5	ascii_original,d_to_ḑ,random_readable_unicode_control,s_to_ş,s_to_ṡ	5	5	0.23380764126777648	0.2551504969596863	30.0	23
777	26	18245	1	paraphrase_hum	5	ascii_original,d_to_ḑ,random_readable_unicode_control,s_to_ş,s_to_ṡ	5	5	0.21983027458190918	0.2571600079536438	22.0	13
778	26	29523	1	paraphrase_hum	5	ascii_original,d_to_ḑ,e_to_ē,s_to_ş,s_to_ṡ	5	5	0.21773161590099335	0.2919071614742279	32.0	9
779	26	20112	1	paraphrase_hum	5	ascii_original,d_to_ḑ,random_readable_unicode_control,s_to_ş,s_to_ṡ	5	5	0.20148418843746185	0.2516230046749115	21.0	14
780	26	6555	1	paraphrase_hum	5	ascii_original,d_to_ḑ,e_to_ē,s_to_ş,s_to_ṡ	5	5	0.20131856799125666	0.2732683718204498	35.0	25
781	26	14847	1	yes_no_hum	5	ascii_original,d_to_ḑ,e_to_ē,random_readable_unicode_control,s_to_ṡ	5	5	0.20104826688766475	0.2264937907457351	25.0	24
782	26	16825	1	yes_no_hum	5	ascii_original,d_to_ḑ,e_to_ē,s_to_ş,s_to_ṡ	5	5	0.20018478035926815	0.2319937050342559	26.0	16
783	26	6211	1	paraphrase_hum	5	ascii_original,d_to_ḑ,e_to_ē,random_readable_unicode_control,s_to_ṡ	5	5	0.19935652911663052	0.2255254536867141	22.0	17
784	26	24940	1	yes_no_hum	5	ascii_original,d_to_ḑ,e_to_ē,s_to_ş,s_to_ṡ	5	5	0.19003359079360957	0.2159221768379211	30.0	25
785	26	22367	1	yes_no_hum	5	ascii_original,d_to_ḑ,random_readable_unicode_control,s_to_ş,s_to_ṡ	5	5	0.1892528474330902	0.2297055572271347	28.0	21
786	26	8915	1	paraphrase_hum	4	ascii_original,d_to_ḑ,random_readable_unicode_control,s_to_ṡ	4	5	0.22250127792358398	0.2583817839622497	32.0	28
787	26	17919	1	paraphrase_hum	4	ascii_original,d_to_ḑ,random_readable_unicode_control,s_to_ṡ	4	4	0.26771876215934753	0.2890146970748901	21.5	19
788	26	27282	1	just_check_hum	4	ascii_original,e_to_ē,random_readable_unicode_control,s_to_ş	4	4	0.22295064851641652	0.2529303729534149	28.5	18
789	26	7086	1	paraphrase_hum	4	ascii_original,d_to_ḑ,random_readable_unicode_control,s_to_ṡ	4	4	0.21636315435171127	0.2534078359603882	42.5	28
790	26	28443	1	yes_no_hum	4	ascii_original,d_to_ḑ,random_readable_unicode_control,s_to_ṡ	4	4	0.20450161397457123	0.2132006287574768	27.0	22
791	26	16050	1	just_check_hum	4	ascii_original,d_to_ḑ,e_to_ē,random_readable_unicode_control	4	4	0.1932598054409027	0.2312699556350708	36.0	28
792	26	19469	1	yes_no_hum	4	ascii_original,d_to_ḑ,e_to_ē,s_to_ş	4	4	0.18660563975572583	0.2366220951080322	33.0	21
793	26	23583	1	yes_no_hum	4	ascii_original,d_to_ḑ,random_readable_unicode_control,s_to_ṡ	4	4	0.18500443547964096	0.2077462524175644	35.0	30
794	26	30064	1	yes_no_hum	4	e_to_ē,random_readable_unicode_control,s_to_ş,s_to_ṡ	4	4	0.1789523139595985	0.1957922875881195	35.5	27
795	26	17682	1	just_check_hum	3	ascii_original,d_to_ḑ,random_readable_unicode_control	3	7	0.24855614985738478	0.3175939321517944	24.0	12
796	26	19826	1	just_check_hum	3	ascii_original,d_to_ḑ,random_readable_unicode_control	3	4	0.2514239661395549	0.288431704044342	22.0	19
797	26	31500	1	yes_no_hum	3	ascii_original,d_to_ḑ,random_readable_unicode_control	3	4	0.22680544108152384	0.2568567097187042	24.5	15
798	26	30225	1	yes_no_hum	3	ascii_original,d_to_ḑ,random_readable_unicode_control	3	4	0.19274144247174257	0.2266408950090408	34.5	24
799	26	20144	1	yes_no_hum	3	e_to_ē,s_to_ş,s_to_ṡ	3	4	0.15913530811667437	0.1792327016592025	42.0	37
800	26	5133	1	paraphrase_hum	3	ascii_original,d_to_ḑ,random_readable_unicode_control	3	3	1.125918706258138	1.1321619749069214	2.0	2
801	26	3188	1	paraphrase_hum	3	ascii_original,d_to_ḑ,random_readable_unicode_control	3	3	0.5726984540621439	0.6138169169425964	3.0	3
802	26	14668	1	paraphrase_hum	3	ascii_original,d_to_ḑ,random_readable_unicode_control	3	3	0.43406158685684204	0.4397874772548675	6.0	6
803	26	14282	1	paraphrase_hum	3	ascii_original,d_to_ḑ,random_readable_unicode_control	3	3	0.3709428906440735	0.4333539307117462	8.0	7
804	26	8625	1	paraphrase_hum	3	ascii_original,d_to_ḑ,random_readable_unicode_control	3	3	0.36114634076754254	0.3861373960971832	9.0	8
805	26	22173	1	paraphrase_hum	3	ascii_original,d_to_ḑ,random_readable_unicode_control	3	3	0.350866158803304	0.3749801516532898	10.0	10
806	26	28925	1	paraphrase_hum	3	ascii_original,d_to_ḑ,random_readable_unicode_control	3	3	0.34916239976882935	0.3763315975666046	11.0	7
807	26	24235	1	paraphrase_hum	3	ascii_original,d_to_ḑ,random_readable_unicode_control	3	3	0.323783278465271	0.3686457872390747	17.0	13
808	26	29142	1	paraphrase_hum	3	ascii_original,d_to_ḑ,random_readable_unicode_control	3	3	0.3221929470698039	0.380744457244873	19.0	10
809	26	13792	1	paraphrase_hum	3	ascii_original,d_to_ḑ,random_readable_unicode_control	3	3	0.2819400727748871	0.3232216536998749	23.0	17
810	26	7818	1	paraphrase_hum	3	ascii_original,d_to_ḑ,random_readable_unicode_control	3	3	0.2776421209176381	0.3006219267845154	18.0	15
811	26	28190	1	paraphrase_hum	3	ascii_original,d_to_ḑ,random_readable_unicode_control	3	3	0.277553786834081	0.3321964740753174	26.0	12
812	26	18763	1	yes_no_hum	3	ascii_original,d_to_ḑ,random_readable_unicode_control	3	3	0.2723317990700404	0.3274794816970825	15.0	10
813	26	14485	1	just_check_hum	3	ascii_original,d_to_ḑ,random_readable_unicode_control	3	3	0.25276195506254834	0.2636515498161316	29.0	19
814	26	16865	1	paraphrase_hum	3	ascii_original,d_to_ḑ,random_readable_unicode_control	3	3	0.24075123171011603	0.2691864371299743	31.0	25
815	26	23754	1	paraphrase_hum	3	ascii_original,d_to_ḑ,random_readable_unicode_control	3	3	0.22559846440951023	0.2340933829545974	17.0	17
816	26	30273	1	paraphrase_hum	3	ascii_original,d_to_ḑ,random_readable_unicode_control	3	3	0.22164738178253174	0.2337017059326172	37.0	30
817	26	14823	1	paraphrase_hum	3	ascii_original,d_to_ḑ,random_readable_unicode_control	3	3	0.2214337587356567	0.2521231472492218	38.0	35
818	26	1777	1	paraphrase_hum	3	ascii_original,d_to_ḑ,random_readable_unicode_control	3	3	0.219271903236707	0.2376717776060104	23.0	16
819	26	14210	1	paraphrase_hum	3	random_readable_unicode_control,s_to_ş,s_to_ṡ	3	3	0.214860737323761	0.2411660999059677	36.0	22
820	26	18055	1	just_check_hum	3	ascii_original,d_to_ḑ,random_readable_unicode_control	3	3	0.21411565939585364	0.226980835199356	34.0	29
821	26	11674	1	yes_no_hum	3	e_to_ē,s_to_ş,s_to_ṡ	3	3	0.20893637339274085	0.2803186178207397	36.0	9
822	26	26136	1	yes_no_hum	3	ascii_original,d_to_ḑ,random_readable_unicode_control	3	3	0.20705312490463249	0.2158850729465484	26.0	20
823	26	18795	1	paraphrase_hum	3	ascii_original,d_to_ḑ,s_to_ş	3	3	0.1970888326565424	0.2088219970464706	48.0	38
824	26	27324	1	yes_no_hum	3	ascii_original,d_to_ḑ,random_readable_unicode_control	3	3	0.18920996785163877	0.1979975998401641	37.0	35
825	26	24878	1	yes_no_hum	3	e_to_ē,s_to_ş,s_to_ṡ	3	3	0.18588161468505857	0.1997052431106567	33.0	24
826	26	22544	1	just_check_hum	3	ascii_original,d_to_ḑ,s_to_ṡ	3	3	0.1797946194807688	0.1937971413135528	26.0	25
827	26	28370	1	yes_no_hum	3	e_to_ē,s_to_ş,s_to_ṡ	3	3	0.17871298889319095	0.225623533129692	46.0	12
828	26	5024	1	original_hum	3	ascii_original,s_to_ş,s_to_ṡ	3	3	0.1772650430599848	0.1957504600286483	46.0	16
829	26	10129	1	paraphrase_hum	3	ascii_original,d_to_ḑ,random_readable_unicode_control	3	3	0.17108712593714392	0.1991189420223236	39.0	25
830	26	13704	1	yes_no_hum	3	e_to_ē,s_to_ş,s_to_ṡ	3	3	0.16857041915257773	0.1904155015945434	37.0	26
831	26	13042	1	yes_no_hum	3	e_to_ē,random_readable_unicode_control,s_to_ṡ	3	3	0.16677283744017277	0.1792567074298858	41.0	26
832	26	15651	1	yes_no_hum	3	ascii_original,d_to_ḑ,random_readable_unicode_control	3	3	0.16518706580003098	0.1761158555746078	41.0	33
833	26	25721	1	paraphrase_hum	3	ascii_original,e_to_ē,random_readable_unicode_control	3	3	0.1588313331206639	0.1706476211547851	46.0	44
834	26	23140	1	yes_no_hum	3	ascii_original,d_to_ḑ,s_to_ṡ	3	3	0.15613279740015665	0.1708719581365585	44.0	36
835	26	23540	1	yes_no_hum	3	e_to_ē,s_to_ş,s_to_ṡ	3	3	0.15556736787160236	0.1671008169651031	44.0	34
836	26	13505	1	paraphrase_hum	2	d_to_ḑ,random_readable_unicode_control	2	4	0.21277163177728647	0.2593014240264892	34.0	16
837	26	19843	1	just_check_hum	2	e_to_ē,s_to_ş	2	3	0.18678943812847135	0.1926451623439788	30.0	28
838	26	27399	1	just_check_hum	2	e_to_ē,s_to_ş	2	3	0.18535712361335754	0.2449625730514526	36.0	12
839	26	21471	1	yes_no_hum	2	ascii_original,random_readable_unicode_control	2	3	0.1837115387121836	0.213629812002182	40.0	22
840	26	3538	1	just_check_hum	2	ascii_original,d_to_ḑ	2	2	1.2542016506195068	1.2702667713165283	2.0	2
841	26	20334	1	just_check_hum	2	ascii_original,d_to_ḑ	2	2	1.0374650359153748	1.0442383289337158	3.0	3
842	26	27390	1	just_check_hum	2	ascii_original,d_to_ḑ	2	2	0.4415407180786133	0.5224668979644775	9.0	6
843	26	912	1	just_check_hum	2	ascii_original,d_to_ḑ	2	2	0.43811987340450287	0.4706226885318756	9.0	9
844	26	27178	1	just_check_hum	2	ascii_original,d_to_ḑ	2	2	0.37956988811492914	0.4459283053874969	13.5	8
845	26	21111	1	just_check_hum	2	ascii_original,d_to_ḑ	2	2	0.36565065383911133	0.3722394108772278	12.0	11
846	26	29431	1	just_check_hum	2	ascii_original,d_to_ḑ	2	2	0.3460084199905395	0.3527022004127502	15.5	14
847	26	5511	1	just_check_hum	2	ascii_original,d_to_ḑ	2	2	0.3237550258636474	0.3578203916549682	17.5	13
848	26	14987	1	just_check_hum	2	ascii_original,d_to_ḑ	2	2	0.2795988470315933	0.2884270548820495	23.0	23
849	26	4828	1	yes_no_hum	2	ascii_original,d_to_ḑ	2	2	0.2793798744678497	0.3379537463188171	18.0	10
850	26	1788	1	just_check_hum	2	ascii_original,d_to_ḑ	2	2	0.2672937363386154	0.2756829261779785	26.5	26
851	26	3446	1	just_check_hum	2	ascii_original,d_to_ḑ	2	2	0.2586252093315124	0.2813946902751922	28.5	25
852	26	12026	1	just_check_hum	2	ascii_original,d_to_ḑ	2	2	0.2460304573178291	0.2568975687026977	31.5	30
853	26	11577	1	yes_no_hum	2	ascii_original,d_to_ḑ	2	2	0.24467525631189346	0.2762334942817688	24.5	19
854	26	15276	1	just_check_hum	2	s_to_ş,s_to_ṡ	2	2	0.24037949740886685	0.309217631816864	28.5	16
855	26	23099	1	just_check_hum	2	ascii_original,d_to_ḑ	2	2	0.23982621729373932	0.2617054283618927	32.0	29
856	26	3992	1	just_check_hum	2	e_to_ē,s_to_ṡ	2	2	0.23942898958921427	0.2680589556694031	18.5	16
857	26	15081	1	just_check_hum	2	e_to_ē,s_to_ş	2	2	0.2389207780361175	0.3159565925598144	30.5	14
858	26	2602	1	paraphrase_hum	2	ascii_original,d_to_ḑ	2	2	0.23689371347427363	0.2597982287406921	35.5	30
859	26	5275	1	yes_no_hum	2	ascii_original,d_to_ḑ	2	2	0.23521447926759714	0.2650150060653686	28.0	23
860	26	1959	1	yes_no_hum	2	ascii_original,d_to_ḑ	2	2	0.23478525876998899	0.2549739181995392	18.5	16
861	26	23331	1	paraphrase_hum	2	ascii_original,d_to_ḑ	2	2	0.22909473627805704	0.245692029595375	40.5	38
862	26	26061	1	paraphrase_hum	2	d_to_ḑ,random_readable_unicode_control	2	2	0.22882001101970667	0.262303352355957	35.0	27
863	26	17484	1	yes_no_hum	2	ascii_original,d_to_ḑ	2	2	0.2285772711038589	0.2457004636526107	28.0	25
864	26	12815	1	paraphrase_hum	2	e_to_ē,random_readable_unicode_control	2	2	0.22723339498043055	0.2422581613063812	37.0	31
865	26	21637	1	just_check_hum	2	ascii_original,d_to_ḑ	2	2	0.22123600542545313	0.2344521433115005	39.5	37
866	26	5488	1	just_check_hum	2	ascii_original,d_to_ḑ	2	2	0.2209331393241882	0.2453472018241882	36.0	29
867	26	9068	1	yes_no_hum	2	ascii_original,d_to_ḑ	2	2	0.2201572135090828	0.2632327675819397	28.5	14
868	26	9399	1	yes_no_hum	2	ascii_original,d_to_ḑ	2	2	0.2155143022537231	0.2410117089748382	33.5	27
869	26	30582	1	yes_no_hum	2	e_to_ē,s_to_ş	2	2	0.2142870873212814	0.225847914814949	20.5	19
870	26	32002	1	yes_no_hum	2	ascii_original,random_readable_unicode_control	2	2	0.21408453583717346	0.2245427966117859	35.5	32
871	26	8751	1	paraphrase_hum	2	ascii_original,d_to_ḑ	2	2	0.20942405611276624	0.2232953161001205	46.5	44
872	26	21702	1	paraphrase_hum	2	d_to_ḑ,random_readable_unicode_control	2	2	0.20780783891677856	0.2176418602466583	42.0	36
873	26	24030	1	just_check_hum	2	ascii_original,d_to_ḑ	2	2	0.20646138489246363	0.2183936685323715	38.5	36
874	26	7800	1	just_check_hum	2	ascii_original,d_to_ḑ	2	2	0.2049916386604309	0.2085427939891815	22.0	22
875	26	979	1	yes_no_hum	2	ascii_original,d_to_ḑ	2	2	0.20466203987598414	0.2128607183694839	37.5	37
876	26	15742	1	yes_no_hum	2	ascii_original,d_to_ḑ	2	2	0.20340001583099365	0.2280677855014801	39.0	31
877	26	9295	1	removed_sentence_hum	2	e_to_ē,random_readable_unicode_control	2	2	0.2030020356178283	0.2106156647205352	28.0	27
878	26	21356	1	yes_no_hum	2	random_readable_unicode_control,s_to_ṡ	2	2	0.20263934135437012	0.234000563621521	33.0	20
879	26	17278	1	yes_no_hum	2	e_to_ē,s_to_ş	2	2	0.20210267603397364	0.2057403922080993	31.5	30
880	26	9197	1	just_check_hum	2	ascii_original,d_to_ḑ	2	2	0.20197726041078568	0.2222052365541458	41.5	35
881	26	12806	1	yes_no_hum	2	ascii_original,d_to_ḑ	2	2	0.20158333331346506	0.2173266857862472	38.5	35
882	26	2387	1	paraphrase_hum	2	s_to_ş,s_to_ṡ	2	2	0.20079609751701355	0.2013000249862671	43.5	39
883	26	29764	1	yes_no_hum	2	e_to_ē,s_to_ş	2	2	0.2002233564853668	0.2009482085704803	24.5	24
884	26	8126	1	just_check_hum	2	ascii_original,s_to_ş	2	2	0.1976971849799156	0.2018591314554214	35.5	32
885	26	15536	1	yes_no_hum	2	e_to_ē,s_to_ş	2	2	0.19727339595556254	0.2014292180538177	37.0	35
886	26	14134	1	paraphrase_hum	2	ascii_original,d_to_ḑ	2	2	0.19657063484191895	0.2091946303844452	46.5	46
887	26	22091	1	just_check_hum	2	ascii_original,random_readable_unicode_control	2	2	0.1957433596253395	0.196102574467659	39.5	35
888	26	31354	1	yes_no_hum	2	e_to_ē,s_to_ş	2	2	0.19293692708015442	0.2064690887928009	37.0	24
889	26	18470	1	just_check_hum	2	d_to_ḑ,random_readable_unicode_control	2	2	0.19277372956275934	0.2007796615362167	41.0	35
890	26	10621	1	yes_no_hum	2	s_to_ş,s_to_ṡ	2	2	0.19223307073116302	0.2015494406223297	27.0	22
891	26	18077	1	just_check_hum	2	ascii_original,random_readable_unicode_control	2	2	0.19208589941263193	0.2022560983896255	43.5	38
892	26	31546	1	yes_no_hum	2	e_to_ē,s_to_ṡ	2	2	0.1900398731231689	0.2111573666334152	24.5	18
893	26	5851	1	original_hum	2	ascii_original,d_to_ḑ	2	2	0.18986539542675013	0.199902132153511	39.0	34
894	26	20440	1	yes_no_hum	2	ascii_original,d_to_ḑ	2	2	0.18887120485305786	0.2042591869831085	28.0	22
895	26	10688	1	paraphrase_hum	2	d_to_ḑ,s_to_ş	2	2	0.1888322755694389	0.217055931687355	43.0	38
896	26	19273	1	just_check_hum	2	random_readable_unicode_control,s_to_ş	2	2	0.18830406665802002	0.2119188904762268	40.5	31
897	26	14126	1	yes_no_hum	2	ascii_original,d_to_ḑ	2	2	0.18646647036075592	0.1986871063709259	35.5	32
898	26	25517	1	paraphrase_hum	2	random_readable_unicode_control,s_to_ş	2	2	0.1864063292741775	0.1936647146940231	49.0	48
899	26	26759	1	yes_no_hum	2	e_to_ē,s_to_ş	2	2	0.18108334392309183	0.1903838515281677	44.5	44
900	26	4928	1	paraphrase_hum	2	random_readable_unicode_control,s_to_ş	2	2	0.18045502901077265	0.2003184258937835	47.0	45
901	26	605	1	yes_no_hum	2	ascii_original,s_to_ṡ	2	2	0.18017920106649393	0.1925650686025619	34.0	26
902	26	25632	1	just_check_hum	2	ascii_original,d_to_ḑ	2	2	0.1799093261361122	0.1873597502708435	28.5	26
903	26	3899	1	just_check_hum	2	ascii_original,random_readable_unicode_control	2	2	0.17945451289415354	0.1967269331216812	45.5	42
904	26	7248	1	just_check_hum	2	e_to_ē,s_to_ş	2	2	0.1794013455510139	0.2161372601985931	41.0	36
905	26	4631	1	yes_no_hum	2	e_to_ē,s_to_ṡ	2	2	0.1775163635611534	0.1870044469833374	34.5	32
906	26	12642	1	just_check_hum	2	e_to_ē,s_to_ş	2	2	0.17329838871955872	0.1901062726974487	37.5	27
907	26	20663	1	just_check_hum	2	e_to_ē,s_to_ş	2	2	0.17217287421226501	0.1903693974018097	41.5	33
908	26	5435	1	yes_no_hum	2	ascii_original,e_to_ē	2	2	0.1706987023353576	0.1717723906040191	42.0	40
909	26	21783	1	original_hum	2	e_to_ē,random_readable_unicode_control	2	2	0.1696859002113342	0.17367884516716	44.0	41
910	26	15272	1	yes_no_hum	2	ascii_original,d_to_ḑ	2	2	0.16875106096267695	0.1758291125297546	46.5	44
911	26	26998	1	yes_no_hum	2	d_to_ḑ,s_to_ş	2	2	0.16858088970184326	0.1859442889690399	42.5	38
912	26	12084	1	just_check_hum	2	e_to_ē,s_to_ṡ	2	2	0.16660539060831064	0.173360601067543	42.0	35
913	26	12472	1	paraphrase_hum	2	s_to_ş,s_to_ṡ	2	2	0.16607524454593653	0.180259108543396	28.0	24
914	26	10956	1	original_hum	2	e_to_ē,random_readable_unicode_control	2	2	0.1659300178289413	0.1747413277626037	46.5	45
915	26	2642	1	paraphrase_hum	2	d_to_ḑ,s_to_ṡ	2	2	0.1648923754692077	0.1836328208446502	43.5	42
916	26	26363	1	original_hum	2	ascii_original,d_to_ḑ	2	2	0.1648600026965141	0.1702848076820373	43.0	39
917	26	21254	1	just_check_hum	2	ascii_original,d_to_ḑ	2	2	0.16380365192890164	0.1647824645042419	35.0	35
918	26	2753	1	paraphrase_hum	2	ascii_original,d_to_ḑ	2	2	0.16271992027759552	0.1726786196231842	43.5	38
919	26	21181	1	original_hum	2	ascii_original,d_to_ḑ	2	2	0.160747580230236	0.1655428856611251	47.0	45
920	26	24240	1	yes_no_hum	2	d_to_ḑ,s_to_ş	2	2	0.15678150206804276	0.1611676812171936	48.5	48
921	26	28057	1	yes_no_hum	2	e_to_ē,s_to_ş	2	2	0.1545178443193435	0.1591492593288421	45.5	42
922	26	15923	1	just_check_hum	2	e_to_ē,s_to_ş	2	2	0.1542396023869514	0.1590873301029205	45.5	45
923	26	17440	1	removed_sentence_hum	2	ascii_original,d_to_ḑ	2	2	0.14982682466506955	0.1592212170362472	41.0	37
924	26	4006	1	paraphrase_hum	2	s_to_ş,s_to_ṡ	2	2	0.14970068633556366	0.1569167524576187	41.0	40
925	26	27785	1	yes_no_hum	2	s_to_ş,s_to_ṡ	2	2	0.14931578934192655	0.1508088707923889	45.0	40
926	26	12557	1	paraphrase_hum	2	ascii_original,random_readable_unicode_control	2	2	0.1487020924687385	0.1519314348697662	48.5	47
927	26	22661	1	paraphrase_hum	2	ascii_original,random_readable_unicode_control	2	2	0.1484967619180679	0.1492570489645004	49.0	48
928	26	1822	1	just_check_hum	2	ascii_original,d_to_ḑ	2	2	0.14826600253582	0.1501483917236328	42.0	40
929	26	11074	1	paraphrase_hum	2	d_to_ḑ,random_readable_unicode_control	2	2	0.14639708399772638	0.1522547155618667	48.5	47
930	26	9731	1	yes_no_hum	2	s_to_ş,s_to_ṡ	2	2	0.14393419772386545	0.1570033282041549	46.0	45
931	26	20200	1	just_check_hum	1	s_to_ş	1	2	0.3217170387506485	0.34544637799263	11.5	10
932	26	17910	1	just_check_hum	1	s_to_ş	1	2	0.2035013139247894	0.2380414456129074	31.0	17
933	26	30722	1	yes_no_hum	1	d_to_ḑ	1	2	0.18048281222581858	0.1864465475082397	36.0	28
934	26	4166	1	just_check_hum	1	e_to_ē	1	2	0.1775491833686828	0.1796421110630035	34.0	33
935	26	31086	1	yes_no_hum	1	e_to_ē	1	2	0.16760289669036865	0.1706240475177765	41.0	36
936	26	25202	1	paraphrase_hum	1	s_to_ş	1	2	0.1512183248996734	0.165725365281105	46.0	45
937	26	1252	1	just_check_hum	1	e_to_ē	1	2	0.14863532781600947	0.152394413948059	39.0	39
938	26	22832	1	removed_sentence_hum	1	random_readable_unicode_control	1	1	0.7907816767692566	0.7907816767692566	2.0	2
939	26	8481	1	removed_sentence_hum	1	random_readable_unicode_control	1	1	0.5109701156616211	0.5109701156616211	4.0	4
940	26	12580	1	paraphrase_hum	1	s_to_ş	1	1	0.3872294127941131	0.3872294127941131	8.0	8
941	26	19114	1	just_check_hum	1	s_to_ş	1	1	0.3538283109664917	0.3538283109664917	7.0	7
942	26	9209	1	removed_sentence_hum	1	random_readable_unicode_control	1	1	0.3519597053527832	0.3519597053527832	6.0	6
943	26	31107	1	just_check_hum	1	ascii_original	1	1	0.3500725030899048	0.3500725030899048	15.0	15
944	26	23640	1	just_check_hum	1	s_to_ş	1	1	0.3436233401298523	0.3436233401298523	9.0	9
945	26	8188	1	just_check_hum	1	random_readable_unicode_control	1	1	0.3404231071472168	0.3404231071472168	19.0	19
946	26	6968	1	paraphrase_hum	1	s_to_ş	1	1	0.33814138174057	0.33814138174057	12.0	12
947	26	21345	1	yes_no_hum	1	random_readable_unicode_control	1	1	0.3296446204185486	0.3296446204185486	9.0	9
948	26	30729	1	just_check_hum	1	s_to_ṡ	1	1	0.316212922334671	0.316212922334671	15.0	15
949	26	16550	1	removed_sentence_hum	1	random_readable_unicode_control	1	1	0.3129224181175232	0.3129224181175232	18.0	18
950	26	28950	1	paraphrase_hum	1	s_to_ş	1	1	0.3111246228218078	0.3111246228218078	13.0	13
951	26	25850	1	just_check_hum	1	random_readable_unicode_control	1	1	0.3095476925373077	0.3095476925373077	25.0	25
952	26	7637	1	just_check_hum	1	random_readable_unicode_control	1	1	0.3011176288127899	0.3011176288127899	12.0	12
953	26	22565	1	just_check_hum	1	random_readable_unicode_control	1	1	0.293502539396286	0.293502539396286	13.0	13
954	26	29578	1	paraphrase_hum	1	e_to_ē	1	1	0.2929371893405914	0.2929371893405914	9.0	9
955	26	13479	1	just_check_hum	1	random_readable_unicode_control	1	1	0.2904833555221557	0.2904833555221557	14.0	14
956	26	5231	1	removed_sentence_hum	1	random_readable_unicode_control	1	1	0.2857889533042907	0.2857889533042907	20.0	20
957	26	16296	1	paraphrase_hum	1	s_to_ş	1	1	0.2822034060955047	0.2822034060955047	15.0	15
958	26	15264	1	just_check_hum	1	random_readable_unicode_control	1	1	0.2814110517501831	0.2814110517501831	15.0	15
959	26	27391	1	paraphrase_hum	1	random_readable_unicode_control	1	1	0.2767788171768188	0.2767788171768188	25.0	25
960	26	5725	1	original_hum	1	random_readable_unicode_control	1	1	0.2689264416694641	0.2689264416694641	15.0	15
961	26	20138	1	yes_no_hum	1	random_readable_unicode_control	1	1	0.2688868939876556	0.2688868939876556	15.0	15
962	26	28323	1	yes_no_hum	1	random_readable_unicode_control	1	1	0.2683041393756866	0.2683041393756866	16.0	16
963	26	18378	1	just_check_hum	1	random_readable_unicode_control	1	1	0.2676470577716827	0.2676470577716827	30.0	30
964	26	26057	1	just_check_hum	1	random_readable_unicode_control	1	1	0.2663034200668335	0.2663034200668335	33.0	33
965	26	9705	1	removed_sentence_hum	1	random_readable_unicode_control	1	1	0.2659118473529815	0.2659118473529815	23.0	23
966	26	11445	1	paraphrase_hum	1	s_to_ş	1	1	0.265359103679657	0.265359103679657	19.0	19
967	26	31392	1	just_check_hum	1	e_to_ē	1	1	0.2627939879894256	0.2627939879894256	9.0	9
968	26	10592	1	yes_no_hum	1	random_readable_unicode_control	1	1	0.2616163790225982	0.2616163790225982	19.0	19
969	26	23349	1	paraphrase_hum	1	ascii_original	1	1	0.2607030868530273	0.2607030868530273	29.0	29
970	26	2961	1	just_check_hum	1	random_readable_unicode_control	1	1	0.2585455775260925	0.2585455775260925	17.0	17
971	26	4887	1	just_check_hum	1	random_readable_unicode_control	1	1	0.2576848864555359	0.2576848864555359	34.0	34
972	26	30985	1	just_check_hum	1	s_to_ş	1	1	0.2574426829814911	0.2574426829814911	18.0	18
973	26	2780	1	yes_no_hum	1	s_to_ṡ	1	1	0.2567735016345978	0.2567735016345978	18.0	18
974	26	12975	1	removed_sentence_hum	1	random_readable_unicode_control	1	1	0.2539065778255462	0.2539065778255462	27.0	27
975	26	3966	1	just_check_hum	1	random_readable_unicode_control	1	1	0.2535168528556824	0.2535168528556824	35.0	35
976	26	26093	1	just_check_hum	1	s_to_ş	1	1	0.2521951198577881	0.2521951198577881	18.0	18
977	26	3498	1	just_check_hum	1	ascii_original	1	1	0.2520705759525299	0.2520705759525299	32.0	32
978	26	11418	1	yes_no_hum	1	random_readable_unicode_control	1	1	0.2513041496276855	0.2513041496276855	23.0	23
979	26	2568	1	yes_no_hum	1	s_to_ş	1	1	0.2506904006004333	0.2506904006004333	15.0	15
980	26	10052	1	removed_sentence_hum	1	random_readable_unicode_control	1	1	0.2492490112781524	0.2492490112781524	17.0	17
981	26	28566	1	original_hum	1	random_readable_unicode_control	1	1	0.2481435239315033	0.2481435239315033	23.0	23
982	26	19116	1	paraphrase_hum	1	s_to_ṡ	1	1	0.2479007095098495	0.2479007095098495	19.0	19
983	26	20273	1	paraphrase_hum	1	s_to_ş	1	1	0.247238740324974	0.247238740324974	21.0	21
984	26	2957	1	just_check_hum	1	d_to_ḑ	1	1	0.2445302009582519	0.2445302009582519	30.0	30
985	26	18430	1	paraphrase_hum	1	e_to_ē	1	1	0.242879033088684	0.242879033088684	19.0	19
986	26	1380	1	just_check_hum	1	random_readable_unicode_control	1	1	0.2412374168634414	0.2412374168634414	37.0	37
987	26	15517	1	just_check_hum	1	s_to_ş	1	1	0.2391900867223739	0.2391900867223739	21.0	21
988	26	29196	1	just_check_hum	1	random_readable_unicode_control	1	1	0.2382877767086029	0.2382877767086029	40.0	40
989	26	31837	1	just_check_hum	1	d_to_ḑ	1	1	0.2375799417495727	0.2375799417495727	31.0	31
990	26	7053	1	just_check_hum	1	random_readable_unicode_control	1	1	0.2374602109193802	0.2374602109193802	41.0	41
991	26	22434	1	paraphrase_hum	1	random_readable_unicode_control	1	1	0.2373677045106887	0.2373677045106887	30.0	30
992	26	15856	1	removed_sentence_hum	1	random_readable_unicode_control	1	1	0.2371258586645126	0.2371258586645126	31.0	31
993	26	19241	1	paraphrase_hum	1	s_to_ṡ	1	1	0.2354276776313781	0.2354276776313781	24.0	24
994	26	9629	1	paraphrase_hum	1	s_to_ş	1	1	0.2336393594741821	0.2336393594741821	25.0	25
995	26	24575	1	paraphrase_hum	1	s_to_ş	1	1	0.2334320545196533	0.2334320545196533	26.0	26
996	26	10525	1	paraphrase_hum	1	s_to_ş	1	1	0.232709914445877	0.232709914445877	27.0	27
997	26	6008	1	paraphrase_hum	1	s_to_ş	1	1	0.2307861447334289	0.2307861447334289	28.0	28
998	26	14699	1	just_check_hum	1	random_readable_unicode_control	1	1	0.2305866032838821	0.2305866032838821	45.0	45
999	26	9953	1	just_check_hum	1	s_to_ş	1	1	0.2289153188467025	0.2289153188467025	24.0	24
1000	26	31396	1	paraphrase_hum	1	s_to_ş	1	1	0.2286892831325531	0.2286892831325531	29.0	29
1001	26	21657	1	just_check_hum	1	d_to_ḑ	1	1	0.2286830246448516	0.2286830246448516	34.0	34
1002	26	14007	1	just_check_hum	1	s_to_ṡ	1	1	0.2281071543693542	0.2281071543693542	26.0	26
1003	26	13512	1	yes_no_hum	1	random_readable_unicode_control	1	1	0.2280968427658081	0.2280968427658081	31.0	31
1004	26	2929	1	paraphrase_hum	1	e_to_ē	1	1	0.2280110269784927	0.2280110269784927	21.0	21
1005	26	2530	1	just_check_hum	1	s_to_ş	1	1	0.2270155847072601	0.2270155847072601	29.0	29
1006	26	31033	1	paraphrase_hum	1	s_to_ṡ	1	1	0.2266077101230621	0.2266077101230621	18.0	18
1007	26	11255	1	paraphrase_hum	1	s_to_ş	1	1	0.2263034284114837	0.2263034284114837	30.0	30
1008	26	29073	1	paraphrase_hum	1	s_to_ş	1	1	0.2260491400957107	0.2260491400957107	31.0	31
1009	26	15349	1	just_check_hum	1	random_readable_unicode_control	1	1	0.2257057577371597	0.2257057577371597	24.0	24
1010	26	31988	1	just_check_hum	1	s_to_ş	1	1	0.2250704765319824	0.2250704765319824	24.0	24
1011	26	26751	1	original_hum	1	random_readable_unicode_control	1	1	0.2247507274150848	0.2247507274150848	20.0	20
1012	26	9734	1	original_hum	1	random_readable_unicode_control	1	1	0.2240327000617981	0.2240327000617981	21.0	21
1013	26	16286	1	removed_sentence_hum	1	random_readable_unicode_control	1	1	0.2223536819219589	0.2223536819219589	38.0	38
1014	26	20996	1	paraphrase_hum	1	random_readable_unicode_control	1	1	0.2213904857635498	0.2213904857635498	38.0	38
1015	26	4351	1	just_check_hum	1	s_to_ş	1	1	0.221164584159851	0.221164584159851	33.0	33
1016	26	23473	1	removed_sentence_hum	1	random_readable_unicode_control	1	1	0.2204467952251434	0.2204467952251434	40.0	40
1017	26	12554	1	original_hum	1	random_readable_unicode_control	1	1	0.2191065102815628	0.2191065102815628	32.0	32
1018	26	24558	1	removed_sentence_hum	1	random_readable_unicode_control	1	1	0.2189125567674636	0.2189125567674636	41.0	41
1019	26	23871	1	just_check_hum	1	random_readable_unicode_control	1	1	0.2186066210269928	0.2186066210269928	48.0	48
1020	26	15062	1	just_check_hum	1	e_to_ē	1	1	0.2181232422590255	0.2181232422590255	16.0	16
1021	26	2674	1	just_check_hum	1	s_to_ş	1	1	0.2171914875507354	0.2171914875507354	27.0	27
1022	26	12420	1	just_check_hum	1	e_to_ē	1	1	0.2170924395322799	0.2170924395322799	18.0	18
1023	26	8476	1	just_check_hum	1	random_readable_unicode_control	1	1	0.2165724635124206	0.2165724635124206	29.0	29
1024	26	12471	1	just_check_hum	1	s_to_ş	1	1	0.2164859175682068	0.2164859175682068	26.0	26
1025	26	4295	1	paraphrase_hum	1	d_to_ḑ	1	1	0.216470792889595	0.216470792889595	40.0	40
1026	26	19727	1	yes_no_hum	1	s_to_ṡ	1	1	0.2164403200149536	0.2164403200149536	26.0	26
1027	26	29006	1	removed_sentence_hum	1	random_readable_unicode_control	1	1	0.2152897864580154	0.2152897864580154	17.0	17
1028	26	9546	1	paraphrase_hum	1	s_to_ṡ	1	1	0.2151000648736953	0.2151000648736953	38.0	38
1029	26	31189	1	just_check_hum	1	ascii_original	1	1	0.2150640785694122	0.2150640785694122	37.0	37
1030	26	1883	1	paraphrase_hum	1	s_to_ṡ	1	1	0.214529663324356	0.214529663324356	30.0	30
1031	26	14072	1	just_check_hum	1	d_to_ḑ	1	1	0.2144372314214706	0.2144372314214706	37.0	37
1032	26	25455	1	just_check_hum	1	random_readable_unicode_control	1	1	0.2143076211214065	0.2143076211214065	30.0	30
1033	26	12425	1	paraphrase_hum	1	ascii_original	1	1	0.2140503078699112	0.2140503078699112	46.0	46
1034	26	18562	1	yes_no_hum	1	ascii_original	1	1	0.214027464389801	0.214027464389801	37.0	37
1035	26	21462	1	original_hum	1	e_to_ē	1	1	0.2139403373003006	0.2139403373003006	21.0	21
1036	26	29138	1	just_check_hum	1	random_readable_unicode_control	1	1	0.2137599438428878	0.2137599438428878	49.0	49
1037	26	22942	1	removed_sentence_hum	1	random_readable_unicode_control	1	1	0.2136317938566208	0.2136317938566208	44.0	44
1038	26	28814	1	removed_sentence_hum	1	ascii_original	1	1	0.213558942079544	0.213558942079544	48.0	48
1039	26	13427	1	just_check_hum	1	random_readable_unicode_control	1	1	0.2132388651371002	0.2132388651371002	50.0	50
1040	26	23714	1	removed_sentence_hum	1	random_readable_unicode_control	1	1	0.2129021286964416	0.2129021286964416	45.0	45
1041	26	1763	1	original_hum	1	random_readable_unicode_control	1	1	0.2127449512481689	0.2127449512481689	27.0	27
1042	26	14541	1	original_hum	1	random_readable_unicode_control	1	1	0.2117261588573455	0.2117261588573455	29.0	29
1043	26	18338	1	just_check_hum	1	s_to_ş	1	1	0.2110307812690735	0.2110307812690735	38.0	38
1044	26	19758	1	paraphrase_hum	1	e_to_ē	1	1	0.2107016444206237	0.2107016444206237	39.0	39
1045	26	14123	1	just_check_hum	1	random_readable_unicode_control	1	1	0.2099995911121368	0.2099995911121368	32.0	32
1046	26	14042	1	just_check_hum	1	s_to_ṡ	1	1	0.2099633514881134	0.2099633514881134	43.0	43
1047	26	17699	1	original_hum	1	random_readable_unicode_control	1	1	0.209835797548294	0.209835797548294	35.0	35
1048	26	22389	1	paraphrase_hum	1	random_readable_unicode_control	1	1	0.2097762823104858	0.2097762823104858	42.0	42
1049	26	6668	1	paraphrase_hum	1	e_to_ē	1	1	0.2097327709197998	0.2097327709197998	39.0	39
1050	26	12067	1	paraphrase_hum	1	e_to_ē	1	1	0.2093632072210312	0.2093632072210312	25.0	25
1051	26	11066	1	paraphrase_hum	1	s_to_ş	1	1	0.2093204408884048	0.2093204408884048	36.0	36
1052	26	13563	1	paraphrase_hum	1	s_to_ṡ	1	1	0.2088584303855896	0.2088584303855896	33.0	33
1053	26	27223	1	paraphrase_hum	1	s_to_ş	1	1	0.2087993025779724	0.2087993025779724	31.0	31
1054	26	11788	1	just_check_hum	1	s_to_ş	1	1	0.2087929993867874	0.2087929993867874	27.0	27
1055	26	6649	1	paraphrase_hum	1	e_to_ē	1	1	0.2086924463510513	0.2086924463510513	26.0	26
1056	26	22418	1	original_hum	1	s_to_ṡ	1	1	0.2086306810379028	0.2086306810379028	35.0	35
1057	26	14652	1	paraphrase_hum	1	e_to_ē	1	1	0.2084432691335678	0.2084432691335678	40.0	40
1058	26	14552	1	paraphrase_hum	1	ascii_original	1	1	0.2084280401468277	0.2084280401468277	47.0	47
1059	26	17551	1	just_check_hum	1	s_to_ṡ	1	1	0.2076939046382904	0.2076939046382904	29.0	29
1060	26	30136	1	just_check_hum	1	ascii_original	1	1	0.20721335709095	0.20721335709095	43.0	43
1061	26	28206	1	paraphrase_hum	1	random_readable_unicode_control	1	1	0.2071535587310791	0.2071535587310791	39.0	39
1062	26	576	1	paraphrase_hum	1	s_to_ş	1	1	0.2065824419260025	0.2065824419260025	29.0	29
1063	26	16730	1	yes_no_hum	1	e_to_ē	1	1	0.2065020054578781	0.2065020054578781	32.0	32
1064	26	13567	1	just_check_hum	1	s_to_ş	1	1	0.2056117951869964	0.2056117951869964	26.0	26
1065	26	25479	1	paraphrase_hum	1	s_to_ṡ	1	1	0.2056010961532592	0.2056010961532592	35.0	35
1066	26	13954	1	paraphrase_hum	1	e_to_ē	1	1	0.2055411040782928	0.2055411040782928	27.0	27
1067	26	32361	1	original_hum	1	s_to_ş	1	1	0.2053226828575134	0.2053226828575134	14.0	14
1068	26	14416	1	just_check_hum	1	ascii_original	1	1	0.2051419168710708	0.2051419168710708	38.0	38
1069	26	24524	1	removed_sentence_hum	1	random_readable_unicode_control	1	1	0.2042988389730453	0.2042988389730453	47.0	47
1070	26	32477	1	just_check_hum	1	s_to_ş	1	1	0.2038378119468689	0.2038378119468689	29.0	29
1071	26	9914	1	paraphrase_hum	1	random_readable_unicode_control	1	1	0.2036925256252288	0.2036925256252288	41.0	41
1072	26	16328	1	just_check_hum	1	ascii_original	1	1	0.2034125030040741	0.2034125030040741	46.0	46
1073	26	13437	1	just_check_hum	1	s_to_ṡ	1	1	0.2029625177383422	0.2029625177383422	44.0	44
1074	26	29250	1	paraphrase_hum	1	s_to_ş	1	1	0.2029292583465576	0.2029292583465576	36.0	36
1075	26	23704	1	just_check_hum	1	s_to_ṡ	1	1	0.2028806805610656	0.2028806805610656	45.0	45
1076	26	18656	1	removed_sentence_hum	1	random_readable_unicode_control	1	1	0.2027243375778198	0.2027243375778198	30.0	30
1077	26	800	1	yes_no_hum	1	s_to_ṡ	1	1	0.2022434622049331	0.2022434622049331	28.0	28
1078	26	22599	1	paraphrase_hum	1	random_readable_unicode_control	1	1	0.2018491178750991	0.2018491178750991	43.0	43
1079	26	27504	1	paraphrase_hum	1	s_to_ş	1	1	0.2018024027347564	0.2018024027347564	37.0	37
1080	26	14578	1	paraphrase_hum	1	e_to_ē	1	1	0.2008999288082122	0.2008999288082122	45.0	45
1081	26	18249	1	removed_sentence_hum	1	ascii_original	1	1	0.2006706297397613	0.2006706297397613	49.0	49
1082	26	21296	1	removed_sentence_hum	1	ascii_original	1	1	0.2005213946104049	0.2005213946104049	50.0	50
1083	26	1602	1	paraphrase_hum	1	random_readable_unicode_control	1	1	0.2003504484891891	0.2003504484891891	49.0	49
1084	26	12767	1	removed_sentence_hum	1	random_readable_unicode_control	1	1	0.2000800669193267	0.2000800669193267	49.0	49
1085	26	22151	1	removed_sentence_hum	1	s_to_ş	1	1	0.1999827623367309	0.1999827623367309	14.0	14
1086	26	27812	1	yes_no_hum	1	s_to_ṡ	1	1	0.1987658888101577	0.1987658888101577	32.0	32
1087	26	4221	1	just_check_hum	1	s_to_ş	1	1	0.1987627893686294	0.1987627893686294	31.0	31
1088	26	5573	1	yes_no_hum	1	d_to_ḑ	1	1	0.1986361593008041	0.1986361593008041	35.0	35
1089	26	5730	1	just_check_hum	1	d_to_ḑ	1	1	0.1982651650905609	0.1982651650905609	40.0	40
1090	26	3918	1	just_check_hum	1	ascii_original	1	1	0.1982268095016479	0.1982268095016479	40.0	40
1091	26	10279	1	paraphrase_hum	1	s_to_ş	1	1	0.1979760974645614	0.1979760974645614	38.0	38
1092	26	21213	1	just_check_hum	1	e_to_ē	1	1	0.1979156881570816	0.1979156881570816	21.0	21
1093	26	23376	1	removed_sentence_hum	1	random_readable_unicode_control	1	1	0.1978856027126312	0.1978856027126312	28.0	28
1094	26	29318	1	just_check_hum	1	s_to_ş	1	1	0.1973822265863418	0.1973822265863418	32.0	32
1095	26	23968	1	paraphrase_hum	1	e_to_ē	1	1	0.1972501128911972	0.1972501128911972	29.0	29
1096	26	27272	1	paraphrase_hum	1	s_to_ṡ	1	1	0.1971447914838791	0.1971447914838791	37.0	37
1097	26	20447	1	paraphrase_hum	1	random_readable_unicode_control	1	1	0.1959341168403625	0.1959341168403625	49.0	49
1098	26	21999	1	yes_no_hum	1	s_to_ş	1	1	0.1957822889089584	0.1957822889089584	35.0	35
1099	26	14757	1	removed_sentence_hum	1	s_to_ş	1	1	0.1956728249788284	0.1956728249788284	16.0	16
1100	26	13941	1	paraphrase_hum	1	random_readable_unicode_control	1	1	0.1954638957977295	0.1954638957977295	50.0	50
1101	26	21351	1	original_hum	1	random_readable_unicode_control	1	1	0.1953077167272567	0.1953077167272567	35.0	35
1102	26	11977	1	just_check_hum	1	random_readable_unicode_control	1	1	0.1948556452989578	0.1948556452989578	44.0	44
1103	26	1551	1	yes_no_hum	1	e_to_ē	1	1	0.1943762302398681	0.1943762302398681	29.0	29
1104	26	20545	1	paraphrase_hum	1	s_to_ş	1	1	0.1938337683677673	0.1938337683677673	40.0	40
1105	26	12341	1	just_check_hum	1	s_to_ş	1	1	0.1937820017337799	0.1937820017337799	31.0	31
1106	26	1755	1	yes_no_hum	1	s_to_ş	1	1	0.1937790364027023	0.1937790364027023	23.0	23
1107	26	5534	1	paraphrase_hum	1	s_to_ş	1	1	0.1937257796525955	0.1937257796525955	41.0	41
1108	26	8854	1	yes_no_hum	1	s_to_ş	1	1	0.1935889273881912	0.1935889273881912	34.0	34
1109	26	8373	1	just_check_hum	1	s_to_ş	1	1	0.1934934258460998	0.1934934258460998	33.0	33
1110	26	22498	1	yes_no_hum	1	random_readable_unicode_control	1	1	0.1932768523693084	0.1932768523693084	41.0	41
1111	26	2601	1	paraphrase_hum	1	e_to_ē	1	1	0.1932177245616912	0.1932177245616912	50.0	50
1112	26	8688	1	yes_no_hum	1	random_readable_unicode_control	1	1	0.1931749731302261	0.1931749731302261	42.0	42
1113	26	13555	1	just_check_hum	1	ascii_original	1	1	0.1923664212226867	0.1923664212226867	43.0	43
1114	26	29379	1	paraphrase_hum	1	d_to_ḑ	1	1	0.1922288686037063	0.1922288686037063	50.0	50
1115	26	17632	1	just_check_hum	1	random_readable_unicode_control	1	1	0.1916838437318802	0.1916838437318802	37.0	37
1116	26	10570	1	just_check_hum	1	s_to_ṡ	1	1	0.1916291117668151	0.1916291117668151	39.0	39
1117	26	1461	1	paraphrase_hum	1	s_to_ṡ	1	1	0.1914411038160324	0.1914411038160324	39.0	39
1118	26	24310	1	original_hum	1	random_readable_unicode_control	1	1	0.1913966685533523	0.1913966685533523	42.0	42
1119	26	7993	1	removed_sentence_hum	1	s_to_ş	1	1	0.1912442743778228	0.1912442743778228	17.0	17
1120	26	9925	1	just_check_hum	1	s_to_ş	1	1	0.1910693198442459	0.1910693198442459	31.0	31
1121	26	27201	1	yes_no_hum	1	s_to_ṡ	1	1	0.1910369098186493	0.1910369098186493	32.0	32
1122	26	26460	1	yes_no_hum	1	e_to_ē	1	1	0.1909424364566803	0.1909424364566803	44.0	44
1123	26	3433	1	paraphrase_hum	1	e_to_ē	1	1	0.1906434595584869	0.1906434595584869	31.0	31
1124	26	3798	1	removed_sentence_hum	1	random_readable_unicode_control	1	1	0.1901099979877472	0.1901099979877472	23.0	23
1125	26	15930	1	original_hum	1	random_readable_unicode_control	1	1	0.190100610256195	0.190100610256195	37.0	37
1126	26	31361	1	yes_no_hum	1	e_to_ē	1	1	0.189923346042633	0.189923346042633	45.0	45
1127	26	19524	1	yes_no_hum	1	e_to_ē	1	1	0.1898357570171356	0.1898357570171356	46.0	46
1128	26	17350	1	just_check_hum	1	s_to_ş	1	1	0.1897109597921371	0.1897109597921371	28.0	28
1129	26	5260	1	yes_no_hum	1	s_to_ş	1	1	0.1895907074213028	0.1895907074213028	28.0	28
1130	26	14500	1	just_check_hum	1	s_to_ş	1	1	0.1890529245138168	0.1890529245138168	29.0	29
1131	26	16659	1	just_check_hum	1	e_to_ē	1	1	0.1890171021223068	0.1890171021223068	26.0	26
1132	26	1877	1	just_check_hum	1	s_to_ş	1	1	0.1889025568962097	0.1889025568962097	34.0	34
1133	26	10699	1	paraphrase_hum	1	e_to_ē	1	1	0.1887425780296325	0.1887425780296325	35.0	35
1134	26	16713	1	original_hum	1	s_to_ş	1	1	0.1881452351808548	0.1881452351808548	41.0	41
1135	26	2005	1	paraphrase_hum	1	s_to_ş	1	1	0.1880460828542709	0.1880460828542709	48.0	48
1136	26	6435	1	yes_no_hum	1	s_to_ṡ	1	1	0.1880139112472534	0.1880139112472534	35.0	35
1137	26	2946	1	just_check_hum	1	s_to_ş	1	1	0.187846839427948	0.187846839427948	34.0	34
1138	26	6328	1	paraphrase_hum	1	e_to_ē	1	1	0.1876315027475357	0.1876315027475357	32.0	32
1139	26	13596	1	paraphrase_hum	1	s_to_ş	1	1	0.1875578910112381	0.1875578910112381	46.0	46
1140	26	25982	1	yes_no_hum	1	random_readable_unicode_control	1	1	0.1875039488077163	0.1875039488077163	44.0	44
1141	26	23044	1	yes_no_hum	1	s_to_ş	1	1	0.1872901916503906	0.1872901916503906	29.0	29
1142	26	6060	1	removed_sentence_hum	1	random_readable_unicode_control	1	1	0.1867958009243011	0.1867958009243011	36.0	36
1143	26	20140	1	just_check_hum	1	e_to_ē	1	1	0.1866118907928466	0.1866118907928466	29.0	29
1144	26	22148	1	paraphrase_hum	1	s_to_ş	1	1	0.1864274889230728	0.1864274889230728	43.0	43
1145	26	24013	1	yes_no_hum	1	s_to_ş	1	1	0.1864113956689834	0.1864113956689834	30.0	30
1146	26	9581	1	yes_no_hum	1	random_readable_unicode_control	1	1	0.1857693791389465	0.1857693791389465	45.0	45
1147	26	31465	1	paraphrase_hum	1	s_to_ş	1	1	0.1856443881988525	0.1856443881988525	35.0	35
1148	26	3659	1	yes_no_hum	1	d_to_ḑ	1	1	0.1855218410491943	0.1855218410491943	43.0	43
1149	26	12190	1	removed_sentence_hum	1	s_to_ş	1	1	0.1855152547359466	0.1855152547359466	19.0	19
1150	26	23337	1	just_check_hum	1	d_to_ḑ	1	1	0.1854012906551361	0.1854012906551361	42.0	42
1151	26	10532	1	paraphrase_hum	1	s_to_ṡ	1	1	0.1853833496570587	0.1853833496570587	41.0	41
1152	26	11612	1	just_check_hum	1	d_to_ḑ	1	1	0.1853407025337219	0.1853407025337219	43.0	43
1153	26	17866	1	yes_no_hum	1	e_to_ē	1	1	0.184667706489563	0.184667706489563	35.0	35
1154	26	9034	1	yes_no_hum	1	s_to_ṡ	1	1	0.1844233274459839	0.1844233274459839	38.0	38
1155	26	23598	1	yes_no_hum	1	s_to_ş	1	1	0.1843783259391784	0.1843783259391784	38.0	38
1156	26	21159	1	yes_no_hum	1	s_to_ṡ	1	1	0.184198573231697	0.184198573231697	27.0	27
1157	26	24205	1	just_check_hum	1	e_to_ē	1	1	0.184186965227127	0.184186965227127	32.0	32
1158	26	18052	1	just_check_hum	1	d_to_ḑ	1	1	0.1841162741184234	0.1841162741184234	45.0	45
1159	26	31657	1	paraphrase_hum	1	s_to_ş	1	1	0.1840917617082595	0.1840917617082595	44.0	44
1160	26	10686	1	paraphrase_hum	1	s_to_ṡ	1	1	0.1840510219335556	0.1840510219335556	41.0	41
1161	26	31928	1	yes_no_hum	1	random_readable_unicode_control	1	1	0.1839847266674041	0.1839847266674041	47.0	47
1162	26	23103	1	paraphrase_hum	1	e_to_ē	1	1	0.1837375909090042	0.1837375909090042	33.0	33
1163	26	245	1	original_hum	1	random_readable_unicode_control	1	1	0.1836438775062561	0.1836438775062561	40.0	40
1164	26	1163	1	just_check_hum	1	s_to_ṡ	1	1	0.1835838705301284	0.1835838705301284	32.0	32
1165	26	10292	1	original_hum	1	random_readable_unicode_control	1	1	0.1834379732608795	0.1834379732608795	44.0	44
1166	26	11094	1	paraphrase_hum	1	s_to_ş	1	1	0.1833512187004089	0.1833512187004089	45.0	45
1167	26	22669	1	just_check_hum	1	random_readable_unicode_control	1	1	0.1833451986312866	0.1833451986312866	39.0	39
1168	26	19922	1	removed_sentence_hum	1	random_readable_unicode_control	1	1	0.1832828968763351	0.1832828968763351	37.0	37
1169	26	14054	1	original_hum	1	random_readable_unicode_control	1	1	0.1832382977008819	0.1832382977008819	45.0	45
1170	26	24913	1	just_check_hum	1	s_to_ş	1	1	0.1830784827470779	0.1830784827470779	37.0	37
1171	26	15078	1	just_check_hum	1	s_to_ş	1	1	0.1828565746545791	0.1828565746545791	38.0	38
1172	26	9855	1	yes_no_hum	1	random_readable_unicode_control	1	1	0.1828475296497345	0.1828475296497345	50.0	50
1173	26	15250	1	removed_sentence_hum	1	random_readable_unicode_control	1	1	0.1828048825263977	0.1828048825263977	25.0	25
1174	26	23738	1	paraphrase_hum	1	e_to_ē	1	1	0.1826106011867523	0.1826106011867523	35.0	35
1175	26	19837	1	just_check_hum	1	d_to_ḑ	1	1	0.1825270801782608	0.1825270801782608	46.0	46
1176	26	12042	1	paraphrase_hum	1	e_to_ē	1	1	0.182511031627655	0.182511031627655	36.0	36
1177	26	171	1	removed_sentence_hum	1	random_readable_unicode_control	1	1	0.1823189556598663	0.1823189556598663	35.0	35
1178	26	8911	1	paraphrase_hum	1	s_to_ṡ	1	1	0.1821667850017547	0.1821667850017547	42.0	42
1179	26	10787	1	just_check_hum	1	d_to_ḑ	1	1	0.1820961087942123	0.1820961087942123	47.0	47
1180	26	16422	1	yes_no_hum	1	ascii_original	1	1	0.1820384263992309	0.1820384263992309	42.0	42
1181	26	25777	1	removed_sentence_hum	1	random_readable_unicode_control	1	1	0.181054338812828	0.181054338812828	27.0	27
1182	26	6432	1	paraphrase_hum	1	d_to_ḑ	1	1	0.181009829044342	0.181009829044342	49.0	49
1183	26	19612	1	just_check_hum	1	e_to_ē	1	1	0.1810074150562286	0.1810074150562286	33.0	33
1184	26	22265	1	just_check_hum	1	s_to_ṡ	1	1	0.1808713972568512	0.1808713972568512	25.0	25
1185	26	5702	1	yes_no_hum	1	s_to_ṡ	1	1	0.1805244237184524	0.1805244237184524	40.0	40
1186	26	26769	1	removed_sentence_hum	1	d_to_ḑ	1	1	0.1804242730140686	0.1804242730140686	40.0	40
1187	26	2384	1	just_check_hum	1	ascii_original	1	1	0.180101677775383	0.180101677775383	50.0	50
1188	26	17589	1	paraphrase_hum	1	e_to_ē	1	1	0.1800707280635833	0.1800707280635833	37.0	37
1189	26	14293	1	yes_no_hum	1	random_readable_unicode_control	1	1	0.1796426475048065	0.1796426475048065	32.0	32
1190	26	21571	1	yes_no_hum	1	e_to_ē	1	1	0.1795972287654876	0.1795972287654876	49.0	49
1191	26	29071	1	yes_no_hum	1	s_to_ṡ	1	1	0.1791785061359405	0.1791785061359405	34.0	34
1192	26	24696	1	just_check_hum	1	s_to_ş	1	1	0.1790540516376495	0.1790540516376495	37.0	37
1193	26	23539	1	yes_no_hum	1	s_to_ṡ	1	1	0.1789318025112152	0.1789318025112152	35.0	35
1194	26	30723	1	yes_no_hum	1	e_to_ē	1	1	0.1787565499544143	0.1787565499544143	39.0	39
1195	26	21610	1	just_check_hum	1	random_readable_unicode_control	1	1	0.178742915391922	0.178742915391922	41.0	41
1196	26	22429	1	just_check_hum	1	s_to_ş	1	1	0.1785826236009597	0.1785826236009597	34.0	34
1197	26	5801	1	just_check_hum	1	s_to_ş	1	1	0.178531140089035	0.178531140089035	40.0	40
1198	26	2487	1	yes_no_hum	1	s_to_ṡ	1	1	0.178392082452774	0.178392082452774	44.0	44
1199	26	28340	1	original_hum	1	random_readable_unicode_control	1	1	0.1783766448497772	0.1783766448497772	46.0	46
1200	26	16928	1	paraphrase_hum	1	s_to_ş	1	1	0.1783177256584167	0.1783177256584167	48.0	48
1201	26	2136	1	paraphrase_hum	1	e_to_ē	1	1	0.1781168580055236	0.1781168580055236	39.0	39
1202	26	22655	1	just_check_hum	1	s_to_ş	1	1	0.1780691295862198	0.1780691295862198	41.0	41
1203	26	28414	1	removed_sentence_hum	1	random_readable_unicode_control	1	1	0.1780502796173095	0.1780502796173095	28.0	28
1204	26	25631	1	original_hum	1	s_to_ş	1	1	0.1779419630765915	0.1779419630765915	18.0	18
1205	26	528	1	just_check_hum	1	s_to_ş	1	1	0.177544355392456	0.177544355392456	42.0	42
1206	26	8366	1	removed_sentence_hum	1	random_readable_unicode_control	1	1	0.1773661971092224	0.1773661971092224	43.0	43
1207	26	11955	1	just_check_hum	1	d_to_ḑ	1	1	0.1768205165863037	0.1768205165863037	49.0	49
1208	26	3062	1	just_check_hum	1	random_readable_unicode_control	1	1	0.1767563968896865	0.1767563968896865	43.0	43
1209	26	28606	1	removed_sentence_hum	1	e_to_ē	1	1	0.1767472475767135	0.1767472475767135	33.0	33
1210	26	3661	1	yes_no_hum	1	s_to_ş	1	1	0.1765789091587066	0.1765789091587066	36.0	36
1211	26	21582	1	yes_no_hum	1	s_to_ş	1	1	0.1765054762363433	0.1765054762363433	31.0	31
1212	26	31700	1	paraphrase_hum	1	s_to_ş	1	1	0.1764494478702545	0.1764494478702545	49.0	49
1213	26	16594	1	just_check_hum	1	s_to_ş	1	1	0.1754553318023681	0.1754553318023681	36.0	36
1214	26	26999	1	just_check_hum	1	ascii_original	1	1	0.1754059195518493	0.1754059195518493	47.0	47
1215	26	23882	1	original_hum	1	s_to_ṡ	1	1	0.1752716600894928	0.1752716600894928	22.0	22
1216	26	25098	1	original_hum	1	d_to_ḑ	1	1	0.1752415895462036	0.1752415895462036	45.0	45
1217	26	12583	1	paraphrase_hum	1	s_to_ş	1	1	0.1751298010349273	0.1751298010349273	41.0	41
1218	26	15548	1	just_check_hum	1	e_to_ē	1	1	0.174856424331665	0.174856424331665	32.0	32
1219	26	26736	1	removed_sentence_hum	1	random_readable_unicode_control	1	1	0.174717366695404	0.174717366695404	41.0	41
1220	26	21624	1	yes_no_hum	1	s_to_ş	1	1	0.1744662970304489	0.1744662970304489	34.0	34
1221	26	30673	1	paraphrase_hum	1	e_to_ē	1	1	0.1740899682044983	0.1740899682044983	40.0	40
1222	26	30739	1	yes_no_hum	1	d_to_ḑ	1	1	0.1738225817680359	0.1738225817680359	50.0	50
1223	26	28295	1	original_hum	1	random_readable_unicode_control	1	1	0.1735424101352691	0.1735424101352691	48.0	48
1224	26	8646	1	just_check_hum	1	e_to_ē	1	1	0.1735247075557708	0.1735247075557708	38.0	38
1225	26	21020	1	paraphrase_hum	1	e_to_ē	1	1	0.1732829809188842	0.1732829809188842	41.0	41
1226	26	17370	1	just_check_hum	1	s_to_ş	1	1	0.1732090711593628	0.1732090711593628	43.0	43
1227	26	21063	1	yes_no_hum	1	ascii_original	1	1	0.1731318235397339	0.1731318235397339	47.0	47
1228	26	11120	1	just_check_hum	1	ascii_original	1	1	0.1729891896247863	0.1729891896247863	50.0	50
1229	26	19323	1	yes_no_hum	1	ascii_original	1	1	0.1729459166526794	0.1729459166526794	48.0	48
1230	26	26384	1	original_hum	1	ascii_original	1	1	0.172907292842865	0.172907292842865	49.0	49
1231	26	28497	1	yes_no_hum	1	s_to_ş	1	1	0.1727071553468704	0.1727071553468704	35.0	35
1232	26	30019	1	just_check_hum	1	s_to_ş	1	1	0.1724241375923156	0.1724241375923156	40.0	40
1233	26	522	1	paraphrase_hum	1	s_to_ş	1	1	0.1722847074270248	0.1722847074270248	50.0	50
1234	26	141	1	just_check_hum	1	random_readable_unicode_control	1	1	0.1722359955310821	0.1722359955310821	37.0	37
1235	26	12382	1	paraphrase_hum	1	s_to_ṡ	1	1	0.1717211157083511	0.1717211157083511	34.0	34
1236	26	8723	1	just_check_hum	1	s_to_ṡ	1	1	0.1715490818023681	0.1715490818023681	47.0	47
1237	26	14832	1	original_hum	1	random_readable_unicode_control	1	1	0.1712690591812133	0.1712690591812133	36.0	36
1238	26	30183	1	just_check_hum	1	e_to_ē	1	1	0.1711306869983673	0.1711306869983673	36.0	36
1239	26	21421	1	just_check_hum	1	s_to_ş	1	1	0.170569360256195	0.170569360256195	37.0	37
1240	26	25951	1	yes_no_hum	1	ascii_original	1	1	0.170473575592041	0.170473575592041	50.0	50
1241	26	12799	1	removed_sentence_hum	1	e_to_ē	1	1	0.1700149923563003	0.1700149923563003	41.0	41
1242	26	15605	1	just_check_hum	1	s_to_ṡ	1	1	0.169570505619049	0.169570505619049	48.0	48
1243	26	2566	1	yes_no_hum	1	ascii_original	1	1	0.1694939583539962	0.1694939583539962	44.0	44
1244	26	24889	1	just_check_hum	1	random_readable_unicode_control	1	1	0.1694549322128296	0.1694549322128296	46.0	46
1245	26	13671	1	original_hum	1	s_to_ş	1	1	0.1694216132164001	0.1694216132164001	46.0	46
1246	26	2275	1	paraphrase_hum	1	e_to_ē	1	1	0.1694041937589645	0.1694041937589645	47.0	47
1247	26	3484	1	just_check_hum	1	s_to_ṡ	1	1	0.1693677008152008	0.1693677008152008	30.0	30
1248	26	12880	1	paraphrase_hum	1	s_to_ṡ	1	1	0.1693669259548187	0.1693669259548187	37.0	37
1249	26	10580	1	removed_sentence_hum	1	s_to_ş	1	1	0.1691120564937591	0.1691120564937591	43.0	43
1250	26	6991	1	original_hum	1	s_to_ş	1	1	0.16839100420475	0.16839100420475	47.0	47
1251	26	9974	1	just_check_hum	1	s_to_ṡ	1	1	0.1682662069797516	0.1682662069797516	49.0	49
1252	26	633	1	yes_no_hum	1	s_to_ş	1	1	0.1681815087795257	0.1681815087795257	38.0	38
1253	26	16736	1	just_check_hum	1	random_readable_unicode_control	1	1	0.1681745499372482	0.1681745499372482	47.0	47
1254	26	11220	1	yes_no_hum	1	e_to_ē	1	1	0.1678714752197265	0.1678714752197265	48.0	48
1255	26	21706	1	original_hum	1	e_to_ē	1	1	0.1678335815668106	0.1678335815668106	43.0	43
1256	26	31159	1	removed_sentence_hum	1	random_readable_unicode_control	1	1	0.1678147166967392	0.1678147166967392	44.0	44
1257	26	4092	1	removed_sentence_hum	1	s_to_ṡ	1	1	0.1673952639102935	0.1673952639102935	47.0	47
1258	26	13013	1	just_check_hum	1	s_to_ş	1	1	0.1672376692295074	0.1672376692295074	46.0	46
1259	26	10386	1	original_hum	1	e_to_ē	1	1	0.1668559610843658	0.1668559610843658	44.0	44
1260	26	512	1	yes_no_hum	1	e_to_ē	1	1	0.1668312847614288	0.1668312847614288	49.0	49
1261	26	19795	1	paraphrase_hum	1	e_to_ē	1	1	0.1666825711727142	0.1666825711727142	43.0	43
1262	26	32621	1	just_check_hum	1	s_to_ş	1	1	0.1666788905858993	0.1666788905858993	48.0	48
1263	26	2437	1	yes_no_hum	1	random_readable_unicode_control	1	1	0.1666208356618881	0.1666208356618881	36.0	36
1264	26	2939	1	paraphrase_hum	1	d_to_ḑ	1	1	0.1660973280668258	0.1660973280668258	37.0	37
1265	26	471	1	just_check_hum	1	s_to_ş	1	1	0.1660859882831573	0.1660859882831573	44.0	44
1266	26	25285	1	paraphrase_hum	1	s_to_ṡ	1	1	0.1660518497228622	0.1660518497228622	40.0	40
1267	26	11309	1	original_hum	1	random_readable_unicode_control	1	1	0.1659605205059051	0.1659605205059051	49.0	49
1268	26	15697	1	yes_no_hum	1	d_to_ḑ	1	1	0.1658968925476074	0.1658968925476074	45.0	45
1269	26	24237	1	just_check_hum	1	e_to_ē	1	1	0.1658114492893219	0.1658114492893219	35.0	35
1270	26	26334	1	paraphrase_hum	1	s_to_ṡ	1	1	0.1656214147806167	0.1656214147806167	50.0	50
1271	26	10716	1	original_hum	1	random_readable_unicode_control	1	1	0.1655421555042266	0.1655421555042266	41.0	41
1272	26	25005	1	paraphrase_hum	1	e_to_ē	1	1	0.1652004122734069	0.1652004122734069	47.0	47
1273	26	11587	1	just_check_hum	1	e_to_ē	1	1	0.1650555878877639	0.1650555878877639	27.0	27
1274	26	19801	1	yes_no_hum	1	random_readable_unicode_control	1	1	0.164855346083641	0.164855346083641	37.0	37
1275	26	5812	1	yes_no_hum	1	random_readable_unicode_control	1	1	0.1647902429103851	0.1647902429103851	45.0	45
1276	26	2288	1	removed_sentence_hum	1	s_to_ş	1	1	0.1647868454456329	0.1647868454456329	50.0	50
1277	26	20903	1	removed_sentence_hum	1	s_to_ṡ	1	1	0.16441211104393	0.16441211104393	50.0	50
1278	26	28260	1	paraphrase_hum	1	s_to_ṡ	1	1	0.1642986685037613	0.1642986685037613	43.0	43
1279	26	4859	1	yes_no_hum	1	random_readable_unicode_control	1	1	0.1642515212297439	0.1642515212297439	46.0	46
1280	26	17665	1	paraphrase_hum	1	s_to_ş	1	1	0.1637682765722274	0.1637682765722274	46.0	46
1281	26	3724	1	paraphrase_hum	1	e_to_ē	1	1	0.1635529696941375	0.1635529696941375	46.0	46
1282	26	10690	1	paraphrase_hum	1	ascii_original	1	1	0.1634585559368133	0.1634585559368133	39.0	39
1283	26	14490	1	yes_no_hum	1	random_readable_unicode_control	1	1	0.1633514016866684	0.1633514016866684	40.0	40
1284	26	17017	1	yes_no_hum	1	ascii_original	1	1	0.1633476465940475	0.1633476465940475	47.0	47
1285	26	20582	1	just_check_hum	1	e_to_ē	1	1	0.163268357515335	0.163268357515335	45.0	45
1286	26	5978	1	paraphrase_hum	1	e_to_ē	1	1	0.162476360797882	0.162476360797882	48.0	48
1287	26	2869	1	removed_sentence_hum	1	s_to_ş	1	1	0.1621918976306915	0.1621918976306915	26.0	26
1288	26	17671	1	original_hum	1	e_to_ē	1	1	0.1620172560214996	0.1620172560214996	43.0	43
1289	26	14855	1	original_hum	1	d_to_ḑ	1	1	0.161882996559143	0.161882996559143	29.0	29
1290	26	5091	1	yes_no_hum	1	ascii_original	1	1	0.1617190539836883	0.1617190539836883	44.0	44
1291	26	15400	1	just_check_hum	1	s_to_ş	1	1	0.1615829169750213	0.1615829169750213	44.0	44
1292	26	23057	1	paraphrase_hum	1	e_to_ē	1	1	0.1614521145820617	0.1614521145820617	50.0	50
1293	26	1733	1	original_hum	1	s_to_ṡ	1	1	0.1609877049922943	0.1609877049922943	30.0	30
1294	26	23877	1	yes_no_hum	1	random_readable_unicode_control	1	1	0.160782128572464	0.160782128572464	50.0	50
1295	26	19392	1	removed_sentence_hum	1	ascii_original	1	1	0.1599075943231582	0.1599075943231582	45.0	45
1296	26	25829	1	yes_no_hum	1	d_to_ḑ	1	1	0.1598827540874481	0.1598827540874481	49.0	49
1297	26	30620	1	yes_no_hum	1	ascii_original	1	1	0.1598514169454574	0.1598514169454574	45.0	45
1298	26	30335	1	just_check_hum	1	e_to_ē	1	1	0.1595772504806518	0.1595772504806518	41.0	41
1299	26	1049	1	just_check_hum	1	s_to_ş	1	1	0.1592749059200287	0.1592749059200287	42.0	42
1300	26	20725	1	just_check_hum	1	e_to_ē	1	1	0.1590846329927444	0.1590846329927444	32.0	32
1301	26	18592	1	original_hum	1	e_to_ē	1	1	0.1589811593294143	0.1589811593294143	44.0	44
1302	26	2324	1	original_hum	1	e_to_ē	1	1	0.1587260216474533	0.1587260216474533	45.0	45
1303	26	3016	1	just_check_hum	1	s_to_ş	1	1	0.1587134450674057	0.1587134450674057	43.0	43
1304	26	4998	1	just_check_hum	1	e_to_ē	1	1	0.1586960554122924	0.1586960554122924	48.0	48
1305	26	22051	1	just_check_hum	1	s_to_ş	1	1	0.1586870700120926	0.1586870700120926	46.0	46
1306	26	11002	1	removed_sentence_hum	1	e_to_ē	1	1	0.1585420817136764	0.1585420817136764	46.0	46
1307	26	32285	1	original_hum	1	e_to_ē	1	1	0.1581179499626159	0.1581179499626159	46.0	46
1308	26	22831	1	paraphrase_hum	1	ascii_original	1	1	0.1576042622327804	0.1576042622327804	44.0	44
1309	26	9884	1	just_check_hum	1	s_to_ş	1	1	0.1575462073087692	0.1575462073087692	47.0	47
1310	26	32258	1	removed_sentence_hum	1	e_to_ē	1	1	0.1573995351791381	0.1573995351791381	49.0	49
1311	26	10877	1	paraphrase_hum	1	s_to_ṡ	1	1	0.1573947072029113	0.1573947072029113	48.0	48
1312	26	18843	1	original_hum	1	random_readable_unicode_control	1	1	0.1573521047830581	0.1573521047830581	42.0	42
1313	26	18040	1	removed_sentence_hum	1	s_to_ṡ	1	1	0.1572411358356475	0.1572411358356475	27.0	27
1314	26	30866	1	just_check_hum	1	s_to_ş	1	1	0.1571964025497436	0.1571964025497436	48.0	48
1315	26	23474	1	removed_sentence_hum	1	e_to_ē	1	1	0.1571146100759506	0.1571146100759506	48.0	48
1316	26	19423	1	original_hum	1	s_to_ṡ	1	1	0.1565952003002166	0.1565952003002166	34.0	34
1317	26	66	1	just_check_hum	1	random_readable_unicode_control	1	1	0.1565748453140258	0.1565748453140258	45.0	45
1318	26	6884	1	just_check_hum	1	e_to_ē	1	1	0.1563800573348999	0.1563800573348999	49.0	49
1319	26	27133	1	just_check_hum	1	s_to_ṡ	1	1	0.1563640683889389	0.1563640683889389	37.0	37
1320	26	6868	1	removed_sentence_hum	1	ascii_original	1	1	0.1561700999736786	0.1561700999736786	48.0	48
1321	26	17983	1	yes_no_hum	1	ascii_original	1	1	0.1559905558824539	0.1559905558824539	48.0	48
1322	26	11499	1	just_check_hum	1	s_to_ṡ	1	1	0.1559100449085235	0.1559100449085235	38.0	38
1323	26	4468	1	original_hum	1	s_to_ş	1	1	0.1555469334125518	0.1555469334125518	28.0	28
1324	26	1987	1	yes_no_hum	1	random_readable_unicode_control	1	1	0.155508741736412	0.155508741736412	45.0	45
1325	26	7902	1	yes_no_hum	1	s_to_ş	1	1	0.1549356281757354	0.1549356281757354	46.0	46
1326	26	28342	1	yes_no_hum	1	s_to_ṡ	1	1	0.1547930538654327	0.1547930538654327	43.0	43
1327	26	25228	1	original_hum	1	ascii_original	1	1	0.1547813415527343	0.1547813415527343	45.0	45
1328	26	3418	1	removed_sentence_hum	1	ascii_original	1	1	0.1546320915222168	0.1546320915222168	44.0	44
1329	26	11617	1	yes_no_hum	1	s_to_ş	1	1	0.1544115841388702	0.1544115841388702	43.0	43
1330	26	31616	1	original_hum	1	s_to_ş	1	1	0.1543800383806228	0.1543800383806228	40.0	40
1331	26	28768	1	removed_sentence_hum	1	e_to_ē	1	1	0.154231995344162	0.154231995344162	44.0	44
1332	26	8313	1	yes_no_hum	1	s_to_ṡ	1	1	0.1539580225944519	0.1539580225944519	46.0	46
1333	26	26199	1	removed_sentence_hum	1	random_readable_unicode_control	1	1	0.1537913382053375	0.1537913382053375	36.0	36
1334	26	27571	1	just_check_hum	1	e_to_ē	1	1	0.1536194086074829	0.1536194086074829	34.0	34
1335	26	12810	1	just_check_hum	1	s_to_ṡ	1	1	0.1535888314247131	0.1535888314247131	46.0	46
1336	26	28431	1	just_check_hum	1	s_to_ṡ	1	1	0.1533366441726684	0.1533366441726684	47.0	47
1337	26	17893	1	just_check_hum	1	random_readable_unicode_control	1	1	0.1532623320817947	0.1532623320817947	48.0	48
1338	26	557	1	original_hum	1	d_to_ḑ	1	1	0.1530026793479919	0.1530026793479919	35.0	35
1339	26	5940	1	yes_no_hum	1	s_to_ş	1	1	0.1529377847909927	0.1529377847909927	48.0	48
1340	26	923	1	just_check_hum	1	e_to_ē	1	1	0.1525399684906005	0.1525399684906005	36.0	36
1341	26	29882	1	just_check_hum	1	random_readable_unicode_control	1	1	0.1525201350450515	0.1525201350450515	49.0	49
1342	26	11297	1	yes_no_hum	1	e_to_ē	1	1	0.152405247092247	0.152405247092247	50.0	50
1343	26	23407	1	yes_no_hum	1	s_to_ṡ	1	1	0.152244746685028	0.152244746685028	48.0	48
1344	26	5593	1	yes_no_hum	1	s_to_ṡ	1	1	0.1520574390888214	0.1520574390888214	35.0	35
1345	26	29170	1	just_check_hum	1	s_to_ş	1	1	0.1515180170536041	0.1515180170536041	44.0	44
1346	26	2180	1	paraphrase_hum	1	s_to_ṡ	1	1	0.1514610946178436	0.1514610946178436	46.0	46
1347	26	16938	1	just_check_hum	1	e_to_ē	1	1	0.1514585763216018	0.1514585763216018	40.0	40
1348	26	16265	1	yes_no_hum	1	s_to_ṡ	1	1	0.1511976718902588	0.1511976718902588	46.0	46
1349	26	30250	1	paraphrase_hum	1	random_readable_unicode_control	1	1	0.1509749889373779	0.1509749889373779	47.0	47
1350	26	12762	1	yes_no_hum	1	s_to_ṡ	1	1	0.1503587514162063	0.1503587514162063	50.0	50
1351	26	31547	1	yes_no_hum	1	s_to_ṡ	1	1	0.1496211439371109	0.1496211439371109	41.0	41
1352	26	31264	1	just_check_hum	1	s_to_ş	1	1	0.1491299867630005	0.1491299867630005	47.0	47
1353	26	989	1	original_hum	1	s_to_ş	1	1	0.1487128585577011	0.1487128585577011	34.0	34
1354	26	13902	1	just_check_hum	1	s_to_ṡ	1	1	0.148398071527481	0.148398071527481	42.0	42
1355	26	3332	1	paraphrase_hum	1	s_to_ş	1	1	0.1477948427200317	0.1477948427200317	34.0	34
1356	26	12778	1	removed_sentence_hum	1	s_to_ṡ	1	1	0.1477089524269104	0.1477089524269104	33.0	33
1357	26	14653	1	paraphrase_hum	1	s_to_ş	1	1	0.1468942314386367	0.1468942314386367	36.0	36
1358	26	31575	1	removed_sentence_hum	1	random_readable_unicode_control	1	1	0.1463145017623901	0.1463145017623901	40.0	40
1359	26	808	1	removed_sentence_hum	1	s_to_ş	1	1	0.146291434764862	0.146291434764862	33.0	33
1360	26	30989	1	original_hum	1	s_to_ṡ	1	1	0.1462874412536621	0.1462874412536621	34.0	34
1361	26	22513	1	removed_sentence_hum	1	s_to_ş	1	1	0.1462316513061523	0.1462316513061523	46.0	46
1362	26	15084	1	just_check_hum	1	s_to_ṡ	1	1	0.1460759937763214	0.1460759937763214	45.0	45
1363	26	11652	1	original_hum	1	s_to_ş	1	1	0.1459788233041763	0.1459788233041763	38.0	38
1364	26	30166	1	just_check_hum	1	ascii_original	1	1	0.1452961266040802	0.1452961266040802	42.0	42
1365	26	27606	1	original_hum	1	d_to_ḑ	1	1	0.1451161056756973	0.1451161056756973	38.0	38
1366	26	2649	1	removed_sentence_hum	1	random_readable_unicode_control	1	1	0.1450468748807907	0.1450468748807907	41.0	41
1367	26	20176	1	just_check_hum	1	e_to_ē	1	1	0.1450238823890686	0.1450238823890686	44.0	44
1368	26	15489	1	removed_sentence_hum	1	random_readable_unicode_control	1	1	0.1440562158823013	0.1440562158823013	42.0	42
1369	26	3449	1	original_hum	1	s_to_ṡ	1	1	0.1434159725904464	0.1434159725904464	37.0	37
1370	26	918	1	just_check_hum	1	d_to_ḑ	1	1	0.1433720290660858	0.1433720290660858	50.0	50
1371	26	1880	1	original_hum	1	s_to_ş	1	1	0.1433432102203369	0.1433432102203369	42.0	42
1372	26	17276	1	paraphrase_hum	1	d_to_ḑ	1	1	0.1433036476373672	0.1433036476373672	49.0	49
1373	26	3805	1	original_hum	1	e_to_ē	1	1	0.142850637435913	0.142850637435913	50.0	50
1374	26	28298	1	yes_no_hum	1	s_to_ṡ	1	1	0.1427283883094787	0.1427283883094787	49.0	49
1375	26	27543	1	original_hum	1	s_to_ş	1	1	0.1414510458707809	0.1414510458707809	44.0	44
1376	26	25375	1	removed_sentence_hum	1	s_to_ṡ	1	1	0.1400603950023651	0.1400603950023651	41.0	41
1377	26	5972	1	removed_sentence_hum	1	random_readable_unicode_control	1	1	0.1393257975578308	0.1393257975578308	45.0	45
1378	26	14178	1	original_hum	1	s_to_ş	1	1	0.1390946805477142	0.1390946805477142	45.0	45
1379	26	856	1	just_check_hum	1	e_to_ē	1	1	0.1384317725896835	0.1384317725896835	48.0	48
1380	26	18453	1	just_check_hum	1	e_to_ē	1	1	0.1384194791316986	0.1384194791316986	42.0	42
1381	26	405	1	just_check_hum	1	e_to_ē	1	1	0.1381168663501739	0.1381168663501739	43.0	43
1382	26	8217	1	just_check_hum	1	e_to_ē	1	1	0.1380607485771179	0.1380607485771179	44.0	44
1383	26	12593	1	removed_sentence_hum	1	s_to_ṡ	1	1	0.1377816498279571	0.1377816498279571	45.0	45
1384	26	19983	1	just_check_hum	1	e_to_ē	1	1	0.1376000046730041	0.1376000046730041	45.0	45
1385	26	21350	1	original_hum	1	d_to_ḑ	1	1	0.1375304907560348	0.1375304907560348	46.0	46
1386	26	11266	1	removed_sentence_hum	1	d_to_ḑ	1	1	0.1375247091054916	0.1375247091054916	48.0	48
1387	26	26954	1	just_check_hum	1	ascii_original	1	1	0.1372693479061126	0.1372693479061126	47.0	47
1388	26	16125	1	original_hum	1	s_to_ṡ	1	1	0.1370636373758316	0.1370636373758316	44.0	44
1389	26	16056	1	just_check_hum	1	e_to_ē	1	1	0.1360808610916137	0.1360808610916137	48.0	48
1390	26	27318	1	removed_sentence_hum	1	random_readable_unicode_control	1	1	0.1353996396064758	0.1353996396064758	46.0	46
1391	26	5904	1	removed_sentence_hum	1	random_readable_unicode_control	1	1	0.1352452784776687	0.1352452784776687	47.0	47
1392	26	19243	1	original_hum	1	s_to_ṡ	1	1	0.1347436010837555	0.1347436010837555	48.0	48
1393	26	8052	1	just_check_hum	1	e_to_ē	1	1	0.1345153152942657	0.1345153152942657	49.0	49
1394	26	6316	1	just_check_hum	1	e_to_ē	1	1	0.1340300440788269	0.1340300440788269	50.0	50
1395	26	4417	1	removed_sentence_hum	1	s_to_ş	1	1	0.1339860558509826	0.1339860558509826	38.0	38
1396	26	9538	1	original_hum	1	s_to_ş	1	1	0.1331873387098312	0.1331873387098312	46.0	46
1397	26	4039	1	original_hum	1	s_to_ṡ	1	1	0.1326317191123962	0.1326317191123962	49.0	49
1398	26	29190	1	original_hum	1	e_to_ē	1	1	0.1319630742073059	0.1319630742073059	42.0	42
1399	26	17019	1	original_hum	1	s_to_ş	1	1	0.1319036036729812	0.1319036036729812	47.0	47
1400	26	9084	1	removed_sentence_hum	1	random_readable_unicode_control	1	1	0.1317275166511535	0.1317275166511535	50.0	50
1401	26	25210	1	removed_sentence_hum	1	s_to_ṡ	1	1	0.1311805695295334	0.1311805695295334	49.0	49
1402	26	20330	1	original_hum	1	d_to_ḑ	1	1	0.1297337114810943	0.1297337114810943	50.0	50
1403	26	13883	1	removed_sentence_hum	1	s_to_ş	1	1	0.1296432167291641	0.1296432167291641	42.0	42
1404	26	22985	1	removed_sentence_hum	1	e_to_ē	1	1	0.1266341805458068	0.1266341805458068	49.0	49
1405	26	2132	1	removed_sentence_hum	1	s_to_ş	1	1	0.1261957883834839	0.1261957883834839	45.0	45
1406	26	8979	1	removed_sentence_hum	1	s_to_ş	1	1	0.1259875893592834	0.1259875893592834	47.0	47
1407	26	16460	1	original_hum	1	e_to_ē	1	1	0.1254180669784546	0.1254180669784546	49.0	49
1408	26	29434	1	removed_sentence_hum	1	s_to_ş	1	1	0.125075101852417	0.125075101852417	48.0	48
1409	26	5802	1	yes_no_hum	1	s_to_ṡ	1	1	0.122140422463417	0.122140422463417	49.0	49
