distinction_rank	feature_id	consistent_distinction_flag	handled_control_count	handled_controls_observed	handled_controls_with_presence_shift	handled_controls_with_large_abs_delta	family_count_with_any_row	family_count_with_presence_shift	families_observed	position_count_with_any_row	position_count_with_presence_shift	positions_observed	comparison_rows	mean_abs_delta	max_abs_delta	mean_signed_delta	presence_shift_count	ascii_only_count	perturbation_only_count	both_present_count	large_abs_delta_count
1	0	0	2	e_to_ē,s_to_ş	2	2	1	1	yes_no_hum	1	1	final_prompt_token_minus_5	2	0.1691462397575378	0.1691462397575378	-0.1691462397575378	2	2	0	0	2
2	17	1	2	e_to_ē,s_to_ş	2	2	3	3	just_check_hum,original_hum,removed_sentence_hum	2	2	final_prompt_token_minus_1,final_prompt_token_minus_2	7	0.12379556042807438	0.1820037961006164	-0.07417098964963638	5	4	1	2	5
3	75	1	2	e_to_ē,s_to_ş	2	2	4	4	just_check_hum,original_hum,removed_sentence_hum,yes_no_hum	2	2	final_prompt_token_minus_10,final_prompt_token_minus_5	6	0.3002838517228762	0.3567695617675781	-0.17165424178044	6	4	2	0	6
4	124	0	2	e_to_ē,s_to_ş	1	1	1	1	yes_no_hum	3	1	final_prompt_token,final_prompt_token_minus_1,final_prompt_token_minus_2	6	0.0695497021079063	0.1691097766160965	-0.0695497021079063	1	1	0	5	1
5	234	1	2	e_to_ē,s_to_ş	2	2	2	2	original_hum,removed_sentence_hum	1	1	final_prompt_token_minus_5	4	0.151113212108612	0.1520086228847503	-0.151113212108612	4	4	0	0	4
6	271	1	2	e_to_ē,s_to_ş	2	2	4	4	original_hum,paraphrase_hum,removed_sentence_hum,yes_no_hum	2	2	final_prompt_token_minus_2,final_prompt_token_minus_5	5	0.2301583468914032	0.3420334160327911	0.1692885398864746	4	1	3	1	4
7	343	0	2	e_to_ē,s_to_ş	0	2	1	0	yes_no_hum	1	0	final_prompt_token_minus_2	2	0.16273018717765805	0.1744711101055145	-0.16273018717765805	0	0	0	2	2
8	380	1	2	e_to_ē,s_to_ş	2	2	2	2	original_hum,removed_sentence_hum	2	2	final_prompt_token_minus_10,final_prompt_token_minus_5	6	0.2085686723391215	0.286210298538208	-0.02529406547546385	6	4	2	0	6
9	399	0	1	s_to_ş	1	1	2	2	original_hum,removed_sentence_hum	1	1	final_prompt_token_minus_5	2	0.21608747541904444	0.2162377536296844	0.21608747541904444	2	0	2	0	2
10	405	0	1	e_to_ē	1	1	1	1	just_check_hum	1	1	final_prompt_token_minus_10	1	0.1381168663501739	0.1381168663501739	0.1381168663501739	1	0	1	0	1
11	428	1	2	e_to_ē,s_to_ş	2	2	2	2	original_hum,removed_sentence_hum	1	1	final_prompt_token_minus_10	4	0.27095170319080353	0.3040961623191833	-0.27095170319080353	4	4	0	0	4
12	471	0	1	s_to_ş	1	1	1	1	just_check_hum	1	1	final_prompt_token_minus_10	1	0.1660859882831573	0.1660859882831573	0.1660859882831573	1	0	1	0	1
13	478	0	2	e_to_ē,s_to_ş	2	2	1	1	paraphrase_hum	1	1	final_prompt_token_minus_5	2	0.2025828659534454	0.2025828659534454	-0.2025828659534454	2	2	0	0	2
14	512	0	1	e_to_ē	1	1	1	1	yes_no_hum	1	1	final_prompt_token_minus_1	1	0.1668312847614288	0.1668312847614288	0.1668312847614288	1	0	1	0	1
15	522	0	1	s_to_ş	1	1	1	1	paraphrase_hum	1	1	final_prompt_token_minus_10	1	0.1722847074270248	0.1722847074270248	0.1722847074270248	1	0	1	0	1
16	528	0	1	s_to_ş	1	1	1	1	just_check_hum	1	1	final_prompt_token	1	0.177544355392456	0.177544355392456	0.177544355392456	1	0	1	0	1
17	576	0	1	s_to_ş	1	1	1	1	paraphrase_hum	1	1	final_prompt_token_minus_5	1	0.2065824419260025	0.2065824419260025	0.2065824419260025	1	0	1	0	1
18	599	0	2	e_to_ē,s_to_ş	2	2	3	1	original_hum,paraphrase_hum,removed_sentence_hum	1	1	final_prompt_token	6	0.09432499855756753	0.1719380170106887	-0.09432499855756753	2	2	0	4	2
19	605	0	2	e_to_ē,s_to_ş	2	2	1	1	yes_no_hum	1	1	final_prompt_token_minus_1	2	0.167793333530426	0.167793333530426	-0.167793333530426	2	2	0	0	2
20	633	0	1	s_to_ş	1	1	1	1	yes_no_hum	1	1	final_prompt_token	1	0.1681815087795257	0.1681815087795257	0.1681815087795257	1	0	1	0	1
21	677	1	2	e_to_ē,s_to_ş	2	2	5	3	just_check_hum,original_hum,paraphrase_hum,removed_sentence_hum,yes_no_hum	2	1	final_prompt_token_minus_10,final_prompt_token_minus_5	9	0.2923743360572391	0.5422979593276978	-0.2045366863409678	5	4	1	4	6
22	701	0	2	e_to_ē,s_to_ş	2	2	1	1	paraphrase_hum	1	1	final_prompt_token_minus_10	2	0.2794904112815857	0.2794904112815857	-0.2794904112815857	2	2	0	0	2
23	704	1	2	e_to_ē,s_to_ş	2	2	5	5	just_check_hum,original_hum,paraphrase_hum,removed_sentence_hum,yes_no_hum	4	4	final_prompt_token,final_prompt_token_minus_1,final_prompt_token_minus_10,final_prompt_token_minus_5	22	0.21028875762766053	0.4263951480388641	-0.1367134235121987	17	13	4	5	17
24	732	0	1	e_to_ē	1	1	1	1	just_check_hum	1	1	final_prompt_token_minus_10	1	0.1791228055953979	0.1791228055953979	0.1791228055953979	1	0	1	0	1
25	741	1	2	e_to_ē,s_to_ş	2	2	2	2	original_hum,removed_sentence_hum	1	1	final_prompt_token_minus_2	4	0.22003629803657532	0.2263081222772598	-0.22003629803657532	4	4	0	0	4
26	771	1	2	e_to_ē,s_to_ş	2	2	3	3	just_check_hum,paraphrase_hum,yes_no_hum	1	1	final_prompt_token_minus_10	6	0.31190982460975647	0.3361283838748932	-0.31190982460975647	6	6	0	0	6
27	799	1	2	e_to_ē,s_to_ş	2	2	3	3	just_check_hum,original_hum,removed_sentence_hum	3	2	final_prompt_token,final_prompt_token_minus_1,final_prompt_token_minus_2	13	0.31231780694081235	0.6679169535636902	0.030729986154116134	5	0	5	8	12
28	805	1	2	e_to_ē,s_to_ş	2	2	3	3	just_check_hum,original_hum,removed_sentence_hum	2	2	final_prompt_token_minus_10,final_prompt_token_minus_5	5	0.31110467910766604	0.3397583961486816	-0.17520132064819335	5	4	1	0	5
29	808	0	1	s_to_ş	1	1	1	1	removed_sentence_hum	1	1	final_prompt_token_minus_10	1	0.146291434764862	0.146291434764862	0.146291434764862	1	0	1	0	1
30	856	0	1	e_to_ē	1	1	1	1	just_check_hum	1	1	final_prompt_token_minus_2	1	0.1384317725896835	0.1384317725896835	0.1384317725896835	1	0	1	0	1
31	892	1	2	e_to_ē,s_to_ş	2	2	3	3	original_hum,removed_sentence_hum,yes_no_hum	2	2	final_prompt_token_minus_1,final_prompt_token_minus_5	4	0.14262775331735605	0.2232536673545837	0.06058218330144881	3	1	2	1	3
32	912	0	2	e_to_ē,s_to_ş	2	2	1	1	just_check_hum	1	1	final_prompt_token_minus_10	2	0.4056170582771301	0.4056170582771301	-0.4056170582771301	2	2	0	0	2
33	914	0	1	s_to_ş	1	1	1	1	just_check_hum	1	1	final_prompt_token_minus_10	1	0.2148417979478836	0.2148417979478836	0.2148417979478836	1	0	1	0	1
34	923	0	1	e_to_ē	1	1	1	1	just_check_hum	1	1	final_prompt_token_minus_10	1	0.1525399684906005	0.1525399684906005	0.1525399684906005	1	0	1	0	1
35	979	0	2	e_to_ē,s_to_ş	2	2	1	1	yes_no_hum	1	1	final_prompt_token_minus_10	2	0.2128607183694839	0.2128607183694839	-0.2128607183694839	2	2	0	0	2
36	989	0	1	s_to_ş	1	1	1	1	original_hum	1	1	final_prompt_token_minus_10	1	0.1487128585577011	0.1487128585577011	0.1487128585577011	1	0	1	0	1
37	1049	0	1	s_to_ş	1	1	1	1	just_check_hum	1	1	final_prompt_token_minus_1	1	0.1592749059200287	0.1592749059200287	0.1592749059200287	1	0	1	0	1
38	1160	1	2	e_to_ē,s_to_ş	2	2	2	2	just_check_hum,yes_no_hum	3	3	final_prompt_token,final_prompt_token_minus_1,final_prompt_token_minus_2	6	0.13277172048886615	0.2228938341140747	0.02029991149902342	4	2	2	2	4
39	1167	0	2	e_to_ē,s_to_ş	0	0	1	0	paraphrase_hum	1	0	final_prompt_token_minus_1	2	0.09110738337039945	0.096021831035614	-0.09110738337039945	0	0	0	2	0
40	1205	1	2	e_to_ē,s_to_ş	2	2	2	2	original_hum,removed_sentence_hum	1	1	final_prompt_token_minus_10	4	0.22109541296958918	0.2306975722312927	-0.22109541296958918	4	4	0	0	4
41	1206	1	2	e_to_ē,s_to_ş	2	2	3	3	just_check_hum,paraphrase_hum,yes_no_hum	2	2	final_prompt_token_minus_10,final_prompt_token_minus_5	6	0.2684178551038106	0.3786318302154541	-0.0680576960245768	5	3	2	1	5
42	1238	0	1	e_to_ē	1	1	1	1	just_check_hum	1	1	final_prompt_token_minus_1	1	0.157937154173851	0.157937154173851	0.157937154173851	1	0	1	0	1
43	1242	0	1	e_to_ē	1	1	4	4	just_check_hum,original_hum,removed_sentence_hum,yes_no_hum	1	1	final_prompt_token	4	0.18076124042272565	0.2275518178939819	0.18076124042272565	4	0	4	0	4
44	1252	0	1	e_to_ē	1	1	1	1	just_check_hum	2	2	final_prompt_token_minus_10,final_prompt_token_minus_2	2	0.14863532781600947	0.152394413948059	0.14863532781600947	2	0	2	0	2
45	1277	1	2	e_to_ē,s_to_ş	2	2	2	2	original_hum,removed_sentence_hum	1	1	final_prompt_token_minus_5	4	0.16548305749893183	0.1740624755620956	-0.16548305749893183	4	4	0	0	4
46	1396	0	1	s_to_ş	1	1	2	2	original_hum,removed_sentence_hum	1	1	final_prompt_token_minus_2	2	0.17797926813364023	0.1832343339920044	0.17797926813364023	2	0	2	0	2
47	1408	1	2	e_to_ē,s_to_ş	2	2	4	4	just_check_hum,original_hum,paraphrase_hum,removed_sentence_hum	2	2	final_prompt_token_minus_10,final_prompt_token_minus_2	6	0.4921125570933024	0.5688717365264893	0.4921125570933024	6	0	6	0	6
48	1438	1	2	e_to_ē,s_to_ş	2	2	5	5	just_check_hum,original_hum,paraphrase_hum,removed_sentence_hum,yes_no_hum	4	4	final_prompt_token_minus_1,final_prompt_token_minus_10,final_prompt_token_minus_2,final_prompt_token_minus_5	7	0.1829580302749361	0.2213817983865738	0.1829580302749361	7	0	7	0	7
49	1464	0	2	e_to_ē,s_to_ş	1	1	3	3	original_hum,paraphrase_hum,removed_sentence_hum	2	2	final_prompt_token_minus_10,final_prompt_token_minus_2	4	0.24230264127254486	0.4001563489437103	0.15646442770957947	3	1	2	1	3
50	1510	1	2	e_to_ē,s_to_ş	2	2	2	2	just_check_hum,paraphrase_hum	2	2	final_prompt_token_minus_1,final_prompt_token_minus_5	3	0.19200286765893296	0.2079192996025085	-0.08522286514441169	3	2	1	0	3
51	1551	0	1	e_to_ē	1	1	1	1	yes_no_hum	1	1	final_prompt_token_minus_1	1	0.1943762302398681	0.1943762302398681	0.1943762302398681	1	0	1	0	1
52	1579	1	2	e_to_ē,s_to_ş	2	2	2	2	paraphrase_hum,yes_no_hum	4	4	final_prompt_token,final_prompt_token_minus_1,final_prompt_token_minus_2,final_prompt_token_minus_5	7	0.15324485940592628	0.2486801147460937	0.15029754596097125	5	0	5	2	5
53	1626	1	2	e_to_ē,s_to_ş	2	2	5	3	just_check_hum,original_hum,paraphrase_hum,removed_sentence_hum,yes_no_hum	2	2	final_prompt_token,final_prompt_token_minus_5	13	0.1430069185220278	0.3226480484008789	-0.07902965866602384	4	3	1	9	6
54	1631	0	2	e_to_ē,s_to_ş	0	2	1	0	yes_no_hum	2	0	final_prompt_token_minus_1,final_prompt_token_minus_2	4	0.11062061041593547	0.1970063745975494	0.08580570667982097	0	0	0	4	2
55	1659	1	2	e_to_ē,s_to_ş	2	2	3	2	just_check_hum,original_hum,removed_sentence_hum	2	2	final_prompt_token_minus_1,final_prompt_token_minus_2	8	0.10005109384655947	0.188469648361206	-0.08373314514756203	4	4	0	4	4
56	1711	1	2	e_to_ē,s_to_ş	2	2	5	5	just_check_hum,original_hum,paraphrase_hum,removed_sentence_hum,yes_no_hum	3	3	final_prompt_token_minus_10,final_prompt_token_minus_2,final_prompt_token_minus_5	7	0.4037983076913016	0.6302932500839233	0.4037983076913016	7	0	7	0	7
57	1740	0	1	s_to_ş	1	1	2	2	just_check_hum,paraphrase_hum	2	2	final_prompt_token_minus_10,final_prompt_token_minus_2	2	0.17482590675353998	0.1979709565639495	0.17482590675353998	2	0	2	0	2
58	1744	1	2	e_to_ē,s_to_ş	2	2	2	2	paraphrase_hum,yes_no_hum	2	2	final_prompt_token_minus_1,final_prompt_token_minus_5	4	0.20225287228822703	0.2415824979543686	-0.20225287228822703	4	4	0	0	4
59	1755	0	1	s_to_ş	1	1	1	1	yes_no_hum	1	1	final_prompt_token_minus_2	1	0.1937790364027023	0.1937790364027023	0.1937790364027023	1	0	1	0	1
60	1777	0	2	e_to_ē,s_to_ş	2	2	1	1	paraphrase_hum	1	1	final_prompt_token_minus_2	2	0.2139578908681869	0.2139578908681869	-0.2139578908681869	2	2	0	0	2
61	1788	0	2	e_to_ē,s_to_ş	2	2	1	1	just_check_hum	1	1	final_prompt_token_minus_10	2	0.2756829261779785	0.2756829261779785	-0.2756829261779785	2	2	0	0	2
62	1822	0	2	e_to_ē,s_to_ş	2	2	1	1	just_check_hum	1	1	final_prompt_token_minus_2	2	0.1463836133480072	0.1463836133480072	-0.1463836133480072	2	2	0	0	2
63	1844	0	2	e_to_ē,s_to_ş	1	1	3	2	just_check_hum,paraphrase_hum,yes_no_hum	2	1	final_prompt_token_minus_1,final_prompt_token_minus_10	4	0.13726750761270518	0.2700079381465912	0.13726750761270518	2	0	2	2	2
64	1877	0	1	s_to_ş	1	1	1	1	just_check_hum	1	1	final_prompt_token_minus_10	1	0.1889025568962097	0.1889025568962097	0.1889025568962097	1	0	1	0	1
65	1880	0	1	s_to_ş	1	1	1	1	original_hum	1	1	final_prompt_token_minus_10	1	0.1433432102203369	0.1433432102203369	0.1433432102203369	1	0	1	0	1
66	1929	0	1	e_to_ē	1	1	2	2	just_check_hum,paraphrase_hum	1	1	final_prompt_token_minus_10	2	0.15560133010149002	0.1722241640090942	0.15560133010149002	2	0	2	0	2
67	1930	1	2	e_to_ē,s_to_ş	2	2	4	4	just_check_hum,original_hum,paraphrase_hum,yes_no_hum	1	1	final_prompt_token_minus_10	8	0.34116339683532715	0.5232142806053162	-0.34116339683532715	8	8	0	0	8
68	1953	1	2	e_to_ē,s_to_ş	2	2	5	5	just_check_hum,original_hum,paraphrase_hum,removed_sentence_hum,yes_no_hum	4	4	final_prompt_token_minus_1,final_prompt_token_minus_10,final_prompt_token_minus_2,final_prompt_token_minus_5	28	0.3876570181122848	1.1684224605560305	0.3498424350150994	28	2	26	0	28
69	1955	0	1	s_to_ş	1	1	2	2	original_hum,removed_sentence_hum	1	1	final_prompt_token_minus_5	2	0.19174392521381375	0.1938493549823761	0.19174392521381375	2	0	2	0	2
70	1959	0	2	e_to_ē,s_to_ş	2	2	1	1	yes_no_hum	1	1	final_prompt_token_minus_1	2	0.2145965993404388	0.2145965993404388	-0.2145965993404388	2	2	0	0	2
71	1965	0	1	e_to_ē	1	1	2	2	just_check_hum,paraphrase_hum	1	1	final_prompt_token_minus_10	2	0.1700850427150726	0.1753931045532226	0.1700850427150726	2	0	2	0	2
72	1984	1	2	e_to_ē,s_to_ş	2	2	4	4	just_check_hum,original_hum,removed_sentence_hum,yes_no_hum	3	3	final_prompt_token_minus_10,final_prompt_token_minus_2,final_prompt_token_minus_5	8	0.3493974730372429	0.4568309485912323	-0.3493974730372429	8	8	0	0	8
73	1999	0	1	e_to_ē	1	1	2	2	original_hum,removed_sentence_hum	1	1	final_prompt_token_minus_10	2	0.1772108674049377	0.1821007281541824	0.1772108674049377	2	0	2	0	2
74	2005	0	1	s_to_ş	1	1	1	1	paraphrase_hum	1	1	final_prompt_token_minus_2	1	0.1880460828542709	0.1880460828542709	0.1880460828542709	1	0	1	0	1
75	2126	1	2	e_to_ē,s_to_ş	2	2	3	3	just_check_hum,original_hum,removed_sentence_hum	2	2	final_prompt_token_minus_10,final_prompt_token_minus_2	3	0.2604120175043741	0.2771537005901336	0.2604120175043741	3	0	3	0	3
76	2132	0	1	s_to_ş	1	1	1	1	removed_sentence_hum	1	1	final_prompt_token_minus_10	1	0.1261957883834839	0.1261957883834839	0.1261957883834839	1	0	1	0	1
77	2136	0	1	e_to_ē	1	1	1	1	paraphrase_hum	1	1	final_prompt_token_minus_10	1	0.1781168580055236	0.1781168580055236	0.1781168580055236	1	0	1	0	1
78	2182	0	1	s_to_ş	1	1	1	1	just_check_hum	1	1	final_prompt_token_minus_10	1	0.1951388269662857	0.1951388269662857	0.1951388269662857	1	0	1	0	1
79	2204	1	2	e_to_ē,s_to_ş	2	2	2	2	original_hum,removed_sentence_hum	1	1	final_prompt_token_minus_2	4	0.2062723040580749	0.2084182202816009	-0.2062723040580749	4	4	0	0	4
80	2228	1	2	e_to_ē,s_to_ş	2	2	3	3	just_check_hum,original_hum,removed_sentence_hum	2	2	final_prompt_token_minus_10,final_prompt_token_minus_5	5	0.2851448357105255	0.3124124407768249	-0.20536338686943054	5	4	1	0	5
81	2256	1	2	e_to_ē,s_to_ş	2	2	3	2	just_check_hum,paraphrase_hum,yes_no_hum	2	2	final_prompt_token_minus_10,final_prompt_token_minus_5	9	0.17810639407899642	0.3129851520061493	-0.1323529150750902	6	5	1	3	6
82	2275	0	1	e_to_ē	1	1	1	1	paraphrase_hum	1	1	final_prompt_token	1	0.1694041937589645	0.1694041937589645	0.1694041937589645	1	0	1	0	1
83	2276	1	2	e_to_ē,s_to_ş	2	2	2	2	original_hum,yes_no_hum	1	1	final_prompt_token	3	0.17889432112375894	0.1938369870185852	0.17889432112375894	3	0	3	0	3
84	2288	0	1	s_to_ş	1	1	1	1	removed_sentence_hum	1	1	final_prompt_token_minus_2	1	0.1647868454456329	0.1647868454456329	0.1647868454456329	1	0	1	0	1
85	2306	0	1	e_to_ē	1	1	1	1	just_check_hum	1	1	final_prompt_token_minus_2	1	0.1370949149131775	0.1370949149131775	0.1370949149131775	1	0	1	0	1
86	2324	0	1	e_to_ē	1	1	1	1	original_hum	1	1	final_prompt_token_minus_10	1	0.1587260216474533	0.1587260216474533	0.1587260216474533	1	0	1	0	1
87	2384	0	2	e_to_ē,s_to_ş	2	2	1	1	just_check_hum	1	1	final_prompt_token	2	0.180101677775383	0.180101677775383	-0.180101677775383	2	2	0	0	2
88	2387	0	1	s_to_ş	1	1	1	1	paraphrase_hum	1	1	final_prompt_token_minus_1	1	0.2013000249862671	0.2013000249862671	0.2013000249862671	1	0	1	0	1
89	2429	1	2	e_to_ē,s_to_ş	2	2	1	1	yes_no_hum	3	3	final_prompt_token,final_prompt_token_minus_1,final_prompt_token_minus_2	6	0.1238151888052622	0.1720137298107147	-0.10513986150423682	4	4	0	2	4
90	2430	1	2	e_to_ē,s_to_ş	2	2	3	3	just_check_hum,original_hum,removed_sentence_hum	2	2	final_prompt_token_minus_10,final_prompt_token_minus_5	5	0.3078717589378357	0.3507775366306305	-0.22363296747207642	5	4	1	0	5
91	2438	0	1	e_to_ē	1	1	1	1	just_check_hum	1	1	final_prompt_token_minus_2	1	0.1576215326786041	0.1576215326786041	0.1576215326786041	1	0	1	0	1
92	2468	0	2	e_to_ē,s_to_ş	2	2	1	1	yes_no_hum	1	1	final_prompt_token_minus_10	2	0.2147857695817947	0.2147857695817947	-0.2147857695817947	2	2	0	0	2
93	2530	0	1	s_to_ş	1	1	1	1	just_check_hum	1	1	final_prompt_token_minus_5	1	0.2270155847072601	0.2270155847072601	0.2270155847072601	1	0	1	0	1
94	2547	1	2	e_to_ē,s_to_ş	2	2	2	2	original_hum,removed_sentence_hum	1	1	final_prompt_token_minus_5	4	0.16464741528034205	0.1721446961164474	-0.16464741528034205	4	4	0	0	4
95	2555	0	1	e_to_ē	1	1	3	3	just_check_hum,original_hum,removed_sentence_hum	1	1	final_prompt_token_minus_2	3	0.18730615576108292	0.2359037101268768	0.18730615576108292	3	0	3	0	3
96	2566	0	2	e_to_ē,s_to_ş	2	2	1	1	yes_no_hum	1	1	final_prompt_token_minus_5	2	0.1694939583539962	0.1694939583539962	-0.1694939583539962	2	2	0	0	2
97	2567	0	2	e_to_ē,s_to_ş	2	2	1	1	original_hum	1	1	final_prompt_token_minus_10	2	0.2011487185955047	0.2011487185955047	-0.2011487185955047	2	2	0	0	2
98	2568	0	1	s_to_ş	1	1	1	1	yes_no_hum	1	1	final_prompt_token_minus_10	1	0.2506904006004333	0.2506904006004333	0.2506904006004333	1	0	1	0	1
99	2580	0	1	e_to_ē	1	1	1	1	just_check_hum	1	1	final_prompt_token_minus_5	1	0.2383721768856048	0.2383721768856048	0.2383721768856048	1	0	1	0	1
100	2601	0	1	e_to_ē	1	1	1	1	paraphrase_hum	1	1	final_prompt_token_minus_1	1	0.1932177245616912	0.1932177245616912	0.1932177245616912	1	0	1	0	1
101	2602	0	2	e_to_ē,s_to_ş	2	2	1	1	paraphrase_hum	1	1	final_prompt_token_minus_10	2	0.2597982287406921	0.2597982287406921	-0.2597982287406921	2	2	0	0	2
102	2657	1	2	e_to_ē,s_to_ş	2	2	2	2	paraphrase_hum,yes_no_hum	2	2	final_prompt_token_minus_2,final_prompt_token_minus_5	3	0.21025940775871274	0.2433246076107025	0.21025940775871274	3	0	3	0	3
103	2665	0	1	e_to_ē	1	1	5	5	just_check_hum,original_hum,paraphrase_hum,removed_sentence_hum,yes_no_hum	3	3	final_prompt_token_minus_10,final_prompt_token_minus_2,final_prompt_token_minus_5	7	0.4418127877371652	0.5295534133911133	0.4418127877371652	7	0	7	0	7
104	2674	0	1	s_to_ş	1	1	1	1	just_check_hum	1	1	final_prompt_token_minus_10	1	0.2171914875507354	0.2171914875507354	0.2171914875507354	1	0	1	0	1
105	2720	1	2	e_to_ē,s_to_ş	2	2	3	2	just_check_hum,paraphrase_hum,yes_no_hum	2	2	final_prompt_token_minus_10,final_prompt_token_minus_5	6	0.2002337525288264	0.2839489281177521	-0.05984091262022654	4	2	2	2	5
106	2722	1	2	e_to_ē,s_to_ş	2	2	3	3	original_hum,paraphrase_hum,yes_no_hum	1	1	final_prompt_token	5	0.20117422640323634	0.2407050132751464	0.05454994738101957	5	2	3	0	5
107	2753	0	2	e_to_ē,s_to_ş	2	2	1	1	paraphrase_hum	1	1	final_prompt_token	2	0.1527612209320068	0.1527612209320068	-0.1527612209320068	2	2	0	0	2
108	2786	1	2	e_to_ē,s_to_ş	2	2	2	2	original_hum,removed_sentence_hum	1	1	final_prompt_token_minus_5	4	0.1751669347286224	0.1821538209915161	-0.1751669347286224	4	4	0	0	4
109	2802	1	2	e_to_ē,s_to_ş	2	2	3	3	original_hum,paraphrase_hum,removed_sentence_hum	1	1	final_prompt_token_minus_5	6	0.1852340996265411	0.2202775478363037	-0.1852340996265411	6	6	0	0	6
110	2848	0	1	s_to_ş	1	1	1	1	removed_sentence_hum	1	1	final_prompt_token	1	0.1539817154407501	0.1539817154407501	0.1539817154407501	1	0	1	0	1
111	2869	0	1	s_to_ş	1	1	1	1	removed_sentence_hum	1	1	final_prompt_token_minus_10	1	0.1621918976306915	0.1621918976306915	0.1621918976306915	1	0	1	0	1
112	2916	1	2	e_to_ē,s_to_ş	2	2	3	3	just_check_hum,original_hum,removed_sentence_hum	3	3	final_prompt_token_minus_1,final_prompt_token_minus_10,final_prompt_token_minus_2	4	0.16389768198132512	0.1847235262393951	0.16389768198132512	4	0	4	0	4
113	2929	0	1	e_to_ē	1	1	1	1	paraphrase_hum	1	1	final_prompt_token_minus_10	1	0.2280110269784927	0.2280110269784927	0.2280110269784927	1	0	1	0	1
114	2938	1	2	e_to_ē,s_to_ş	2	2	5	1	just_check_hum,original_hum,paraphrase_hum,removed_sentence_hum,yes_no_hum	5	1	final_prompt_token,final_prompt_token_minus_1,final_prompt_token_minus_10,final_prompt_token_minus_2,final_prompt_token_minus_5	50	0.6574653482437134	2.0964150428771973	0.5996870756149292	2	0	2	48	41
115	2946	0	1	s_to_ş	1	1	1	1	just_check_hum	1	1	final_prompt_token	1	0.187846839427948	0.187846839427948	0.187846839427948	1	0	1	0	1
116	2959	1	2	e_to_ē,s_to_ş	2	2	2	2	original_hum,yes_no_hum	2	2	final_prompt_token,final_prompt_token_minus_5	3	0.23064973950386047	0.2586979568004608	-0.11428086956342061	3	2	1	0	3
117	2977	1	2	e_to_ē,s_to_ş	2	2	4	4	original_hum,paraphrase_hum,removed_sentence_hum,yes_no_hum	4	4	final_prompt_token,final_prompt_token_minus_10,final_prompt_token_minus_2,final_prompt_token_minus_5	14	0.1947456406695502	0.2589318752288818	-0.07397673598357608	13	9	4	1	13
118	3016	0	1	s_to_ş	1	1	1	1	just_check_hum	1	1	final_prompt_token_minus_1	1	0.1587134450674057	0.1587134450674057	0.1587134450674057	1	0	1	0	1
119	3050	1	2	e_to_ē,s_to_ş	2	2	2	2	paraphrase_hum,yes_no_hum	1	1	final_prompt_token_minus_10	4	0.25496941059827805	0.2607179880142212	-0.25496941059827805	4	4	0	0	4
120	3188	0	2	e_to_ē,s_to_ş	2	2	1	1	paraphrase_hum	1	1	final_prompt_token_minus_10	2	0.5620476007461548	0.5620476007461548	-0.5620476007461548	2	2	0	0	2
121	3199	0	1	s_to_ş	1	1	3	3	just_check_hum,original_hum,removed_sentence_hum	1	1	final_prompt_token_minus_2	3	0.23082366585731504	0.2712951898574829	0.23082366585731504	3	0	3	0	3
122	3241	0	2	e_to_ē,s_to_ş	1	1	4	1	just_check_hum,original_hum,paraphrase_hum,removed_sentence_hum	1	1	final_prompt_token	7	0.062167633857045816	0.1474450975656509	0.050509033458573445	1	0	1	6	1
123	3271	1	2	e_to_ē,s_to_ş	2	2	3	3	just_check_hum,original_hum,removed_sentence_hum	5	5	final_prompt_token,final_prompt_token_minus_1,final_prompt_token_minus_10,final_prompt_token_minus_2,final_prompt_token_minus_5	15	0.19886758923530573	0.3489254415035248	0.048705466588338214	12	5	7	3	12
124	3273	0	1	s_to_ş	1	1	2	2	original_hum,removed_sentence_hum	1	1	final_prompt_token_minus_10	2	0.14072251319885254	0.1538517326116562	0.14072251319885254	2	0	2	0	2
125	3313	1	2	e_to_ē,s_to_ş	2	2	3	3	just_check_hum,original_hum,removed_sentence_hum	2	2	final_prompt_token_minus_10,final_prompt_token_minus_5	5	0.2361205995082855	0.2518155574798584	-0.15911977887153625	5	4	1	0	5
126	3332	0	1	s_to_ş	1	1	1	1	paraphrase_hum	1	1	final_prompt_token	1	0.1477948427200317	0.1477948427200317	0.1477948427200317	1	0	1	0	1
127	3361	0	2	e_to_ē,s_to_ş	1	1	2	1	just_check_hum,yes_no_hum	2	1	final_prompt_token_minus_1,final_prompt_token_minus_5	3	0.08625176052252449	0.2207072675228119	0.08392728865146637	1	0	1	2	1
128	3418	0	2	e_to_ē,s_to_ş	2	2	1	1	removed_sentence_hum	1	1	final_prompt_token_minus_5	2	0.1546320915222168	0.1546320915222168	-0.1546320915222168	2	2	0	0	2
129	3433	0	1	e_to_ē	1	1	1	1	paraphrase_hum	1	1	final_prompt_token_minus_10	1	0.1906434595584869	0.1906434595584869	0.1906434595584869	1	0	1	0	1
130	3446	0	2	e_to_ē,s_to_ş	2	2	1	1	just_check_hum	1	1	final_prompt_token_minus_10	2	0.2813946902751922	0.2813946902751922	-0.2813946902751922	2	2	0	0	2
131	3471	0	2	e_to_ē,s_to_ş	2	2	1	1	yes_no_hum	1	1	final_prompt_token_minus_2	2	0.1795741319656372	0.1795741319656372	-0.1795741319656372	2	2	0	0	2
132	3498	0	2	e_to_ē,s_to_ş	2	2	1	1	just_check_hum	1	1	final_prompt_token_minus_10	2	0.2520705759525299	0.2520705759525299	-0.2520705759525299	2	2	0	0	2
133	3538	0	2	e_to_ē,s_to_ş	2	2	1	1	just_check_hum	1	1	final_prompt_token_minus_10	2	1.2702667713165283	1.2702667713165283	-1.2702667713165283	2	2	0	0	2
134	3604	1	2	e_to_ē,s_to_ş	2	2	2	2	paraphrase_hum,yes_no_hum	2	2	final_prompt_token_minus_10,final_prompt_token_minus_5	3	0.2655605177084605	0.2963195741176605	-0.12953224778175354	3	2	1	0	3
135	3648	0	2	e_to_ē,s_to_ş	0	0	1	0	paraphrase_hum	1	0	final_prompt_token_minus_1	2	0.022365570068359347	0.0340689718723297	-0.022365570068359347	0	0	0	2	0
136	3661	0	1	s_to_ş	1	1	1	1	yes_no_hum	1	1	final_prompt_token	1	0.1765789091587066	0.1765789091587066	0.1765789091587066	1	0	1	0	1
137	3689	0	1	s_to_ş	1	1	2	2	original_hum,removed_sentence_hum	1	1	final_prompt_token	2	0.1568285524845123	0.1580226868391037	0.1568285524845123	2	0	2	0	2
138	3699	1	2	e_to_ē,s_to_ş	2	2	2	2	paraphrase_hum,yes_no_hum	1	1	final_prompt_token	4	0.13982826471328727	0.2271855473518371	-0.13982826471328727	3	3	0	1	3
139	3704	0	1	s_to_ş	1	1	2	2	original_hum,removed_sentence_hum	1	1	final_prompt_token_minus_10	2	0.14343406260013575	0.1442143619060516	0.14343406260013575	2	0	2	0	2
140	3724	0	1	e_to_ē	1	1	1	1	paraphrase_hum	1	1	final_prompt_token_minus_10	1	0.1635529696941375	0.1635529696941375	0.1635529696941375	1	0	1	0	1
141	3763	0	2	e_to_ē,s_to_ş	2	2	1	1	just_check_hum	1	1	final_prompt_token_minus_2	2	0.1443984508514404	0.1443984508514404	-0.1443984508514404	2	2	0	0	2
142	3805	0	1	e_to_ē	1	1	1	1	original_hum	1	1	final_prompt_token_minus_1	1	0.142850637435913	0.142850637435913	0.142850637435913	1	0	1	0	1
143	3836	0	2	e_to_ē,s_to_ş	1	2	1	1	just_check_hum	2	2	final_prompt_token,final_prompt_token_minus_1	4	0.2026429362595081	0.3456840217113495	-0.2026429362595081	2	2	0	2	3
144	3899	0	2	e_to_ē,s_to_ş	2	2	1	1	just_check_hum	1	1	final_prompt_token_minus_5	2	0.1967269331216812	0.1967269331216812	-0.1967269331216812	2	2	0	0	2
145	3918	0	2	e_to_ē,s_to_ş	2	2	1	1	just_check_hum	1	1	final_prompt_token_minus_10	2	0.1982268095016479	0.1982268095016479	-0.1982268095016479	2	2	0	0	2
146	3920	0	1	s_to_ş	1	1	3	3	just_check_hum,original_hum,removed_sentence_hum	3	3	final_prompt_token,final_prompt_token_minus_1,final_prompt_token_minus_10	4	0.18575977906584737	0.2179070711135864	0.18575977906584737	4	0	4	0	4
147	3964	1	2	e_to_ē,s_to_ş	2	2	3	3	just_check_hum,original_hum,removed_sentence_hum	1	1	final_prompt_token_minus_10	4	0.1809526197612285	0.196601316332817	-0.015648696571588495	4	2	2	0	4
148	3968	0	1	e_to_ē	1	1	2	2	original_hum,removed_sentence_hum	1	1	final_prompt_token_minus_2	2	0.19354221224784846	0.1976185739040374	0.19354221224784846	2	0	2	0	2
149	3992	0	1	e_to_ē	1	1	1	1	just_check_hum	1	1	final_prompt_token	1	0.2107990235090255	0.2107990235090255	0.2107990235090255	1	0	1	0	1
150	4006	0	1	s_to_ş	1	1	1	1	paraphrase_hum	1	1	final_prompt_token	1	0.1424846202135086	0.1424846202135086	0.1424846202135086	1	0	1	0	1
151	4067	1	2	e_to_ē,s_to_ş	2	2	2	2	original_hum,removed_sentence_hum	2	2	final_prompt_token_minus_10,final_prompt_token_minus_5	5	0.23137066960334773	0.2697272896766662	-0.1627517759799957	5	4	1	0	5
152	4166	0	1	e_to_ē	1	1	1	1	just_check_hum	2	2	final_prompt_token,final_prompt_token_minus_5	2	0.1775491833686828	0.1796421110630035	0.1775491833686828	2	0	2	0	2
153	4204	0	1	e_to_ē	1	1	3	3	just_check_hum,original_hum,removed_sentence_hum	2	2	final_prompt_token,final_prompt_token_minus_5	3	0.2786504675944646	0.3158044219017029	0.2786504675944646	3	0	3	0	3
154	4221	0	1	s_to_ş	1	1	1	1	just_check_hum	1	1	final_prompt_token	1	0.1987627893686294	0.1987627893686294	0.1987627893686294	1	0	1	0	1
155	4232	1	2	e_to_ē,s_to_ş	2	2	2	2	paraphrase_hum,yes_no_hum	3	3	final_prompt_token,final_prompt_token_minus_1,final_prompt_token_minus_2	7	0.09779764924730568	0.2367452830076217	-0.03221552286829267	3	2	1	4	3
156	4306	0	1	s_to_ş	1	1	2	2	original_hum,removed_sentence_hum	1	1	final_prompt_token_minus_10	2	0.1586887463927269	0.1701614111661911	0.1586887463927269	2	0	2	0	2
157	4328	0	1	e_to_ē	1	1	2	2	original_hum,removed_sentence_hum	1	1	final_prompt_token_minus_2	2	0.14353163540363312	0.1492010653018951	0.14353163540363312	2	0	2	0	2
158	4351	0	1	s_to_ş	1	1	1	1	just_check_hum	1	1	final_prompt_token_minus_5	1	0.221164584159851	0.221164584159851	0.221164584159851	1	0	1	0	1
159	4417	0	1	s_to_ş	1	1	1	1	removed_sentence_hum	1	1	final_prompt_token_minus_10	1	0.1339860558509826	0.1339860558509826	0.1339860558509826	1	0	1	0	1
160	4428	0	2	e_to_ē,s_to_ş	2	2	2	2	just_check_hum,removed_sentence_hum	2	2	final_prompt_token,final_prompt_token_minus_5	4	0.13365634158253664	0.205350175499916	0.048488032072782516	2	0	2	2	2
161	4456	1	2	e_to_ē,s_to_ş	2	2	5	5	just_check_hum,original_hum,paraphrase_hum,removed_sentence_hum,yes_no_hum	2	2	final_prompt_token_minus_10,final_prompt_token_minus_2	11	0.2054564695466648	0.2887281775474548	0.17704806409098883	10	1	9	1	10
162	4468	0	1	s_to_ş	1	1	1	1	original_hum	1	1	final_prompt_token_minus_10	1	0.1555469334125518	0.1555469334125518	0.1555469334125518	1	0	1	0	1
163	4494	1	2	e_to_ē,s_to_ş	2	2	3	3	original_hum,paraphrase_hum,yes_no_hum	3	3	final_prompt_token,final_prompt_token_minus_10,final_prompt_token_minus_5	5	0.219740879535675	0.3507549166679382	-0.07943891286849972	5	4	1	0	5
164	4513	0	1	e_to_ē	1	1	3	3	just_check_hum,original_hum,removed_sentence_hum	1	1	final_prompt_token_minus_2	3	0.15814243753751114	0.1911817193031311	0.15814243753751114	3	0	3	0	3
165	4514	1	2	e_to_ē,s_to_ş	2	2	2	2	original_hum,removed_sentence_hum	1	1	final_prompt_token_minus_5	4	1.3606265783309937	1.3619955778121948	-1.3606265783309937	4	4	0	0	4
166	4621	0	1	s_to_ş	1	1	1	1	original_hum	1	1	final_prompt_token_minus_2	1	0.1620285511016845	0.1620285511016845	0.1620285511016845	1	0	1	0	1
167	4631	0	1	e_to_ē	1	1	1	1	yes_no_hum	1	1	final_prompt_token_minus_1	1	0.1870044469833374	0.1870044469833374	0.1870044469833374	1	0	1	0	1
168	4715	1	2	e_to_ē,s_to_ş	2	2	3	3	just_check_hum,original_hum,yes_no_hum	3	3	final_prompt_token_minus_1,final_prompt_token_minus_10,final_prompt_token_minus_5	6	0.19481760760148362	0.308998167514801	0.09181821842988329	5	1	4	1	5
169	4793	0	1	s_to_ş	1	1	1	1	just_check_hum	1	1	final_prompt_token_minus_10	1	0.2246941328048706	0.2246941328048706	0.2246941328048706	1	0	1	0	1
170	4795	1	2	e_to_ē,s_to_ş	2	2	4	4	original_hum,paraphrase_hum,removed_sentence_hum,yes_no_hum	4	4	final_prompt_token,final_prompt_token_minus_1,final_prompt_token_minus_2,final_prompt_token_minus_5	16	0.1874017501249909	0.2621555924415588	-0.030664213933050626	14	8	6	2	14
171	4828	0	2	e_to_ē,s_to_ş	2	2	1	1	yes_no_hum	1	1	final_prompt_token_minus_10	2	0.3379537463188171	0.3379537463188171	-0.3379537463188171	2	2	0	0	2
172	4844	1	2	e_to_ē,s_to_ş	2	2	2	2	original_hum,removed_sentence_hum	1	1	final_prompt_token_minus_1	4	0.1703483462333679	0.175552487373352	-0.1703483462333679	4	4	0	0	4
173	4928	0	1	s_to_ş	1	1	1	1	paraphrase_hum	1	1	final_prompt_token_minus_5	1	0.1605916321277618	0.1605916321277618	0.1605916321277618	1	0	1	0	1
174	4993	1	2	e_to_ē,s_to_ş	2	2	2	2	just_check_hum,original_hum	1	1	final_prompt_token	3	0.19006158908208212	0.2482640445232391	0.19006158908208212	3	0	3	0	3
175	4998	0	1	e_to_ē	1	1	1	1	just_check_hum	1	1	final_prompt_token	1	0.1586960554122924	0.1586960554122924	0.1586960554122924	1	0	1	0	1
176	5024	0	2	e_to_ē,s_to_ş	1	1	1	1	original_hum	1	1	final_prompt_token_minus_10	2	0.0996457487344741	0.1957504600286483	-0.0996457487344741	1	1	0	1	1
177	5026	1	2	e_to_ē,s_to_ş	2	2	2	2	paraphrase_hum,yes_no_hum	2	2	final_prompt_token_minus_10,final_prompt_token_minus_5	4	0.23229838535189626	0.2627534866333008	0.018367063254117973	4	2	2	0	4
178	5079	0	2	e_to_ē,s_to_ş	2	2	1	1	removed_sentence_hum	1	1	final_prompt_token	2	0.1563901603221893	0.1563901603221893	-0.1563901603221893	2	2	0	0	2
179	5091	0	2	e_to_ē,s_to_ş	2	2	1	1	yes_no_hum	1	1	final_prompt_token_minus_2	2	0.1617190539836883	0.1617190539836883	-0.1617190539836883	2	2	0	0	2
180	5096	0	2	e_to_ē,s_to_ş	2	2	2	2	just_check_hum,paraphrase_hum	1	1	final_prompt_token_minus_5	2	0.15080820769071573	0.162449911236763	0.15080820769071573	2	0	2	0	2
181	5117	1	2	e_to_ē,s_to_ş	2	2	4	3	original_hum,paraphrase_hum,removed_sentence_hum,yes_no_hum	2	1	final_prompt_token_minus_2,final_prompt_token_minus_5	6	0.8863705694675446	1.3324074745178225	0.7999029258886973	4	0	4	2	6
182	5133	0	2	e_to_ē,s_to_ş	2	2	1	1	paraphrase_hum	1	1	final_prompt_token_minus_10	2	1.1321619749069214	1.1321619749069214	-1.1321619749069214	2	2	0	0	2
183	5173	1	2	e_to_ē,s_to_ş	2	2	2	2	just_check_hum,paraphrase_hum	1	1	final_prompt_token_minus_10	4	0.24213357269763947	0.2702532410621643	-0.24213357269763947	4	4	0	0	4
184	5183	0	1	s_to_ş	1	1	2	2	original_hum,removed_sentence_hum	1	1	final_prompt_token	2	0.1651051715016365	0.171061635017395	0.1651051715016365	2	0	2	0	2
185	5230	1	2	e_to_ē,s_to_ş	2	2	2	2	original_hum,removed_sentence_hum	2	2	final_prompt_token_minus_10,final_prompt_token_minus_5	6	0.6479425032933553	0.933649480342865	-0.039800127347310386	6	4	2	0	6
186	5257	1	2	e_to_ē,s_to_ş	1	2	3	3	just_check_hum,original_hum,removed_sentence_hum	3	2	final_prompt_token,final_prompt_token_minus_1,final_prompt_token_minus_2	18	0.14541590876049462	0.4255347549915313	-0.10459905531671311	5	5	0	13	9
187	5260	0	1	s_to_ş	1	1	1	1	yes_no_hum	1	1	final_prompt_token_minus_2	1	0.1895907074213028	0.1895907074213028	0.1895907074213028	1	0	1	0	1
188	5275	0	2	e_to_ē,s_to_ş	2	2	1	1	yes_no_hum	1	1	final_prompt_token_minus_10	2	0.2650150060653686	0.2650150060653686	-0.2650150060653686	2	2	0	0	2
189	5333	1	2	e_to_ē,s_to_ş	2	2	1	1	just_check_hum	3	3	final_prompt_token_minus_1,final_prompt_token_minus_10,final_prompt_token_minus_2	6	0.19572480519612626	0.1996671259403228	-0.19572480519612626	6	6	0	0	6
190	5347	0	1	e_to_ē	1	1	2	2	paraphrase_hum,yes_no_hum	2	2	final_prompt_token_minus_2,final_prompt_token_minus_5	2	0.20075431466102595	0.2024121284484863	0.20075431466102595	2	0	2	0	2
191	5371	0	1	e_to_ē	1	1	2	2	just_check_hum,removed_sentence_hum	1	1	final_prompt_token_minus_2	2	0.1362432390451431	0.1416366398334503	0.1362432390451431	2	0	2	0	2
192	5412	1	2	e_to_ē,s_to_ş	2	2	2	2	original_hum,removed_sentence_hum	2	2	final_prompt_token_minus_10,final_prompt_token_minus_5	5	0.35279397368431087	0.4051425457000732	-0.2783868849277496	5	4	1	0	5
193	5417	1	2	e_to_ē,s_to_ş	2	2	5	5	just_check_hum,original_hum,paraphrase_hum,removed_sentence_hum,yes_no_hum	5	5	final_prompt_token,final_prompt_token_minus_1,final_prompt_token_minus_10,final_prompt_token_minus_2,final_prompt_token_minus_5	34	0.1720021875465617	0.5210103988647461	-0.07426516098134657	15	9	6	19	21
194	5421	1	2	e_to_ē,s_to_ş	2	2	3	2	just_check_hum,paraphrase_hum,yes_no_hum	2	2	final_prompt_token_minus_10,final_prompt_token_minus_5	10	0.3199942529201507	0.6012767553329468	-0.2946839094161987	7	7	0	3	8
195	5435	0	2	e_to_ē,s_to_ş	1	1	1	1	yes_no_hum	1	1	final_prompt_token_minus_1	2	0.0858861953020095	0.1696250140666961	-0.08373881876468661	1	1	0	1	1
196	5463	0	2	e_to_ē,s_to_ş	2	2	1	1	yes_no_hum	1	1	final_prompt_token_minus_10	2	0.2712689340114593	0.2712689340114593	-0.2712689340114593	2	2	0	0	2
197	5488	0	2	e_to_ē,s_to_ş	2	2	1	1	just_check_hum	1	1	final_prompt_token_minus_10	2	0.1965190768241882	0.1965190768241882	-0.1965190768241882	2	2	0	0	2
198	5511	0	2	e_to_ē,s_to_ş	2	2	1	1	just_check_hum	1	1	final_prompt_token_minus_10	2	0.2896896600723266	0.2896896600723266	-0.2896896600723266	2	2	0	0	2
199	5534	0	1	s_to_ş	1	1	1	1	paraphrase_hum	1	1	final_prompt_token_minus_10	1	0.1937257796525955	0.1937257796525955	0.1937257796525955	1	0	1	0	1
200	5566	1	2	e_to_ē,s_to_ş	2	2	2	2	original_hum,removed_sentence_hum	1	1	final_prompt_token_minus_5	4	0.2718208432197571	0.2756637930870056	-0.2718208432197571	4	4	0	0	4
201	5584	1	2	e_to_ē,s_to_ş	2	2	3	3	just_check_hum,paraphrase_hum,yes_no_hum	2	2	final_prompt_token_minus_10,final_prompt_token_minus_5	5	0.37290851175785067	0.5133916139602661	-0.265827003121376	4	3	1	1	5
202	5663	0	1	e_to_ē	1	1	2	2	paraphrase_hum,yes_no_hum	2	2	final_prompt_token_minus_2,final_prompt_token_minus_5	2	0.21970426291227335	0.2221370786428451	0.21970426291227335	2	0	2	0	2
203	5669	0	1	s_to_ş	1	1	1	1	removed_sentence_hum	1	1	final_prompt_token_minus_10	1	0.178032249212265	0.178032249212265	0.178032249212265	1	0	1	0	1
204	5748	0	1	e_to_ē	1	1	2	2	just_check_hum,paraphrase_hum	1	1	final_prompt_token_minus_10	2	0.16130836308002472	0.164991095662117	0.16130836308002472	2	0	2	0	2
205	5801	0	1	s_to_ş	1	1	1	1	just_check_hum	1	1	final_prompt_token	1	0.178531140089035	0.178531140089035	0.178531140089035	1	0	1	0	1
206	5851	0	2	e_to_ē,s_to_ş	2	2	1	1	original_hum	1	1	final_prompt_token_minus_2	2	0.1798286586999893	0.1798286586999893	-0.1798286586999893	2	2	0	0	2
207	5892	0	1	s_to_ş	1	1	3	3	paraphrase_hum,removed_sentence_hum,yes_no_hum	3	3	final_prompt_token,final_prompt_token_minus_10,final_prompt_token_minus_5	3	0.20127589007218674	0.2976247072219848	0.20127589007218674	3	0	3	0	3
208	5903	1	2	e_to_ē,s_to_ş	2	2	2	2	just_check_hum,yes_no_hum	2	2	final_prompt_token_minus_10,final_prompt_token_minus_5	4	0.20306215435266492	0.2659837305545807	0.03454715013504028	3	1	2	1	3
209	5940	0	1	s_to_ş	1	1	1	1	yes_no_hum	1	1	final_prompt_token_minus_2	1	0.1529377847909927	0.1529377847909927	0.1529377847909927	1	0	1	0	1
210	5978	0	1	e_to_ē	1	1	1	1	paraphrase_hum	1	1	final_prompt_token_minus_10	1	0.162476360797882	0.162476360797882	0.162476360797882	1	0	1	0	1
211	5995	1	2	e_to_ē,s_to_ş	2	2	3	3	just_check_hum,original_hum,removed_sentence_hum	2	2	final_prompt_token_minus_2,final_prompt_token_minus_5	4	0.250762939453125	0.2817554473876953	0.029919430613517775	4	2	2	0	4
212	6008	0	1	s_to_ş	1	1	1	1	paraphrase_hum	1	1	final_prompt_token_minus_10	1	0.2307861447334289	0.2307861447334289	0.2307861447334289	1	0	1	0	1
213	6021	1	2	e_to_ē,s_to_ş	2	2	4	3	just_check_hum,original_hum,paraphrase_hum,removed_sentence_hum	1	1	final_prompt_token	8	0.11520203761756415	0.2592612504959106	-0.09740834124386306	3	3	0	5	3
214	6069	1	2	e_to_ē,s_to_ş	2	2	4	4	just_check_hum,original_hum,removed_sentence_hum,yes_no_hum	3	3	final_prompt_token_minus_1,final_prompt_token_minus_10,final_prompt_token_minus_5	7	0.36543820585523334	0.4669648110866546	-0.27650146824972965	7	6	1	0	7
215	6193	1	2	e_to_ē,s_to_ş	2	2	2	2	just_check_hum,paraphrase_hum	2	2	final_prompt_token,final_prompt_token_minus_5	6	0.2530847837527593	0.4692067503929138	0.1257441689570745	6	2	4	0	6
216	6194	1	2	e_to_ē,s_to_ş	2	2	5	3	just_check_hum,original_hum,paraphrase_hum,removed_sentence_hum,yes_no_hum	3	2	final_prompt_token,final_prompt_token_minus_2,final_prompt_token_minus_5	17	0.1908590478055617	0.425138920545578	-0.045876748421612906	7	4	3	10	9
217	6211	0	2	e_to_ē,s_to_ş	1	1	1	1	paraphrase_hum	1	1	final_prompt_token	2	0.1090869680047035	0.2078041434288025	-0.1090869680047035	1	1	0	1	1
218	6219	0	2	e_to_ē,s_to_ş	1	1	1	1	paraphrase_hum	1	1	final_prompt_token_minus_1	2	0.11963433027267455	0.2270202934741974	-0.10738596320152284	1	1	0	1	1
219	6261	0	2	e_to_ē,s_to_ş	0	2	1	0	yes_no_hum	1	0	final_prompt_token_minus_2	2	0.14127081632614136	0.1730627417564392	0.14127081632614136	0	0	0	2	2
220	6316	0	1	e_to_ē	1	1	1	1	just_check_hum	1	1	final_prompt_token_minus_10	1	0.1340300440788269	0.1340300440788269	0.1340300440788269	1	0	1	0	1
221	6328	0	1	e_to_ē	1	1	1	1	paraphrase_hum	1	1	final_prompt_token_minus_10	1	0.1876315027475357	0.1876315027475357	0.1876315027475357	1	0	1	0	1
222	6429	1	2	e_to_ē,s_to_ş	2	2	4	3	just_check_hum,original_hum,removed_sentence_hum,yes_no_hum	5	4	final_prompt_token,final_prompt_token_minus_1,final_prompt_token_minus_10,final_prompt_token_minus_2,final_prompt_token_minus_5	21	0.12370395802316207	0.2713574469089508	0.08206552125158761	10	1	9	11	10
223	6478	1	2	e_to_ē,s_to_ş	2	2	3	3	just_check_hum,paraphrase_hum,yes_no_hum	3	3	final_prompt_token,final_prompt_token_minus_10,final_prompt_token_minus_5	6	0.21422105779250464	0.3298133611679077	-0.07113489756981534	5	3	2	1	5
224	6555	0	2	e_to_ē,s_to_ş	0	1	1	0	paraphrase_hum	1	0	final_prompt_token_minus_2	2	0.08869777619838709	0.1221971362829208	0.08869777619838709	0	0	0	2	1
225	6593	1	2	e_to_ē,s_to_ş	2	2	3	3	original_hum,removed_sentence_hum,yes_no_hum	3	3	final_prompt_token,final_prompt_token_minus_1,final_prompt_token_minus_5	10	0.11871843934059138	0.2015573531389236	-0.1166412353515625	6	6	0	4	6
226	6629	0	2	e_to_ē,s_to_ş	2	2	1	1	just_check_hum	2	2	final_prompt_token_minus_1,final_prompt_token_minus_10	2	0.28206800669431686	0.4035336673259735	0.28206800669431686	2	0	2	0	2
227	6630	1	2	e_to_ē,s_to_ş	2	2	3	3	just_check_hum,paraphrase_hum,yes_no_hum	2	2	final_prompt_token_minus_10,final_prompt_token_minus_5	6	1.1326616605122883	1.2042512893676758	-0.3942120869954427	6	4	2	0	6
228	6639	0	2	e_to_ē,s_to_ş	2	2	1	1	yes_no_hum	1	1	final_prompt_token_minus_2	2	0.2229160219430923	0.2229160219430923	-0.2229160219430923	2	2	0	0	2
229	6649	0	1	e_to_ē	1	1	1	1	paraphrase_hum	1	1	final_prompt_token_minus_10	1	0.2086924463510513	0.2086924463510513	0.2086924463510513	1	0	1	0	1
230	6653	1	2	e_to_ē,s_to_ş	2	2	3	3	just_check_hum,paraphrase_hum,yes_no_hum	3	3	final_prompt_token_minus_10,final_prompt_token_minus_2,final_prompt_token_minus_5	8	0.27907113172113895	0.4092280864715576	-0.09783800505101684	8	4	4	0	8
231	6668	0	1	e_to_ē	1	1	1	1	paraphrase_hum	1	1	final_prompt_token_minus_2	1	0.2097327709197998	0.2097327709197998	0.2097327709197998	1	0	1	0	1
232	6687	1	2	e_to_ē,s_to_ş	2	2	2	2	just_check_hum,yes_no_hum	2	2	final_prompt_token_minus_10,final_prompt_token_minus_5	4	0.20142823457717893	0.2221272885799408	-0.020699054002761876	4	2	2	0	4
233	6695	0	2	e_to_ē,s_to_ş	2	2	1	1	paraphrase_hum	1	1	final_prompt_token_minus_2	2	0.1786476820707321	0.1786476820707321	-0.1786476820707321	2	2	0	0	2
234	6736	0	2	e_to_ē,s_to_ş	2	2	1	1	yes_no_hum	1	1	final_prompt_token_minus_10	2	0.2791772186756134	0.2791772186756134	-0.2791772186756134	2	2	0	0	2
235	6738	0	1	s_to_ş	1	1	1	1	just_check_hum	1	1	final_prompt_token_minus_10	1	0.1714272499084472	0.1714272499084472	0.1714272499084472	1	0	1	0	1
236	6868	0	2	e_to_ē,s_to_ş	2	2	1	1	removed_sentence_hum	1	1	final_prompt_token	2	0.1561700999736786	0.1561700999736786	-0.1561700999736786	2	2	0	0	2
237	6884	0	1	e_to_ē	1	1	1	1	just_check_hum	1	1	final_prompt_token_minus_1	1	0.1563800573348999	0.1563800573348999	0.1563800573348999	1	0	1	0	1
238	6896	1	2	e_to_ē,s_to_ş	2	2	5	5	just_check_hum,original_hum,paraphrase_hum,removed_sentence_hum,yes_no_hum	2	2	final_prompt_token_minus_2,final_prompt_token_minus_5	5	0.36771968603134153	0.4224960803985595	0.36771968603134153	5	0	5	0	5
239	6968	0	1	s_to_ş	1	1	1	1	paraphrase_hum	1	1	final_prompt_token_minus_10	1	0.33814138174057	0.33814138174057	0.33814138174057	1	0	1	0	1
240	6987	0	1	s_to_ş	1	1	3	3	just_check_hum,original_hum,removed_sentence_hum	2	2	final_prompt_token_minus_1,final_prompt_token_minus_5	3	0.22261535127957657	0.2639490365982055	0.22261535127957657	3	0	3	0	3
241	6991	0	1	s_to_ş	1	1	1	1	original_hum	1	1	final_prompt_token_minus_2	1	0.16839100420475	0.16839100420475	0.16839100420475	1	0	1	0	1
242	7086	0	2	e_to_ē,s_to_ş	2	2	1	1	paraphrase_hum	1	1	final_prompt_token_minus_1	2	0.2186173051595688	0.2186173051595688	-0.2186173051595688	2	2	0	0	2
243	7094	0	2	e_to_ē,s_to_ş	1	1	1	1	paraphrase_hum	2	1	final_prompt_token_minus_1,final_prompt_token_minus_2	3	0.12611346443494156	0.2447746098041534	0.037069608767827354	1	0	1	2	1
244	7108	0	2	e_to_ē,s_to_ş	1	1	2	2	original_hum,removed_sentence_hum	1	1	final_prompt_token	4	0.0873787067830562	0.172770008444786	-0.0833623446524143	2	2	0	2	2
245	7133	1	2	e_to_ē,s_to_ş	2	2	5	5	just_check_hum,original_hum,paraphrase_hum,removed_sentence_hum,yes_no_hum	4	4	final_prompt_token,final_prompt_token_minus_1,final_prompt_token_minus_2,final_prompt_token_minus_5	10	0.15441992431879042	0.1877860575914383	-0.018740363419055946	9	5	4	1	9
246	7159	1	2	e_to_ē,s_to_ş	2	2	2	2	original_hum,removed_sentence_hum	2	2	final_prompt_token_minus_10,final_prompt_token_minus_5	5	0.1488443404436111	0.1611669063568115	-0.09709586799144743	5	4	1	0	5
247	7163	0	2	e_to_ē,s_to_ş	1	2	5	1	just_check_hum,original_hum,paraphrase_hum,removed_sentence_hum,yes_no_hum	1	1	final_prompt_token	10	0.09884839951992032	0.356962114572525	-0.0515695482492447	1	1	0	9	3
248	7164	1	2	e_to_ē,s_to_ş	2	2	4	4	just_check_hum,original_hum,removed_sentence_hum,yes_no_hum	3	3	final_prompt_token_minus_1,final_prompt_token_minus_10,final_prompt_token_minus_2	6	0.214405412475268	0.2496199905872345	0.214405412475268	6	0	6	0	6
249	7190	0	1	e_to_ē	1	1	1	1	removed_sentence_hum	1	1	final_prompt_token_minus_5	1	0.1816367208957672	0.1816367208957672	0.1816367208957672	1	0	1	0	1
250	7238	0	1	s_to_ş	1	1	2	2	original_hum,removed_sentence_hum	1	1	final_prompt_token_minus_2	2	0.17665486782789225	0.1818930655717849	0.17665486782789225	2	0	2	0	2
251	7248	0	2	e_to_ē,s_to_ş	2	2	1	1	just_check_hum	1	1	final_prompt_token_minus_5	2	0.1794013455510139	0.2161372601985931	0.1794013455510139	2	0	2	0	2
252	7334	1	2	e_to_ē,s_to_ş	2	2	3	3	original_hum,paraphrase_hum,removed_sentence_hum	3	3	final_prompt_token_minus_1,final_prompt_token_minus_10,final_prompt_token_minus_5	7	0.22981795881475717	0.2506529092788696	-0.1840271630457469	7	6	1	0	7
253	7383	1	2	e_to_ē,s_to_ş	2	2	3	3	just_check_hum,paraphrase_hum,yes_no_hum	2	2	final_prompt_token_minus_10,final_prompt_token_minus_5	6	0.25089335193236667	0.3274763822555542	-0.1010123814145724	6	4	2	0	6
254	7407	1	2	e_to_ē,s_to_ş	2	2	3	3	just_check_hum,original_hum,removed_sentence_hum	1	1	final_prompt_token_minus_10	4	0.22573734074831003	0.286979466676712	-0.06124212592840195	4	2	2	0	4
255	7448	0	1	s_to_ş	1	1	2	2	original_hum,removed_sentence_hum	1	1	final_prompt_token_minus_10	2	0.15146252512931818	0.1566624939441681	0.15146252512931818	2	0	2	0	2
256	7468	1	2	e_to_ē,s_to_ş	2	2	2	2	original_hum,removed_sentence_hum	1	1	final_prompt_token_minus_2	4	0.2516344860196113	0.256917655467987	-0.2516344860196113	4	4	0	0	4
257	7506	1	2	e_to_ē,s_to_ş	2	2	3	3	just_check_hum,original_hum,removed_sentence_hum	2	2	final_prompt_token_minus_1,final_prompt_token_minus_2	10	0.14689560532569884	0.1888058483600616	-0.14311578571796418	8	8	0	2	8
258	7625	1	2	e_to_ē,s_to_ş	2	2	2	2	paraphrase_hum,yes_no_hum	3	3	final_prompt_token,final_prompt_token_minus_1,final_prompt_token_minus_2	7	0.2575473487377167	0.4447373747825622	-0.07456720301083156	6	3	3	1	7
259	7711	1	2	e_to_ē,s_to_ş	2	2	3	3	just_check_hum,original_hum,removed_sentence_hum	3	3	final_prompt_token,final_prompt_token_minus_1,final_prompt_token_minus_10	6	0.21625879406929013	0.2395047545433044	-0.09193196892738342	6	4	2	0	6
260	7728	0	1	s_to_ş	1	1	1	1	paraphrase_hum	1	1	final_prompt_token_minus_10	1	0.2259332686662674	0.2259332686662674	0.2259332686662674	1	0	1	0	1
261	7730	1	2	e_to_ē,s_to_ş	2	2	3	3	just_check_hum,original_hum,removed_sentence_hum	1	1	final_prompt_token	3	0.16562775770823157	0.1770085990428924	0.16562775770823157	3	0	3	0	3
262	7754	1	2	e_to_ē,s_to_ş	2	2	5	5	just_check_hum,original_hum,paraphrase_hum,removed_sentence_hum,yes_no_hum	2	2	final_prompt_token_minus_10,final_prompt_token_minus_5	9	0.24105363256401485	0.3450073003768921	-0.18398429453372955	8	7	1	1	8
263	7800	0	2	e_to_ē,s_to_ş	2	2	1	1	just_check_hum	1	1	final_prompt_token_minus_2	2	0.2014404833316803	0.2014404833316803	-0.2014404833316803	2	2	0	0	2
264	7818	0	2	e_to_ē,s_to_ş	2	2	1	1	paraphrase_hum	1	1	final_prompt_token_minus_10	2	0.299826055765152	0.299826055765152	-0.299826055765152	2	2	0	0	2
265	7837	1	2	e_to_ē,s_to_ş	2	2	2	2	original_hum,removed_sentence_hum	1	1	final_prompt_token_minus_10	4	0.2963874936103821	0.3025768399238586	-0.2963874936103821	4	4	0	0	4
266	7902	0	1	s_to_ş	1	1	1	1	yes_no_hum	1	1	final_prompt_token_minus_2	1	0.1549356281757354	0.1549356281757354	0.1549356281757354	1	0	1	0	1
267	7930	0	1	e_to_ē	1	1	3	3	just_check_hum,original_hum,removed_sentence_hum	1	1	final_prompt_token_minus_2	3	0.2716923058032989	0.2939058244228363	0.2716923058032989	3	0	3	0	3
268	7982	1	2	e_to_ē,s_to_ş	2	2	5	5	just_check_hum,original_hum,paraphrase_hum,removed_sentence_hum,yes_no_hum	5	5	final_prompt_token,final_prompt_token_minus_1,final_prompt_token_minus_10,final_prompt_token_minus_2,final_prompt_token_minus_5	39	0.16585654937303979	0.4084326028823852	-0.07741051835891526	19	12	7	20	25
269	7993	0	1	s_to_ş	1	1	1	1	removed_sentence_hum	1	1	final_prompt_token_minus_10	1	0.1912442743778228	0.1912442743778228	0.1912442743778228	1	0	1	0	1
270	8052	0	1	e_to_ē	1	1	1	1	just_check_hum	1	1	final_prompt_token_minus_10	1	0.1345153152942657	0.1345153152942657	0.1345153152942657	1	0	1	0	1
271	8126	0	2	e_to_ē,s_to_ş	1	1	1	1	just_check_hum	1	1	final_prompt_token_minus_10	2	0.1050915122032165	0.2018591314554214	-0.1050915122032165	1	1	0	1	1
272	8216	1	2	e_to_ē,s_to_ş	2	2	3	3	just_check_hum,original_hum,removed_sentence_hum	3	3	final_prompt_token,final_prompt_token_minus_1,final_prompt_token_minus_2	14	0.16927154575075415	0.2381335794925689	-0.16927154575075415	11	11	0	3	11
273	8217	0	1	e_to_ē	1	1	1	1	just_check_hum	1	1	final_prompt_token_minus_10	1	0.1380607485771179	0.1380607485771179	0.1380607485771179	1	0	1	0	1
274	8266	1	2	e_to_ē,s_to_ş	2	2	3	3	just_check_hum,paraphrase_hum,yes_no_hum	2	2	final_prompt_token_minus_10,final_prompt_token_minus_2	6	0.22265339642763138	0.2567155063152313	-0.10891247044006984	6	4	2	0	6
275	8373	0	1	s_to_ş	1	1	1	1	just_check_hum	1	1	final_prompt_token_minus_10	1	0.1934934258460998	0.1934934258460998	0.1934934258460998	1	0	1	0	1
276	8418	1	2	e_to_ē,s_to_ş	2	2	2	2	original_hum,removed_sentence_hum	2	2	final_prompt_token,final_prompt_token_minus_2	8	0.15064378269016737	0.2171200960874557	-0.15064378269016737	6	6	0	2	6
277	8472	0	1	e_to_ē	1	1	4	4	just_check_hum,original_hum,paraphrase_hum,removed_sentence_hum	2	2	final_prompt_token_minus_10,final_prompt_token_minus_2	4	0.17675495892763132	0.1978450417518615	0.17675495892763132	4	0	4	0	4
278	8569	0	2	e_to_ē,s_to_ş	2	2	1	1	yes_no_hum	1	1	final_prompt_token_minus_10	2	0.2094718962907791	0.2094718962907791	-0.2094718962907791	2	2	0	0	2
279	8583	1	2	e_to_ē,s_to_ş	2	2	3	3	just_check_hum,paraphrase_hum,yes_no_hum	2	2	final_prompt_token_minus_1,final_prompt_token_minus_10	6	0.19897787272930145	0.234900563955307	-0.06833957135677338	6	4	2	0	6
280	8595	0	1	s_to_ş	1	1	4	4	original_hum,paraphrase_hum,removed_sentence_hum,yes_no_hum	2	2	final_prompt_token_minus_2,final_prompt_token_minus_5	4	0.28542510420084	0.3293207585811615	0.28542510420084	4	0	4	0	4
281	8619	1	2	e_to_ē,s_to_ş	2	2	3	3	just_check_hum,paraphrase_hum,yes_no_hum	2	2	final_prompt_token_minus_10,final_prompt_token_minus_5	4	0.18824367970228195	0.2580493986606598	0.02603309601545334	4	2	2	0	4
282	8623	1	2	e_to_ē,s_to_ş	2	2	2	2	just_check_hum,paraphrase_hum	2	2	final_prompt_token_minus_10,final_prompt_token_minus_5	4	0.2163210362195968	0.2385385185480117	-0.022217482328414896	4	2	2	0	4
283	8625	0	2	e_to_ē,s_to_ş	2	2	1	1	paraphrase_hum	1	1	final_prompt_token_minus_10	2	0.3667212426662445	0.3667212426662445	-0.3667212426662445	2	2	0	0	2
284	8646	0	1	e_to_ē	1	1	1	1	just_check_hum	1	1	final_prompt_token_minus_1	1	0.1735247075557708	0.1735247075557708	0.1735247075557708	1	0	1	0	1
285	8751	0	2	e_to_ē,s_to_ş	2	2	1	1	paraphrase_hum	1	1	final_prompt_token_minus_10	2	0.2232953161001205	0.2232953161001205	-0.2232953161001205	2	2	0	0	2
286	8782	1	2	e_to_ē,s_to_ş	2	2	2	2	just_check_hum,paraphrase_hum	2	2	final_prompt_token_minus_10,final_prompt_token_minus_5	5	0.23939920365810394	0.2636692523956299	0.03524704873561859	5	2	3	0	5
287	8813	1	2	e_to_ē,s_to_ş	2	2	2	2	paraphrase_hum,yes_no_hum	3	3	final_prompt_token_minus_1,final_prompt_token_minus_2,final_prompt_token_minus_5	4	0.166897889226675	0.2203155606985092	0.04111524298787119	3	1	2	1	3
288	8854	0	1	s_to_ş	1	1	1	1	yes_no_hum	1	1	final_prompt_token_minus_10	1	0.1935889273881912	0.1935889273881912	0.1935889273881912	1	0	1	0	1
289	8882	1	2	e_to_ē,s_to_ş	2	2	4	4	just_check_hum,original_hum,paraphrase_hum,removed_sentence_hum	3	3	final_prompt_token,final_prompt_token_minus_1,final_prompt_token_minus_2	14	0.12339770048856731	0.2175215929746627	-0.070564258311476	9	7	2	5	9
290	8891	1	2	e_to_ē,s_to_ş	2	2	3	3	just_check_hum,original_hum,removed_sentence_hum	1	1	final_prompt_token_minus_1	6	0.15648851792017612	0.2186624705791473	-0.15648851792017612	4	4	0	2	4
291	8894	0	1	e_to_ē	1	1	2	2	original_hum,removed_sentence_hum	1	1	final_prompt_token_minus_1	2	0.14724849164485931	0.1509849280118942	0.14724849164485931	2	0	2	0	2
292	8915	0	2	e_to_ē,s_to_ş	2	2	1	1	paraphrase_hum	1	1	final_prompt_token_minus_1	2	0.2397233545780182	0.2397233545780182	-0.2397233545780182	2	2	0	0	2
293	8927	0	1	s_to_ş	1	1	3	3	original_hum,removed_sentence_hum,yes_no_hum	2	2	final_prompt_token_minus_1,final_prompt_token_minus_5	3	0.20824672778447462	0.2337744235992431	0.20824672778447462	3	0	3	0	3
294	8928	1	2	e_to_ē,s_to_ş	2	2	4	4	original_hum,paraphrase_hum,removed_sentence_hum,yes_no_hum	2	2	final_prompt_token,final_prompt_token_minus_5	7	0.21104469895362854	0.2404206395149231	0.0897175031048911	7	2	5	0	7
295	8979	0	1	s_to_ş	1	1	1	1	removed_sentence_hum	1	1	final_prompt_token_minus_10	1	0.1259875893592834	0.1259875893592834	0.1259875893592834	1	0	1	0	1
296	9004	0	2	e_to_ē,s_to_ş	0	0	1	0	paraphrase_hum	1	0	final_prompt_token_minus_1	2	0.054529070854187005	0.0838978588581085	0.029368788003921502	0	0	0	2	0
297	9068	0	2	e_to_ē,s_to_ş	2	2	1	1	yes_no_hum	1	1	final_prompt_token_minus_10	2	0.1770816594362259	0.1770816594362259	-0.1770816594362259	2	2	0	0	2
298	9088	0	1	s_to_ş	1	1	2	2	original_hum,removed_sentence_hum	1	1	final_prompt_token_minus_5	2	0.2122606560587883	0.2124032825231552	0.2122606560587883	2	0	2	0	2
299	9122	1	2	e_to_ē,s_to_ş	2	2	3	3	just_check_hum,paraphrase_hum,yes_no_hum	2	2	final_prompt_token_minus_10,final_prompt_token_minus_5	6	0.2729746599992116	0.3020089268684387	-0.086771955092748	6	4	2	0	6
300	9197	0	2	e_to_ē,s_to_ş	2	2	1	1	just_check_hum	1	1	final_prompt_token_minus_10	2	0.2222052365541458	0.2222052365541458	-0.2222052365541458	2	2	0	0	2
301	9236	1	2	e_to_ē,s_to_ş	2	2	3	3	just_check_hum,paraphrase_hum,yes_no_hum	2	2	final_prompt_token_minus_10,final_prompt_token_minus_5	6	0.21377746760845184	0.2219328135251999	-0.21377746760845184	6	6	0	0	6
302	9241	0	2	e_to_ē,s_to_ş	1	1	3	3	just_check_hum,original_hum,removed_sentence_hum	3	3	final_prompt_token_minus_1,final_prompt_token_minus_10,final_prompt_token_minus_2	11	0.16809315573085434	0.3433915972709656	0.06951391967860136	7	2	5	4	7
303	9295	0	1	e_to_ē	1	1	1	1	removed_sentence_hum	1	1	final_prompt_token_minus_5	1	0.1953884065151214	0.1953884065151214	0.1953884065151214	1	0	1	0	1
304	9317	1	2	e_to_ē,s_to_ş	2	2	2	2	original_hum,removed_sentence_hum	2	2	final_prompt_token_minus_2,final_prompt_token_minus_5	6	0.29198463261127466	0.3628158271312713	-0.12882496416568753	5	3	2	1	6
305	9385	0	1	e_to_ē	1	1	2	2	original_hum,removed_sentence_hum	1	1	final_prompt_token_minus_1	2	0.15279386937618256	0.159338116645813	0.15279386937618256	2	0	2	0	2
306	9399	0	2	e_to_ē,s_to_ş	2	2	1	1	yes_no_hum	1	1	final_prompt_token_minus_10	2	0.2410117089748382	0.2410117089748382	-0.2410117089748382	2	2	0	0	2
307	9446	0	1	s_to_ş	1	1	1	1	just_check_hum	1	1	final_prompt_token_minus_10	1	0.1816479265689849	0.1816479265689849	0.1816479265689849	1	0	1	0	1
308	9467	0	1	e_to_ē	1	1	3	3	just_check_hum,original_hum,removed_sentence_hum	1	1	final_prompt_token_minus_2	3	0.19168882568677262	0.197110965847969	0.19168882568677262	3	0	3	0	3
309	9510	0	1	e_to_ē	1	1	2	2	original_hum,removed_sentence_hum	1	1	final_prompt_token_minus_10	2	0.19513814896345133	0.2147052735090255	0.19513814896345133	2	0	2	0	2
310	9538	0	1	s_to_ş	1	1	1	1	original_hum	1	1	final_prompt_token_minus_10	1	0.1331873387098312	0.1331873387098312	0.1331873387098312	1	0	1	0	1
311	9563	1	2	e_to_ē,s_to_ş	2	2	3	3	original_hum,removed_sentence_hum,yes_no_hum	2	2	final_prompt_token_minus_1,final_prompt_token_minus_2	6	0.18026739110549286	0.2179358601570129	-0.18026739110549286	5	5	0	1	5
312	9576	1	2	e_to_ē,s_to_ş	2	2	3	3	original_hum,paraphrase_hum,removed_sentence_hum	2	2	final_prompt_token_minus_10,final_prompt_token_minus_5	5	0.2986640095710754	0.344534307718277	-0.23447710275650024	5	4	1	0	5
313	9629	0	1	s_to_ş	1	1	1	1	paraphrase_hum	1	1	final_prompt_token_minus_10	1	0.2336393594741821	0.2336393594741821	0.2336393594741821	1	0	1	0	1
314	9728	1	2	e_to_ē,s_to_ş	2	2	3	2	just_check_hum,paraphrase_hum,yes_no_hum	3	2	final_prompt_token,final_prompt_token_minus_1,final_prompt_token_minus_2	12	0.11415662368138628	0.2432048022747039	-0.03815992176532743	5	3	2	7	7
315	9731	0	1	s_to_ş	1	1	1	1	yes_no_hum	1	1	final_prompt_token	1	0.1570033282041549	0.1570033282041549	0.1570033282041549	1	0	1	0	1
316	9745	1	2	e_to_ē,s_to_ş	2	2	3	3	original_hum,removed_sentence_hum,yes_no_hum	2	2	final_prompt_token,final_prompt_token_minus_5	7	0.17488540283271242	0.1902351230382919	-0.023147206221308007	7	4	3	0	7
317	9784	1	2	e_to_ē,s_to_ş	2	2	2	2	original_hum,removed_sentence_hum	1	1	final_prompt_token_minus_5	4	0.16864029318094248	0.1747518181800842	-0.16864029318094248	4	4	0	0	4
318	9814	0	1	s_to_ş	1	1	2	2	original_hum,removed_sentence_hum	1	1	final_prompt_token_minus_5	2	0.368417352437973	0.3704799115657806	0.368417352437973	2	0	2	0	2
319	9834	0	2	e_to_ē,s_to_ş	2	2	2	2	just_check_hum,paraphrase_hum	1	1	final_prompt_token_minus_10	2	0.3083096891641617	0.3608295619487762	0.3083096891641617	2	0	2	0	2
320	9860	1	2	e_to_ē,s_to_ş	2	2	3	3	just_check_hum,original_hum,removed_sentence_hum	2	2	final_prompt_token_minus_10,final_prompt_token_minus_5	5	0.22898752689361568	0.2390888333320617	-0.14402947425842283	5	4	1	0	5
321	9884	0	1	s_to_ş	1	1	1	1	just_check_hum	1	1	final_prompt_token_minus_10	1	0.1575462073087692	0.1575462073087692	0.1575462073087692	1	0	1	0	1
322	9925	0	1	s_to_ş	1	1	1	1	just_check_hum	1	1	final_prompt_token_minus_2	1	0.1910693198442459	0.1910693198442459	0.1910693198442459	1	0	1	0	1
323	9953	0	1	s_to_ş	1	1	1	1	just_check_hum	1	1	final_prompt_token_minus_2	1	0.2289153188467025	0.2289153188467025	0.2289153188467025	1	0	1	0	1
324	9986	1	2	e_to_ē,s_to_ş	2	2	2	2	just_check_hum,paraphrase_hum	2	2	final_prompt_token_minus_10,final_prompt_token_minus_2	4	0.20795387029647824	0.2597828507423401	-0.20795387029647824	4	4	0	0	4
325	9990	1	2	e_to_ē,s_to_ş	2	2	3	3	just_check_hum,original_hum,removed_sentence_hum	1	1	final_prompt_token_minus_1	6	0.15421353280544278	0.2313215732574463	0.008769601583480816	4	2	2	2	4
326	9991	1	2	e_to_ē,s_to_ş	2	2	1	1	just_check_hum	2	2	final_prompt_token_minus_1,final_prompt_token_minus_2	4	0.17131628096103665	0.1742346286773681	-0.17131628096103665	4	4	0	0	4
327	10066	0	1	s_to_ş	1	1	1	1	just_check_hum	2	2	final_prompt_token,final_prompt_token_minus_5	2	0.3522763252258301	0.3585835993289947	0.3522763252258301	2	0	2	0	2
328	10129	0	2	e_to_ē,s_to_ş	2	2	1	1	paraphrase_hum	1	1	final_prompt_token	2	0.1991189420223236	0.1991189420223236	-0.1991189420223236	2	2	0	0	2
329	10146	1	2	e_to_ē,s_to_ş	2	2	5	5	just_check_hum,original_hum,paraphrase_hum,removed_sentence_hum,yes_no_hum	5	5	final_prompt_token,final_prompt_token_minus_1,final_prompt_token_minus_10,final_prompt_token_minus_2,final_prompt_token_minus_5	28	0.21541073545813558	0.4210577011108398	0.168240343353578	24	2	22	4	25
330	10253	0	2	e_to_ē,s_to_ş	0	0	1	0	yes_no_hum	1	0	final_prompt_token	2	0.0288047641515731	0.0306809097528457	-0.0288047641515731	0	0	0	2	0
331	10265	1	2	e_to_ē,s_to_ş	2	2	5	5	just_check_hum,original_hum,paraphrase_hum,removed_sentence_hum,yes_no_hum	4	3	final_prompt_token,final_prompt_token_minus_1,final_prompt_token_minus_2,final_prompt_token_minus_5	23	0.14526395305343293	0.3875137567520141	0.026428716338199095	13	6	7	10	13
332	10279	0	1	s_to_ş	1	1	1	1	paraphrase_hum	1	1	final_prompt_token_minus_10	1	0.1979760974645614	0.1979760974645614	0.1979760974645614	1	0	1	0	1
333	10335	1	2	e_to_ē,s_to_ş	2	2	3	3	just_check_hum,original_hum,paraphrase_hum	1	1	final_prompt_token_minus_10	3	0.2190959950288137	0.2393686771392822	0.2190959950288137	3	0	3	0	3
334	10337	0	1	e_to_ē	1	1	2	2	paraphrase_hum,removed_sentence_hum	2	2	final_prompt_token_minus_10,final_prompt_token_minus_2	2	0.1887651905417442	0.1967700123786926	0.1887651905417442	2	0	2	0	2
335	10346	1	2	e_to_ē,s_to_ş	2	2	2	2	original_hum,removed_sentence_hum	1	1	final_prompt_token_minus_10	4	0.28184786438941956	0.3018604218959808	-0.28184786438941956	4	4	0	0	4
336	10386	0	1	e_to_ē	1	1	1	1	original_hum	1	1	final_prompt_token	1	0.1668559610843658	0.1668559610843658	0.1668559610843658	1	0	1	0	1
337	10427	1	2	e_to_ē,s_to_ş	2	2	2	2	original_hum,yes_no_hum	2	2	final_prompt_token_minus_10,final_prompt_token_minus_5	3	0.22943677504857382	0.2625325620174408	-0.1206066409746806	3	2	1	0	3
338	10525	0	1	s_to_ş	1	1	1	1	paraphrase_hum	1	1	final_prompt_token_minus_10	1	0.232709914445877	0.232709914445877	0.232709914445877	1	0	1	0	1
339	10557	0	2	e_to_ē,s_to_ş	2	2	1	1	just_check_hum	1	1	final_prompt_token_minus_2	2	0.1817645132541656	0.1817645132541656	-0.1817645132541656	2	2	0	0	2
340	10580	0	1	s_to_ş	1	1	1	1	removed_sentence_hum	1	1	final_prompt_token_minus_5	1	0.1691120564937591	0.1691120564937591	0.1691120564937591	1	0	1	0	1
341	10605	0	1	s_to_ş	1	1	1	1	yes_no_hum	1	1	final_prompt_token_minus_2	1	0.1680753529071808	0.1680753529071808	0.1680753529071808	1	0	1	0	1
342	10612	0	1	e_to_ē	1	1	2	2	original_hum,removed_sentence_hum	1	1	final_prompt_token_minus_5	2	0.37721487879753113	0.3797461092472076	0.37721487879753113	2	0	2	0	2
343	10621	0	1	s_to_ş	1	1	1	1	yes_no_hum	1	1	final_prompt_token_minus_1	1	0.2015494406223297	0.2015494406223297	0.2015494406223297	1	0	1	0	1
344	10636	1	2	e_to_ē,s_to_ş	2	2	4	4	original_hum,paraphrase_hum,removed_sentence_hum,yes_no_hum	4	3	final_prompt_token,final_prompt_token_minus_1,final_prompt_token_minus_2,final_prompt_token_minus_5	15	0.22110381424427025	0.6790323257446289	0.19798959394296003	8	1	7	7	11
345	10661	0	2	e_to_ē,s_to_ş	2	2	1	1	removed_sentence_hum	2	2	final_prompt_token_minus_10,final_prompt_token_minus_5	2	0.14638909697532645	0.1706785559654235	0.14638909697532645	2	0	2	0	2
346	10676	1	2	e_to_ē,s_to_ş	2	2	2	2	original_hum,removed_sentence_hum	1	1	final_prompt_token	4	0.1842953898012638	0.206234872341156	0.1842953898012638	4	0	4	0	4
347	10688	0	1	s_to_ş	1	1	1	1	paraphrase_hum	1	1	final_prompt_token_minus_5	1	0.1606086194515228	0.1606086194515228	0.1606086194515228	1	0	1	0	1
348	10690	0	2	e_to_ē,s_to_ş	2	2	1	1	paraphrase_hum	1	1	final_prompt_token	2	0.1634585559368133	0.1634585559368133	-0.1634585559368133	2	2	0	0	2
349	10699	0	1	e_to_ē	1	1	1	1	paraphrase_hum	1	1	final_prompt_token	1	0.1887425780296325	0.1887425780296325	0.1887425780296325	1	0	1	0	1
350	10709	1	2	e_to_ē,s_to_ş	2	2	3	3	original_hum,removed_sentence_hum,yes_no_hum	5	5	final_prompt_token,final_prompt_token_minus_1,final_prompt_token_minus_10,final_prompt_token_minus_2,final_prompt_token_minus_5	17	0.2525721218656091	0.4288719296455383	-0.14567279903327718	15	10	5	2	16
351	10764	1	2	e_to_ē,s_to_ş	2	2	2	2	just_check_hum,original_hum	3	3	final_prompt_token_minus_1,final_prompt_token_minus_10,final_prompt_token_minus_5	5	0.15732599198818203	0.1740159690380096	-0.10311724245548244	5	4	1	0	5
352	10786	0	2	e_to_ē,s_to_ş	2	2	1	1	yes_no_hum	2	1	final_prompt_token,final_prompt_token_minus_5	4	0.13189516961574554	0.174088716506958	-0.04219354689121248	2	2	0	2	3
353	10831	1	2	e_to_ē,s_to_ş	2	2	2	2	just_check_hum,yes_no_hum	2	2	final_prompt_token_minus_10,final_prompt_token_minus_5	3	0.20352785785992936	0.2104425728321075	-0.07706223924954729	3	2	1	0	3
354	10859	0	1	s_to_ş	1	1	1	1	just_check_hum	1	1	final_prompt_token_minus_10	1	0.3524015545845032	0.3524015545845032	0.3524015545845032	1	0	1	0	1
355	10927	0	2	e_to_ē,s_to_ş	0	0	1	0	yes_no_hum	1	0	final_prompt_token_minus_2	2	0.02129571884870525	0.0251722633838653	-0.02129571884870525	0	0	0	2	0
356	10956	0	1	e_to_ē	1	1	1	1	original_hum	1	1	final_prompt_token_minus_10	1	0.1571187078952789	0.1571187078952789	0.1571187078952789	1	0	1	0	1
357	10963	0	2	e_to_ē,s_to_ş	2	2	1	1	removed_sentence_hum	1	1	final_prompt_token	2	0.1567500829696655	0.1633336693048477	0.1567500829696655	2	0	2	0	2
358	11002	0	1	e_to_ē	1	1	1	1	removed_sentence_hum	1	1	final_prompt_token_minus_10	1	0.1585420817136764	0.1585420817136764	0.1585420817136764	1	0	1	0	1
359	11006	0	2	e_to_ē,s_to_ş	2	2	2	2	just_check_hum,removed_sentence_hum	1	1	final_prompt_token	3	0.2212462077538172	0.3413630127906799	-0.11867980659008026	2	1	1	1	3
360	11038	1	2	e_to_ē,s_to_ş	2	2	4	4	just_check_hum,original_hum,paraphrase_hum,removed_sentence_hum	2	2	final_prompt_token_minus_10,final_prompt_token_minus_2	6	0.3088549425204595	0.5589942336082458	0.3088549425204595	6	0	6	0	6
361	11066	0	1	s_to_ş	1	1	1	1	paraphrase_hum	1	1	final_prompt_token_minus_10	1	0.2093204408884048	0.2093204408884048	0.2093204408884048	1	0	1	0	1
362	11094	0	1	s_to_ş	1	1	1	1	paraphrase_hum	1	1	final_prompt_token_minus_10	1	0.1833512187004089	0.1833512187004089	0.1833512187004089	1	0	1	0	1
363	11103	1	2	e_to_ē,s_to_ş	2	2	2	2	paraphrase_hum,yes_no_hum	2	2	final_prompt_token_minus_2,final_prompt_token_minus_5	4	0.17698557674884793	0.2221955358982086	0.06588780879974362	3	1	2	1	3
364	11120	0	2	e_to_ē,s_to_ş	2	2	1	1	just_check_hum	1	1	final_prompt_token_minus_10	2	0.1729891896247863	0.1729891896247863	-0.1729891896247863	2	2	0	0	2
365	11145	1	2	e_to_ē,s_to_ş	2	2	2	2	original_hum,removed_sentence_hum	2	2	final_prompt_token_minus_10,final_prompt_token_minus_5	6	0.1989445586999257	0.2876807749271393	-0.018271207809448214	6	4	2	0	6
366	11147	1	2	e_to_ē,s_to_ş	2	2	2	2	original_hum,removed_sentence_hum	1	1	final_prompt_token_minus_10	4	0.22878080606460566	0.2415210008621215	-0.22878080606460566	4	4	0	0	4
367	11175	0	1	e_to_ē	1	1	2	2	paraphrase_hum,yes_no_hum	2	2	final_prompt_token_minus_1,final_prompt_token_minus_5	2	0.19508434832096094	0.2012780308723449	0.19508434832096094	2	0	2	0	2
368	11220	0	1	e_to_ē	1	1	1	1	yes_no_hum	1	1	final_prompt_token_minus_1	1	0.1678714752197265	0.1678714752197265	0.1678714752197265	1	0	1	0	1
369	11250	1	2	e_to_ē,s_to_ş	2	2	2	2	just_check_hum,paraphrase_hum	2	2	final_prompt_token_minus_10,final_prompt_token_minus_5	5	0.23474675416946406	0.2976695895195007	-0.17100394964218135	5	4	1	0	5
370	11255	0	1	s_to_ş	1	1	1	1	paraphrase_hum	1	1	final_prompt_token_minus_10	1	0.2263034284114837	0.2263034284114837	0.2263034284114837	1	0	1	0	1
371	11256	1	2	e_to_ē,s_to_ş	2	2	5	5	just_check_hum,original_hum,paraphrase_hum,removed_sentence_hum,yes_no_hum	4	4	final_prompt_token,final_prompt_token_minus_1,final_prompt_token_minus_2,final_prompt_token_minus_5	22	0.20907401225783603	0.4191058874130249	-0.15715185078707605	13	11	2	9	19
372	11297	0	1	e_to_ē	1	1	1	1	yes_no_hum	1	1	final_prompt_token	1	0.152405247092247	0.152405247092247	0.152405247092247	1	0	1	0	1
373	11331	1	2	e_to_ē,s_to_ş	2	2	2	2	original_hum,removed_sentence_hum	1	1	final_prompt_token_minus_5	4	0.15354135632514948	0.1540197432041168	-0.15354135632514948	4	4	0	0	4
374	11335	0	2	e_to_ē,s_to_ş	1	1	3	3	original_hum,paraphrase_hum,removed_sentence_hum	3	2	final_prompt_token,final_prompt_token_minus_2,final_prompt_token_minus_5	5	0.15687544345855708	0.2633795142173767	0.12709304094314577	3	0	3	2	3
375	11412	1	2	e_to_ē,s_to_ş	2	2	2	2	original_hum,removed_sentence_hum	2	2	final_prompt_token_minus_10,final_prompt_token_minus_5	6	0.5162738362948099	0.974903166294098	0.11180192232131962	6	4	2	0	6
376	11445	0	1	s_to_ş	1	1	1	1	paraphrase_hum	1	1	final_prompt_token_minus_10	1	0.265359103679657	0.265359103679657	0.265359103679657	1	0	1	0	1
377	11456	1	2	e_to_ē,s_to_ş	2	2	4	4	original_hum,paraphrase_hum,removed_sentence_hum,yes_no_hum	4	4	final_prompt_token,final_prompt_token_minus_1,final_prompt_token_minus_2,final_prompt_token_minus_5	16	0.13353396393358702	0.2296673655509948	-0.11852082051336763	11	11	0	5	11
378	11552	0	2	e_to_ē,s_to_ş	1	1	1	1	paraphrase_hum	1	1	final_prompt_token_minus_1	2	0.13980853557586664	0.2237154692411422	-0.08390693366527555	1	1	0	1	1
379	11575	0	1	e_to_ē	1	1	2	2	paraphrase_hum,yes_no_hum	2	2	final_prompt_token_minus_2,final_prompt_token_minus_5	2	0.21946720778942105	0.2400207221508026	0.21946720778942105	2	0	2	0	2
380	11577	0	2	e_to_ē,s_to_ş	2	2	1	1	yes_no_hum	1	1	final_prompt_token_minus_10	2	0.2762334942817688	0.2762334942817688	-0.2762334942817688	2	2	0	0	2
381	11581	0	1	s_to_ş	1	1	1	1	just_check_hum	1	1	final_prompt_token_minus_10	1	0.1816322803497314	0.1816322803497314	0.1816322803497314	1	0	1	0	1
382	11587	0	1	e_to_ē	1	1	1	1	just_check_hum	1	1	final_prompt_token_minus_10	1	0.1650555878877639	0.1650555878877639	0.1650555878877639	1	0	1	0	1
383	11617	0	1	s_to_ş	1	1	1	1	yes_no_hum	1	1	final_prompt_token_minus_1	1	0.1544115841388702	0.1544115841388702	0.1544115841388702	1	0	1	0	1
384	11650	1	2	e_to_ē,s_to_ş	2	2	5	5	just_check_hum,original_hum,paraphrase_hum,removed_sentence_hum,yes_no_hum	3	3	final_prompt_token,final_prompt_token_minus_1,final_prompt_token_minus_2	9	0.19113900595241118	0.2327755540609359	0.08768320414755078	9	2	7	0	9
385	11652	0	1	s_to_ş	1	1	1	1	original_hum	1	1	final_prompt_token_minus_10	1	0.1459788233041763	0.1459788233041763	0.1459788233041763	1	0	1	0	1
386	11674	0	2	e_to_ē,s_to_ş	2	2	1	1	yes_no_hum	1	1	final_prompt_token_minus_1	2	0.23058000206947324	0.2803186178207397	0.23058000206947324	2	0	2	0	2
387	11788	0	1	s_to_ş	1	1	1	1	just_check_hum	1	1	final_prompt_token	1	0.2087929993867874	0.2087929993867874	0.2087929993867874	1	0	1	0	1
388	11809	0	1	e_to_ē	1	1	3	3	just_check_hum,original_hum,removed_sentence_hum	1	1	final_prompt_token_minus_2	3	0.1926413873831431	0.2074529528617859	0.1926413873831431	3	0	3	0	3
389	11810	0	1	e_to_ē	1	1	2	2	just_check_hum,paraphrase_hum	1	1	final_prompt_token_minus_10	2	0.2104426026344299	0.2163462936878204	0.2104426026344299	2	0	2	0	2
390	11816	1	2	e_to_ē,s_to_ş	2	2	3	3	paraphrase_hum,removed_sentence_hum,yes_no_hum	4	3	final_prompt_token,final_prompt_token_minus_1,final_prompt_token_minus_2,final_prompt_token_minus_5	9	0.18512876828511554	0.4928325414657593	0.08676550785700478	5	2	3	4	5
391	11882	1	2	e_to_ē,s_to_ş	2	2	3	3	just_check_hum,paraphrase_hum,yes_no_hum	3	3	final_prompt_token_minus_10,final_prompt_token_minus_2,final_prompt_token_minus_5	7	0.32742886883871897	0.3689442276954651	-0.050983173506600525	7	4	3	0	7
392	11883	0	1	s_to_ş	1	1	2	2	original_hum,removed_sentence_hum	1	1	final_prompt_token_minus_5	2	0.1774441078305244	0.1873994469642639	0.1774441078305244	2	0	2	0	2
393	12026	0	2	e_to_ē,s_to_ş	2	2	1	1	just_check_hum	1	1	final_prompt_token_minus_10	2	0.2568975687026977	0.2568975687026977	-0.2568975687026977	2	2	0	0	2
394	12034	1	2	e_to_ē,s_to_ş	2	2	5	5	just_check_hum,original_hum,paraphrase_hum,removed_sentence_hum,yes_no_hum	4	4	final_prompt_token_minus_1,final_prompt_token_minus_10,final_prompt_token_minus_2,final_prompt_token_minus_5	20	0.2773388504981994	0.4706102907657623	0.2773388504981994	20	0	20	0	20
395	12042	0	1	e_to_ē	1	1	1	1	paraphrase_hum	1	1	final_prompt_token_minus_10	1	0.182511031627655	0.182511031627655	0.182511031627655	1	0	1	0	1
396	12067	0	1	e_to_ē	1	1	1	1	paraphrase_hum	1	1	final_prompt_token_minus_10	1	0.2093632072210312	0.2093632072210312	0.2093632072210312	1	0	1	0	1
397	12068	1	2	e_to_ē,s_to_ş	2	2	4	4	just_check_hum,original_hum,paraphrase_hum,removed_sentence_hum	2	2	final_prompt_token_minus_10,final_prompt_token_minus_2	5	0.459754091501236	0.5965098142623901	0.459754091501236	5	0	5	0	5
398	12084	0	1	e_to_ē	1	1	1	1	just_check_hum	1	1	final_prompt_token	1	0.173360601067543	0.173360601067543	0.173360601067543	1	0	1	0	1
399	12088	1	2	e_to_ē,s_to_ş	2	2	1	1	paraphrase_hum	2	2	final_prompt_token,final_prompt_token_minus_1	4	0.16101046279072762	0.2039719074964523	-0.1303727589547634	3	3	0	1	3
400	12130	0	2	e_to_ē,s_to_ş	2	2	1	1	just_check_hum	1	1	final_prompt_token_minus_2	2	0.1797950714826584	0.1797950714826584	-0.1797950714826584	2	2	0	0	2
401	12190	0	1	s_to_ş	1	1	1	1	removed_sentence_hum	1	1	final_prompt_token_minus_10	1	0.1855152547359466	0.1855152547359466	0.1855152547359466	1	0	1	0	1
402	12248	0	1	s_to_ş	1	1	1	1	yes_no_hum	1	1	final_prompt_token_minus_2	1	0.168767899274826	0.168767899274826	0.168767899274826	1	0	1	0	1
403	12308	0	1	e_to_ē	1	1	1	1	paraphrase_hum	1	1	final_prompt_token_minus_1	1	0.2062033861875534	0.2062033861875534	0.2062033861875534	1	0	1	0	1
404	12320	0	2	e_to_ē,s_to_ş	1	1	2	2	original_hum,removed_sentence_hum	2	2	final_prompt_token,final_prompt_token_minus_10	5	0.08384432196617123	0.185794398188591	-0.02202283740043638	2	1	1	3	2
405	12341	0	1	s_to_ş	1	1	1	1	just_check_hum	1	1	final_prompt_token_minus_10	1	0.1937820017337799	0.1937820017337799	0.1937820017337799	1	0	1	0	1
406	12351	0	2	e_to_ē,s_to_ş	2	2	1	1	original_hum	1	1	final_prompt_token_minus_2	2	0.1818703263998031	0.1818703263998031	-0.1818703263998031	2	2	0	0	2
407	12420	0	1	e_to_ē	1	1	1	1	just_check_hum	1	1	final_prompt_token_minus_10	1	0.2170924395322799	0.2170924395322799	0.2170924395322799	1	0	1	0	1
408	12425	0	2	e_to_ē,s_to_ş	2	2	1	1	paraphrase_hum	1	1	final_prompt_token_minus_10	2	0.2140503078699112	0.2140503078699112	-0.2140503078699112	2	2	0	0	2
409	12471	0	1	s_to_ş	1	1	1	1	just_check_hum	1	1	final_prompt_token	1	0.2164859175682068	0.2164859175682068	0.2164859175682068	1	0	1	0	1
410	12472	0	1	s_to_ş	1	1	1	1	paraphrase_hum	1	1	final_prompt_token	1	0.1518913805484771	0.1518913805484771	0.1518913805484771	1	0	1	0	1
411	12557	0	2	e_to_ē,s_to_ş	2	2	1	1	paraphrase_hum	1	1	final_prompt_token_minus_2	2	0.1519314348697662	0.1519314348697662	-0.1519314348697662	2	2	0	0	2
412	12580	0	1	s_to_ş	1	1	1	1	paraphrase_hum	1	1	final_prompt_token_minus_10	1	0.3872294127941131	0.3872294127941131	0.3872294127941131	1	0	1	0	1
413	12583	0	1	s_to_ş	1	1	1	1	paraphrase_hum	1	1	final_prompt_token_minus_5	1	0.1751298010349273	0.1751298010349273	0.1751298010349273	1	0	1	0	1
414	12596	1	2	e_to_ē,s_to_ş	2	2	2	2	paraphrase_hum,yes_no_hum	2	2	final_prompt_token_minus_2,final_prompt_token_minus_5	3	0.17268198728561393	0.1920861601829528	-0.044624547163645396	3	2	1	0	3
415	12633	0	1	s_to_ş	1	1	2	2	original_hum,removed_sentence_hum	1	1	final_prompt_token_minus_5	2	0.18640772998332972	0.1975333094596862	0.18640772998332972	2	0	2	0	2
416	12642	0	2	e_to_ē,s_to_ş	2	2	1	1	just_check_hum	1	1	final_prompt_token_minus_1	2	0.17329838871955872	0.1901062726974487	0.17329838871955872	2	0	2	0	2
417	12693	0	2	e_to_ē,s_to_ş	1	1	2	2	original_hum,removed_sentence_hum	2	2	final_prompt_token_minus_10,final_prompt_token_minus_5	6	0.13694668809572852	0.2299628257751464	-0.0010760724544525097	4	2	2	2	4
418	12704	0	1	s_to_ş	1	1	1	1	just_check_hum	1	1	final_prompt_token_minus_5	1	0.1938865184783935	0.1938865184783935	0.1938865184783935	1	0	1	0	1
419	12709	1	2	e_to_ē,s_to_ş	2	2	2	2	original_hum,removed_sentence_hum	1	1	final_prompt_token_minus_5	4	0.17956492304801935	0.1853817701339721	-0.17956492304801935	4	4	0	0	4
420	12799	0	1	e_to_ē	1	1	1	1	removed_sentence_hum	1	1	final_prompt_token_minus_5	1	0.1700149923563003	0.1700149923563003	0.1700149923563003	1	0	1	0	1
421	12801	0	1	e_to_ē	1	1	2	2	original_hum,removed_sentence_hum	1	1	final_prompt_token_minus_10	2	0.2563403323292732	0.3140588402748108	0.2563403323292732	2	0	2	0	2
422	12805	1	2	e_to_ē,s_to_ş	2	2	3	3	just_check_hum,paraphrase_hum,yes_no_hum	2	2	final_prompt_token_minus_1,final_prompt_token_minus_10	7	0.30298882509980885	0.3571457266807556	-0.2610547649008887	7	6	1	0	7
423	12806	0	2	e_to_ē,s_to_ş	2	2	1	1	yes_no_hum	1	1	final_prompt_token_minus_10	2	0.2173266857862472	0.2173266857862472	-0.2173266857862472	2	2	0	0	2
424	12815	0	1	e_to_ē	1	1	1	1	paraphrase_hum	1	1	final_prompt_token_minus_1	1	0.2422581613063812	0.2422581613063812	0.2422581613063812	1	0	1	0	1
425	12998	1	2	e_to_ē,s_to_ş	2	2	2	2	original_hum,removed_sentence_hum	1	1	final_prompt_token_minus_5	4	0.1617990732192993	0.1667654514312744	-0.1617990732192993	4	4	0	0	4
426	13013	0	1	s_to_ş	1	1	1	1	just_check_hum	1	1	final_prompt_token	1	0.1672376692295074	0.1672376692295074	0.1672376692295074	1	0	1	0	1
427	13042	0	1	e_to_ē	1	1	1	1	yes_no_hum	1	1	final_prompt_token_minus_2	1	0.1628193110227584	0.1628193110227584	0.1628193110227584	1	0	1	0	1
428	13049	0	1	e_to_ē	1	1	1	1	paraphrase_hum	1	1	final_prompt_token_minus_5	1	0.1883595734834671	0.1883595734834671	0.1883595734834671	1	0	1	0	1
429	13061	1	2	e_to_ē,s_to_ş	2	2	2	2	original_hum,removed_sentence_hum	1	1	final_prompt_token	4	0.1882459223270416	0.2025529444217682	-0.1882459223270416	4	4	0	0	4
430	13092	0	1	s_to_ş	1	1	2	2	original_hum,removed_sentence_hum	1	1	final_prompt_token_minus_5	2	0.21231748908758158	0.2376085966825485	0.21231748908758158	2	0	2	0	2
431	13137	0	2	e_to_ē,s_to_ş	2	2	1	1	yes_no_hum	1	1	final_prompt_token_minus_5	2	0.2054467499256134	0.2054467499256134	-0.2054467499256134	2	2	0	0	2
432	13188	0	1	s_to_ş	1	1	1	1	just_check_hum	1	1	final_prompt_token_minus_10	1	0.1729273200035095	0.1729273200035095	0.1729273200035095	1	0	1	0	1
433	13208	0	2	e_to_ē,s_to_ş	2	2	1	1	paraphrase_hum	1	1	final_prompt_token_minus_5	2	0.18078160285949701	0.2016960382461547	0.18078160285949701	2	0	2	0	2
434	13232	0	1	s_to_ş	1	1	2	2	original_hum,removed_sentence_hum	1	1	final_prompt_token_minus_10	2	0.3927115797996521	0.4385208785533905	0.3927115797996521	2	0	2	0	2
435	13236	0	1	e_to_ē	1	1	3	3	just_check_hum,original_hum,removed_sentence_hum	1	1	final_prompt_token_minus_2	3	0.20868473748366034	0.21612049639225	0.20868473748366034	3	0	3	0	3
436	13359	1	2	e_to_ē,s_to_ş	2	2	3	3	just_check_hum,original_hum,removed_sentence_hum	3	3	final_prompt_token,final_prompt_token_minus_1,final_prompt_token_minus_10	4	0.2605807557702064	0.3176864683628082	0.2605807557702064	4	0	4	0	4
437	13412	0	1	e_to_ē	1	1	2	2	original_hum,removed_sentence_hum	1	1	final_prompt_token_minus_5	2	0.19185413420200345	0.2012209594249725	0.19185413420200345	2	0	2	0	2
438	13487	1	2	e_to_ē,s_to_ş	2	2	2	2	original_hum,paraphrase_hum	3	3	final_prompt_token,final_prompt_token_minus_10,final_prompt_token_minus_5	3	0.18834879994392392	0.2022819817066192	0.18834879994392392	3	0	3	0	3
439	13555	0	2	e_to_ē,s_to_ş	2	2	1	1	just_check_hum	1	1	final_prompt_token	2	0.1923664212226867	0.1923664212226867	-0.1923664212226867	2	2	0	0	2
440	13567	0	1	s_to_ş	1	1	1	1	just_check_hum	1	1	final_prompt_token_minus_2	1	0.2056117951869964	0.2056117951869964	0.2056117951869964	1	0	1	0	1
441	13593	1	2	e_to_ē,s_to_ş	2	2	3	3	just_check_hum,paraphrase_hum,yes_no_hum	4	3	final_prompt_token_minus_1,final_prompt_token_minus_10,final_prompt_token_minus_2,final_prompt_token_minus_5	10	0.23241448551416394	0.3919746279716491	-0.0335750088095665	8	4	4	2	8
442	13596	0	1	s_to_ş	1	1	1	1	paraphrase_hum	1	1	final_prompt_token_minus_1	1	0.1875578910112381	0.1875578910112381	0.1875578910112381	1	0	1	0	1
443	13599	1	2	e_to_ē,s_to_ş	2	2	2	2	original_hum,removed_sentence_hum	1	1	final_prompt_token_minus_5	4	0.24148657917976374	0.243757888674736	-0.24148657917976374	4	4	0	0	4
444	13656	0	2	e_to_ē,s_to_ş	2	2	2	2	just_check_hum,paraphrase_hum	1	1	final_prompt_token_minus_10	2	0.22124819457530975	0.3051367700099945	0.22124819457530975	2	0	2	0	2
445	13671	0	1	s_to_ş	1	1	1	1	original_hum	1	1	final_prompt_token_minus_2	1	0.1694216132164001	0.1694216132164001	0.1694216132164001	1	0	1	0	1
446	13704	0	2	e_to_ē,s_to_ş	2	2	1	1	yes_no_hum	1	1	final_prompt_token_minus_2	2	0.1773814186453819	0.1904155015945434	0.1773814186453819	2	0	2	0	2
447	13747	0	1	e_to_ē	1	1	1	1	just_check_hum	1	1	final_prompt_token_minus_10	1	0.1472013294696808	0.1472013294696808	0.1472013294696808	1	0	1	0	1
448	13760	0	1	e_to_ē	1	1	2	2	paraphrase_hum,yes_no_hum	2	2	final_prompt_token_minus_2,final_prompt_token_minus_5	2	0.35793630778789515	0.3643296658992767	0.35793630778789515	2	0	2	0	2
449	13768	0	1	s_to_ş	1	1	1	1	paraphrase_hum	1	1	final_prompt_token_minus_5	1	0.1773941814899444	0.1773941814899444	0.1773941814899444	1	0	1	0	1
450	13791	1	2	e_to_ē,s_to_ş	2	2	3	3	original_hum,removed_sentence_hum,yes_no_hum	3	3	final_prompt_token,final_prompt_token_minus_10,final_prompt_token_minus_2	5	0.16440030932426447	0.1918028444051742	0.16440030932426447	5	0	5	0	5
451	13792	0	2	e_to_ē,s_to_ş	2	2	1	1	paraphrase_hum	1	1	final_prompt_token_minus_10	2	0.2663906514644623	0.2663906514644623	-0.2663906514644623	2	2	0	0	2
452	13815	1	2	e_to_ē,s_to_ş	2	2	3	2	just_check_hum,paraphrase_hum,yes_no_hum	2	1	final_prompt_token_minus_1,final_prompt_token_minus_2	6	0.1068324397007624	0.2109834402799606	-0.1068324397007624	3	3	0	3	3
453	13883	0	1	s_to_ş	1	1	1	1	removed_sentence_hum	1	1	final_prompt_token_minus_10	1	0.1296432167291641	0.1296432167291641	0.1296432167291641	1	0	1	0	1
454	13916	1	2	e_to_ē,s_to_ş	2	2	3	3	just_check_hum,original_hum,removed_sentence_hum	4	4	final_prompt_token,final_prompt_token_minus_1,final_prompt_token_minus_2,final_prompt_token_minus_5	14	0.11053962899105886	0.2426525354385376	-0.10916975247008458	7	7	0	7	7
455	13935	1	2	e_to_ē,s_to_ş	2	2	4	2	original_hum,paraphrase_hum,removed_sentence_hum,yes_no_hum	2	1	final_prompt_token,final_prompt_token_minus_5	9	0.12353565129968852	0.3324388861656189	-0.05450462798277537	3	2	1	6	3
456	13954	0	1	e_to_ē	1	1	1	1	paraphrase_hum	1	1	final_prompt_token_minus_10	1	0.2055411040782928	0.2055411040782928	0.2055411040782928	1	0	1	0	1
457	13989	1	2	e_to_ē,s_to_ş	2	2	2	2	just_check_hum,paraphrase_hum	2	2	final_prompt_token,final_prompt_token_minus_5	6	0.20073545972506202	0.2656886875629425	-0.20073545972506202	5	5	0	1	5
458	14126	0	2	e_to_ē,s_to_ş	2	2	1	1	yes_no_hum	1	1	final_prompt_token_minus_1	2	0.1742458343505859	0.1742458343505859	-0.1742458343505859	2	2	0	0	2
459	14134	0	2	e_to_ē,s_to_ş	2	2	1	1	paraphrase_hum	1	1	final_prompt_token_minus_5	2	0.2091946303844452	0.2091946303844452	-0.2091946303844452	2	2	0	0	2
460	14142	1	2	e_to_ē,s_to_ş	2	2	2	2	original_hum,removed_sentence_hum	1	1	final_prompt_token_minus_5	4	0.17502853274345395	0.1879720091819763	-0.17502853274345395	4	4	0	0	4
461	14169	0	2	e_to_ē,s_to_ş	2	2	2	2	just_check_hum,paraphrase_hum	1	1	final_prompt_token_minus_10	2	0.2852708697319031	0.3342287540435791	0.2852708697319031	2	0	2	0	2
462	14178	0	1	s_to_ş	1	1	1	1	original_hum	1	1	final_prompt_token_minus_10	1	0.1390946805477142	0.1390946805477142	0.1390946805477142	1	0	1	0	1
463	14182	1	2	e_to_ē,s_to_ş	2	2	3	3	just_check_hum,original_hum,removed_sentence_hum	2	2	final_prompt_token,final_prompt_token_minus_5	4	0.19940457493066785	0.2406819611787796	-0.04127738624811175	4	2	2	0	4
464	14210	0	1	s_to_ş	1	1	1	1	paraphrase_hum	1	1	final_prompt_token_minus_1	1	0.2411660999059677	0.2411660999059677	0.2411660999059677	1	0	1	0	1
465	14282	0	2	e_to_ē,s_to_ş	2	2	1	1	paraphrase_hum	1	1	final_prompt_token_minus_10	2	0.3138318359851837	0.3138318359851837	-0.3138318359851837	2	2	0	0	2
466	14296	0	1	e_to_ē	1	1	2	2	just_check_hum,paraphrase_hum	1	1	final_prompt_token_minus_10	2	0.19612821936607355	0.2137115895748138	0.19612821936607355	2	0	2	0	2
467	14409	0	1	e_to_ē	1	1	1	1	paraphrase_hum	1	1	final_prompt_token_minus_2	1	0.2070182859897613	0.2070182859897613	0.2070182859897613	1	0	1	0	1
468	14416	0	2	e_to_ē,s_to_ş	2	2	1	1	just_check_hum	1	1	final_prompt_token_minus_10	2	0.2051419168710708	0.2051419168710708	-0.2051419168710708	2	2	0	0	2
469	14432	0	1	e_to_ē	1	1	2	2	original_hum,removed_sentence_hum	1	1	final_prompt_token_minus_10	2	0.2010308057069778	0.2319572865962982	0.2010308057069778	2	0	2	0	2
470	14485	0	2	e_to_ē,s_to_ş	2	2	1	1	just_check_hum	1	1	final_prompt_token_minus_5	2	0.2636515498161316	0.2636515498161316	-0.2636515498161316	2	2	0	0	2
471	14488	0	1	s_to_ş	1	1	2	2	original_hum,removed_sentence_hum	1	1	final_prompt_token_minus_5	2	0.28281742334365845	0.311120867729187	0.28281742334365845	2	0	2	0	2
472	14500	0	1	s_to_ş	1	1	1	1	just_check_hum	1	1	final_prompt_token_minus_1	1	0.1890529245138168	0.1890529245138168	0.1890529245138168	1	0	1	0	1
473	14552	0	2	e_to_ē,s_to_ş	2	2	1	1	paraphrase_hum	1	1	final_prompt_token_minus_1	2	0.2084280401468277	0.2084280401468277	-0.2084280401468277	2	2	0	0	2
474	14553	1	2	e_to_ē,s_to_ş	2	2	3	3	just_check_hum,paraphrase_hum,yes_no_hum	4	4	final_prompt_token_minus_1,final_prompt_token_minus_10,final_prompt_token_minus_2,final_prompt_token_minus_5	6	0.1912200475732485	0.2196523547172546	0.060571305453777306	6	2	4	0	6
475	14578	0	1	e_to_ē	1	1	1	1	paraphrase_hum	1	1	final_prompt_token_minus_1	1	0.2008999288082122	0.2008999288082122	0.2008999288082122	1	0	1	0	1
476	14614	0	2	e_to_ē,s_to_ş	0	0	2	0	original_hum,removed_sentence_hum	1	0	final_prompt_token	4	0.017375059425830824	0.0376690775156021	0.013841845095157623	0	0	0	4	0
477	14652	0	1	e_to_ē	1	1	1	1	paraphrase_hum	1	1	final_prompt_token_minus_1	1	0.2084432691335678	0.2084432691335678	0.2084432691335678	1	0	1	0	1
478	14653	0	1	s_to_ş	1	1	1	1	paraphrase_hum	1	1	final_prompt_token	1	0.1468942314386367	0.1468942314386367	0.1468942314386367	1	0	1	0	1
479	14667	1	2	e_to_ē,s_to_ş	2	2	2	2	original_hum,removed_sentence_hum	1	1	final_prompt_token_minus_5	4	0.19121970981359476	0.1979930102825164	-0.19121970981359476	4	4	0	0	4
480	14668	0	2	e_to_ē,s_to_ş	2	2	1	1	paraphrase_hum	1	1	final_prompt_token_minus_10	2	0.4358167350292206	0.4358167350292206	-0.4358167350292206	2	2	0	0	2
481	14672	1	2	e_to_ē,s_to_ş	2	2	3	3	just_check_hum,original_hum,removed_sentence_hum	2	2	final_prompt_token_minus_10,final_prompt_token_minus_5	5	0.43734810948371877	0.4428339302539825	-0.2602145373821258	5	4	1	0	5
482	14675	1	2	e_to_ē,s_to_ş	2	2	2	2	original_hum,removed_sentence_hum	1	1	final_prompt_token_minus_2	4	0.24980537593364716	0.2551327347755432	-0.24980537593364716	4	4	0	0	4
483	14727	1	2	e_to_ē,s_to_ş	2	2	5	4	just_check_hum,original_hum,paraphrase_hum,removed_sentence_hum,yes_no_hum	2	2	final_prompt_token,final_prompt_token_minus_5	8	0.16604369133710858	0.3188372850418091	0.16357977688312528	6	0	6	2	6
484	14744	0	2	e_to_ē,s_to_ş	0	0	1	0	yes_no_hum	1	0	final_prompt_token_minus_1	2	0.00839784741401665	0.0099333524703979	-0.00839784741401665	0	0	0	2	0
485	14757	0	1	s_to_ş	1	1	1	1	removed_sentence_hum	1	1	final_prompt_token_minus_10	1	0.1956728249788284	0.1956728249788284	0.1956728249788284	1	0	1	0	1
486	14768	0	1	e_to_ē	1	1	2	2	original_hum,removed_sentence_hum	1	1	final_prompt_token_minus_5	2	0.20812530815601343	0.2153324484825134	0.20812530815601343	2	0	2	0	2
487	14771	1	2	e_to_ē,s_to_ş	2	2	2	2	original_hum,removed_sentence_hum	2	2	final_prompt_token_minus_2,final_prompt_token_minus_5	6	0.17414152622222898	0.1796665489673614	-0.17414152622222898	6	6	0	0	6
488	14773	0	1	s_to_ş	1	1	1	1	just_check_hum	1	1	final_prompt_token_minus_2	1	0.3179734349250793	0.3179734349250793	0.3179734349250793	1	0	1	0	1
489	14789	0	1	s_to_ş	1	1	2	2	paraphrase_hum,yes_no_hum	2	2	final_prompt_token_minus_2,final_prompt_token_minus_5	2	0.21023178845643994	0.2311643660068512	0.21023178845643994	2	0	2	0	2
490	14823	0	2	e_to_ē,s_to_ş	2	2	1	1	paraphrase_hum	1	1	final_prompt_token_minus_10	2	0.2521231472492218	0.2521231472492218	-0.2521231472492218	2	2	0	0	2
491	14836	1	2	e_to_ē,s_to_ş	2	2	3	3	just_check_hum,original_hum,removed_sentence_hum	1	1	final_prompt_token_minus_1	4	0.28106978535652155	0.3444096744060516	0.28106978535652155	4	0	4	0	4
492	14845	0	2	e_to_ē,s_to_ş	1	2	1	1	yes_no_hum	2	1	final_prompt_token_minus_1,final_prompt_token_minus_2	3	0.12797193725903824	0.1777165830135345	0.12797193725903824	1	0	1	2	2
493	14847	0	2	e_to_ē,s_to_ş	1	1	1	1	yes_no_hum	1	1	final_prompt_token_minus_2	2	0.1298482567071914	0.2264937907457351	-0.1298482567071914	1	1	0	1	1
494	14858	1	2	e_to_ē,s_to_ş	2	2	5	5	just_check_hum,original_hum,paraphrase_hum,removed_sentence_hum,yes_no_hum	2	2	final_prompt_token,final_prompt_token_minus_5	7	0.5531434118747711	0.6993447542190552	0.1536102763244084	7	2	5	0	7
495	14870	1	2	e_to_ē,s_to_ş	2	2	5	5	just_check_hum,original_hum,paraphrase_hum,removed_sentence_hum,yes_no_hum	4	4	final_prompt_token_minus_1,final_prompt_token_minus_10,final_prompt_token_minus_2,final_prompt_token_minus_5	13	0.28360023979957283	0.4875485002994537	0.19308492885186118	12	1	11	1	13
496	14905	1	2	e_to_ē,s_to_ş	2	2	2	2	removed_sentence_hum,yes_no_hum	2	2	final_prompt_token_minus_10,final_prompt_token_minus_2	4	0.18295920640230173	0.2024838030338287	0.01226777583360672	4	2	2	0	4
497	14949	1	2	e_to_ē,s_to_ş	2	2	2	2	original_hum,removed_sentence_hum	1	1	final_prompt_token_minus_5	4	0.18682914972305295	0.1974395364522934	-0.18682914972305295	4	4	0	0	4
498	14955	0	1	s_to_ş	1	1	3	3	just_check_hum,original_hum,removed_sentence_hum	1	1	final_prompt_token	3	0.22350106636683142	0.2354186773300171	0.22350106636683142	3	0	3	0	3
499	14987	0	2	e_to_ē,s_to_ş	2	2	1	1	just_check_hum	1	1	final_prompt_token_minus_10	2	0.2884270548820495	0.2884270548820495	-0.2884270548820495	2	2	0	0	2
500	15062	0	1	e_to_ē	1	1	1	1	just_check_hum	1	1	final_prompt_token_minus_10	1	0.2181232422590255	0.2181232422590255	0.2181232422590255	1	0	1	0	1
501	15076	1	2	e_to_ē,s_to_ş	2	2	5	4	just_check_hum,original_hum,paraphrase_hum,removed_sentence_hum,yes_no_hum	4	4	final_prompt_token,final_prompt_token_minus_1,final_prompt_token_minus_2,final_prompt_token_minus_5	25	0.1391405355930328	0.5204609632492065	0.009911421537399278	12	5	7	13	15
502	15078	0	1	s_to_ş	1	1	1	1	just_check_hum	1	1	final_prompt_token	1	0.1828565746545791	0.1828565746545791	0.1828565746545791	1	0	1	0	1
503	15081	0	2	e_to_ē,s_to_ş	2	2	1	1	just_check_hum	1	1	final_prompt_token	2	0.2389207780361175	0.3159565925598144	0.2389207780361175	2	0	2	0	2
504	15096	1	2	e_to_ē,s_to_ş	2	2	2	2	paraphrase_hum,yes_no_hum	3	3	final_prompt_token,final_prompt_token_minus_2,final_prompt_token_minus_5	4	0.23268408328294754	0.3350761830806732	0.23268408328294754	4	0	4	0	4
505	15160	1	2	e_to_ē,s_to_ş	2	2	4	4	original_hum,paraphrase_hum,removed_sentence_hum,yes_no_hum	2	2	final_prompt_token_minus_2,final_prompt_token_minus_5	8	0.2029997296631336	0.2224342674016952	0.2029997296631336	8	0	8	0	8
506	15272	0	2	e_to_ē,s_to_ş	2	2	1	1	yes_no_hum	1	1	final_prompt_token_minus_1	2	0.1616730093955993	0.1616730093955993	-0.1616730093955993	2	2	0	0	2
507	15276	0	1	s_to_ş	1	1	1	1	just_check_hum	1	1	final_prompt_token_minus_10	1	0.1715413630008697	0.1715413630008697	0.1715413630008697	1	0	1	0	1
508	15400	0	1	s_to_ş	1	1	1	1	just_check_hum	1	1	final_prompt_token_minus_2	1	0.1615829169750213	0.1615829169750213	0.1615829169750213	1	0	1	0	1
509	15420	0	2	e_to_ē,s_to_ş	1	2	2	2	original_hum,removed_sentence_hum	2	2	final_prompt_token_minus_10,final_prompt_token_minus_5	6	0.19979598124821976	0.2828072905540466	-0.05796605348587034	4	2	2	2	5
510	15458	1	2	e_to_ē,s_to_ş	2	2	2	2	original_hum,removed_sentence_hum	1	1	final_prompt_token_minus_10	4	0.25949525833129883	0.2680815756320953	-0.25949525833129883	4	4	0	0	4
511	15484	1	2	e_to_ē,s_to_ş	2	2	2	2	original_hum,removed_sentence_hum	1	1	final_prompt_token_minus_1	3	0.16555838286876676	0.1789788901805877	0.16555838286876676	3	0	3	0	3
512	15501	1	2	e_to_ē,s_to_ş	2	2	2	2	paraphrase_hum,yes_no_hum	2	1	final_prompt_token,final_prompt_token_minus_2	6	0.17775359004735944	0.3111217319965362	-0.17775359004735944	3	3	0	3	5
513	15517	0	1	s_to_ş	1	1	1	1	just_check_hum	1	1	final_prompt_token_minus_2	1	0.2391900867223739	0.2391900867223739	0.2391900867223739	1	0	1	0	1
514	15536	0	2	e_to_ē,s_to_ş	2	2	1	1	yes_no_hum	1	1	final_prompt_token_minus_10	2	0.19727339595556254	0.2014292180538177	0.19727339595556254	2	0	2	0	2
515	15539	1	2	e_to_ē,s_to_ş	2	2	2	2	paraphrase_hum,yes_no_hum	3	2	final_prompt_token_minus_10,final_prompt_token_minus_2,final_prompt_token_minus_5	6	0.1682666068275769	0.252530038356781	-0.04770237952470779	4	2	2	2	4
516	15548	0	1	e_to_ē	1	1	1	1	just_check_hum	1	1	final_prompt_token_minus_2	1	0.174856424331665	0.174856424331665	0.174856424331665	1	0	1	0	1
517	15560	1	2	e_to_ē,s_to_ş	2	2	2	2	original_hum,removed_sentence_hum	1	1	final_prompt_token	4	0.1769454553723335	0.1857623606920242	-0.1769454553723335	4	4	0	0	4
518	15651	0	2	e_to_ē,s_to_ş	2	2	1	1	yes_no_hum	1	1	final_prompt_token	2	0.1574514806270599	0.1574514806270599	-0.1574514806270599	2	2	0	0	2
519	15700	0	1	e_to_ē	1	1	1	1	removed_sentence_hum	1	1	final_prompt_token	1	0.1593744158744812	0.1593744158744812	0.1593744158744812	1	0	1	0	1
520	15742	0	2	e_to_ē,s_to_ş	2	2	1	1	yes_no_hum	1	1	final_prompt_token_minus_10	2	0.2280677855014801	0.2280677855014801	-0.2280677855014801	2	2	0	0	2
521	15753	0	2	e_to_ē,s_to_ş	2	2	2	2	just_check_hum,paraphrase_hum	1	1	final_prompt_token_minus_5	2	0.26248525083065033	0.3192561864852905	0.26248525083065033	2	0	2	0	2
522	15840	0	2	e_to_ē,s_to_ş	2	2	1	1	original_hum	1	1	final_prompt_token_minus_2	2	0.1848784685134887	0.1848784685134887	-0.1848784685134887	2	2	0	0	2
523	15897	0	1	s_to_ş	1	1	1	1	yes_no_hum	1	1	final_prompt_token_minus_5	1	0.1966843903064727	0.1966843903064727	0.1966843903064727	1	0	1	0	1
524	15923	0	2	e_to_ē,s_to_ş	2	2	1	1	just_check_hum	1	1	final_prompt_token_minus_1	2	0.1542396023869514	0.1590873301029205	0.1542396023869514	2	0	2	0	2
525	15954	1	2	e_to_ē,s_to_ş	2	2	5	4	just_check_hum,original_hum,paraphrase_hum,removed_sentence_hum,yes_no_hum	4	4	final_prompt_token,final_prompt_token_minus_1,final_prompt_token_minus_2,final_prompt_token_minus_5	27	0.1906637405907666	0.3353105783462524	-0.04362469580438401	18	11	7	9	21
526	15971	1	2	e_to_ē,s_to_ş	2	2	5	5	just_check_hum,original_hum,paraphrase_hum,removed_sentence_hum,yes_no_hum	4	4	final_prompt_token_minus_1,final_prompt_token_minus_10,final_prompt_token_minus_2,final_prompt_token_minus_5	15	0.3673814415931701	0.5312888622283936	0.3673814415931701	15	0	15	0	15
527	15981	1	2	e_to_ē,s_to_ş	2	2	2	2	just_check_hum,paraphrase_hum	2	2	final_prompt_token_minus_10,final_prompt_token_minus_5	4	0.21361388266086576	0.2216340005397796	0.002345576882362359	4	2	2	0	4
528	16025	1	2	e_to_ē,s_to_ş	2	2	3	3	just_check_hum,paraphrase_hum,yes_no_hum	2	2	final_prompt_token_minus_10,final_prompt_token_minus_5	5	0.25929425954818724	0.2823585271835327	-0.16819690465927123	5	4	1	0	5
529	16041	1	2	e_to_ē,s_to_ş	2	2	2	2	original_hum,removed_sentence_hum	2	2	final_prompt_token_minus_1,final_prompt_token_minus_5	8	0.15524557977914805	0.2251157015562057	-0.1510996334254741	6	6	0	2	6
530	16050	0	2	e_to_ē,s_to_ş	1	1	1	1	just_check_hum	1	1	final_prompt_token_minus_1	2	0.1022691503167152	0.1888142228126526	-0.1022691503167152	1	1	0	1	1
531	16056	0	1	e_to_ē	1	1	1	1	just_check_hum	1	1	final_prompt_token_minus_10	1	0.1360808610916137	0.1360808610916137	0.1360808610916137	1	0	1	0	1
532	16073	1	2	e_to_ē,s_to_ş	2	2	2	2	paraphrase_hum,yes_no_hum	1	1	final_prompt_token_minus_10	4	0.22005067020654673	0.2472859323024749	-0.02723526209592817	4	2	2	0	4
533	16081	0	1	s_to_ş	1	1	1	1	paraphrase_hum	1	1	final_prompt_token_minus_10	1	0.3561848998069763	0.3561848998069763	0.3561848998069763	1	0	1	0	1
534	16131	1	2	e_to_ē,s_to_ş	2	2	4	4	just_check_hum,original_hum,paraphrase_hum,yes_no_hum	2	2	final_prompt_token,final_prompt_token_minus_5	10	0.16255648583173749	0.2451695054769516	-0.0438367411494255	6	4	2	4	8
535	16207	0	2	e_to_ē,s_to_ş	0	0	1	0	yes_no_hum	1	0	final_prompt_token_minus_1	2	0.0567212551832199	0.063559353351593	0.006838098168373101	0	0	0	2	0
536	16255	1	2	e_to_ē,s_to_ş	2	2	4	4	just_check_hum,paraphrase_hum,removed_sentence_hum,yes_no_hum	2	2	final_prompt_token_minus_1,final_prompt_token_minus_10	6	0.14367107798655823	0.2212956994771957	0.06325004249811171	5	1	4	1	5
537	16296	0	1	s_to_ş	1	1	1	1	paraphrase_hum	1	1	final_prompt_token_minus_10	1	0.2822034060955047	0.2822034060955047	0.2822034060955047	1	0	1	0	1
538	16310	0	1	s_to_ş	1	1	3	3	just_check_hum,original_hum,removed_sentence_hum	1	1	final_prompt_token	3	0.19344714283943173	0.2203633189201355	0.19344714283943173	3	0	3	0	3
539	16328	0	2	e_to_ē,s_to_ş	2	2	1	1	just_check_hum	1	1	final_prompt_token_minus_5	2	0.2034125030040741	0.2034125030040741	-0.2034125030040741	2	2	0	0	2
540	16344	0	1	e_to_ē	1	1	2	2	original_hum,removed_sentence_hum	1	1	final_prompt_token_minus_5	2	0.365411639213562	0.3654902875423431	0.365411639213562	2	0	2	0	2
541	16422	0	2	e_to_ē,s_to_ş	2	2	1	1	yes_no_hum	1	1	final_prompt_token_minus_10	2	0.1820384263992309	0.1820384263992309	-0.1820384263992309	2	2	0	0	2
542	16439	1	2	e_to_ē,s_to_ş	2	2	5	5	just_check_hum,original_hum,paraphrase_hum,removed_sentence_hum,yes_no_hum	5	5	final_prompt_token,final_prompt_token_minus_1,final_prompt_token_minus_10,final_prompt_token_minus_2,final_prompt_token_minus_5	35	0.19323521767343788	0.3598418533802032	0.018673597914831974	21	8	13	14	26
543	16460	0	1	e_to_ē	1	1	1	1	original_hum	1	1	final_prompt_token_minus_2	1	0.1254180669784546	0.1254180669784546	0.1254180669784546	1	0	1	0	1
544	16475	1	2	e_to_ē,s_to_ş	2	2	3	3	just_check_hum,original_hum,removed_sentence_hum	2	1	final_prompt_token_minus_1,final_prompt_token_minus_2	12	0.10710062334934867	0.1982816159725189	-0.08573038627703981	6	6	0	6	6
545	16582	0	1	s_to_ş	1	1	1	1	paraphrase_hum	1	1	final_prompt_token_minus_10	1	0.2766305208206177	0.2766305208206177	0.2766305208206177	1	0	1	0	1
546	16594	0	1	s_to_ş	1	1	1	1	just_check_hum	1	1	final_prompt_token_minus_1	1	0.1754553318023681	0.1754553318023681	0.1754553318023681	1	0	1	0	1
547	16607	0	1	s_to_ş	1	1	2	2	just_check_hum,paraphrase_hum	2	2	final_prompt_token_minus_10,final_prompt_token_minus_2	2	0.20728315412998194	0.2465714365243911	0.20728315412998194	2	0	2	0	2
548	16638	0	2	e_to_ē,s_to_ş	2	2	1	1	yes_no_hum	1	1	final_prompt_token_minus_10	2	0.2425178587436676	0.2425178587436676	-0.2425178587436676	2	2	0	0	2
549	16659	0	1	e_to_ē	1	1	1	1	just_check_hum	1	1	final_prompt_token	1	0.1890171021223068	0.1890171021223068	0.1890171021223068	1	0	1	0	1
550	16661	1	2	e_to_ē,s_to_ş	2	2	3	3	just_check_hum,paraphrase_hum,yes_no_hum	5	5	final_prompt_token,final_prompt_token_minus_1,final_prompt_token_minus_10,final_prompt_token_minus_2,final_prompt_token_minus_5	30	0.3912287419040998	0.7799227237701416	-0.33748455593983334	20	18	2	10	28
551	16706	1	2	e_to_ē,s_to_ş	1	2	4	1	just_check_hum,original_hum,paraphrase_hum,removed_sentence_hum	1	1	final_prompt_token_minus_1	8	0.1816797889769077	0.4288405776023865	-0.14695653691887856	1	1	0	7	7
552	16713	0	1	s_to_ş	1	1	1	1	original_hum	1	1	final_prompt_token_minus_5	1	0.1881452351808548	0.1881452351808548	0.1881452351808548	1	0	1	0	1
553	16727	0	1	s_to_ş	1	1	5	5	just_check_hum,original_hum,paraphrase_hum,removed_sentence_hum,yes_no_hum	3	3	final_prompt_token_minus_10,final_prompt_token_minus_2,final_prompt_token_minus_5	5	0.24794554710388184	0.3029631972312927	0.24794554710388184	5	0	5	0	5
554	16730	0	1	e_to_ē	1	1	1	1	yes_no_hum	1	1	final_prompt_token_minus_10	1	0.2065020054578781	0.2065020054578781	0.2065020054578781	1	0	1	0	1
555	16785	1	2	e_to_ē,s_to_ş	2	2	5	5	just_check_hum,original_hum,paraphrase_hum,removed_sentence_hum,yes_no_hum	4	4	final_prompt_token,final_prompt_token_minus_1,final_prompt_token_minus_2,final_prompt_token_minus_5	12	0.19847567876180008	0.2773704826831817	-0.0036859909693399973	12	6	6	0	12
556	16787	1	2	e_to_ē,s_to_ş	2	2	2	2	paraphrase_hum,yes_no_hum	3	2	final_prompt_token,final_prompt_token_minus_1,final_prompt_token_minus_2	8	0.15478555485606188	0.2276919484138488	-0.13124534115195272	6	6	0	2	6
557	16793	1	2	e_to_ē,s_to_ş	2	2	5	5	just_check_hum,original_hum,paraphrase_hum,removed_sentence_hum,yes_no_hum	5	5	final_prompt_token,final_prompt_token_minus_1,final_prompt_token_minus_10,final_prompt_token_minus_2,final_prompt_token_minus_5	14	0.13977895464215956	0.2822338044643402	-0.020454717533929	10	6	4	4	10
558	16822	1	2	e_to_ē,s_to_ş	2	2	4	4	just_check_hum,original_hum,paraphrase_hum,yes_no_hum	4	3	final_prompt_token,final_prompt_token_minus_1,final_prompt_token_minus_2,final_prompt_token_minus_5	15	0.1713166862726211	0.3132039308547973	-0.14862332443396245	7	6	1	8	13
559	16825	0	2	e_to_ē,s_to_ş	0	0	1	0	yes_no_hum	1	0	final_prompt_token	2	0.03887328505516045	0.049986183643341	-0.03887328505516045	0	0	0	2	0
560	16859	1	2	e_to_ē,s_to_ş	2	2	2	2	original_hum,removed_sentence_hum	1	1	final_prompt_token_minus_2	4	0.21130011975765223	0.2299469411373138	-0.21130011975765223	4	4	0	0	4
561	16865	0	2	e_to_ē,s_to_ş	2	2	1	1	paraphrase_hum	1	1	final_prompt_token_minus_10	2	0.2691864371299743	0.2691864371299743	-0.2691864371299743	2	2	0	0	2
562	16883	1	2	e_to_ē,s_to_ş	2	2	2	2	just_check_hum,paraphrase_hum	1	1	final_prompt_token_minus_10	3	0.2739674349625905	0.480199784040451	0.2739674349625905	3	0	3	0	3
563	16928	0	1	s_to_ş	1	1	1	1	paraphrase_hum	1	1	final_prompt_token_minus_10	1	0.1783177256584167	0.1783177256584167	0.1783177256584167	1	0	1	0	1
564	16938	0	1	e_to_ē	1	1	1	1	just_check_hum	1	1	final_prompt_token_minus_2	1	0.1514585763216018	0.1514585763216018	0.1514585763216018	1	0	1	0	1
565	16987	1	2	e_to_ē,s_to_ş	2	2	4	4	original_hum,paraphrase_hum,removed_sentence_hum,yes_no_hum	3	3	final_prompt_token_minus_10,final_prompt_token_minus_2,final_prompt_token_minus_5	7	0.19990054837294988	0.2539006471633911	0.19990054837294988	7	0	7	0	7
566	17017	0	2	e_to_ē,s_to_ş	2	2	1	1	yes_no_hum	1	1	final_prompt_token_minus_1	2	0.1633476465940475	0.1633476465940475	-0.1633476465940475	2	2	0	0	2
567	17019	0	1	s_to_ş	1	1	1	1	original_hum	1	1	final_prompt_token_minus_10	1	0.1319036036729812	0.1319036036729812	0.1319036036729812	1	0	1	0	1
568	17023	1	2	e_to_ē,s_to_ş	2	2	4	4	just_check_hum,original_hum,paraphrase_hum,removed_sentence_hum	2	2	final_prompt_token_minus_10,final_prompt_token_minus_2	8	0.48485366255044937	0.7608456611633301	0.48485366255044937	8	0	8	0	8
569	17134	0	2	e_to_ē,s_to_ş	0	2	1	0	paraphrase_hum	1	0	final_prompt_token_minus_1	2	0.11792652308940879	0.1271941661834716	-0.11792652308940879	0	0	0	2	2
570	17164	1	2	e_to_ē,s_to_ş	2	2	2	2	original_hum,removed_sentence_hum	2	1	final_prompt_token_minus_1,final_prompt_token_minus_2	7	0.09876176714897153	0.1945531070232391	0.09876176714897153	3	0	3	4	3
571	17183	1	2	e_to_ē,s_to_ş	2	2	2	2	paraphrase_hum,yes_no_hum	2	2	final_prompt_token_minus_10,final_prompt_token_minus_5	3	0.21521740158398942	0.2257275581359863	-0.08575267593065898	3	2	1	0	3
572	17200	1	2	e_to_ē,s_to_ş	2	2	4	4	original_hum,paraphrase_hum,removed_sentence_hum,yes_no_hum	2	2	final_prompt_token_minus_1,final_prompt_token_minus_2	5	0.3274365782737732	0.4586532711982727	0.09875816106796262	5	2	3	0	5
573	17257	1	2	e_to_ē,s_to_ş	2	2	2	2	original_hum,removed_sentence_hum	2	2	final_prompt_token_minus_1,final_prompt_token_minus_2	5	0.1586777031421661	0.23411625623703	0.09653198122978209	4	1	3	1	4
574	17278	0	2	e_to_ē,s_to_ş	2	2	1	1	yes_no_hum	1	1	final_prompt_token_minus_10	2	0.20210267603397364	0.2057403922080993	0.20210267603397364	2	0	2	0	2
575	17299	1	2	e_to_ē,s_to_ş	2	2	2	2	paraphrase_hum,yes_no_hum	1	1	final_prompt_token_minus_10	4	0.24547672271728516	0.2773890495300293	-0.24547672271728516	4	4	0	0	4
576	17306	0	1	s_to_ş	1	1	2	2	original_hum,removed_sentence_hum	1	1	final_prompt_token_minus_2	2	0.16863842308521265	0.17149318754673	0.16863842308521265	2	0	2	0	2
577	17350	0	1	s_to_ş	1	1	1	1	just_check_hum	1	1	final_prompt_token_minus_1	1	0.1897109597921371	0.1897109597921371	0.1897109597921371	1	0	1	0	1
578	17370	0	1	s_to_ş	1	1	1	1	just_check_hum	1	1	final_prompt_token	1	0.1732090711593628	0.1732090711593628	0.1732090711593628	1	0	1	0	1
579	17394	1	2	e_to_ē,s_to_ş	2	2	5	4	just_check_hum,original_hum,paraphrase_hum,removed_sentence_hum,yes_no_hum	3	3	final_prompt_token,final_prompt_token_minus_10,final_prompt_token_minus_5	11	0.1445186219432137	0.353903204202652	0.0708641166036779	7	2	5	4	7
580	17400	0	1	s_to_ş	1	1	2	2	original_hum,removed_sentence_hum	1	1	final_prompt_token_minus_2	2	0.21678100526332855	0.2335900068283081	0.21678100526332855	2	0	2	0	2
581	17440	0	2	e_to_ē,s_to_ş	2	2	1	1	removed_sentence_hum	1	1	final_prompt_token_minus_5	2	0.1592212170362472	0.1592212170362472	-0.1592212170362472	2	2	0	0	2
582	17472	1	2	e_to_ē,s_to_ş	2	2	2	2	paraphrase_hum,yes_no_hum	2	2	final_prompt_token_minus_2,final_prompt_token_minus_5	3	0.24108488361040747	0.2658237218856811	0.24108488361040747	3	0	3	0	3
583	17484	0	2	e_to_ē,s_to_ş	2	2	1	1	yes_no_hum	1	1	final_prompt_token_minus_10	2	0.2457004636526107	0.2457004636526107	-0.2457004636526107	2	2	0	0	2
584	17589	0	1	e_to_ē	1	1	1	1	paraphrase_hum	1	1	final_prompt_token_minus_10	1	0.1800707280635833	0.1800707280635833	0.1800707280635833	1	0	1	0	1
585	17623	0	2	e_to_ē,s_to_ş	2	2	1	1	yes_no_hum	1	1	final_prompt_token_minus_10	2	0.2721933722496032	0.2721933722496032	-0.2721933722496032	2	2	0	0	2
586	17656	1	2	e_to_ē,s_to_ş	2	2	2	2	paraphrase_hum,yes_no_hum	2	2	final_prompt_token_minus_2,final_prompt_token_minus_5	5	0.21920577883720394	0.2554992735385895	0.21920577883720394	5	0	5	0	5
587	17665	0	1	s_to_ş	1	1	1	1	paraphrase_hum	1	1	final_prompt_token_minus_5	1	0.1637682765722274	0.1637682765722274	0.1637682765722274	1	0	1	0	1
588	17671	0	1	e_to_ē	1	1	1	1	original_hum	1	1	final_prompt_token_minus_10	1	0.1620172560214996	0.1620172560214996	0.1620172560214996	1	0	1	0	1
589	17679	1	2	e_to_ē,s_to_ş	2	2	3	3	just_check_hum,paraphrase_hum,yes_no_hum	1	1	final_prompt_token_minus_5	5	0.49999537467956545	0.6296423673629761	0.10670182704925538	5	2	3	0	5
590	17682	0	2	e_to_ē,s_to_ş	2	2	1	1	just_check_hum	1	1	final_prompt_token_minus_1	2	0.2081186324357986	0.2081186324357986	-0.2081186324357986	2	2	0	0	2
591	17701	1	2	e_to_ē,s_to_ş	2	2	3	3	just_check_hum,original_hum,removed_sentence_hum	2	2	final_prompt_token_minus_1,final_prompt_token_minus_2	5	0.23408793210983272	0.2500732541084289	0.23408793210983272	5	0	5	0	5
592	17766	1	2	e_to_ē,s_to_ş	2	2	4	4	original_hum,paraphrase_hum,removed_sentence_hum,yes_no_hum	2	2	final_prompt_token_minus_2,final_prompt_token_minus_5	4	0.21313592046499247	0.2475508898496627	0.21313592046499247	4	0	4	0	4
593	17846	1	2	e_to_ē,s_to_ş	2	2	2	2	original_hum,removed_sentence_hum	1	1	final_prompt_token_minus_1	3	0.15949145456155137	0.1764537841081619	0.15949145456155137	3	0	3	0	3
594	17866	0	1	e_to_ē	1	1	1	1	yes_no_hum	1	1	final_prompt_token_minus_1	1	0.184667706489563	0.184667706489563	0.184667706489563	1	0	1	0	1
595	17869	1	2	e_to_ē,s_to_ş	2	2	3	2	original_hum,paraphrase_hum,removed_sentence_hum	5	5	final_prompt_token,final_prompt_token_minus_1,final_prompt_token_minus_10,final_prompt_token_minus_2,final_prompt_token_minus_5	19	0.18273457414225525	0.3161318302154541	-0.15915789102253158	15	14	1	4	15
596	17910	0	1	s_to_ş	1	1	1	1	just_check_hum	2	2	final_prompt_token,final_prompt_token_minus_1	2	0.2035013139247894	0.2380414456129074	0.2035013139247894	2	0	2	0	2
597	17919	0	2	e_to_ē,s_to_ş	2	2	1	1	paraphrase_hum	1	1	final_prompt_token_minus_1	2	0.286684513092041	0.286684513092041	-0.286684513092041	2	2	0	0	2
598	17983	0	2	e_to_ē,s_to_ş	2	2	1	1	yes_no_hum	1	1	final_prompt_token_minus_2	2	0.1559905558824539	0.1559905558824539	-0.1559905558824539	2	2	0	0	2
599	18030	1	2	e_to_ē,s_to_ş	2	2	2	2	paraphrase_hum,yes_no_hum	2	2	final_prompt_token,final_prompt_token_minus_2	3	0.21733155846595756	0.2319663316011428	-0.0919568836688995	3	2	1	0	3
600	18055	0	2	e_to_ē,s_to_ş	2	2	1	1	just_check_hum	1	1	final_prompt_token	2	0.2137449979782104	0.2137449979782104	-0.2137449979782104	2	2	0	0	2
601	18077	0	2	e_to_ē,s_to_ş	2	2	1	1	just_check_hum	1	1	final_prompt_token	2	0.1819157004356384	0.1819157004356384	-0.1819157004356384	2	2	0	0	2
602	18198	1	2	e_to_ē,s_to_ş	2	2	5	5	just_check_hum,original_hum,paraphrase_hum,removed_sentence_hum,yes_no_hum	5	5	final_prompt_token,final_prompt_token_minus_1,final_prompt_token_minus_10,final_prompt_token_minus_2,final_prompt_token_minus_5	35	0.20147019795009063	0.3807576298713684	-0.047103571040289734	22	15	7	13	29
603	18224	1	2	e_to_ē,s_to_ş	2	2	3	3	original_hum,paraphrase_hum,yes_no_hum	3	3	final_prompt_token,final_prompt_token_minus_10,final_prompt_token_minus_2	8	0.17725494317710397	0.1994475871324539	-0.08589488454163074	8	6	2	0	8
604	18245	0	2	e_to_ē,s_to_ş	1	1	1	1	paraphrase_hum	1	1	final_prompt_token_minus_2	2	0.14321100711822504	0.2571600079536438	-0.14321100711822504	1	1	0	1	1
605	18249	0	2	e_to_ē,s_to_ş	2	2	1	1	removed_sentence_hum	1	1	final_prompt_token_minus_10	2	0.2006706297397613	0.2006706297397613	-0.2006706297397613	2	2	0	0	2
606	18338	0	1	s_to_ş	1	1	1	1	just_check_hum	1	1	final_prompt_token_minus_5	1	0.2110307812690735	0.2110307812690735	0.2110307812690735	1	0	1	0	1
607	18352	1	2	e_to_ē,s_to_ş	2	2	3	3	just_check_hum,original_hum,removed_sentence_hum	1	1	final_prompt_token_minus_5	4	0.19783266633749005	0.2813981175422668	0.05713360756635665	3	1	2	1	3
608	18376	1	2	e_to_ē,s_to_ş	2	2	2	2	just_check_hum,paraphrase_hum	2	2	final_prompt_token,final_prompt_token_minus_5	3	0.17918851474920908	0.1931886076927185	0.17918851474920908	3	0	3	0	3
609	18403	1	2	e_to_ē,s_to_ş	2	2	2	1	paraphrase_hum,yes_no_hum	2	2	final_prompt_token,final_prompt_token_minus_5	6	0.1702068746089935	0.2312836647033691	-0.1702068746089935	4	4	0	2	5
610	18415	0	1	e_to_ē	1	1	2	2	original_hum,removed_sentence_hum	1	1	final_prompt_token_minus_5	2	0.1683887839317321	0.1715955436229705	0.1683887839317321	2	0	2	0	2
611	18430	0	1	e_to_ē	1	1	1	1	paraphrase_hum	1	1	final_prompt_token_minus_10	1	0.242879033088684	0.242879033088684	0.242879033088684	1	0	1	0	1
612	18453	0	1	e_to_ē	1	1	1	1	just_check_hum	1	1	final_prompt_token_minus_10	1	0.1384194791316986	0.1384194791316986	0.1384194791316986	1	0	1	0	1
613	18454	1	2	e_to_ē,s_to_ş	2	2	2	2	paraphrase_hum,yes_no_hum	2	2	final_prompt_token,final_prompt_token_minus_5	5	0.2007694005966186	0.299037367105484	-0.12172141075134277	4	3	1	1	4
614	18527	1	2	e_to_ē,s_to_ş	2	2	3	3	just_check_hum,original_hum,removed_sentence_hum	2	2	final_prompt_token_minus_10,final_prompt_token_minus_5	5	0.6441642761230468	0.6833875179290771	-0.370809268951416	5	4	1	0	5
615	18562	0	2	e_to_ē,s_to_ş	2	2	1	1	yes_no_hum	1	1	final_prompt_token_minus_10	2	0.214027464389801	0.214027464389801	-0.214027464389801	2	2	0	0	2
616	18592	0	1	e_to_ē	1	1	1	1	original_hum	1	1	final_prompt_token_minus_10	1	0.1589811593294143	0.1589811593294143	0.1589811593294143	1	0	1	0	1
617	18651	1	2	e_to_ē,s_to_ş	2	2	3	3	just_check_hum,paraphrase_hum,yes_no_hum	2	2	final_prompt_token_minus_10,final_prompt_token_minus_5	6	0.22710882127285004	0.2755420207977295	0.08600313961505889	6	2	4	0	6
618	18665	1	2	e_to_ē,s_to_ş	2	2	2	2	original_hum,removed_sentence_hum	2	2	final_prompt_token_minus_10,final_prompt_token_minus_5	5	0.24339600801467895	0.4073678255081177	0.1223654270172119	5	2	3	0	5
619	18725	0	2	e_to_ē,s_to_ş	1	1	2	2	just_check_hum,yes_no_hum	1	1	final_prompt_token	4	0.10003489255905147	0.1821994185447693	-0.07632911205291748	2	2	0	2	2
620	18763	0	2	e_to_ē,s_to_ş	2	2	1	1	yes_no_hum	1	1	final_prompt_token_minus_1	2	0.2595487833023071	0.2595487833023071	-0.2595487833023071	2	2	0	0	2
621	18765	1	2	e_to_ē,s_to_ş	2	2	4	4	just_check_hum,original_hum,paraphrase_hum,removed_sentence_hum	2	2	final_prompt_token_minus_10,final_prompt_token_minus_2	8	0.26050625182688236	0.3392812609672546	0.26050625182688236	8	0	8	0	8
622	18795	0	2	e_to_ē,s_to_ş	1	1	1	1	paraphrase_hum	1	1	final_prompt_token_minus_1	2	0.11338511854410165	0.20307157933712	-0.11338511854410165	1	1	0	1	1
623	18805	0	2	e_to_ē,s_to_ş	2	2	2	2	just_check_hum,paraphrase_hum	1	1	final_prompt_token	2	0.1847733780741691	0.2020865082740783	0.1847733780741691	2	0	2	0	2
624	18836	1	2	e_to_ē,s_to_ş	2	2	2	2	original_hum,removed_sentence_hum	1	1	final_prompt_token_minus_2	4	0.2044364959001541	0.2074087560176849	-0.2044364959001541	4	4	0	0	4
625	18841	1	2	e_to_ē,s_to_ş	2	2	3	3	just_check_hum,paraphrase_hum,yes_no_hum	2	2	final_prompt_token_minus_10,final_prompt_token_minus_5	5	0.2125929534435272	0.2905649542808532	-0.14064852595329283	4	3	1	1	4
626	18842	0	1	e_to_ē	1	1	2	2	original_hum,removed_sentence_hum	1	1	final_prompt_token_minus_10	2	0.15194524824619288	0.1537314653396606	0.15194524824619288	2	0	2	0	2
627	18847	1	2	e_to_ē,s_to_ş	2	2	5	4	just_check_hum,original_hum,paraphrase_hum,removed_sentence_hum,yes_no_hum	5	5	final_prompt_token,final_prompt_token_minus_1,final_prompt_token_minus_10,final_prompt_token_minus_2,final_prompt_token_minus_5	21	0.216307724515597	0.3982567191123962	-0.1246391740583238	17	14	3	4	18
628	18937	1	2	e_to_ē,s_to_ş	2	2	5	5	just_check_hum,original_hum,paraphrase_hum,removed_sentence_hum,yes_no_hum	2	1	final_prompt_token,final_prompt_token_minus_5	17	0.19652128745527825	0.5406402349472046	0.09883782968801612	7	2	5	10	10
629	18965	1	2	e_to_ē,s_to_ş	2	2	2	2	just_check_hum,original_hum	3	3	final_prompt_token_minus_1,final_prompt_token_minus_10,final_prompt_token_minus_2	4	0.1675045639276504	0.1863479763269424	-0.0025554299354553014	4	2	2	0	4
630	18977	1	2	e_to_ē,s_to_ş	2	2	2	2	original_hum,removed_sentence_hum	2	2	final_prompt_token_minus_1,final_prompt_token_minus_2	6	0.1766906231641769	0.1869972646236419	-0.1766906231641769	6	6	0	0	6
631	19030	0	2	e_to_ē,s_to_ş	0	1	1	0	paraphrase_hum	1	0	final_prompt_token_minus_1	2	0.1688977777957916	0.2389448285102844	0.1688977777957916	0	0	0	2	1
632	19114	0	1	s_to_ş	1	1	1	1	just_check_hum	1	1	final_prompt_token_minus_10	1	0.3538283109664917	0.3538283109664917	0.3538283109664917	1	0	1	0	1
633	19170	1	2	e_to_ē,s_to_ş	2	2	2	2	paraphrase_hum,yes_no_hum	1	1	final_prompt_token_minus_5	3	0.2446813384691874	0.2801078259944916	-0.12879576285680136	3	2	1	0	3
634	19185	1	2	e_to_ē,s_to_ş	2	2	2	2	original_hum,removed_sentence_hum	1	1	final_prompt_token_minus_10	4	0.2420374751091003	0.2483191639184951	-0.2420374751091003	4	4	0	0	4
635	19271	0	2	e_to_ē,s_to_ş	0	1	1	0	yes_no_hum	1	0	final_prompt_token_minus_2	2	0.0970081984996795	0.1219700574874877	0.0970081984996795	0	0	0	2	1
636	19273	0	1	s_to_ş	1	1	1	1	just_check_hum	1	1	final_prompt_token	1	0.1646892428398132	0.1646892428398132	0.1646892428398132	1	0	1	0	1
637	19281	0	1	e_to_ē	1	1	2	2	original_hum,removed_sentence_hum	1	1	final_prompt_token_minus_5	2	0.21403421461582178	0.2175263464450836	0.21403421461582178	2	0	2	0	2
638	19323	0	2	e_to_ē,s_to_ş	2	2	1	1	yes_no_hum	1	1	final_prompt_token_minus_10	2	0.1729459166526794	0.1729459166526794	-0.1729459166526794	2	2	0	0	2
639	19335	1	2	e_to_ē,s_to_ş	2	2	4	4	just_check_hum,original_hum,paraphrase_hum,yes_no_hum	4	2	final_prompt_token,final_prompt_token_minus_1,final_prompt_token_minus_2,final_prompt_token_minus_5	15	0.1338295022646586	0.2725105881690979	0.02588717738787333	9	4	5	6	9
640	19337	1	2	e_to_ē,s_to_ş	2	2	2	2	original_hum,removed_sentence_hum	2	2	final_prompt_token_minus_10,final_prompt_token_minus_5	3	0.20039025942484537	0.2086846977472305	0.20039025942484537	3	0	3	0	3
641	19389	1	2	e_to_ē,s_to_ş	2	2	4	4	original_hum,paraphrase_hum,removed_sentence_hum,yes_no_hum	5	3	final_prompt_token,final_prompt_token_minus_1,final_prompt_token_minus_10,final_prompt_token_minus_2,final_prompt_token_minus_5	37	0.16313469128028765	0.4144314229488373	-0.08817330767979492	15	12	3	22	23
642	19392	0	2	e_to_ē,s_to_ş	2	2	1	1	removed_sentence_hum	1	1	final_prompt_token_minus_1	2	0.1599075943231582	0.1599075943231582	-0.1599075943231582	2	2	0	0	2
643	19416	0	2	e_to_ē,s_to_ş	2	2	1	1	removed_sentence_hum	1	1	final_prompt_token_minus_2	2	0.1652525812387466	0.1652525812387466	-0.1652525812387466	2	2	0	0	2
644	19422	0	2	e_to_ē,s_to_ş	0	1	1	0	paraphrase_hum	1	0	final_prompt_token_minus_1	2	0.10778844356536865	0.1347593367099762	-0.02697089314460755	0	0	0	2	1
645	19469	1	2	e_to_ē,s_to_ş	2	2	1	1	yes_no_hum	2	2	final_prompt_token_minus_1,final_prompt_token_minus_2	4	0.17245721071958536	0.1800283789634704	-0.007571168243885026	4	2	2	0	4
646	19513	0	2	e_to_ē,s_to_ş	0	1	1	0	paraphrase_hum	1	0	final_prompt_token_minus_1	2	0.11087858676910395	0.2126776576042175	0.11087858676910395	0	0	0	2	1
647	19524	0	1	e_to_ē	1	1	1	1	yes_no_hum	1	1	final_prompt_token_minus_5	1	0.1898357570171356	0.1898357570171356	0.1898357570171356	1	0	1	0	1
648	19612	0	1	e_to_ē	1	1	1	1	just_check_hum	1	1	final_prompt_token_minus_1	1	0.1810074150562286	0.1810074150562286	0.1810074150562286	1	0	1	0	1
649	19668	1	2	e_to_ē,s_to_ş	2	2	4	4	original_hum,paraphrase_hum,removed_sentence_hum,yes_no_hum	4	4	final_prompt_token_minus_1,final_prompt_token_minus_10,final_prompt_token_minus_2,final_prompt_token_minus_5	15	0.279624476035436	0.6692280769348145	0.0062977095444997225	13	6	7	2	15
650	19681	1	2	e_to_ē,s_to_ş	2	2	1	1	yes_no_hum	2	2	final_prompt_token_minus_10,final_prompt_token_minus_5	4	0.3180441856384277	0.4371393918991089	-0.3180441856384277	4	4	0	0	4
651	19726	0	1	e_to_ē	1	1	1	1	paraphrase_hum	1	1	final_prompt_token_minus_5	1	0.1712929904460907	0.1712929904460907	0.1712929904460907	1	0	1	0	1
652	19752	1	2	e_to_ē,s_to_ş	2	2	3	2	paraphrase_hum,removed_sentence_hum,yes_no_hum	1	1	final_prompt_token	5	0.11467260420322412	0.1836303025484085	0.09435754120349885	3	0	3	2	3
653	19758	0	1	e_to_ē	1	1	1	1	paraphrase_hum	1	1	final_prompt_token_minus_1	1	0.2107016444206237	0.2107016444206237	0.2107016444206237	1	0	1	0	1
654	19795	0	1	e_to_ē	1	1	1	1	paraphrase_hum	1	1	final_prompt_token_minus_10	1	0.1666825711727142	0.1666825711727142	0.1666825711727142	1	0	1	0	1
655	19818	1	2	e_to_ē,s_to_ş	2	2	2	2	just_check_hum,paraphrase_hum	1	1	final_prompt_token_minus_10	4	0.3077387735247612	0.3680780529975891	-0.3077387735247612	4	4	0	0	4
656	19826	0	2	e_to_ē,s_to_ş	2	2	1	1	just_check_hum	1	1	final_prompt_token	2	0.288431704044342	0.288431704044342	-0.288431704044342	2	2	0	0	2
657	19843	1	2	e_to_ē,s_to_ş	2	2	1	1	just_check_hum	2	2	final_prompt_token_minus_1,final_prompt_token_minus_2	3	0.18678943812847135	0.1926451623439788	0.18678943812847135	3	0	3	0	3
658	19848	0	1	e_to_ē	1	1	2	2	original_hum,removed_sentence_hum	1	1	final_prompt_token_minus_5	2	0.4177365303039551	0.4628065228462219	0.4177365303039551	2	0	2	0	2
659	19850	1	2	e_to_ē,s_to_ş	2	2	3	2	just_check_hum,original_hum,removed_sentence_hum	1	1	final_prompt_token_minus_1	6	0.16559108595053354	0.2999241948127746	-0.16559108595053354	3	3	0	3	4
660	19878	1	2	e_to_ē,s_to_ş	2	2	2	2	original_hum,removed_sentence_hum	2	2	final_prompt_token_minus_10,final_prompt_token_minus_5	6	0.1595989962418874	0.171955406665802	-0.050596525271733604	6	4	2	0	6
661	19902	0	1	s_to_ş	1	1	3	3	just_check_hum,original_hum,removed_sentence_hum	1	1	final_prompt_token_minus_2	3	0.22647359967231748	0.2513189911842346	0.22647359967231748	3	0	3	0	3
662	19934	0	2	e_to_ē,s_to_ş	0	0	1	0	yes_no_hum	1	0	final_prompt_token_minus_1	2	0.02290289849042885	0.0307714194059371	0.00786852091550825	0	0	0	2	0
663	19943	1	2	e_to_ē,s_to_ş	2	2	2	2	original_hum,removed_sentence_hum	3	3	final_prompt_token_minus_1,final_prompt_token_minus_2,final_prompt_token_minus_5	8	0.21612841263413424	0.4156613051891327	-0.0346607081592083	6	2	4	2	7
664	19973	0	2	e_to_ē,s_to_ş	0	0	1	0	paraphrase_hum	1	0	final_prompt_token_minus_1	2	0.0605890899896621	0.0694043338298797	-0.0605890899896621	0	0	0	2	0
665	19983	0	1	e_to_ē	1	1	1	1	just_check_hum	1	1	final_prompt_token_minus_10	1	0.1376000046730041	0.1376000046730041	0.1376000046730041	1	0	1	0	1
666	20031	1	2	e_to_ē,s_to_ş	2	2	3	3	just_check_hum,original_hum,removed_sentence_hum	2	2	final_prompt_token_minus_1,final_prompt_token_minus_2	10	0.13775061964988705	0.2509620487689972	-0.06526356339454648	7	5	2	3	7
667	20036	1	2	e_to_ē,s_to_ş	2	2	2	2	just_check_hum,yes_no_hum	2	2	final_prompt_token_minus_10,final_prompt_token_minus_5	3	0.1995737304290135	0.2071274667978286	-0.07659622530142463	3	2	1	0	3
668	20112	0	2	e_to_ē,s_to_ş	1	2	1	1	paraphrase_hum	1	1	final_prompt_token	2	0.18054743111133575	0.2516230046749115	-0.18054743111133575	1	1	0	1	2
669	20140	0	1	e_to_ē	1	1	1	1	just_check_hum	1	1	final_prompt_token_minus_2	1	0.1866118907928466	0.1866118907928466	0.1866118907928466	1	0	1	0	1
670	20144	1	2	e_to_ē,s_to_ş	2	2	1	1	yes_no_hum	2	2	final_prompt_token_minus_1,final_prompt_token_minus_2	3	0.16403069595495853	0.1792327016592025	0.16403069595495853	3	0	3	0	3
671	20176	0	1	e_to_ē	1	1	1	1	just_check_hum	1	1	final_prompt_token_minus_5	1	0.1450238823890686	0.1450238823890686	0.1450238823890686	1	0	1	0	1
672	20200	0	1	s_to_ş	1	1	1	1	just_check_hum	2	2	final_prompt_token,final_prompt_token_minus_1	2	0.3217170387506485	0.34544637799263	0.3217170387506485	2	0	2	0	2
673	20273	0	1	s_to_ş	1	1	1	1	paraphrase_hum	1	1	final_prompt_token_minus_10	1	0.247238740324974	0.247238740324974	0.247238740324974	1	0	1	0	1
674	20303	1	2	e_to_ē,s_to_ş	2	2	4	4	just_check_hum,original_hum,removed_sentence_hum,yes_no_hum	3	3	final_prompt_token_minus_1,final_prompt_token_minus_10,final_prompt_token_minus_5	7	0.26948449867112295	0.3143314123153686	-0.17967552372387477	7	6	1	0	7
675	20334	0	2	e_to_ē,s_to_ş	2	2	1	1	just_check_hum	1	1	final_prompt_token_minus_10	2	1.0306917428970337	1.0306917428970337	-1.0306917428970337	2	2	0	0	2
676	20390	1	2	e_to_ē,s_to_ş	2	2	2	2	paraphrase_hum,yes_no_hum	2	2	final_prompt_token_minus_10,final_prompt_token_minus_5	3	0.19985207915306089	0.2096546292304992	-0.07968742648760474	3	2	1	0	3
677	20440	0	2	e_to_ē,s_to_ş	2	2	1	1	yes_no_hum	1	1	final_prompt_token	2	0.1734832227230072	0.1734832227230072	-0.1734832227230072	2	2	0	0	2
678	20545	0	1	s_to_ş	1	1	1	1	paraphrase_hum	1	1	final_prompt_token_minus_10	1	0.1938337683677673	0.1938337683677673	0.1938337683677673	1	0	1	0	1
679	20566	1	2	e_to_ē,s_to_ş	2	2	3	3	just_check_hum,original_hum,removed_sentence_hum	1	1	final_prompt_token_minus_10	3	0.18272088964780167	0.2579337954521179	0.18272088964780167	3	0	3	0	3
680	20582	0	1	e_to_ē	1	1	1	1	just_check_hum	1	1	final_prompt_token	1	0.163268357515335	0.163268357515335	0.163268357515335	1	0	1	0	1
681	20589	0	1	s_to_ş	1	1	3	3	original_hum,paraphrase_hum,removed_sentence_hum	1	1	final_prompt_token_minus_10	3	0.18225366870562232	0.2259093523025512	0.18225366870562232	3	0	3	0	3
682	20642	1	2	e_to_ē,s_to_ş	2	2	3	3	just_check_hum,original_hum,removed_sentence_hum	1	1	final_prompt_token_minus_1	4	0.16052643209695813	0.233398288488388	0.07228388637304303	3	1	2	1	3
683	20663	0	2	e_to_ē,s_to_ş	2	2	1	1	just_check_hum	1	1	final_prompt_token	2	0.17217287421226501	0.1903693974018097	0.17217287421226501	2	0	2	0	2
684	20722	1	2	e_to_ē,s_to_ş	2	2	2	2	just_check_hum,removed_sentence_hum	1	1	final_prompt_token_minus_1	3	0.1992254058519999	0.2253177464008331	-0.10119825601577757	3	2	1	0	3
685	20725	0	1	e_to_ē	1	1	1	1	just_check_hum	1	1	final_prompt_token_minus_10	1	0.1590846329927444	0.1590846329927444	0.1590846329927444	1	0	1	0	1
686	20909	1	2	e_to_ē,s_to_ş	2	2	2	2	original_hum,removed_sentence_hum	2	2	final_prompt_token_minus_10,final_prompt_token_minus_2	4	0.21594722568988797	0.2667580544948578	0.21594722568988797	4	0	4	0	4
687	20940	0	1	s_to_ş	1	1	2	2	original_hum,removed_sentence_hum	1	1	final_prompt_token_minus_2	2	0.1802764311432838	0.1813358068466186	0.1802764311432838	2	0	2	0	2
688	20971	1	2	e_to_ē,s_to_ş	2	2	5	5	just_check_hum,original_hum,paraphrase_hum,removed_sentence_hum,yes_no_hum	5	5	final_prompt_token,final_prompt_token_minus_1,final_prompt_token_minus_10,final_prompt_token_minus_2,final_prompt_token_minus_5	16	0.21278396435081953	0.3174690008163452	0.0058342944830656	15	7	8	1	15
689	21020	0	1	e_to_ē	1	1	1	1	paraphrase_hum	1	1	final_prompt_token	1	0.1732829809188842	0.1732829809188842	0.1732829809188842	1	0	1	0	1
690	21061	0	2	e_to_ē,s_to_ş	0	2	1	0	yes_no_hum	3	0	final_prompt_token,final_prompt_token_minus_1,final_prompt_token_minus_2	6	0.08956271906693773	0.1469261646270752	0.004942690332730634	0	0	0	6	3
691	21063	0	2	e_to_ē,s_to_ş	2	2	1	1	yes_no_hum	1	1	final_prompt_token_minus_10	2	0.1731318235397339	0.1731318235397339	-0.1731318235397339	2	2	0	0	2
692	21111	0	2	e_to_ē,s_to_ş	2	2	1	1	just_check_hum	1	1	final_prompt_token_minus_10	2	0.3590618968009949	0.3590618968009949	-0.3590618968009949	2	2	0	0	2
693	21181	0	2	e_to_ē,s_to_ş	2	2	1	1	original_hum	1	1	final_prompt_token	2	0.1655428856611251	0.1655428856611251	-0.1655428856611251	2	2	0	0	2
694	21190	0	1	s_to_ş	1	1	3	3	original_hum,removed_sentence_hum,yes_no_hum	2	2	final_prompt_token_minus_2,final_prompt_token_minus_5	3	0.3810269882281621	0.4559408724308014	0.3810269882281621	3	0	3	0	3
695	21213	0	1	e_to_ē	1	1	1	1	just_check_hum	1	1	final_prompt_token_minus_10	1	0.1979156881570816	0.1979156881570816	0.1979156881570816	1	0	1	0	1
696	21244	0	1	s_to_ş	1	1	2	2	original_hum,removed_sentence_hum	1	1	final_prompt_token_minus_2	2	0.2308370769023895	0.2405543029308319	0.2308370769023895	2	0	2	0	2
697	21254	0	2	e_to_ē,s_to_ş	2	2	1	1	just_check_hum	1	1	final_prompt_token_minus_2	2	0.1628248393535614	0.1628248393535614	-0.1628248393535614	2	2	0	0	2
698	21296	0	2	e_to_ē,s_to_ş	2	2	1	1	removed_sentence_hum	1	1	final_prompt_token_minus_10	2	0.2005213946104049	0.2005213946104049	-0.2005213946104049	2	2	0	0	2
699	21298	0	1	e_to_ē	1	1	2	2	original_hum,removed_sentence_hum	1	1	final_prompt_token_minus_2	2	0.20784457027912134	0.2177284508943557	0.20784457027912134	2	0	2	0	2
700	21323	0	1	e_to_ē	1	1	2	2	original_hum,removed_sentence_hum	1	1	final_prompt_token_minus_2	2	0.16334556043148035	0.1757474243640899	0.16334556043148035	2	0	2	0	2
701	21339	1	2	e_to_ē,s_to_ş	2	2	3	3	just_check_hum,paraphrase_hum,yes_no_hum	2	2	final_prompt_token_minus_10,final_prompt_token_minus_5	6	0.3178993463516235	0.3928529024124145	-0.16875223318735755	6	4	2	0	6
702	21417	1	2	e_to_ē,s_to_ş	2	2	2	2	paraphrase_hum,yes_no_hum	2	2	final_prompt_token,final_prompt_token_minus_2	5	0.2387447953224182	0.4028902351856231	-0.16781049966812134	4	3	1	1	5
703	21421	0	1	s_to_ş	1	1	1	1	just_check_hum	1	1	final_prompt_token_minus_2	1	0.170569360256195	0.170569360256195	0.170569360256195	1	0	1	0	1
704	21437	0	1	e_to_ē	1	1	2	2	paraphrase_hum,yes_no_hum	2	2	final_prompt_token_minus_2,final_prompt_token_minus_5	2	0.3609851002693176	0.3692616820335388	0.3609851002693176	2	0	2	0	2
705	21462	0	1	e_to_ē	1	1	1	1	original_hum	1	1	final_prompt_token_minus_10	1	0.2139403373003006	0.2139403373003006	0.2139403373003006	1	0	1	0	1
706	21471	0	2	e_to_ē,s_to_ş	2	2	1	1	yes_no_hum	1	1	final_prompt_token	2	0.1633692383766174	0.1633692383766174	-0.1633692383766174	2	2	0	0	2
707	21477	0	1	e_to_ē	1	1	1	1	just_check_hum	1	1	final_prompt_token_minus_10	1	0.2222919166088104	0.2222919166088104	0.2222919166088104	1	0	1	0	1
708	21478	1	2	e_to_ē,s_to_ş	2	2	2	2	original_hum,removed_sentence_hum	3	3	final_prompt_token_minus_1,final_prompt_token_minus_2,final_prompt_token_minus_5	8	0.18902353942394254	0.2897863090038299	0.03656788170337676	6	2	4	2	6
709	21517	1	2	e_to_ē,s_to_ş	2	2	4	4	just_check_hum,original_hum,paraphrase_hum,removed_sentence_hum	2	2	final_prompt_token_minus_1,final_prompt_token_minus_2	7	0.22177093795367647	0.4295763969421386	-0.1538360672337668	5	4	1	2	5
710	21539	1	2	e_to_ē,s_to_ş	2	2	5	5	just_check_hum,original_hum,paraphrase_hum,removed_sentence_hum,yes_no_hum	4	4	final_prompt_token,final_prompt_token_minus_10,final_prompt_token_minus_2,final_prompt_token_minus_5	19	0.18548585474491114	0.240944355726242	-0.16429029875680015	18	17	1	1	18
711	21571	0	1	e_to_ē	1	1	1	1	yes_no_hum	1	1	final_prompt_token_minus_5	1	0.1795972287654876	0.1795972287654876	0.1795972287654876	1	0	1	0	1
712	21572	0	2	e_to_ē,s_to_ş	2	2	1	1	just_check_hum	1	1	final_prompt_token	2	0.18373230099678034	0.1863968074321746	0.18373230099678034	2	0	2	0	2
713	21582	0	1	s_to_ş	1	1	1	1	yes_no_hum	1	1	final_prompt_token_minus_2	1	0.1765054762363433	0.1765054762363433	0.1765054762363433	1	0	1	0	1
714	21601	0	1	e_to_ē	1	1	2	2	paraphrase_hum,yes_no_hum	2	2	final_prompt_token_minus_2,final_prompt_token_minus_5	2	0.22245524823665616	0.2250142395496368	0.22245524823665616	2	0	2	0	2
715	21620	1	2	e_to_ē,s_to_ş	2	2	2	2	paraphrase_hum,removed_sentence_hum	2	2	final_prompt_token,final_prompt_token_minus_5	3	0.15808938443660728	0.1596990078687667	-0.051623379190762826	3	2	1	0	3
716	21624	0	1	s_to_ş	1	1	1	1	yes_no_hum	1	1	final_prompt_token_minus_1	1	0.1744662970304489	0.1744662970304489	0.1744662970304489	1	0	1	0	1
717	21637	0	2	e_to_ē,s_to_ş	2	2	1	1	just_check_hum	1	1	final_prompt_token_minus_5	2	0.2080198675394058	0.2080198675394058	-0.2080198675394058	2	2	0	0	2
718	21650	1	2	e_to_ē,s_to_ş	2	2	2	2	paraphrase_hum,yes_no_hum	2	2	final_prompt_token_minus_2,final_prompt_token_minus_5	3	0.1729095677534739	0.1815419793128967	-0.051881581544876106	3	2	1	0	3
719	21687	1	2	e_to_ē,s_to_ş	2	2	3	3	just_check_hum,original_hum,removed_sentence_hum	2	2	final_prompt_token_minus_10,final_prompt_token_minus_5	5	0.2966125130653381	0.3278946280479431	-0.16545466184616084	5	4	1	0	5
720	21693	1	2	e_to_ē,s_to_ş	2	2	2	2	just_check_hum,paraphrase_hum	1	1	final_prompt_token_minus_10	4	0.22978286445140836	0.2309572547674179	-0.22978286445140836	4	4	0	0	4
721	21706	0	1	e_to_ē	1	1	1	1	original_hum	1	1	final_prompt_token_minus_5	1	0.1678335815668106	0.1678335815668106	0.1678335815668106	1	0	1	0	1
722	21731	0	1	s_to_ş	1	1	2	2	original_hum,removed_sentence_hum	1	1	final_prompt_token_minus_10	2	0.17585249245166776	0.2062340676784515	0.17585249245166776	2	0	2	0	2
723	21750	1	2	e_to_ē,s_to_ş	2	2	2	2	original_hum,removed_sentence_hum	1	1	final_prompt_token_minus_10	4	0.22167547047138209	0.2274419218301773	-0.22167547047138209	4	4	0	0	4
724	21783	0	1	e_to_ē	1	1	1	1	original_hum	1	1	final_prompt_token_minus_10	1	0.1656929552555084	0.1656929552555084	0.1656929552555084	1	0	1	0	1
725	21803	0	1	s_to_ş	1	1	2	2	original_hum,removed_sentence_hum	1	1	final_prompt_token_minus_5	2	0.47014009952545166	0.4863811731338501	0.47014009952545166	2	0	2	0	2
726	21902	0	1	s_to_ş	1	1	1	1	paraphrase_hum	1	1	final_prompt_token_minus_10	1	0.3486209511756897	0.3486209511756897	0.3486209511756897	1	0	1	0	1
727	21999	0	1	s_to_ş	1	1	1	1	yes_no_hum	1	1	final_prompt_token_minus_5	1	0.1957822889089584	0.1957822889089584	0.1957822889089584	1	0	1	0	1
728	22025	1	2	e_to_ē,s_to_ş	2	2	2	2	original_hum,removed_sentence_hum	1	1	final_prompt_token_minus_1	3	0.15201475719610844	0.1565283387899398	0.15201475719610844	3	0	3	0	3
729	22051	0	1	s_to_ş	1	1	1	1	just_check_hum	1	1	final_prompt_token_minus_2	1	0.1586870700120926	0.1586870700120926	0.1586870700120926	1	0	1	0	1
730	22076	0	1	e_to_ē	1	1	1	1	original_hum	1	1	final_prompt_token_minus_5	1	0.1637865453958511	0.1637865453958511	0.1637865453958511	1	0	1	0	1
731	22078	1	2	e_to_ē,s_to_ş	2	2	2	2	paraphrase_hum,yes_no_hum	3	3	final_prompt_token,final_prompt_token_minus_1,final_prompt_token_minus_2	8	0.21279837191104883	0.3113778233528137	-0.20911058038473124	6	6	0	2	7
732	22080	0	1	e_to_ē	1	1	2	2	original_hum,removed_sentence_hum	1	1	final_prompt_token_minus_5	2	0.4671818017959595	0.4864470064640045	0.4671818017959595	2	0	2	0	2
733	22091	0	2	e_to_ē,s_to_ş	2	2	1	1	just_check_hum	1	1	final_prompt_token_minus_10	2	0.19538414478302	0.19538414478302	-0.19538414478302	2	2	0	0	2
734	22114	0	2	e_to_ē,s_to_ş	2	2	1	1	paraphrase_hum	1	1	final_prompt_token_minus_10	2	0.3563930690288543	0.3563930690288543	-0.3563930690288543	2	2	0	0	2
735	22129	1	2	e_to_ē,s_to_ş	2	2	3	3	just_check_hum,original_hum,removed_sentence_hum	1	1	final_prompt_token_minus_1	6	0.2067090844114621	0.2490793913602829	0.2067090844114621	6	0	6	0	6
736	22148	0	1	s_to_ş	1	1	1	1	paraphrase_hum	1	1	final_prompt_token_minus_10	1	0.1864274889230728	0.1864274889230728	0.1864274889230728	1	0	1	0	1
737	22151	0	1	s_to_ş	1	1	1	1	removed_sentence_hum	1	1	final_prompt_token_minus_10	1	0.1999827623367309	0.1999827623367309	0.1999827623367309	1	0	1	0	1
738	22173	0	2	e_to_ē,s_to_ş	2	2	1	1	paraphrase_hum	1	1	final_prompt_token_minus_10	2	0.3534846901893616	0.3534846901893616	-0.3534846901893616	2	2	0	0	2
739	22182	0	1	e_to_ē	1	1	2	2	original_hum,removed_sentence_hum	2	2	final_prompt_token_minus_10,final_prompt_token_minus_5	3	0.17345177133878065	0.1766160428524017	0.17345177133878065	3	0	3	0	3
740	22188	0	1	s_to_ş	1	1	2	2	paraphrase_hum,yes_no_hum	2	2	final_prompt_token_minus_2,final_prompt_token_minus_5	2	0.2102077454328537	0.2117350697517395	0.2102077454328537	2	0	2	0	2
741	22212	1	2	e_to_ē,s_to_ş	2	2	2	2	just_check_hum,yes_no_hum	1	1	final_prompt_token_minus_10	4	0.24974219501018524	0.324321985244751	-0.24974219501018524	4	4	0	0	4
742	22353	0	2	e_to_ē,s_to_ş	1	1	2	2	original_hum,removed_sentence_hum	1	1	final_prompt_token_minus_1	4	0.11921991780400273	0.2320568263530731	-0.11921991780400273	2	2	0	2	2
743	22360	0	1	s_to_ş	1	1	2	2	original_hum,removed_sentence_hum	1	1	final_prompt_token_minus_10	2	0.1762253940105438	0.204731673002243	0.1762253940105438	2	0	2	0	2
744	22367	0	2	e_to_ē,s_to_ş	1	1	1	1	yes_no_hum	1	1	final_prompt_token_minus_1	2	0.12857986986637115	0.2081432044506073	-0.12857986986637115	1	1	0	1	1
745	22429	0	1	s_to_ş	1	1	1	1	just_check_hum	1	1	final_prompt_token_minus_1	1	0.1785826236009597	0.1785826236009597	0.1785826236009597	1	0	1	0	1
746	22452	0	1	e_to_ē	1	1	2	2	original_hum,removed_sentence_hum	1	1	final_prompt_token_minus_10	2	0.17894811183214185	0.1829018741846084	0.17894811183214185	2	0	2	0	2
747	22495	1	2	e_to_ē,s_to_ş	2	2	2	2	original_hum,removed_sentence_hum	1	1	final_prompt_token_minus_10	4	0.2733525037765503	0.2742109298706054	-0.2733525037765503	4	4	0	0	4
748	22503	1	2	e_to_ē,s_to_ş	2	2	5	5	just_check_hum,original_hum,paraphrase_hum,removed_sentence_hum,yes_no_hum	4	4	final_prompt_token,final_prompt_token_minus_10,final_prompt_token_minus_2,final_prompt_token_minus_5	16	0.23329852055758235	0.47878098487854	0.007492042146623131	13	5	8	3	15
749	22510	0	1	e_to_ē	1	1	2	2	original_hum,removed_sentence_hum	1	1	final_prompt_token_minus_2	2	0.13127166032791135	0.131609559059143	0.13127166032791135	2	0	2	0	2
750	22513	0	1	s_to_ş	1	1	1	1	removed_sentence_hum	1	1	final_prompt_token_minus_1	1	0.1462316513061523	0.1462316513061523	0.1462316513061523	1	0	1	0	1
751	22518	0	1	s_to_ş	1	1	3	3	just_check_hum,original_hum,removed_sentence_hum	1	1	final_prompt_token_minus_2	3	0.2697692513465881	0.2964422702789306	0.2697692513465881	3	0	3	0	3
752	22544	0	2	e_to_ē,s_to_ş	2	2	1	1	just_check_hum	1	1	final_prompt_token_minus_2	2	0.1925390064716339	0.1925390064716339	-0.1925390064716339	2	2	0	0	2
753	22551	1	2	e_to_ē,s_to_ş	2	2	2	2	paraphrase_hum,yes_no_hum	2	2	final_prompt_token_minus_10,final_prompt_token_minus_5	4	0.199479978531599	0.2131362855434417	-0.0136563070118427	4	2	2	0	4
754	22584	0	1	e_to_ē	1	1	1	1	original_hum	1	1	final_prompt_token_minus_1	1	0.150042325258255	0.150042325258255	0.150042325258255	1	0	1	0	1
755	22595	0	2	e_to_ē,s_to_ş	1	1	1	1	just_check_hum	1	1	final_prompt_token_minus_5	2	0.10537803918123245	0.2041560560464859	-0.10537803918123245	1	1	0	1	1
756	22597	0	1	s_to_ş	1	1	2	2	original_hum,removed_sentence_hum	1	1	final_prompt_token_minus_5	2	0.20718486607074735	0.2091348767280578	0.20718486607074735	2	0	2	0	2
757	22655	0	1	s_to_ş	1	1	1	1	just_check_hum	1	1	final_prompt_token	1	0.1780691295862198	0.1780691295862198	0.1780691295862198	1	0	1	0	1
758	22661	0	2	e_to_ē,s_to_ş	2	2	1	1	paraphrase_hum	1	1	final_prompt_token_minus_2	2	0.1492570489645004	0.1492570489645004	-0.1492570489645004	2	2	0	0	2
759	22786	0	2	e_to_ē,s_to_ş	2	2	1	1	yes_no_hum	1	1	final_prompt_token_minus_5	2	0.1633960455656051	0.1633960455656051	-0.1633960455656051	2	2	0	0	2
760	22800	1	2	e_to_ē,s_to_ş	2	2	3	3	just_check_hum,paraphrase_hum,yes_no_hum	2	2	final_prompt_token,final_prompt_token_minus_5	9	0.15954905086093474	0.2435474097728729	0.06623212496439614	7	2	5	2	7
761	22822	0	1	s_to_ş	1	1	2	2	original_hum,removed_sentence_hum	1	1	final_prompt_token_minus_10	2	0.18764124065637583	0.1888515204191208	0.18764124065637583	2	0	2	0	2
762	22831	0	2	e_to_ē,s_to_ş	2	2	1	1	paraphrase_hum	1	1	final_prompt_token	2	0.1576042622327804	0.1576042622327804	-0.1576042622327804	2	2	0	0	2
763	22835	0	2	e_to_ē,s_to_ş	0	1	1	0	yes_no_hum	1	0	final_prompt_token_minus_1	2	0.1164367794990539	0.2043933868408203	0.1164367794990539	0	0	0	2	1
764	22922	1	2	e_to_ē,s_to_ş	2	2	2	2	original_hum,removed_sentence_hum	3	3	final_prompt_token_minus_1,final_prompt_token_minus_10,final_prompt_token_minus_2	12	0.2029704923431078	0.2428419888019561	-0.2029704923431078	12	12	0	0	12
765	22932	1	2	e_to_ē,s_to_ş	2	2	3	3	just_check_hum,original_hum,removed_sentence_hum	1	1	final_prompt_token_minus_2	6	0.1879891753196716	0.1979861110448837	-0.1879891753196716	6	6	0	0	6
766	22985	0	1	e_to_ē	1	1	1	1	removed_sentence_hum	1	1	final_prompt_token_minus_2	1	0.1266341805458068	0.1266341805458068	0.1266341805458068	1	0	1	0	1
767	23044	0	1	s_to_ş	1	1	1	1	yes_no_hum	1	1	final_prompt_token	1	0.1872901916503906	0.1872901916503906	0.1872901916503906	1	0	1	0	1
768	23057	0	1	e_to_ē	1	1	1	1	paraphrase_hum	1	1	final_prompt_token_minus_10	1	0.1614521145820617	0.1614521145820617	0.1614521145820617	1	0	1	0	1
769	23070	1	2	e_to_ē,s_to_ş	2	2	3	3	just_check_hum,original_hum,removed_sentence_hum	2	2	final_prompt_token,final_prompt_token_minus_1	7	0.16783928019659852	0.2298132181167602	-0.023794344493320997	6	3	3	1	6
770	23071	1	2	e_to_ē,s_to_ş	2	2	2	2	original_hum,removed_sentence_hum	3	3	final_prompt_token_minus_1,final_prompt_token_minus_2,final_prompt_token_minus_5	8	0.13348754122853276	0.2287921607494354	-0.13348754122853276	5	5	0	3	5
771	23093	0	1	s_to_ş	1	1	2	2	original_hum,removed_sentence_hum	1	1	final_prompt_token_minus_2	2	0.28630530834198	0.2883749902248382	0.28630530834198	2	0	2	0	2
772	23099	0	2	e_to_ē,s_to_ş	2	2	1	1	just_check_hum	1	1	final_prompt_token_minus_10	2	0.2617054283618927	0.2617054283618927	-0.2617054283618927	2	2	0	0	2
773	23103	0	1	e_to_ē	1	1	1	1	paraphrase_hum	1	1	final_prompt_token_minus_10	1	0.1837375909090042	0.1837375909090042	0.1837375909090042	1	0	1	0	1
774	23140	0	2	e_to_ē,s_to_ş	2	2	1	1	yes_no_hum	1	1	final_prompt_token	2	0.1610971093177795	0.1610971093177795	-0.1610971093177795	2	2	0	0	2
775	23171	0	1	e_to_ē	1	1	2	2	original_hum,removed_sentence_hum	1	1	final_prompt_token_minus_1	2	0.21442430466413495	0.215688943862915	0.21442430466413495	2	0	2	0	2
776	23177	0	1	s_to_ş	1	1	2	2	original_hum,removed_sentence_hum	1	1	final_prompt_token_minus_10	2	0.18290542066097254	0.1998954117298126	0.18290542066097254	2	0	2	0	2
777	23178	0	2	e_to_ē,s_to_ş	1	2	2	2	original_hum,removed_sentence_hum	2	2	final_prompt_token_minus_10,final_prompt_token_minus_5	6	0.3534543265899022	0.5296115875244141	-0.020069206754366544	4	2	2	2	6
778	23224	0	2	e_to_ē,s_to_ş	0	1	1	0	just_check_hum	1	0	final_prompt_token_minus_1	2	0.07048032432794565	0.1197904795408248	0.04931015521287915	0	0	0	2	1
779	23239	0	1	e_to_ē	1	1	4	4	just_check_hum,original_hum,paraphrase_hum,removed_sentence_hum	2	2	final_prompt_token_minus_10,final_prompt_token_minus_2	4	0.23230568319559095	0.2721486389636993	0.23230568319559095	4	0	4	0	4
780	23280	0	1	s_to_ş	1	1	2	2	just_check_hum,paraphrase_hum	1	1	final_prompt_token_minus_10	2	0.6852624118328094	0.7847715020179749	0.6852624118328094	2	0	2	0	2
781	23331	0	2	e_to_ē,s_to_ş	2	2	1	1	paraphrase_hum	1	1	final_prompt_token_minus_10	2	0.245692029595375	0.245692029595375	-0.245692029595375	2	2	0	0	2
782	23349	0	2	e_to_ē,s_to_ş	2	2	1	1	paraphrase_hum	1	1	final_prompt_token_minus_10	2	0.2607030868530273	0.2607030868530273	-0.2607030868530273	2	2	0	0	2
783	23447	1	2	e_to_ē,s_to_ş	2	2	3	3	just_check_hum,paraphrase_hum,yes_no_hum	1	1	final_prompt_token_minus_10	6	0.3394475181897481	0.4465802609920501	-0.3394475181897481	6	6	0	0	6
784	23471	0	1	s_to_ş	1	1	3	3	just_check_hum,original_hum,removed_sentence_hum	1	1	final_prompt_token_minus_2	3	0.2987629572550456	0.3356682360172272	0.2987629572550456	3	0	3	0	3
785	23474	0	1	e_to_ē	1	1	1	1	removed_sentence_hum	1	1	final_prompt_token_minus_10	1	0.1571146100759506	0.1571146100759506	0.1571146100759506	1	0	1	0	1
786	23540	0	2	e_to_ē,s_to_ş	2	2	1	1	yes_no_hum	1	1	final_prompt_token_minus_2	2	0.16270768642425534	0.1671008169651031	0.16270768642425534	2	0	2	0	2
787	23545	1	2	e_to_ē,s_to_ş	2	2	2	2	original_hum,yes_no_hum	2	2	final_prompt_token_minus_1,final_prompt_token_minus_2	5	0.1973965466022491	0.2403275668621063	0.1973965466022491	5	0	5	0	5
788	23582	1	2	e_to_ē,s_to_ş	2	2	2	2	removed_sentence_hum,yes_no_hum	1	1	final_prompt_token_minus_10	4	0.2227876037359237	0.2231545150279998	-0.2227876037359237	4	4	0	0	4
789	23583	0	2	e_to_ē,s_to_ş	2	2	1	1	yes_no_hum	1	1	final_prompt_token_minus_2	2	0.1863074004650116	0.1863074004650116	-0.1863074004650116	2	2	0	0	2
790	23589	0	2	e_to_ē,s_to_ş	0	0	1	0	paraphrase_hum	1	0	final_prompt_token_minus_1	2	0.01560667157173155	0.0255683660507202	-0.009961694478988651	0	0	0	2	0
791	23598	0	1	s_to_ş	1	1	1	1	yes_no_hum	1	1	final_prompt_token_minus_10	1	0.1843783259391784	0.1843783259391784	0.1843783259391784	1	0	1	0	1
792	23640	0	1	s_to_ş	1	1	1	1	just_check_hum	1	1	final_prompt_token_minus_1	1	0.3436233401298523	0.3436233401298523	0.3436233401298523	1	0	1	0	1
793	23662	0	1	e_to_ē	1	1	3	3	just_check_hum,original_hum,removed_sentence_hum	1	1	final_prompt_token_minus_2	3	0.22409293055534354	0.2381093800067901	0.22409293055534354	3	0	3	0	3
794	23673	1	2	e_to_ē,s_to_ş	2	2	5	4	just_check_hum,original_hum,paraphrase_hum,removed_sentence_hum,yes_no_hum	3	2	final_prompt_token_minus_10,final_prompt_token_minus_2,final_prompt_token_minus_5	7	0.22586684993335174	0.3146305680274963	0.22586684993335174	5	0	5	2	7
795	23711	0	1	s_to_ş	1	1	1	1	just_check_hum	1	1	final_prompt_token_minus_5	1	0.1916916519403457	0.1916916519403457	0.1916916519403457	1	0	1	0	1
796	23728	0	1	s_to_ş	1	1	3	3	just_check_hum,original_hum,removed_sentence_hum	1	1	final_prompt_token_minus_2	3	0.2673430740833282	0.3005505204200744	0.2673430740833282	3	0	3	0	3
797	23738	0	1	e_to_ē	1	1	1	1	paraphrase_hum	1	1	final_prompt_token_minus_10	1	0.1826106011867523	0.1826106011867523	0.1826106011867523	1	0	1	0	1
798	23754	0	2	e_to_ē,s_to_ş	2	2	1	1	paraphrase_hum	1	1	final_prompt_token_minus_2	2	0.2161514461040496	0.2161514461040496	-0.2161514461040496	2	2	0	0	2
799	23797	1	2	e_to_ē,s_to_ş	2	2	4	4	original_hum,paraphrase_hum,removed_sentence_hum,yes_no_hum	4	4	final_prompt_token,final_prompt_token_minus_1,final_prompt_token_minus_2,final_prompt_token_minus_5	12	0.12915438413619992	0.223220556974411	0.056287298599878945	6	2	4	6	8
800	23830	0	2	e_to_ē,s_to_ş	0	2	1	0	paraphrase_hum	1	0	final_prompt_token_minus_1	2	0.1208148896694183	0.1303130388259887	-0.1208148896694183	0	0	0	2	2
801	23941	0	1	e_to_ē	1	1	2	2	original_hum,removed_sentence_hum	1	1	final_prompt_token_minus_5	2	0.186794176697731	0.2005240023136139	0.186794176697731	2	0	2	0	2
802	23952	1	2	e_to_ē,s_to_ş	2	2	2	2	original_hum,removed_sentence_hum	2	2	final_prompt_token_minus_10,final_prompt_token_minus_5	6	0.6480127722024918	0.7403866052627563	-0.33796972533067066	6	4	2	0	6
803	23968	0	1	e_to_ē	1	1	1	1	paraphrase_hum	1	1	final_prompt_token_minus_10	1	0.1972501128911972	0.1972501128911972	0.1972501128911972	1	0	1	0	1
804	23977	1	2	e_to_ē,s_to_ş	2	2	5	3	just_check_hum,original_hum,paraphrase_hum,removed_sentence_hum,yes_no_hum	2	2	final_prompt_token,final_prompt_token_minus_5	15	0.21142833828926083	0.5233992338180542	0.015139387051264441	7	4	3	8	10
805	23987	1	2	e_to_ē,s_to_ş	2	2	2	2	just_check_hum,paraphrase_hum	1	1	final_prompt_token_minus_5	3	0.21299761533737174	0.2318818122148513	0.21299761533737174	3	0	3	0	3
806	23990	0	1	s_to_ş	1	1	1	1	removed_sentence_hum	1	1	final_prompt_token_minus_5	1	0.170103520154953	0.170103520154953	0.170103520154953	1	0	1	0	1
807	24013	0	1	s_to_ş	1	1	1	1	yes_no_hum	1	1	final_prompt_token	1	0.1864113956689834	0.1864113956689834	0.1864113956689834	1	0	1	0	1
808	24030	0	2	e_to_ē,s_to_ş	2	2	1	1	just_check_hum	1	1	final_prompt_token_minus_10	2	0.2183936685323715	0.2183936685323715	-0.2183936685323715	2	2	0	0	2
809	24092	0	1	s_to_ş	1	1	3	3	original_hum,removed_sentence_hum,yes_no_hum	2	2	final_prompt_token_minus_10,final_prompt_token_minus_5	3	0.2441015988588333	0.2800247073173523	0.2441015988588333	3	0	3	0	3
810	24123	1	2	e_to_ē,s_to_ş	2	2	3	2	just_check_hum,paraphrase_hum,yes_no_hum	4	3	final_prompt_token,final_prompt_token_minus_1,final_prompt_token_minus_2,final_prompt_token_minus_5	10	0.21306499838829035	0.3685546517372131	0.16720958352088927	5	1	4	5	8
811	24141	0	1	s_to_ş	1	1	3	3	original_hum,removed_sentence_hum,yes_no_hum	2	2	final_prompt_token_minus_1,final_prompt_token_minus_10	3	0.1761565804481506	0.2373376339673996	0.1761565804481506	3	0	3	0	3
812	24205	0	1	e_to_ē	1	1	1	1	just_check_hum	1	1	final_prompt_token_minus_5	1	0.184186965227127	0.184186965227127	0.184186965227127	1	0	1	0	1
813	24235	0	2	e_to_ē,s_to_ş	2	2	1	1	paraphrase_hum	1	1	final_prompt_token_minus_10	2	0.3121042251586914	0.3121042251586914	-0.3121042251586914	2	2	0	0	2
814	24237	0	1	e_to_ē	1	1	1	1	just_check_hum	1	1	final_prompt_token_minus_2	1	0.1658114492893219	0.1658114492893219	0.1658114492893219	1	0	1	0	1
815	24240	0	1	s_to_ş	1	1	1	1	yes_no_hum	1	1	final_prompt_token_minus_2	1	0.1523953229188919	0.1523953229188919	0.1523953229188919	1	0	1	0	1
816	24305	0	1	s_to_ş	1	1	1	1	just_check_hum	1	1	final_prompt_token_minus_2	1	0.4744499921798706	0.4744499921798706	0.4744499921798706	1	0	1	0	1
817	24339	1	2	e_to_ē,s_to_ş	2	2	3	3	just_check_hum,original_hum,removed_sentence_hum	2	2	final_prompt_token_minus_10,final_prompt_token_minus_5	6	0.22155110041300455	0.236138254404068	-0.22155110041300455	6	6	0	0	6
818	24407	0	1	e_to_ē	1	1	2	2	original_hum,removed_sentence_hum	1	1	final_prompt_token_minus_2	2	0.13619348406791684	0.1393570303916931	0.13619348406791684	2	0	2	0	2
819	24463	0	1	s_to_ş	1	1	2	2	original_hum,removed_sentence_hum	1	1	final_prompt_token_minus_10	2	0.1444941163063049	0.1489801108837127	0.1444941163063049	2	0	2	0	2
820	24575	0	1	s_to_ş	1	1	1	1	paraphrase_hum	1	1	final_prompt_token_minus_10	1	0.2334320545196533	0.2334320545196533	0.2334320545196533	1	0	1	0	1
821	24589	1	2	e_to_ē,s_to_ş	2	2	2	2	removed_sentence_hum,yes_no_hum	1	1	final_prompt_token_minus_10	3	0.2041514813899993	0.2315665483474731	-0.10460391640663147	3	2	1	0	3
822	24636	0	1	s_to_ş	1	1	1	1	removed_sentence_hum	1	1	final_prompt_token_minus_1	1	0.1588750779628753	0.1588750779628753	0.1588750779628753	1	0	1	0	1
823	24678	0	2	e_to_ē,s_to_ş	2	2	1	1	paraphrase_hum	1	1	final_prompt_token_minus_1	2	0.2186594307422638	0.2186594307422638	-0.2186594307422638	2	2	0	0	2
824	24695	0	1	e_to_ē	1	1	1	1	yes_no_hum	1	1	final_prompt_token_minus_5	1	0.191197782754898	0.191197782754898	0.191197782754898	1	0	1	0	1
825	24696	0	1	s_to_ş	1	1	1	1	just_check_hum	1	1	final_prompt_token_minus_10	1	0.1790540516376495	0.1790540516376495	0.1790540516376495	1	0	1	0	1
826	24748	0	2	e_to_ē,s_to_ş	2	2	2	2	just_check_hum,paraphrase_hum	1	1	final_prompt_token_minus_10	2	0.2056252509355545	0.2423989474773407	0.2056252509355545	2	0	2	0	2
827	24803	1	2	e_to_ē,s_to_ş	2	2	3	2	original_hum,removed_sentence_hum,yes_no_hum	2	1	final_prompt_token_minus_2,final_prompt_token_minus_5	6	0.13577038546403244	0.1616097092628479	-0.13577038546403244	4	4	0	2	4
828	24825	0	1	e_to_ē	1	1	3	3	just_check_hum,original_hum,removed_sentence_hum	2	2	final_prompt_token_minus_10,final_prompt_token_minus_2	4	0.23669055849313733	0.3761107623577118	0.23669055849313733	4	0	4	0	4
829	24831	0	1	e_to_ē	1	1	1	1	just_check_hum	1	1	final_prompt_token_minus_2	1	0.1385692656040191	0.1385692656040191	0.1385692656040191	1	0	1	0	1
830	24878	0	2	e_to_ē,s_to_ş	2	2	1	1	yes_no_hum	1	1	final_prompt_token_minus_1	2	0.1890635937452316	0.1997052431106567	0.1890635937452316	2	0	2	0	2
831	24893	0	1	e_to_ē	1	1	3	3	just_check_hum,original_hum,removed_sentence_hum	1	1	final_prompt_token_minus_2	3	0.14932679136594132	0.1666511297225952	0.14932679136594132	3	0	3	0	3
832	24907	0	1	e_to_ē	1	1	1	1	paraphrase_hum	1	1	final_prompt_token_minus_1	1	0.2433154284954071	0.2433154284954071	0.2433154284954071	1	0	1	0	1
833	24913	0	1	s_to_ş	1	1	1	1	just_check_hum	1	1	final_prompt_token	1	0.1830784827470779	0.1830784827470779	0.1830784827470779	1	0	1	0	1
834	24940	0	2	e_to_ē,s_to_ş	0	0	1	0	yes_no_hum	1	0	final_prompt_token_minus_1	2	0.0137550383806228	0.0163739025592803	0.0137550383806228	0	0	0	2	0
835	24977	0	1	e_to_ē	1	1	3	3	just_check_hum,original_hum,removed_sentence_hum	1	1	final_prompt_token_minus_1	3	0.1586346328258514	0.1634359806776046	0.1586346328258514	3	0	3	0	3
836	24999	0	2	e_to_ē,s_to_ş	2	2	1	1	just_check_hum	1	1	final_prompt_token_minus_5	2	0.2350781410932541	0.2350781410932541	-0.2350781410932541	2	2	0	0	2
837	25001	1	2	e_to_ē,s_to_ş	2	2	3	3	just_check_hum,original_hum,removed_sentence_hum	2	2	final_prompt_token,final_prompt_token_minus_1	12	0.19389198720455167	0.2761857211589813	-0.19389198720455167	7	7	0	5	9
838	25005	0	1	e_to_ē	1	1	1	1	paraphrase_hum	1	1	final_prompt_token_minus_5	1	0.1652004122734069	0.1652004122734069	0.1652004122734069	1	0	1	0	1
839	25046	1	2	e_to_ē,s_to_ş	2	2	3	3	just_check_hum,original_hum,removed_sentence_hum	1	1	final_prompt_token_minus_2	4	0.1997914761304855	0.2804626822471618	0.0595601350069046	3	1	2	1	4
840	25077	1	2	e_to_ē,s_to_ş	2	2	5	5	just_check_hum,original_hum,paraphrase_hum,removed_sentence_hum,yes_no_hum	4	4	final_prompt_token,final_prompt_token_minus_1,final_prompt_token_minus_2,final_prompt_token_minus_5	15	0.20749181906382239	0.2692285180091858	-0.015809603532155346	15	8	7	0	15
841	25120	0	1	s_to_ş	1	1	2	2	just_check_hum,yes_no_hum	2	2	final_prompt_token_minus_10,final_prompt_token_minus_5	2	0.1635603383183479	0.1700608134269714	0.1635603383183479	2	0	2	0	2
842	25141	1	2	e_to_ē,s_to_ş	2	2	4	4	just_check_hum,original_hum,paraphrase_hum,removed_sentence_hum	2	2	final_prompt_token_minus_10,final_prompt_token_minus_2	6	0.44178398450215656	0.5885830521583557	0.44178398450215656	6	0	6	0	6
843	25202	0	1	s_to_ş	1	1	1	1	paraphrase_hum	2	2	final_prompt_token,final_prompt_token_minus_5	2	0.1512183248996734	0.165725365281105	0.1512183248996734	2	0	2	0	2
844	25228	0	2	e_to_ē,s_to_ş	2	2	1	1	original_hum	1	1	final_prompt_token_minus_5	2	0.1547813415527343	0.1547813415527343	-0.1547813415527343	2	2	0	0	2
845	25325	0	1	e_to_ē	1	1	3	3	just_check_hum,paraphrase_hum,yes_no_hum	1	1	final_prompt_token	3	0.16262937088807425	0.1705068051815033	0.16262937088807425	3	0	3	0	3
846	25341	1	2	e_to_ē,s_to_ş	2	2	2	2	original_hum,removed_sentence_hum	1	1	final_prompt_token_minus_2	4	0.28139983117580414	0.3014246225357055	-0.28139983117580414	4	4	0	0	4
847	25351	0	2	e_to_ē,s_to_ş	2	2	3	2	paraphrase_hum,removed_sentence_hum,yes_no_hum	1	1	final_prompt_token	6	0.07920942952235535	0.2130329459905624	-0.05240305513143539	2	2	0	4	2
848	25377	1	2	e_to_ē,s_to_ş	2	2	5	5	just_check_hum,original_hum,paraphrase_hum,removed_sentence_hum,yes_no_hum	4	4	final_prompt_token,final_prompt_token_minus_1,final_prompt_token_minus_2,final_prompt_token_minus_5	14	0.151287236383983	0.2004212141036987	0.10847401193210053	12	2	10	2	12
849	25398	1	2	e_to_ē,s_to_ş	2	2	3	3	just_check_hum,paraphrase_hum,yes_no_hum	2	2	final_prompt_token_minus_10,final_prompt_token_minus_5	6	0.3886656165122986	0.3994072675704956	-0.13720868031183878	6	4	2	0	6
850	25421	1	2	e_to_ē,s_to_ş	2	2	2	2	original_hum,removed_sentence_hum	1	1	final_prompt_token_minus_10	4	0.2403663396835327	0.2616459131240845	-0.2403663396835327	4	4	0	0	4
851	25429	0	1	e_to_ē	1	1	3	3	just_check_hum,original_hum,removed_sentence_hum	1	1	final_prompt_token_minus_2	3	0.638422966003418	0.6509410738945007	0.638422966003418	3	0	3	0	3
852	25491	1	2	e_to_ē,s_to_ş	2	2	3	3	just_check_hum,original_hum,removed_sentence_hum	1	1	final_prompt_token_minus_2	5	0.16529028117656708	0.2033718377351761	0.16529028117656708	5	0	5	0	5
853	25494	1	2	e_to_ē,s_to_ş	2	2	3	3	just_check_hum,original_hum,removed_sentence_hum	1	1	final_prompt_token_minus_10	3	0.16518236200014746	0.1730082035064697	0.16518236200014746	3	0	3	0	3
854	25517	0	1	s_to_ş	1	1	1	1	paraphrase_hum	1	1	final_prompt_token_minus_1	1	0.1791479438543319	0.1791479438543319	0.1791479438543319	1	0	1	0	1
855	25520	0	2	e_to_ē,s_to_ş	2	2	1	1	yes_no_hum	1	1	final_prompt_token_minus_10	2	1.1458947658538818	1.1458947658538818	-1.1458947658538818	2	2	0	0	2
856	25575	0	2	e_to_ē,s_to_ş	0	0	2	0	original_hum,removed_sentence_hum	1	0	final_prompt_token	4	0.027957525104284224	0.0479259938001632	-0.027957525104284224	0	0	0	4	0
857	25601	1	2	e_to_ē,s_to_ş	2	2	3	3	original_hum,removed_sentence_hum,yes_no_hum	1	1	final_prompt_token_minus_5	4	0.17506837099790568	0.1792399436235427	0.00018963962793347444	4	2	2	0	4
858	25631	0	1	s_to_ş	1	1	1	1	original_hum	1	1	final_prompt_token_minus_10	1	0.1779419630765915	0.1779419630765915	0.1779419630765915	1	0	1	0	1
859	25632	0	2	e_to_ē,s_to_ş	2	2	1	1	just_check_hum	1	1	final_prompt_token_minus_2	2	0.1873597502708435	0.1873597502708435	-0.1873597502708435	2	2	0	0	2
860	25721	0	2	e_to_ē,s_to_ş	1	1	1	1	paraphrase_hum	1	1	final_prompt_token	2	0.08532381057739255	0.1564012467861175	-0.07107743620872495	1	1	0	1	1
861	25951	0	2	e_to_ē,s_to_ş	2	2	1	1	yes_no_hum	1	1	final_prompt_token_minus_10	2	0.170473575592041	0.170473575592041	-0.170473575592041	2	2	0	0	2
862	25960	1	2	e_to_ē,s_to_ş	2	2	4	3	original_hum,paraphrase_hum,removed_sentence_hum,yes_no_hum	3	2	final_prompt_token_minus_10,final_prompt_token_minus_2,final_prompt_token_minus_5	6	0.21781277656555173	0.3926085829734802	0.21444941560427347	4	0	4	2	4
863	26037	1	2	e_to_ē,s_to_ş	2	2	3	3	just_check_hum,paraphrase_hum,yes_no_hum	2	2	final_prompt_token_minus_10,final_prompt_token_minus_5	6	0.5018044114112854	0.5704129338264465	-0.19710296392440796	6	4	2	0	6
864	26056	0	2	e_to_ē,s_to_ş	0	0	1	0	paraphrase_hum	2	0	final_prompt_token,final_prompt_token_minus_1	4	0.0395358577370643	0.0818457901477813	-0.028757877647876698	0	0	0	4	0
865	26093	0	1	s_to_ş	1	1	1	1	just_check_hum	1	1	final_prompt_token_minus_2	1	0.2521951198577881	0.2521951198577881	0.2521951198577881	1	0	1	0	1
866	26136	0	2	e_to_ē,s_to_ş	2	2	1	1	yes_no_hum	1	1	final_prompt_token_minus_1	2	0.2151528596878051	0.2151528596878051	-0.2151528596878051	2	2	0	0	2
867	26154	0	2	e_to_ē,s_to_ş	2	2	1	1	yes_no_hum	1	1	final_prompt_token	2	0.1912494599819183	0.1912494599819183	-0.1912494599819183	2	2	0	0	2
868	26216	1	2	e_to_ē,s_to_ş	2	2	2	2	original_hum,removed_sentence_hum	1	1	final_prompt_token_minus_10	4	0.22806285321712488	0.2342680841684341	-0.22806285321712488	4	4	0	0	4
869	26259	1	2	e_to_ē,s_to_ş	2	2	3	2	just_check_hum,paraphrase_hum,yes_no_hum	2	2	final_prompt_token_minus_2,final_prompt_token_minus_5	5	0.35284697711467744	0.3966257572174072	-0.26224739849567413	3	2	1	2	5
870	26262	0	2	e_to_ē,s_to_ş	2	2	1	1	original_hum	1	1	final_prompt_token_minus_1	2	0.1670724153518676	0.1670724153518676	-0.1670724153518676	2	2	0	0	2
871	26273	0	2	e_to_ē,s_to_ş	1	1	4	4	just_check_hum,original_hum,paraphrase_hum,removed_sentence_hum	3	2	final_prompt_token_minus_1,final_prompt_token_minus_10,final_prompt_token_minus_2	6	0.1970921084284782	0.3193101286888122	0.16076637556155524	4	0	4	2	4
872	26363	0	2	e_to_ē,s_to_ş	2	2	1	1	original_hum	1	1	final_prompt_token	2	0.1594351977109909	0.1594351977109909	-0.1594351977109909	2	2	0	0	2
873	26370	0	2	e_to_ē,s_to_ş	2	2	1	1	yes_no_hum	1	1	final_prompt_token_minus_2	2	0.15224090218544	0.15224090218544	-0.15224090218544	2	2	0	0	2
874	26384	0	2	e_to_ē,s_to_ş	2	2	1	1	original_hum	1	1	final_prompt_token_minus_2	2	0.172907292842865	0.172907292842865	-0.172907292842865	2	2	0	0	2
875	26403	1	2	e_to_ē,s_to_ş	2	2	2	2	original_hum,removed_sentence_hum	1	1	final_prompt_token_minus_10	4	0.46581436693668365	0.4828205406665802	-0.46581436693668365	4	4	0	0	4
876	26407	1	2	e_to_ē,s_to_ş	2	2	3	2	just_check_hum,paraphrase_hum,yes_no_hum	4	4	final_prompt_token_minus_1,final_prompt_token_minus_10,final_prompt_token_minus_2,final_prompt_token_minus_5	14	0.21780464691775184	0.4248383045196533	-0.16817879038197653	9	9	0	5	10
877	26460	0	1	e_to_ē	1	1	1	1	yes_no_hum	1	1	final_prompt_token_minus_5	1	0.1909424364566803	0.1909424364566803	0.1909424364566803	1	0	1	0	1
878	26545	1	2	e_to_ē,s_to_ş	2	2	3	3	just_check_hum,paraphrase_hum,removed_sentence_hum	2	2	final_prompt_token_minus_1,final_prompt_token_minus_10	3	0.16686102747917173	0.2057121694087982	0.16686102747917173	3	0	3	0	3
879	26548	0	2	e_to_ē,s_to_ş	0	0	1	0	yes_no_hum	1	0	final_prompt_token_minus_1	2	0.03681565821170805	0.0682854354381561	0.03146977722644805	0	0	0	2	0
880	26574	0	2	e_to_ē,s_to_ş	1	1	2	2	paraphrase_hum,yes_no_hum	2	2	final_prompt_token_minus_2,final_prompt_token_minus_5	3	0.13879298667112983	0.2415304332971573	-0.02791637678941089	2	1	1	1	2
881	26596	1	2	e_to_ē,s_to_ş	2	2	2	2	just_check_hum,paraphrase_hum	1	1	final_prompt_token_minus_10	4	0.36785581707954407	0.4923887550830841	-0.36785581707954407	4	4	0	0	4
882	26598	0	2	e_to_ē,s_to_ş	1	1	2	2	original_hum,removed_sentence_hum	1	1	final_prompt_token_minus_1	4	0.1621576994657516	0.2376518696546554	-0.1621576994657516	2	2	0	2	2
883	26625	0	1	s_to_ş	1	1	2	2	original_hum,removed_sentence_hum	1	1	final_prompt_token_minus_5	2	0.23607549816370005	0.2374407351016998	0.23607549816370005	2	0	2	0	2
884	26653	0	1	s_to_ş	1	1	1	1	paraphrase_hum	1	1	final_prompt_token_minus_10	1	0.2554547786712646	0.2554547786712646	0.2554547786712646	1	0	1	0	1
885	26684	1	2	e_to_ē,s_to_ş	2	2	5	5	just_check_hum,original_hum,paraphrase_hum,removed_sentence_hum,yes_no_hum	5	3	final_prompt_token,final_prompt_token_minus_1,final_prompt_token_minus_10,final_prompt_token_minus_2,final_prompt_token_minus_5	32	0.21760191675275561	0.889609158039093	-0.16963652428239584	12	12	0	20	19
886	26723	1	2	e_to_ē,s_to_ş	2	2	4	4	original_hum,paraphrase_hum,removed_sentence_hum,yes_no_hum	4	4	final_prompt_token_minus_1,final_prompt_token_minus_10,final_prompt_token_minus_2,final_prompt_token_minus_5	12	0.20083311324318245	0.3202538192272186	-0.13013770555456475	11	9	2	1	11
887	26759	0	2	e_to_ē,s_to_ş	2	2	1	1	yes_no_hum	1	1	final_prompt_token_minus_10	2	0.18108334392309183	0.1903838515281677	0.18108334392309183	2	0	2	0	2
888	26785	1	2	e_to_ē,s_to_ş	2	2	2	2	paraphrase_hum,yes_no_hum	2	2	final_prompt_token,final_prompt_token_minus_1	4	0.3409859612584114	0.522367537021637	-0.3409859612584114	4	4	0	0	4
889	26803	1	2	e_to_ē,s_to_ş	2	2	3	3	just_check_hum,paraphrase_hum,yes_no_hum	4	3	final_prompt_token,final_prompt_token_minus_1,final_prompt_token_minus_2,final_prompt_token_minus_5	13	0.17327900460133183	0.3753166794776916	-0.07505578146531029	6	3	3	7	8
890	26833	1	2	e_to_ē,s_to_ş	2	2	4	4	original_hum,paraphrase_hum,removed_sentence_hum,yes_no_hum	3	3	final_prompt_token_minus_10,final_prompt_token_minus_2,final_prompt_token_minus_5	4	0.21990166604518888	0.2893514633178711	0.21990166604518888	4	0	4	0	4
891	26945	1	2	e_to_ē,s_to_ş	2	2	2	2	original_hum,removed_sentence_hum	2	2	final_prompt_token_minus_1,final_prompt_token_minus_2	5	0.16457146704196926	0.2108036577701568	0.16457146704196926	5	0	5	0	5
892	26954	0	2	e_to_ē,s_to_ş	2	2	1	1	just_check_hum	1	1	final_prompt_token_minus_2	2	0.1372693479061126	0.1372693479061126	-0.1372693479061126	2	2	0	0	2
893	26972	1	2	e_to_ē,s_to_ş	2	2	2	2	just_check_hum,paraphrase_hum	1	1	final_prompt_token_minus_10	4	0.33187735080718994	0.3445281684398651	-0.33187735080718994	4	4	0	0	4
894	26998	0	1	s_to_ş	1	1	1	1	yes_no_hum	1	1	final_prompt_token_minus_1	1	0.1512174904346466	0.1512174904346466	0.1512174904346466	1	0	1	0	1
895	26999	0	2	e_to_ē,s_to_ş	2	2	1	1	just_check_hum	1	1	final_prompt_token_minus_10	2	0.1754059195518493	0.1754059195518493	-0.1754059195518493	2	2	0	0	2
896	27178	0	2	e_to_ē,s_to_ş	2	2	1	1	just_check_hum	1	1	final_prompt_token_minus_10	2	0.4459283053874969	0.4459283053874969	-0.4459283053874969	2	2	0	0	2
897	27223	0	1	s_to_ş	1	1	1	1	paraphrase_hum	1	1	final_prompt_token_minus_1	1	0.2087993025779724	0.2087993025779724	0.2087993025779724	1	0	1	0	1
898	27263	1	2	e_to_ē,s_to_ş	2	2	2	2	original_hum,removed_sentence_hum	1	1	final_prompt_token_minus_1	4	0.15488447248935694	0.1568326652050018	-0.15488447248935694	4	4	0	0	4
899	27281	1	2	e_to_ē,s_to_ş	2	2	4	4	original_hum,paraphrase_hum,removed_sentence_hum,yes_no_hum	4	4	final_prompt_token,final_prompt_token_minus_10,final_prompt_token_minus_2,final_prompt_token_minus_5	14	0.20093718383993417	0.3000648021697998	-0.20093718383993417	12	12	0	2	13
900	27282	0	2	e_to_ē,s_to_ş	0	0	1	0	just_check_hum	1	0	final_prompt_token_minus_5	2	0.0225759446620941	0.0388822555541992	0.0225759446620941	0	0	0	2	0
901	27311	0	2	e_to_ē,s_to_ş	2	2	2	2	just_check_hum,removed_sentence_hum	1	1	final_prompt_token_minus_10	2	0.24358000606298444	0.3294009864330292	0.24358000606298444	2	0	2	0	2
902	27324	0	2	e_to_ē,s_to_ş	2	2	1	1	yes_no_hum	1	1	final_prompt_token_minus_2	2	0.1820864975452423	0.1820864975452423	-0.1820864975452423	2	2	0	0	2
903	27342	1	2	e_to_ē,s_to_ş	2	2	2	2	original_hum,removed_sentence_hum	3	2	final_prompt_token,final_prompt_token_minus_1,final_prompt_token_minus_2	12	0.16501531749963758	0.3597079813480377	-0.16501531749963758	4	4	0	8	8
904	27348	0	1	e_to_ē	1	1	3	3	just_check_hum,original_hum,removed_sentence_hum	1	1	final_prompt_token_minus_2	3	0.19595044851303098	0.2234341204166412	0.19595044851303098	3	0	3	0	3
905	27364	1	2	e_to_ē,s_to_ş	2	2	3	3	just_check_hum,paraphrase_hum,yes_no_hum	1	1	final_prompt_token_minus_5	5	0.37718464732170104	0.4958597421646118	0.11324455142021177	5	2	3	0	5
906	27390	0	2	e_to_ē,s_to_ş	2	2	1	1	just_check_hum	1	1	final_prompt_token_minus_10	2	0.360614538192749	0.360614538192749	-0.360614538192749	2	2	0	0	2
907	27399	1	2	e_to_ē,s_to_ş	2	2	1	1	just_check_hum	2	2	final_prompt_token_minus_10,final_prompt_token_minus_2	3	0.18535712361335754	0.2449625730514526	0.18535712361335754	3	0	3	0	3
908	27423	1	2	e_to_ē,s_to_ş	2	2	2	2	just_check_hum,paraphrase_hum	1	1	final_prompt_token_minus_5	3	0.2156036297480265	0.2446355372667312	0.2156036297480265	3	0	3	0	3
909	27446	1	2	e_to_ē,s_to_ş	2	2	4	4	just_check_hum,original_hum,paraphrase_hum,removed_sentence_hum	2	2	final_prompt_token_minus_10,final_prompt_token_minus_2	8	0.37414487823843956	0.495638370513916	0.37414487823843956	8	0	8	0	8
910	27461	1	2	e_to_ē,s_to_ş	2	2	3	3	just_check_hum,original_hum,removed_sentence_hum	3	3	final_prompt_token_minus_1,final_prompt_token_minus_2,final_prompt_token_minus_5	11	0.2093264636668291	0.3066676259040832	-0.17959559370170933	11	10	1	0	11
911	27504	0	1	s_to_ş	1	1	1	1	paraphrase_hum	1	1	final_prompt_token_minus_1	1	0.2018024027347564	0.2018024027347564	0.2018024027347564	1	0	1	0	1
912	27511	1	2	e_to_ē,s_to_ş	2	2	2	2	paraphrase_hum,yes_no_hum	1	1	final_prompt_token_minus_1	3	0.1761054197947184	0.2005675584077835	0.1761054197947184	3	0	3	0	3
913	27541	0	1	e_to_ē	1	1	2	2	original_hum,removed_sentence_hum	1	1	final_prompt_token_minus_5	2	0.3450201749801636	0.3648070693016052	0.3450201749801636	2	0	2	0	2
914	27543	0	1	s_to_ş	1	1	1	1	original_hum	1	1	final_prompt_token_minus_10	1	0.1414510458707809	0.1414510458707809	0.1414510458707809	1	0	1	0	1
915	27571	0	1	e_to_ē	1	1	1	1	just_check_hum	1	1	final_prompt_token_minus_10	1	0.1536194086074829	0.1536194086074829	0.1536194086074829	1	0	1	0	1
916	27673	0	1	s_to_ş	1	1	2	2	paraphrase_hum,removed_sentence_hum	1	1	final_prompt_token_minus_10	2	0.15511213988065714	0.1784841567277908	0.15511213988065714	2	0	2	0	2
917	27690	1	2	e_to_ē,s_to_ş	2	2	2	1	paraphrase_hum,yes_no_hum	2	2	final_prompt_token_minus_1,final_prompt_token_minus_2	6	0.13626543432474136	0.2245928794145584	-0.12544792145490646	3	3	0	3	3
918	27763	1	2	e_to_ē,s_to_ş	2	2	3	3	just_check_hum,paraphrase_hum,yes_no_hum	2	2	final_prompt_token_minus_10,final_prompt_token_minus_5	6	0.2783639629681905	0.3246423900127411	-0.11585330963134764	6	4	2	0	6
919	27785	0	1	s_to_ş	1	1	1	1	yes_no_hum	1	1	final_prompt_token_minus_1	1	0.1478227078914642	0.1478227078914642	0.1478227078914642	1	0	1	0	1
920	27806	0	1	s_to_ş	1	1	2	2	original_hum,removed_sentence_hum	1	1	final_prompt_token_minus_10	2	0.18016482889652252	0.2138646692037582	0.18016482889652252	2	0	2	0	2
921	27872	0	2	e_to_ē,s_to_ş	1	1	3	1	just_check_hum,original_hum,removed_sentence_hum	1	1	final_prompt_token	6	0.10129746297995246	0.1939787417650222	0.03663788239161173	1	1	0	5	2
922	27881	0	1	s_to_ş	1	1	2	2	paraphrase_hum,removed_sentence_hum	1	1	final_prompt_token_minus_10	2	0.20106971263885495	0.2358934879302978	0.20106971263885495	2	0	2	0	2
923	27911	0	2	e_to_ē,s_to_ş	2	2	1	1	paraphrase_hum	1	1	final_prompt_token	2	0.18529867380857465	0.2117799818515777	0.18529867380857465	2	0	2	0	2
924	28033	0	1	e_to_ē	1	1	2	2	original_hum,removed_sentence_hum	1	1	final_prompt_token_minus_2	2	0.1277663111686706	0.1291178166866302	0.1277663111686706	2	0	2	0	2
925	28048	0	1	e_to_ē	1	1	2	2	just_check_hum,paraphrase_hum	1	1	final_prompt_token_minus_10	2	0.2184781283140182	0.2558149099349975	0.2184781283140182	2	0	2	0	2
926	28057	0	2	e_to_ē,s_to_ş	2	2	1	1	yes_no_hum	1	1	final_prompt_token_minus_2	2	0.1545178443193435	0.1591492593288421	0.1545178443193435	2	0	2	0	2
927	28078	1	2	e_to_ē,s_to_ş	2	2	2	2	just_check_hum,paraphrase_hum	2	2	final_prompt_token_minus_10,final_prompt_token_minus_2	3	0.1920486489931742	0.223933458328247	0.1920486489931742	3	0	3	0	3
928	28079	0	1	e_to_ē	1	1	2	2	paraphrase_hum,yes_no_hum	2	2	final_prompt_token_minus_2,final_prompt_token_minus_5	2	0.2606513649225235	0.2853914797306061	0.2606513649225235	2	0	2	0	2
929	28093	0	1	s_to_ş	1	1	2	2	original_hum,removed_sentence_hum	1	1	final_prompt_token_minus_5	2	0.1721573024988174	0.1783761084079742	0.1721573024988174	2	0	2	0	2
930	28170	1	2	e_to_ē,s_to_ş	2	2	2	2	just_check_hum,yes_no_hum	2	2	final_prompt_token_minus_10,final_prompt_token_minus_5	4	0.1693569272756576	0.2482122778892517	0.023540794849395745	3	1	2	1	3
931	28190	0	2	e_to_ē,s_to_ş	2	2	1	1	paraphrase_hum	1	1	final_prompt_token_minus_5	2	0.2760817408561706	0.2760817408561706	-0.2760817408561706	2	2	0	0	2
932	28289	1	2	e_to_ē,s_to_ş	2	2	1	1	removed_sentence_hum	2	2	final_prompt_token_minus_10,final_prompt_token_minus_5	3	0.16463355223337808	0.1665143519639969	-0.05738558371861776	3	2	1	0	3
933	28370	0	2	e_to_ē,s_to_ş	2	2	1	1	yes_no_hum	1	1	final_prompt_token	2	0.15525771677494044	0.1566905230283737	0.15525771677494044	2	0	2	0	2
934	28392	1	2	e_to_ē,s_to_ş	2	2	3	3	just_check_hum,original_hum,removed_sentence_hum	2	2	final_prompt_token_minus_1,final_prompt_token_minus_2	10	0.7453143835067749	1.7058534622192385	-0.6407426476478577	6	4	2	4	9
935	28443	0	2	e_to_ē,s_to_ş	2	2	1	1	yes_no_hum	1	1	final_prompt_token_minus_1	2	0.2132006287574768	0.2132006287574768	-0.2132006287574768	2	2	0	0	2
936	28497	0	1	s_to_ş	1	1	1	1	yes_no_hum	1	1	final_prompt_token_minus_2	1	0.1727071553468704	0.1727071553468704	0.1727071553468704	1	0	1	0	1
937	28606	0	1	e_to_ē	1	1	1	1	removed_sentence_hum	1	1	final_prompt_token_minus_10	1	0.1767472475767135	0.1767472475767135	0.1767472475767135	1	0	1	0	1
938	28696	1	2	e_to_ē,s_to_ş	2	2	5	5	just_check_hum,original_hum,paraphrase_hum,removed_sentence_hum,yes_no_hum	3	3	final_prompt_token,final_prompt_token_minus_10,final_prompt_token_minus_5	11	0.21007641878995023	0.3174600005149841	0.016275606372139675	10	5	5	1	10
939	28713	1	2	e_to_ē,s_to_ş	2	2	5	5	just_check_hum,original_hum,paraphrase_hum,removed_sentence_hum,yes_no_hum	3	2	final_prompt_token,final_prompt_token_minus_10,final_prompt_token_minus_5	18	0.18911564267343942	0.5081284046173096	0.04050362689627542	8	2	6	10	9
940	28724	0	2	e_to_ē,s_to_ş	1	2	1	1	paraphrase_hum	1	1	final_prompt_token	2	0.22655946761369705	0.3412105441093445	-0.22655946761369705	1	1	0	1	2
941	28768	0	1	e_to_ē	1	1	1	1	removed_sentence_hum	1	1	final_prompt_token	1	0.154231995344162	0.154231995344162	0.154231995344162	1	0	1	0	1
942	28814	0	2	e_to_ē,s_to_ş	2	2	1	1	removed_sentence_hum	1	1	final_prompt_token_minus_10	2	0.213558942079544	0.213558942079544	-0.213558942079544	2	2	0	0	2
943	28821	0	2	e_to_ē,s_to_ş	1	1	1	1	paraphrase_hum	1	1	final_prompt_token	2	0.1074621975421905	0.1929927468299865	-0.1074621975421905	1	1	0	1	1
944	28830	0	2	e_to_ē,s_to_ş	0	0	1	0	yes_no_hum	1	0	final_prompt_token_minus_2	2	0.03688757866621015	0.0560675412416458	-0.01917996257543565	0	0	0	2	0
945	28843	1	2	e_to_ē,s_to_ş	2	2	2	2	just_check_hum,paraphrase_hum	2	2	final_prompt_token,final_prompt_token_minus_1	3	0.21582728127638492	0.2257863283157348	-0.08522115647792815	3	2	1	0	3
946	28867	0	1	s_to_ş	1	1	3	3	just_check_hum,original_hum,removed_sentence_hum	1	1	final_prompt_token_minus_2	3	0.17890317241350806	0.1951056122779846	0.17890317241350806	3	0	3	0	3
947	28877	0	1	e_to_ē	1	1	3	3	just_check_hum,original_hum,removed_sentence_hum	1	1	final_prompt_token_minus_2	3	0.15474126736323035	0.1619279980659485	0.15474126736323035	3	0	3	0	3
948	28925	0	2	e_to_ē,s_to_ş	2	2	1	1	paraphrase_hum	1	1	final_prompt_token_minus_10	2	0.3728030920028686	0.3728030920028686	-0.3728030920028686	2	2	0	0	2
949	28950	0	1	s_to_ş	1	1	1	1	paraphrase_hum	1	1	final_prompt_token_minus_10	1	0.3111246228218078	0.3111246228218078	0.3111246228218078	1	0	1	0	1
950	28971	1	2	e_to_ē,s_to_ş	2	2	2	2	original_hum,removed_sentence_hum	1	1	final_prompt_token_minus_10	4	0.29638253152370453	0.2965387105941772	-0.29638253152370453	4	4	0	0	4
951	28992	0	2	e_to_ē,s_to_ş	2	2	1	1	just_check_hum	1	1	final_prompt_token_minus_2	2	0.2763030603528023	0.3439562916755676	0.2763030603528023	2	0	2	0	2
952	29065	0	2	e_to_ē,s_to_ş	1	1	3	1	just_check_hum,original_hum,removed_sentence_hum	2	1	final_prompt_token,final_prompt_token_minus_1	7	0.052174327628953084	0.1805105358362198	0.0278781205415726	1	0	1	6	1
953	29073	0	1	s_to_ş	1	1	1	1	paraphrase_hum	1	1	final_prompt_token_minus_10	1	0.2260491400957107	0.2260491400957107	0.2260491400957107	1	0	1	0	1
954	29089	0	1	s_to_ş	1	1	2	2	just_check_hum,yes_no_hum	2	2	final_prompt_token,final_prompt_token_minus_10	2	0.16487322747707361	0.1781888306140899	0.16487322747707361	2	0	2	0	2
955	29131	1	2	e_to_ē,s_to_ş	2	2	4	4	original_hum,paraphrase_hum,removed_sentence_hum,yes_no_hum	3	3	final_prompt_token_minus_10,final_prompt_token_minus_2,final_prompt_token_minus_5	6	0.2149171307682991	0.2740556001663208	0.2149171307682991	6	0	6	0	6
956	29136	0	1	s_to_ş	1	1	2	2	original_hum,removed_sentence_hum	1	1	final_prompt_token_minus_5	2	0.19647501409053794	0.2042839974164962	0.19647501409053794	2	0	2	0	2
957	29142	0	2	e_to_ē,s_to_ş	2	2	1	1	paraphrase_hum	1	1	final_prompt_token_minus_10	2	0.2963017523288727	0.2963017523288727	-0.2963017523288727	2	2	0	0	2
958	29170	0	1	s_to_ş	1	1	1	1	just_check_hum	1	1	final_prompt_token_minus_1	1	0.1515180170536041	0.1515180170536041	0.1515180170536041	1	0	1	0	1
959	29171	0	2	e_to_ē,s_to_ş	2	2	3	1	just_check_hum,original_hum,removed_sentence_hum	2	2	final_prompt_token,final_prompt_token_minus_1	7	0.07256779713290072	0.1911566257476806	-0.010228295411382374	2	1	1	5	2
960	29190	0	1	e_to_ē	1	1	1	1	original_hum	1	1	final_prompt_token_minus_2	1	0.1319630742073059	0.1319630742073059	0.1319630742073059	1	0	1	0	1
961	29250	0	1	s_to_ş	1	1	1	1	paraphrase_hum	1	1	final_prompt_token_minus_2	1	0.2029292583465576	0.2029292583465576	0.2029292583465576	1	0	1	0	1
962	29275	1	2	e_to_ē,s_to_ş	2	2	2	2	original_hum,removed_sentence_hum	1	1	final_prompt_token_minus_5	4	0.18664595484733576	0.1901470869779586	-0.18664595484733576	4	4	0	0	4
963	29282	0	1	e_to_ē	1	1	2	2	original_hum,removed_sentence_hum	1	1	final_prompt_token	2	0.17568540573120117	0.1888013333082199	0.17568540573120117	2	0	2	0	2
964	29295	0	1	s_to_ş	1	1	1	1	original_hum	1	1	final_prompt_token_minus_5	1	0.1864268630743026	0.1864268630743026	0.1864268630743026	1	0	1	0	1
965	29318	0	1	s_to_ş	1	1	1	1	just_check_hum	1	1	final_prompt_token	1	0.1973822265863418	0.1973822265863418	0.1973822265863418	1	0	1	0	1
966	29329	1	2	e_to_ē,s_to_ş	2	2	4	4	just_check_hum,paraphrase_hum,removed_sentence_hum,yes_no_hum	4	3	final_prompt_token,final_prompt_token_minus_1,final_prompt_token_minus_2,final_prompt_token_minus_5	8	0.11207599192857738	0.1994315087795257	0.0654080659151077	5	1	4	3	5
967	29431	0	2	e_to_ē,s_to_ş	2	2	1	1	just_check_hum	1	1	final_prompt_token_minus_10	2	0.3393146395683288	0.3393146395683288	-0.3393146395683288	2	2	0	0	2
968	29434	0	1	s_to_ş	1	1	1	1	removed_sentence_hum	1	1	final_prompt_token_minus_10	1	0.125075101852417	0.125075101852417	0.125075101852417	1	0	1	0	1
969	29466	1	2	e_to_ē,s_to_ş	2	2	2	2	original_hum,removed_sentence_hum	1	1	final_prompt_token_minus_10	4	0.2773755192756653	0.2846367359161377	-0.2773755192756653	4	4	0	0	4
970	29472	0	2	e_to_ē,s_to_ş	1	1	3	3	just_check_hum,original_hum,removed_sentence_hum	1	1	final_prompt_token_minus_1	6	0.13635150839885074	0.259828507900238	-0.13635150839885074	3	3	0	3	3
971	29516	1	2	e_to_ē,s_to_ş	2	2	1	1	paraphrase_hum	2	2	final_prompt_token,final_prompt_token_minus_5	4	0.20708530023694033	0.2889643311500549	0.20708530023694033	4	0	4	0	4
972	29521	0	1	s_to_ş	1	1	1	1	removed_sentence_hum	1	1	final_prompt_token_minus_5	1	0.1634152829647064	0.1634152829647064	0.1634152829647064	1	0	1	0	1
973	29523	0	2	e_to_ē,s_to_ş	0	0	1	0	paraphrase_hum	1	0	final_prompt_token_minus_2	2	0.07818298041820525	0.0854516476392746	0.07818298041820525	0	0	0	2	0
974	29524	1	2	e_to_ē,s_to_ş	2	2	5	3	just_check_hum,original_hum,paraphrase_hum,removed_sentence_hum,yes_no_hum	2	2	final_prompt_token,final_prompt_token_minus_5	15	0.12840242882569627	0.2850403189659118	-0.008307744065920502	9	6	3	6	10
975	29537	1	2	e_to_ē,s_to_ş	2	2	3	3	just_check_hum,original_hum,removed_sentence_hum	3	3	final_prompt_token,final_prompt_token_minus_10,final_prompt_token_minus_2	4	0.2023784965276718	0.2368574440479278	0.2023784965276718	4	0	4	0	4
976	29577	0	1	e_to_ē	1	1	2	2	paraphrase_hum,yes_no_hum	2	2	final_prompt_token_minus_2,final_prompt_token_minus_5	2	0.266593873500824	0.2756513357162475	0.266593873500824	2	0	2	0	2
977	29578	0	1	e_to_ē	1	1	1	1	paraphrase_hum	1	1	final_prompt_token_minus_10	1	0.2929371893405914	0.2929371893405914	0.2929371893405914	1	0	1	0	1
978	29592	1	2	e_to_ē,s_to_ş	2	2	3	3	original_hum,paraphrase_hum,yes_no_hum	3	3	final_prompt_token_minus_10,final_prompt_token_minus_2,final_prompt_token_minus_5	4	0.1922584399580955	0.22856006026268	0.0779784098267555	3	1	2	1	4
979	29627	0	2	e_to_ē,s_to_ş	0	2	1	0	yes_no_hum	1	0	final_prompt_token_minus_2	2	0.12745773792266846	0.1393589973449707	0.12745773792266846	0	0	0	2	2
980	29632	0	1	e_to_ē	1	1	2	2	original_hum,removed_sentence_hum	1	1	final_prompt_token_minus_2	2	0.14131497591733932	0.1511801779270172	0.14131497591733932	2	0	2	0	2
981	29734	0	1	s_to_ş	1	1	2	2	original_hum,removed_sentence_hum	1	1	final_prompt_token_minus_2	2	0.17851261794567103	0.1799383759498596	0.17851261794567103	2	0	2	0	2
982	29764	0	2	e_to_ē,s_to_ş	2	2	1	1	yes_no_hum	1	1	final_prompt_token_minus_1	2	0.2002233564853668	0.2009482085704803	0.2002233564853668	2	0	2	0	2
983	29872	0	1	s_to_ş	1	1	2	2	original_hum,removed_sentence_hum	1	1	final_prompt_token_minus_10	2	0.5351973474025726	0.556956946849823	0.5351973474025726	2	0	2	0	2
984	29890	1	2	e_to_ē,s_to_ş	2	2	2	2	paraphrase_hum,yes_no_hum	2	2	final_prompt_token_minus_1,final_prompt_token_minus_2	3	0.24036912123362222	0.2709580063819885	-0.12090822060902916	3	2	1	0	3
985	29900	1	2	e_to_ē,s_to_ş	2	2	2	2	paraphrase_hum,yes_no_hum	2	2	final_prompt_token_minus_1,final_prompt_token_minus_2	3	0.16185562312602988	0.1658345013856887	-0.05129928886890411	3	2	1	0	3
986	29956	0	1	e_to_ē	1	1	3	3	just_check_hum,original_hum,removed_sentence_hum	1	1	final_prompt_token_minus_2	3	0.1766435901323954	0.1914014518260955	0.1766435901323954	3	0	3	0	3
987	29996	0	1	s_to_ş	1	1	2	2	original_hum,removed_sentence_hum	1	1	final_prompt_token_minus_10	2	0.29836276173591614	0.3162926137447357	0.29836276173591614	2	0	2	0	2
988	30015	0	2	e_to_ē,s_to_ş	2	2	1	1	paraphrase_hum	1	1	final_prompt_token_minus_1	2	0.2130912244319915	0.2130912244319915	-0.2130912244319915	2	2	0	0	2
989	30019	0	1	s_to_ş	1	1	1	1	just_check_hum	1	1	final_prompt_token_minus_10	1	0.1724241375923156	0.1724241375923156	0.1724241375923156	1	0	1	0	1
990	30026	0	1	e_to_ē	1	1	2	2	original_hum,removed_sentence_hum	1	1	final_prompt_token_minus_10	2	0.1595149487257003	0.1614070534706115	0.1595149487257003	2	0	2	0	2
991	30033	0	2	e_to_ē,s_to_ş	1	1	5	1	just_check_hum,original_hum,paraphrase_hum,removed_sentence_hum,yes_no_hum	1	1	final_prompt_token	10	0.04962272942066188	0.1977925300598144	-0.01387438476085664	1	1	0	9	1
992	30036	1	2	e_to_ē,s_to_ş	2	2	5	4	just_check_hum,original_hum,paraphrase_hum,removed_sentence_hum,yes_no_hum	2	2	final_prompt_token_minus_10,final_prompt_token_minus_5	10	0.4384552866220474	0.8062387108802795	-0.2263546258211136	8	6	2	2	10
993	30064	0	2	e_to_ē,s_to_ş	2	2	1	1	yes_no_hum	1	1	final_prompt_token_minus_1	2	0.1906534880399704	0.1957922875881195	0.1906534880399704	2	0	2	0	2
994	30080	1	2	e_to_ē,s_to_ş	2	2	2	2	original_hum,removed_sentence_hum	1	1	final_prompt_token_minus_2	4	0.19801815599203104	0.2038562595844268	-0.19801815599203104	4	4	0	0	4
995	30136	0	2	e_to_ē,s_to_ş	2	2	1	1	just_check_hum	1	1	final_prompt_token_minus_5	2	0.20721335709095	0.20721335709095	-0.20721335709095	2	2	0	0	2
996	30153	1	2	e_to_ē,s_to_ş	2	2	2	2	original_hum,removed_sentence_hum	1	1	final_prompt_token_minus_5	4	0.15338376164436335	0.1580785512924194	-0.15338376164436335	4	4	0	0	4
997	30166	0	2	e_to_ē,s_to_ş	2	2	1	1	just_check_hum	1	1	final_prompt_token_minus_2	2	0.1452961266040802	0.1452961266040802	-0.1452961266040802	2	2	0	0	2
998	30177	0	2	e_to_ē,s_to_ş	2	2	1	1	yes_no_hum	1	1	final_prompt_token_minus_10	2	0.4596933424472809	0.4596933424472809	-0.4596933424472809	2	2	0	0	2
999	30183	0	1	e_to_ē	1	1	1	1	just_check_hum	1	1	final_prompt_token_minus_5	1	0.1711306869983673	0.1711306869983673	0.1711306869983673	1	0	1	0	1
1000	30205	1	2	e_to_ē,s_to_ş	2	2	3	3	original_hum,paraphrase_hum,removed_sentence_hum	3	3	final_prompt_token_minus_1,final_prompt_token_minus_2,final_prompt_token_minus_5	8	0.18956766836345193	0.2130608260631561	-0.006395766511559476	8	4	4	0	8
1001	30225	0	2	e_to_ē,s_to_ş	2	2	1	1	yes_no_hum	1	1	final_prompt_token_minus_2	2	0.1861902475357055	0.1861902475357055	-0.1861902475357055	2	2	0	0	2
1002	30237	0	1	e_to_ē	1	1	2	2	just_check_hum,paraphrase_hum	2	2	final_prompt_token_minus_10,final_prompt_token_minus_2	2	0.2133174017071724	0.2770017981529236	0.2133174017071724	2	0	2	0	2
1003	30273	0	2	e_to_ē,s_to_ş	2	2	1	1	paraphrase_hum	1	1	final_prompt_token_minus_10	2	0.216568648815155	0.216568648815155	-0.216568648815155	2	2	0	0	2
1004	30335	0	1	e_to_ē	1	1	1	1	just_check_hum	1	1	final_prompt_token_minus_5	1	0.1595772504806518	0.1595772504806518	0.1595772504806518	1	0	1	0	1
1005	30453	0	2	e_to_ē,s_to_ş	1	1	2	2	original_hum,removed_sentence_hum	2	2	final_prompt_token,final_prompt_token_minus_2	8	0.14267733320593828	0.2776238918304443	-0.11451543495059012	4	4	0	4	4
1006	30582	0	2	e_to_ē,s_to_ş	2	2	1	1	yes_no_hum	1	1	final_prompt_token_minus_2	2	0.2142870873212814	0.225847914814949	0.2142870873212814	2	0	2	0	2
1007	30607	0	1	e_to_ē	1	1	2	2	original_hum,removed_sentence_hum	1	1	final_prompt_token_minus_5	2	0.23325575143098826	0.240534022450447	0.23325575143098826	2	0	2	0	2
1008	30620	0	2	e_to_ē,s_to_ş	2	2	1	1	yes_no_hum	1	1	final_prompt_token_minus_2	2	0.1598514169454574	0.1598514169454574	-0.1598514169454574	2	2	0	0	2
1009	30673	0	1	e_to_ē	1	1	1	1	paraphrase_hum	1	1	final_prompt_token_minus_10	1	0.1740899682044983	0.1740899682044983	0.1740899682044983	1	0	1	0	1
1010	30723	0	1	e_to_ē	1	1	1	1	yes_no_hum	1	1	final_prompt_token_minus_1	1	0.1787565499544143	0.1787565499544143	0.1787565499544143	1	0	1	0	1
1011	30737	0	1	e_to_ē	1	1	2	2	original_hum,removed_sentence_hum	1	1	final_prompt_token_minus_10	2	0.25276788324117655	0.2586617767810821	0.25276788324117655	2	0	2	0	2
1012	30798	0	1	s_to_ş	1	1	2	2	just_check_hum,paraphrase_hum	2	2	final_prompt_token_minus_10,final_prompt_token_minus_2	2	0.1816502436995506	0.2047457545995712	0.1816502436995506	2	0	2	0	2
1013	30835	0	1	e_to_ē	1	1	2	2	original_hum,removed_sentence_hum	1	1	final_prompt_token_minus_10	2	0.18133106827735895	0.1872651726007461	0.18133106827735895	2	0	2	0	2
1014	30866	0	1	s_to_ş	1	1	1	1	just_check_hum	1	1	final_prompt_token_minus_10	1	0.1571964025497436	0.1571964025497436	0.1571964025497436	1	0	1	0	1
1015	30867	0	2	e_to_ē,s_to_ş	2	2	1	1	yes_no_hum	1	1	final_prompt_token_minus_2	2	0.1569074094295501	0.1569074094295501	-0.1569074094295501	2	2	0	0	2
1016	30871	0	1	s_to_ş	1	1	3	3	original_hum,removed_sentence_hum,yes_no_hum	2	2	final_prompt_token_minus_10,final_prompt_token_minus_5	3	0.18631385763486222	0.2071871012449264	0.18631385763486222	3	0	3	0	3
1017	30903	1	2	e_to_ē,s_to_ş	2	2	2	1	paraphrase_hum,yes_no_hum	3	2	final_prompt_token,final_prompt_token_minus_1,final_prompt_token_minus_2	8	0.17083835974335668	0.2933547794818878	-0.07346085086464879	4	4	0	4	6
1018	30911	1	2	e_to_ē,s_to_ş	2	2	4	4	original_hum,paraphrase_hum,removed_sentence_hum,yes_no_hum	4	4	final_prompt_token,final_prompt_token_minus_10,final_prompt_token_minus_2,final_prompt_token_minus_5	14	0.26743586574281963	0.4659158289432525	-0.048532792500087185	14	8	6	0	14
1019	30964	0	1	s_to_ş	1	1	1	1	paraphrase_hum	1	1	final_prompt_token_minus_5	1	0.1828920543193817	0.1828920543193817	0.1828920543193817	1	0	1	0	1
1020	30985	0	1	s_to_ş	1	1	1	1	just_check_hum	1	1	final_prompt_token_minus_10	1	0.2574426829814911	0.2574426829814911	0.2574426829814911	1	0	1	0	1
1021	30998	0	1	s_to_ş	1	1	2	2	just_check_hum,removed_sentence_hum	1	1	final_prompt_token	2	0.1673742458224296	0.1785768568515777	0.1673742458224296	2	0	2	0	2
1022	31025	1	2	e_to_ē,s_to_ş	2	2	3	3	original_hum,paraphrase_hum,removed_sentence_hum	2	2	final_prompt_token,final_prompt_token_minus_5	5	0.15007777512073514	0.1567176878452301	-0.09535939395427702	5	4	1	0	5
1023	31050	0	1	s_to_ş	1	1	1	1	original_hum	1	1	final_prompt_token_minus_10	1	0.1573196649551391	0.1573196649551391	0.1573196649551391	1	0	1	0	1
1024	31073	1	2	e_to_ē,s_to_ş	2	2	2	2	original_hum,removed_sentence_hum	3	3	final_prompt_token,final_prompt_token_minus_2,final_prompt_token_minus_5	8	0.18025022372603414	0.2107884287834167	0.09906788542866704	8	2	6	0	8
1025	31074	0	2	e_to_ē,s_to_ş	0	1	1	0	paraphrase_hum	1	0	final_prompt_token_minus_1	2	0.0730047523975372	0.1248623728752136	-0.0518576204776764	0	0	0	2	1
1026	31086	0	1	e_to_ē	1	1	1	1	yes_no_hum	2	2	final_prompt_token_minus_1,final_prompt_token_minus_2	2	0.16760289669036865	0.1706240475177765	0.16760289669036865	2	0	2	0	2
1027	31090	1	2	e_to_ē,s_to_ş	2	2	2	2	original_hum,removed_sentence_hum	1	1	final_prompt_token_minus_1	4	0.1719318516552448	0.1980285942554474	0.1719318516552448	4	0	4	0	4
1028	31103	0	1	e_to_ē	1	1	1	1	paraphrase_hum	1	1	final_prompt_token_minus_5	1	0.1687286794185638	0.1687286794185638	0.1687286794185638	1	0	1	0	1
1029	31107	0	2	e_to_ē,s_to_ş	2	2	1	1	just_check_hum	1	1	final_prompt_token_minus_10	2	0.3500725030899048	0.3500725030899048	-0.3500725030899048	2	2	0	0	2
1030	31160	1	2	e_to_ē,s_to_ş	2	2	2	2	paraphrase_hum,yes_no_hum	1	1	final_prompt_token_minus_5	4	0.22938394546508786	0.2725479304790497	-0.04316398501396182	4	2	2	0	4
1031	31189	0	2	e_to_ē,s_to_ş	2	2	1	1	just_check_hum	1	1	final_prompt_token_minus_10	2	0.2150640785694122	0.2150640785694122	-0.2150640785694122	2	2	0	0	2
1032	31206	0	2	e_to_ē,s_to_ş	1	1	2	2	original_hum,removed_sentence_hum	2	2	final_prompt_token_minus_10,final_prompt_token_minus_5	6	0.18325731903314588	0.2665430903434753	-0.03835304826498032	4	2	2	2	4
1033	31261	1	2	e_to_ē,s_to_ş	2	2	4	4	just_check_hum,original_hum,paraphrase_hum,removed_sentence_hum	2	2	final_prompt_token_minus_10,final_prompt_token_minus_2	4	0.16641782969236368	0.2253439426422119	0.16641782969236368	4	0	4	0	4
1034	31264	0	1	s_to_ş	1	1	1	1	just_check_hum	1	1	final_prompt_token_minus_1	1	0.1491299867630005	0.1491299867630005	0.1491299867630005	1	0	1	0	1
1035	31354	0	2	e_to_ē,s_to_ş	2	2	1	1	yes_no_hum	1	1	final_prompt_token_minus_10	2	0.19293692708015442	0.2064690887928009	0.19293692708015442	2	0	2	0	2
1036	31361	0	1	e_to_ē	1	1	1	1	yes_no_hum	1	1	final_prompt_token_minus_5	1	0.189923346042633	0.189923346042633	0.189923346042633	1	0	1	0	1
1037	31381	0	1	s_to_ş	1	1	2	2	original_hum,removed_sentence_hum	1	1	final_prompt_token_minus_2	2	0.1854429543018341	0.1951199322938919	0.1854429543018341	2	0	2	0	2
1038	31392	0	1	e_to_ē	1	1	1	1	just_check_hum	1	1	final_prompt_token_minus_10	1	0.2627939879894256	0.2627939879894256	0.2627939879894256	1	0	1	0	1
1039	31396	0	1	s_to_ş	1	1	1	1	paraphrase_hum	1	1	final_prompt_token_minus_10	1	0.2286892831325531	0.2286892831325531	0.2286892831325531	1	0	1	0	1
1040	31420	1	2	e_to_ē,s_to_ş	2	2	5	4	just_check_hum,original_hum,paraphrase_hum,removed_sentence_hum,yes_no_hum	4	4	final_prompt_token_minus_1,final_prompt_token_minus_10,final_prompt_token_minus_2,final_prompt_token_minus_5	11	0.1367195912382819	0.2522133588790893	-0.006476701660589718	6	3	3	5	8
1041	31433	1	2	e_to_ē,s_to_ş	2	2	2	2	original_hum,removed_sentence_hum	1	1	final_prompt_token_minus_2	4	0.21799802780151364	0.2248711287975311	-0.21799802780151364	4	4	0	0	4
1042	31440	0	1	s_to_ş	1	1	2	2	original_hum,removed_sentence_hum	1	1	final_prompt_token	2	0.1589812487363815	0.1689805388450622	0.1589812487363815	2	0	2	0	2
1043	31465	0	1	s_to_ş	1	1	1	1	paraphrase_hum	1	1	final_prompt_token_minus_5	1	0.1856443881988525	0.1856443881988525	0.1856443881988525	1	0	1	0	1
1044	31489	1	2	e_to_ē,s_to_ş	2	2	3	2	original_hum,paraphrase_hum,yes_no_hum	1	1	final_prompt_token_minus_1	6	0.20461071034272504	0.274425134062767	-0.20461071034272504	4	4	0	2	6
1045	31500	0	2	e_to_ē,s_to_ş	2	2	1	1	yes_no_hum	1	1	final_prompt_token_minus_1	2	0.2138198316097259	0.2138198316097259	-0.2138198316097259	2	2	0	0	2
1046	31546	0	1	e_to_ē	1	1	1	1	yes_no_hum	1	1	final_prompt_token_minus_2	1	0.1689223796129226	0.1689223796129226	0.1689223796129226	1	0	1	0	1
1047	31589	1	2	e_to_ē,s_to_ş	2	2	3	3	original_hum,removed_sentence_hum,yes_no_hum	3	3	final_prompt_token,final_prompt_token_minus_10,final_prompt_token_minus_5	6	0.1845322450002034	0.2022789716720581	-0.06657597422599792	6	4	2	0	6
1048	31616	0	1	s_to_ş	1	1	1	1	original_hum	1	1	final_prompt_token_minus_1	1	0.1543800383806228	0.1543800383806228	0.1543800383806228	1	0	1	0	1
1049	31632	1	2	e_to_ē,s_to_ş	2	2	2	2	original_hum,removed_sentence_hum	1	1	final_prompt_token_minus_5	4	0.2190129607915878	0.2215957939624786	-0.2190129607915878	4	4	0	0	4
1050	31640	0	1	e_to_ē	1	1	4	4	just_check_hum,original_hum,paraphrase_hum,removed_sentence_hum	2	2	final_prompt_token_minus_10,final_prompt_token_minus_2	4	0.18664767593145368	0.2400862872600555	0.18664767593145368	4	0	4	0	4
1051	31657	0	1	s_to_ş	1	1	1	1	paraphrase_hum	1	1	final_prompt_token_minus_10	1	0.1840917617082595	0.1840917617082595	0.1840917617082595	1	0	1	0	1
1052	31660	1	2	e_to_ē,s_to_ş	2	2	2	2	paraphrase_hum,yes_no_hum	2	2	final_prompt_token_minus_10,final_prompt_token_minus_5	4	0.24942071735858917	0.3049888610839844	-0.055568143725395217	4	2	2	0	4
1053	31664	1	2	e_to_ē,s_to_ş	2	2	3	3	just_check_hum,paraphrase_hum,yes_no_hum	3	3	final_prompt_token,final_prompt_token_minus_1,final_prompt_token_minus_2	9	0.1808953765365812	0.2282899469137191	-0.13554757005638543	8	7	1	1	8
1054	31700	0	1	s_to_ş	1	1	1	1	paraphrase_hum	1	1	final_prompt_token_minus_10	1	0.1764494478702545	0.1764494478702545	0.1764494478702545	1	0	1	0	1
1055	31784	1	2	e_to_ē,s_to_ş	2	2	3	3	just_check_hum,original_hum,removed_sentence_hum	3	3	final_prompt_token,final_prompt_token_minus_1,final_prompt_token_minus_5	10	0.16400520056486126	0.2007592320442199	-0.16400520056486126	9	9	0	1	9
1056	31815	1	2	e_to_ē,s_to_ş	2	2	3	3	just_check_hum,paraphrase_hum,yes_no_hum	2	2	final_prompt_token_minus_10,final_prompt_token_minus_5	6	0.4124794229865074	0.5154211521148682	-0.24794657776753107	6	4	2	0	6
1057	31836	1	2	e_to_ē,s_to_ş	2	2	5	5	just_check_hum,original_hum,paraphrase_hum,removed_sentence_hum,yes_no_hum	5	5	final_prompt_token,final_prompt_token_minus_1,final_prompt_token_minus_10,final_prompt_token_minus_2,final_prompt_token_minus_5	27	0.18120542389375188	0.3007200360298157	-0.095873079918049	21	16	5	6	21
1058	31883	0	1	s_to_ş	1	1	1	1	just_check_hum	1	1	final_prompt_token_minus_10	1	0.2651403248310089	0.2651403248310089	0.2651403248310089	1	0	1	0	1
1059	31897	1	2	e_to_ē,s_to_ş	2	2	3	3	just_check_hum,original_hum,removed_sentence_hum	2	2	final_prompt_token_minus_10,final_prompt_token_minus_5	5	0.2550602346658707	0.285707026720047	-0.1751901239156723	5	4	1	0	5
1060	31908	1	2	e_to_ē,s_to_ş	2	2	4	4	original_hum,paraphrase_hum,removed_sentence_hum,yes_no_hum	3	3	final_prompt_token,final_prompt_token_minus_10,final_prompt_token_minus_5	10	0.22443707287311548	0.3885148763656616	-0.05469976067543029	7	3	4	3	9
1061	31988	0	1	s_to_ş	1	1	1	1	just_check_hum	1	1	final_prompt_token_minus_10	1	0.2250704765319824	0.2250704765319824	0.2250704765319824	1	0	1	0	1
1062	31999	0	2	e_to_ē,s_to_ş	0	0	1	0	paraphrase_hum	1	0	final_prompt_token	2	0.01362080127000805	0.0251142680644989	0.01362080127000805	0	0	0	2	0
1063	32002	0	2	e_to_ē,s_to_ş	2	2	1	1	yes_no_hum	1	1	final_prompt_token_minus_10	2	0.2245427966117859	0.2245427966117859	-0.2245427966117859	2	2	0	0	2
1064	32258	0	1	e_to_ē	1	1	1	1	removed_sentence_hum	1	1	final_prompt_token_minus_5	1	0.1573995351791381	0.1573995351791381	0.1573995351791381	1	0	1	0	1
1065	32285	0	1	e_to_ē	1	1	1	1	original_hum	1	1	final_prompt_token_minus_10	1	0.1581179499626159	0.1581179499626159	0.1581179499626159	1	0	1	0	1
1066	32287	0	1	e_to_ē	1	1	2	2	original_hum,removed_sentence_hum	1	1	final_prompt_token_minus_10	2	0.24399456381797785	0.256410539150238	0.24399456381797785	2	0	2	0	2
1067	32307	1	2	e_to_ē,s_to_ş	2	2	2	2	paraphrase_hum,yes_no_hum	2	2	final_prompt_token,final_prompt_token_minus_5	4	0.25768858939409256	0.2993004024028778	-0.04068806022405625	4	2	2	0	4
1068	32361	0	1	s_to_ş	1	1	1	1	original_hum	1	1	final_prompt_token_minus_10	1	0.2053226828575134	0.2053226828575134	0.2053226828575134	1	0	1	0	1
1069	32417	0	1	s_to_ş	1	1	2	2	just_check_hum,yes_no_hum	2	2	final_prompt_token_minus_1,final_prompt_token_minus_5	2	0.2362117916345596	0.3187513649463653	0.2362117916345596	2	0	2	0	2
1070	32448	0	2	e_to_ē,s_to_ş	0	0	2	0	original_hum,removed_sentence_hum	1	0	final_prompt_token_minus_1	4	0.035455569624900776	0.0548206865787506	0.035455569624900776	0	0	0	4	0
1071	32454	1	2	e_to_ē,s_to_ş	2	2	3	3	just_check_hum,original_hum,removed_sentence_hum	4	3	final_prompt_token,final_prompt_token_minus_1,final_prompt_token_minus_2,final_prompt_token_minus_5	17	0.127085573533002	0.2214468717575073	-0.10435785966760969	9	8	1	8	11
1072	32477	0	1	s_to_ş	1	1	1	1	just_check_hum	1	1	final_prompt_token	1	0.2038378119468689	0.2038378119468689	0.2038378119468689	1	0	1	0	1
1073	32485	0	1	e_to_ē	1	1	2	2	original_hum,removed_sentence_hum	1	1	final_prompt_token_minus_10	2	0.23300088196992869	0.248408243060112	0.23300088196992869	2	0	2	0	2
1074	32526	1	2	e_to_ē,s_to_ş	2	2	2	2	paraphrase_hum,yes_no_hum	1	1	final_prompt_token	3	0.15806810061136875	0.1684674024581909	0.15806810061136875	3	0	3	0	3
1075	32621	0	1	s_to_ş	1	1	1	1	just_check_hum	1	1	final_prompt_token	1	0.1666788905858993	0.1666788905858993	0.1666788905858993	1	0	1	0	1
1076	32680	0	1	s_to_ş	1	1	3	3	just_check_hum,original_hum,removed_sentence_hum	1	1	final_prompt_token_minus_2	3	0.371954083442688	0.4386069178581238	0.371954083442688	3	0	3	0	3
1077	32698	1	2	e_to_ē,s_to_ş	2	2	5	5	just_check_hum,original_hum,paraphrase_hum,removed_sentence_hum,yes_no_hum	5	4	final_prompt_token,final_prompt_token_minus_1,final_prompt_token_minus_10,final_prompt_token_minus_2,final_prompt_token_minus_5	24	0.11151471237341559	0.3051570653915405	0.04175328463315963	10	2	8	14	12
1078	32744	0	2	e_to_ē,s_to_ş	1	1	2	1	paraphrase_hum,yes_no_hum	1	1	final_prompt_token	4	0.07680819183588022	0.2058367431163787	-0.05510704964399333	1	1	0	3	1
