family	variant	layer	position_label	metric	n	mean	std_population	min	max
hum_processing	d_dot_high_impact_control	14	final_prompt_token	residual_l2_vs_ascii	3	0.7935630083084106	0.0	0.7935630083084106	0.7935630083084106
hum_processing	d_dot_high_impact_control	14	final_prompt_token	sae_topk_jaccard_distance_vs_ascii	3	0.27586206896551724	0.0	0.27586206896551724	0.27586206896551724
hum_processing	d_dot_high_impact_control	14	generated_token_1	residual_l2_vs_ascii	3	1.5105186700820923	0.0	1.5105186700820923	1.5105186700820923
hum_processing	d_dot_high_impact_control	14	generated_token_1	sae_topk_jaccard_distance_vs_ascii	3	0.5507246376811594	0.0	0.5507246376811594	0.5507246376811594
hum_processing	d_dot_high_impact_control	14	generated_token_16	residual_l2_vs_ascii	3	1.9151166677474976	0.0	1.9151166677474976	1.9151166677474976
hum_processing	d_dot_high_impact_control	14	generated_token_16	sae_topk_jaccard_distance_vs_ascii	3	0.8095238095238096	1.1102230246251565e-16	0.8095238095238095	0.8095238095238095
hum_processing	d_dot_high_impact_control	14	generated_token_32	residual_l2_vs_ascii	3	3.1426384449005127	0.0	3.1426384449005127	3.1426384449005127
hum_processing	d_dot_high_impact_control	14	generated_token_32	sae_topk_jaccard_distance_vs_ascii	3	0.9361702127659575	0.0	0.9361702127659575	0.9361702127659575
hum_processing	d_dot_high_impact_control	14	generated_token_64	residual_l2_vs_ascii	3	3.7485899925231934	0.0	3.7485899925231934	3.7485899925231934
hum_processing	d_dot_high_impact_control	14	generated_token_64	sae_topk_jaccard_distance_vs_ascii	3	0.98989898989899	0.0	0.98989898989899	0.98989898989899
hum_processing	d_dot_high_impact_control	14	generated_token_8	residual_l2_vs_ascii	3	1.1211135387420654	0.0	1.1211135387420654	1.1211135387420654
hum_processing	d_dot_high_impact_control	14	generated_token_8	sae_topk_jaccard_distance_vs_ascii	3	0.6301369863013699	0.0	0.6301369863013699	0.6301369863013699
hum_processing	d_dot_high_impact_control	15	final_prompt_token	residual_l2_vs_ascii	3	0.8579930663108826	0.0	0.8579930663108826	0.8579930663108826
hum_processing	d_dot_high_impact_control	15	final_prompt_token	sae_topk_jaccard_distance_vs_ascii	3	0.3870967741935483	5.551115123125783e-17	0.3870967741935484	0.3870967741935484
hum_processing	d_dot_high_impact_control	15	generated_token_1	residual_l2_vs_ascii	3	1.6622419357299805	0.0	1.6622419357299805	1.6622419357299805
hum_processing	d_dot_high_impact_control	15	generated_token_1	sae_topk_jaccard_distance_vs_ascii	3	0.6301369863013699	0.0	0.6301369863013699	0.6301369863013699
hum_processing	d_dot_high_impact_control	15	generated_token_16	residual_l2_vs_ascii	3	2.0145323276519775	0.0	2.0145323276519775	2.0145323276519775
hum_processing	d_dot_high_impact_control	15	generated_token_16	sae_topk_jaccard_distance_vs_ascii	3	0.8095238095238096	1.1102230246251565e-16	0.8095238095238095	0.8095238095238095
hum_processing	d_dot_high_impact_control	15	generated_token_32	residual_l2_vs_ascii	3	3.333113431930542	0.0	3.333113431930542	3.333113431930542
hum_processing	d_dot_high_impact_control	15	generated_token_32	sae_topk_jaccard_distance_vs_ascii	3	0.9583333333333334	0.0	0.9583333333333334	0.9583333333333334
hum_processing	d_dot_high_impact_control	15	generated_token_64	residual_l2_vs_ascii	3	3.767439365386963	0.0	3.767439365386963	3.767439365386963
hum_processing	d_dot_high_impact_control	15	generated_token_64	sae_topk_jaccard_distance_vs_ascii	3	0.9690721649484536	0.0	0.9690721649484536	0.9690721649484536
hum_processing	d_dot_high_impact_control	15	generated_token_8	residual_l2_vs_ascii	3	1.1122198104858398	0.0	1.1122198104858398	1.1122198104858398
hum_processing	d_dot_high_impact_control	15	generated_token_8	sae_topk_jaccard_distance_vs_ascii	3	0.5714285714285714	0.0	0.5714285714285714	0.5714285714285714
hum_processing	d_dot_high_impact_control	16	final_prompt_token	residual_l2_vs_ascii	3	0.838881254196167	0.0	0.838881254196167	0.838881254196167
hum_processing	d_dot_high_impact_control	16	final_prompt_token	sae_topk_jaccard_distance_vs_ascii	3	0.41269841269841273	5.551115123125783e-17	0.4126984126984127	0.4126984126984127
hum_processing	d_dot_high_impact_control	16	generated_token_1	residual_l2_vs_ascii	3	1.7999241352081299	0.0	1.7999241352081299	1.7999241352081299
hum_processing	d_dot_high_impact_control	16	generated_token_1	sae_topk_jaccard_distance_vs_ascii	3	0.6842105263157895	0.0	0.6842105263157895	0.6842105263157895
hum_processing	d_dot_high_impact_control	16	generated_token_16	residual_l2_vs_ascii	3	2.063511848449707	0.0	2.063511848449707	2.063511848449707
hum_processing	d_dot_high_impact_control	16	generated_token_16	sae_topk_jaccard_distance_vs_ascii	3	0.7804878048780489	1.1102230246251565e-16	0.7804878048780488	0.7804878048780488
hum_processing	d_dot_high_impact_control	16	generated_token_32	residual_l2_vs_ascii	3	3.448329448699951	0.0	3.448329448699951	3.448329448699951
hum_processing	d_dot_high_impact_control	16	generated_token_32	sae_topk_jaccard_distance_vs_ascii	3	0.9690721649484536	0.0	0.9690721649484536	0.9690721649484536
hum_processing	d_dot_high_impact_control	16	generated_token_64	residual_l2_vs_ascii	3	3.9084532260894775	0.0	3.9084532260894775	3.9084532260894775
hum_processing	d_dot_high_impact_control	16	generated_token_64	sae_topk_jaccard_distance_vs_ascii	3	0.9795918367346937	1.1102230246251565e-16	0.9795918367346939	0.9795918367346939
hum_processing	d_dot_high_impact_control	16	generated_token_8	residual_l2_vs_ascii	3	1.2385361194610596	0.0	1.2385361194610596	1.2385361194610596
hum_processing	d_dot_high_impact_control	16	generated_token_8	sae_topk_jaccard_distance_vs_ascii	3	0.6486486486486487	0.0	0.6486486486486487	0.6486486486486487
hum_processing	d_dot_high_impact_control	24	final_prompt_token	residual_l2_vs_ascii	3	1.0156073570251465	0.0	1.0156073570251465	1.0156073570251465
hum_processing	d_dot_high_impact_control	24	final_prompt_token	sae_topk_jaccard_distance_vs_ascii	3	0.30508474576271183	0.0	0.30508474576271183	0.30508474576271183
hum_processing	d_dot_high_impact_control	24	generated_token_1	residual_l2_vs_ascii	3	2.341083288192749	0.0	2.341083288192749	2.341083288192749
hum_processing	d_dot_high_impact_control	24	generated_token_1	sae_topk_jaccard_distance_vs_ascii	3	0.6842105263157895	0.0	0.6842105263157895	0.6842105263157895
hum_processing	d_dot_high_impact_control	24	generated_token_16	residual_l2_vs_ascii	3	3.002847909927368	0.0	3.002847909927368	3.002847909927368
hum_processing	d_dot_high_impact_control	24	generated_token_16	sae_topk_jaccard_distance_vs_ascii	3	0.7804878048780489	1.1102230246251565e-16	0.7804878048780488	0.7804878048780488
hum_processing	d_dot_high_impact_control	24	generated_token_32	residual_l2_vs_ascii	3	5.38949728012085	0.0	5.38949728012085	5.38949728012085
hum_processing	d_dot_high_impact_control	24	generated_token_32	sae_topk_jaccard_distance_vs_ascii	3	0.9795918367346937	1.1102230246251565e-16	0.9795918367346939	0.9795918367346939
hum_processing	d_dot_high_impact_control	24	generated_token_64	residual_l2_vs_ascii	3	5.823014259338379	0.0	5.823014259338379	5.823014259338379
hum_processing	d_dot_high_impact_control	24	generated_token_64	sae_topk_jaccard_distance_vs_ascii	3	0.9690721649484536	0.0	0.9690721649484536	0.9690721649484536
hum_processing	d_dot_high_impact_control	24	generated_token_8	residual_l2_vs_ascii	3	1.6092060804367065	0.0	1.6092060804367065	1.6092060804367065
hum_processing	d_dot_high_impact_control	24	generated_token_8	sae_topk_jaccard_distance_vs_ascii	3	0.4615384615384615	5.551115123125783e-17	0.46153846153846156	0.46153846153846156
hum_processing	d_dot_high_impact_control	25	final_prompt_token	residual_l2_vs_ascii	3	1.078220248222351	0.0	1.078220248222351	1.078220248222351
hum_processing	d_dot_high_impact_control	25	final_prompt_token	sae_topk_jaccard_distance_vs_ascii	3	0.30508474576271183	0.0	0.30508474576271183	0.30508474576271183
hum_processing	d_dot_high_impact_control	25	generated_token_1	residual_l2_vs_ascii	3	2.41207218170166	0.0	2.41207218170166	2.41207218170166
hum_processing	d_dot_high_impact_control	25	generated_token_1	sae_topk_jaccard_distance_vs_ascii	3	0.6111111111111112	0.0	0.6111111111111112	0.6111111111111112
hum_processing	d_dot_high_impact_control	25	generated_token_16	residual_l2_vs_ascii	3	3.280632972717285	0.0	3.280632972717285	3.280632972717285
hum_processing	d_dot_high_impact_control	25	generated_token_16	sae_topk_jaccard_distance_vs_ascii	3	0.7341772151898734	0.0	0.7341772151898734	0.7341772151898734
hum_processing	d_dot_high_impact_control	25	generated_token_32	residual_l2_vs_ascii	3	5.625298023223877	0.0	5.625298023223877	5.625298023223877
hum_processing	d_dot_high_impact_control	25	generated_token_32	sae_topk_jaccard_distance_vs_ascii	3	0.9583333333333334	0.0	0.9583333333333334	0.9583333333333334
hum_processing	d_dot_high_impact_control	25	generated_token_64	residual_l2_vs_ascii	3	5.964742660522461	0.0	5.964742660522461	5.964742660522461
hum_processing	d_dot_high_impact_control	25	generated_token_64	sae_topk_jaccard_distance_vs_ascii	3	0.9583333333333334	0.0	0.9583333333333334	0.9583333333333334
hum_processing	d_dot_high_impact_control	25	generated_token_8	residual_l2_vs_ascii	3	1.6906003952026367	0.0	1.6906003952026367	1.6906003952026367
hum_processing	d_dot_high_impact_control	25	generated_token_8	sae_topk_jaccard_distance_vs_ascii	3	0.4375	0.0	0.4375	0.4375
hum_processing	d_dot_high_impact_control	26	final_prompt_token	residual_l2_vs_ascii	3	1.1709450483322144	0.0	1.1709450483322144	1.1709450483322144
hum_processing	d_dot_high_impact_control	26	final_prompt_token	sae_topk_jaccard_distance_vs_ascii	3	0.3333333333333333	5.551115123125783e-17	0.33333333333333337	0.33333333333333337
hum_processing	d_dot_high_impact_control	26	generated_token_1	residual_l2_vs_ascii	3	2.3518412113189697	0.0	2.3518412113189697	2.3518412113189697
hum_processing	d_dot_high_impact_control	26	generated_token_1	sae_topk_jaccard_distance_vs_ascii	3	0.48484848484848486	0.0	0.48484848484848486	0.48484848484848486
hum_processing	d_dot_high_impact_control	26	generated_token_16	residual_l2_vs_ascii	3	3.3441872596740723	0.0	3.3441872596740723	3.3441872596740723
hum_processing	d_dot_high_impact_control	26	generated_token_16	sae_topk_jaccard_distance_vs_ascii	3	0.7341772151898734	0.0	0.7341772151898734	0.7341772151898734
hum_processing	d_dot_high_impact_control	26	generated_token_32	residual_l2_vs_ascii	3	5.630609512329102	0.0	5.630609512329102	5.630609512329102
hum_processing	d_dot_high_impact_control	26	generated_token_32	sae_topk_jaccard_distance_vs_ascii	3	0.9473684210526315	1.1102230246251565e-16	0.9473684210526316	0.9473684210526316
hum_processing	d_dot_high_impact_control	26	generated_token_64	residual_l2_vs_ascii	3	6.167335510253906	0.0	6.167335510253906	6.167335510253906
hum_processing	d_dot_high_impact_control	26	generated_token_64	sae_topk_jaccard_distance_vs_ascii	3	0.9583333333333334	0.0	0.9583333333333334	0.9583333333333334
hum_processing	d_dot_high_impact_control	26	generated_token_8	residual_l2_vs_ascii	3	1.788571834564209	0.0	1.788571834564209	1.788571834564209
hum_processing	d_dot_high_impact_control	26	generated_token_8	sae_topk_jaccard_distance_vs_ascii	3	0.41269841269841273	5.551115123125783e-17	0.4126984126984127	0.4126984126984127
hum_processing	dcedilla_high_impact	14	final_prompt_token	residual_l2_vs_ascii	3	0.7301534414291382	0.0	0.7301534414291382	0.7301534414291382
hum_processing	dcedilla_high_impact	14	final_prompt_token	sae_topk_jaccard_distance_vs_ascii	3	0.2142857142857143	0.0	0.2142857142857143	0.2142857142857143
hum_processing	dcedilla_high_impact	14	generated_token_1	residual_l2_vs_ascii	3	1.479752540588379	0.0	1.479752540588379	1.479752540588379
hum_processing	dcedilla_high_impact	14	generated_token_1	sae_topk_jaccard_distance_vs_ascii	3	0.5507246376811594	0.0	0.5507246376811594	0.5507246376811594
hum_processing	dcedilla_high_impact	14	generated_token_16	residual_l2_vs_ascii	3	3.3065271377563477	0.0	3.3065271377563477	3.3065271377563477
hum_processing	dcedilla_high_impact	14	generated_token_16	sae_topk_jaccard_distance_vs_ascii	3	0.9690721649484536	0.0	0.9690721649484536	0.9690721649484536
hum_processing	dcedilla_high_impact	14	generated_token_32	residual_l2_vs_ascii	3	3.624537944793701	0.0	3.624537944793701	3.624537944793701
hum_processing	dcedilla_high_impact	14	generated_token_32	sae_topk_jaccard_distance_vs_ascii	3	0.9361702127659575	0.0	0.9361702127659575	0.9361702127659575
hum_processing	dcedilla_high_impact	14	generated_token_64	residual_l2_vs_ascii	3	4.122811794281006	0.0	4.122811794281006	4.122811794281006
hum_processing	dcedilla_high_impact	14	generated_token_64	sae_topk_jaccard_distance_vs_ascii	3	1.0	0.0	1.0	1.0
hum_processing	dcedilla_high_impact	14	generated_token_8	residual_l2_vs_ascii	3	1.1437137126922607	0.0	1.1437137126922607	1.1437137126922607
hum_processing	dcedilla_high_impact	14	generated_token_8	sae_topk_jaccard_distance_vs_ascii	3	0.5915492957746479	0.0	0.5915492957746479	0.5915492957746479
hum_processing	dcedilla_high_impact	15	final_prompt_token	residual_l2_vs_ascii	3	0.7810046672821045	0.0	0.7810046672821045	0.7810046672821045
hum_processing	dcedilla_high_impact	15	final_prompt_token	sae_topk_jaccard_distance_vs_ascii	3	0.30508474576271183	0.0	0.30508474576271183	0.30508474576271183
hum_processing	dcedilla_high_impact	15	generated_token_1	residual_l2_vs_ascii	3	1.6340131759643555	0.0	1.6340131759643555	1.6340131759643555
hum_processing	dcedilla_high_impact	15	generated_token_1	sae_topk_jaccard_distance_vs_ascii	3	0.6111111111111112	0.0	0.6111111111111112	0.6111111111111112
hum_processing	dcedilla_high_impact	15	generated_token_16	residual_l2_vs_ascii	3	3.346250295639038	0.0	3.346250295639038	3.346250295639038
hum_processing	dcedilla_high_impact	15	generated_token_16	sae_topk_jaccard_distance_vs_ascii	3	0.9583333333333334	0.0	0.9583333333333334	0.9583333333333334
hum_processing	dcedilla_high_impact	15	generated_token_32	residual_l2_vs_ascii	3	3.7764060497283936	0.0	3.7764060497283936	3.7764060497283936
hum_processing	dcedilla_high_impact	15	generated_token_32	sae_topk_jaccard_distance_vs_ascii	3	0.9473684210526315	1.1102230246251565e-16	0.9473684210526316	0.9473684210526316
hum_processing	dcedilla_high_impact	15	generated_token_64	residual_l2_vs_ascii	3	4.115614891052246	0.0	4.115614891052246	4.115614891052246
hum_processing	dcedilla_high_impact	15	generated_token_64	sae_topk_jaccard_distance_vs_ascii	3	0.98989898989899	0.0	0.98989898989899	0.98989898989899
hum_processing	dcedilla_high_impact	15	generated_token_8	residual_l2_vs_ascii	3	1.1283515691757202	0.0	1.1283515691757202	1.1283515691757202
hum_processing	dcedilla_high_impact	15	generated_token_8	sae_topk_jaccard_distance_vs_ascii	3	0.6301369863013699	0.0	0.6301369863013699	0.6301369863013699
hum_processing	dcedilla_high_impact	16	final_prompt_token	residual_l2_vs_ascii	3	0.7684066891670227	0.0	0.7684066891670227	0.7684066891670227
hum_processing	dcedilla_high_impact	16	final_prompt_token	sae_topk_jaccard_distance_vs_ascii	3	0.3870967741935483	5.551115123125783e-17	0.3870967741935484	0.3870967741935484
hum_processing	dcedilla_high_impact	16	generated_token_1	residual_l2_vs_ascii	3	1.7544641494750977	0.0	1.7544641494750977	1.7544641494750977
hum_processing	dcedilla_high_impact	16	generated_token_1	sae_topk_jaccard_distance_vs_ascii	3	0.6666666666666666	1.1102230246251565e-16	0.6666666666666667	0.6666666666666667
hum_processing	dcedilla_high_impact	16	generated_token_16	residual_l2_vs_ascii	3	3.588848829269409	0.0	3.588848829269409	3.588848829269409
hum_processing	dcedilla_high_impact	16	generated_token_16	sae_topk_jaccard_distance_vs_ascii	3	0.9247311827956989	0.0	0.9247311827956989	0.9247311827956989
hum_processing	dcedilla_high_impact	16	generated_token_32	residual_l2_vs_ascii	3	3.885075807571411	0.0	3.885075807571411	3.885075807571411
hum_processing	dcedilla_high_impact	16	generated_token_32	sae_topk_jaccard_distance_vs_ascii	3	0.9473684210526315	1.1102230246251565e-16	0.9473684210526316	0.9473684210526316
hum_processing	dcedilla_high_impact	16	generated_token_64	residual_l2_vs_ascii	3	4.173833847045898	0.0	4.173833847045898	4.173833847045898
hum_processing	dcedilla_high_impact	16	generated_token_64	sae_topk_jaccard_distance_vs_ascii	3	0.98989898989899	0.0	0.98989898989899	0.98989898989899
hum_processing	dcedilla_high_impact	16	generated_token_8	residual_l2_vs_ascii	3	1.2452234029769897	0.0	1.2452234029769897	1.2452234029769897
hum_processing	dcedilla_high_impact	16	generated_token_8	sae_topk_jaccard_distance_vs_ascii	3	0.5507246376811594	0.0	0.5507246376811594	0.5507246376811594
hum_processing	dcedilla_high_impact	24	final_prompt_token	residual_l2_vs_ascii	3	0.9815325736999512	0.0	0.9815325736999512	0.9815325736999512
hum_processing	dcedilla_high_impact	24	final_prompt_token	sae_topk_jaccard_distance_vs_ascii	3	0.3333333333333333	5.551115123125783e-17	0.33333333333333337	0.33333333333333337
hum_processing	dcedilla_high_impact	24	generated_token_1	residual_l2_vs_ascii	3	2.265305280685425	0.0	2.265305280685425	2.265305280685425
hum_processing	dcedilla_high_impact	24	generated_token_1	sae_topk_jaccard_distance_vs_ascii	3	0.6486486486486487	0.0	0.6486486486486487	0.6486486486486487
hum_processing	dcedilla_high_impact	24	generated_token_16	residual_l2_vs_ascii	3	5.356732368469238	0.0	5.356732368469238	5.356732368469238
hum_processing	dcedilla_high_impact	24	generated_token_16	sae_topk_jaccard_distance_vs_ascii	3	0.9473684210526315	1.1102230246251565e-16	0.9473684210526316	0.9473684210526316
hum_processing	dcedilla_high_impact	24	generated_token_32	residual_l2_vs_ascii	3	5.994033336639404	0.0	5.994033336639404	5.994033336639404
hum_processing	dcedilla_high_impact	24	generated_token_32	sae_topk_jaccard_distance_vs_ascii	3	0.9583333333333334	0.0	0.9583333333333334	0.9583333333333334
hum_processing	dcedilla_high_impact	24	generated_token_64	residual_l2_vs_ascii	3	6.336644172668457	0.0	6.336644172668457	6.336644172668457
hum_processing	dcedilla_high_impact	24	generated_token_64	sae_topk_jaccard_distance_vs_ascii	3	1.0	0.0	1.0	1.0
hum_processing	dcedilla_high_impact	24	generated_token_8	residual_l2_vs_ascii	3	1.6782289743423462	0.0	1.6782289743423462	1.6782289743423462
hum_processing	dcedilla_high_impact	24	generated_token_8	sae_topk_jaccard_distance_vs_ascii	3	0.4615384615384615	5.551115123125783e-17	0.46153846153846156	0.46153846153846156
hum_processing	dcedilla_high_impact	25	final_prompt_token	residual_l2_vs_ascii	3	1.0535070896148682	0.0	1.0535070896148682	1.0535070896148682
hum_processing	dcedilla_high_impact	25	final_prompt_token	sae_topk_jaccard_distance_vs_ascii	3	0.27586206896551724	0.0	0.27586206896551724	0.27586206896551724
hum_processing	dcedilla_high_impact	25	generated_token_1	residual_l2_vs_ascii	3	2.3436388969421387	0.0	2.3436388969421387	2.3436388969421387
hum_processing	dcedilla_high_impact	25	generated_token_1	sae_topk_jaccard_distance_vs_ascii	3	0.5714285714285714	0.0	0.5714285714285714	0.5714285714285714
hum_processing	dcedilla_high_impact	25	generated_token_16	residual_l2_vs_ascii	3	5.660831451416016	0.0	5.660831451416016	5.660831451416016
hum_processing	dcedilla_high_impact	25	generated_token_16	sae_topk_jaccard_distance_vs_ascii	3	0.9130434782608696	0.0	0.9130434782608696	0.9130434782608696
hum_processing	dcedilla_high_impact	25	generated_token_32	residual_l2_vs_ascii	3	6.3266191482543945	0.0	6.3266191482543945	6.3266191482543945
hum_processing	dcedilla_high_impact	25	generated_token_32	sae_topk_jaccard_distance_vs_ascii	3	0.9690721649484536	0.0	0.9690721649484536	0.9690721649484536
hum_processing	dcedilla_high_impact	25	generated_token_64	residual_l2_vs_ascii	3	6.484248161315918	0.0	6.484248161315918	6.484248161315918
hum_processing	dcedilla_high_impact	25	generated_token_64	sae_topk_jaccard_distance_vs_ascii	3	0.9795918367346937	1.1102230246251565e-16	0.9795918367346939	0.9795918367346939
hum_processing	dcedilla_high_impact	25	generated_token_8	residual_l2_vs_ascii	3	1.7529107332229614	0.0	1.7529107332229614	1.7529107332229614
hum_processing	dcedilla_high_impact	25	generated_token_8	sae_topk_jaccard_distance_vs_ascii	3	0.4375	0.0	0.4375	0.4375
hum_processing	dcedilla_high_impact	26	final_prompt_token	residual_l2_vs_ascii	3	1.1122363805770874	0.0	1.1122363805770874	1.1122363805770874
hum_processing	dcedilla_high_impact	26	final_prompt_token	sae_topk_jaccard_distance_vs_ascii	3	0.30508474576271183	0.0	0.30508474576271183	0.30508474576271183
hum_processing	dcedilla_high_impact	26	generated_token_1	residual_l2_vs_ascii	3	2.27521014213562	0.0	2.27521014213562	2.27521014213562
hum_processing	dcedilla_high_impact	26	generated_token_1	sae_topk_jaccard_distance_vs_ascii	3	0.5074626865671642	0.0	0.5074626865671642	0.5074626865671642
hum_processing	dcedilla_high_impact	26	generated_token_16	residual_l2_vs_ascii	3	5.655892372131348	0.0	5.655892372131348	5.655892372131348
hum_processing	dcedilla_high_impact	26	generated_token_16	sae_topk_jaccard_distance_vs_ascii	3	0.9130434782608696	0.0	0.9130434782608696	0.9130434782608696
hum_processing	dcedilla_high_impact	26	generated_token_32	residual_l2_vs_ascii	3	6.400833606719971	0.0	6.400833606719971	6.400833606719971
hum_processing	dcedilla_high_impact	26	generated_token_32	sae_topk_jaccard_distance_vs_ascii	3	0.9690721649484536	0.0	0.9690721649484536	0.9690721649484536
hum_processing	dcedilla_high_impact	26	generated_token_64	residual_l2_vs_ascii	3	6.7884955406188965	0.0	6.7884955406188965	6.7884955406188965
hum_processing	dcedilla_high_impact	26	generated_token_64	sae_topk_jaccard_distance_vs_ascii	3	0.98989898989899	0.0	0.98989898989899	0.98989898989899
hum_processing	dcedilla_high_impact	26	generated_token_8	residual_l2_vs_ascii	3	1.803737998008728	0.0	1.803737998008728	1.803737998008728
hum_processing	dcedilla_high_impact	26	generated_token_8	sae_topk_jaccard_distance_vs_ascii	3	0.41269841269841273	5.551115123125783e-17	0.4126984126984127	0.4126984126984127
hum_processing	dcedilla_shuffled_light	14	final_prompt_token	residual_l2_vs_ascii	3	1.667385458946228	0.0	1.667385458946228	1.667385458946228
hum_processing	dcedilla_shuffled_light	14	final_prompt_token	sae_topk_jaccard_distance_vs_ascii	3	0.5714285714285714	0.0	0.5714285714285714	0.5714285714285714
hum_processing	dcedilla_shuffled_light	14	generated_token_1	residual_l2_vs_ascii	3	1.596153736114502	0.0	1.596153736114502	1.596153736114502
hum_processing	dcedilla_shuffled_light	14	generated_token_1	sae_topk_jaccard_distance_vs_ascii	3	0.6666666666666666	1.1102230246251565e-16	0.6666666666666667	0.6666666666666667
hum_processing	dcedilla_shuffled_light	14	generated_token_16	residual_l2_vs_ascii	3	3.4021782875061035	0.0	3.4021782875061035	3.4021782875061035
hum_processing	dcedilla_shuffled_light	14	generated_token_16	sae_topk_jaccard_distance_vs_ascii	3	0.9130434782608696	0.0	0.9130434782608696	0.9130434782608696
hum_processing	dcedilla_shuffled_light	14	generated_token_32	residual_l2_vs_ascii	3	3.928983211517334	0.0	3.928983211517334	3.928983211517334
hum_processing	dcedilla_shuffled_light	14	generated_token_32	sae_topk_jaccard_distance_vs_ascii	3	0.9690721649484536	0.0	0.9690721649484536	0.9690721649484536
hum_processing	dcedilla_shuffled_light	14	generated_token_64	residual_l2_vs_ascii	3	4.222927570343018	0.0	4.222927570343018	4.222927570343018
hum_processing	dcedilla_shuffled_light	14	generated_token_64	sae_topk_jaccard_distance_vs_ascii	3	1.0	0.0	1.0	1.0
hum_processing	dcedilla_shuffled_light	14	generated_token_8	residual_l2_vs_ascii	3	0.6138918399810791	0.0	0.6138918399810791	0.6138918399810791
hum_processing	dcedilla_shuffled_light	14	generated_token_8	sae_topk_jaccard_distance_vs_ascii	3	0.3333333333333333	5.551115123125783e-17	0.33333333333333337	0.33333333333333337
hum_processing	dcedilla_shuffled_light	15	final_prompt_token	residual_l2_vs_ascii	3	1.7155780792236328	0.0	1.7155780792236328	1.7155780792236328
hum_processing	dcedilla_shuffled_light	15	final_prompt_token	sae_topk_jaccard_distance_vs_ascii	3	0.6486486486486487	0.0	0.6486486486486487	0.6486486486486487
hum_processing	dcedilla_shuffled_light	15	generated_token_1	residual_l2_vs_ascii	3	1.6893279552459717	0.0	1.6893279552459717	1.6893279552459717
hum_processing	dcedilla_shuffled_light	15	generated_token_1	sae_topk_jaccard_distance_vs_ascii	3	0.6301369863013699	0.0	0.6301369863013699	0.6301369863013699
hum_processing	dcedilla_shuffled_light	15	generated_token_16	residual_l2_vs_ascii	3	3.502279281616211	0.0	3.502279281616211	3.502279281616211
hum_processing	dcedilla_shuffled_light	15	generated_token_16	sae_topk_jaccard_distance_vs_ascii	3	0.9130434782608696	0.0	0.9130434782608696	0.9130434782608696
hum_processing	dcedilla_shuffled_light	15	generated_token_32	residual_l2_vs_ascii	3	3.9424798488616943	0.0	3.9424798488616943	3.9424798488616943
hum_processing	dcedilla_shuffled_light	15	generated_token_32	sae_topk_jaccard_distance_vs_ascii	3	0.9473684210526315	1.1102230246251565e-16	0.9473684210526316	0.9473684210526316
hum_processing	dcedilla_shuffled_light	15	generated_token_64	residual_l2_vs_ascii	3	4.375138282775879	0.0	4.375138282775879	4.375138282775879
hum_processing	dcedilla_shuffled_light	15	generated_token_64	sae_topk_jaccard_distance_vs_ascii	3	0.9795918367346937	1.1102230246251565e-16	0.9795918367346939	0.9795918367346939
hum_processing	dcedilla_shuffled_light	15	generated_token_8	residual_l2_vs_ascii	3	0.688437283039093	0.0	0.688437283039093	0.688437283039093
hum_processing	dcedilla_shuffled_light	15	generated_token_8	sae_topk_jaccard_distance_vs_ascii	3	0.2142857142857143	0.0	0.2142857142857143	0.2142857142857143
hum_processing	dcedilla_shuffled_light	16	final_prompt_token	residual_l2_vs_ascii	3	1.728377103805542	0.0	1.728377103805542	1.728377103805542
hum_processing	dcedilla_shuffled_light	16	final_prompt_token	sae_topk_jaccard_distance_vs_ascii	3	0.7341772151898734	0.0	0.7341772151898734	0.7341772151898734
hum_processing	dcedilla_shuffled_light	16	generated_token_1	residual_l2_vs_ascii	3	1.819889783859253	0.0	1.819889783859253	1.819889783859253
hum_processing	dcedilla_shuffled_light	16	generated_token_1	sae_topk_jaccard_distance_vs_ascii	3	0.6842105263157895	0.0	0.6842105263157895	0.6842105263157895
hum_processing	dcedilla_shuffled_light	16	generated_token_16	residual_l2_vs_ascii	3	3.6150593757629395	0.0	3.6150593757629395	3.6150593757629395
hum_processing	dcedilla_shuffled_light	16	generated_token_16	sae_topk_jaccard_distance_vs_ascii	3	0.8764044943820225	0.0	0.8764044943820225	0.8764044943820225
hum_processing	dcedilla_shuffled_light	16	generated_token_32	residual_l2_vs_ascii	3	4.00547456741333	0.0	4.00547456741333	4.00547456741333
hum_processing	dcedilla_shuffled_light	16	generated_token_32	sae_topk_jaccard_distance_vs_ascii	3	0.9473684210526315	1.1102230246251565e-16	0.9473684210526316	0.9473684210526316
hum_processing	dcedilla_shuffled_light	16	generated_token_64	residual_l2_vs_ascii	3	4.477540016174316	0.0	4.477540016174316	4.477540016174316
hum_processing	dcedilla_shuffled_light	16	generated_token_64	sae_topk_jaccard_distance_vs_ascii	3	0.98989898989899	0.0	0.98989898989899	0.98989898989899
hum_processing	dcedilla_shuffled_light	16	generated_token_8	residual_l2_vs_ascii	3	0.7750617861747742	0.0	0.7750617861747742	0.7750617861747742
hum_processing	dcedilla_shuffled_light	16	generated_token_8	sae_topk_jaccard_distance_vs_ascii	3	0.3870967741935483	5.551115123125783e-17	0.3870967741935484	0.3870967741935484
hum_processing	dcedilla_shuffled_light	24	final_prompt_token	residual_l2_vs_ascii	3	2.2166712284088135	0.0	2.2166712284088135	2.2166712284088135
hum_processing	dcedilla_shuffled_light	24	final_prompt_token	sae_topk_jaccard_distance_vs_ascii	3	0.6842105263157895	0.0	0.6842105263157895	0.6842105263157895
hum_processing	dcedilla_shuffled_light	24	generated_token_1	residual_l2_vs_ascii	3	2.475731134414673	0.0	2.475731134414673	2.475731134414673
hum_processing	dcedilla_shuffled_light	24	generated_token_1	sae_topk_jaccard_distance_vs_ascii	3	0.6842105263157895	0.0	0.6842105263157895	0.6842105263157895
hum_processing	dcedilla_shuffled_light	24	generated_token_16	residual_l2_vs_ascii	3	4.87856388092041	0.0	4.87856388092041	4.87856388092041
hum_processing	dcedilla_shuffled_light	24	generated_token_16	sae_topk_jaccard_distance_vs_ascii	3	0.9247311827956989	0.0	0.9247311827956989	0.9247311827956989
hum_processing	dcedilla_shuffled_light	24	generated_token_32	residual_l2_vs_ascii	3	5.918084621429443	0.0	5.918084621429443	5.918084621429443
hum_processing	dcedilla_shuffled_light	24	generated_token_32	sae_topk_jaccard_distance_vs_ascii	3	0.9583333333333334	0.0	0.9583333333333334	0.9583333333333334
hum_processing	dcedilla_shuffled_light	24	generated_token_64	residual_l2_vs_ascii	3	6.669010639190674	0.0	6.669010639190674	6.669010639190674
hum_processing	dcedilla_shuffled_light	24	generated_token_64	sae_topk_jaccard_distance_vs_ascii	3	0.98989898989899	0.0	0.98989898989899	0.98989898989899
hum_processing	dcedilla_shuffled_light	24	generated_token_8	residual_l2_vs_ascii	3	1.296227216720581	0.0	1.296227216720581	1.296227216720581
hum_processing	dcedilla_shuffled_light	24	generated_token_8	sae_topk_jaccard_distance_vs_ascii	3	0.360655737704918	0.0	0.360655737704918	0.360655737704918
hum_processing	dcedilla_shuffled_light	25	final_prompt_token	residual_l2_vs_ascii	3	2.321993112564087	0.0	2.321993112564087	2.321993112564087
hum_processing	dcedilla_shuffled_light	25	final_prompt_token	sae_topk_jaccard_distance_vs_ascii	3	0.7012987012987013	0.0	0.7012987012987013	0.7012987012987013
hum_processing	dcedilla_shuffled_light	25	generated_token_1	residual_l2_vs_ascii	3	2.5584030151367188	0.0	2.5584030151367188	2.5584030151367188
hum_processing	dcedilla_shuffled_light	25	generated_token_1	sae_topk_jaccard_distance_vs_ascii	3	0.6111111111111112	0.0	0.6111111111111112	0.6111111111111112
hum_processing	dcedilla_shuffled_light	25	generated_token_16	residual_l2_vs_ascii	3	5.17730712890625	0.0	5.17730712890625	5.17730712890625
hum_processing	dcedilla_shuffled_light	25	generated_token_16	sae_topk_jaccard_distance_vs_ascii	3	0.8764044943820225	0.0	0.8764044943820225	0.8764044943820225
hum_processing	dcedilla_shuffled_light	25	generated_token_32	residual_l2_vs_ascii	3	6.0960564613342285	0.0	6.0960564613342285	6.0960564613342285
hum_processing	dcedilla_shuffled_light	25	generated_token_32	sae_topk_jaccard_distance_vs_ascii	3	0.9473684210526315	1.1102230246251565e-16	0.9473684210526316	0.9473684210526316
hum_processing	dcedilla_shuffled_light	25	generated_token_64	residual_l2_vs_ascii	3	6.913871765136719	0.0	6.913871765136719	6.913871765136719
hum_processing	dcedilla_shuffled_light	25	generated_token_64	sae_topk_jaccard_distance_vs_ascii	3	0.9583333333333334	0.0	0.9583333333333334	0.9583333333333334
hum_processing	dcedilla_shuffled_light	25	generated_token_8	residual_l2_vs_ascii	3	1.3838353157043457	0.0	1.3838353157043457	1.3838353157043457
hum_processing	dcedilla_shuffled_light	25	generated_token_8	sae_topk_jaccard_distance_vs_ascii	3	0.4615384615384615	5.551115123125783e-17	0.46153846153846156	0.46153846153846156
hum_processing	dcedilla_shuffled_light	26	final_prompt_token	residual_l2_vs_ascii	3	2.5038869380950928	0.0	2.5038869380950928	2.5038869380950928
hum_processing	dcedilla_shuffled_light	26	final_prompt_token	sae_topk_jaccard_distance_vs_ascii	3	0.6666666666666666	1.1102230246251565e-16	0.6666666666666667	0.6666666666666667
hum_processing	dcedilla_shuffled_light	26	generated_token_1	residual_l2_vs_ascii	3	2.485790967941284	0.0	2.485790967941284	2.485790967941284
hum_processing	dcedilla_shuffled_light	26	generated_token_1	sae_topk_jaccard_distance_vs_ascii	3	0.5074626865671642	0.0	0.5074626865671642	0.5074626865671642
hum_processing	dcedilla_shuffled_light	26	generated_token_16	residual_l2_vs_ascii	3	5.166449069976807	0.0	5.166449069976807	5.166449069976807
hum_processing	dcedilla_shuffled_light	26	generated_token_16	sae_topk_jaccard_distance_vs_ascii	3	0.8636363636363636	0.0	0.8636363636363636	0.8636363636363636
hum_processing	dcedilla_shuffled_light	26	generated_token_32	residual_l2_vs_ascii	3	6.312633514404297	0.0	6.312633514404297	6.312633514404297
hum_processing	dcedilla_shuffled_light	26	generated_token_32	sae_topk_jaccard_distance_vs_ascii	3	0.9583333333333334	0.0	0.9583333333333334	0.9583333333333334
hum_processing	dcedilla_shuffled_light	26	generated_token_64	residual_l2_vs_ascii	3	7.040358066558838	0.0	7.040358066558838	7.040358066558838
hum_processing	dcedilla_shuffled_light	26	generated_token_64	sae_topk_jaccard_distance_vs_ascii	3	0.9583333333333334	0.0	0.9583333333333334	0.9583333333333334
hum_processing	dcedilla_shuffled_light	26	generated_token_8	residual_l2_vs_ascii	3	1.5638095140457153	0.0	1.5638095140457153	1.5638095140457153
hum_processing	dcedilla_shuffled_light	26	generated_token_8	sae_topk_jaccard_distance_vs_ascii	3	0.4375	0.0	0.4375	0.4375
hum_processing	dense_dcedilla_all	14	final_prompt_token	residual_l2_vs_ascii	3	1.3880528211593628	0.0	1.3880528211593628	1.3880528211593628
hum_processing	dense_dcedilla_all	14	final_prompt_token	sae_topk_jaccard_distance_vs_ascii	3	0.48484848484848486	0.0	0.48484848484848486	0.48484848484848486
hum_processing	dense_dcedilla_all	14	generated_token_1	residual_l2_vs_ascii	3	1.729838252067566	0.0	1.729838252067566	1.729838252067566
hum_processing	dense_dcedilla_all	14	generated_token_1	sae_topk_jaccard_distance_vs_ascii	3	0.6301369863013699	0.0	0.6301369863013699	0.6301369863013699
hum_processing	dense_dcedilla_all	14	generated_token_16	residual_l2_vs_ascii	3	3.320444107055664	0.0	3.320444107055664	3.320444107055664
hum_processing	dense_dcedilla_all	14	generated_token_16	sae_topk_jaccard_distance_vs_ascii	3	0.9583333333333334	0.0	0.9583333333333334	0.9583333333333334
hum_processing	dense_dcedilla_all	14	generated_token_32	residual_l2_vs_ascii	3	3.635894298553467	0.0	3.635894298553467	3.635894298553467
hum_processing	dense_dcedilla_all	14	generated_token_32	sae_topk_jaccard_distance_vs_ascii	3	0.9361702127659575	0.0	0.9361702127659575	0.9361702127659575
hum_processing	dense_dcedilla_all	14	generated_token_64	residual_l2_vs_ascii	3	4.040259838104248	0.0	4.040259838104248	4.040259838104248
hum_processing	dense_dcedilla_all	14	generated_token_64	sae_topk_jaccard_distance_vs_ascii	3	1.0	0.0	1.0	1.0
hum_processing	dense_dcedilla_all	14	generated_token_8	residual_l2_vs_ascii	3	1.562025785446167	0.0	1.562025785446167	1.562025785446167
hum_processing	dense_dcedilla_all	14	generated_token_8	sae_topk_jaccard_distance_vs_ascii	3	0.6842105263157895	0.0	0.6842105263157895	0.6842105263157895
hum_processing	dense_dcedilla_all	15	final_prompt_token	residual_l2_vs_ascii	3	1.4278393983840942	0.0	1.4278393983840942	1.4278393983840942
hum_processing	dense_dcedilla_all	15	final_prompt_token	sae_topk_jaccard_distance_vs_ascii	3	0.5915492957746479	0.0	0.5915492957746479	0.5915492957746479
hum_processing	dense_dcedilla_all	15	generated_token_1	residual_l2_vs_ascii	3	1.8615615367889404	0.0	1.8615615367889404	1.8615615367889404
hum_processing	dense_dcedilla_all	15	generated_token_1	sae_topk_jaccard_distance_vs_ascii	3	0.6486486486486487	0.0	0.6486486486486487	0.6486486486486487
hum_processing	dense_dcedilla_all	15	generated_token_16	residual_l2_vs_ascii	3	3.371394157409668	0.0	3.371394157409668	3.371394157409668
hum_processing	dense_dcedilla_all	15	generated_token_16	sae_topk_jaccard_distance_vs_ascii	3	0.9583333333333334	0.0	0.9583333333333334	0.9583333333333334
hum_processing	dense_dcedilla_all	15	generated_token_32	residual_l2_vs_ascii	3	3.7862236499786377	0.0	3.7862236499786377	3.7862236499786377
hum_processing	dense_dcedilla_all	15	generated_token_32	sae_topk_jaccard_distance_vs_ascii	3	0.9473684210526315	1.1102230246251565e-16	0.9473684210526316	0.9473684210526316
hum_processing	dense_dcedilla_all	15	generated_token_64	residual_l2_vs_ascii	3	4.035091400146484	0.0	4.035091400146484	4.035091400146484
hum_processing	dense_dcedilla_all	15	generated_token_64	sae_topk_jaccard_distance_vs_ascii	3	0.98989898989899	0.0	0.98989898989899	0.98989898989899
hum_processing	dense_dcedilla_all	15	generated_token_8	residual_l2_vs_ascii	3	1.598496437072754	0.0	1.598496437072754	1.598496437072754
hum_processing	dense_dcedilla_all	15	generated_token_8	sae_topk_jaccard_distance_vs_ascii	3	0.7804878048780489	1.1102230246251565e-16	0.7804878048780488	0.7804878048780488
hum_processing	dense_dcedilla_all	16	final_prompt_token	residual_l2_vs_ascii	3	1.442755937576294	0.0	1.442755937576294	1.442755937576294
hum_processing	dense_dcedilla_all	16	final_prompt_token	sae_topk_jaccard_distance_vs_ascii	3	0.6666666666666666	1.1102230246251565e-16	0.6666666666666667	0.6666666666666667
hum_processing	dense_dcedilla_all	16	generated_token_1	residual_l2_vs_ascii	3	1.9873650074005127	0.0	1.9873650074005127	1.9873650074005127
hum_processing	dense_dcedilla_all	16	generated_token_1	sae_topk_jaccard_distance_vs_ascii	3	0.75	0.0	0.75	0.75
hum_processing	dense_dcedilla_all	16	generated_token_16	residual_l2_vs_ascii	3	3.6124398708343506	0.0	3.6124398708343506	3.6124398708343506
hum_processing	dense_dcedilla_all	16	generated_token_16	sae_topk_jaccard_distance_vs_ascii	3	0.9361702127659575	0.0	0.9361702127659575	0.9361702127659575
hum_processing	dense_dcedilla_all	16	generated_token_32	residual_l2_vs_ascii	3	3.8741183280944824	0.0	3.8741183280944824	3.8741183280944824
hum_processing	dense_dcedilla_all	16	generated_token_32	sae_topk_jaccard_distance_vs_ascii	3	0.9583333333333334	0.0	0.9583333333333334	0.9583333333333334
hum_processing	dense_dcedilla_all	16	generated_token_64	residual_l2_vs_ascii	3	4.1393256187438965	0.0	4.1393256187438965	4.1393256187438965
hum_processing	dense_dcedilla_all	16	generated_token_64	sae_topk_jaccard_distance_vs_ascii	3	0.98989898989899	0.0	0.98989898989899	0.98989898989899
hum_processing	dense_dcedilla_all	16	generated_token_8	residual_l2_vs_ascii	3	1.7506744861602783	0.0	1.7506744861602783	1.7506744861602783
hum_processing	dense_dcedilla_all	16	generated_token_8	sae_topk_jaccard_distance_vs_ascii	3	0.7341772151898734	0.0	0.7341772151898734	0.7341772151898734
hum_processing	dense_dcedilla_all	24	final_prompt_token	residual_l2_vs_ascii	3	1.88442862033844	0.0	1.88442862033844	1.88442862033844
hum_processing	dense_dcedilla_all	24	final_prompt_token	sae_topk_jaccard_distance_vs_ascii	3	0.5915492957746479	0.0	0.5915492957746479	0.5915492957746479
hum_processing	dense_dcedilla_all	24	generated_token_1	residual_l2_vs_ascii	3	2.378347396850586	0.0	2.378347396850586	2.378347396850586
hum_processing	dense_dcedilla_all	24	generated_token_1	sae_topk_jaccard_distance_vs_ascii	3	0.6666666666666666	1.1102230246251565e-16	0.6666666666666667	0.6666666666666667
hum_processing	dense_dcedilla_all	24	generated_token_16	residual_l2_vs_ascii	3	5.305356025695801	0.0	5.305356025695801	5.305356025695801
hum_processing	dense_dcedilla_all	24	generated_token_16	sae_topk_jaccard_distance_vs_ascii	3	0.9473684210526315	1.1102230246251565e-16	0.9473684210526316	0.9473684210526316
hum_processing	dense_dcedilla_all	24	generated_token_32	residual_l2_vs_ascii	3	6.000073432922363	0.0	6.000073432922363	6.000073432922363
hum_processing	dense_dcedilla_all	24	generated_token_32	sae_topk_jaccard_distance_vs_ascii	3	0.9583333333333334	0.0	0.9583333333333334	0.9583333333333334
hum_processing	dense_dcedilla_all	24	generated_token_64	residual_l2_vs_ascii	3	6.317416191101074	0.0	6.317416191101074	6.317416191101074
hum_processing	dense_dcedilla_all	24	generated_token_64	sae_topk_jaccard_distance_vs_ascii	3	0.9795918367346937	1.1102230246251565e-16	0.9795918367346939	0.9795918367346939
hum_processing	dense_dcedilla_all	24	generated_token_8	residual_l2_vs_ascii	3	2.70440673828125	0.0	2.70440673828125	2.70440673828125
hum_processing	dense_dcedilla_all	24	generated_token_8	sae_topk_jaccard_distance_vs_ascii	3	0.7341772151898734	0.0	0.7341772151898734	0.7341772151898734
hum_processing	dense_dcedilla_all	25	final_prompt_token	residual_l2_vs_ascii	3	1.993545413017273	0.0	1.993545413017273	1.993545413017273
hum_processing	dense_dcedilla_all	25	final_prompt_token	sae_topk_jaccard_distance_vs_ascii	3	0.5507246376811594	0.0	0.5507246376811594	0.5507246376811594
hum_processing	dense_dcedilla_all	25	generated_token_1	residual_l2_vs_ascii	3	2.421901226043701	0.0	2.421901226043701	2.421901226043701
hum_processing	dense_dcedilla_all	25	generated_token_1	sae_topk_jaccard_distance_vs_ascii	3	0.5915492957746479	0.0	0.5915492957746479	0.5915492957746479
hum_processing	dense_dcedilla_all	25	generated_token_16	residual_l2_vs_ascii	3	5.631640434265137	0.0	5.631640434265137	5.631640434265137
hum_processing	dense_dcedilla_all	25	generated_token_16	sae_topk_jaccard_distance_vs_ascii	3	0.9247311827956989	0.0	0.9247311827956989	0.9247311827956989
hum_processing	dense_dcedilla_all	25	generated_token_32	residual_l2_vs_ascii	3	6.347559928894043	0.0	6.347559928894043	6.347559928894043
hum_processing	dense_dcedilla_all	25	generated_token_32	sae_topk_jaccard_distance_vs_ascii	3	0.9690721649484536	0.0	0.9690721649484536	0.9690721649484536
hum_processing	dense_dcedilla_all	25	generated_token_64	residual_l2_vs_ascii	3	6.563222408294678	0.0	6.563222408294678	6.563222408294678
hum_processing	dense_dcedilla_all	25	generated_token_64	sae_topk_jaccard_distance_vs_ascii	3	0.9247311827956989	0.0	0.9247311827956989	0.9247311827956989
hum_processing	dense_dcedilla_all	25	generated_token_8	residual_l2_vs_ascii	3	2.8757851123809814	0.0	2.8757851123809814	2.8757851123809814
hum_processing	dense_dcedilla_all	25	generated_token_8	sae_topk_jaccard_distance_vs_ascii	3	0.7012987012987013	0.0	0.7012987012987013	0.7012987012987013
hum_processing	dense_dcedilla_all	26	final_prompt_token	residual_l2_vs_ascii	3	2.1075398921966553	0.0	2.1075398921966553	2.1075398921966553
hum_processing	dense_dcedilla_all	26	final_prompt_token	sae_topk_jaccard_distance_vs_ascii	3	0.5507246376811594	0.0	0.5507246376811594	0.5507246376811594
hum_processing	dense_dcedilla_all	26	generated_token_1	residual_l2_vs_ascii	3	2.3776605129241943	0.0	2.3776605129241943	2.3776605129241943
hum_processing	dense_dcedilla_all	26	generated_token_1	sae_topk_jaccard_distance_vs_ascii	3	0.48484848484848486	0.0	0.48484848484848486	0.48484848484848486
hum_processing	dense_dcedilla_all	26	generated_token_16	residual_l2_vs_ascii	3	5.641196250915527	0.0	5.641196250915527	5.641196250915527
hum_processing	dense_dcedilla_all	26	generated_token_16	sae_topk_jaccard_distance_vs_ascii	3	0.9130434782608696	0.0	0.9130434782608696	0.9130434782608696
hum_processing	dense_dcedilla_all	26	generated_token_32	residual_l2_vs_ascii	3	6.423424243927002	0.0	6.423424243927002	6.423424243927002
hum_processing	dense_dcedilla_all	26	generated_token_32	sae_topk_jaccard_distance_vs_ascii	3	0.9690721649484536	0.0	0.9690721649484536	0.9690721649484536
hum_processing	dense_dcedilla_all	26	generated_token_64	residual_l2_vs_ascii	3	6.669752597808838	0.0	6.669752597808838	6.669752597808838
hum_processing	dense_dcedilla_all	26	generated_token_64	sae_topk_jaccard_distance_vs_ascii	3	0.9361702127659575	0.0	0.9361702127659575	0.9361702127659575
hum_processing	dense_dcedilla_all	26	generated_token_8	residual_l2_vs_ascii	3	2.9561760425567627	0.0	2.9561760425567627	2.9561760425567627
hum_processing	dense_dcedilla_all	26	generated_token_8	sae_topk_jaccard_distance_vs_ascii	3	0.6301369863013699	0.0	0.6301369863013699	0.6301369863013699
hum_processing	dense_global_mixed	14	final_prompt_token	residual_l2_vs_ascii	3	2.691484212875366	0.0	2.691484212875366	2.691484212875366
hum_processing	dense_global_mixed	14	final_prompt_token	sae_topk_jaccard_distance_vs_ascii	3	0.823529411764706	1.1102230246251565e-16	0.8235294117647058	0.8235294117647058
hum_processing	dense_global_mixed	14	generated_token_1	residual_l2_vs_ascii	3	2.245467185974121	0.0	2.245467185974121	2.245467185974121
hum_processing	dense_global_mixed	14	generated_token_1	sae_topk_jaccard_distance_vs_ascii	3	0.7951807228915663	0.0	0.7951807228915663	0.7951807228915663
hum_processing	dense_global_mixed	14	generated_token_16	residual_l2_vs_ascii	3	2.8346900939941406	0.0	2.8346900939941406	2.8346900939941406
hum_processing	dense_global_mixed	14	generated_token_16	sae_topk_jaccard_distance_vs_ascii	3	0.9690721649484536	0.0	0.9690721649484536	0.9690721649484536
hum_processing	dense_global_mixed	14	generated_token_32	residual_l2_vs_ascii	3	3.6501832008361816	0.0	3.6501832008361816	3.6501832008361816
hum_processing	dense_global_mixed	14	generated_token_32	sae_topk_jaccard_distance_vs_ascii	3	0.9690721649484536	0.0	0.9690721649484536	0.9690721649484536
hum_processing	dense_global_mixed	14	generated_token_64	residual_l2_vs_ascii	3	4.370561599731445	0.0	4.370561599731445	4.370561599731445
hum_processing	dense_global_mixed	14	generated_token_64	sae_topk_jaccard_distance_vs_ascii	3	1.0	0.0	1.0	1.0
hum_processing	dense_global_mixed	14	generated_token_8	residual_l2_vs_ascii	3	2.2755634784698486	0.0	2.2755634784698486	2.2755634784698486
hum_processing	dense_global_mixed	14	generated_token_8	sae_topk_jaccard_distance_vs_ascii	3	0.9010989010989011	0.0	0.9010989010989011	0.9010989010989011
hum_processing	dense_global_mixed	15	final_prompt_token	residual_l2_vs_ascii	3	2.592440366744995	0.0	2.592440366744995	2.592440366744995
hum_processing	dense_global_mixed	15	final_prompt_token	sae_topk_jaccard_distance_vs_ascii	3	0.823529411764706	1.1102230246251565e-16	0.8235294117647058	0.8235294117647058
hum_processing	dense_global_mixed	15	generated_token_1	residual_l2_vs_ascii	3	2.3453800678253174	0.0	2.3453800678253174	2.3453800678253174
hum_processing	dense_global_mixed	15	generated_token_1	sae_topk_jaccard_distance_vs_ascii	3	0.8372093023255814	1.1102230246251565e-16	0.8372093023255813	0.8372093023255813
hum_processing	dense_global_mixed	15	generated_token_16	residual_l2_vs_ascii	3	3.041062593460083	0.0	3.041062593460083	3.041062593460083
hum_processing	dense_global_mixed	15	generated_token_16	sae_topk_jaccard_distance_vs_ascii	3	0.9690721649484536	0.0	0.9690721649484536	0.9690721649484536
hum_processing	dense_global_mixed	15	generated_token_32	residual_l2_vs_ascii	3	3.7674152851104736	0.0	3.7674152851104736	3.7674152851104736
hum_processing	dense_global_mixed	15	generated_token_32	sae_topk_jaccard_distance_vs_ascii	3	0.9795918367346937	1.1102230246251565e-16	0.9795918367346939	0.9795918367346939
hum_processing	dense_global_mixed	15	generated_token_64	residual_l2_vs_ascii	3	4.483283519744873	0.0	4.483283519744873	4.483283519744873
hum_processing	dense_global_mixed	15	generated_token_64	sae_topk_jaccard_distance_vs_ascii	3	0.98989898989899	0.0	0.98989898989899	0.98989898989899
hum_processing	dense_global_mixed	15	generated_token_8	residual_l2_vs_ascii	3	2.321077585220337	0.0	2.321077585220337	2.321077585220337
hum_processing	dense_global_mixed	15	generated_token_8	sae_topk_jaccard_distance_vs_ascii	3	0.9010989010989011	0.0	0.9010989010989011	0.9010989010989011
hum_processing	dense_global_mixed	16	final_prompt_token	residual_l2_vs_ascii	3	2.52112078666687	0.0	2.52112078666687	2.52112078666687
hum_processing	dense_global_mixed	16	final_prompt_token	sae_topk_jaccard_distance_vs_ascii	3	0.7951807228915663	0.0	0.7951807228915663	0.7951807228915663
hum_processing	dense_global_mixed	16	generated_token_1	residual_l2_vs_ascii	3	2.411360025405884	0.0	2.411360025405884	2.411360025405884
hum_processing	dense_global_mixed	16	generated_token_1	sae_topk_jaccard_distance_vs_ascii	3	0.7951807228915663	0.0	0.7951807228915663	0.7951807228915663
hum_processing	dense_global_mixed	16	generated_token_16	residual_l2_vs_ascii	3	3.1725308895111084	0.0	3.1725308895111084	3.1725308895111084
hum_processing	dense_global_mixed	16	generated_token_16	sae_topk_jaccard_distance_vs_ascii	3	0.9247311827956989	0.0	0.9247311827956989	0.9247311827956989
hum_processing	dense_global_mixed	16	generated_token_32	residual_l2_vs_ascii	3	3.8911657333374023	0.0	3.8911657333374023	3.8911657333374023
hum_processing	dense_global_mixed	16	generated_token_32	sae_topk_jaccard_distance_vs_ascii	3	0.98989898989899	0.0	0.98989898989899	0.98989898989899
hum_processing	dense_global_mixed	16	generated_token_64	residual_l2_vs_ascii	3	4.632107734680176	0.0	4.632107734680176	4.632107734680176
hum_processing	dense_global_mixed	16	generated_token_64	sae_topk_jaccard_distance_vs_ascii	3	1.0	0.0	1.0	1.0
hum_processing	dense_global_mixed	16	generated_token_8	residual_l2_vs_ascii	3	2.4747700691223145	0.0	2.4747700691223145	2.4747700691223145
hum_processing	dense_global_mixed	16	generated_token_8	sae_topk_jaccard_distance_vs_ascii	3	0.8764044943820225	0.0	0.8764044943820225	0.8764044943820225
hum_processing	dense_global_mixed	24	final_prompt_token	residual_l2_vs_ascii	3	3.043839454650879	0.0	3.043839454650879	3.043839454650879
hum_processing	dense_global_mixed	24	final_prompt_token	sae_topk_jaccard_distance_vs_ascii	3	0.7951807228915663	0.0	0.7951807228915663	0.7951807228915663
hum_processing	dense_global_mixed	24	generated_token_1	residual_l2_vs_ascii	3	2.4428603649139404	0.0	2.4428603649139404	2.4428603649139404
hum_processing	dense_global_mixed	24	generated_token_1	sae_topk_jaccard_distance_vs_ascii	3	0.717948717948718	0.0	0.717948717948718	0.717948717948718
hum_processing	dense_global_mixed	24	generated_token_16	residual_l2_vs_ascii	3	4.6930999755859375	0.0	4.6930999755859375	4.6930999755859375
hum_processing	dense_global_mixed	24	generated_token_16	sae_topk_jaccard_distance_vs_ascii	3	0.9473684210526315	1.1102230246251565e-16	0.9473684210526316	0.9473684210526316
hum_processing	dense_global_mixed	24	generated_token_32	residual_l2_vs_ascii	3	5.5796403884887695	0.0	5.5796403884887695	5.5796403884887695
hum_processing	dense_global_mixed	24	generated_token_32	sae_topk_jaccard_distance_vs_ascii	3	0.9690721649484536	0.0	0.9690721649484536	0.9690721649484536
hum_processing	dense_global_mixed	24	generated_token_64	residual_l2_vs_ascii	3	6.934600830078125	0.0	6.934600830078125	6.934600830078125
hum_processing	dense_global_mixed	24	generated_token_64	sae_topk_jaccard_distance_vs_ascii	3	0.98989898989899	0.0	0.98989898989899	0.98989898989899
hum_processing	dense_global_mixed	24	generated_token_8	residual_l2_vs_ascii	3	3.663459062576294	0.0	3.663459062576294	3.663459062576294
hum_processing	dense_global_mixed	24	generated_token_8	sae_topk_jaccard_distance_vs_ascii	3	0.8636363636363636	0.0	0.8636363636363636	0.8636363636363636
hum_processing	dense_global_mixed	25	final_prompt_token	residual_l2_vs_ascii	3	3.1491456031799316	0.0	3.1491456031799316	3.1491456031799316
hum_processing	dense_global_mixed	25	final_prompt_token	sae_topk_jaccard_distance_vs_ascii	3	0.8095238095238096	1.1102230246251565e-16	0.8095238095238095	0.8095238095238095
hum_processing	dense_global_mixed	25	generated_token_1	residual_l2_vs_ascii	3	2.539418935775757	0.0	2.539418935775757	2.539418935775757
hum_processing	dense_global_mixed	25	generated_token_1	sae_topk_jaccard_distance_vs_ascii	3	0.6842105263157895	0.0	0.6842105263157895	0.6842105263157895
hum_processing	dense_global_mixed	25	generated_token_16	residual_l2_vs_ascii	3	4.982162952423096	0.0	4.982162952423096	4.982162952423096
hum_processing	dense_global_mixed	25	generated_token_16	sae_topk_jaccard_distance_vs_ascii	3	0.9247311827956989	0.0	0.9247311827956989	0.9247311827956989
hum_processing	dense_global_mixed	25	generated_token_32	residual_l2_vs_ascii	3	5.805366516113281	0.0	5.805366516113281	5.805366516113281
hum_processing	dense_global_mixed	25	generated_token_32	sae_topk_jaccard_distance_vs_ascii	3	0.9583333333333334	0.0	0.9583333333333334	0.9583333333333334
hum_processing	dense_global_mixed	25	generated_token_64	residual_l2_vs_ascii	3	7.120728969573975	0.0	7.120728969573975	7.120728969573975
hum_processing	dense_global_mixed	25	generated_token_64	sae_topk_jaccard_distance_vs_ascii	3	0.9795918367346937	1.1102230246251565e-16	0.9795918367346939	0.9795918367346939
hum_processing	dense_global_mixed	25	generated_token_8	residual_l2_vs_ascii	3	3.830847978591919	0.0	3.830847978591919	3.830847978591919
hum_processing	dense_global_mixed	25	generated_token_8	sae_topk_jaccard_distance_vs_ascii	3	0.8888888888888888	0.0	0.8888888888888888	0.8888888888888888
hum_processing	dense_global_mixed	26	final_prompt_token	residual_l2_vs_ascii	3	3.3086631298065186	0.0	3.3086631298065186	3.3086631298065186
hum_processing	dense_global_mixed	26	final_prompt_token	sae_topk_jaccard_distance_vs_ascii	3	0.7654320987654323	1.1102230246251565e-16	0.7654320987654322	0.7654320987654322
hum_processing	dense_global_mixed	26	generated_token_1	residual_l2_vs_ascii	3	2.563244104385376	0.0	2.563244104385376	2.563244104385376
hum_processing	dense_global_mixed	26	generated_token_1	sae_topk_jaccard_distance_vs_ascii	3	0.6486486486486487	0.0	0.6486486486486487	0.6486486486486487
hum_processing	dense_global_mixed	26	generated_token_16	residual_l2_vs_ascii	3	5.137195110321045	0.0	5.137195110321045	5.137195110321045
hum_processing	dense_global_mixed	26	generated_token_16	sae_topk_jaccard_distance_vs_ascii	3	0.9583333333333334	0.0	0.9583333333333334	0.9583333333333334
hum_processing	dense_global_mixed	26	generated_token_32	residual_l2_vs_ascii	3	5.797063827514648	0.0	5.797063827514648	5.797063827514648
hum_processing	dense_global_mixed	26	generated_token_32	sae_topk_jaccard_distance_vs_ascii	3	0.9690721649484536	0.0	0.9690721649484536	0.9690721649484536
hum_processing	dense_global_mixed	26	generated_token_64	residual_l2_vs_ascii	3	7.250147819519043	0.0	7.250147819519043	7.250147819519043
hum_processing	dense_global_mixed	26	generated_token_64	sae_topk_jaccard_distance_vs_ascii	3	0.9690721649484536	0.0	0.9690721649484536	0.9690721649484536
hum_processing	dense_global_mixed	26	generated_token_8	residual_l2_vs_ascii	3	3.8932759761810303	0.0	3.8932759761810303	3.8932759761810303
hum_processing	dense_global_mixed	26	generated_token_8	sae_topk_jaccard_distance_vs_ascii	3	0.7951807228915663	0.0	0.7951807228915663	0.7951807228915663
hum_processing	light_global_mixed	14	final_prompt_token	residual_l2_vs_ascii	3	1.6000099182128906	0.0	1.6000099182128906	1.6000099182128906
hum_processing	light_global_mixed	14	final_prompt_token	sae_topk_jaccard_distance_vs_ascii	3	0.5507246376811594	0.0	0.5507246376811594	0.5507246376811594
hum_processing	light_global_mixed	14	generated_token_1	residual_l2_vs_ascii	3	1.803257703781128	0.0	1.803257703781128	1.803257703781128
hum_processing	light_global_mixed	14	generated_token_1	sae_topk_jaccard_distance_vs_ascii	3	0.7341772151898734	0.0	0.7341772151898734	0.7341772151898734
hum_processing	light_global_mixed	14	generated_token_16	residual_l2_vs_ascii	3	1.9244358539581299	0.0	1.9244358539581299	1.9244358539581299
hum_processing	light_global_mixed	14	generated_token_16	sae_topk_jaccard_distance_vs_ascii	3	0.823529411764706	1.1102230246251565e-16	0.8235294117647058	0.8235294117647058
hum_processing	light_global_mixed	14	generated_token_32	residual_l2_vs_ascii	3	3.244415283203125	0.0	3.244415283203125	3.244415283203125
hum_processing	light_global_mixed	14	generated_token_32	sae_topk_jaccard_distance_vs_ascii	3	0.9583333333333334	0.0	0.9583333333333334	0.9583333333333334
hum_processing	light_global_mixed	14	generated_token_64	residual_l2_vs_ascii	3	3.1465187072753906	0.0	3.1465187072753906	3.1465187072753906
hum_processing	light_global_mixed	14	generated_token_64	sae_topk_jaccard_distance_vs_ascii	3	0.8764044943820225	0.0	0.8764044943820225	0.8764044943820225
hum_processing	light_global_mixed	14	generated_token_8	residual_l2_vs_ascii	3	1.6524159908294678	0.0	1.6524159908294678	1.6524159908294678
hum_processing	light_global_mixed	14	generated_token_8	sae_topk_jaccard_distance_vs_ascii	3	0.717948717948718	0.0	0.717948717948718	0.717948717948718
hum_processing	light_global_mixed	15	final_prompt_token	residual_l2_vs_ascii	3	1.6414026021957397	0.0	1.6414026021957397	1.6414026021957397
hum_processing	light_global_mixed	15	final_prompt_token	sae_topk_jaccard_distance_vs_ascii	3	0.7012987012987013	0.0	0.7012987012987013	0.7012987012987013
hum_processing	light_global_mixed	15	generated_token_1	residual_l2_vs_ascii	3	1.882840633392334	0.0	1.882840633392334	1.882840633392334
hum_processing	light_global_mixed	15	generated_token_1	sae_topk_jaccard_distance_vs_ascii	3	0.6842105263157895	0.0	0.6842105263157895	0.6842105263157895
hum_processing	light_global_mixed	15	generated_token_16	residual_l2_vs_ascii	3	2.0533998012542725	0.0	2.0533998012542725	2.0533998012542725
hum_processing	light_global_mixed	15	generated_token_16	sae_topk_jaccard_distance_vs_ascii	3	0.8095238095238096	1.1102230246251565e-16	0.8095238095238095	0.8095238095238095
hum_processing	light_global_mixed	15	generated_token_32	residual_l2_vs_ascii	3	3.3630990982055664	0.0	3.3630990982055664	3.3630990982055664
hum_processing	light_global_mixed	15	generated_token_32	sae_topk_jaccard_distance_vs_ascii	3	0.9795918367346937	1.1102230246251565e-16	0.9795918367346939	0.9795918367346939
hum_processing	light_global_mixed	15	generated_token_64	residual_l2_vs_ascii	3	3.1926116943359375	0.0	3.1926116943359375	3.1926116943359375
hum_processing	light_global_mixed	15	generated_token_64	sae_topk_jaccard_distance_vs_ascii	3	0.9010989010989011	0.0	0.9010989010989011	0.9010989010989011
hum_processing	light_global_mixed	15	generated_token_8	residual_l2_vs_ascii	3	1.8044664859771729	0.0	1.8044664859771729	1.8044664859771729
hum_processing	light_global_mixed	15	generated_token_8	sae_topk_jaccard_distance_vs_ascii	3	0.7654320987654323	1.1102230246251565e-16	0.7654320987654322	0.7654320987654322
hum_processing	light_global_mixed	16	final_prompt_token	residual_l2_vs_ascii	3	1.64194655418396	0.0	1.64194655418396	1.64194655418396
hum_processing	light_global_mixed	16	final_prompt_token	sae_topk_jaccard_distance_vs_ascii	3	0.7012987012987013	0.0	0.7012987012987013	0.7012987012987013
hum_processing	light_global_mixed	16	generated_token_1	residual_l2_vs_ascii	3	2.0461368560791016	0.0	2.0461368560791016	2.0461368560791016
hum_processing	light_global_mixed	16	generated_token_1	sae_topk_jaccard_distance_vs_ascii	3	0.7341772151898734	0.0	0.7341772151898734	0.7341772151898734
hum_processing	light_global_mixed	16	generated_token_16	residual_l2_vs_ascii	3	2.0757765769958496	0.0	2.0757765769958496	2.0757765769958496
hum_processing	light_global_mixed	16	generated_token_16	sae_topk_jaccard_distance_vs_ascii	3	0.8095238095238096	1.1102230246251565e-16	0.8095238095238095	0.8095238095238095
hum_processing	light_global_mixed	16	generated_token_32	residual_l2_vs_ascii	3	3.518980026245117	0.0	3.518980026245117	3.518980026245117
hum_processing	light_global_mixed	16	generated_token_32	sae_topk_jaccard_distance_vs_ascii	3	0.9473684210526315	1.1102230246251565e-16	0.9473684210526316	0.9473684210526316
hum_processing	light_global_mixed	16	generated_token_64	residual_l2_vs_ascii	3	3.2996199131011963	0.0	3.2996199131011963	3.2996199131011963
hum_processing	light_global_mixed	16	generated_token_64	sae_topk_jaccard_distance_vs_ascii	3	0.9361702127659575	0.0	0.9361702127659575	0.9361702127659575
hum_processing	light_global_mixed	16	generated_token_8	residual_l2_vs_ascii	3	1.9694130420684814	0.0	1.9694130420684814	1.9694130420684814
hum_processing	light_global_mixed	16	generated_token_8	sae_topk_jaccard_distance_vs_ascii	3	0.7654320987654323	1.1102230246251565e-16	0.7654320987654322	0.7654320987654322
hum_processing	light_global_mixed	24	final_prompt_token	residual_l2_vs_ascii	3	2.096271514892578	0.0	2.096271514892578	2.096271514892578
hum_processing	light_global_mixed	24	final_prompt_token	sae_topk_jaccard_distance_vs_ascii	3	0.6842105263157895	0.0	0.6842105263157895	0.6842105263157895
hum_processing	light_global_mixed	24	generated_token_1	residual_l2_vs_ascii	3	2.4275195598602295	0.0	2.4275195598602295	2.4275195598602295
hum_processing	light_global_mixed	24	generated_token_1	sae_topk_jaccard_distance_vs_ascii	3	0.717948717948718	0.0	0.717948717948718	0.717948717948718
hum_processing	light_global_mixed	24	generated_token_16	residual_l2_vs_ascii	3	3.413377285003662	0.0	3.413377285003662	3.413377285003662
hum_processing	light_global_mixed	24	generated_token_16	sae_topk_jaccard_distance_vs_ascii	3	0.8505747126436781	0.0	0.8505747126436781	0.8505747126436781
hum_processing	light_global_mixed	24	generated_token_32	residual_l2_vs_ascii	3	5.198833465576172	0.0	5.198833465576172	5.198833465576172
hum_processing	light_global_mixed	24	generated_token_32	sae_topk_jaccard_distance_vs_ascii	3	0.9361702127659575	0.0	0.9361702127659575	0.9361702127659575
hum_processing	light_global_mixed	24	generated_token_64	residual_l2_vs_ascii	3	5.128946304321289	0.0	5.128946304321289	5.128946304321289
hum_processing	light_global_mixed	24	generated_token_64	sae_topk_jaccard_distance_vs_ascii	3	0.8636363636363636	0.0	0.8636363636363636	0.8636363636363636
hum_processing	light_global_mixed	24	generated_token_8	residual_l2_vs_ascii	3	3.2034454345703125	0.0	3.2034454345703125	3.2034454345703125
hum_processing	light_global_mixed	24	generated_token_8	sae_topk_jaccard_distance_vs_ascii	3	0.7654320987654323	1.1102230246251565e-16	0.7654320987654322	0.7654320987654322
hum_processing	light_global_mixed	25	final_prompt_token	residual_l2_vs_ascii	3	2.19036602973938	0.0	2.19036602973938	2.19036602973938
hum_processing	light_global_mixed	25	final_prompt_token	sae_topk_jaccard_distance_vs_ascii	3	0.5714285714285714	0.0	0.5714285714285714	0.5714285714285714
hum_processing	light_global_mixed	25	generated_token_1	residual_l2_vs_ascii	3	2.472003698348999	0.0	2.472003698348999	2.472003698348999
hum_processing	light_global_mixed	25	generated_token_1	sae_topk_jaccard_distance_vs_ascii	3	0.6301369863013699	0.0	0.6301369863013699	0.6301369863013699
hum_processing	light_global_mixed	25	generated_token_16	residual_l2_vs_ascii	3	3.7636239528656006	0.0	3.7636239528656006	3.7636239528656006
hum_processing	light_global_mixed	25	generated_token_16	sae_topk_jaccard_distance_vs_ascii	3	0.7804878048780489	1.1102230246251565e-16	0.7804878048780488	0.7804878048780488
hum_processing	light_global_mixed	25	generated_token_32	residual_l2_vs_ascii	3	5.446883201599121	0.0	5.446883201599121	5.446883201599121
hum_processing	light_global_mixed	25	generated_token_32	sae_topk_jaccard_distance_vs_ascii	3	0.9130434782608696	0.0	0.9130434782608696	0.9130434782608696
hum_processing	light_global_mixed	25	generated_token_64	residual_l2_vs_ascii	3	5.359045028686523	0.0	5.359045028686523	5.359045028686523
hum_processing	light_global_mixed	25	generated_token_64	sae_topk_jaccard_distance_vs_ascii	3	0.8636363636363636	0.0	0.8636363636363636	0.8636363636363636
hum_processing	light_global_mixed	25	generated_token_8	residual_l2_vs_ascii	3	3.415621519088745	0.0	3.415621519088745	3.415621519088745
hum_processing	light_global_mixed	25	generated_token_8	sae_topk_jaccard_distance_vs_ascii	3	0.7951807228915663	0.0	0.7951807228915663	0.7951807228915663
hum_processing	light_global_mixed	26	final_prompt_token	residual_l2_vs_ascii	3	2.3371803760528564	0.0	2.3371803760528564	2.3371803760528564
hum_processing	light_global_mixed	26	final_prompt_token	sae_topk_jaccard_distance_vs_ascii	3	0.5915492957746479	0.0	0.5915492957746479	0.5915492957746479
hum_processing	light_global_mixed	26	generated_token_1	residual_l2_vs_ascii	3	2.4544451236724854	0.0	2.4544451236724854	2.4544451236724854
hum_processing	light_global_mixed	26	generated_token_1	sae_topk_jaccard_distance_vs_ascii	3	0.5074626865671642	0.0	0.5074626865671642	0.5074626865671642
hum_processing	light_global_mixed	26	generated_token_16	residual_l2_vs_ascii	3	3.9467287063598633	0.0	3.9467287063598633	3.9467287063598633
hum_processing	light_global_mixed	26	generated_token_16	sae_topk_jaccard_distance_vs_ascii	3	0.8372093023255814	1.1102230246251565e-16	0.8372093023255813	0.8372093023255813
hum_processing	light_global_mixed	26	generated_token_32	residual_l2_vs_ascii	3	5.5767927169799805	0.0	5.5767927169799805	5.5767927169799805
hum_processing	light_global_mixed	26	generated_token_32	sae_topk_jaccard_distance_vs_ascii	3	0.9010989010989011	0.0	0.9010989010989011	0.9010989010989011
hum_processing	light_global_mixed	26	generated_token_64	residual_l2_vs_ascii	3	5.309019088745117	0.0	5.309019088745117	5.309019088745117
hum_processing	light_global_mixed	26	generated_token_64	sae_topk_jaccard_distance_vs_ascii	3	0.8505747126436781	0.0	0.8505747126436781	0.8505747126436781
hum_processing	light_global_mixed	26	generated_token_8	residual_l2_vs_ascii	3	3.5323495864868164	0.0	3.5323495864868164	3.5323495864868164
hum_processing	light_global_mixed	26	generated_token_8	sae_topk_jaccard_distance_vs_ascii	3	0.7654320987654323	1.1102230246251565e-16	0.7654320987654322	0.7654320987654322
hum_processing	light_high_impact_mixed	14	final_prompt_token	residual_l2_vs_ascii	3	1.4266998767852783	0.0	1.4266998767852783	1.4266998767852783
hum_processing	light_high_impact_mixed	14	final_prompt_token	sae_topk_jaccard_distance_vs_ascii	3	0.4615384615384615	5.551115123125783e-17	0.46153846153846156	0.46153846153846156
hum_processing	light_high_impact_mixed	14	generated_token_1	residual_l2_vs_ascii	3	1.6808191537857056	0.0	1.6808191537857056	1.6808191537857056
hum_processing	light_high_impact_mixed	14	generated_token_1	sae_topk_jaccard_distance_vs_ascii	3	0.6842105263157895	0.0	0.6842105263157895	0.6842105263157895
hum_processing	light_high_impact_mixed	14	generated_token_16	residual_l2_vs_ascii	3	3.425163984298706	0.0	3.425163984298706	3.425163984298706
hum_processing	light_high_impact_mixed	14	generated_token_16	sae_topk_jaccard_distance_vs_ascii	3	0.9361702127659575	0.0	0.9361702127659575	0.9361702127659575
hum_processing	light_high_impact_mixed	14	generated_token_32	residual_l2_vs_ascii	3	2.824467658996582	0.0	2.824467658996582	2.824467658996582
hum_processing	light_high_impact_mixed	14	generated_token_32	sae_topk_jaccard_distance_vs_ascii	3	0.8888888888888888	0.0	0.8888888888888888	0.8888888888888888
hum_processing	light_high_impact_mixed	14	generated_token_64	residual_l2_vs_ascii	3	3.633781909942627	0.0	3.633781909942627	3.633781909942627
hum_processing	light_high_impact_mixed	14	generated_token_64	sae_topk_jaccard_distance_vs_ascii	3	0.9473684210526315	1.1102230246251565e-16	0.9473684210526316	0.9473684210526316
hum_processing	light_high_impact_mixed	14	generated_token_8	residual_l2_vs_ascii	3	2.007842540740967	0.0	2.007842540740967	2.007842540740967
hum_processing	light_high_impact_mixed	14	generated_token_8	sae_topk_jaccard_distance_vs_ascii	3	0.8372093023255814	1.1102230246251565e-16	0.8372093023255813	0.8372093023255813
hum_processing	light_high_impact_mixed	15	final_prompt_token	residual_l2_vs_ascii	3	1.484870433807373	0.0	1.484870433807373	1.484870433807373
hum_processing	light_high_impact_mixed	15	final_prompt_token	sae_topk_jaccard_distance_vs_ascii	3	0.5915492957746479	0.0	0.5915492957746479	0.5915492957746479
hum_processing	light_high_impact_mixed	15	generated_token_1	residual_l2_vs_ascii	3	1.8429360389709473	0.0	1.8429360389709473	1.8429360389709473
hum_processing	light_high_impact_mixed	15	generated_token_1	sae_topk_jaccard_distance_vs_ascii	3	0.6842105263157895	0.0	0.6842105263157895	0.6842105263157895
hum_processing	light_high_impact_mixed	15	generated_token_16	residual_l2_vs_ascii	3	3.52343487739563	0.0	3.52343487739563	3.52343487739563
hum_processing	light_high_impact_mixed	15	generated_token_16	sae_topk_jaccard_distance_vs_ascii	3	0.9247311827956989	0.0	0.9247311827956989	0.9247311827956989
hum_processing	light_high_impact_mixed	15	generated_token_32	residual_l2_vs_ascii	3	2.916965961456299	0.0	2.916965961456299	2.916965961456299
hum_processing	light_high_impact_mixed	15	generated_token_32	sae_topk_jaccard_distance_vs_ascii	3	0.9361702127659575	0.0	0.9361702127659575	0.9361702127659575
hum_processing	light_high_impact_mixed	15	generated_token_64	residual_l2_vs_ascii	3	3.725126266479492	0.0	3.725126266479492	3.725126266479492
hum_processing	light_high_impact_mixed	15	generated_token_64	sae_topk_jaccard_distance_vs_ascii	3	0.9690721649484536	0.0	0.9690721649484536	0.9690721649484536
hum_processing	light_high_impact_mixed	15	generated_token_8	residual_l2_vs_ascii	3	2.0676348209381104	0.0	2.0676348209381104	2.0676348209381104
hum_processing	light_high_impact_mixed	15	generated_token_8	sae_topk_jaccard_distance_vs_ascii	3	0.823529411764706	1.1102230246251565e-16	0.8235294117647058	0.8235294117647058
hum_processing	light_high_impact_mixed	16	final_prompt_token	residual_l2_vs_ascii	3	1.4807935953140259	0.0	1.4807935953140259	1.4807935953140259
hum_processing	light_high_impact_mixed	16	final_prompt_token	sae_topk_jaccard_distance_vs_ascii	3	0.6301369863013699	0.0	0.6301369863013699	0.6301369863013699
hum_processing	light_high_impact_mixed	16	generated_token_1	residual_l2_vs_ascii	3	1.9704067707061768	0.0	1.9704067707061768	1.9704067707061768
hum_processing	light_high_impact_mixed	16	generated_token_1	sae_topk_jaccard_distance_vs_ascii	3	0.75	0.0	0.75	0.75
hum_processing	light_high_impact_mixed	16	generated_token_16	residual_l2_vs_ascii	3	3.6159310340881348	0.0	3.6159310340881348	3.6159310340881348
hum_processing	light_high_impact_mixed	16	generated_token_16	sae_topk_jaccard_distance_vs_ascii	3	0.9130434782608696	0.0	0.9130434782608696	0.9130434782608696
hum_processing	light_high_impact_mixed	16	generated_token_32	residual_l2_vs_ascii	3	3.028573751449585	0.0	3.028573751449585	3.028573751449585
hum_processing	light_high_impact_mixed	16	generated_token_32	sae_topk_jaccard_distance_vs_ascii	3	0.9010989010989011	0.0	0.9010989010989011	0.9010989010989011
hum_processing	light_high_impact_mixed	16	generated_token_64	residual_l2_vs_ascii	3	3.8196098804473877	0.0	3.8196098804473877	3.8196098804473877
hum_processing	light_high_impact_mixed	16	generated_token_64	sae_topk_jaccard_distance_vs_ascii	3	0.9247311827956989	0.0	0.9247311827956989	0.9247311827956989
hum_processing	light_high_impact_mixed	16	generated_token_8	residual_l2_vs_ascii	3	2.195965051651001	0.0	2.195965051651001	2.195965051651001
hum_processing	light_high_impact_mixed	16	generated_token_8	sae_topk_jaccard_distance_vs_ascii	3	0.8095238095238096	1.1102230246251565e-16	0.8095238095238095	0.8095238095238095
hum_processing	light_high_impact_mixed	24	final_prompt_token	residual_l2_vs_ascii	3	1.82331383228302	0.0	1.82331383228302	1.82331383228302
hum_processing	light_high_impact_mixed	24	final_prompt_token	sae_topk_jaccard_distance_vs_ascii	3	0.5074626865671642	0.0	0.5074626865671642	0.5074626865671642
hum_processing	light_high_impact_mixed	24	generated_token_1	residual_l2_vs_ascii	3	2.400127649307251	0.0	2.400127649307251	2.400127649307251
hum_processing	light_high_impact_mixed	24	generated_token_1	sae_topk_jaccard_distance_vs_ascii	3	0.7012987012987013	0.0	0.7012987012987013	0.7012987012987013
hum_processing	light_high_impact_mixed	24	generated_token_16	residual_l2_vs_ascii	3	5.006654739379883	0.0	5.006654739379883	5.006654739379883
hum_processing	light_high_impact_mixed	24	generated_token_16	sae_topk_jaccard_distance_vs_ascii	3	0.9247311827956989	0.0	0.9247311827956989	0.9247311827956989
hum_processing	light_high_impact_mixed	24	generated_token_32	residual_l2_vs_ascii	3	4.486087799072266	0.0	4.486087799072266	4.486087799072266
hum_processing	light_high_impact_mixed	24	generated_token_32	sae_topk_jaccard_distance_vs_ascii	3	0.9247311827956989	0.0	0.9247311827956989	0.9247311827956989
hum_processing	light_high_impact_mixed	24	generated_token_64	residual_l2_vs_ascii	3	5.419748306274414	0.0	5.419748306274414	5.419748306274414
hum_processing	light_high_impact_mixed	24	generated_token_64	sae_topk_jaccard_distance_vs_ascii	3	0.9247311827956989	0.0	0.9247311827956989	0.9247311827956989
hum_processing	light_high_impact_mixed	24	generated_token_8	residual_l2_vs_ascii	3	3.3637948036193848	0.0	3.3637948036193848	3.3637948036193848
hum_processing	light_high_impact_mixed	24	generated_token_8	sae_topk_jaccard_distance_vs_ascii	3	0.8372093023255814	1.1102230246251565e-16	0.8372093023255813	0.8372093023255813
hum_processing	light_high_impact_mixed	25	final_prompt_token	residual_l2_vs_ascii	3	1.8878676891326904	0.0	1.8878676891326904	1.8878676891326904
hum_processing	light_high_impact_mixed	25	final_prompt_token	sae_topk_jaccard_distance_vs_ascii	3	0.5294117647058824	0.0	0.5294117647058824	0.5294117647058824
hum_processing	light_high_impact_mixed	25	generated_token_1	residual_l2_vs_ascii	3	2.4502947330474854	0.0	2.4502947330474854	2.4502947330474854
hum_processing	light_high_impact_mixed	25	generated_token_1	sae_topk_jaccard_distance_vs_ascii	3	0.5714285714285714	0.0	0.5714285714285714	0.5714285714285714
hum_processing	light_high_impact_mixed	25	generated_token_16	residual_l2_vs_ascii	3	5.3500237464904785	0.0	5.3500237464904785	5.3500237464904785
hum_processing	light_high_impact_mixed	25	generated_token_16	sae_topk_jaccard_distance_vs_ascii	3	0.9361702127659575	0.0	0.9361702127659575	0.9361702127659575
hum_processing	light_high_impact_mixed	25	generated_token_32	residual_l2_vs_ascii	3	4.748286247253418	0.0	4.748286247253418	4.748286247253418
hum_processing	light_high_impact_mixed	25	generated_token_32	sae_topk_jaccard_distance_vs_ascii	3	0.9130434782608696	0.0	0.9130434782608696	0.9130434782608696
hum_processing	light_high_impact_mixed	25	generated_token_64	residual_l2_vs_ascii	3	5.615013122558594	0.0	5.615013122558594	5.615013122558594
hum_processing	light_high_impact_mixed	25	generated_token_64	sae_topk_jaccard_distance_vs_ascii	3	0.8888888888888888	0.0	0.8888888888888888	0.8888888888888888
hum_processing	light_high_impact_mixed	25	generated_token_8	residual_l2_vs_ascii	3	3.559248685836792	0.0	3.559248685836792	3.559248685836792
hum_processing	light_high_impact_mixed	25	generated_token_8	sae_topk_jaccard_distance_vs_ascii	3	0.8372093023255814	1.1102230246251565e-16	0.8372093023255813	0.8372093023255813
hum_processing	light_high_impact_mixed	26	final_prompt_token	residual_l2_vs_ascii	3	1.9889500141143799	0.0	1.9889500141143799	1.9889500141143799
hum_processing	light_high_impact_mixed	26	final_prompt_token	sae_topk_jaccard_distance_vs_ascii	3	0.4375	0.0	0.4375	0.4375
hum_processing	light_high_impact_mixed	26	generated_token_1	residual_l2_vs_ascii	3	2.4464783668518066	0.0	2.4464783668518066	2.4464783668518066
hum_processing	light_high_impact_mixed	26	generated_token_1	sae_topk_jaccard_distance_vs_ascii	3	0.5294117647058824	0.0	0.5294117647058824	0.5294117647058824
hum_processing	light_high_impact_mixed	26	generated_token_16	residual_l2_vs_ascii	3	5.30989933013916	0.0	5.30989933013916	5.30989933013916
hum_processing	light_high_impact_mixed	26	generated_token_16	sae_topk_jaccard_distance_vs_ascii	3	0.8888888888888888	0.0	0.8888888888888888	0.8888888888888888
hum_processing	light_high_impact_mixed	26	generated_token_32	residual_l2_vs_ascii	3	4.776348114013672	0.0	4.776348114013672	4.776348114013672
hum_processing	light_high_impact_mixed	26	generated_token_32	sae_topk_jaccard_distance_vs_ascii	3	0.9247311827956989	0.0	0.9247311827956989	0.9247311827956989
hum_processing	light_high_impact_mixed	26	generated_token_64	residual_l2_vs_ascii	3	5.665332317352295	0.0	5.665332317352295	5.665332317352295
hum_processing	light_high_impact_mixed	26	generated_token_64	sae_topk_jaccard_distance_vs_ascii	3	0.9361702127659575	0.0	0.9361702127659575	0.9361702127659575
hum_processing	light_high_impact_mixed	26	generated_token_8	residual_l2_vs_ascii	3	3.6526787281036377	0.0	3.6526787281036377	3.6526787281036377
hum_processing	light_high_impact_mixed	26	generated_token_8	sae_topk_jaccard_distance_vs_ascii	3	0.7654320987654323	1.1102230246251565e-16	0.7654320987654322	0.7654320987654322
hum_processing	semantic_shuffle_control	14	final_prompt_token	residual_l2_vs_ascii	3	3.1994447708129883	0.0	3.1994447708129883	3.1994447708129883
hum_processing	semantic_shuffle_control	14	final_prompt_token	sae_topk_jaccard_distance_vs_ascii	3	0.9361702127659575	0.0	0.9361702127659575	0.9361702127659575
hum_processing	semantic_shuffle_control	14	generated_token_1	residual_l2_vs_ascii	3	1.3088972568511963	0.0	1.3088972568511963	1.3088972568511963
hum_processing	semantic_shuffle_control	14	generated_token_1	sae_topk_jaccard_distance_vs_ascii	3	0.48484848484848486	0.0	0.48484848484848486	0.48484848484848486
hum_processing	semantic_shuffle_control	14	generated_token_16	residual_l2_vs_ascii	3	0.46874868869781494	0.0	0.46874868869781494	0.46874868869781494
hum_processing	semantic_shuffle_control	14	generated_token_16	sae_topk_jaccard_distance_vs_ascii	3	0.3333333333333333	5.551115123125783e-17	0.33333333333333337	0.33333333333333337
hum_processing	semantic_shuffle_control	14	generated_token_32	residual_l2_vs_ascii	3	3.5750646591186523	0.0	3.5750646591186523	3.5750646591186523
hum_processing	semantic_shuffle_control	14	generated_token_32	sae_topk_jaccard_distance_vs_ascii	3	0.9690721649484536	0.0	0.9690721649484536	0.9690721649484536
hum_processing	semantic_shuffle_control	14	generated_token_64	residual_l2_vs_ascii	3	4.079146862030029	0.0	4.079146862030029	4.079146862030029
hum_processing	semantic_shuffle_control	14	generated_token_64	sae_topk_jaccard_distance_vs_ascii	3	0.9795918367346937	1.1102230246251565e-16	0.9795918367346939	0.9795918367346939
hum_processing	semantic_shuffle_control	14	generated_token_8	residual_l2_vs_ascii	3	0.6852530241012573	0.0	0.6852530241012573	0.6852530241012573
hum_processing	semantic_shuffle_control	14	generated_token_8	sae_topk_jaccard_distance_vs_ascii	3	0.2142857142857143	0.0	0.2142857142857143	0.2142857142857143
hum_processing	semantic_shuffle_control	15	final_prompt_token	residual_l2_vs_ascii	3	3.0368030071258545	0.0	3.0368030071258545	3.0368030071258545
hum_processing	semantic_shuffle_control	15	final_prompt_token	sae_topk_jaccard_distance_vs_ascii	3	0.9130434782608696	0.0	0.9130434782608696	0.9130434782608696
hum_processing	semantic_shuffle_control	15	generated_token_1	residual_l2_vs_ascii	3	1.4093929529190063	0.0	1.4093929529190063	1.4093929529190063
hum_processing	semantic_shuffle_control	15	generated_token_1	sae_topk_jaccard_distance_vs_ascii	3	0.4615384615384615	5.551115123125783e-17	0.46153846153846156	0.46153846153846156
hum_processing	semantic_shuffle_control	15	generated_token_16	residual_l2_vs_ascii	3	0.5823566913604736	0.0	0.5823566913604736	0.5823566913604736
hum_processing	semantic_shuffle_control	15	generated_token_16	sae_topk_jaccard_distance_vs_ascii	3	0.4375	0.0	0.4375	0.4375
hum_processing	semantic_shuffle_control	15	generated_token_32	residual_l2_vs_ascii	3	3.644052267074585	0.0	3.644052267074585	3.644052267074585
hum_processing	semantic_shuffle_control	15	generated_token_32	sae_topk_jaccard_distance_vs_ascii	3	0.9583333333333334	0.0	0.9583333333333334	0.9583333333333334
hum_processing	semantic_shuffle_control	15	generated_token_64	residual_l2_vs_ascii	3	4.214719295501709	0.0	4.214719295501709	4.214719295501709
hum_processing	semantic_shuffle_control	15	generated_token_64	sae_topk_jaccard_distance_vs_ascii	3	0.98989898989899	0.0	0.98989898989899	0.98989898989899
hum_processing	semantic_shuffle_control	15	generated_token_8	residual_l2_vs_ascii	3	0.789052426815033	0.0	0.789052426815033	0.789052426815033
hum_processing	semantic_shuffle_control	15	generated_token_8	sae_topk_jaccard_distance_vs_ascii	3	0.30508474576271183	0.0	0.30508474576271183	0.30508474576271183
hum_processing	semantic_shuffle_control	16	final_prompt_token	residual_l2_vs_ascii	3	2.9771978855133057	0.0	2.9771978855133057	2.9771978855133057
hum_processing	semantic_shuffle_control	16	final_prompt_token	sae_topk_jaccard_distance_vs_ascii	3	0.9361702127659575	0.0	0.9361702127659575	0.9361702127659575
hum_processing	semantic_shuffle_control	16	generated_token_1	residual_l2_vs_ascii	3	1.53599214553833	0.0	1.53599214553833	1.53599214553833
hum_processing	semantic_shuffle_control	16	generated_token_1	sae_topk_jaccard_distance_vs_ascii	3	0.5915492957746479	0.0	0.5915492957746479	0.5915492957746479
hum_processing	semantic_shuffle_control	16	generated_token_16	residual_l2_vs_ascii	3	0.6572532057762146	0.0	0.6572532057762146	0.6572532057762146
hum_processing	semantic_shuffle_control	16	generated_token_16	sae_topk_jaccard_distance_vs_ascii	3	0.360655737704918	0.0	0.360655737704918	0.360655737704918
hum_processing	semantic_shuffle_control	16	generated_token_32	residual_l2_vs_ascii	3	3.7397654056549072	0.0	3.7397654056549072	3.7397654056549072
hum_processing	semantic_shuffle_control	16	generated_token_32	sae_topk_jaccard_distance_vs_ascii	3	0.9361702127659575	0.0	0.9361702127659575	0.9361702127659575
hum_processing	semantic_shuffle_control	16	generated_token_64	residual_l2_vs_ascii	3	4.376646518707275	0.0	4.376646518707275	4.376646518707275
hum_processing	semantic_shuffle_control	16	generated_token_64	sae_topk_jaccard_distance_vs_ascii	3	0.9795918367346937	1.1102230246251565e-16	0.9795918367346939	0.9795918367346939
hum_processing	semantic_shuffle_control	16	generated_token_8	residual_l2_vs_ascii	3	0.843156099319458	0.0	0.843156099319458	0.843156099319458
hum_processing	semantic_shuffle_control	16	generated_token_8	sae_topk_jaccard_distance_vs_ascii	3	0.3333333333333333	5.551115123125783e-17	0.33333333333333337	0.33333333333333337
hum_processing	semantic_shuffle_control	24	final_prompt_token	residual_l2_vs_ascii	3	4.0550456047058105	0.0	4.0550456047058105	4.0550456047058105
hum_processing	semantic_shuffle_control	24	final_prompt_token	sae_topk_jaccard_distance_vs_ascii	3	0.9130434782608696	0.0	0.9130434782608696	0.9130434782608696
hum_processing	semantic_shuffle_control	24	generated_token_1	residual_l2_vs_ascii	3	1.8431801795959473	0.0	1.8431801795959473	1.8431801795959473
hum_processing	semantic_shuffle_control	24	generated_token_1	sae_topk_jaccard_distance_vs_ascii	3	0.6301369863013699	0.0	0.6301369863013699	0.6301369863013699
hum_processing	semantic_shuffle_control	24	generated_token_16	residual_l2_vs_ascii	3	1.1288453340530396	0.0	1.1288453340530396	1.1288453340530396
hum_processing	semantic_shuffle_control	24	generated_token_16	sae_topk_jaccard_distance_vs_ascii	3	0.3333333333333333	5.551115123125783e-17	0.33333333333333337	0.33333333333333337
hum_processing	semantic_shuffle_control	24	generated_token_32	residual_l2_vs_ascii	3	5.563197612762451	0.0	5.563197612762451	5.563197612762451
hum_processing	semantic_shuffle_control	24	generated_token_32	sae_topk_jaccard_distance_vs_ascii	3	0.9583333333333334	0.0	0.9583333333333334	0.9583333333333334
hum_processing	semantic_shuffle_control	24	generated_token_64	residual_l2_vs_ascii	3	6.317543029785156	0.0	6.317543029785156	6.317543029785156
hum_processing	semantic_shuffle_control	24	generated_token_64	sae_topk_jaccard_distance_vs_ascii	3	0.98989898989899	0.0	0.98989898989899	0.98989898989899
hum_processing	semantic_shuffle_control	24	generated_token_8	residual_l2_vs_ascii	3	1.403780221939087	0.0	1.403780221939087	1.403780221939087
hum_processing	semantic_shuffle_control	24	generated_token_8	sae_topk_jaccard_distance_vs_ascii	3	0.41269841269841273	5.551115123125783e-17	0.4126984126984127	0.4126984126984127
hum_processing	semantic_shuffle_control	25	final_prompt_token	residual_l2_vs_ascii	3	4.2808356285095215	0.0	4.2808356285095215	4.2808356285095215
hum_processing	semantic_shuffle_control	25	final_prompt_token	sae_topk_jaccard_distance_vs_ascii	3	0.9130434782608696	0.0	0.9130434782608696	0.9130434782608696
hum_processing	semantic_shuffle_control	25	generated_token_1	residual_l2_vs_ascii	3	1.8972702026367188	0.0	1.8972702026367188	1.8972702026367188
hum_processing	semantic_shuffle_control	25	generated_token_1	sae_topk_jaccard_distance_vs_ascii	3	0.5294117647058824	0.0	0.5294117647058824	0.5294117647058824
hum_processing	semantic_shuffle_control	25	generated_token_16	residual_l2_vs_ascii	3	1.203565239906311	0.0	1.203565239906311	1.203565239906311
hum_processing	semantic_shuffle_control	25	generated_token_16	sae_topk_jaccard_distance_vs_ascii	3	0.27586206896551724	0.0	0.27586206896551724	0.27586206896551724
hum_processing	semantic_shuffle_control	25	generated_token_32	residual_l2_vs_ascii	3	5.779654502868652	0.0	5.779654502868652	5.779654502868652
hum_processing	semantic_shuffle_control	25	generated_token_32	sae_topk_jaccard_distance_vs_ascii	3	0.9247311827956989	0.0	0.9247311827956989	0.9247311827956989
hum_processing	semantic_shuffle_control	25	generated_token_64	residual_l2_vs_ascii	3	6.575277805328369	0.0	6.575277805328369	6.575277805328369
hum_processing	semantic_shuffle_control	25	generated_token_64	sae_topk_jaccard_distance_vs_ascii	3	0.9583333333333334	0.0	0.9583333333333334	0.9583333333333334
hum_processing	semantic_shuffle_control	25	generated_token_8	residual_l2_vs_ascii	3	1.5341815948486328	0.0	1.5341815948486328	1.5341815948486328
hum_processing	semantic_shuffle_control	25	generated_token_8	sae_topk_jaccard_distance_vs_ascii	3	0.5507246376811594	0.0	0.5507246376811594	0.5507246376811594
hum_processing	semantic_shuffle_control	26	final_prompt_token	residual_l2_vs_ascii	3	4.531841278076172	0.0	4.531841278076172	4.531841278076172
hum_processing	semantic_shuffle_control	26	final_prompt_token	sae_topk_jaccard_distance_vs_ascii	3	0.8888888888888888	0.0	0.8888888888888888	0.8888888888888888
hum_processing	semantic_shuffle_control	26	generated_token_1	residual_l2_vs_ascii	3	2.012303590774536	0.0	2.012303590774536	2.012303590774536
hum_processing	semantic_shuffle_control	26	generated_token_1	sae_topk_jaccard_distance_vs_ascii	3	0.4615384615384615	5.551115123125783e-17	0.46153846153846156	0.46153846153846156
hum_processing	semantic_shuffle_control	26	generated_token_16	residual_l2_vs_ascii	3	1.2072958946228027	0.0	1.2072958946228027	1.2072958946228027
hum_processing	semantic_shuffle_control	26	generated_token_16	sae_topk_jaccard_distance_vs_ascii	3	0.3870967741935483	5.551115123125783e-17	0.3870967741935484	0.3870967741935484
hum_processing	semantic_shuffle_control	26	generated_token_32	residual_l2_vs_ascii	3	6.068183898925781	0.0	6.068183898925781	6.068183898925781
hum_processing	semantic_shuffle_control	26	generated_token_32	sae_topk_jaccard_distance_vs_ascii	3	0.9361702127659575	0.0	0.9361702127659575	0.9361702127659575
hum_processing	semantic_shuffle_control	26	generated_token_64	residual_l2_vs_ascii	3	6.667964935302734	0.0	6.667964935302734	6.667964935302734
hum_processing	semantic_shuffle_control	26	generated_token_64	sae_topk_jaccard_distance_vs_ascii	3	0.9583333333333334	0.0	0.9583333333333334	0.9583333333333334
hum_processing	semantic_shuffle_control	26	generated_token_8	residual_l2_vs_ascii	3	1.626605749130249	0.0	1.626605749130249	1.626605749130249
hum_processing	semantic_shuffle_control	26	generated_token_8	sae_topk_jaccard_distance_vs_ascii	3	0.5507246376811594	0.0	0.5507246376811594	0.5507246376811594
hum_processing	token_count_matched_ascii_noise	14	final_prompt_token	residual_l2_vs_ascii	3	1.2425965070724487	0.0	1.2425965070724487	1.2425965070724487
hum_processing	token_count_matched_ascii_noise	14	final_prompt_token	sae_topk_jaccard_distance_vs_ascii	3	0.5714285714285714	0.0	0.5714285714285714	0.5714285714285714
hum_processing	token_count_matched_ascii_noise	14	generated_token_1	residual_l2_vs_ascii	3	1.5506467819213867	0.0	1.5506467819213867	1.5506467819213867
hum_processing	token_count_matched_ascii_noise	14	generated_token_1	sae_topk_jaccard_distance_vs_ascii	3	0.6486486486486487	0.0	0.6486486486486487	0.6486486486486487
hum_processing	token_count_matched_ascii_noise	14	generated_token_16	residual_l2_vs_ascii	3	2.028000593185425	0.0	2.028000593185425	2.028000593185425
hum_processing	token_count_matched_ascii_noise	14	generated_token_16	sae_topk_jaccard_distance_vs_ascii	3	0.8888888888888888	0.0	0.8888888888888888	0.8888888888888888
hum_processing	token_count_matched_ascii_noise	14	generated_token_32	residual_l2_vs_ascii	3	3.6315841674804688	0.0	3.6315841674804688	3.6315841674804688
hum_processing	token_count_matched_ascii_noise	14	generated_token_32	sae_topk_jaccard_distance_vs_ascii	3	0.9583333333333334	0.0	0.9583333333333334	0.9583333333333334
hum_processing	token_count_matched_ascii_noise	14	generated_token_64	residual_l2_vs_ascii	3	3.4586567878723145	0.0	3.4586567878723145	3.4586567878723145
hum_processing	token_count_matched_ascii_noise	14	generated_token_64	sae_topk_jaccard_distance_vs_ascii	3	1.0	0.0	1.0	1.0
hum_processing	token_count_matched_ascii_noise	14	generated_token_8	residual_l2_vs_ascii	3	1.7404942512512207	0.0	1.7404942512512207	1.7404942512512207
hum_processing	token_count_matched_ascii_noise	14	generated_token_8	sae_topk_jaccard_distance_vs_ascii	3	0.7804878048780489	1.1102230246251565e-16	0.7804878048780488	0.7804878048780488
hum_processing	token_count_matched_ascii_noise	15	final_prompt_token	residual_l2_vs_ascii	3	1.3394765853881836	0.0	1.3394765853881836	1.3394765853881836
hum_processing	token_count_matched_ascii_noise	15	final_prompt_token	sae_topk_jaccard_distance_vs_ascii	3	0.6111111111111112	0.0	0.6111111111111112	0.6111111111111112
hum_processing	token_count_matched_ascii_noise	15	generated_token_1	residual_l2_vs_ascii	3	1.706002950668335	0.0	1.706002950668335	1.706002950668335
hum_processing	token_count_matched_ascii_noise	15	generated_token_1	sae_topk_jaccard_distance_vs_ascii	3	0.6301369863013699	0.0	0.6301369863013699	0.6301369863013699
hum_processing	token_count_matched_ascii_noise	15	generated_token_16	residual_l2_vs_ascii	3	2.2298743724823	0.0	2.2298743724823	2.2298743724823
hum_processing	token_count_matched_ascii_noise	15	generated_token_16	sae_topk_jaccard_distance_vs_ascii	3	0.823529411764706	1.1102230246251565e-16	0.8235294117647058	0.8235294117647058
hum_processing	token_count_matched_ascii_noise	15	generated_token_32	residual_l2_vs_ascii	3	3.717209815979004	0.0	3.717209815979004	3.717209815979004
hum_processing	token_count_matched_ascii_noise	15	generated_token_32	sae_topk_jaccard_distance_vs_ascii	3	0.9473684210526315	1.1102230246251565e-16	0.9473684210526316	0.9473684210526316
hum_processing	token_count_matched_ascii_noise	15	generated_token_64	residual_l2_vs_ascii	3	3.5523436069488525	0.0	3.5523436069488525	3.5523436069488525
hum_processing	token_count_matched_ascii_noise	15	generated_token_64	sae_topk_jaccard_distance_vs_ascii	3	0.9795918367346937	1.1102230246251565e-16	0.9795918367346939	0.9795918367346939
hum_processing	token_count_matched_ascii_noise	15	generated_token_8	residual_l2_vs_ascii	3	1.8336788415908813	0.0	1.8336788415908813	1.8336788415908813
hum_processing	token_count_matched_ascii_noise	15	generated_token_8	sae_topk_jaccard_distance_vs_ascii	3	0.7951807228915663	0.0	0.7951807228915663	0.7951807228915663
hum_processing	token_count_matched_ascii_noise	16	final_prompt_token	residual_l2_vs_ascii	3	1.3588390350341797	0.0	1.3588390350341797	1.3588390350341797
hum_processing	token_count_matched_ascii_noise	16	final_prompt_token	sae_topk_jaccard_distance_vs_ascii	3	0.6486486486486487	0.0	0.6486486486486487	0.6486486486486487
hum_processing	token_count_matched_ascii_noise	16	generated_token_1	residual_l2_vs_ascii	3	1.7902354001998901	0.0	1.7902354001998901	1.7902354001998901
hum_processing	token_count_matched_ascii_noise	16	generated_token_1	sae_topk_jaccard_distance_vs_ascii	3	0.6486486486486487	0.0	0.6486486486486487	0.6486486486486487
hum_processing	token_count_matched_ascii_noise	16	generated_token_16	residual_l2_vs_ascii	3	2.3033721446990967	0.0	2.3033721446990967	2.3033721446990967
hum_processing	token_count_matched_ascii_noise	16	generated_token_16	sae_topk_jaccard_distance_vs_ascii	3	0.823529411764706	1.1102230246251565e-16	0.8235294117647058	0.8235294117647058
hum_processing	token_count_matched_ascii_noise	16	generated_token_32	residual_l2_vs_ascii	3	3.8632140159606934	0.0	3.8632140159606934	3.8632140159606934
hum_processing	token_count_matched_ascii_noise	16	generated_token_32	sae_topk_jaccard_distance_vs_ascii	3	0.9583333333333334	0.0	0.9583333333333334	0.9583333333333334
hum_processing	token_count_matched_ascii_noise	16	generated_token_64	residual_l2_vs_ascii	3	3.6818110942840576	0.0	3.6818110942840576	3.6818110942840576
hum_processing	token_count_matched_ascii_noise	16	generated_token_64	sae_topk_jaccard_distance_vs_ascii	3	0.9795918367346937	1.1102230246251565e-16	0.9795918367346939	0.9795918367346939
hum_processing	token_count_matched_ascii_noise	16	generated_token_8	residual_l2_vs_ascii	3	1.9381271600723267	0.0	1.9381271600723267	1.9381271600723267
hum_processing	token_count_matched_ascii_noise	16	generated_token_8	sae_topk_jaccard_distance_vs_ascii	3	0.75	0.0	0.75	0.75
hum_processing	token_count_matched_ascii_noise	24	final_prompt_token	residual_l2_vs_ascii	3	1.903218388557434	0.0	1.903218388557434	1.903218388557434
hum_processing	token_count_matched_ascii_noise	24	final_prompt_token	sae_topk_jaccard_distance_vs_ascii	3	0.6301369863013699	0.0	0.6301369863013699	0.6301369863013699
hum_processing	token_count_matched_ascii_noise	24	generated_token_1	residual_l2_vs_ascii	3	2.2216670513153076	0.0	2.2216670513153076	2.2216670513153076
hum_processing	token_count_matched_ascii_noise	24	generated_token_1	sae_topk_jaccard_distance_vs_ascii	3	0.6301369863013699	0.0	0.6301369863013699	0.6301369863013699
hum_processing	token_count_matched_ascii_noise	24	generated_token_16	residual_l2_vs_ascii	3	3.382310628890991	0.0	3.382310628890991	3.382310628890991
hum_processing	token_count_matched_ascii_noise	24	generated_token_16	sae_topk_jaccard_distance_vs_ascii	3	0.8888888888888888	0.0	0.8888888888888888	0.8888888888888888
hum_processing	token_count_matched_ascii_noise	24	generated_token_32	residual_l2_vs_ascii	3	5.890383243560791	0.0	5.890383243560791	5.890383243560791
hum_processing	token_count_matched_ascii_noise	24	generated_token_32	sae_topk_jaccard_distance_vs_ascii	3	0.9690721649484536	0.0	0.9690721649484536	0.9690721649484536
hum_processing	token_count_matched_ascii_noise	24	generated_token_64	residual_l2_vs_ascii	3	5.716352462768555	0.0	5.716352462768555	5.716352462768555
hum_processing	token_count_matched_ascii_noise	24	generated_token_64	sae_topk_jaccard_distance_vs_ascii	3	0.9795918367346937	1.1102230246251565e-16	0.9795918367346939	0.9795918367346939
hum_processing	token_count_matched_ascii_noise	24	generated_token_8	residual_l2_vs_ascii	3	3.3006629943847656	0.0	3.3006629943847656	3.3006629943847656
hum_processing	token_count_matched_ascii_noise	24	generated_token_8	sae_topk_jaccard_distance_vs_ascii	3	0.7951807228915663	0.0	0.7951807228915663	0.7951807228915663
hum_processing	token_count_matched_ascii_noise	25	final_prompt_token	residual_l2_vs_ascii	3	1.943340539932251	0.0	1.943340539932251	1.943340539932251
hum_processing	token_count_matched_ascii_noise	25	final_prompt_token	sae_topk_jaccard_distance_vs_ascii	3	0.6111111111111112	0.0	0.6111111111111112	0.6111111111111112
hum_processing	token_count_matched_ascii_noise	25	generated_token_1	residual_l2_vs_ascii	3	2.2481276988983154	0.0	2.2481276988983154	2.2481276988983154
hum_processing	token_count_matched_ascii_noise	25	generated_token_1	sae_topk_jaccard_distance_vs_ascii	3	0.5714285714285714	0.0	0.5714285714285714	0.5714285714285714
hum_processing	token_count_matched_ascii_noise	25	generated_token_16	residual_l2_vs_ascii	3	3.6968867778778076	0.0	3.6968867778778076	3.6968867778778076
hum_processing	token_count_matched_ascii_noise	25	generated_token_16	sae_topk_jaccard_distance_vs_ascii	3	0.8505747126436781	0.0	0.8505747126436781	0.8505747126436781
hum_processing	token_count_matched_ascii_noise	25	generated_token_32	residual_l2_vs_ascii	3	6.20564079284668	0.0	6.20564079284668	6.20564079284668
hum_processing	token_count_matched_ascii_noise	25	generated_token_32	sae_topk_jaccard_distance_vs_ascii	3	0.9690721649484536	0.0	0.9690721649484536	0.9690721649484536
hum_processing	token_count_matched_ascii_noise	25	generated_token_64	residual_l2_vs_ascii	3	5.975796699523926	0.0	5.975796699523926	5.975796699523926
hum_processing	token_count_matched_ascii_noise	25	generated_token_64	sae_topk_jaccard_distance_vs_ascii	3	0.9795918367346937	1.1102230246251565e-16	0.9795918367346939	0.9795918367346939
hum_processing	token_count_matched_ascii_noise	25	generated_token_8	residual_l2_vs_ascii	3	3.5432956218719482	0.0	3.5432956218719482	3.5432956218719482
hum_processing	token_count_matched_ascii_noise	25	generated_token_8	sae_topk_jaccard_distance_vs_ascii	3	0.823529411764706	1.1102230246251565e-16	0.8235294117647058	0.8235294117647058
hum_processing	token_count_matched_ascii_noise	26	final_prompt_token	residual_l2_vs_ascii	3	2.0493364334106445	0.0	2.0493364334106445	2.0493364334106445
hum_processing	token_count_matched_ascii_noise	26	final_prompt_token	sae_topk_jaccard_distance_vs_ascii	3	0.4375	0.0	0.4375	0.4375
hum_processing	token_count_matched_ascii_noise	26	generated_token_1	residual_l2_vs_ascii	3	2.2867870330810547	0.0	2.2867870330810547	2.2867870330810547
hum_processing	token_count_matched_ascii_noise	26	generated_token_1	sae_topk_jaccard_distance_vs_ascii	3	0.5507246376811594	0.0	0.5507246376811594	0.5507246376811594
hum_processing	token_count_matched_ascii_noise	26	generated_token_16	residual_l2_vs_ascii	3	3.69468355178833	0.0	3.69468355178833	3.69468355178833
hum_processing	token_count_matched_ascii_noise	26	generated_token_16	sae_topk_jaccard_distance_vs_ascii	3	0.8505747126436781	0.0	0.8505747126436781	0.8505747126436781
hum_processing	token_count_matched_ascii_noise	26	generated_token_32	residual_l2_vs_ascii	3	6.259253978729248	0.0	6.259253978729248	6.259253978729248
hum_processing	token_count_matched_ascii_noise	26	generated_token_32	sae_topk_jaccard_distance_vs_ascii	3	0.9690721649484536	0.0	0.9690721649484536	0.9690721649484536
hum_processing	token_count_matched_ascii_noise	26	generated_token_64	residual_l2_vs_ascii	3	6.344752788543701	0.0	6.344752788543701	6.344752788543701
hum_processing	token_count_matched_ascii_noise	26	generated_token_64	sae_topk_jaccard_distance_vs_ascii	3	0.9690721649484536	0.0	0.9690721649484536	0.9690721649484536
hum_processing	token_count_matched_ascii_noise	26	generated_token_8	residual_l2_vs_ascii	3	3.5705459117889404	0.0	3.5705459117889404	3.5705459117889404
hum_processing	token_count_matched_ascii_noise	26	generated_token_8	sae_topk_jaccard_distance_vs_ascii	3	0.7804878048780489	1.1102230246251565e-16	0.7804878048780488	0.7804878048780488
hum_processing	unicode_nonletter_control	14	final_prompt_token	residual_l2_vs_ascii	3	1.0975421667099	0.0	1.0975421667099	1.0975421667099
hum_processing	unicode_nonletter_control	14	final_prompt_token	sae_topk_jaccard_distance_vs_ascii	3	0.4375	0.0	0.4375	0.4375
hum_processing	unicode_nonletter_control	14	generated_token_1	residual_l2_vs_ascii	3	1.9143768548965454	0.0	1.9143768548965454	1.9143768548965454
hum_processing	unicode_nonletter_control	14	generated_token_1	sae_topk_jaccard_distance_vs_ascii	3	0.6301369863013699	0.0	0.6301369863013699	0.6301369863013699
hum_processing	unicode_nonletter_control	14	generated_token_16	residual_l2_vs_ascii	3	1.9003663063049316	0.0	1.9003663063049316	1.9003663063049316
hum_processing	unicode_nonletter_control	14	generated_token_16	sae_topk_jaccard_distance_vs_ascii	3	0.7951807228915663	0.0	0.7951807228915663	0.7951807228915663
hum_processing	unicode_nonletter_control	14	generated_token_32	residual_l2_vs_ascii	3	3.4715793132781982	0.0	3.4715793132781982	3.4715793132781982
hum_processing	unicode_nonletter_control	14	generated_token_32	sae_topk_jaccard_distance_vs_ascii	3	0.9247311827956989	0.0	0.9247311827956989	0.9247311827956989
hum_processing	unicode_nonletter_control	14	generated_token_64	residual_l2_vs_ascii	3	3.983041524887085	0.0	3.983041524887085	3.983041524887085
hum_processing	unicode_nonletter_control	14	generated_token_64	sae_topk_jaccard_distance_vs_ascii	3	0.9583333333333334	0.0	0.9583333333333334	0.9583333333333334
hum_processing	unicode_nonletter_control	14	generated_token_8	residual_l2_vs_ascii	3	0.8792340755462646	0.0	0.8792340755462646	0.8792340755462646
hum_processing	unicode_nonletter_control	14	generated_token_8	sae_topk_jaccard_distance_vs_ascii	3	0.5294117647058824	0.0	0.5294117647058824	0.5294117647058824
hum_processing	unicode_nonletter_control	15	final_prompt_token	residual_l2_vs_ascii	3	1.1532907485961914	0.0	1.1532907485961914	1.1532907485961914
hum_processing	unicode_nonletter_control	15	final_prompt_token	sae_topk_jaccard_distance_vs_ascii	3	0.4615384615384615	5.551115123125783e-17	0.46153846153846156	0.46153846153846156
hum_processing	unicode_nonletter_control	15	generated_token_1	residual_l2_vs_ascii	3	1.982411503791809	0.0	1.982411503791809	1.982411503791809
hum_processing	unicode_nonletter_control	15	generated_token_1	sae_topk_jaccard_distance_vs_ascii	3	0.6842105263157895	0.0	0.6842105263157895	0.6842105263157895
hum_processing	unicode_nonletter_control	15	generated_token_16	residual_l2_vs_ascii	3	2.059840440750122	0.0	2.059840440750122	2.059840440750122
hum_processing	unicode_nonletter_control	15	generated_token_16	sae_topk_jaccard_distance_vs_ascii	3	0.8095238095238096	1.1102230246251565e-16	0.8095238095238095	0.8095238095238095
hum_processing	unicode_nonletter_control	15	generated_token_32	residual_l2_vs_ascii	3	3.613934278488159	0.0	3.613934278488159	3.613934278488159
hum_processing	unicode_nonletter_control	15	generated_token_32	sae_topk_jaccard_distance_vs_ascii	3	0.9473684210526315	1.1102230246251565e-16	0.9473684210526316	0.9473684210526316
hum_processing	unicode_nonletter_control	15	generated_token_64	residual_l2_vs_ascii	3	4.030393600463867	0.0	4.030393600463867	4.030393600463867
hum_processing	unicode_nonletter_control	15	generated_token_64	sae_topk_jaccard_distance_vs_ascii	3	0.9795918367346937	1.1102230246251565e-16	0.9795918367346939	0.9795918367346939
hum_processing	unicode_nonletter_control	15	generated_token_8	residual_l2_vs_ascii	3	0.8828994631767273	0.0	0.8828994631767273	0.8828994631767273
hum_processing	unicode_nonletter_control	15	generated_token_8	sae_topk_jaccard_distance_vs_ascii	3	0.3870967741935483	5.551115123125783e-17	0.3870967741935484	0.3870967741935484
hum_processing	unicode_nonletter_control	16	final_prompt_token	residual_l2_vs_ascii	3	1.1569300889968872	0.0	1.1569300889968872	1.1569300889968872
hum_processing	unicode_nonletter_control	16	final_prompt_token	sae_topk_jaccard_distance_vs_ascii	3	0.48484848484848486	0.0	0.48484848484848486	0.48484848484848486
hum_processing	unicode_nonletter_control	16	generated_token_1	residual_l2_vs_ascii	3	2.07407808303833	0.0	2.07407808303833	2.07407808303833
hum_processing	unicode_nonletter_control	16	generated_token_1	sae_topk_jaccard_distance_vs_ascii	3	0.717948717948718	0.0	0.717948717948718	0.717948717948718
hum_processing	unicode_nonletter_control	16	generated_token_16	residual_l2_vs_ascii	3	2.090461254119873	0.0	2.090461254119873	2.090461254119873
hum_processing	unicode_nonletter_control	16	generated_token_16	sae_topk_jaccard_distance_vs_ascii	3	0.823529411764706	1.1102230246251565e-16	0.8235294117647058	0.8235294117647058
hum_processing	unicode_nonletter_control	16	generated_token_32	residual_l2_vs_ascii	3	3.693704605102539	0.0	3.693704605102539	3.693704605102539
hum_processing	unicode_nonletter_control	16	generated_token_32	sae_topk_jaccard_distance_vs_ascii	3	0.9247311827956989	0.0	0.9247311827956989	0.9247311827956989
hum_processing	unicode_nonletter_control	16	generated_token_64	residual_l2_vs_ascii	3	4.153888702392578	0.0	4.153888702392578	4.153888702392578
hum_processing	unicode_nonletter_control	16	generated_token_64	sae_topk_jaccard_distance_vs_ascii	3	0.9583333333333334	0.0	0.9583333333333334	0.9583333333333334
hum_processing	unicode_nonletter_control	16	generated_token_8	residual_l2_vs_ascii	3	0.9543982148170471	0.0	0.9543982148170471	0.9543982148170471
hum_processing	unicode_nonletter_control	16	generated_token_8	sae_topk_jaccard_distance_vs_ascii	3	0.4375	0.0	0.4375	0.4375
hum_processing	unicode_nonletter_control	24	final_prompt_token	residual_l2_vs_ascii	3	1.5286974906921387	0.0	1.5286974906921387	1.5286974906921387
hum_processing	unicode_nonletter_control	24	final_prompt_token	sae_topk_jaccard_distance_vs_ascii	3	0.48484848484848486	0.0	0.48484848484848486	0.48484848484848486
hum_processing	unicode_nonletter_control	24	generated_token_1	residual_l2_vs_ascii	3	2.597775936126709	0.0	2.597775936126709	2.597775936126709
hum_processing	unicode_nonletter_control	24	generated_token_1	sae_topk_jaccard_distance_vs_ascii	3	0.717948717948718	0.0	0.717948717948718	0.717948717948718
hum_processing	unicode_nonletter_control	24	generated_token_16	residual_l2_vs_ascii	3	2.9892234802246094	0.0	2.9892234802246094	2.9892234802246094
hum_processing	unicode_nonletter_control	24	generated_token_16	sae_topk_jaccard_distance_vs_ascii	3	0.7951807228915663	0.0	0.7951807228915663	0.7951807228915663
hum_processing	unicode_nonletter_control	24	generated_token_32	residual_l2_vs_ascii	3	5.68781042098999	0.0	5.68781042098999	5.68781042098999
hum_processing	unicode_nonletter_control	24	generated_token_32	sae_topk_jaccard_distance_vs_ascii	3	0.9473684210526315	1.1102230246251565e-16	0.9473684210526316	0.9473684210526316
hum_processing	unicode_nonletter_control	24	generated_token_64	residual_l2_vs_ascii	3	6.398555278778076	0.0	6.398555278778076	6.398555278778076
hum_processing	unicode_nonletter_control	24	generated_token_64	sae_topk_jaccard_distance_vs_ascii	3	0.9795918367346937	1.1102230246251565e-16	0.9795918367346939	0.9795918367346939
hum_processing	unicode_nonletter_control	24	generated_token_8	residual_l2_vs_ascii	3	1.3942373991012573	0.0	1.3942373991012573	1.3942373991012573
hum_processing	unicode_nonletter_control	24	generated_token_8	sae_topk_jaccard_distance_vs_ascii	3	0.3870967741935483	5.551115123125783e-17	0.3870967741935484	0.3870967741935484
hum_processing	unicode_nonletter_control	25	final_prompt_token	residual_l2_vs_ascii	3	1.606089472770691	0.0	1.606089472770691	1.606089472770691
hum_processing	unicode_nonletter_control	25	final_prompt_token	sae_topk_jaccard_distance_vs_ascii	3	0.4615384615384615	5.551115123125783e-17	0.46153846153846156	0.46153846153846156
hum_processing	unicode_nonletter_control	25	generated_token_1	residual_l2_vs_ascii	3	2.6623337268829346	0.0	2.6623337268829346	2.6623337268829346
hum_processing	unicode_nonletter_control	25	generated_token_1	sae_topk_jaccard_distance_vs_ascii	3	0.6301369863013699	0.0	0.6301369863013699	0.6301369863013699
hum_processing	unicode_nonletter_control	25	generated_token_16	residual_l2_vs_ascii	3	3.258155584335327	0.0	3.258155584335327	3.258155584335327
hum_processing	unicode_nonletter_control	25	generated_token_16	sae_topk_jaccard_distance_vs_ascii	3	0.7012987012987013	0.0	0.7012987012987013	0.7012987012987013
hum_processing	unicode_nonletter_control	25	generated_token_32	residual_l2_vs_ascii	3	5.946591377258301	0.0	5.946591377258301	5.946591377258301
hum_processing	unicode_nonletter_control	25	generated_token_32	sae_topk_jaccard_distance_vs_ascii	3	0.8764044943820225	0.0	0.8764044943820225	0.8764044943820225
hum_processing	unicode_nonletter_control	25	generated_token_64	residual_l2_vs_ascii	3	6.585104465484619	0.0	6.585104465484619	6.585104465484619
hum_processing	unicode_nonletter_control	25	generated_token_64	sae_topk_jaccard_distance_vs_ascii	3	0.9473684210526315	1.1102230246251565e-16	0.9473684210526316	0.9473684210526316
hum_processing	unicode_nonletter_control	25	generated_token_8	residual_l2_vs_ascii	3	1.4857335090637207	0.0	1.4857335090637207	1.4857335090637207
hum_processing	unicode_nonletter_control	25	generated_token_8	sae_topk_jaccard_distance_vs_ascii	3	0.3333333333333333	5.551115123125783e-17	0.33333333333333337	0.33333333333333337
hum_processing	unicode_nonletter_control	26	final_prompt_token	residual_l2_vs_ascii	3	1.6520885229110718	0.0	1.6520885229110718	1.6520885229110718
hum_processing	unicode_nonletter_control	26	final_prompt_token	sae_topk_jaccard_distance_vs_ascii	3	0.48484848484848486	0.0	0.48484848484848486	0.48484848484848486
hum_processing	unicode_nonletter_control	26	generated_token_1	residual_l2_vs_ascii	3	2.6055405139923096	0.0	2.6055405139923096	2.6055405139923096
hum_processing	unicode_nonletter_control	26	generated_token_1	sae_topk_jaccard_distance_vs_ascii	3	0.5074626865671642	0.0	0.5074626865671642	0.5074626865671642
hum_processing	unicode_nonletter_control	26	generated_token_16	residual_l2_vs_ascii	3	3.264404058456421	0.0	3.264404058456421	3.264404058456421
hum_processing	unicode_nonletter_control	26	generated_token_16	sae_topk_jaccard_distance_vs_ascii	3	0.7341772151898734	0.0	0.7341772151898734	0.7341772151898734
hum_processing	unicode_nonletter_control	26	generated_token_32	residual_l2_vs_ascii	3	5.920184135437012	0.0	5.920184135437012	5.920184135437012
hum_processing	unicode_nonletter_control	26	generated_token_32	sae_topk_jaccard_distance_vs_ascii	3	0.9130434782608696	0.0	0.9130434782608696	0.9130434782608696
hum_processing	unicode_nonletter_control	26	generated_token_64	residual_l2_vs_ascii	3	6.745811939239502	0.0	6.745811939239502	6.745811939239502
hum_processing	unicode_nonletter_control	26	generated_token_64	sae_topk_jaccard_distance_vs_ascii	3	0.9690721649484536	0.0	0.9690721649484536	0.9690721649484536
hum_processing	unicode_nonletter_control	26	generated_token_8	residual_l2_vs_ascii	3	1.6889574527740479	0.0	1.6889574527740479	1.6889574527740479
hum_processing	unicode_nonletter_control	26	generated_token_8	sae_topk_jaccard_distance_vs_ascii	3	0.3870967741935483	5.551115123125783e-17	0.3870967741935484	0.3870967741935484
hum_processing	visual_ascii_control	14	final_prompt_token	residual_l2_vs_ascii	3	2.381277084350586	0.0	2.381277084350586	2.381277084350586
hum_processing	visual_ascii_control	14	final_prompt_token	sae_topk_jaccard_distance_vs_ascii	3	0.75	0.0	0.75	0.75
hum_processing	visual_ascii_control	14	generated_token_1	residual_l2_vs_ascii	3	1.7002462148666382	0.0	1.7002462148666382	1.7002462148666382
hum_processing	visual_ascii_control	14	generated_token_1	sae_topk_jaccard_distance_vs_ascii	3	0.6301369863013699	0.0	0.6301369863013699	0.6301369863013699
hum_processing	visual_ascii_control	14	generated_token_16	residual_l2_vs_ascii	3	3.566019058227539	0.0	3.566019058227539	3.566019058227539
hum_processing	visual_ascii_control	14	generated_token_16	sae_topk_jaccard_distance_vs_ascii	3	0.9361702127659575	0.0	0.9361702127659575	0.9361702127659575
hum_processing	visual_ascii_control	14	generated_token_32	residual_l2_vs_ascii	3	3.1850967407226562	0.0	3.1850967407226562	3.1850967407226562
hum_processing	visual_ascii_control	14	generated_token_32	sae_topk_jaccard_distance_vs_ascii	3	0.9361702127659575	0.0	0.9361702127659575	0.9361702127659575
hum_processing	visual_ascii_control	14	generated_token_64	residual_l2_vs_ascii	3	4.0095438957214355	0.0	4.0095438957214355	4.0095438957214355
hum_processing	visual_ascii_control	14	generated_token_64	sae_topk_jaccard_distance_vs_ascii	3	0.9361702127659575	0.0	0.9361702127659575	0.9361702127659575
hum_processing	visual_ascii_control	14	generated_token_8	residual_l2_vs_ascii	3	1.3436646461486816	0.0	1.3436646461486816	1.3436646461486816
hum_processing	visual_ascii_control	14	generated_token_8	sae_topk_jaccard_distance_vs_ascii	3	0.6666666666666666	1.1102230246251565e-16	0.6666666666666667	0.6666666666666667
hum_processing	visual_ascii_control	15	final_prompt_token	residual_l2_vs_ascii	3	2.3235487937927246	0.0	2.3235487937927246	2.3235487937927246
hum_processing	visual_ascii_control	15	final_prompt_token	sae_topk_jaccard_distance_vs_ascii	3	0.7654320987654323	1.1102230246251565e-16	0.7654320987654322	0.7654320987654322
hum_processing	visual_ascii_control	15	generated_token_1	residual_l2_vs_ascii	3	1.7731876373291016	0.0	1.7731876373291016	1.7731876373291016
hum_processing	visual_ascii_control	15	generated_token_1	sae_topk_jaccard_distance_vs_ascii	3	0.5915492957746479	0.0	0.5915492957746479	0.5915492957746479
hum_processing	visual_ascii_control	15	generated_token_16	residual_l2_vs_ascii	3	3.549785614013672	0.0	3.549785614013672	3.549785614013672
hum_processing	visual_ascii_control	15	generated_token_16	sae_topk_jaccard_distance_vs_ascii	3	0.9247311827956989	0.0	0.9247311827956989	0.9247311827956989
hum_processing	visual_ascii_control	15	generated_token_32	residual_l2_vs_ascii	3	3.166351556777954	0.0	3.166351556777954	3.166351556777954
hum_processing	visual_ascii_control	15	generated_token_32	sae_topk_jaccard_distance_vs_ascii	3	0.9795918367346937	1.1102230246251565e-16	0.9795918367346939	0.9795918367346939
hum_processing	visual_ascii_control	15	generated_token_64	residual_l2_vs_ascii	3	4.018044948577881	0.0	4.018044948577881	4.018044948577881
hum_processing	visual_ascii_control	15	generated_token_64	sae_topk_jaccard_distance_vs_ascii	3	0.8888888888888888	0.0	0.8888888888888888	0.8888888888888888
hum_processing	visual_ascii_control	15	generated_token_8	residual_l2_vs_ascii	3	1.4386885166168213	0.0	1.4386885166168213	1.4386885166168213
hum_processing	visual_ascii_control	15	generated_token_8	sae_topk_jaccard_distance_vs_ascii	3	0.6486486486486487	0.0	0.6486486486486487	0.6486486486486487
hum_processing	visual_ascii_control	16	final_prompt_token	residual_l2_vs_ascii	3	2.2733280658721924	0.0	2.2733280658721924	2.2733280658721924
hum_processing	visual_ascii_control	16	final_prompt_token	sae_topk_jaccard_distance_vs_ascii	3	0.8505747126436781	0.0	0.8505747126436781	0.8505747126436781
hum_processing	visual_ascii_control	16	generated_token_1	residual_l2_vs_ascii	3	1.837677001953125	0.0	1.837677001953125	1.837677001953125
hum_processing	visual_ascii_control	16	generated_token_1	sae_topk_jaccard_distance_vs_ascii	3	0.6486486486486487	0.0	0.6486486486486487	0.6486486486486487
hum_processing	visual_ascii_control	16	generated_token_16	residual_l2_vs_ascii	3	3.6898183822631836	0.0	3.6898183822631836	3.6898183822631836
hum_processing	visual_ascii_control	16	generated_token_16	sae_topk_jaccard_distance_vs_ascii	3	0.9010989010989011	0.0	0.9010989010989011	0.9010989010989011
hum_processing	visual_ascii_control	16	generated_token_32	residual_l2_vs_ascii	3	3.330568313598633	0.0	3.330568313598633	3.330568313598633
hum_processing	visual_ascii_control	16	generated_token_32	sae_topk_jaccard_distance_vs_ascii	3	0.9690721649484536	0.0	0.9690721649484536	0.9690721649484536
hum_processing	visual_ascii_control	16	generated_token_64	residual_l2_vs_ascii	3	4.082003593444824	0.0	4.082003593444824	4.082003593444824
hum_processing	visual_ascii_control	16	generated_token_64	sae_topk_jaccard_distance_vs_ascii	3	0.9130434782608696	0.0	0.9130434782608696	0.9130434782608696
hum_processing	visual_ascii_control	16	generated_token_8	residual_l2_vs_ascii	3	1.558678388595581	0.0	1.558678388595581	1.558678388595581
hum_processing	visual_ascii_control	16	generated_token_8	sae_topk_jaccard_distance_vs_ascii	3	0.717948717948718	0.0	0.717948717948718	0.717948717948718
hum_processing	visual_ascii_control	24	final_prompt_token	residual_l2_vs_ascii	3	2.6938679218292236	0.0	2.6938679218292236	2.6938679218292236
hum_processing	visual_ascii_control	24	final_prompt_token	sae_topk_jaccard_distance_vs_ascii	3	0.7951807228915663	0.0	0.7951807228915663	0.7951807228915663
hum_processing	visual_ascii_control	24	generated_token_1	residual_l2_vs_ascii	3	2.5918281078338623	0.0	2.5918281078338623	2.5918281078338623
hum_processing	visual_ascii_control	24	generated_token_1	sae_topk_jaccard_distance_vs_ascii	3	0.6666666666666666	1.1102230246251565e-16	0.6666666666666667	0.6666666666666667
hum_processing	visual_ascii_control	24	generated_token_16	residual_l2_vs_ascii	3	5.489511966705322	0.0	5.489511966705322	5.489511966705322
hum_processing	visual_ascii_control	24	generated_token_16	sae_topk_jaccard_distance_vs_ascii	3	0.9361702127659575	0.0	0.9361702127659575	0.9361702127659575
hum_processing	visual_ascii_control	24	generated_token_32	residual_l2_vs_ascii	3	4.893991470336914	0.0	4.893991470336914	4.893991470336914
hum_processing	visual_ascii_control	24	generated_token_32	sae_topk_jaccard_distance_vs_ascii	3	0.9690721649484536	0.0	0.9690721649484536	0.9690721649484536
hum_processing	visual_ascii_control	24	generated_token_64	residual_l2_vs_ascii	3	5.770665168762207	0.0	5.770665168762207	5.770665168762207
hum_processing	visual_ascii_control	24	generated_token_64	sae_topk_jaccard_distance_vs_ascii	3	0.9130434782608696	0.0	0.9130434782608696	0.9130434782608696
hum_processing	visual_ascii_control	24	generated_token_8	residual_l2_vs_ascii	3	2.7814154624938965	0.0	2.7814154624938965	2.7814154624938965
hum_processing	visual_ascii_control	24	generated_token_8	sae_topk_jaccard_distance_vs_ascii	3	0.6666666666666666	1.1102230246251565e-16	0.6666666666666667	0.6666666666666667
hum_processing	visual_ascii_control	25	final_prompt_token	residual_l2_vs_ascii	3	2.7698850631713867	0.0	2.7698850631713867	2.7698850631713867
hum_processing	visual_ascii_control	25	final_prompt_token	sae_topk_jaccard_distance_vs_ascii	3	0.717948717948718	0.0	0.717948717948718	0.717948717948718
hum_processing	visual_ascii_control	25	generated_token_1	residual_l2_vs_ascii	3	2.6305038928985596	0.0	2.6305038928985596	2.6305038928985596
hum_processing	visual_ascii_control	25	generated_token_1	sae_topk_jaccard_distance_vs_ascii	3	0.5915492957746479	0.0	0.5915492957746479	0.5915492957746479
hum_processing	visual_ascii_control	25	generated_token_16	residual_l2_vs_ascii	3	5.762160301208496	0.0	5.762160301208496	5.762160301208496
hum_processing	visual_ascii_control	25	generated_token_16	sae_topk_jaccard_distance_vs_ascii	3	0.9361702127659575	0.0	0.9361702127659575	0.9361702127659575
hum_processing	visual_ascii_control	25	generated_token_32	residual_l2_vs_ascii	3	5.230949878692627	0.0	5.230949878692627	5.230949878692627
hum_processing	visual_ascii_control	25	generated_token_32	sae_topk_jaccard_distance_vs_ascii	3	0.9583333333333334	0.0	0.9583333333333334	0.9583333333333334
hum_processing	visual_ascii_control	25	generated_token_64	residual_l2_vs_ascii	3	5.9545159339904785	0.0	5.9545159339904785	5.9545159339904785
hum_processing	visual_ascii_control	25	generated_token_64	sae_topk_jaccard_distance_vs_ascii	3	0.8764044943820225	0.0	0.8764044943820225	0.8764044943820225
hum_processing	visual_ascii_control	25	generated_token_8	residual_l2_vs_ascii	3	2.9821507930755615	0.0	2.9821507930755615	2.9821507930755615
hum_processing	visual_ascii_control	25	generated_token_8	sae_topk_jaccard_distance_vs_ascii	3	0.75	0.0	0.75	0.75
hum_processing	visual_ascii_control	26	final_prompt_token	residual_l2_vs_ascii	3	2.9313161373138428	0.0	2.9313161373138428	2.9313161373138428
hum_processing	visual_ascii_control	26	final_prompt_token	sae_topk_jaccard_distance_vs_ascii	3	0.6842105263157895	0.0	0.6842105263157895	0.6842105263157895
hum_processing	visual_ascii_control	26	generated_token_1	residual_l2_vs_ascii	3	2.578508138656616	0.0	2.578508138656616	2.578508138656616
hum_processing	visual_ascii_control	26	generated_token_1	sae_topk_jaccard_distance_vs_ascii	3	0.5294117647058824	0.0	0.5294117647058824	0.5294117647058824
hum_processing	visual_ascii_control	26	generated_token_16	residual_l2_vs_ascii	3	5.970643043518066	0.0	5.970643043518066	5.970643043518066
hum_processing	visual_ascii_control	26	generated_token_16	sae_topk_jaccard_distance_vs_ascii	3	0.9583333333333334	0.0	0.9583333333333334	0.9583333333333334
hum_processing	visual_ascii_control	26	generated_token_32	residual_l2_vs_ascii	3	5.2039103507995605	0.0	5.2039103507995605	5.2039103507995605
hum_processing	visual_ascii_control	26	generated_token_32	sae_topk_jaccard_distance_vs_ascii	3	0.9361702127659575	0.0	0.9361702127659575	0.9361702127659575
hum_processing	visual_ascii_control	26	generated_token_64	residual_l2_vs_ascii	3	5.9670891761779785	0.0	5.9670891761779785	5.9670891761779785
hum_processing	visual_ascii_control	26	generated_token_64	sae_topk_jaccard_distance_vs_ascii	3	0.8636363636363636	0.0	0.8636363636363636	0.8636363636363636
hum_processing	visual_ascii_control	26	generated_token_8	residual_l2_vs_ascii	3	3.072402000427246	0.0	3.072402000427246	3.072402000427246
hum_processing	visual_ascii_control	26	generated_token_8	sae_topk_jaccard_distance_vs_ascii	3	0.6842105263157895	0.0	0.6842105263157895	0.6842105263157895
recipe_metaphysics	d_dot_high_impact_control	14	final_prompt_token	residual_l2_vs_ascii	3	0.5865300893783569	0.0	0.5865300893783569	0.5865300893783569
recipe_metaphysics	d_dot_high_impact_control	14	final_prompt_token	sae_topk_jaccard_distance_vs_ascii	3	0.14814814814814814	0.0	0.14814814814814814	0.14814814814814814
recipe_metaphysics	d_dot_high_impact_control	14	generated_token_1	residual_l2_vs_ascii	3	0.7476338148117065	0.0	0.7476338148117065	0.7476338148117065
recipe_metaphysics	d_dot_high_impact_control	14	generated_token_1	sae_topk_jaccard_distance_vs_ascii	3	0.3870967741935483	5.551115123125783e-17	0.3870967741935484	0.3870967741935484
recipe_metaphysics	d_dot_high_impact_control	14	generated_token_16	residual_l2_vs_ascii	3	0.28711986541748047	0.0	0.28711986541748047	0.28711986541748047
recipe_metaphysics	d_dot_high_impact_control	14	generated_token_16	sae_topk_jaccard_distance_vs_ascii	3	0.18181818181818177	0.0	0.18181818181818177	0.18181818181818177
recipe_metaphysics	d_dot_high_impact_control	14	generated_token_32	residual_l2_vs_ascii	3	3.6304502487182617	0.0	3.6304502487182617	3.6304502487182617
recipe_metaphysics	d_dot_high_impact_control	14	generated_token_32	sae_topk_jaccard_distance_vs_ascii	3	0.9583333333333334	0.0	0.9583333333333334	0.9583333333333334
recipe_metaphysics	d_dot_high_impact_control	14	generated_token_64	residual_l2_vs_ascii	3	3.7099835872650146	0.0	3.7099835872650146	3.7099835872650146
recipe_metaphysics	d_dot_high_impact_control	14	generated_token_64	sae_topk_jaccard_distance_vs_ascii	3	0.9583333333333334	0.0	0.9583333333333334	0.9583333333333334
recipe_metaphysics	d_dot_high_impact_control	14	generated_token_8	residual_l2_vs_ascii	3	0.14562886953353882	0.0	0.14562886953353882	0.14562886953353882
recipe_metaphysics	d_dot_high_impact_control	14	generated_token_8	sae_topk_jaccard_distance_vs_ascii	3	0.07692307692307687	0.0	0.07692307692307687	0.07692307692307687
recipe_metaphysics	d_dot_high_impact_control	15	final_prompt_token	residual_l2_vs_ascii	3	0.6639140844345093	0.0	0.6639140844345093	0.6639140844345093
recipe_metaphysics	d_dot_high_impact_control	15	final_prompt_token	sae_topk_jaccard_distance_vs_ascii	3	0.18181818181818177	0.0	0.18181818181818177	0.18181818181818177
recipe_metaphysics	d_dot_high_impact_control	15	generated_token_1	residual_l2_vs_ascii	3	0.8835319876670837	0.0	0.8835319876670837	0.8835319876670837
recipe_metaphysics	d_dot_high_impact_control	15	generated_token_1	sae_topk_jaccard_distance_vs_ascii	3	0.41269841269841273	5.551115123125783e-17	0.4126984126984127	0.4126984126984127
recipe_metaphysics	d_dot_high_impact_control	15	generated_token_16	residual_l2_vs_ascii	3	0.3450876772403717	0.0	0.3450876772403717	0.3450876772403717
recipe_metaphysics	d_dot_high_impact_control	15	generated_token_16	sae_topk_jaccard_distance_vs_ascii	3	0.14814814814814814	0.0	0.14814814814814814	0.14814814814814814
recipe_metaphysics	d_dot_high_impact_control	15	generated_token_32	residual_l2_vs_ascii	3	3.9220075607299805	0.0	3.9220075607299805	3.9220075607299805
recipe_metaphysics	d_dot_high_impact_control	15	generated_token_32	sae_topk_jaccard_distance_vs_ascii	3	0.9795918367346937	1.1102230246251565e-16	0.9795918367346939	0.9795918367346939
recipe_metaphysics	d_dot_high_impact_control	15	generated_token_64	residual_l2_vs_ascii	3	4.096368312835693	0.0	4.096368312835693	4.096368312835693
recipe_metaphysics	d_dot_high_impact_control	15	generated_token_64	sae_topk_jaccard_distance_vs_ascii	3	0.9795918367346937	1.1102230246251565e-16	0.9795918367346939	0.9795918367346939
recipe_metaphysics	d_dot_high_impact_control	15	generated_token_8	residual_l2_vs_ascii	3	0.26459917426109314	0.0	0.26459917426109314	0.26459917426109314
recipe_metaphysics	d_dot_high_impact_control	15	generated_token_8	sae_topk_jaccard_distance_vs_ascii	3	0.039215686274509776	0.0	0.039215686274509776	0.039215686274509776
recipe_metaphysics	d_dot_high_impact_control	16	final_prompt_token	residual_l2_vs_ascii	3	0.6802878975868225	0.0	0.6802878975868225	0.6802878975868225
recipe_metaphysics	d_dot_high_impact_control	16	final_prompt_token	sae_topk_jaccard_distance_vs_ascii	3	0.360655737704918	0.0	0.360655737704918	0.360655737704918
recipe_metaphysics	d_dot_high_impact_control	16	generated_token_1	residual_l2_vs_ascii	3	0.950912594795227	0.0	0.950912594795227	0.950912594795227
recipe_metaphysics	d_dot_high_impact_control	16	generated_token_1	sae_topk_jaccard_distance_vs_ascii	3	0.3870967741935483	5.551115123125783e-17	0.3870967741935484	0.3870967741935484
recipe_metaphysics	d_dot_high_impact_control	16	generated_token_16	residual_l2_vs_ascii	3	0.38476184010505676	0.0	0.38476184010505676	0.38476184010505676
recipe_metaphysics	d_dot_high_impact_control	16	generated_token_16	sae_topk_jaccard_distance_vs_ascii	3	0.18181818181818177	0.0	0.18181818181818177	0.18181818181818177
recipe_metaphysics	d_dot_high_impact_control	16	generated_token_32	residual_l2_vs_ascii	3	4.06574010848999	0.0	4.06574010848999	4.06574010848999
recipe_metaphysics	d_dot_high_impact_control	16	generated_token_32	sae_topk_jaccard_distance_vs_ascii	3	0.9795918367346937	1.1102230246251565e-16	0.9795918367346939	0.9795918367346939
recipe_metaphysics	d_dot_high_impact_control	16	generated_token_64	residual_l2_vs_ascii	3	4.251430034637451	0.0	4.251430034637451	4.251430034637451
recipe_metaphysics	d_dot_high_impact_control	16	generated_token_64	sae_topk_jaccard_distance_vs_ascii	3	0.9690721649484536	0.0	0.9690721649484536	0.9690721649484536
recipe_metaphysics	d_dot_high_impact_control	16	generated_token_8	residual_l2_vs_ascii	3	0.2538813650608063	0.0	0.2538813650608063	0.2538813650608063
recipe_metaphysics	d_dot_high_impact_control	16	generated_token_8	sae_topk_jaccard_distance_vs_ascii	3	0.14814814814814814	0.0	0.14814814814814814	0.14814814814814814
recipe_metaphysics	d_dot_high_impact_control	24	final_prompt_token	residual_l2_vs_ascii	3	0.8466278910636902	0.0	0.8466278910636902	0.8466278910636902
recipe_metaphysics	d_dot_high_impact_control	24	final_prompt_token	sae_topk_jaccard_distance_vs_ascii	3	0.27586206896551724	0.0	0.27586206896551724	0.27586206896551724
recipe_metaphysics	d_dot_high_impact_control	24	generated_token_1	residual_l2_vs_ascii	3	1.3618617057800293	0.0	1.3618617057800293	1.3618617057800293
recipe_metaphysics	d_dot_high_impact_control	24	generated_token_1	sae_topk_jaccard_distance_vs_ascii	3	0.4375	0.0	0.4375	0.4375
recipe_metaphysics	d_dot_high_impact_control	24	generated_token_16	residual_l2_vs_ascii	3	0.6924850344657898	0.0	0.6924850344657898	0.6924850344657898
recipe_metaphysics	d_dot_high_impact_control	24	generated_token_16	sae_topk_jaccard_distance_vs_ascii	3	0.27586206896551724	0.0	0.27586206896551724	0.27586206896551724
recipe_metaphysics	d_dot_high_impact_control	24	generated_token_32	residual_l2_vs_ascii	3	6.143689155578613	0.0	6.143689155578613	6.143689155578613
recipe_metaphysics	d_dot_high_impact_control	24	generated_token_32	sae_topk_jaccard_distance_vs_ascii	3	0.98989898989899	0.0	0.98989898989899	0.98989898989899
recipe_metaphysics	d_dot_high_impact_control	24	generated_token_64	residual_l2_vs_ascii	3	6.06294059753418	0.0	6.06294059753418	6.06294059753418
recipe_metaphysics	d_dot_high_impact_control	24	generated_token_64	sae_topk_jaccard_distance_vs_ascii	3	0.9583333333333334	0.0	0.9583333333333334	0.9583333333333334
recipe_metaphysics	d_dot_high_impact_control	24	generated_token_8	residual_l2_vs_ascii	3	0.4746825695037842	0.0	0.4746825695037842	0.4746825695037842
recipe_metaphysics	d_dot_high_impact_control	24	generated_token_8	sae_topk_jaccard_distance_vs_ascii	3	0.14814814814814814	0.0	0.14814814814814814	0.14814814814814814
recipe_metaphysics	d_dot_high_impact_control	25	final_prompt_token	residual_l2_vs_ascii	3	0.9172979593276978	0.0	0.9172979593276978	0.9172979593276978
recipe_metaphysics	d_dot_high_impact_control	25	final_prompt_token	sae_topk_jaccard_distance_vs_ascii	3	0.27586206896551724	0.0	0.27586206896551724	0.27586206896551724
recipe_metaphysics	d_dot_high_impact_control	25	generated_token_1	residual_l2_vs_ascii	3	1.3998570442199707	0.0	1.3998570442199707	1.3998570442199707
recipe_metaphysics	d_dot_high_impact_control	25	generated_token_1	sae_topk_jaccard_distance_vs_ascii	3	0.4375	0.0	0.4375	0.4375
recipe_metaphysics	d_dot_high_impact_control	25	generated_token_16	residual_l2_vs_ascii	3	0.727857768535614	0.0	0.727857768535614	0.727857768535614
recipe_metaphysics	d_dot_high_impact_control	25	generated_token_16	sae_topk_jaccard_distance_vs_ascii	3	0.14814814814814814	0.0	0.14814814814814814	0.14814814814814814
recipe_metaphysics	d_dot_high_impact_control	25	generated_token_32	residual_l2_vs_ascii	3	6.29504919052124	0.0	6.29504919052124	6.29504919052124
recipe_metaphysics	d_dot_high_impact_control	25	generated_token_32	sae_topk_jaccard_distance_vs_ascii	3	0.9690721649484536	0.0	0.9690721649484536	0.9690721649484536
recipe_metaphysics	d_dot_high_impact_control	25	generated_token_64	residual_l2_vs_ascii	3	6.391969203948975	0.0	6.391969203948975	6.391969203948975
recipe_metaphysics	d_dot_high_impact_control	25	generated_token_64	sae_topk_jaccard_distance_vs_ascii	3	0.9583333333333334	0.0	0.9583333333333334	0.9583333333333334
recipe_metaphysics	d_dot_high_impact_control	25	generated_token_8	residual_l2_vs_ascii	3	0.4740264415740967	0.0	0.4740264415740967	0.4740264415740967
recipe_metaphysics	d_dot_high_impact_control	25	generated_token_8	sae_topk_jaccard_distance_vs_ascii	3	0.14814814814814814	0.0	0.14814814814814814	0.14814814814814814
recipe_metaphysics	d_dot_high_impact_control	26	final_prompt_token	residual_l2_vs_ascii	3	0.9586649537086487	0.0	0.9586649537086487	0.9586649537086487
recipe_metaphysics	d_dot_high_impact_control	26	final_prompt_token	sae_topk_jaccard_distance_vs_ascii	3	0.27586206896551724	0.0	0.27586206896551724	0.27586206896551724
recipe_metaphysics	d_dot_high_impact_control	26	generated_token_1	residual_l2_vs_ascii	3	1.4501627683639526	0.0	1.4501627683639526	1.4501627683639526
recipe_metaphysics	d_dot_high_impact_control	26	generated_token_1	sae_topk_jaccard_distance_vs_ascii	3	0.4375	0.0	0.4375	0.4375
recipe_metaphysics	d_dot_high_impact_control	26	generated_token_16	residual_l2_vs_ascii	3	0.7161665558815002	0.0	0.7161665558815002	0.7161665558815002
recipe_metaphysics	d_dot_high_impact_control	26	generated_token_16	sae_topk_jaccard_distance_vs_ascii	3	0.30508474576271183	0.0	0.30508474576271183	0.30508474576271183
recipe_metaphysics	d_dot_high_impact_control	26	generated_token_32	residual_l2_vs_ascii	3	6.651747703552246	0.0	6.651747703552246	6.651747703552246
recipe_metaphysics	d_dot_high_impact_control	26	generated_token_32	sae_topk_jaccard_distance_vs_ascii	3	0.98989898989899	0.0	0.98989898989899	0.98989898989899
recipe_metaphysics	d_dot_high_impact_control	26	generated_token_64	residual_l2_vs_ascii	3	6.492242336273193	0.0	6.492242336273193	6.492242336273193
recipe_metaphysics	d_dot_high_impact_control	26	generated_token_64	sae_topk_jaccard_distance_vs_ascii	3	0.9583333333333334	0.0	0.9583333333333334	0.9583333333333334
recipe_metaphysics	d_dot_high_impact_control	26	generated_token_8	residual_l2_vs_ascii	3	0.4598800241947174	0.0	0.4598800241947174	0.4598800241947174
recipe_metaphysics	d_dot_high_impact_control	26	generated_token_8	sae_topk_jaccard_distance_vs_ascii	3	0.07692307692307687	0.0	0.07692307692307687	0.07692307692307687
recipe_metaphysics	dcedilla_high_impact	14	final_prompt_token	residual_l2_vs_ascii	3	0.6052908301353455	0.0	0.6052908301353455	0.6052908301353455
recipe_metaphysics	dcedilla_high_impact	14	final_prompt_token	sae_topk_jaccard_distance_vs_ascii	3	0.18181818181818177	0.0	0.18181818181818177	0.18181818181818177
recipe_metaphysics	dcedilla_high_impact	14	generated_token_1	residual_l2_vs_ascii	3	0.7669554948806763	0.0	0.7669554948806763	0.7669554948806763
recipe_metaphysics	dcedilla_high_impact	14	generated_token_1	sae_topk_jaccard_distance_vs_ascii	3	0.41269841269841273	5.551115123125783e-17	0.4126984126984127	0.4126984126984127
recipe_metaphysics	dcedilla_high_impact	14	generated_token_16	residual_l2_vs_ascii	3	0.29734259843826294	0.0	0.29734259843826294	0.29734259843826294
recipe_metaphysics	dcedilla_high_impact	14	generated_token_16	sae_topk_jaccard_distance_vs_ascii	3	0.18181818181818177	0.0	0.18181818181818177	0.18181818181818177
recipe_metaphysics	dcedilla_high_impact	14	generated_token_32	residual_l2_vs_ascii	3	3.6337084770202637	0.0	3.6337084770202637	3.6337084770202637
recipe_metaphysics	dcedilla_high_impact	14	generated_token_32	sae_topk_jaccard_distance_vs_ascii	3	0.9690721649484536	0.0	0.9690721649484536	0.9690721649484536
recipe_metaphysics	dcedilla_high_impact	14	generated_token_64	residual_l2_vs_ascii	3	3.7118747234344482	0.0	3.7118747234344482	3.7118747234344482
recipe_metaphysics	dcedilla_high_impact	14	generated_token_64	sae_topk_jaccard_distance_vs_ascii	3	0.9583333333333334	0.0	0.9583333333333334	0.9583333333333334
recipe_metaphysics	dcedilla_high_impact	14	generated_token_8	residual_l2_vs_ascii	3	0.157871812582016	0.0	0.157871812582016	0.157871812582016
recipe_metaphysics	dcedilla_high_impact	14	generated_token_8	sae_topk_jaccard_distance_vs_ascii	3	0.07692307692307687	0.0	0.07692307692307687	0.07692307692307687
recipe_metaphysics	dcedilla_high_impact	15	final_prompt_token	residual_l2_vs_ascii	3	0.6785484552383423	0.0	0.6785484552383423	0.6785484552383423
recipe_metaphysics	dcedilla_high_impact	15	final_prompt_token	sae_topk_jaccard_distance_vs_ascii	3	0.24561403508771928	0.0	0.24561403508771928	0.24561403508771928
recipe_metaphysics	dcedilla_high_impact	15	generated_token_1	residual_l2_vs_ascii	3	0.9159106612205505	0.0	0.9159106612205505	0.9159106612205505
recipe_metaphysics	dcedilla_high_impact	15	generated_token_1	sae_topk_jaccard_distance_vs_ascii	3	0.4615384615384615	5.551115123125783e-17	0.46153846153846156	0.46153846153846156
recipe_metaphysics	dcedilla_high_impact	15	generated_token_16	residual_l2_vs_ascii	3	0.3569912314414978	0.0	0.3569912314414978	0.3569912314414978
recipe_metaphysics	dcedilla_high_impact	15	generated_token_16	sae_topk_jaccard_distance_vs_ascii	3	0.14814814814814814	0.0	0.14814814814814814	0.14814814814814814
recipe_metaphysics	dcedilla_high_impact	15	generated_token_32	residual_l2_vs_ascii	3	3.918579578399658	0.0	3.918579578399658	3.918579578399658
recipe_metaphysics	dcedilla_high_impact	15	generated_token_32	sae_topk_jaccard_distance_vs_ascii	3	0.9795918367346937	1.1102230246251565e-16	0.9795918367346939	0.9795918367346939
recipe_metaphysics	dcedilla_high_impact	15	generated_token_64	residual_l2_vs_ascii	3	4.0933380126953125	0.0	4.0933380126953125	4.0933380126953125
recipe_metaphysics	dcedilla_high_impact	15	generated_token_64	sae_topk_jaccard_distance_vs_ascii	3	0.9795918367346937	1.1102230246251565e-16	0.9795918367346939	0.9795918367346939
recipe_metaphysics	dcedilla_high_impact	15	generated_token_8	residual_l2_vs_ascii	3	0.28059160709381104	0.0	0.28059160709381104	0.28059160709381104
recipe_metaphysics	dcedilla_high_impact	15	generated_token_8	sae_topk_jaccard_distance_vs_ascii	3	0.039215686274509776	0.0	0.039215686274509776	0.039215686274509776
recipe_metaphysics	dcedilla_high_impact	16	final_prompt_token	residual_l2_vs_ascii	3	0.6896481513977051	0.0	0.6896481513977051	0.6896481513977051
recipe_metaphysics	dcedilla_high_impact	16	final_prompt_token	sae_topk_jaccard_distance_vs_ascii	3	0.3333333333333333	5.551115123125783e-17	0.33333333333333337	0.33333333333333337
recipe_metaphysics	dcedilla_high_impact	16	generated_token_1	residual_l2_vs_ascii	3	0.9845592379570007	0.0	0.9845592379570007	0.9845592379570007
recipe_metaphysics	dcedilla_high_impact	16	generated_token_1	sae_topk_jaccard_distance_vs_ascii	3	0.4375	0.0	0.4375	0.4375
recipe_metaphysics	dcedilla_high_impact	16	generated_token_16	residual_l2_vs_ascii	3	0.3886888921260834	0.0	0.3886888921260834	0.3886888921260834
recipe_metaphysics	dcedilla_high_impact	16	generated_token_16	sae_topk_jaccard_distance_vs_ascii	3	0.18181818181818177	0.0	0.18181818181818177	0.18181818181818177
recipe_metaphysics	dcedilla_high_impact	16	generated_token_32	residual_l2_vs_ascii	3	4.069378852844238	0.0	4.069378852844238	4.069378852844238
recipe_metaphysics	dcedilla_high_impact	16	generated_token_32	sae_topk_jaccard_distance_vs_ascii	3	0.9795918367346937	1.1102230246251565e-16	0.9795918367346939	0.9795918367346939
recipe_metaphysics	dcedilla_high_impact	16	generated_token_64	residual_l2_vs_ascii	3	4.245458602905273	0.0	4.245458602905273	4.245458602905273
recipe_metaphysics	dcedilla_high_impact	16	generated_token_64	sae_topk_jaccard_distance_vs_ascii	3	0.9690721649484536	0.0	0.9690721649484536	0.9690721649484536
recipe_metaphysics	dcedilla_high_impact	16	generated_token_8	residual_l2_vs_ascii	3	0.27423638105392456	0.0	0.27423638105392456	0.27423638105392456
recipe_metaphysics	dcedilla_high_impact	16	generated_token_8	sae_topk_jaccard_distance_vs_ascii	3	0.1132075471698113	0.0	0.1132075471698113	0.1132075471698113
recipe_metaphysics	dcedilla_high_impact	24	final_prompt_token	residual_l2_vs_ascii	3	0.8835003972053528	0.0	0.8835003972053528	0.8835003972053528
recipe_metaphysics	dcedilla_high_impact	24	final_prompt_token	sae_topk_jaccard_distance_vs_ascii	3	0.3333333333333333	5.551115123125783e-17	0.33333333333333337	0.33333333333333337
recipe_metaphysics	dcedilla_high_impact	24	generated_token_1	residual_l2_vs_ascii	3	1.4235879182815552	0.0	1.4235879182815552	1.4235879182815552
recipe_metaphysics	dcedilla_high_impact	24	generated_token_1	sae_topk_jaccard_distance_vs_ascii	3	0.4615384615384615	5.551115123125783e-17	0.46153846153846156	0.46153846153846156
recipe_metaphysics	dcedilla_high_impact	24	generated_token_16	residual_l2_vs_ascii	3	0.7172066569328308	0.0	0.7172066569328308	0.7172066569328308
recipe_metaphysics	dcedilla_high_impact	24	generated_token_16	sae_topk_jaccard_distance_vs_ascii	3	0.30508474576271183	0.0	0.30508474576271183	0.30508474576271183
recipe_metaphysics	dcedilla_high_impact	24	generated_token_32	residual_l2_vs_ascii	3	6.15996789932251	0.0	6.15996789932251	6.15996789932251
recipe_metaphysics	dcedilla_high_impact	24	generated_token_32	sae_topk_jaccard_distance_vs_ascii	3	0.98989898989899	0.0	0.98989898989899	0.98989898989899
recipe_metaphysics	dcedilla_high_impact	24	generated_token_64	residual_l2_vs_ascii	3	6.047862529754639	0.0	6.047862529754639	6.047862529754639
recipe_metaphysics	dcedilla_high_impact	24	generated_token_64	sae_topk_jaccard_distance_vs_ascii	3	0.9583333333333334	0.0	0.9583333333333334	0.9583333333333334
recipe_metaphysics	dcedilla_high_impact	24	generated_token_8	residual_l2_vs_ascii	3	0.42788681387901306	0.0	0.42788681387901306	0.42788681387901306
recipe_metaphysics	dcedilla_high_impact	24	generated_token_8	sae_topk_jaccard_distance_vs_ascii	3	0.14814814814814814	0.0	0.14814814814814814	0.14814814814814814
recipe_metaphysics	dcedilla_high_impact	25	final_prompt_token	residual_l2_vs_ascii	3	0.9496278762817383	0.0	0.9496278762817383	0.9496278762817383
recipe_metaphysics	dcedilla_high_impact	25	final_prompt_token	sae_topk_jaccard_distance_vs_ascii	3	0.24561403508771928	0.0	0.24561403508771928	0.24561403508771928
recipe_metaphysics	dcedilla_high_impact	25	generated_token_1	residual_l2_vs_ascii	3	1.4589558839797974	0.0	1.4589558839797974	1.4589558839797974
recipe_metaphysics	dcedilla_high_impact	25	generated_token_1	sae_topk_jaccard_distance_vs_ascii	3	0.4615384615384615	5.551115123125783e-17	0.46153846153846156	0.46153846153846156
recipe_metaphysics	dcedilla_high_impact	25	generated_token_16	residual_l2_vs_ascii	3	0.7463937997817993	0.0	0.7463937997817993	0.7463937997817993
recipe_metaphysics	dcedilla_high_impact	25	generated_token_16	sae_topk_jaccard_distance_vs_ascii	3	0.14814814814814814	0.0	0.14814814814814814	0.14814814814814814
recipe_metaphysics	dcedilla_high_impact	25	generated_token_32	residual_l2_vs_ascii	3	6.303852558135986	0.0	6.303852558135986	6.303852558135986
recipe_metaphysics	dcedilla_high_impact	25	generated_token_32	sae_topk_jaccard_distance_vs_ascii	3	0.9690721649484536	0.0	0.9690721649484536	0.9690721649484536
recipe_metaphysics	dcedilla_high_impact	25	generated_token_64	residual_l2_vs_ascii	3	6.374732494354248	0.0	6.374732494354248	6.374732494354248
recipe_metaphysics	dcedilla_high_impact	25	generated_token_64	sae_topk_jaccard_distance_vs_ascii	3	0.9583333333333334	0.0	0.9583333333333334	0.9583333333333334
recipe_metaphysics	dcedilla_high_impact	25	generated_token_8	residual_l2_vs_ascii	3	0.4332466721534729	0.0	0.4332466721534729	0.4332466721534729
recipe_metaphysics	dcedilla_high_impact	25	generated_token_8	sae_topk_jaccard_distance_vs_ascii	3	0.14814814814814814	0.0	0.14814814814814814	0.14814814814814814
recipe_metaphysics	dcedilla_high_impact	26	final_prompt_token	residual_l2_vs_ascii	3	0.9974741339683533	0.0	0.9974741339683533	0.9974741339683533
recipe_metaphysics	dcedilla_high_impact	26	final_prompt_token	sae_topk_jaccard_distance_vs_ascii	3	0.24561403508771928	0.0	0.24561403508771928	0.24561403508771928
recipe_metaphysics	dcedilla_high_impact	26	generated_token_1	residual_l2_vs_ascii	3	1.5135822296142578	0.0	1.5135822296142578	1.5135822296142578
recipe_metaphysics	dcedilla_high_impact	26	generated_token_1	sae_topk_jaccard_distance_vs_ascii	3	0.41269841269841273	5.551115123125783e-17	0.4126984126984127	0.4126984126984127
recipe_metaphysics	dcedilla_high_impact	26	generated_token_16	residual_l2_vs_ascii	3	0.7332099676132202	0.0	0.7332099676132202	0.7332099676132202
recipe_metaphysics	dcedilla_high_impact	26	generated_token_16	sae_topk_jaccard_distance_vs_ascii	3	0.3333333333333333	5.551115123125783e-17	0.33333333333333337	0.33333333333333337
recipe_metaphysics	dcedilla_high_impact	26	generated_token_32	residual_l2_vs_ascii	3	6.665459156036377	0.0	6.665459156036377	6.665459156036377
recipe_metaphysics	dcedilla_high_impact	26	generated_token_32	sae_topk_jaccard_distance_vs_ascii	3	0.98989898989899	0.0	0.98989898989899	0.98989898989899
recipe_metaphysics	dcedilla_high_impact	26	generated_token_64	residual_l2_vs_ascii	3	6.470137596130371	0.0	6.470137596130371	6.470137596130371
recipe_metaphysics	dcedilla_high_impact	26	generated_token_64	sae_topk_jaccard_distance_vs_ascii	3	0.9583333333333334	0.0	0.9583333333333334	0.9583333333333334
recipe_metaphysics	dcedilla_high_impact	26	generated_token_8	residual_l2_vs_ascii	3	0.4210476279258728	0.0	0.4210476279258728	0.4210476279258728
recipe_metaphysics	dcedilla_high_impact	26	generated_token_8	sae_topk_jaccard_distance_vs_ascii	3	0.07692307692307687	0.0	0.07692307692307687	0.07692307692307687
recipe_metaphysics	dcedilla_shuffled_light	14	final_prompt_token	residual_l2_vs_ascii	3	0.8430580496788025	0.0	0.8430580496788025	0.8430580496788025
recipe_metaphysics	dcedilla_shuffled_light	14	final_prompt_token	sae_topk_jaccard_distance_vs_ascii	3	0.24561403508771928	0.0	0.24561403508771928	0.24561403508771928
recipe_metaphysics	dcedilla_shuffled_light	14	generated_token_1	residual_l2_vs_ascii	3	0.923536479473114	0.0	0.923536479473114	0.923536479473114
recipe_metaphysics	dcedilla_shuffled_light	14	generated_token_1	sae_topk_jaccard_distance_vs_ascii	3	0.4615384615384615	5.551115123125783e-17	0.46153846153846156	0.46153846153846156
recipe_metaphysics	dcedilla_shuffled_light	14	generated_token_16	residual_l2_vs_ascii	3	0.31298768520355225	0.0	0.31298768520355225	0.31298768520355225
recipe_metaphysics	dcedilla_shuffled_light	14	generated_token_16	sae_topk_jaccard_distance_vs_ascii	3	0.2142857142857143	0.0	0.2142857142857143	0.2142857142857143
recipe_metaphysics	dcedilla_shuffled_light	14	generated_token_32	residual_l2_vs_ascii	3	3.6323533058166504	0.0	3.6323533058166504	3.6323533058166504
recipe_metaphysics	dcedilla_shuffled_light	14	generated_token_32	sae_topk_jaccard_distance_vs_ascii	3	0.9583333333333334	0.0	0.9583333333333334	0.9583333333333334
recipe_metaphysics	dcedilla_shuffled_light	14	generated_token_64	residual_l2_vs_ascii	3	3.0455877780914307	0.0	3.0455877780914307	3.0455877780914307
recipe_metaphysics	dcedilla_shuffled_light	14	generated_token_64	sae_topk_jaccard_distance_vs_ascii	3	0.9247311827956989	0.0	0.9247311827956989	0.9247311827956989
recipe_metaphysics	dcedilla_shuffled_light	14	generated_token_8	residual_l2_vs_ascii	3	0.21631976962089539	0.0	0.21631976962089539	0.21631976962089539
recipe_metaphysics	dcedilla_shuffled_light	14	generated_token_8	sae_topk_jaccard_distance_vs_ascii	3	0.1132075471698113	0.0	0.1132075471698113	0.1132075471698113
recipe_metaphysics	dcedilla_shuffled_light	15	final_prompt_token	residual_l2_vs_ascii	3	0.8823609352111816	0.0	0.8823609352111816	0.8823609352111816
recipe_metaphysics	dcedilla_shuffled_light	15	final_prompt_token	sae_topk_jaccard_distance_vs_ascii	3	0.30508474576271183	0.0	0.30508474576271183	0.30508474576271183
recipe_metaphysics	dcedilla_shuffled_light	15	generated_token_1	residual_l2_vs_ascii	3	1.1072653532028198	0.0	1.1072653532028198	1.1072653532028198
recipe_metaphysics	dcedilla_shuffled_light	15	generated_token_1	sae_topk_jaccard_distance_vs_ascii	3	0.4615384615384615	5.551115123125783e-17	0.46153846153846156	0.46153846153846156
recipe_metaphysics	dcedilla_shuffled_light	15	generated_token_16	residual_l2_vs_ascii	3	0.39428722858428955	0.0	0.39428722858428955	0.39428722858428955
recipe_metaphysics	dcedilla_shuffled_light	15	generated_token_16	sae_topk_jaccard_distance_vs_ascii	3	0.2142857142857143	0.0	0.2142857142857143	0.2142857142857143
recipe_metaphysics	dcedilla_shuffled_light	15	generated_token_32	residual_l2_vs_ascii	3	3.9354255199432373	0.0	3.9354255199432373	3.9354255199432373
recipe_metaphysics	dcedilla_shuffled_light	15	generated_token_32	sae_topk_jaccard_distance_vs_ascii	3	0.9795918367346937	1.1102230246251565e-16	0.9795918367346939	0.9795918367346939
recipe_metaphysics	dcedilla_shuffled_light	15	generated_token_64	residual_l2_vs_ascii	3	3.4999096393585205	0.0	3.4999096393585205	3.4999096393585205
recipe_metaphysics	dcedilla_shuffled_light	15	generated_token_64	sae_topk_jaccard_distance_vs_ascii	3	0.9010989010989011	0.0	0.9010989010989011	0.9010989010989011
recipe_metaphysics	dcedilla_shuffled_light	15	generated_token_8	residual_l2_vs_ascii	3	0.35353997349739075	0.0	0.35353997349739075	0.35353997349739075
recipe_metaphysics	dcedilla_shuffled_light	15	generated_token_8	sae_topk_jaccard_distance_vs_ascii	3	0.1132075471698113	0.0	0.1132075471698113	0.1132075471698113
recipe_metaphysics	dcedilla_shuffled_light	16	final_prompt_token	residual_l2_vs_ascii	3	0.9017048478126526	0.0	0.9017048478126526	0.9017048478126526
recipe_metaphysics	dcedilla_shuffled_light	16	final_prompt_token	sae_topk_jaccard_distance_vs_ascii	3	0.3870967741935483	5.551115123125783e-17	0.3870967741935484	0.3870967741935484
recipe_metaphysics	dcedilla_shuffled_light	16	generated_token_1	residual_l2_vs_ascii	3	1.1481906175613403	0.0	1.1481906175613403	1.1481906175613403
recipe_metaphysics	dcedilla_shuffled_light	16	generated_token_1	sae_topk_jaccard_distance_vs_ascii	3	0.4615384615384615	5.551115123125783e-17	0.46153846153846156	0.46153846153846156
recipe_metaphysics	dcedilla_shuffled_light	16	generated_token_16	residual_l2_vs_ascii	3	0.41843727231025696	0.0	0.41843727231025696	0.41843727231025696
recipe_metaphysics	dcedilla_shuffled_light	16	generated_token_16	sae_topk_jaccard_distance_vs_ascii	3	0.27586206896551724	0.0	0.27586206896551724	0.27586206896551724
recipe_metaphysics	dcedilla_shuffled_light	16	generated_token_32	residual_l2_vs_ascii	3	4.09613561630249	0.0	4.09613561630249	4.09613561630249
recipe_metaphysics	dcedilla_shuffled_light	16	generated_token_32	sae_topk_jaccard_distance_vs_ascii	3	0.9795918367346937	1.1102230246251565e-16	0.9795918367346939	0.9795918367346939
recipe_metaphysics	dcedilla_shuffled_light	16	generated_token_64	residual_l2_vs_ascii	3	3.7096445560455322	0.0	3.7096445560455322	3.7096445560455322
recipe_metaphysics	dcedilla_shuffled_light	16	generated_token_64	sae_topk_jaccard_distance_vs_ascii	3	0.9473684210526315	1.1102230246251565e-16	0.9473684210526316	0.9473684210526316
recipe_metaphysics	dcedilla_shuffled_light	16	generated_token_8	residual_l2_vs_ascii	3	0.3453886806964874	0.0	0.3453886806964874	0.3453886806964874
recipe_metaphysics	dcedilla_shuffled_light	16	generated_token_8	sae_topk_jaccard_distance_vs_ascii	3	0.07692307692307687	0.0	0.07692307692307687	0.07692307692307687
recipe_metaphysics	dcedilla_shuffled_light	24	final_prompt_token	residual_l2_vs_ascii	3	1.0881781578063965	0.0	1.0881781578063965	1.0881781578063965
recipe_metaphysics	dcedilla_shuffled_light	24	final_prompt_token	sae_topk_jaccard_distance_vs_ascii	3	0.30508474576271183	0.0	0.30508474576271183	0.30508474576271183
recipe_metaphysics	dcedilla_shuffled_light	24	generated_token_1	residual_l2_vs_ascii	3	1.5644720792770386	0.0	1.5644720792770386	1.5644720792770386
recipe_metaphysics	dcedilla_shuffled_light	24	generated_token_1	sae_topk_jaccard_distance_vs_ascii	3	0.48484848484848486	0.0	0.48484848484848486	0.48484848484848486
recipe_metaphysics	dcedilla_shuffled_light	24	generated_token_16	residual_l2_vs_ascii	3	0.714512050151825	0.0	0.714512050151825	0.714512050151825
recipe_metaphysics	dcedilla_shuffled_light	24	generated_token_16	sae_topk_jaccard_distance_vs_ascii	3	0.27586206896551724	0.0	0.27586206896551724	0.27586206896551724
recipe_metaphysics	dcedilla_shuffled_light	24	generated_token_32	residual_l2_vs_ascii	3	6.1781487464904785	0.0	6.1781487464904785	6.1781487464904785
recipe_metaphysics	dcedilla_shuffled_light	24	generated_token_32	sae_topk_jaccard_distance_vs_ascii	3	0.98989898989899	0.0	0.98989898989899	0.98989898989899
recipe_metaphysics	dcedilla_shuffled_light	24	generated_token_64	residual_l2_vs_ascii	3	5.265740871429443	0.0	5.265740871429443	5.265740871429443
recipe_metaphysics	dcedilla_shuffled_light	24	generated_token_64	sae_topk_jaccard_distance_vs_ascii	3	0.9583333333333334	0.0	0.9583333333333334	0.9583333333333334
recipe_metaphysics	dcedilla_shuffled_light	24	generated_token_8	residual_l2_vs_ascii	3	0.509916365146637	0.0	0.509916365146637	0.509916365146637
recipe_metaphysics	dcedilla_shuffled_light	24	generated_token_8	sae_topk_jaccard_distance_vs_ascii	3	0.14814814814814814	0.0	0.14814814814814814	0.14814814814814814
recipe_metaphysics	dcedilla_shuffled_light	25	final_prompt_token	residual_l2_vs_ascii	3	1.1417560577392578	0.0	1.1417560577392578	1.1417560577392578
recipe_metaphysics	dcedilla_shuffled_light	25	final_prompt_token	sae_topk_jaccard_distance_vs_ascii	3	0.360655737704918	0.0	0.360655737704918	0.360655737704918
recipe_metaphysics	dcedilla_shuffled_light	25	generated_token_1	residual_l2_vs_ascii	3	1.5925110578536987	0.0	1.5925110578536987	1.5925110578536987
recipe_metaphysics	dcedilla_shuffled_light	25	generated_token_1	sae_topk_jaccard_distance_vs_ascii	3	0.4375	0.0	0.4375	0.4375
recipe_metaphysics	dcedilla_shuffled_light	25	generated_token_16	residual_l2_vs_ascii	3	0.7474930882453918	0.0	0.7474930882453918	0.7474930882453918
recipe_metaphysics	dcedilla_shuffled_light	25	generated_token_16	sae_topk_jaccard_distance_vs_ascii	3	0.18181818181818177	0.0	0.18181818181818177	0.18181818181818177
recipe_metaphysics	dcedilla_shuffled_light	25	generated_token_32	residual_l2_vs_ascii	3	6.326900959014893	0.0	6.326900959014893	6.326900959014893
recipe_metaphysics	dcedilla_shuffled_light	25	generated_token_32	sae_topk_jaccard_distance_vs_ascii	3	0.9690721649484536	0.0	0.9690721649484536	0.9690721649484536
recipe_metaphysics	dcedilla_shuffled_light	25	generated_token_64	residual_l2_vs_ascii	3	5.571266174316406	0.0	5.571266174316406	5.571266174316406
recipe_metaphysics	dcedilla_shuffled_light	25	generated_token_64	sae_topk_jaccard_distance_vs_ascii	3	0.9473684210526315	1.1102230246251565e-16	0.9473684210526316	0.9473684210526316
recipe_metaphysics	dcedilla_shuffled_light	25	generated_token_8	residual_l2_vs_ascii	3	0.5225934386253357	0.0	0.5225934386253357	0.5225934386253357
recipe_metaphysics	dcedilla_shuffled_light	25	generated_token_8	sae_topk_jaccard_distance_vs_ascii	3	0.18181818181818177	0.0	0.18181818181818177	0.18181818181818177
recipe_metaphysics	dcedilla_shuffled_light	26	final_prompt_token	residual_l2_vs_ascii	3	1.2024229764938354	0.0	1.2024229764938354	1.2024229764938354
recipe_metaphysics	dcedilla_shuffled_light	26	final_prompt_token	sae_topk_jaccard_distance_vs_ascii	3	0.3333333333333333	5.551115123125783e-17	0.33333333333333337	0.33333333333333337
recipe_metaphysics	dcedilla_shuffled_light	26	generated_token_1	residual_l2_vs_ascii	3	1.6112490892410278	0.0	1.6112490892410278	1.6112490892410278
recipe_metaphysics	dcedilla_shuffled_light	26	generated_token_1	sae_topk_jaccard_distance_vs_ascii	3	0.4375	0.0	0.4375	0.4375
recipe_metaphysics	dcedilla_shuffled_light	26	generated_token_16	residual_l2_vs_ascii	3	0.7368251085281372	0.0	0.7368251085281372	0.7368251085281372
recipe_metaphysics	dcedilla_shuffled_light	26	generated_token_16	sae_topk_jaccard_distance_vs_ascii	3	0.360655737704918	0.0	0.360655737704918	0.360655737704918
recipe_metaphysics	dcedilla_shuffled_light	26	generated_token_32	residual_l2_vs_ascii	3	6.693694591522217	0.0	6.693694591522217	6.693694591522217
recipe_metaphysics	dcedilla_shuffled_light	26	generated_token_32	sae_topk_jaccard_distance_vs_ascii	3	0.98989898989899	0.0	0.98989898989899	0.98989898989899
recipe_metaphysics	dcedilla_shuffled_light	26	generated_token_64	residual_l2_vs_ascii	3	5.686864852905273	0.0	5.686864852905273	5.686864852905273
recipe_metaphysics	dcedilla_shuffled_light	26	generated_token_64	sae_topk_jaccard_distance_vs_ascii	3	0.9473684210526315	1.1102230246251565e-16	0.9473684210526316	0.9473684210526316
recipe_metaphysics	dcedilla_shuffled_light	26	generated_token_8	residual_l2_vs_ascii	3	0.5103641748428345	0.0	0.5103641748428345	0.5103641748428345
recipe_metaphysics	dcedilla_shuffled_light	26	generated_token_8	sae_topk_jaccard_distance_vs_ascii	3	0.1132075471698113	0.0	0.1132075471698113	0.1132075471698113
recipe_metaphysics	dense_dcedilla_all	14	final_prompt_token	residual_l2_vs_ascii	3	1.0535333156585693	0.0	1.0535333156585693	1.0535333156585693
recipe_metaphysics	dense_dcedilla_all	14	final_prompt_token	sae_topk_jaccard_distance_vs_ascii	3	0.41269841269841273	5.551115123125783e-17	0.4126984126984127	0.4126984126984127
recipe_metaphysics	dense_dcedilla_all	14	generated_token_1	residual_l2_vs_ascii	3	0.9844250679016113	0.0	0.9844250679016113	0.9844250679016113
recipe_metaphysics	dense_dcedilla_all	14	generated_token_1	sae_topk_jaccard_distance_vs_ascii	3	0.5074626865671642	0.0	0.5074626865671642	0.5074626865671642
recipe_metaphysics	dense_dcedilla_all	14	generated_token_16	residual_l2_vs_ascii	3	0.4070991575717926	0.0	0.4070991575717926	0.4070991575717926
recipe_metaphysics	dense_dcedilla_all	14	generated_token_16	sae_topk_jaccard_distance_vs_ascii	3	0.2142857142857143	0.0	0.2142857142857143	0.2142857142857143
recipe_metaphysics	dense_dcedilla_all	14	generated_token_32	residual_l2_vs_ascii	3	3.6246602535247803	0.0	3.6246602535247803	3.6246602535247803
recipe_metaphysics	dense_dcedilla_all	14	generated_token_32	sae_topk_jaccard_distance_vs_ascii	3	0.9690721649484536	0.0	0.9690721649484536	0.9690721649484536
recipe_metaphysics	dense_dcedilla_all	14	generated_token_64	residual_l2_vs_ascii	3	3.5070066452026367	0.0	3.5070066452026367	3.5070066452026367
recipe_metaphysics	dense_dcedilla_all	14	generated_token_64	sae_topk_jaccard_distance_vs_ascii	3	0.9010989010989011	0.0	0.9010989010989011	0.9010989010989011
recipe_metaphysics	dense_dcedilla_all	14	generated_token_8	residual_l2_vs_ascii	3	0.3023815155029297	0.0	0.3023815155029297	0.3023815155029297
recipe_metaphysics	dense_dcedilla_all	14	generated_token_8	sae_topk_jaccard_distance_vs_ascii	3	0.14814814814814814	0.0	0.14814814814814814	0.14814814814814814
recipe_metaphysics	dense_dcedilla_all	15	final_prompt_token	residual_l2_vs_ascii	3	1.1289561986923218	0.0	1.1289561986923218	1.1289561986923218
recipe_metaphysics	dense_dcedilla_all	15	final_prompt_token	sae_topk_jaccard_distance_vs_ascii	3	0.27586206896551724	0.0	0.27586206896551724	0.27586206896551724
recipe_metaphysics	dense_dcedilla_all	15	generated_token_1	residual_l2_vs_ascii	3	1.1370787620544434	0.0	1.1370787620544434	1.1370787620544434
recipe_metaphysics	dense_dcedilla_all	15	generated_token_1	sae_topk_jaccard_distance_vs_ascii	3	0.5507246376811594	0.0	0.5507246376811594	0.5507246376811594
recipe_metaphysics	dense_dcedilla_all	15	generated_token_16	residual_l2_vs_ascii	3	0.5131828784942627	0.0	0.5131828784942627	0.5131828784942627
recipe_metaphysics	dense_dcedilla_all	15	generated_token_16	sae_topk_jaccard_distance_vs_ascii	3	0.27586206896551724	0.0	0.27586206896551724	0.27586206896551724
recipe_metaphysics	dense_dcedilla_all	15	generated_token_32	residual_l2_vs_ascii	3	3.9365456104278564	0.0	3.9365456104278564	3.9365456104278564
recipe_metaphysics	dense_dcedilla_all	15	generated_token_32	sae_topk_jaccard_distance_vs_ascii	3	0.98989898989899	0.0	0.98989898989899	0.98989898989899
recipe_metaphysics	dense_dcedilla_all	15	generated_token_64	residual_l2_vs_ascii	3	3.8361246585845947	0.0	3.8361246585845947	3.8361246585845947
recipe_metaphysics	dense_dcedilla_all	15	generated_token_64	sae_topk_jaccard_distance_vs_ascii	3	0.9473684210526315	1.1102230246251565e-16	0.9473684210526316	0.9473684210526316
recipe_metaphysics	dense_dcedilla_all	15	generated_token_8	residual_l2_vs_ascii	3	0.43870359659194946	0.0	0.43870359659194946	0.43870359659194946
recipe_metaphysics	dense_dcedilla_all	15	generated_token_8	sae_topk_jaccard_distance_vs_ascii	3	0.07692307692307687	0.0	0.07692307692307687	0.07692307692307687
recipe_metaphysics	dense_dcedilla_all	16	final_prompt_token	residual_l2_vs_ascii	3	1.1340408325195312	0.0	1.1340408325195312	1.1340408325195312
recipe_metaphysics	dense_dcedilla_all	16	final_prompt_token	sae_topk_jaccard_distance_vs_ascii	3	0.4375	0.0	0.4375	0.4375
recipe_metaphysics	dense_dcedilla_all	16	generated_token_1	residual_l2_vs_ascii	3	1.1869291067123413	0.0	1.1869291067123413	1.1869291067123413
recipe_metaphysics	dense_dcedilla_all	16	generated_token_1	sae_topk_jaccard_distance_vs_ascii	3	0.5507246376811594	0.0	0.5507246376811594	0.5507246376811594
recipe_metaphysics	dense_dcedilla_all	16	generated_token_16	residual_l2_vs_ascii	3	0.5607969760894775	0.0	0.5607969760894775	0.5607969760894775
recipe_metaphysics	dense_dcedilla_all	16	generated_token_16	sae_topk_jaccard_distance_vs_ascii	3	0.3333333333333333	5.551115123125783e-17	0.33333333333333337	0.33333333333333337
recipe_metaphysics	dense_dcedilla_all	16	generated_token_32	residual_l2_vs_ascii	3	4.105025768280029	0.0	4.105025768280029	4.105025768280029
recipe_metaphysics	dense_dcedilla_all	16	generated_token_32	sae_topk_jaccard_distance_vs_ascii	3	0.9795918367346937	1.1102230246251565e-16	0.9795918367346939	0.9795918367346939
recipe_metaphysics	dense_dcedilla_all	16	generated_token_64	residual_l2_vs_ascii	3	3.9493236541748047	0.0	3.9493236541748047	3.9493236541748047
recipe_metaphysics	dense_dcedilla_all	16	generated_token_64	sae_topk_jaccard_distance_vs_ascii	3	0.9130434782608696	0.0	0.9130434782608696	0.9130434782608696
recipe_metaphysics	dense_dcedilla_all	16	generated_token_8	residual_l2_vs_ascii	3	0.4353106915950775	0.0	0.4353106915950775	0.4353106915950775
recipe_metaphysics	dense_dcedilla_all	16	generated_token_8	sae_topk_jaccard_distance_vs_ascii	3	0.14814814814814814	0.0	0.14814814814814814	0.14814814814814814
recipe_metaphysics	dense_dcedilla_all	24	final_prompt_token	residual_l2_vs_ascii	3	1.4358116388320923	0.0	1.4358116388320923	1.4358116388320923
recipe_metaphysics	dense_dcedilla_all	24	final_prompt_token	sae_topk_jaccard_distance_vs_ascii	3	0.3333333333333333	5.551115123125783e-17	0.33333333333333337	0.33333333333333337
recipe_metaphysics	dense_dcedilla_all	24	generated_token_1	residual_l2_vs_ascii	3	1.5357775688171387	0.0	1.5357775688171387	1.5357775688171387
recipe_metaphysics	dense_dcedilla_all	24	generated_token_1	sae_topk_jaccard_distance_vs_ascii	3	0.360655737704918	0.0	0.360655737704918	0.360655737704918
recipe_metaphysics	dense_dcedilla_all	24	generated_token_16	residual_l2_vs_ascii	3	0.8862619400024414	0.0	0.8862619400024414	0.8862619400024414
recipe_metaphysics	dense_dcedilla_all	24	generated_token_16	sae_topk_jaccard_distance_vs_ascii	3	0.30508474576271183	0.0	0.30508474576271183	0.30508474576271183
recipe_metaphysics	dense_dcedilla_all	24	generated_token_32	residual_l2_vs_ascii	3	6.138105869293213	0.0	6.138105869293213	6.138105869293213
recipe_metaphysics	dense_dcedilla_all	24	generated_token_32	sae_topk_jaccard_distance_vs_ascii	3	0.98989898989899	0.0	0.98989898989899	0.98989898989899
recipe_metaphysics	dense_dcedilla_all	24	generated_token_64	residual_l2_vs_ascii	3	5.825153827667236	0.0	5.825153827667236	5.825153827667236
recipe_metaphysics	dense_dcedilla_all	24	generated_token_64	sae_topk_jaccard_distance_vs_ascii	3	0.9361702127659575	0.0	0.9361702127659575	0.9361702127659575
recipe_metaphysics	dense_dcedilla_all	24	generated_token_8	residual_l2_vs_ascii	3	0.6376385688781738	0.0	0.6376385688781738	0.6376385688781738
recipe_metaphysics	dense_dcedilla_all	24	generated_token_8	sae_topk_jaccard_distance_vs_ascii	3	0.2142857142857143	0.0	0.2142857142857143	0.2142857142857143
recipe_metaphysics	dense_dcedilla_all	25	final_prompt_token	residual_l2_vs_ascii	3	1.540444016456604	0.0	1.540444016456604	1.540444016456604
recipe_metaphysics	dense_dcedilla_all	25	final_prompt_token	sae_topk_jaccard_distance_vs_ascii	3	0.3333333333333333	5.551115123125783e-17	0.33333333333333337	0.33333333333333337
recipe_metaphysics	dense_dcedilla_all	25	generated_token_1	residual_l2_vs_ascii	3	1.5698448419570923	0.0	1.5698448419570923	1.5698448419570923
recipe_metaphysics	dense_dcedilla_all	25	generated_token_1	sae_topk_jaccard_distance_vs_ascii	3	0.4375	0.0	0.4375	0.4375
recipe_metaphysics	dense_dcedilla_all	25	generated_token_16	residual_l2_vs_ascii	3	0.9257271885871887	0.0	0.9257271885871887	0.9257271885871887
recipe_metaphysics	dense_dcedilla_all	25	generated_token_16	sae_topk_jaccard_distance_vs_ascii	3	0.18181818181818177	0.0	0.18181818181818177	0.18181818181818177
recipe_metaphysics	dense_dcedilla_all	25	generated_token_32	residual_l2_vs_ascii	3	6.284848690032959	0.0	6.284848690032959	6.284848690032959
recipe_metaphysics	dense_dcedilla_all	25	generated_token_32	sae_topk_jaccard_distance_vs_ascii	3	0.9690721649484536	0.0	0.9690721649484536	0.9690721649484536
recipe_metaphysics	dense_dcedilla_all	25	generated_token_64	residual_l2_vs_ascii	3	6.132596492767334	0.0	6.132596492767334	6.132596492767334
recipe_metaphysics	dense_dcedilla_all	25	generated_token_64	sae_topk_jaccard_distance_vs_ascii	3	0.9247311827956989	0.0	0.9247311827956989	0.9247311827956989
recipe_metaphysics	dense_dcedilla_all	25	generated_token_8	residual_l2_vs_ascii	3	0.649254322052002	0.0	0.649254322052002	0.649254322052002
recipe_metaphysics	dense_dcedilla_all	25	generated_token_8	sae_topk_jaccard_distance_vs_ascii	3	0.1132075471698113	0.0	0.1132075471698113	0.1132075471698113
recipe_metaphysics	dense_dcedilla_all	26	final_prompt_token	residual_l2_vs_ascii	3	1.6408705711364746	0.0	1.6408705711364746	1.6408705711364746
recipe_metaphysics	dense_dcedilla_all	26	final_prompt_token	sae_topk_jaccard_distance_vs_ascii	3	0.5074626865671642	0.0	0.5074626865671642	0.5074626865671642
recipe_metaphysics	dense_dcedilla_all	26	generated_token_1	residual_l2_vs_ascii	3	1.634363055229187	0.0	1.634363055229187	1.634363055229187
recipe_metaphysics	dense_dcedilla_all	26	generated_token_1	sae_topk_jaccard_distance_vs_ascii	3	0.41269841269841273	5.551115123125783e-17	0.4126984126984127	0.4126984126984127
recipe_metaphysics	dense_dcedilla_all	26	generated_token_16	residual_l2_vs_ascii	3	0.9000428915023804	0.0	0.9000428915023804	0.9000428915023804
recipe_metaphysics	dense_dcedilla_all	26	generated_token_16	sae_topk_jaccard_distance_vs_ascii	3	0.360655737704918	0.0	0.360655737704918	0.360655737704918
recipe_metaphysics	dense_dcedilla_all	26	generated_token_32	residual_l2_vs_ascii	3	6.648988246917725	0.0	6.648988246917725	6.648988246917725
recipe_metaphysics	dense_dcedilla_all	26	generated_token_32	sae_topk_jaccard_distance_vs_ascii	3	0.98989898989899	0.0	0.98989898989899	0.98989898989899
recipe_metaphysics	dense_dcedilla_all	26	generated_token_64	residual_l2_vs_ascii	3	6.259058475494385	0.0	6.259058475494385	6.259058475494385
recipe_metaphysics	dense_dcedilla_all	26	generated_token_64	sae_topk_jaccard_distance_vs_ascii	3	0.9473684210526315	1.1102230246251565e-16	0.9473684210526316	0.9473684210526316
recipe_metaphysics	dense_dcedilla_all	26	generated_token_8	residual_l2_vs_ascii	3	0.6595134139060974	0.0	0.6595134139060974	0.6595134139060974
recipe_metaphysics	dense_dcedilla_all	26	generated_token_8	sae_topk_jaccard_distance_vs_ascii	3	0.14814814814814814	0.0	0.14814814814814814	0.14814814814814814
recipe_metaphysics	dense_global_mixed	14	final_prompt_token	residual_l2_vs_ascii	3	2.5513365268707275	0.0	2.5513365268707275	2.5513365268707275
recipe_metaphysics	dense_global_mixed	14	final_prompt_token	sae_topk_jaccard_distance_vs_ascii	3	0.7951807228915663	0.0	0.7951807228915663	0.7951807228915663
recipe_metaphysics	dense_global_mixed	14	generated_token_1	residual_l2_vs_ascii	3	1.9037312269210815	0.0	1.9037312269210815	1.9037312269210815
recipe_metaphysics	dense_global_mixed	14	generated_token_1	sae_topk_jaccard_distance_vs_ascii	3	0.75	0.0	0.75	0.75
recipe_metaphysics	dense_global_mixed	14	generated_token_16	residual_l2_vs_ascii	3	3.2561116218566895	0.0	3.2561116218566895	3.2561116218566895
recipe_metaphysics	dense_global_mixed	14	generated_token_16	sae_topk_jaccard_distance_vs_ascii	3	0.9690721649484536	0.0	0.9690721649484536	0.9690721649484536
recipe_metaphysics	dense_global_mixed	14	generated_token_32	residual_l2_vs_ascii	3	3.4415524005889893	0.0	3.4415524005889893	3.4415524005889893
recipe_metaphysics	dense_global_mixed	14	generated_token_32	sae_topk_jaccard_distance_vs_ascii	3	0.9795918367346937	1.1102230246251565e-16	0.9795918367346939	0.9795918367346939
recipe_metaphysics	dense_global_mixed	14	generated_token_64	residual_l2_vs_ascii	3	4.146974086761475	0.0	4.146974086761475	4.146974086761475
recipe_metaphysics	dense_global_mixed	14	generated_token_64	sae_topk_jaccard_distance_vs_ascii	3	0.98989898989899	0.0	0.98989898989899	0.98989898989899
recipe_metaphysics	dense_global_mixed	14	generated_token_8	residual_l2_vs_ascii	3	3.1013026237487793	0.0	3.1013026237487793	3.1013026237487793
recipe_metaphysics	dense_global_mixed	14	generated_token_8	sae_topk_jaccard_distance_vs_ascii	3	0.9361702127659575	0.0	0.9361702127659575	0.9361702127659575
recipe_metaphysics	dense_global_mixed	15	final_prompt_token	residual_l2_vs_ascii	3	2.5519115924835205	0.0	2.5519115924835205	2.5519115924835205
recipe_metaphysics	dense_global_mixed	15	final_prompt_token	sae_topk_jaccard_distance_vs_ascii	3	0.8372093023255814	1.1102230246251565e-16	0.8372093023255813	0.8372093023255813
recipe_metaphysics	dense_global_mixed	15	generated_token_1	residual_l2_vs_ascii	3	2.073490858078003	0.0	2.073490858078003	2.073490858078003
recipe_metaphysics	dense_global_mixed	15	generated_token_1	sae_topk_jaccard_distance_vs_ascii	3	0.7654320987654323	1.1102230246251565e-16	0.7654320987654322	0.7654320987654322
recipe_metaphysics	dense_global_mixed	15	generated_token_16	residual_l2_vs_ascii	3	3.4410951137542725	0.0	3.4410951137542725	3.4410951137542725
recipe_metaphysics	dense_global_mixed	15	generated_token_16	sae_topk_jaccard_distance_vs_ascii	3	0.98989898989899	0.0	0.98989898989899	0.98989898989899
recipe_metaphysics	dense_global_mixed	15	generated_token_32	residual_l2_vs_ascii	3	3.6303062438964844	0.0	3.6303062438964844	3.6303062438964844
recipe_metaphysics	dense_global_mixed	15	generated_token_32	sae_topk_jaccard_distance_vs_ascii	3	0.9690721649484536	0.0	0.9690721649484536	0.9690721649484536
recipe_metaphysics	dense_global_mixed	15	generated_token_64	residual_l2_vs_ascii	3	4.488923072814941	0.0	4.488923072814941	4.488923072814941
recipe_metaphysics	dense_global_mixed	15	generated_token_64	sae_topk_jaccard_distance_vs_ascii	3	0.98989898989899	0.0	0.98989898989899	0.98989898989899
recipe_metaphysics	dense_global_mixed	15	generated_token_8	residual_l2_vs_ascii	3	3.462615966796875	0.0	3.462615966796875	3.462615966796875
recipe_metaphysics	dense_global_mixed	15	generated_token_8	sae_topk_jaccard_distance_vs_ascii	3	0.9473684210526315	1.1102230246251565e-16	0.9473684210526316	0.9473684210526316
recipe_metaphysics	dense_global_mixed	16	final_prompt_token	residual_l2_vs_ascii	3	2.5906271934509277	0.0	2.5906271934509277	2.5906271934509277
recipe_metaphysics	dense_global_mixed	16	final_prompt_token	sae_topk_jaccard_distance_vs_ascii	3	0.7012987012987013	0.0	0.7012987012987013	0.7012987012987013
recipe_metaphysics	dense_global_mixed	16	generated_token_1	residual_l2_vs_ascii	3	2.0471198558807373	0.0	2.0471198558807373	2.0471198558807373
recipe_metaphysics	dense_global_mixed	16	generated_token_1	sae_topk_jaccard_distance_vs_ascii	3	0.7654320987654323	1.1102230246251565e-16	0.7654320987654322	0.7654320987654322
recipe_metaphysics	dense_global_mixed	16	generated_token_16	residual_l2_vs_ascii	3	3.502889633178711	0.0	3.502889633178711	3.502889633178711
recipe_metaphysics	dense_global_mixed	16	generated_token_16	sae_topk_jaccard_distance_vs_ascii	3	0.9690721649484536	0.0	0.9690721649484536	0.9690721649484536
recipe_metaphysics	dense_global_mixed	16	generated_token_32	residual_l2_vs_ascii	3	3.7966065406799316	0.0	3.7966065406799316	3.7966065406799316
recipe_metaphysics	dense_global_mixed	16	generated_token_32	sae_topk_jaccard_distance_vs_ascii	3	0.9473684210526315	1.1102230246251565e-16	0.9473684210526316	0.9473684210526316
recipe_metaphysics	dense_global_mixed	16	generated_token_64	residual_l2_vs_ascii	3	4.612758636474609	0.0	4.612758636474609	4.612758636474609
recipe_metaphysics	dense_global_mixed	16	generated_token_64	sae_topk_jaccard_distance_vs_ascii	3	0.9795918367346937	1.1102230246251565e-16	0.9795918367346939	0.9795918367346939
recipe_metaphysics	dense_global_mixed	16	generated_token_8	residual_l2_vs_ascii	3	3.6146347522735596	0.0	3.6146347522735596	3.6146347522735596
recipe_metaphysics	dense_global_mixed	16	generated_token_8	sae_topk_jaccard_distance_vs_ascii	3	0.9473684210526315	1.1102230246251565e-16	0.9473684210526316	0.9473684210526316
recipe_metaphysics	dense_global_mixed	24	final_prompt_token	residual_l2_vs_ascii	3	3.022047758102417	0.0	3.022047758102417	3.022047758102417
recipe_metaphysics	dense_global_mixed	24	final_prompt_token	sae_topk_jaccard_distance_vs_ascii	3	0.7341772151898734	0.0	0.7341772151898734	0.7341772151898734
recipe_metaphysics	dense_global_mixed	24	generated_token_1	residual_l2_vs_ascii	3	2.4246551990509033	0.0	2.4246551990509033	2.4246551990509033
recipe_metaphysics	dense_global_mixed	24	generated_token_1	sae_topk_jaccard_distance_vs_ascii	3	0.75	0.0	0.75	0.75
recipe_metaphysics	dense_global_mixed	24	generated_token_16	residual_l2_vs_ascii	3	5.1991801261901855	0.0	5.1991801261901855	5.1991801261901855
recipe_metaphysics	dense_global_mixed	24	generated_token_16	sae_topk_jaccard_distance_vs_ascii	3	0.9795918367346937	1.1102230246251565e-16	0.9795918367346939	0.9795918367346939
recipe_metaphysics	dense_global_mixed	24	generated_token_32	residual_l2_vs_ascii	3	6.303815841674805	0.0	6.303815841674805	6.303815841674805
recipe_metaphysics	dense_global_mixed	24	generated_token_32	sae_topk_jaccard_distance_vs_ascii	3	0.9795918367346937	1.1102230246251565e-16	0.9795918367346939	0.9795918367346939
recipe_metaphysics	dense_global_mixed	24	generated_token_64	residual_l2_vs_ascii	3	6.420787811279297	0.0	6.420787811279297	6.420787811279297
recipe_metaphysics	dense_global_mixed	24	generated_token_64	sae_topk_jaccard_distance_vs_ascii	3	0.9795918367346937	1.1102230246251565e-16	0.9795918367346939	0.9795918367346939
recipe_metaphysics	dense_global_mixed	24	generated_token_8	residual_l2_vs_ascii	3	5.354805946350098	0.0	5.354805946350098	5.354805946350098
recipe_metaphysics	dense_global_mixed	24	generated_token_8	sae_topk_jaccard_distance_vs_ascii	3	0.9795918367346937	1.1102230246251565e-16	0.9795918367346939	0.9795918367346939
recipe_metaphysics	dense_global_mixed	25	final_prompt_token	residual_l2_vs_ascii	3	3.2086193561553955	0.0	3.2086193561553955	3.2086193561553955
recipe_metaphysics	dense_global_mixed	25	final_prompt_token	sae_topk_jaccard_distance_vs_ascii	3	0.7012987012987013	0.0	0.7012987012987013	0.7012987012987013
recipe_metaphysics	dense_global_mixed	25	generated_token_1	residual_l2_vs_ascii	3	2.4800751209259033	0.0	2.4800751209259033	2.4800751209259033
recipe_metaphysics	dense_global_mixed	25	generated_token_1	sae_topk_jaccard_distance_vs_ascii	3	0.6301369863013699	0.0	0.6301369863013699	0.6301369863013699
recipe_metaphysics	dense_global_mixed	25	generated_token_16	residual_l2_vs_ascii	3	5.493534564971924	0.0	5.493534564971924	5.493534564971924
recipe_metaphysics	dense_global_mixed	25	generated_token_16	sae_topk_jaccard_distance_vs_ascii	3	0.9473684210526315	1.1102230246251565e-16	0.9473684210526316	0.9473684210526316
recipe_metaphysics	dense_global_mixed	25	generated_token_32	residual_l2_vs_ascii	3	6.461061000823975	0.0	6.461061000823975	6.461061000823975
recipe_metaphysics	dense_global_mixed	25	generated_token_32	sae_topk_jaccard_distance_vs_ascii	3	0.9690721649484536	0.0	0.9690721649484536	0.9690721649484536
recipe_metaphysics	dense_global_mixed	25	generated_token_64	residual_l2_vs_ascii	3	6.745453834533691	0.0	6.745453834533691	6.745453834533691
recipe_metaphysics	dense_global_mixed	25	generated_token_64	sae_topk_jaccard_distance_vs_ascii	3	0.9690721649484536	0.0	0.9690721649484536	0.9690721649484536
recipe_metaphysics	dense_global_mixed	25	generated_token_8	residual_l2_vs_ascii	3	5.496417999267578	0.0	5.496417999267578	5.496417999267578
recipe_metaphysics	dense_global_mixed	25	generated_token_8	sae_topk_jaccard_distance_vs_ascii	3	0.9583333333333334	0.0	0.9583333333333334	0.9583333333333334
recipe_metaphysics	dense_global_mixed	26	final_prompt_token	residual_l2_vs_ascii	3	3.417768955230713	0.0	3.417768955230713	3.417768955230713
recipe_metaphysics	dense_global_mixed	26	final_prompt_token	sae_topk_jaccard_distance_vs_ascii	3	0.717948717948718	0.0	0.717948717948718	0.717948717948718
recipe_metaphysics	dense_global_mixed	26	generated_token_1	residual_l2_vs_ascii	3	2.5461268424987793	0.0	2.5461268424987793	2.5461268424987793
recipe_metaphysics	dense_global_mixed	26	generated_token_1	sae_topk_jaccard_distance_vs_ascii	3	0.6486486486486487	0.0	0.6486486486486487	0.6486486486486487
recipe_metaphysics	dense_global_mixed	26	generated_token_16	residual_l2_vs_ascii	3	5.554826736450195	0.0	5.554826736450195	5.554826736450195
recipe_metaphysics	dense_global_mixed	26	generated_token_16	sae_topk_jaccard_distance_vs_ascii	3	0.9795918367346937	1.1102230246251565e-16	0.9795918367346939	0.9795918367346939
recipe_metaphysics	dense_global_mixed	26	generated_token_32	residual_l2_vs_ascii	3	6.556899070739746	0.0	6.556899070739746	6.556899070739746
recipe_metaphysics	dense_global_mixed	26	generated_token_32	sae_topk_jaccard_distance_vs_ascii	3	0.9690721649484536	0.0	0.9690721649484536	0.9690721649484536
recipe_metaphysics	dense_global_mixed	26	generated_token_64	residual_l2_vs_ascii	3	6.808643817901611	0.0	6.808643817901611	6.808643817901611
recipe_metaphysics	dense_global_mixed	26	generated_token_64	sae_topk_jaccard_distance_vs_ascii	3	0.9690721649484536	0.0	0.9690721649484536	0.9690721649484536
recipe_metaphysics	dense_global_mixed	26	generated_token_8	residual_l2_vs_ascii	3	5.959550380706787	0.0	5.959550380706787	5.959550380706787
recipe_metaphysics	dense_global_mixed	26	generated_token_8	sae_topk_jaccard_distance_vs_ascii	3	0.9583333333333334	0.0	0.9583333333333334	0.9583333333333334
recipe_metaphysics	light_global_mixed	14	final_prompt_token	residual_l2_vs_ascii	3	1.3392173051834106	0.0	1.3392173051834106	1.3392173051834106
recipe_metaphysics	light_global_mixed	14	final_prompt_token	sae_topk_jaccard_distance_vs_ascii	3	0.4375	0.0	0.4375	0.4375
recipe_metaphysics	light_global_mixed	14	generated_token_1	residual_l2_vs_ascii	3	1.0940492153167725	0.0	1.0940492153167725	1.0940492153167725
recipe_metaphysics	light_global_mixed	14	generated_token_1	sae_topk_jaccard_distance_vs_ascii	3	0.5915492957746479	0.0	0.5915492957746479	0.5915492957746479
recipe_metaphysics	light_global_mixed	14	generated_token_16	residual_l2_vs_ascii	3	0.8039177656173706	0.0	0.8039177656173706	0.8039177656173706
recipe_metaphysics	light_global_mixed	14	generated_token_16	sae_topk_jaccard_distance_vs_ascii	3	0.41269841269841273	5.551115123125783e-17	0.4126984126984127	0.4126984126984127
recipe_metaphysics	light_global_mixed	14	generated_token_32	residual_l2_vs_ascii	3	4.10560417175293	0.0	4.10560417175293	4.10560417175293
recipe_metaphysics	light_global_mixed	14	generated_token_32	sae_topk_jaccard_distance_vs_ascii	3	0.98989898989899	0.0	0.98989898989899	0.98989898989899
recipe_metaphysics	light_global_mixed	14	generated_token_64	residual_l2_vs_ascii	3	2.990917205810547	0.0	2.990917205810547	2.990917205810547
recipe_metaphysics	light_global_mixed	14	generated_token_64	sae_topk_jaccard_distance_vs_ascii	3	0.9247311827956989	0.0	0.9247311827956989	0.9247311827956989
recipe_metaphysics	light_global_mixed	14	generated_token_8	residual_l2_vs_ascii	3	0.5197637677192688	0.0	0.5197637677192688	0.5197637677192688
recipe_metaphysics	light_global_mixed	14	generated_token_8	sae_topk_jaccard_distance_vs_ascii	3	0.18181818181818177	0.0	0.18181818181818177	0.18181818181818177
recipe_metaphysics	light_global_mixed	15	final_prompt_token	residual_l2_vs_ascii	3	1.395552158355713	0.0	1.395552158355713	1.395552158355713
recipe_metaphysics	light_global_mixed	15	final_prompt_token	sae_topk_jaccard_distance_vs_ascii	3	0.4375	0.0	0.4375	0.4375
recipe_metaphysics	light_global_mixed	15	generated_token_1	residual_l2_vs_ascii	3	1.2677549123764038	0.0	1.2677549123764038	1.2677549123764038
recipe_metaphysics	light_global_mixed	15	generated_token_1	sae_topk_jaccard_distance_vs_ascii	3	0.5714285714285714	0.0	0.5714285714285714	0.5714285714285714
recipe_metaphysics	light_global_mixed	15	generated_token_16	residual_l2_vs_ascii	3	0.9369636178016663	0.0	0.9369636178016663	0.9369636178016663
recipe_metaphysics	light_global_mixed	15	generated_token_16	sae_topk_jaccard_distance_vs_ascii	3	0.4615384615384615	5.551115123125783e-17	0.46153846153846156	0.46153846153846156
recipe_metaphysics	light_global_mixed	15	generated_token_32	residual_l2_vs_ascii	3	4.335731029510498	0.0	4.335731029510498	4.335731029510498
recipe_metaphysics	light_global_mixed	15	generated_token_32	sae_topk_jaccard_distance_vs_ascii	3	0.9795918367346937	1.1102230246251565e-16	0.9795918367346939	0.9795918367346939
recipe_metaphysics	light_global_mixed	15	generated_token_64	residual_l2_vs_ascii	3	3.262110710144043	0.0	3.262110710144043	3.262110710144043
recipe_metaphysics	light_global_mixed	15	generated_token_64	sae_topk_jaccard_distance_vs_ascii	3	0.9583333333333334	0.0	0.9583333333333334	0.9583333333333334
recipe_metaphysics	light_global_mixed	15	generated_token_8	residual_l2_vs_ascii	3	0.6189135313034058	0.0	0.6189135313034058	0.6189135313034058
recipe_metaphysics	light_global_mixed	15	generated_token_8	sae_topk_jaccard_distance_vs_ascii	3	0.14814814814814814	0.0	0.14814814814814814	0.14814814814814814
recipe_metaphysics	light_global_mixed	16	final_prompt_token	residual_l2_vs_ascii	3	1.4409373998641968	0.0	1.4409373998641968	1.4409373998641968
recipe_metaphysics	light_global_mixed	16	final_prompt_token	sae_topk_jaccard_distance_vs_ascii	3	0.4615384615384615	5.551115123125783e-17	0.46153846153846156	0.46153846153846156
recipe_metaphysics	light_global_mixed	16	generated_token_1	residual_l2_vs_ascii	3	1.3035988807678223	0.0	1.3035988807678223	1.3035988807678223
recipe_metaphysics	light_global_mixed	16	generated_token_1	sae_topk_jaccard_distance_vs_ascii	3	0.5294117647058824	0.0	0.5294117647058824	0.5294117647058824
recipe_metaphysics	light_global_mixed	16	generated_token_16	residual_l2_vs_ascii	3	0.9765412211418152	0.0	0.9765412211418152	0.9765412211418152
recipe_metaphysics	light_global_mixed	16	generated_token_16	sae_topk_jaccard_distance_vs_ascii	3	0.3870967741935483	5.551115123125783e-17	0.3870967741935484	0.3870967741935484
recipe_metaphysics	light_global_mixed	16	generated_token_32	residual_l2_vs_ascii	3	4.629730701446533	0.0	4.629730701446533	4.629730701446533
recipe_metaphysics	light_global_mixed	16	generated_token_32	sae_topk_jaccard_distance_vs_ascii	3	0.9795918367346937	1.1102230246251565e-16	0.9795918367346939	0.9795918367346939
recipe_metaphysics	light_global_mixed	16	generated_token_64	residual_l2_vs_ascii	3	3.4646694660186768	0.0	3.4646694660186768	3.4646694660186768
recipe_metaphysics	light_global_mixed	16	generated_token_64	sae_topk_jaccard_distance_vs_ascii	3	0.9690721649484536	0.0	0.9690721649484536	0.9690721649484536
recipe_metaphysics	light_global_mixed	16	generated_token_8	residual_l2_vs_ascii	3	0.631869912147522	0.0	0.631869912147522	0.631869912147522
recipe_metaphysics	light_global_mixed	16	generated_token_8	sae_topk_jaccard_distance_vs_ascii	3	0.18181818181818177	0.0	0.18181818181818177	0.18181818181818177
recipe_metaphysics	light_global_mixed	24	final_prompt_token	residual_l2_vs_ascii	3	1.7966222763061523	0.0	1.7966222763061523	1.7966222763061523
recipe_metaphysics	light_global_mixed	24	final_prompt_token	sae_topk_jaccard_distance_vs_ascii	3	0.48484848484848486	0.0	0.48484848484848486	0.48484848484848486
recipe_metaphysics	light_global_mixed	24	generated_token_1	residual_l2_vs_ascii	3	1.9237104654312134	0.0	1.9237104654312134	1.9237104654312134
recipe_metaphysics	light_global_mixed	24	generated_token_1	sae_topk_jaccard_distance_vs_ascii	3	0.5294117647058824	0.0	0.5294117647058824	0.5294117647058824
recipe_metaphysics	light_global_mixed	24	generated_token_16	residual_l2_vs_ascii	3	1.252162218093872	0.0	1.252162218093872	1.252162218093872
recipe_metaphysics	light_global_mixed	24	generated_token_16	sae_topk_jaccard_distance_vs_ascii	3	0.360655737704918	0.0	0.360655737704918	0.360655737704918
recipe_metaphysics	light_global_mixed	24	generated_token_32	residual_l2_vs_ascii	3	6.404115676879883	0.0	6.404115676879883	6.404115676879883
recipe_metaphysics	light_global_mixed	24	generated_token_32	sae_topk_jaccard_distance_vs_ascii	3	0.9795918367346937	1.1102230246251565e-16	0.9795918367346939	0.9795918367346939
recipe_metaphysics	light_global_mixed	24	generated_token_64	residual_l2_vs_ascii	3	5.133843421936035	0.0	5.133843421936035	5.133843421936035
recipe_metaphysics	light_global_mixed	24	generated_token_64	sae_topk_jaccard_distance_vs_ascii	3	0.9690721649484536	0.0	0.9690721649484536	0.9690721649484536
recipe_metaphysics	light_global_mixed	24	generated_token_8	residual_l2_vs_ascii	3	1.0588557720184326	0.0	1.0588557720184326	1.0588557720184326
recipe_metaphysics	light_global_mixed	24	generated_token_8	sae_topk_jaccard_distance_vs_ascii	3	0.24561403508771928	0.0	0.24561403508771928	0.24561403508771928
recipe_metaphysics	light_global_mixed	25	final_prompt_token	residual_l2_vs_ascii	3	1.9444093704223633	0.0	1.9444093704223633	1.9444093704223633
recipe_metaphysics	light_global_mixed	25	final_prompt_token	sae_topk_jaccard_distance_vs_ascii	3	0.48484848484848486	0.0	0.48484848484848486	0.48484848484848486
recipe_metaphysics	light_global_mixed	25	generated_token_1	residual_l2_vs_ascii	3	1.9600701332092285	0.0	1.9600701332092285	1.9600701332092285
recipe_metaphysics	light_global_mixed	25	generated_token_1	sae_topk_jaccard_distance_vs_ascii	3	0.5294117647058824	0.0	0.5294117647058824	0.5294117647058824
recipe_metaphysics	light_global_mixed	25	generated_token_16	residual_l2_vs_ascii	3	1.3087114095687866	0.0	1.3087114095687866	1.3087114095687866
recipe_metaphysics	light_global_mixed	25	generated_token_16	sae_topk_jaccard_distance_vs_ascii	3	0.41269841269841273	5.551115123125783e-17	0.4126984126984127	0.4126984126984127
recipe_metaphysics	light_global_mixed	25	generated_token_32	residual_l2_vs_ascii	3	6.564932346343994	0.0	6.564932346343994	6.564932346343994
recipe_metaphysics	light_global_mixed	25	generated_token_32	sae_topk_jaccard_distance_vs_ascii	3	0.9583333333333334	0.0	0.9583333333333334	0.9583333333333334
recipe_metaphysics	light_global_mixed	25	generated_token_64	residual_l2_vs_ascii	3	5.4732818603515625	0.0	5.4732818603515625	5.4732818603515625
recipe_metaphysics	light_global_mixed	25	generated_token_64	sae_topk_jaccard_distance_vs_ascii	3	0.9583333333333334	0.0	0.9583333333333334	0.9583333333333334
recipe_metaphysics	light_global_mixed	25	generated_token_8	residual_l2_vs_ascii	3	1.074070692062378	0.0	1.074070692062378	1.074070692062378
recipe_metaphysics	light_global_mixed	25	generated_token_8	sae_topk_jaccard_distance_vs_ascii	3	0.2142857142857143	0.0	0.2142857142857143	0.2142857142857143
recipe_metaphysics	light_global_mixed	26	final_prompt_token	residual_l2_vs_ascii	3	2.0752151012420654	0.0	2.0752151012420654	2.0752151012420654
recipe_metaphysics	light_global_mixed	26	final_prompt_token	sae_topk_jaccard_distance_vs_ascii	3	0.5507246376811594	0.0	0.5507246376811594	0.5507246376811594
recipe_metaphysics	light_global_mixed	26	generated_token_1	residual_l2_vs_ascii	3	1.9972635507583618	0.0	1.9972635507583618	1.9972635507583618
recipe_metaphysics	light_global_mixed	26	generated_token_1	sae_topk_jaccard_distance_vs_ascii	3	0.5714285714285714	0.0	0.5714285714285714	0.5714285714285714
recipe_metaphysics	light_global_mixed	26	generated_token_16	residual_l2_vs_ascii	3	1.297587275505066	0.0	1.297587275505066	1.297587275505066
recipe_metaphysics	light_global_mixed	26	generated_token_16	sae_topk_jaccard_distance_vs_ascii	3	0.41269841269841273	5.551115123125783e-17	0.4126984126984127	0.4126984126984127
recipe_metaphysics	light_global_mixed	26	generated_token_32	residual_l2_vs_ascii	3	6.650113105773926	0.0	6.650113105773926	6.650113105773926
recipe_metaphysics	light_global_mixed	26	generated_token_32	sae_topk_jaccard_distance_vs_ascii	3	0.9795918367346937	1.1102230246251565e-16	0.9795918367346939	0.9795918367346939
recipe_metaphysics	light_global_mixed	26	generated_token_64	residual_l2_vs_ascii	3	5.622890949249268	0.0	5.622890949249268	5.622890949249268
recipe_metaphysics	light_global_mixed	26	generated_token_64	sae_topk_jaccard_distance_vs_ascii	3	0.9795918367346937	1.1102230246251565e-16	0.9795918367346939	0.9795918367346939
recipe_metaphysics	light_global_mixed	26	generated_token_8	residual_l2_vs_ascii	3	1.0674254894256592	0.0	1.0674254894256592	1.0674254894256592
recipe_metaphysics	light_global_mixed	26	generated_token_8	sae_topk_jaccard_distance_vs_ascii	3	0.2142857142857143	0.0	0.2142857142857143	0.2142857142857143
recipe_metaphysics	light_high_impact_mixed	14	final_prompt_token	residual_l2_vs_ascii	3	0.8591063022613525	0.0	0.8591063022613525	0.8591063022613525
recipe_metaphysics	light_high_impact_mixed	14	final_prompt_token	sae_topk_jaccard_distance_vs_ascii	3	0.30508474576271183	0.0	0.30508474576271183	0.30508474576271183
recipe_metaphysics	light_high_impact_mixed	14	generated_token_1	residual_l2_vs_ascii	3	0.8434614539146423	0.0	0.8434614539146423	0.8434614539146423
recipe_metaphysics	light_high_impact_mixed	14	generated_token_1	sae_topk_jaccard_distance_vs_ascii	3	0.3870967741935483	5.551115123125783e-17	0.3870967741935484	0.3870967741935484
recipe_metaphysics	light_high_impact_mixed	14	generated_token_16	residual_l2_vs_ascii	3	0.8594397306442261	0.0	0.8594397306442261	0.8594397306442261
recipe_metaphysics	light_high_impact_mixed	14	generated_token_16	sae_topk_jaccard_distance_vs_ascii	3	0.4615384615384615	5.551115123125783e-17	0.46153846153846156	0.46153846153846156
recipe_metaphysics	light_high_impact_mixed	14	generated_token_32	residual_l2_vs_ascii	3	3.6913821697235107	0.0	3.6913821697235107	3.6913821697235107
recipe_metaphysics	light_high_impact_mixed	14	generated_token_32	sae_topk_jaccard_distance_vs_ascii	3	0.9583333333333334	0.0	0.9583333333333334	0.9583333333333334
recipe_metaphysics	light_high_impact_mixed	14	generated_token_64	residual_l2_vs_ascii	3	3.709954261779785	0.0	3.709954261779785	3.709954261779785
recipe_metaphysics	light_high_impact_mixed	14	generated_token_64	sae_topk_jaccard_distance_vs_ascii	3	0.9583333333333334	0.0	0.9583333333333334	0.9583333333333334
recipe_metaphysics	light_high_impact_mixed	14	generated_token_8	residual_l2_vs_ascii	3	0.40422990918159485	0.0	0.40422990918159485	0.40422990918159485
recipe_metaphysics	light_high_impact_mixed	14	generated_token_8	sae_topk_jaccard_distance_vs_ascii	3	0.14814814814814814	0.0	0.14814814814814814	0.14814814814814814
recipe_metaphysics	light_high_impact_mixed	15	final_prompt_token	residual_l2_vs_ascii	3	0.9373336434364319	0.0	0.9373336434364319	0.9373336434364319
recipe_metaphysics	light_high_impact_mixed	15	final_prompt_token	sae_topk_jaccard_distance_vs_ascii	3	0.27586206896551724	0.0	0.27586206896551724	0.27586206896551724
recipe_metaphysics	light_high_impact_mixed	15	generated_token_1	residual_l2_vs_ascii	3	0.9380944967269897	0.0	0.9380944967269897	0.9380944967269897
recipe_metaphysics	light_high_impact_mixed	15	generated_token_1	sae_topk_jaccard_distance_vs_ascii	3	0.41269841269841273	5.551115123125783e-17	0.4126984126984127	0.4126984126984127
recipe_metaphysics	light_high_impact_mixed	15	generated_token_16	residual_l2_vs_ascii	3	0.9945616126060486	0.0	0.9945616126060486	0.9945616126060486
recipe_metaphysics	light_high_impact_mixed	15	generated_token_16	sae_topk_jaccard_distance_vs_ascii	3	0.4615384615384615	5.551115123125783e-17	0.46153846153846156	0.46153846153846156
recipe_metaphysics	light_high_impact_mixed	15	generated_token_32	residual_l2_vs_ascii	3	4.076440334320068	0.0	4.076440334320068	4.076440334320068
recipe_metaphysics	light_high_impact_mixed	15	generated_token_32	sae_topk_jaccard_distance_vs_ascii	3	0.9690721649484536	0.0	0.9690721649484536	0.9690721649484536
recipe_metaphysics	light_high_impact_mixed	15	generated_token_64	residual_l2_vs_ascii	3	4.15758752822876	0.0	4.15758752822876	4.15758752822876
recipe_metaphysics	light_high_impact_mixed	15	generated_token_64	sae_topk_jaccard_distance_vs_ascii	3	0.9690721649484536	0.0	0.9690721649484536	0.9690721649484536
recipe_metaphysics	light_high_impact_mixed	15	generated_token_8	residual_l2_vs_ascii	3	0.5182356238365173	0.0	0.5182356238365173	0.5182356238365173
recipe_metaphysics	light_high_impact_mixed	15	generated_token_8	sae_topk_jaccard_distance_vs_ascii	3	0.2142857142857143	0.0	0.2142857142857143	0.2142857142857143
recipe_metaphysics	light_high_impact_mixed	16	final_prompt_token	residual_l2_vs_ascii	3	0.9618363976478577	0.0	0.9618363976478577	0.9618363976478577
recipe_metaphysics	light_high_impact_mixed	16	final_prompt_token	sae_topk_jaccard_distance_vs_ascii	3	0.3870967741935483	5.551115123125783e-17	0.3870967741935484	0.3870967741935484
recipe_metaphysics	light_high_impact_mixed	16	generated_token_1	residual_l2_vs_ascii	3	0.9979607462882996	0.0	0.9979607462882996	0.9979607462882996
recipe_metaphysics	light_high_impact_mixed	16	generated_token_1	sae_topk_jaccard_distance_vs_ascii	3	0.5074626865671642	0.0	0.5074626865671642	0.5074626865671642
recipe_metaphysics	light_high_impact_mixed	16	generated_token_16	residual_l2_vs_ascii	3	1.0435829162597656	0.0	1.0435829162597656	1.0435829162597656
recipe_metaphysics	light_high_impact_mixed	16	generated_token_16	sae_topk_jaccard_distance_vs_ascii	3	0.3870967741935483	5.551115123125783e-17	0.3870967741935484	0.3870967741935484
recipe_metaphysics	light_high_impact_mixed	16	generated_token_32	residual_l2_vs_ascii	3	4.233016014099121	0.0	4.233016014099121	4.233016014099121
recipe_metaphysics	light_high_impact_mixed	16	generated_token_32	sae_topk_jaccard_distance_vs_ascii	3	0.9583333333333334	0.0	0.9583333333333334	0.9583333333333334
recipe_metaphysics	light_high_impact_mixed	16	generated_token_64	residual_l2_vs_ascii	3	4.397825241088867	0.0	4.397825241088867	4.397825241088867
recipe_metaphysics	light_high_impact_mixed	16	generated_token_64	sae_topk_jaccard_distance_vs_ascii	3	0.9473684210526315	1.1102230246251565e-16	0.9473684210526316	0.9473684210526316
recipe_metaphysics	light_high_impact_mixed	16	generated_token_8	residual_l2_vs_ascii	3	0.5193195939064026	0.0	0.5193195939064026	0.5193195939064026
recipe_metaphysics	light_high_impact_mixed	16	generated_token_8	sae_topk_jaccard_distance_vs_ascii	3	0.27586206896551724	0.0	0.27586206896551724	0.27586206896551724
recipe_metaphysics	light_high_impact_mixed	24	final_prompt_token	residual_l2_vs_ascii	3	1.1365801095962524	0.0	1.1365801095962524	1.1365801095962524
recipe_metaphysics	light_high_impact_mixed	24	final_prompt_token	sae_topk_jaccard_distance_vs_ascii	3	0.2142857142857143	0.0	0.2142857142857143	0.2142857142857143
recipe_metaphysics	light_high_impact_mixed	24	generated_token_1	residual_l2_vs_ascii	3	1.2918254137039185	0.0	1.2918254137039185	1.2918254137039185
recipe_metaphysics	light_high_impact_mixed	24	generated_token_1	sae_topk_jaccard_distance_vs_ascii	3	0.30508474576271183	0.0	0.30508474576271183	0.30508474576271183
recipe_metaphysics	light_high_impact_mixed	24	generated_token_16	residual_l2_vs_ascii	3	1.4641999006271362	0.0	1.4641999006271362	1.4641999006271362
recipe_metaphysics	light_high_impact_mixed	24	generated_token_16	sae_topk_jaccard_distance_vs_ascii	3	0.41269841269841273	5.551115123125783e-17	0.4126984126984127	0.4126984126984127
recipe_metaphysics	light_high_impact_mixed	24	generated_token_32	residual_l2_vs_ascii	3	6.245423793792725	0.0	6.245423793792725	6.245423793792725
recipe_metaphysics	light_high_impact_mixed	24	generated_token_32	sae_topk_jaccard_distance_vs_ascii	3	0.9473684210526315	1.1102230246251565e-16	0.9473684210526316	0.9473684210526316
recipe_metaphysics	light_high_impact_mixed	24	generated_token_64	residual_l2_vs_ascii	3	5.9566731452941895	0.0	5.9566731452941895	5.9566731452941895
recipe_metaphysics	light_high_impact_mixed	24	generated_token_64	sae_topk_jaccard_distance_vs_ascii	3	0.9473684210526315	1.1102230246251565e-16	0.9473684210526316	0.9473684210526316
recipe_metaphysics	light_high_impact_mixed	24	generated_token_8	residual_l2_vs_ascii	3	0.9003860354423523	0.0	0.9003860354423523	0.9003860354423523
recipe_metaphysics	light_high_impact_mixed	24	generated_token_8	sae_topk_jaccard_distance_vs_ascii	3	0.2142857142857143	0.0	0.2142857142857143	0.2142857142857143
recipe_metaphysics	light_high_impact_mixed	25	final_prompt_token	residual_l2_vs_ascii	3	1.2080057859420776	0.0	1.2080057859420776	1.2080057859420776
recipe_metaphysics	light_high_impact_mixed	25	final_prompt_token	sae_topk_jaccard_distance_vs_ascii	3	0.3333333333333333	5.551115123125783e-17	0.33333333333333337	0.33333333333333337
recipe_metaphysics	light_high_impact_mixed	25	generated_token_1	residual_l2_vs_ascii	3	1.315018653869629	0.0	1.315018653869629	1.315018653869629
recipe_metaphysics	light_high_impact_mixed	25	generated_token_1	sae_topk_jaccard_distance_vs_ascii	3	0.41269841269841273	5.551115123125783e-17	0.4126984126984127	0.4126984126984127
recipe_metaphysics	light_high_impact_mixed	25	generated_token_16	residual_l2_vs_ascii	3	1.5562150478363037	0.0	1.5562150478363037	1.5562150478363037
recipe_metaphysics	light_high_impact_mixed	25	generated_token_16	sae_topk_jaccard_distance_vs_ascii	3	0.5074626865671642	0.0	0.5074626865671642	0.5074626865671642
recipe_metaphysics	light_high_impact_mixed	25	generated_token_32	residual_l2_vs_ascii	3	6.406827449798584	0.0	6.406827449798584	6.406827449798584
recipe_metaphysics	light_high_impact_mixed	25	generated_token_32	sae_topk_jaccard_distance_vs_ascii	3	0.9690721649484536	0.0	0.9690721649484536	0.9690721649484536
recipe_metaphysics	light_high_impact_mixed	25	generated_token_64	residual_l2_vs_ascii	3	6.156825542449951	0.0	6.156825542449951	6.156825542449951
recipe_metaphysics	light_high_impact_mixed	25	generated_token_64	sae_topk_jaccard_distance_vs_ascii	3	0.9473684210526315	1.1102230246251565e-16	0.9473684210526316	0.9473684210526316
recipe_metaphysics	light_high_impact_mixed	25	generated_token_8	residual_l2_vs_ascii	3	0.9829403162002563	0.0	0.9829403162002563	0.9829403162002563
recipe_metaphysics	light_high_impact_mixed	25	generated_token_8	sae_topk_jaccard_distance_vs_ascii	3	0.30508474576271183	0.0	0.30508474576271183	0.30508474576271183
recipe_metaphysics	light_high_impact_mixed	26	final_prompt_token	residual_l2_vs_ascii	3	1.276824712753296	0.0	1.276824712753296	1.276824712753296
recipe_metaphysics	light_high_impact_mixed	26	final_prompt_token	sae_topk_jaccard_distance_vs_ascii	3	0.3333333333333333	5.551115123125783e-17	0.33333333333333337	0.33333333333333337
recipe_metaphysics	light_high_impact_mixed	26	generated_token_1	residual_l2_vs_ascii	3	1.3462395668029785	0.0	1.3462395668029785	1.3462395668029785
recipe_metaphysics	light_high_impact_mixed	26	generated_token_1	sae_topk_jaccard_distance_vs_ascii	3	0.3870967741935483	5.551115123125783e-17	0.3870967741935484	0.3870967741935484
recipe_metaphysics	light_high_impact_mixed	26	generated_token_16	residual_l2_vs_ascii	3	1.512192726135254	0.0	1.512192726135254	1.512192726135254
recipe_metaphysics	light_high_impact_mixed	26	generated_token_16	sae_topk_jaccard_distance_vs_ascii	3	0.4615384615384615	5.551115123125783e-17	0.46153846153846156	0.46153846153846156
recipe_metaphysics	light_high_impact_mixed	26	generated_token_32	residual_l2_vs_ascii	3	6.559396743774414	0.0	6.559396743774414	6.559396743774414
recipe_metaphysics	light_high_impact_mixed	26	generated_token_32	sae_topk_jaccard_distance_vs_ascii	3	0.9690721649484536	0.0	0.9690721649484536	0.9690721649484536
recipe_metaphysics	light_high_impact_mixed	26	generated_token_64	residual_l2_vs_ascii	3	6.150360107421875	0.0	6.150360107421875	6.150360107421875
recipe_metaphysics	light_high_impact_mixed	26	generated_token_64	sae_topk_jaccard_distance_vs_ascii	3	0.9247311827956989	0.0	0.9247311827956989	0.9247311827956989
recipe_metaphysics	light_high_impact_mixed	26	generated_token_8	residual_l2_vs_ascii	3	1.0025429725646973	0.0	1.0025429725646973	1.0025429725646973
recipe_metaphysics	light_high_impact_mixed	26	generated_token_8	sae_topk_jaccard_distance_vs_ascii	3	0.27586206896551724	0.0	0.27586206896551724	0.27586206896551724
recipe_metaphysics	semantic_shuffle_control	14	final_prompt_token	residual_l2_vs_ascii	3	2.482156753540039	0.0	2.482156753540039	2.482156753540039
recipe_metaphysics	semantic_shuffle_control	14	final_prompt_token	sae_topk_jaccard_distance_vs_ascii	3	0.823529411764706	1.1102230246251565e-16	0.8235294117647058	0.8235294117647058
recipe_metaphysics	semantic_shuffle_control	14	generated_token_1	residual_l2_vs_ascii	3	0.7282593846321106	0.0	0.7282593846321106	0.7282593846321106
recipe_metaphysics	semantic_shuffle_control	14	generated_token_1	sae_topk_jaccard_distance_vs_ascii	3	0.360655737704918	0.0	0.360655737704918	0.360655737704918
recipe_metaphysics	semantic_shuffle_control	14	generated_token_16	residual_l2_vs_ascii	3	0.280734121799469	0.0	0.280734121799469	0.280734121799469
recipe_metaphysics	semantic_shuffle_control	14	generated_token_16	sae_topk_jaccard_distance_vs_ascii	3	0.14814814814814814	0.0	0.14814814814814814	0.14814814814814814
recipe_metaphysics	semantic_shuffle_control	14	generated_token_32	residual_l2_vs_ascii	3	0.19082577526569366	0.0	0.19082577526569366	0.19082577526569366
recipe_metaphysics	semantic_shuffle_control	14	generated_token_32	sae_topk_jaccard_distance_vs_ascii	3	0.1132075471698113	0.0	0.1132075471698113	0.1132075471698113
recipe_metaphysics	semantic_shuffle_control	14	generated_token_64	residual_l2_vs_ascii	3	3.6157031059265137	0.0	3.6157031059265137	3.6157031059265137
recipe_metaphysics	semantic_shuffle_control	14	generated_token_64	sae_topk_jaccard_distance_vs_ascii	3	0.9473684210526315	1.1102230246251565e-16	0.9473684210526316	0.9473684210526316
recipe_metaphysics	semantic_shuffle_control	14	generated_token_8	residual_l2_vs_ascii	3	0.1607847809791565	0.0	0.1607847809791565	0.1607847809791565
recipe_metaphysics	semantic_shuffle_control	14	generated_token_8	sae_topk_jaccard_distance_vs_ascii	3	0.1132075471698113	0.0	0.1132075471698113	0.1132075471698113
recipe_metaphysics	semantic_shuffle_control	15	final_prompt_token	residual_l2_vs_ascii	3	2.5517055988311768	0.0	2.5517055988311768	2.5517055988311768
recipe_metaphysics	semantic_shuffle_control	15	final_prompt_token	sae_topk_jaccard_distance_vs_ascii	3	0.8505747126436781	0.0	0.8505747126436781	0.8505747126436781
recipe_metaphysics	semantic_shuffle_control	15	generated_token_1	residual_l2_vs_ascii	3	0.7360053658485413	0.0	0.7360053658485413	0.7360053658485413
recipe_metaphysics	semantic_shuffle_control	15	generated_token_1	sae_topk_jaccard_distance_vs_ascii	3	0.3333333333333333	5.551115123125783e-17	0.33333333333333337	0.33333333333333337
recipe_metaphysics	semantic_shuffle_control	15	generated_token_16	residual_l2_vs_ascii	3	0.39180439710617065	0.0	0.39180439710617065	0.39180439710617065
recipe_metaphysics	semantic_shuffle_control	15	generated_token_16	sae_topk_jaccard_distance_vs_ascii	3	0.18181818181818177	0.0	0.18181818181818177	0.18181818181818177
recipe_metaphysics	semantic_shuffle_control	15	generated_token_32	residual_l2_vs_ascii	3	0.31061261892318726	0.0	0.31061261892318726	0.31061261892318726
recipe_metaphysics	semantic_shuffle_control	15	generated_token_32	sae_topk_jaccard_distance_vs_ascii	3	0.1132075471698113	0.0	0.1132075471698113	0.1132075471698113
recipe_metaphysics	semantic_shuffle_control	15	generated_token_64	residual_l2_vs_ascii	3	4.052210807800293	0.0	4.052210807800293	4.052210807800293
recipe_metaphysics	semantic_shuffle_control	15	generated_token_64	sae_topk_jaccard_distance_vs_ascii	3	0.9795918367346937	1.1102230246251565e-16	0.9795918367346939	0.9795918367346939
recipe_metaphysics	semantic_shuffle_control	15	generated_token_8	residual_l2_vs_ascii	3	0.36707839369773865	0.0	0.36707839369773865	0.36707839369773865
recipe_metaphysics	semantic_shuffle_control	15	generated_token_8	sae_topk_jaccard_distance_vs_ascii	3	0.24561403508771928	0.0	0.24561403508771928	0.24561403508771928
recipe_metaphysics	semantic_shuffle_control	16	final_prompt_token	residual_l2_vs_ascii	3	2.6111814975738525	0.0	2.6111814975738525	2.6111814975738525
recipe_metaphysics	semantic_shuffle_control	16	final_prompt_token	sae_topk_jaccard_distance_vs_ascii	3	0.8095238095238096	1.1102230246251565e-16	0.8095238095238095	0.8095238095238095
recipe_metaphysics	semantic_shuffle_control	16	generated_token_1	residual_l2_vs_ascii	3	0.7436389923095703	0.0	0.7436389923095703	0.7436389923095703
recipe_metaphysics	semantic_shuffle_control	16	generated_token_1	sae_topk_jaccard_distance_vs_ascii	3	0.360655737704918	0.0	0.360655737704918	0.360655737704918
recipe_metaphysics	semantic_shuffle_control	16	generated_token_16	residual_l2_vs_ascii	3	0.4248743951320648	0.0	0.4248743951320648	0.4248743951320648
recipe_metaphysics	semantic_shuffle_control	16	generated_token_16	sae_topk_jaccard_distance_vs_ascii	3	0.18181818181818177	0.0	0.18181818181818177	0.18181818181818177
recipe_metaphysics	semantic_shuffle_control	16	generated_token_32	residual_l2_vs_ascii	3	0.326323926448822	0.0	0.326323926448822	0.326323926448822
recipe_metaphysics	semantic_shuffle_control	16	generated_token_32	sae_topk_jaccard_distance_vs_ascii	3	0.18181818181818177	0.0	0.18181818181818177	0.18181818181818177
recipe_metaphysics	semantic_shuffle_control	16	generated_token_64	residual_l2_vs_ascii	3	4.293715000152588	0.0	4.293715000152588	4.293715000152588
recipe_metaphysics	semantic_shuffle_control	16	generated_token_64	sae_topk_jaccard_distance_vs_ascii	3	0.9690721649484536	0.0	0.9690721649484536	0.9690721649484536
recipe_metaphysics	semantic_shuffle_control	16	generated_token_8	residual_l2_vs_ascii	3	0.36961138248443604	0.0	0.36961138248443604	0.36961138248443604
recipe_metaphysics	semantic_shuffle_control	16	generated_token_8	sae_topk_jaccard_distance_vs_ascii	3	0.14814814814814814	0.0	0.14814814814814814	0.14814814814814814
recipe_metaphysics	semantic_shuffle_control	24	final_prompt_token	residual_l2_vs_ascii	3	3.1194889545440674	0.0	3.1194889545440674	3.1194889545440674
recipe_metaphysics	semantic_shuffle_control	24	final_prompt_token	sae_topk_jaccard_distance_vs_ascii	3	0.7654320987654323	1.1102230246251565e-16	0.7654320987654322	0.7654320987654322
recipe_metaphysics	semantic_shuffle_control	24	generated_token_1	residual_l2_vs_ascii	3	0.9578624367713928	0.0	0.9578624367713928	0.9578624367713928
recipe_metaphysics	semantic_shuffle_control	24	generated_token_1	sae_topk_jaccard_distance_vs_ascii	3	0.360655737704918	0.0	0.360655737704918	0.360655737704918
recipe_metaphysics	semantic_shuffle_control	24	generated_token_16	residual_l2_vs_ascii	3	0.5159830451011658	0.0	0.5159830451011658	0.5159830451011658
recipe_metaphysics	semantic_shuffle_control	24	generated_token_16	sae_topk_jaccard_distance_vs_ascii	3	0.2142857142857143	0.0	0.2142857142857143	0.2142857142857143
recipe_metaphysics	semantic_shuffle_control	24	generated_token_32	residual_l2_vs_ascii	3	0.8608899116516113	0.0	0.8608899116516113	0.8608899116516113
recipe_metaphysics	semantic_shuffle_control	24	generated_token_32	sae_topk_jaccard_distance_vs_ascii	3	0.24561403508771928	0.0	0.24561403508771928	0.24561403508771928
recipe_metaphysics	semantic_shuffle_control	24	generated_token_64	residual_l2_vs_ascii	3	6.300827980041504	0.0	6.300827980041504	6.300827980041504
recipe_metaphysics	semantic_shuffle_control	24	generated_token_64	sae_topk_jaccard_distance_vs_ascii	3	0.9690721649484536	0.0	0.9690721649484536	0.9690721649484536
recipe_metaphysics	semantic_shuffle_control	24	generated_token_8	residual_l2_vs_ascii	3	0.5445284843444824	0.0	0.5445284843444824	0.5445284843444824
recipe_metaphysics	semantic_shuffle_control	24	generated_token_8	sae_topk_jaccard_distance_vs_ascii	3	0.24561403508771928	0.0	0.24561403508771928	0.24561403508771928
recipe_metaphysics	semantic_shuffle_control	25	final_prompt_token	residual_l2_vs_ascii	3	3.3075366020202637	0.0	3.3075366020202637	3.3075366020202637
recipe_metaphysics	semantic_shuffle_control	25	final_prompt_token	sae_topk_jaccard_distance_vs_ascii	3	0.717948717948718	0.0	0.717948717948718	0.717948717948718
recipe_metaphysics	semantic_shuffle_control	25	generated_token_1	residual_l2_vs_ascii	3	0.9882730841636658	0.0	0.9882730841636658	0.9882730841636658
recipe_metaphysics	semantic_shuffle_control	25	generated_token_1	sae_topk_jaccard_distance_vs_ascii	3	0.30508474576271183	0.0	0.30508474576271183	0.30508474576271183
recipe_metaphysics	semantic_shuffle_control	25	generated_token_16	residual_l2_vs_ascii	3	0.5236339569091797	0.0	0.5236339569091797	0.5236339569091797
recipe_metaphysics	semantic_shuffle_control	25	generated_token_16	sae_topk_jaccard_distance_vs_ascii	3	0.14814814814814814	0.0	0.14814814814814814	0.14814814814814814
recipe_metaphysics	semantic_shuffle_control	25	generated_token_32	residual_l2_vs_ascii	3	0.9386323094367981	0.0	0.9386323094367981	0.9386323094367981
recipe_metaphysics	semantic_shuffle_control	25	generated_token_32	sae_topk_jaccard_distance_vs_ascii	3	0.2142857142857143	0.0	0.2142857142857143	0.2142857142857143
recipe_metaphysics	semantic_shuffle_control	25	generated_token_64	residual_l2_vs_ascii	3	6.646210193634033	0.0	6.646210193634033	6.646210193634033
recipe_metaphysics	semantic_shuffle_control	25	generated_token_64	sae_topk_jaccard_distance_vs_ascii	3	0.9583333333333334	0.0	0.9583333333333334	0.9583333333333334
recipe_metaphysics	semantic_shuffle_control	25	generated_token_8	residual_l2_vs_ascii	3	0.5909305810928345	0.0	0.5909305810928345	0.5909305810928345
recipe_metaphysics	semantic_shuffle_control	25	generated_token_8	sae_topk_jaccard_distance_vs_ascii	3	0.2142857142857143	0.0	0.2142857142857143	0.2142857142857143
recipe_metaphysics	semantic_shuffle_control	26	final_prompt_token	residual_l2_vs_ascii	3	3.582068681716919	0.0	3.582068681716919	3.582068681716919
recipe_metaphysics	semantic_shuffle_control	26	final_prompt_token	sae_topk_jaccard_distance_vs_ascii	3	0.7804878048780489	1.1102230246251565e-16	0.7804878048780488	0.7804878048780488
recipe_metaphysics	semantic_shuffle_control	26	generated_token_1	residual_l2_vs_ascii	3	0.9817729592323303	0.0	0.9817729592323303	0.9817729592323303
recipe_metaphysics	semantic_shuffle_control	26	generated_token_1	sae_topk_jaccard_distance_vs_ascii	3	0.27586206896551724	0.0	0.27586206896551724	0.27586206896551724
recipe_metaphysics	semantic_shuffle_control	26	generated_token_16	residual_l2_vs_ascii	3	0.5273610353469849	0.0	0.5273610353469849	0.5273610353469849
recipe_metaphysics	semantic_shuffle_control	26	generated_token_16	sae_topk_jaccard_distance_vs_ascii	3	0.30508474576271183	0.0	0.30508474576271183	0.30508474576271183
recipe_metaphysics	semantic_shuffle_control	26	generated_token_32	residual_l2_vs_ascii	3	0.9447002410888672	0.0	0.9447002410888672	0.9447002410888672
recipe_metaphysics	semantic_shuffle_control	26	generated_token_32	sae_topk_jaccard_distance_vs_ascii	3	0.2142857142857143	0.0	0.2142857142857143	0.2142857142857143
recipe_metaphysics	semantic_shuffle_control	26	generated_token_64	residual_l2_vs_ascii	3	6.647381782531738	0.0	6.647381782531738	6.647381782531738
recipe_metaphysics	semantic_shuffle_control	26	generated_token_64	sae_topk_jaccard_distance_vs_ascii	3	0.9583333333333334	0.0	0.9583333333333334	0.9583333333333334
recipe_metaphysics	semantic_shuffle_control	26	generated_token_8	residual_l2_vs_ascii	3	0.5662462115287781	0.0	0.5662462115287781	0.5662462115287781
recipe_metaphysics	semantic_shuffle_control	26	generated_token_8	sae_topk_jaccard_distance_vs_ascii	3	0.1132075471698113	0.0	0.1132075471698113	0.1132075471698113
recipe_metaphysics	token_count_matched_ascii_noise	14	final_prompt_token	residual_l2_vs_ascii	3	1.5714424848556519	0.0	1.5714424848556519	1.5714424848556519
recipe_metaphysics	token_count_matched_ascii_noise	14	final_prompt_token	sae_topk_jaccard_distance_vs_ascii	3	0.48484848484848486	0.0	0.48484848484848486	0.48484848484848486
recipe_metaphysics	token_count_matched_ascii_noise	14	generated_token_1	residual_l2_vs_ascii	3	1.1879878044128418	0.0	1.1879878044128418	1.1879878044128418
recipe_metaphysics	token_count_matched_ascii_noise	14	generated_token_1	sae_topk_jaccard_distance_vs_ascii	3	0.5507246376811594	0.0	0.5507246376811594	0.5507246376811594
recipe_metaphysics	token_count_matched_ascii_noise	14	generated_token_16	residual_l2_vs_ascii	3	3.1182315349578857	0.0	3.1182315349578857	3.1182315349578857
recipe_metaphysics	token_count_matched_ascii_noise	14	generated_token_16	sae_topk_jaccard_distance_vs_ascii	3	0.98989898989899	0.0	0.98989898989899	0.98989898989899
recipe_metaphysics	token_count_matched_ascii_noise	14	generated_token_32	residual_l2_vs_ascii	3	3.1797947883605957	0.0	3.1797947883605957	3.1797947883605957
recipe_metaphysics	token_count_matched_ascii_noise	14	generated_token_32	sae_topk_jaccard_distance_vs_ascii	3	0.98989898989899	0.0	0.98989898989899	0.98989898989899
recipe_metaphysics	token_count_matched_ascii_noise	14	generated_token_64	residual_l2_vs_ascii	3	3.3679354190826416	0.0	3.3679354190826416	3.3679354190826416
recipe_metaphysics	token_count_matched_ascii_noise	14	generated_token_64	sae_topk_jaccard_distance_vs_ascii	3	1.0	0.0	1.0	1.0
recipe_metaphysics	token_count_matched_ascii_noise	14	generated_token_8	residual_l2_vs_ascii	3	4.471858024597168	0.0	4.471858024597168	4.471858024597168
recipe_metaphysics	token_count_matched_ascii_noise	14	generated_token_8	sae_topk_jaccard_distance_vs_ascii	3	1.0	0.0	1.0	1.0
recipe_metaphysics	token_count_matched_ascii_noise	15	final_prompt_token	residual_l2_vs_ascii	3	1.5374032258987427	0.0	1.5374032258987427	1.5374032258987427
recipe_metaphysics	token_count_matched_ascii_noise	15	final_prompt_token	sae_topk_jaccard_distance_vs_ascii	3	0.48484848484848486	0.0	0.48484848484848486	0.48484848484848486
recipe_metaphysics	token_count_matched_ascii_noise	15	generated_token_1	residual_l2_vs_ascii	3	1.3862261772155762	0.0	1.3862261772155762	1.3862261772155762
recipe_metaphysics	token_count_matched_ascii_noise	15	generated_token_1	sae_topk_jaccard_distance_vs_ascii	3	0.5507246376811594	0.0	0.5507246376811594	0.5507246376811594
recipe_metaphysics	token_count_matched_ascii_noise	15	generated_token_16	residual_l2_vs_ascii	3	3.245764970779419	0.0	3.245764970779419	3.245764970779419
recipe_metaphysics	token_count_matched_ascii_noise	15	generated_token_16	sae_topk_jaccard_distance_vs_ascii	3	0.9795918367346937	1.1102230246251565e-16	0.9795918367346939	0.9795918367346939
recipe_metaphysics	token_count_matched_ascii_noise	15	generated_token_32	residual_l2_vs_ascii	3	3.562180280685425	0.0	3.562180280685425	3.562180280685425
recipe_metaphysics	token_count_matched_ascii_noise	15	generated_token_32	sae_topk_jaccard_distance_vs_ascii	3	1.0	0.0	1.0	1.0
recipe_metaphysics	token_count_matched_ascii_noise	15	generated_token_64	residual_l2_vs_ascii	3	3.5926120281219482	0.0	3.5926120281219482	3.5926120281219482
recipe_metaphysics	token_count_matched_ascii_noise	15	generated_token_64	sae_topk_jaccard_distance_vs_ascii	3	1.0	0.0	1.0	1.0
recipe_metaphysics	token_count_matched_ascii_noise	15	generated_token_8	residual_l2_vs_ascii	3	4.577522277832031	0.0	4.577522277832031	4.577522277832031
recipe_metaphysics	token_count_matched_ascii_noise	15	generated_token_8	sae_topk_jaccard_distance_vs_ascii	3	0.98989898989899	0.0	0.98989898989899	0.98989898989899
recipe_metaphysics	token_count_matched_ascii_noise	16	final_prompt_token	residual_l2_vs_ascii	3	1.5317891836166382	0.0	1.5317891836166382	1.5317891836166382
recipe_metaphysics	token_count_matched_ascii_noise	16	final_prompt_token	sae_topk_jaccard_distance_vs_ascii	3	0.41269841269841273	5.551115123125783e-17	0.4126984126984127	0.4126984126984127
recipe_metaphysics	token_count_matched_ascii_noise	16	generated_token_1	residual_l2_vs_ascii	3	1.430964469909668	0.0	1.430964469909668	1.430964469909668
recipe_metaphysics	token_count_matched_ascii_noise	16	generated_token_1	sae_topk_jaccard_distance_vs_ascii	3	0.6111111111111112	0.0	0.6111111111111112	0.6111111111111112
recipe_metaphysics	token_count_matched_ascii_noise	16	generated_token_16	residual_l2_vs_ascii	3	3.2342004776000977	0.0	3.2342004776000977	3.2342004776000977
recipe_metaphysics	token_count_matched_ascii_noise	16	generated_token_16	sae_topk_jaccard_distance_vs_ascii	3	0.9795918367346937	1.1102230246251565e-16	0.9795918367346939	0.9795918367346939
recipe_metaphysics	token_count_matched_ascii_noise	16	generated_token_32	residual_l2_vs_ascii	3	3.7897140979766846	0.0	3.7897140979766846	3.7897140979766846
recipe_metaphysics	token_count_matched_ascii_noise	16	generated_token_32	sae_topk_jaccard_distance_vs_ascii	3	0.9795918367346937	1.1102230246251565e-16	0.9795918367346939	0.9795918367346939
recipe_metaphysics	token_count_matched_ascii_noise	16	generated_token_64	residual_l2_vs_ascii	3	3.752990484237671	0.0	3.752990484237671	3.752990484237671
recipe_metaphysics	token_count_matched_ascii_noise	16	generated_token_64	sae_topk_jaccard_distance_vs_ascii	3	1.0	0.0	1.0	1.0
recipe_metaphysics	token_count_matched_ascii_noise	16	generated_token_8	residual_l2_vs_ascii	3	4.765263080596924	0.0	4.765263080596924	4.765263080596924
recipe_metaphysics	token_count_matched_ascii_noise	16	generated_token_8	sae_topk_jaccard_distance_vs_ascii	3	0.98989898989899	0.0	0.98989898989899	0.98989898989899
recipe_metaphysics	token_count_matched_ascii_noise	24	final_prompt_token	residual_l2_vs_ascii	3	1.797787070274353	0.0	1.797787070274353	1.797787070274353
recipe_metaphysics	token_count_matched_ascii_noise	24	final_prompt_token	sae_topk_jaccard_distance_vs_ascii	3	0.4615384615384615	5.551115123125783e-17	0.46153846153846156	0.46153846153846156
recipe_metaphysics	token_count_matched_ascii_noise	24	generated_token_1	residual_l2_vs_ascii	3	1.9350265264511108	0.0	1.9350265264511108	1.9350265264511108
recipe_metaphysics	token_count_matched_ascii_noise	24	generated_token_1	sae_topk_jaccard_distance_vs_ascii	3	0.5507246376811594	0.0	0.5507246376811594	0.5507246376811594
recipe_metaphysics	token_count_matched_ascii_noise	24	generated_token_16	residual_l2_vs_ascii	3	5.351193428039551	0.0	5.351193428039551	5.351193428039551
recipe_metaphysics	token_count_matched_ascii_noise	24	generated_token_16	sae_topk_jaccard_distance_vs_ascii	3	0.98989898989899	0.0	0.98989898989899	0.98989898989899
recipe_metaphysics	token_count_matched_ascii_noise	24	generated_token_32	residual_l2_vs_ascii	3	6.289281368255615	0.0	6.289281368255615	6.289281368255615
recipe_metaphysics	token_count_matched_ascii_noise	24	generated_token_32	sae_topk_jaccard_distance_vs_ascii	3	0.98989898989899	0.0	0.98989898989899	0.98989898989899
recipe_metaphysics	token_count_matched_ascii_noise	24	generated_token_64	residual_l2_vs_ascii	3	5.840512752532959	0.0	5.840512752532959	5.840512752532959
recipe_metaphysics	token_count_matched_ascii_noise	24	generated_token_64	sae_topk_jaccard_distance_vs_ascii	3	1.0	0.0	1.0	1.0
recipe_metaphysics	token_count_matched_ascii_noise	24	generated_token_8	residual_l2_vs_ascii	3	6.541266441345215	0.0	6.541266441345215	6.541266441345215
recipe_metaphysics	token_count_matched_ascii_noise	24	generated_token_8	sae_topk_jaccard_distance_vs_ascii	3	0.9795918367346937	1.1102230246251565e-16	0.9795918367346939	0.9795918367346939
recipe_metaphysics	token_count_matched_ascii_noise	25	final_prompt_token	residual_l2_vs_ascii	3	1.910348892211914	0.0	1.910348892211914	1.910348892211914
recipe_metaphysics	token_count_matched_ascii_noise	25	final_prompt_token	sae_topk_jaccard_distance_vs_ascii	3	0.3870967741935483	5.551115123125783e-17	0.3870967741935484	0.3870967741935484
recipe_metaphysics	token_count_matched_ascii_noise	25	generated_token_1	residual_l2_vs_ascii	3	1.964876651763916	0.0	1.964876651763916	1.964876651763916
recipe_metaphysics	token_count_matched_ascii_noise	25	generated_token_1	sae_topk_jaccard_distance_vs_ascii	3	0.5294117647058824	0.0	0.5294117647058824	0.5294117647058824
recipe_metaphysics	token_count_matched_ascii_noise	25	generated_token_16	residual_l2_vs_ascii	3	5.491251468658447	0.0	5.491251468658447	5.491251468658447
recipe_metaphysics	token_count_matched_ascii_noise	25	generated_token_16	sae_topk_jaccard_distance_vs_ascii	3	0.98989898989899	0.0	0.98989898989899	0.98989898989899
recipe_metaphysics	token_count_matched_ascii_noise	25	generated_token_32	residual_l2_vs_ascii	3	6.358330726623535	0.0	6.358330726623535	6.358330726623535
recipe_metaphysics	token_count_matched_ascii_noise	25	generated_token_32	sae_topk_jaccard_distance_vs_ascii	3	1.0	0.0	1.0	1.0
recipe_metaphysics	token_count_matched_ascii_noise	25	generated_token_64	residual_l2_vs_ascii	3	6.133624076843262	0.0	6.133624076843262	6.133624076843262
recipe_metaphysics	token_count_matched_ascii_noise	25	generated_token_64	sae_topk_jaccard_distance_vs_ascii	3	1.0	0.0	1.0	1.0
recipe_metaphysics	token_count_matched_ascii_noise	25	generated_token_8	residual_l2_vs_ascii	3	6.790248870849609	0.0	6.790248870849609	6.790248870849609
recipe_metaphysics	token_count_matched_ascii_noise	25	generated_token_8	sae_topk_jaccard_distance_vs_ascii	3	0.98989898989899	0.0	0.98989898989899	0.98989898989899
recipe_metaphysics	token_count_matched_ascii_noise	26	final_prompt_token	residual_l2_vs_ascii	3	2.0135555267333984	0.0	2.0135555267333984	2.0135555267333984
recipe_metaphysics	token_count_matched_ascii_noise	26	final_prompt_token	sae_topk_jaccard_distance_vs_ascii	3	0.48484848484848486	0.0	0.48484848484848486	0.48484848484848486
recipe_metaphysics	token_count_matched_ascii_noise	26	generated_token_1	residual_l2_vs_ascii	3	2.0294151306152344	0.0	2.0294151306152344	2.0294151306152344
recipe_metaphysics	token_count_matched_ascii_noise	26	generated_token_1	sae_topk_jaccard_distance_vs_ascii	3	0.5074626865671642	0.0	0.5074626865671642	0.5074626865671642
recipe_metaphysics	token_count_matched_ascii_noise	26	generated_token_16	residual_l2_vs_ascii	3	5.780818462371826	0.0	5.780818462371826	5.780818462371826
recipe_metaphysics	token_count_matched_ascii_noise	26	generated_token_16	sae_topk_jaccard_distance_vs_ascii	3	0.9690721649484536	0.0	0.9690721649484536	0.9690721649484536
recipe_metaphysics	token_count_matched_ascii_noise	26	generated_token_32	residual_l2_vs_ascii	3	6.546969890594482	0.0	6.546969890594482	6.546969890594482
recipe_metaphysics	token_count_matched_ascii_noise	26	generated_token_32	sae_topk_jaccard_distance_vs_ascii	3	1.0	0.0	1.0	1.0
recipe_metaphysics	token_count_matched_ascii_noise	26	generated_token_64	residual_l2_vs_ascii	3	6.4311842918396	0.0	6.4311842918396	6.4311842918396
recipe_metaphysics	token_count_matched_ascii_noise	26	generated_token_64	sae_topk_jaccard_distance_vs_ascii	3	1.0	0.0	1.0	1.0
recipe_metaphysics	token_count_matched_ascii_noise	26	generated_token_8	residual_l2_vs_ascii	3	6.965167999267578	0.0	6.965167999267578	6.965167999267578
recipe_metaphysics	token_count_matched_ascii_noise	26	generated_token_8	sae_topk_jaccard_distance_vs_ascii	3	1.0	0.0	1.0	1.0
recipe_metaphysics	unicode_nonletter_control	14	final_prompt_token	residual_l2_vs_ascii	3	1.3500534296035767	0.0	1.3500534296035767	1.3500534296035767
recipe_metaphysics	unicode_nonletter_control	14	final_prompt_token	sae_topk_jaccard_distance_vs_ascii	3	0.5074626865671642	0.0	0.5074626865671642	0.5074626865671642
recipe_metaphysics	unicode_nonletter_control	14	generated_token_1	residual_l2_vs_ascii	3	1.2118574380874634	0.0	1.2118574380874634	1.2118574380874634
recipe_metaphysics	unicode_nonletter_control	14	generated_token_1	sae_topk_jaccard_distance_vs_ascii	3	0.48484848484848486	0.0	0.48484848484848486	0.48484848484848486
recipe_metaphysics	unicode_nonletter_control	14	generated_token_16	residual_l2_vs_ascii	3	0.41963157057762146	0.0	0.41963157057762146	0.41963157057762146
recipe_metaphysics	unicode_nonletter_control	14	generated_token_16	sae_topk_jaccard_distance_vs_ascii	3	0.30508474576271183	0.0	0.30508474576271183	0.30508474576271183
recipe_metaphysics	unicode_nonletter_control	14	generated_token_32	residual_l2_vs_ascii	3	3.604104995727539	0.0	3.604104995727539	3.604104995727539
recipe_metaphysics	unicode_nonletter_control	14	generated_token_32	sae_topk_jaccard_distance_vs_ascii	3	0.9583333333333334	0.0	0.9583333333333334	0.9583333333333334
recipe_metaphysics	unicode_nonletter_control	14	generated_token_64	residual_l2_vs_ascii	3	3.6963698863983154	0.0	3.6963698863983154	3.6963698863983154
recipe_metaphysics	unicode_nonletter_control	14	generated_token_64	sae_topk_jaccard_distance_vs_ascii	3	0.9473684210526315	1.1102230246251565e-16	0.9473684210526316	0.9473684210526316
recipe_metaphysics	unicode_nonletter_control	14	generated_token_8	residual_l2_vs_ascii	3	0.284423828125	0.0	0.284423828125	0.284423828125
recipe_metaphysics	unicode_nonletter_control	14	generated_token_8	sae_topk_jaccard_distance_vs_ascii	3	0.14814814814814814	0.0	0.14814814814814814	0.14814814814814814
recipe_metaphysics	unicode_nonletter_control	15	final_prompt_token	residual_l2_vs_ascii	3	1.311461329460144	0.0	1.311461329460144	1.311461329460144
recipe_metaphysics	unicode_nonletter_control	15	final_prompt_token	sae_topk_jaccard_distance_vs_ascii	3	0.41269841269841273	5.551115123125783e-17	0.4126984126984127	0.4126984126984127
recipe_metaphysics	unicode_nonletter_control	15	generated_token_1	residual_l2_vs_ascii	3	1.3919564485549927	0.0	1.3919564485549927	1.3919564485549927
recipe_metaphysics	unicode_nonletter_control	15	generated_token_1	sae_topk_jaccard_distance_vs_ascii	3	0.5714285714285714	0.0	0.5714285714285714	0.5714285714285714
recipe_metaphysics	unicode_nonletter_control	15	generated_token_16	residual_l2_vs_ascii	3	0.5196752548217773	0.0	0.5196752548217773	0.5196752548217773
recipe_metaphysics	unicode_nonletter_control	15	generated_token_16	sae_topk_jaccard_distance_vs_ascii	3	0.24561403508771928	0.0	0.24561403508771928	0.24561403508771928
recipe_metaphysics	unicode_nonletter_control	15	generated_token_32	residual_l2_vs_ascii	3	3.8873281478881836	0.0	3.8873281478881836	3.8873281478881836
recipe_metaphysics	unicode_nonletter_control	15	generated_token_32	sae_topk_jaccard_distance_vs_ascii	3	0.98989898989899	0.0	0.98989898989899	0.98989898989899
recipe_metaphysics	unicode_nonletter_control	15	generated_token_64	residual_l2_vs_ascii	3	4.047880172729492	0.0	4.047880172729492	4.047880172729492
recipe_metaphysics	unicode_nonletter_control	15	generated_token_64	sae_topk_jaccard_distance_vs_ascii	3	0.9583333333333334	0.0	0.9583333333333334	0.9583333333333334
recipe_metaphysics	unicode_nonletter_control	15	generated_token_8	residual_l2_vs_ascii	3	0.43559789657592773	0.0	0.43559789657592773	0.43559789657592773
recipe_metaphysics	unicode_nonletter_control	15	generated_token_8	sae_topk_jaccard_distance_vs_ascii	3	0.14814814814814814	0.0	0.14814814814814814	0.14814814814814814
recipe_metaphysics	unicode_nonletter_control	16	final_prompt_token	residual_l2_vs_ascii	3	1.357545256614685	0.0	1.357545256614685	1.357545256614685
recipe_metaphysics	unicode_nonletter_control	16	final_prompt_token	sae_topk_jaccard_distance_vs_ascii	3	0.41269841269841273	5.551115123125783e-17	0.4126984126984127	0.4126984126984127
recipe_metaphysics	unicode_nonletter_control	16	generated_token_1	residual_l2_vs_ascii	3	1.4124174118041992	0.0	1.4124174118041992	1.4124174118041992
recipe_metaphysics	unicode_nonletter_control	16	generated_token_1	sae_topk_jaccard_distance_vs_ascii	3	0.48484848484848486	0.0	0.48484848484848486	0.48484848484848486
recipe_metaphysics	unicode_nonletter_control	16	generated_token_16	residual_l2_vs_ascii	3	0.5061665773391724	0.0	0.5061665773391724	0.5061665773391724
recipe_metaphysics	unicode_nonletter_control	16	generated_token_16	sae_topk_jaccard_distance_vs_ascii	3	0.2142857142857143	0.0	0.2142857142857143	0.2142857142857143
recipe_metaphysics	unicode_nonletter_control	16	generated_token_32	residual_l2_vs_ascii	3	4.065298557281494	0.0	4.065298557281494	4.065298557281494
recipe_metaphysics	unicode_nonletter_control	16	generated_token_32	sae_topk_jaccard_distance_vs_ascii	3	0.9795918367346937	1.1102230246251565e-16	0.9795918367346939	0.9795918367346939
recipe_metaphysics	unicode_nonletter_control	16	generated_token_64	residual_l2_vs_ascii	3	4.257327079772949	0.0	4.257327079772949	4.257327079772949
recipe_metaphysics	unicode_nonletter_control	16	generated_token_64	sae_topk_jaccard_distance_vs_ascii	3	0.9795918367346937	1.1102230246251565e-16	0.9795918367346939	0.9795918367346939
recipe_metaphysics	unicode_nonletter_control	16	generated_token_8	residual_l2_vs_ascii	3	0.4360537827014923	0.0	0.4360537827014923	0.4360537827014923
recipe_metaphysics	unicode_nonletter_control	16	generated_token_8	sae_topk_jaccard_distance_vs_ascii	3	0.14814814814814814	0.0	0.14814814814814814	0.14814814814814814
recipe_metaphysics	unicode_nonletter_control	24	final_prompt_token	residual_l2_vs_ascii	3	1.5927478075027466	0.0	1.5927478075027466	1.5927478075027466
recipe_metaphysics	unicode_nonletter_control	24	final_prompt_token	sae_topk_jaccard_distance_vs_ascii	3	0.3870967741935483	5.551115123125783e-17	0.3870967741935484	0.3870967741935484
recipe_metaphysics	unicode_nonletter_control	24	generated_token_1	residual_l2_vs_ascii	3	1.8305026292800903	0.0	1.8305026292800903	1.8305026292800903
recipe_metaphysics	unicode_nonletter_control	24	generated_token_1	sae_topk_jaccard_distance_vs_ascii	3	0.48484848484848486	0.0	0.48484848484848486	0.48484848484848486
recipe_metaphysics	unicode_nonletter_control	24	generated_token_16	residual_l2_vs_ascii	3	0.87582927942276	0.0	0.87582927942276	0.87582927942276
recipe_metaphysics	unicode_nonletter_control	24	generated_token_16	sae_topk_jaccard_distance_vs_ascii	3	0.3870967741935483	5.551115123125783e-17	0.3870967741935484	0.3870967741935484
recipe_metaphysics	unicode_nonletter_control	24	generated_token_32	residual_l2_vs_ascii	3	6.130069732666016	0.0	6.130069732666016	6.130069732666016
recipe_metaphysics	unicode_nonletter_control	24	generated_token_32	sae_topk_jaccard_distance_vs_ascii	3	0.9795918367346937	1.1102230246251565e-16	0.9795918367346939	0.9795918367346939
recipe_metaphysics	unicode_nonletter_control	24	generated_token_64	residual_l2_vs_ascii	3	6.29368782043457	0.0	6.29368782043457	6.29368782043457
recipe_metaphysics	unicode_nonletter_control	24	generated_token_64	sae_topk_jaccard_distance_vs_ascii	3	0.9583333333333334	0.0	0.9583333333333334	0.9583333333333334
recipe_metaphysics	unicode_nonletter_control	24	generated_token_8	residual_l2_vs_ascii	3	0.732331395149231	0.0	0.732331395149231	0.732331395149231
recipe_metaphysics	unicode_nonletter_control	24	generated_token_8	sae_topk_jaccard_distance_vs_ascii	3	0.14814814814814814	0.0	0.14814814814814814	0.14814814814814814
recipe_metaphysics	unicode_nonletter_control	25	final_prompt_token	residual_l2_vs_ascii	3	1.7067101001739502	0.0	1.7067101001739502	1.7067101001739502
recipe_metaphysics	unicode_nonletter_control	25	final_prompt_token	sae_topk_jaccard_distance_vs_ascii	3	0.3870967741935483	5.551115123125783e-17	0.3870967741935484	0.3870967741935484
recipe_metaphysics	unicode_nonletter_control	25	generated_token_1	residual_l2_vs_ascii	3	1.8546913862228394	0.0	1.8546913862228394	1.8546913862228394
recipe_metaphysics	unicode_nonletter_control	25	generated_token_1	sae_topk_jaccard_distance_vs_ascii	3	0.4615384615384615	5.551115123125783e-17	0.46153846153846156	0.46153846153846156
recipe_metaphysics	unicode_nonletter_control	25	generated_token_16	residual_l2_vs_ascii	3	0.9328168630599976	0.0	0.9328168630599976	0.9328168630599976
recipe_metaphysics	unicode_nonletter_control	25	generated_token_16	sae_topk_jaccard_distance_vs_ascii	3	0.2142857142857143	0.0	0.2142857142857143	0.2142857142857143
recipe_metaphysics	unicode_nonletter_control	25	generated_token_32	residual_l2_vs_ascii	3	6.301090717315674	0.0	6.301090717315674	6.301090717315674
recipe_metaphysics	unicode_nonletter_control	25	generated_token_32	sae_topk_jaccard_distance_vs_ascii	3	0.9690721649484536	0.0	0.9690721649484536	0.9690721649484536
recipe_metaphysics	unicode_nonletter_control	25	generated_token_64	residual_l2_vs_ascii	3	6.5431928634643555	0.0	6.5431928634643555	6.5431928634643555
recipe_metaphysics	unicode_nonletter_control	25	generated_token_64	sae_topk_jaccard_distance_vs_ascii	3	0.9583333333333334	0.0	0.9583333333333334	0.9583333333333334
recipe_metaphysics	unicode_nonletter_control	25	generated_token_8	residual_l2_vs_ascii	3	0.7372245788574219	0.0	0.7372245788574219	0.7372245788574219
recipe_metaphysics	unicode_nonletter_control	25	generated_token_8	sae_topk_jaccard_distance_vs_ascii	3	0.2142857142857143	0.0	0.2142857142857143	0.2142857142857143
recipe_metaphysics	unicode_nonletter_control	26	final_prompt_token	residual_l2_vs_ascii	3	1.7934409379959106	0.0	1.7934409379959106	1.7934409379959106
recipe_metaphysics	unicode_nonletter_control	26	final_prompt_token	sae_topk_jaccard_distance_vs_ascii	3	0.48484848484848486	0.0	0.48484848484848486	0.48484848484848486
recipe_metaphysics	unicode_nonletter_control	26	generated_token_1	residual_l2_vs_ascii	3	1.8810242414474487	0.0	1.8810242414474487	1.8810242414474487
recipe_metaphysics	unicode_nonletter_control	26	generated_token_1	sae_topk_jaccard_distance_vs_ascii	3	0.5074626865671642	0.0	0.5074626865671642	0.5074626865671642
recipe_metaphysics	unicode_nonletter_control	26	generated_token_16	residual_l2_vs_ascii	3	0.9406234622001648	0.0	0.9406234622001648	0.9406234622001648
recipe_metaphysics	unicode_nonletter_control	26	generated_token_16	sae_topk_jaccard_distance_vs_ascii	3	0.41269841269841273	5.551115123125783e-17	0.4126984126984127	0.4126984126984127
recipe_metaphysics	unicode_nonletter_control	26	generated_token_32	residual_l2_vs_ascii	3	6.620028495788574	0.0	6.620028495788574	6.620028495788574
recipe_metaphysics	unicode_nonletter_control	26	generated_token_32	sae_topk_jaccard_distance_vs_ascii	3	0.98989898989899	0.0	0.98989898989899	0.98989898989899
recipe_metaphysics	unicode_nonletter_control	26	generated_token_64	residual_l2_vs_ascii	3	6.71713924407959	0.0	6.71713924407959	6.71713924407959
recipe_metaphysics	unicode_nonletter_control	26	generated_token_64	sae_topk_jaccard_distance_vs_ascii	3	0.9690721649484536	0.0	0.9690721649484536	0.9690721649484536
recipe_metaphysics	unicode_nonletter_control	26	generated_token_8	residual_l2_vs_ascii	3	0.7641376256942749	0.0	0.7641376256942749	0.7641376256942749
recipe_metaphysics	unicode_nonletter_control	26	generated_token_8	sae_topk_jaccard_distance_vs_ascii	3	0.2142857142857143	0.0	0.2142857142857143	0.2142857142857143
recipe_metaphysics	visual_ascii_control	14	final_prompt_token	residual_l2_vs_ascii	3	1.1211940050125122	0.0	1.1211940050125122	1.1211940050125122
recipe_metaphysics	visual_ascii_control	14	final_prompt_token	sae_topk_jaccard_distance_vs_ascii	3	0.360655737704918	0.0	0.360655737704918	0.360655737704918
recipe_metaphysics	visual_ascii_control	14	generated_token_1	residual_l2_vs_ascii	3	1.150437593460083	0.0	1.150437593460083	1.150437593460083
recipe_metaphysics	visual_ascii_control	14	generated_token_1	sae_topk_jaccard_distance_vs_ascii	3	0.6301369863013699	0.0	0.6301369863013699	0.6301369863013699
recipe_metaphysics	visual_ascii_control	14	generated_token_16	residual_l2_vs_ascii	3	2.099696636199951	0.0	2.099696636199951	2.099696636199951
recipe_metaphysics	visual_ascii_control	14	generated_token_16	sae_topk_jaccard_distance_vs_ascii	3	0.7012987012987013	0.0	0.7012987012987013	0.7012987012987013
recipe_metaphysics	visual_ascii_control	14	generated_token_32	residual_l2_vs_ascii	3	3.374398946762085	0.0	3.374398946762085	3.374398946762085
recipe_metaphysics	visual_ascii_control	14	generated_token_32	sae_topk_jaccard_distance_vs_ascii	3	0.9583333333333334	0.0	0.9583333333333334	0.9583333333333334
recipe_metaphysics	visual_ascii_control	14	generated_token_64	residual_l2_vs_ascii	3	3.936950445175171	0.0	3.936950445175171	3.936950445175171
recipe_metaphysics	visual_ascii_control	14	generated_token_64	sae_topk_jaccard_distance_vs_ascii	3	0.9795918367346937	1.1102230246251565e-16	0.9795918367346939	0.9795918367346939
recipe_metaphysics	visual_ascii_control	14	generated_token_8	residual_l2_vs_ascii	3	0.35583922266960144	0.0	0.35583922266960144	0.35583922266960144
recipe_metaphysics	visual_ascii_control	14	generated_token_8	sae_topk_jaccard_distance_vs_ascii	3	0.18181818181818177	0.0	0.18181818181818177	0.18181818181818177
recipe_metaphysics	visual_ascii_control	15	final_prompt_token	residual_l2_vs_ascii	3	1.1894820928573608	0.0	1.1894820928573608	1.1894820928573608
recipe_metaphysics	visual_ascii_control	15	final_prompt_token	sae_topk_jaccard_distance_vs_ascii	3	0.360655737704918	0.0	0.360655737704918	0.360655737704918
recipe_metaphysics	visual_ascii_control	15	generated_token_1	residual_l2_vs_ascii	3	1.3219338655471802	0.0	1.3219338655471802	1.3219338655471802
recipe_metaphysics	visual_ascii_control	15	generated_token_1	sae_topk_jaccard_distance_vs_ascii	3	0.5294117647058824	0.0	0.5294117647058824	0.5294117647058824
recipe_metaphysics	visual_ascii_control	15	generated_token_16	residual_l2_vs_ascii	3	2.2695302963256836	0.0	2.2695302963256836	2.2695302963256836
recipe_metaphysics	visual_ascii_control	15	generated_token_16	sae_topk_jaccard_distance_vs_ascii	3	0.7341772151898734	0.0	0.7341772151898734	0.7341772151898734
recipe_metaphysics	visual_ascii_control	15	generated_token_32	residual_l2_vs_ascii	3	3.7259886264801025	0.0	3.7259886264801025	3.7259886264801025
recipe_metaphysics	visual_ascii_control	15	generated_token_32	sae_topk_jaccard_distance_vs_ascii	3	0.98989898989899	0.0	0.98989898989899	0.98989898989899
recipe_metaphysics	visual_ascii_control	15	generated_token_64	residual_l2_vs_ascii	3	4.43359375	0.0	4.43359375	4.43359375
recipe_metaphysics	visual_ascii_control	15	generated_token_64	sae_topk_jaccard_distance_vs_ascii	3	0.98989898989899	0.0	0.98989898989899	0.98989898989899
recipe_metaphysics	visual_ascii_control	15	generated_token_8	residual_l2_vs_ascii	3	0.5202233195304871	0.0	0.5202233195304871	0.5202233195304871
recipe_metaphysics	visual_ascii_control	15	generated_token_8	sae_topk_jaccard_distance_vs_ascii	3	0.1132075471698113	0.0	0.1132075471698113	0.1132075471698113
recipe_metaphysics	visual_ascii_control	16	final_prompt_token	residual_l2_vs_ascii	3	1.211499810218811	0.0	1.211499810218811	1.211499810218811
recipe_metaphysics	visual_ascii_control	16	final_prompt_token	sae_topk_jaccard_distance_vs_ascii	3	0.41269841269841273	5.551115123125783e-17	0.4126984126984127	0.4126984126984127
recipe_metaphysics	visual_ascii_control	16	generated_token_1	residual_l2_vs_ascii	3	1.3560746908187866	0.0	1.3560746908187866	1.3560746908187866
recipe_metaphysics	visual_ascii_control	16	generated_token_1	sae_topk_jaccard_distance_vs_ascii	3	0.5074626865671642	0.0	0.5074626865671642	0.5074626865671642
recipe_metaphysics	visual_ascii_control	16	generated_token_16	residual_l2_vs_ascii	3	2.3108832836151123	0.0	2.3108832836151123	2.3108832836151123
recipe_metaphysics	visual_ascii_control	16	generated_token_16	sae_topk_jaccard_distance_vs_ascii	3	0.823529411764706	1.1102230246251565e-16	0.8235294117647058	0.8235294117647058
recipe_metaphysics	visual_ascii_control	16	generated_token_32	residual_l2_vs_ascii	3	3.968942642211914	0.0	3.968942642211914	3.968942642211914
recipe_metaphysics	visual_ascii_control	16	generated_token_32	sae_topk_jaccard_distance_vs_ascii	3	0.98989898989899	0.0	0.98989898989899	0.98989898989899
recipe_metaphysics	visual_ascii_control	16	generated_token_64	residual_l2_vs_ascii	3	4.6045732498168945	0.0	4.6045732498168945	4.6045732498168945
recipe_metaphysics	visual_ascii_control	16	generated_token_64	sae_topk_jaccard_distance_vs_ascii	3	0.9795918367346937	1.1102230246251565e-16	0.9795918367346939	0.9795918367346939
recipe_metaphysics	visual_ascii_control	16	generated_token_8	residual_l2_vs_ascii	3	0.5356020927429199	0.0	0.5356020927429199	0.5356020927429199
recipe_metaphysics	visual_ascii_control	16	generated_token_8	sae_topk_jaccard_distance_vs_ascii	3	0.2142857142857143	0.0	0.2142857142857143	0.2142857142857143
recipe_metaphysics	visual_ascii_control	24	final_prompt_token	residual_l2_vs_ascii	3	1.582075595855713	0.0	1.582075595855713	1.582075595855713
recipe_metaphysics	visual_ascii_control	24	final_prompt_token	sae_topk_jaccard_distance_vs_ascii	3	0.360655737704918	0.0	0.360655737704918	0.360655737704918
recipe_metaphysics	visual_ascii_control	24	generated_token_1	residual_l2_vs_ascii	3	1.8145750761032104	0.0	1.8145750761032104	1.8145750761032104
recipe_metaphysics	visual_ascii_control	24	generated_token_1	sae_topk_jaccard_distance_vs_ascii	3	0.48484848484848486	0.0	0.48484848484848486	0.48484848484848486
recipe_metaphysics	visual_ascii_control	24	generated_token_16	residual_l2_vs_ascii	3	4.2190632820129395	0.0	4.2190632820129395	4.2190632820129395
recipe_metaphysics	visual_ascii_control	24	generated_token_16	sae_topk_jaccard_distance_vs_ascii	3	0.9010989010989011	0.0	0.9010989010989011	0.9010989010989011
recipe_metaphysics	visual_ascii_control	24	generated_token_32	residual_l2_vs_ascii	3	6.652575492858887	0.0	6.652575492858887	6.652575492858887
recipe_metaphysics	visual_ascii_control	24	generated_token_32	sae_topk_jaccard_distance_vs_ascii	3	0.98989898989899	0.0	0.98989898989899	0.98989898989899
recipe_metaphysics	visual_ascii_control	24	generated_token_64	residual_l2_vs_ascii	3	6.499143123626709	0.0	6.499143123626709	6.499143123626709
recipe_metaphysics	visual_ascii_control	24	generated_token_64	sae_topk_jaccard_distance_vs_ascii	3	0.98989898989899	0.0	0.98989898989899	0.98989898989899
recipe_metaphysics	visual_ascii_control	24	generated_token_8	residual_l2_vs_ascii	3	0.9514442086219788	0.0	0.9514442086219788	0.9514442086219788
recipe_metaphysics	visual_ascii_control	24	generated_token_8	sae_topk_jaccard_distance_vs_ascii	3	0.27586206896551724	0.0	0.27586206896551724	0.27586206896551724
recipe_metaphysics	visual_ascii_control	25	final_prompt_token	residual_l2_vs_ascii	3	1.747000813484192	0.0	1.747000813484192	1.747000813484192
recipe_metaphysics	visual_ascii_control	25	final_prompt_token	sae_topk_jaccard_distance_vs_ascii	3	0.3870967741935483	5.551115123125783e-17	0.3870967741935484	0.3870967741935484
recipe_metaphysics	visual_ascii_control	25	generated_token_1	residual_l2_vs_ascii	3	1.8303455114364624	0.0	1.8303455114364624	1.8303455114364624
recipe_metaphysics	visual_ascii_control	25	generated_token_1	sae_topk_jaccard_distance_vs_ascii	3	0.5294117647058824	0.0	0.5294117647058824	0.5294117647058824
recipe_metaphysics	visual_ascii_control	25	generated_token_16	residual_l2_vs_ascii	3	4.38217306137085	0.0	4.38217306137085	4.38217306137085
recipe_metaphysics	visual_ascii_control	25	generated_token_16	sae_topk_jaccard_distance_vs_ascii	3	0.8764044943820225	0.0	0.8764044943820225	0.8764044943820225
recipe_metaphysics	visual_ascii_control	25	generated_token_32	residual_l2_vs_ascii	3	6.757145881652832	0.0	6.757145881652832	6.757145881652832
recipe_metaphysics	visual_ascii_control	25	generated_token_32	sae_topk_jaccard_distance_vs_ascii	3	0.98989898989899	0.0	0.98989898989899	0.98989898989899
recipe_metaphysics	visual_ascii_control	25	generated_token_64	residual_l2_vs_ascii	3	6.7906317710876465	0.0	6.7906317710876465	6.7906317710876465
recipe_metaphysics	visual_ascii_control	25	generated_token_64	sae_topk_jaccard_distance_vs_ascii	3	0.9795918367346937	1.1102230246251565e-16	0.9795918367346939	0.9795918367346939
recipe_metaphysics	visual_ascii_control	25	generated_token_8	residual_l2_vs_ascii	3	0.9753645062446594	0.0	0.9753645062446594	0.9753645062446594
recipe_metaphysics	visual_ascii_control	25	generated_token_8	sae_topk_jaccard_distance_vs_ascii	3	0.30508474576271183	0.0	0.30508474576271183	0.30508474576271183
recipe_metaphysics	visual_ascii_control	26	final_prompt_token	residual_l2_vs_ascii	3	1.8646787405014038	0.0	1.8646787405014038	1.8646787405014038
recipe_metaphysics	visual_ascii_control	26	final_prompt_token	sae_topk_jaccard_distance_vs_ascii	3	0.5294117647058824	0.0	0.5294117647058824	0.5294117647058824
recipe_metaphysics	visual_ascii_control	26	generated_token_1	residual_l2_vs_ascii	3	1.8935856819152832	0.0	1.8935856819152832	1.8935856819152832
recipe_metaphysics	visual_ascii_control	26	generated_token_1	sae_topk_jaccard_distance_vs_ascii	3	0.5074626865671642	0.0	0.5074626865671642	0.5074626865671642
recipe_metaphysics	visual_ascii_control	26	generated_token_16	residual_l2_vs_ascii	3	4.520632266998291	0.0	4.520632266998291	4.520632266998291
recipe_metaphysics	visual_ascii_control	26	generated_token_16	sae_topk_jaccard_distance_vs_ascii	3	0.8764044943820225	0.0	0.8764044943820225	0.8764044943820225
recipe_metaphysics	visual_ascii_control	26	generated_token_32	residual_l2_vs_ascii	3	7.04998254776001	0.0	7.04998254776001	7.04998254776001
recipe_metaphysics	visual_ascii_control	26	generated_token_32	sae_topk_jaccard_distance_vs_ascii	3	0.9795918367346937	1.1102230246251565e-16	0.9795918367346939	0.9795918367346939
recipe_metaphysics	visual_ascii_control	26	generated_token_64	residual_l2_vs_ascii	3	6.743439674377441	0.0	6.743439674377441	6.743439674377441
recipe_metaphysics	visual_ascii_control	26	generated_token_64	sae_topk_jaccard_distance_vs_ascii	3	0.9690721649484536	0.0	0.9690721649484536	0.9690721649484536
recipe_metaphysics	visual_ascii_control	26	generated_token_8	residual_l2_vs_ascii	3	0.98871248960495	0.0	0.98871248960495	0.98871248960495
recipe_metaphysics	visual_ascii_control	26	generated_token_8	sae_topk_jaccard_distance_vs_ascii	3	0.24561403508771928	0.0	0.24561403508771928	0.24561403508771928
recipe_neutral	d_dot_high_impact_control	14	final_prompt_token	residual_l2_vs_ascii	3	0.8863030076026917	0.0	0.8863030076026917	0.8863030076026917
recipe_neutral	d_dot_high_impact_control	14	final_prompt_token	sae_topk_jaccard_distance_vs_ascii	3	0.3333333333333333	5.551115123125783e-17	0.33333333333333337	0.33333333333333337
recipe_neutral	d_dot_high_impact_control	14	generated_token_1	residual_l2_vs_ascii	3	0.9563899040222168	0.0	0.9563899040222168	0.9563899040222168
recipe_neutral	d_dot_high_impact_control	14	generated_token_1	sae_topk_jaccard_distance_vs_ascii	3	0.4375	0.0	0.4375	0.4375
recipe_neutral	d_dot_high_impact_control	14	generated_token_16	residual_l2_vs_ascii	3	4.1734771728515625	0.0	4.1734771728515625	4.1734771728515625
recipe_neutral	d_dot_high_impact_control	14	generated_token_16	sae_topk_jaccard_distance_vs_ascii	3	0.9130434782608696	0.0	0.9130434782608696	0.9130434782608696
recipe_neutral	d_dot_high_impact_control	14	generated_token_32	residual_l2_vs_ascii	3	3.4878389835357666	0.0	3.4878389835357666	3.4878389835357666
recipe_neutral	d_dot_high_impact_control	14	generated_token_32	sae_topk_jaccard_distance_vs_ascii	3	1.0	0.0	1.0	1.0
recipe_neutral	d_dot_high_impact_control	14	generated_token_64	residual_l2_vs_ascii	3	4.025527477264404	0.0	4.025527477264404	4.025527477264404
recipe_neutral	d_dot_high_impact_control	14	generated_token_64	sae_topk_jaccard_distance_vs_ascii	3	0.98989898989899	0.0	0.98989898989899	0.98989898989899
recipe_neutral	d_dot_high_impact_control	14	generated_token_8	residual_l2_vs_ascii	3	3.3061163425445557	0.0	3.3061163425445557	3.3061163425445557
recipe_neutral	d_dot_high_impact_control	14	generated_token_8	sae_topk_jaccard_distance_vs_ascii	3	0.9690721649484536	0.0	0.9690721649484536	0.9690721649484536
recipe_neutral	d_dot_high_impact_control	15	final_prompt_token	residual_l2_vs_ascii	3	0.7752839922904968	0.0	0.7752839922904968	0.7752839922904968
recipe_neutral	d_dot_high_impact_control	15	final_prompt_token	sae_topk_jaccard_distance_vs_ascii	3	0.18181818181818177	0.0	0.18181818181818177	0.18181818181818177
recipe_neutral	d_dot_high_impact_control	15	generated_token_1	residual_l2_vs_ascii	3	1.0667412281036377	0.0	1.0667412281036377	1.0667412281036377
recipe_neutral	d_dot_high_impact_control	15	generated_token_1	sae_topk_jaccard_distance_vs_ascii	3	0.48484848484848486	0.0	0.48484848484848486	0.48484848484848486
recipe_neutral	d_dot_high_impact_control	15	generated_token_16	residual_l2_vs_ascii	3	4.068745136260986	0.0	4.068745136260986	4.068745136260986
recipe_neutral	d_dot_high_impact_control	15	generated_token_16	sae_topk_jaccard_distance_vs_ascii	3	0.9361702127659575	0.0	0.9361702127659575	0.9361702127659575
recipe_neutral	d_dot_high_impact_control	15	generated_token_32	residual_l2_vs_ascii	3	3.4125189781188965	0.0	3.4125189781188965	3.4125189781188965
recipe_neutral	d_dot_high_impact_control	15	generated_token_32	sae_topk_jaccard_distance_vs_ascii	3	0.98989898989899	0.0	0.98989898989899	0.98989898989899
recipe_neutral	d_dot_high_impact_control	15	generated_token_64	residual_l2_vs_ascii	3	3.894876480102539	0.0	3.894876480102539	3.894876480102539
recipe_neutral	d_dot_high_impact_control	15	generated_token_64	sae_topk_jaccard_distance_vs_ascii	3	0.9690721649484536	0.0	0.9690721649484536	0.9690721649484536
recipe_neutral	d_dot_high_impact_control	15	generated_token_8	residual_l2_vs_ascii	3	3.6077845096588135	0.0	3.6077845096588135	3.6077845096588135
recipe_neutral	d_dot_high_impact_control	15	generated_token_8	sae_topk_jaccard_distance_vs_ascii	3	0.9361702127659575	0.0	0.9361702127659575	0.9361702127659575
recipe_neutral	d_dot_high_impact_control	16	final_prompt_token	residual_l2_vs_ascii	3	0.7768905162811279	0.0	0.7768905162811279	0.7768905162811279
recipe_neutral	d_dot_high_impact_control	16	final_prompt_token	sae_topk_jaccard_distance_vs_ascii	3	0.24561403508771928	0.0	0.24561403508771928	0.24561403508771928
recipe_neutral	d_dot_high_impact_control	16	generated_token_1	residual_l2_vs_ascii	3	1.0324592590332031	0.0	1.0324592590332031	1.0324592590332031
recipe_neutral	d_dot_high_impact_control	16	generated_token_1	sae_topk_jaccard_distance_vs_ascii	3	0.4375	0.0	0.4375	0.4375
recipe_neutral	d_dot_high_impact_control	16	generated_token_16	residual_l2_vs_ascii	3	4.381256580352783	0.0	4.381256580352783	4.381256580352783
recipe_neutral	d_dot_high_impact_control	16	generated_token_16	sae_topk_jaccard_distance_vs_ascii	3	0.9473684210526315	1.1102230246251565e-16	0.9473684210526316	0.9473684210526316
recipe_neutral	d_dot_high_impact_control	16	generated_token_32	residual_l2_vs_ascii	3	3.5744876861572266	0.0	3.5744876861572266	3.5744876861572266
recipe_neutral	d_dot_high_impact_control	16	generated_token_32	sae_topk_jaccard_distance_vs_ascii	3	0.98989898989899	0.0	0.98989898989899	0.98989898989899
recipe_neutral	d_dot_high_impact_control	16	generated_token_64	residual_l2_vs_ascii	3	4.187180995941162	0.0	4.187180995941162	4.187180995941162
recipe_neutral	d_dot_high_impact_control	16	generated_token_64	sae_topk_jaccard_distance_vs_ascii	3	0.9795918367346937	1.1102230246251565e-16	0.9795918367346939	0.9795918367346939
recipe_neutral	d_dot_high_impact_control	16	generated_token_8	residual_l2_vs_ascii	3	3.7655911445617676	0.0	3.7655911445617676	3.7655911445617676
recipe_neutral	d_dot_high_impact_control	16	generated_token_8	sae_topk_jaccard_distance_vs_ascii	3	0.9690721649484536	0.0	0.9690721649484536	0.9690721649484536
recipe_neutral	d_dot_high_impact_control	24	final_prompt_token	residual_l2_vs_ascii	3	0.8264909982681274	0.0	0.8264909982681274	0.8264909982681274
recipe_neutral	d_dot_high_impact_control	24	final_prompt_token	sae_topk_jaccard_distance_vs_ascii	3	0.2142857142857143	0.0	0.2142857142857143	0.2142857142857143
recipe_neutral	d_dot_high_impact_control	24	generated_token_1	residual_l2_vs_ascii	3	1.076767921447754	0.0	1.076767921447754	1.076767921447754
recipe_neutral	d_dot_high_impact_control	24	generated_token_1	sae_topk_jaccard_distance_vs_ascii	3	0.360655737704918	0.0	0.360655737704918	0.360655737704918
recipe_neutral	d_dot_high_impact_control	24	generated_token_16	residual_l2_vs_ascii	3	5.869180202484131	0.0	5.869180202484131	5.869180202484131
recipe_neutral	d_dot_high_impact_control	24	generated_token_16	sae_topk_jaccard_distance_vs_ascii	3	0.98989898989899	0.0	0.98989898989899	0.98989898989899
recipe_neutral	d_dot_high_impact_control	24	generated_token_32	residual_l2_vs_ascii	3	5.762302875518799	0.0	5.762302875518799	5.762302875518799
recipe_neutral	d_dot_high_impact_control	24	generated_token_32	sae_topk_jaccard_distance_vs_ascii	3	1.0	0.0	1.0	1.0
recipe_neutral	d_dot_high_impact_control	24	generated_token_64	residual_l2_vs_ascii	3	5.589349269866943	0.0	5.589349269866943	5.589349269866943
recipe_neutral	d_dot_high_impact_control	24	generated_token_64	sae_topk_jaccard_distance_vs_ascii	3	0.9795918367346937	1.1102230246251565e-16	0.9795918367346939	0.9795918367346939
recipe_neutral	d_dot_high_impact_control	24	generated_token_8	residual_l2_vs_ascii	3	5.567591667175293	0.0	5.567591667175293	5.567591667175293
recipe_neutral	d_dot_high_impact_control	24	generated_token_8	sae_topk_jaccard_distance_vs_ascii	3	0.9795918367346937	1.1102230246251565e-16	0.9795918367346939	0.9795918367346939
recipe_neutral	d_dot_high_impact_control	25	final_prompt_token	residual_l2_vs_ascii	3	0.8590922355651855	0.0	0.8590922355651855	0.8590922355651855
recipe_neutral	d_dot_high_impact_control	25	final_prompt_token	sae_topk_jaccard_distance_vs_ascii	3	0.14814814814814814	0.0	0.14814814814814814	0.14814814814814814
recipe_neutral	d_dot_high_impact_control	25	generated_token_1	residual_l2_vs_ascii	3	1.0921807289123535	0.0	1.0921807289123535	1.0921807289123535
recipe_neutral	d_dot_high_impact_control	25	generated_token_1	sae_topk_jaccard_distance_vs_ascii	3	0.360655737704918	0.0	0.360655737704918	0.360655737704918
recipe_neutral	d_dot_high_impact_control	25	generated_token_16	residual_l2_vs_ascii	3	6.253259658813477	0.0	6.253259658813477	6.253259658813477
recipe_neutral	d_dot_high_impact_control	25	generated_token_16	sae_topk_jaccard_distance_vs_ascii	3	0.9690721649484536	0.0	0.9690721649484536	0.9690721649484536
recipe_neutral	d_dot_high_impact_control	25	generated_token_32	residual_l2_vs_ascii	3	5.937255382537842	0.0	5.937255382537842	5.937255382537842
recipe_neutral	d_dot_high_impact_control	25	generated_token_32	sae_topk_jaccard_distance_vs_ascii	3	0.98989898989899	0.0	0.98989898989899	0.98989898989899
recipe_neutral	d_dot_high_impact_control	25	generated_token_64	residual_l2_vs_ascii	3	5.791123867034912	0.0	5.791123867034912	5.791123867034912
recipe_neutral	d_dot_high_impact_control	25	generated_token_64	sae_topk_jaccard_distance_vs_ascii	3	0.9583333333333334	0.0	0.9583333333333334	0.9583333333333334
recipe_neutral	d_dot_high_impact_control	25	generated_token_8	residual_l2_vs_ascii	3	5.732046127319336	0.0	5.732046127319336	5.732046127319336
recipe_neutral	d_dot_high_impact_control	25	generated_token_8	sae_topk_jaccard_distance_vs_ascii	3	0.9690721649484536	0.0	0.9690721649484536	0.9690721649484536
recipe_neutral	d_dot_high_impact_control	26	final_prompt_token	residual_l2_vs_ascii	3	0.8844887614250183	0.0	0.8844887614250183	0.8844887614250183
recipe_neutral	d_dot_high_impact_control	26	final_prompt_token	sae_topk_jaccard_distance_vs_ascii	3	0.30508474576271183	0.0	0.30508474576271183	0.30508474576271183
recipe_neutral	d_dot_high_impact_control	26	generated_token_1	residual_l2_vs_ascii	3	1.0800352096557617	0.0	1.0800352096557617	1.0800352096557617
recipe_neutral	d_dot_high_impact_control	26	generated_token_1	sae_topk_jaccard_distance_vs_ascii	3	0.30508474576271183	0.0	0.30508474576271183	0.30508474576271183
recipe_neutral	d_dot_high_impact_control	26	generated_token_16	residual_l2_vs_ascii	3	6.426536560058594	0.0	6.426536560058594	6.426536560058594
recipe_neutral	d_dot_high_impact_control	26	generated_token_16	sae_topk_jaccard_distance_vs_ascii	3	0.9690721649484536	0.0	0.9690721649484536	0.9690721649484536
recipe_neutral	d_dot_high_impact_control	26	generated_token_32	residual_l2_vs_ascii	3	6.407557487487793	0.0	6.407557487487793	6.407557487487793
recipe_neutral	d_dot_high_impact_control	26	generated_token_32	sae_topk_jaccard_distance_vs_ascii	3	0.98989898989899	0.0	0.98989898989899	0.98989898989899
recipe_neutral	d_dot_high_impact_control	26	generated_token_64	residual_l2_vs_ascii	3	6.056790351867676	0.0	6.056790351867676	6.056790351867676
recipe_neutral	d_dot_high_impact_control	26	generated_token_64	sae_topk_jaccard_distance_vs_ascii	3	0.9690721649484536	0.0	0.9690721649484536	0.9690721649484536
recipe_neutral	d_dot_high_impact_control	26	generated_token_8	residual_l2_vs_ascii	3	5.942758083343506	0.0	5.942758083343506	5.942758083343506
recipe_neutral	d_dot_high_impact_control	26	generated_token_8	sae_topk_jaccard_distance_vs_ascii	3	0.9690721649484536	0.0	0.9690721649484536	0.9690721649484536
recipe_neutral	dcedilla_high_impact	14	final_prompt_token	residual_l2_vs_ascii	3	0.7696408033370972	0.0	0.7696408033370972	0.7696408033370972
recipe_neutral	dcedilla_high_impact	14	final_prompt_token	sae_topk_jaccard_distance_vs_ascii	3	0.27586206896551724	0.0	0.27586206896551724	0.27586206896551724
recipe_neutral	dcedilla_high_impact	14	generated_token_1	residual_l2_vs_ascii	3	0.8528505563735962	0.0	0.8528505563735962	0.8528505563735962
recipe_neutral	dcedilla_high_impact	14	generated_token_1	sae_topk_jaccard_distance_vs_ascii	3	0.360655737704918	0.0	0.360655737704918	0.360655737704918
recipe_neutral	dcedilla_high_impact	14	generated_token_16	residual_l2_vs_ascii	3	4.181427478790283	0.0	4.181427478790283	4.181427478790283
recipe_neutral	dcedilla_high_impact	14	generated_token_16	sae_topk_jaccard_distance_vs_ascii	3	0.9130434782608696	0.0	0.9130434782608696	0.9130434782608696
recipe_neutral	dcedilla_high_impact	14	generated_token_32	residual_l2_vs_ascii	3	3.4889400005340576	0.0	3.4889400005340576	3.4889400005340576
recipe_neutral	dcedilla_high_impact	14	generated_token_32	sae_topk_jaccard_distance_vs_ascii	3	1.0	0.0	1.0	1.0
recipe_neutral	dcedilla_high_impact	14	generated_token_64	residual_l2_vs_ascii	3	4.032521724700928	0.0	4.032521724700928	4.032521724700928
recipe_neutral	dcedilla_high_impact	14	generated_token_64	sae_topk_jaccard_distance_vs_ascii	3	0.98989898989899	0.0	0.98989898989899	0.98989898989899
recipe_neutral	dcedilla_high_impact	14	generated_token_8	residual_l2_vs_ascii	3	3.313814401626587	0.0	3.313814401626587	3.313814401626587
recipe_neutral	dcedilla_high_impact	14	generated_token_8	sae_topk_jaccard_distance_vs_ascii	3	0.9690721649484536	0.0	0.9690721649484536	0.9690721649484536
recipe_neutral	dcedilla_high_impact	15	final_prompt_token	residual_l2_vs_ascii	3	0.6693361401557922	0.0	0.6693361401557922	0.6693361401557922
recipe_neutral	dcedilla_high_impact	15	final_prompt_token	sae_topk_jaccard_distance_vs_ascii	3	0.1132075471698113	0.0	0.1132075471698113	0.1132075471698113
recipe_neutral	dcedilla_high_impact	15	generated_token_1	residual_l2_vs_ascii	3	0.9812565445899963	0.0	0.9812565445899963	0.9812565445899963
recipe_neutral	dcedilla_high_impact	15	generated_token_1	sae_topk_jaccard_distance_vs_ascii	3	0.4375	0.0	0.4375	0.4375
recipe_neutral	dcedilla_high_impact	15	generated_token_16	residual_l2_vs_ascii	3	4.081814289093018	0.0	4.081814289093018	4.081814289093018
recipe_neutral	dcedilla_high_impact	15	generated_token_16	sae_topk_jaccard_distance_vs_ascii	3	0.9247311827956989	0.0	0.9247311827956989	0.9247311827956989
recipe_neutral	dcedilla_high_impact	15	generated_token_32	residual_l2_vs_ascii	3	3.429273843765259	0.0	3.429273843765259	3.429273843765259
recipe_neutral	dcedilla_high_impact	15	generated_token_32	sae_topk_jaccard_distance_vs_ascii	3	0.98989898989899	0.0	0.98989898989899	0.98989898989899
recipe_neutral	dcedilla_high_impact	15	generated_token_64	residual_l2_vs_ascii	3	3.9193150997161865	0.0	3.9193150997161865	3.9193150997161865
recipe_neutral	dcedilla_high_impact	15	generated_token_64	sae_topk_jaccard_distance_vs_ascii	3	0.9795918367346937	1.1102230246251565e-16	0.9795918367346939	0.9795918367346939
recipe_neutral	dcedilla_high_impact	15	generated_token_8	residual_l2_vs_ascii	3	3.6289279460906982	0.0	3.6289279460906982	3.6289279460906982
recipe_neutral	dcedilla_high_impact	15	generated_token_8	sae_topk_jaccard_distance_vs_ascii	3	0.9361702127659575	0.0	0.9361702127659575	0.9361702127659575
recipe_neutral	dcedilla_high_impact	16	final_prompt_token	residual_l2_vs_ascii	3	0.6541727781295776	0.0	0.6541727781295776	0.6541727781295776
recipe_neutral	dcedilla_high_impact	16	final_prompt_token	sae_topk_jaccard_distance_vs_ascii	3	0.18181818181818177	0.0	0.18181818181818177	0.18181818181818177
recipe_neutral	dcedilla_high_impact	16	generated_token_1	residual_l2_vs_ascii	3	0.955897867679596	0.0	0.955897867679596	0.955897867679596
recipe_neutral	dcedilla_high_impact	16	generated_token_1	sae_topk_jaccard_distance_vs_ascii	3	0.3870967741935483	5.551115123125783e-17	0.3870967741935484	0.3870967741935484
recipe_neutral	dcedilla_high_impact	16	generated_token_16	residual_l2_vs_ascii	3	4.381186008453369	0.0	4.381186008453369	4.381186008453369
recipe_neutral	dcedilla_high_impact	16	generated_token_16	sae_topk_jaccard_distance_vs_ascii	3	0.9473684210526315	1.1102230246251565e-16	0.9473684210526316	0.9473684210526316
recipe_neutral	dcedilla_high_impact	16	generated_token_32	residual_l2_vs_ascii	3	3.585573673248291	0.0	3.585573673248291	3.585573673248291
recipe_neutral	dcedilla_high_impact	16	generated_token_32	sae_topk_jaccard_distance_vs_ascii	3	0.98989898989899	0.0	0.98989898989899	0.98989898989899
recipe_neutral	dcedilla_high_impact	16	generated_token_64	residual_l2_vs_ascii	3	4.212635517120361	0.0	4.212635517120361	4.212635517120361
recipe_neutral	dcedilla_high_impact	16	generated_token_64	sae_topk_jaccard_distance_vs_ascii	3	0.9690721649484536	0.0	0.9690721649484536	0.9690721649484536
recipe_neutral	dcedilla_high_impact	16	generated_token_8	residual_l2_vs_ascii	3	3.7842535972595215	0.0	3.7842535972595215	3.7842535972595215
recipe_neutral	dcedilla_high_impact	16	generated_token_8	sae_topk_jaccard_distance_vs_ascii	3	0.9690721649484536	0.0	0.9690721649484536	0.9690721649484536
recipe_neutral	dcedilla_high_impact	24	final_prompt_token	residual_l2_vs_ascii	3	0.8051543831825256	0.0	0.8051543831825256	0.8051543831825256
recipe_neutral	dcedilla_high_impact	24	final_prompt_token	sae_topk_jaccard_distance_vs_ascii	3	0.27586206896551724	0.0	0.27586206896551724	0.27586206896551724
recipe_neutral	dcedilla_high_impact	24	generated_token_1	residual_l2_vs_ascii	3	1.026009202003479	0.0	1.026009202003479	1.026009202003479
recipe_neutral	dcedilla_high_impact	24	generated_token_1	sae_topk_jaccard_distance_vs_ascii	3	0.3333333333333333	5.551115123125783e-17	0.33333333333333337	0.33333333333333337
recipe_neutral	dcedilla_high_impact	24	generated_token_16	residual_l2_vs_ascii	3	5.878051280975342	0.0	5.878051280975342	5.878051280975342
recipe_neutral	dcedilla_high_impact	24	generated_token_16	sae_topk_jaccard_distance_vs_ascii	3	0.98989898989899	0.0	0.98989898989899	0.98989898989899
recipe_neutral	dcedilla_high_impact	24	generated_token_32	residual_l2_vs_ascii	3	5.780830383300781	0.0	5.780830383300781	5.780830383300781
recipe_neutral	dcedilla_high_impact	24	generated_token_32	sae_topk_jaccard_distance_vs_ascii	3	1.0	0.0	1.0	1.0
recipe_neutral	dcedilla_high_impact	24	generated_token_64	residual_l2_vs_ascii	3	5.634357452392578	0.0	5.634357452392578	5.634357452392578
recipe_neutral	dcedilla_high_impact	24	generated_token_64	sae_topk_jaccard_distance_vs_ascii	3	0.9795918367346937	1.1102230246251565e-16	0.9795918367346939	0.9795918367346939
recipe_neutral	dcedilla_high_impact	24	generated_token_8	residual_l2_vs_ascii	3	5.5296502113342285	0.0	5.5296502113342285	5.5296502113342285
recipe_neutral	dcedilla_high_impact	24	generated_token_8	sae_topk_jaccard_distance_vs_ascii	3	0.9795918367346937	1.1102230246251565e-16	0.9795918367346939	0.9795918367346939
recipe_neutral	dcedilla_high_impact	25	final_prompt_token	residual_l2_vs_ascii	3	0.8597795963287354	0.0	0.8597795963287354	0.8597795963287354
recipe_neutral	dcedilla_high_impact	25	final_prompt_token	sae_topk_jaccard_distance_vs_ascii	3	0.2142857142857143	0.0	0.2142857142857143	0.2142857142857143
recipe_neutral	dcedilla_high_impact	25	generated_token_1	residual_l2_vs_ascii	3	1.0405709743499756	0.0	1.0405709743499756	1.0405709743499756
recipe_neutral	dcedilla_high_impact	25	generated_token_1	sae_topk_jaccard_distance_vs_ascii	3	0.30508474576271183	0.0	0.30508474576271183	0.30508474576271183
recipe_neutral	dcedilla_high_impact	25	generated_token_16	residual_l2_vs_ascii	3	6.239448070526123	0.0	6.239448070526123	6.239448070526123
recipe_neutral	dcedilla_high_impact	25	generated_token_16	sae_topk_jaccard_distance_vs_ascii	3	0.9690721649484536	0.0	0.9690721649484536	0.9690721649484536
recipe_neutral	dcedilla_high_impact	25	generated_token_32	residual_l2_vs_ascii	3	5.953813076019287	0.0	5.953813076019287	5.953813076019287
recipe_neutral	dcedilla_high_impact	25	generated_token_32	sae_topk_jaccard_distance_vs_ascii	3	0.98989898989899	0.0	0.98989898989899	0.98989898989899
recipe_neutral	dcedilla_high_impact	25	generated_token_64	residual_l2_vs_ascii	3	5.847325325012207	0.0	5.847325325012207	5.847325325012207
recipe_neutral	dcedilla_high_impact	25	generated_token_64	sae_topk_jaccard_distance_vs_ascii	3	0.9690721649484536	0.0	0.9690721649484536	0.9690721649484536
recipe_neutral	dcedilla_high_impact	25	generated_token_8	residual_l2_vs_ascii	3	5.708002090454102	0.0	5.708002090454102	5.708002090454102
recipe_neutral	dcedilla_high_impact	25	generated_token_8	sae_topk_jaccard_distance_vs_ascii	3	0.9795918367346937	1.1102230246251565e-16	0.9795918367346939	0.9795918367346939
recipe_neutral	dcedilla_high_impact	26	final_prompt_token	residual_l2_vs_ascii	3	0.8839157223701477	0.0	0.8839157223701477	0.8839157223701477
recipe_neutral	dcedilla_high_impact	26	final_prompt_token	sae_topk_jaccard_distance_vs_ascii	3	0.360655737704918	0.0	0.360655737704918	0.360655737704918
recipe_neutral	dcedilla_high_impact	26	generated_token_1	residual_l2_vs_ascii	3	1.0211735963821411	0.0	1.0211735963821411	1.0211735963821411
recipe_neutral	dcedilla_high_impact	26	generated_token_1	sae_topk_jaccard_distance_vs_ascii	3	0.3333333333333333	5.551115123125783e-17	0.33333333333333337	0.33333333333333337
recipe_neutral	dcedilla_high_impact	26	generated_token_16	residual_l2_vs_ascii	3	6.409813404083252	0.0	6.409813404083252	6.409813404083252
recipe_neutral	dcedilla_high_impact	26	generated_token_16	sae_topk_jaccard_distance_vs_ascii	3	0.9690721649484536	0.0	0.9690721649484536	0.9690721649484536
recipe_neutral	dcedilla_high_impact	26	generated_token_32	residual_l2_vs_ascii	3	6.419876575469971	0.0	6.419876575469971	6.419876575469971
recipe_neutral	dcedilla_high_impact	26	generated_token_32	sae_topk_jaccard_distance_vs_ascii	3	0.98989898989899	0.0	0.98989898989899	0.98989898989899
recipe_neutral	dcedilla_high_impact	26	generated_token_64	residual_l2_vs_ascii	3	6.116166114807129	0.0	6.116166114807129	6.116166114807129
recipe_neutral	dcedilla_high_impact	26	generated_token_64	sae_topk_jaccard_distance_vs_ascii	3	0.9795918367346937	1.1102230246251565e-16	0.9795918367346939	0.9795918367346939
recipe_neutral	dcedilla_high_impact	26	generated_token_8	residual_l2_vs_ascii	3	5.952585697174072	0.0	5.952585697174072	5.952585697174072
recipe_neutral	dcedilla_high_impact	26	generated_token_8	sae_topk_jaccard_distance_vs_ascii	3	0.9690721649484536	0.0	0.9690721649484536	0.9690721649484536
recipe_neutral	dcedilla_shuffled_light	14	final_prompt_token	residual_l2_vs_ascii	3	0.7696408033370972	0.0	0.7696408033370972	0.7696408033370972
recipe_neutral	dcedilla_shuffled_light	14	final_prompt_token	sae_topk_jaccard_distance_vs_ascii	3	0.27586206896551724	0.0	0.27586206896551724	0.27586206896551724
recipe_neutral	dcedilla_shuffled_light	14	generated_token_1	residual_l2_vs_ascii	3	0.8528505563735962	0.0	0.8528505563735962	0.8528505563735962
recipe_neutral	dcedilla_shuffled_light	14	generated_token_1	sae_topk_jaccard_distance_vs_ascii	3	0.360655737704918	0.0	0.360655737704918	0.360655737704918
recipe_neutral	dcedilla_shuffled_light	14	generated_token_16	residual_l2_vs_ascii	3	4.181427478790283	0.0	4.181427478790283	4.181427478790283
recipe_neutral	dcedilla_shuffled_light	14	generated_token_16	sae_topk_jaccard_distance_vs_ascii	3	0.9130434782608696	0.0	0.9130434782608696	0.9130434782608696
recipe_neutral	dcedilla_shuffled_light	14	generated_token_32	residual_l2_vs_ascii	3	3.4889400005340576	0.0	3.4889400005340576	3.4889400005340576
recipe_neutral	dcedilla_shuffled_light	14	generated_token_32	sae_topk_jaccard_distance_vs_ascii	3	1.0	0.0	1.0	1.0
recipe_neutral	dcedilla_shuffled_light	14	generated_token_64	residual_l2_vs_ascii	3	4.032521724700928	0.0	4.032521724700928	4.032521724700928
recipe_neutral	dcedilla_shuffled_light	14	generated_token_64	sae_topk_jaccard_distance_vs_ascii	3	0.98989898989899	0.0	0.98989898989899	0.98989898989899
recipe_neutral	dcedilla_shuffled_light	14	generated_token_8	residual_l2_vs_ascii	3	3.313814401626587	0.0	3.313814401626587	3.313814401626587
recipe_neutral	dcedilla_shuffled_light	14	generated_token_8	sae_topk_jaccard_distance_vs_ascii	3	0.9690721649484536	0.0	0.9690721649484536	0.9690721649484536
recipe_neutral	dcedilla_shuffled_light	15	final_prompt_token	residual_l2_vs_ascii	3	0.6693361401557922	0.0	0.6693361401557922	0.6693361401557922
recipe_neutral	dcedilla_shuffled_light	15	final_prompt_token	sae_topk_jaccard_distance_vs_ascii	3	0.1132075471698113	0.0	0.1132075471698113	0.1132075471698113
recipe_neutral	dcedilla_shuffled_light	15	generated_token_1	residual_l2_vs_ascii	3	0.9812565445899963	0.0	0.9812565445899963	0.9812565445899963
recipe_neutral	dcedilla_shuffled_light	15	generated_token_1	sae_topk_jaccard_distance_vs_ascii	3	0.4375	0.0	0.4375	0.4375
recipe_neutral	dcedilla_shuffled_light	15	generated_token_16	residual_l2_vs_ascii	3	4.081814289093018	0.0	4.081814289093018	4.081814289093018
recipe_neutral	dcedilla_shuffled_light	15	generated_token_16	sae_topk_jaccard_distance_vs_ascii	3	0.9247311827956989	0.0	0.9247311827956989	0.9247311827956989
recipe_neutral	dcedilla_shuffled_light	15	generated_token_32	residual_l2_vs_ascii	3	3.429273843765259	0.0	3.429273843765259	3.429273843765259
recipe_neutral	dcedilla_shuffled_light	15	generated_token_32	sae_topk_jaccard_distance_vs_ascii	3	0.98989898989899	0.0	0.98989898989899	0.98989898989899
recipe_neutral	dcedilla_shuffled_light	15	generated_token_64	residual_l2_vs_ascii	3	3.9193150997161865	0.0	3.9193150997161865	3.9193150997161865
recipe_neutral	dcedilla_shuffled_light	15	generated_token_64	sae_topk_jaccard_distance_vs_ascii	3	0.9795918367346937	1.1102230246251565e-16	0.9795918367346939	0.9795918367346939
recipe_neutral	dcedilla_shuffled_light	15	generated_token_8	residual_l2_vs_ascii	3	3.6289279460906982	0.0	3.6289279460906982	3.6289279460906982
recipe_neutral	dcedilla_shuffled_light	15	generated_token_8	sae_topk_jaccard_distance_vs_ascii	3	0.9361702127659575	0.0	0.9361702127659575	0.9361702127659575
recipe_neutral	dcedilla_shuffled_light	16	final_prompt_token	residual_l2_vs_ascii	3	0.6541727781295776	0.0	0.6541727781295776	0.6541727781295776
recipe_neutral	dcedilla_shuffled_light	16	final_prompt_token	sae_topk_jaccard_distance_vs_ascii	3	0.18181818181818177	0.0	0.18181818181818177	0.18181818181818177
recipe_neutral	dcedilla_shuffled_light	16	generated_token_1	residual_l2_vs_ascii	3	0.955897867679596	0.0	0.955897867679596	0.955897867679596
recipe_neutral	dcedilla_shuffled_light	16	generated_token_1	sae_topk_jaccard_distance_vs_ascii	3	0.3870967741935483	5.551115123125783e-17	0.3870967741935484	0.3870967741935484
recipe_neutral	dcedilla_shuffled_light	16	generated_token_16	residual_l2_vs_ascii	3	4.381186008453369	0.0	4.381186008453369	4.381186008453369
recipe_neutral	dcedilla_shuffled_light	16	generated_token_16	sae_topk_jaccard_distance_vs_ascii	3	0.9473684210526315	1.1102230246251565e-16	0.9473684210526316	0.9473684210526316
recipe_neutral	dcedilla_shuffled_light	16	generated_token_32	residual_l2_vs_ascii	3	3.585573673248291	0.0	3.585573673248291	3.585573673248291
recipe_neutral	dcedilla_shuffled_light	16	generated_token_32	sae_topk_jaccard_distance_vs_ascii	3	0.98989898989899	0.0	0.98989898989899	0.98989898989899
recipe_neutral	dcedilla_shuffled_light	16	generated_token_64	residual_l2_vs_ascii	3	4.212635517120361	0.0	4.212635517120361	4.212635517120361
recipe_neutral	dcedilla_shuffled_light	16	generated_token_64	sae_topk_jaccard_distance_vs_ascii	3	0.9690721649484536	0.0	0.9690721649484536	0.9690721649484536
recipe_neutral	dcedilla_shuffled_light	16	generated_token_8	residual_l2_vs_ascii	3	3.7842535972595215	0.0	3.7842535972595215	3.7842535972595215
recipe_neutral	dcedilla_shuffled_light	16	generated_token_8	sae_topk_jaccard_distance_vs_ascii	3	0.9690721649484536	0.0	0.9690721649484536	0.9690721649484536
recipe_neutral	dcedilla_shuffled_light	24	final_prompt_token	residual_l2_vs_ascii	3	0.8051543831825256	0.0	0.8051543831825256	0.8051543831825256
recipe_neutral	dcedilla_shuffled_light	24	final_prompt_token	sae_topk_jaccard_distance_vs_ascii	3	0.27586206896551724	0.0	0.27586206896551724	0.27586206896551724
recipe_neutral	dcedilla_shuffled_light	24	generated_token_1	residual_l2_vs_ascii	3	1.026009202003479	0.0	1.026009202003479	1.026009202003479
recipe_neutral	dcedilla_shuffled_light	24	generated_token_1	sae_topk_jaccard_distance_vs_ascii	3	0.3333333333333333	5.551115123125783e-17	0.33333333333333337	0.33333333333333337
recipe_neutral	dcedilla_shuffled_light	24	generated_token_16	residual_l2_vs_ascii	3	5.878051280975342	0.0	5.878051280975342	5.878051280975342
recipe_neutral	dcedilla_shuffled_light	24	generated_token_16	sae_topk_jaccard_distance_vs_ascii	3	0.98989898989899	0.0	0.98989898989899	0.98989898989899
recipe_neutral	dcedilla_shuffled_light	24	generated_token_32	residual_l2_vs_ascii	3	5.780830383300781	0.0	5.780830383300781	5.780830383300781
recipe_neutral	dcedilla_shuffled_light	24	generated_token_32	sae_topk_jaccard_distance_vs_ascii	3	1.0	0.0	1.0	1.0
recipe_neutral	dcedilla_shuffled_light	24	generated_token_64	residual_l2_vs_ascii	3	5.634357452392578	0.0	5.634357452392578	5.634357452392578
recipe_neutral	dcedilla_shuffled_light	24	generated_token_64	sae_topk_jaccard_distance_vs_ascii	3	0.9795918367346937	1.1102230246251565e-16	0.9795918367346939	0.9795918367346939
recipe_neutral	dcedilla_shuffled_light	24	generated_token_8	residual_l2_vs_ascii	3	5.5296502113342285	0.0	5.5296502113342285	5.5296502113342285
recipe_neutral	dcedilla_shuffled_light	24	generated_token_8	sae_topk_jaccard_distance_vs_ascii	3	0.9795918367346937	1.1102230246251565e-16	0.9795918367346939	0.9795918367346939
recipe_neutral	dcedilla_shuffled_light	25	final_prompt_token	residual_l2_vs_ascii	3	0.8597795963287354	0.0	0.8597795963287354	0.8597795963287354
recipe_neutral	dcedilla_shuffled_light	25	final_prompt_token	sae_topk_jaccard_distance_vs_ascii	3	0.2142857142857143	0.0	0.2142857142857143	0.2142857142857143
recipe_neutral	dcedilla_shuffled_light	25	generated_token_1	residual_l2_vs_ascii	3	1.0405709743499756	0.0	1.0405709743499756	1.0405709743499756
recipe_neutral	dcedilla_shuffled_light	25	generated_token_1	sae_topk_jaccard_distance_vs_ascii	3	0.30508474576271183	0.0	0.30508474576271183	0.30508474576271183
recipe_neutral	dcedilla_shuffled_light	25	generated_token_16	residual_l2_vs_ascii	3	6.239448070526123	0.0	6.239448070526123	6.239448070526123
recipe_neutral	dcedilla_shuffled_light	25	generated_token_16	sae_topk_jaccard_distance_vs_ascii	3	0.9690721649484536	0.0	0.9690721649484536	0.9690721649484536
recipe_neutral	dcedilla_shuffled_light	25	generated_token_32	residual_l2_vs_ascii	3	5.953813076019287	0.0	5.953813076019287	5.953813076019287
recipe_neutral	dcedilla_shuffled_light	25	generated_token_32	sae_topk_jaccard_distance_vs_ascii	3	0.98989898989899	0.0	0.98989898989899	0.98989898989899
recipe_neutral	dcedilla_shuffled_light	25	generated_token_64	residual_l2_vs_ascii	3	5.847325325012207	0.0	5.847325325012207	5.847325325012207
recipe_neutral	dcedilla_shuffled_light	25	generated_token_64	sae_topk_jaccard_distance_vs_ascii	3	0.9690721649484536	0.0	0.9690721649484536	0.9690721649484536
recipe_neutral	dcedilla_shuffled_light	25	generated_token_8	residual_l2_vs_ascii	3	5.708002090454102	0.0	5.708002090454102	5.708002090454102
recipe_neutral	dcedilla_shuffled_light	25	generated_token_8	sae_topk_jaccard_distance_vs_ascii	3	0.9795918367346937	1.1102230246251565e-16	0.9795918367346939	0.9795918367346939
recipe_neutral	dcedilla_shuffled_light	26	final_prompt_token	residual_l2_vs_ascii	3	0.8839157223701477	0.0	0.8839157223701477	0.8839157223701477
recipe_neutral	dcedilla_shuffled_light	26	final_prompt_token	sae_topk_jaccard_distance_vs_ascii	3	0.360655737704918	0.0	0.360655737704918	0.360655737704918
recipe_neutral	dcedilla_shuffled_light	26	generated_token_1	residual_l2_vs_ascii	3	1.0211735963821411	0.0	1.0211735963821411	1.0211735963821411
recipe_neutral	dcedilla_shuffled_light	26	generated_token_1	sae_topk_jaccard_distance_vs_ascii	3	0.3333333333333333	5.551115123125783e-17	0.33333333333333337	0.33333333333333337
recipe_neutral	dcedilla_shuffled_light	26	generated_token_16	residual_l2_vs_ascii	3	6.409813404083252	0.0	6.409813404083252	6.409813404083252
recipe_neutral	dcedilla_shuffled_light	26	generated_token_16	sae_topk_jaccard_distance_vs_ascii	3	0.9690721649484536	0.0	0.9690721649484536	0.9690721649484536
recipe_neutral	dcedilla_shuffled_light	26	generated_token_32	residual_l2_vs_ascii	3	6.419876575469971	0.0	6.419876575469971	6.419876575469971
recipe_neutral	dcedilla_shuffled_light	26	generated_token_32	sae_topk_jaccard_distance_vs_ascii	3	0.98989898989899	0.0	0.98989898989899	0.98989898989899
recipe_neutral	dcedilla_shuffled_light	26	generated_token_64	residual_l2_vs_ascii	3	6.116166114807129	0.0	6.116166114807129	6.116166114807129
recipe_neutral	dcedilla_shuffled_light	26	generated_token_64	sae_topk_jaccard_distance_vs_ascii	3	0.9795918367346937	1.1102230246251565e-16	0.9795918367346939	0.9795918367346939
recipe_neutral	dcedilla_shuffled_light	26	generated_token_8	residual_l2_vs_ascii	3	5.952585697174072	0.0	5.952585697174072	5.952585697174072
recipe_neutral	dcedilla_shuffled_light	26	generated_token_8	sae_topk_jaccard_distance_vs_ascii	3	0.9690721649484536	0.0	0.9690721649484536	0.9690721649484536
recipe_neutral	dense_dcedilla_all	14	final_prompt_token	residual_l2_vs_ascii	3	0.9432513117790222	0.0	0.9432513117790222	0.9432513117790222
recipe_neutral	dense_dcedilla_all	14	final_prompt_token	sae_topk_jaccard_distance_vs_ascii	3	0.27586206896551724	0.0	0.27586206896551724	0.27586206896551724
recipe_neutral	dense_dcedilla_all	14	generated_token_1	residual_l2_vs_ascii	3	1.1340525150299072	0.0	1.1340525150299072	1.1340525150299072
recipe_neutral	dense_dcedilla_all	14	generated_token_1	sae_topk_jaccard_distance_vs_ascii	3	0.4615384615384615	5.551115123125783e-17	0.46153846153846156	0.46153846153846156
recipe_neutral	dense_dcedilla_all	14	generated_token_16	residual_l2_vs_ascii	3	3.7946062088012695	0.0	3.7946062088012695	3.7946062088012695
recipe_neutral	dense_dcedilla_all	14	generated_token_16	sae_topk_jaccard_distance_vs_ascii	3	0.9130434782608696	0.0	0.9130434782608696	0.9130434782608696
recipe_neutral	dense_dcedilla_all	14	generated_token_32	residual_l2_vs_ascii	3	4.331640243530273	0.0	4.331640243530273	4.331640243530273
recipe_neutral	dense_dcedilla_all	14	generated_token_32	sae_topk_jaccard_distance_vs_ascii	3	1.0	0.0	1.0	1.0
recipe_neutral	dense_dcedilla_all	14	generated_token_64	residual_l2_vs_ascii	3	3.815721035003662	0.0	3.815721035003662	3.815721035003662
recipe_neutral	dense_dcedilla_all	14	generated_token_64	sae_topk_jaccard_distance_vs_ascii	3	0.9690721649484536	0.0	0.9690721649484536	0.9690721649484536
recipe_neutral	dense_dcedilla_all	14	generated_token_8	residual_l2_vs_ascii	3	3.293497085571289	0.0	3.293497085571289	3.293497085571289
recipe_neutral	dense_dcedilla_all	14	generated_token_8	sae_topk_jaccard_distance_vs_ascii	3	0.9690721649484536	0.0	0.9690721649484536	0.9690721649484536
recipe_neutral	dense_dcedilla_all	15	final_prompt_token	residual_l2_vs_ascii	3	0.9348760843276978	0.0	0.9348760843276978	0.9348760843276978
recipe_neutral	dense_dcedilla_all	15	final_prompt_token	sae_topk_jaccard_distance_vs_ascii	3	0.18181818181818177	0.0	0.18181818181818177	0.18181818181818177
recipe_neutral	dense_dcedilla_all	15	generated_token_1	residual_l2_vs_ascii	3	1.2467164993286133	0.0	1.2467164993286133	1.2467164993286133
recipe_neutral	dense_dcedilla_all	15	generated_token_1	sae_topk_jaccard_distance_vs_ascii	3	0.48484848484848486	0.0	0.48484848484848486	0.48484848484848486
recipe_neutral	dense_dcedilla_all	15	generated_token_16	residual_l2_vs_ascii	3	3.522481918334961	0.0	3.522481918334961	3.522481918334961
recipe_neutral	dense_dcedilla_all	15	generated_token_16	sae_topk_jaccard_distance_vs_ascii	3	0.9361702127659575	0.0	0.9361702127659575	0.9361702127659575
recipe_neutral	dense_dcedilla_all	15	generated_token_32	residual_l2_vs_ascii	3	4.1958746910095215	0.0	4.1958746910095215	4.1958746910095215
recipe_neutral	dense_dcedilla_all	15	generated_token_32	sae_topk_jaccard_distance_vs_ascii	3	0.98989898989899	0.0	0.98989898989899	0.98989898989899
recipe_neutral	dense_dcedilla_all	15	generated_token_64	residual_l2_vs_ascii	3	3.6900126934051514	0.0	3.6900126934051514	3.6900126934051514
recipe_neutral	dense_dcedilla_all	15	generated_token_64	sae_topk_jaccard_distance_vs_ascii	3	0.9690721649484536	0.0	0.9690721649484536	0.9690721649484536
recipe_neutral	dense_dcedilla_all	15	generated_token_8	residual_l2_vs_ascii	3	3.644183874130249	0.0	3.644183874130249	3.644183874130249
recipe_neutral	dense_dcedilla_all	15	generated_token_8	sae_topk_jaccard_distance_vs_ascii	3	0.9361702127659575	0.0	0.9361702127659575	0.9361702127659575
recipe_neutral	dense_dcedilla_all	16	final_prompt_token	residual_l2_vs_ascii	3	0.9559323191642761	0.0	0.9559323191642761	0.9559323191642761
recipe_neutral	dense_dcedilla_all	16	final_prompt_token	sae_topk_jaccard_distance_vs_ascii	3	0.27586206896551724	0.0	0.27586206896551724	0.27586206896551724
recipe_neutral	dense_dcedilla_all	16	generated_token_1	residual_l2_vs_ascii	3	1.2090781927108765	0.0	1.2090781927108765	1.2090781927108765
recipe_neutral	dense_dcedilla_all	16	generated_token_1	sae_topk_jaccard_distance_vs_ascii	3	0.48484848484848486	0.0	0.48484848484848486	0.48484848484848486
recipe_neutral	dense_dcedilla_all	16	generated_token_16	residual_l2_vs_ascii	3	3.689997673034668	0.0	3.689997673034668	3.689997673034668
recipe_neutral	dense_dcedilla_all	16	generated_token_16	sae_topk_jaccard_distance_vs_ascii	3	0.9583333333333334	0.0	0.9583333333333334	0.9583333333333334
recipe_neutral	dense_dcedilla_all	16	generated_token_32	residual_l2_vs_ascii	3	4.222231388092041	0.0	4.222231388092041	4.222231388092041
recipe_neutral	dense_dcedilla_all	16	generated_token_32	sae_topk_jaccard_distance_vs_ascii	3	0.98989898989899	0.0	0.98989898989899	0.98989898989899
recipe_neutral	dense_dcedilla_all	16	generated_token_64	residual_l2_vs_ascii	3	4.033940315246582	0.0	4.033940315246582	4.033940315246582
recipe_neutral	dense_dcedilla_all	16	generated_token_64	sae_topk_jaccard_distance_vs_ascii	3	0.9583333333333334	0.0	0.9583333333333334	0.9583333333333334
recipe_neutral	dense_dcedilla_all	16	generated_token_8	residual_l2_vs_ascii	3	3.7672464847564697	0.0	3.7672464847564697	3.7672464847564697
recipe_neutral	dense_dcedilla_all	16	generated_token_8	sae_topk_jaccard_distance_vs_ascii	3	0.9795918367346937	1.1102230246251565e-16	0.9795918367346939	0.9795918367346939
recipe_neutral	dense_dcedilla_all	24	final_prompt_token	residual_l2_vs_ascii	3	1.3134524822235107	0.0	1.3134524822235107	1.3134524822235107
recipe_neutral	dense_dcedilla_all	24	final_prompt_token	sae_topk_jaccard_distance_vs_ascii	3	0.4375	0.0	0.4375	0.4375
recipe_neutral	dense_dcedilla_all	24	generated_token_1	residual_l2_vs_ascii	3	1.2935702800750732	0.0	1.2935702800750732	1.2935702800750732
recipe_neutral	dense_dcedilla_all	24	generated_token_1	sae_topk_jaccard_distance_vs_ascii	3	0.41269841269841273	5.551115123125783e-17	0.4126984126984127	0.4126984126984127
recipe_neutral	dense_dcedilla_all	24	generated_token_16	residual_l2_vs_ascii	3	5.521725177764893	0.0	5.521725177764893	5.521725177764893
recipe_neutral	dense_dcedilla_all	24	generated_token_16	sae_topk_jaccard_distance_vs_ascii	3	0.98989898989899	0.0	0.98989898989899	0.98989898989899
recipe_neutral	dense_dcedilla_all	24	generated_token_32	residual_l2_vs_ascii	3	6.741627216339111	0.0	6.741627216339111	6.741627216339111
recipe_neutral	dense_dcedilla_all	24	generated_token_32	sae_topk_jaccard_distance_vs_ascii	3	0.98989898989899	0.0	0.98989898989899	0.98989898989899
recipe_neutral	dense_dcedilla_all	24	generated_token_64	residual_l2_vs_ascii	3	5.422766208648682	0.0	5.422766208648682	5.422766208648682
recipe_neutral	dense_dcedilla_all	24	generated_token_64	sae_topk_jaccard_distance_vs_ascii	3	0.9690721649484536	0.0	0.9690721649484536	0.9690721649484536
recipe_neutral	dense_dcedilla_all	24	generated_token_8	residual_l2_vs_ascii	3	5.558516979217529	0.0	5.558516979217529	5.558516979217529
recipe_neutral	dense_dcedilla_all	24	generated_token_8	sae_topk_jaccard_distance_vs_ascii	3	0.9795918367346937	1.1102230246251565e-16	0.9795918367346939	0.9795918367346939
recipe_neutral	dense_dcedilla_all	25	final_prompt_token	residual_l2_vs_ascii	3	1.3655189275741577	0.0	1.3655189275741577	1.3655189275741577
recipe_neutral	dense_dcedilla_all	25	final_prompt_token	sae_topk_jaccard_distance_vs_ascii	3	0.30508474576271183	0.0	0.30508474576271183	0.30508474576271183
recipe_neutral	dense_dcedilla_all	25	generated_token_1	residual_l2_vs_ascii	3	1.2996186017990112	0.0	1.2996186017990112	1.2996186017990112
recipe_neutral	dense_dcedilla_all	25	generated_token_1	sae_topk_jaccard_distance_vs_ascii	3	0.30508474576271183	0.0	0.30508474576271183	0.30508474576271183
recipe_neutral	dense_dcedilla_all	25	generated_token_16	residual_l2_vs_ascii	3	5.977845668792725	0.0	5.977845668792725	5.977845668792725
recipe_neutral	dense_dcedilla_all	25	generated_token_16	sae_topk_jaccard_distance_vs_ascii	3	0.9690721649484536	0.0	0.9690721649484536	0.9690721649484536
recipe_neutral	dense_dcedilla_all	25	generated_token_32	residual_l2_vs_ascii	3	6.994180202484131	0.0	6.994180202484131	6.994180202484131
recipe_neutral	dense_dcedilla_all	25	generated_token_32	sae_topk_jaccard_distance_vs_ascii	3	0.98989898989899	0.0	0.98989898989899	0.98989898989899
recipe_neutral	dense_dcedilla_all	25	generated_token_64	residual_l2_vs_ascii	3	5.698467254638672	0.0	5.698467254638672	5.698467254638672
recipe_neutral	dense_dcedilla_all	25	generated_token_64	sae_topk_jaccard_distance_vs_ascii	3	0.9690721649484536	0.0	0.9690721649484536	0.9690721649484536
recipe_neutral	dense_dcedilla_all	25	generated_token_8	residual_l2_vs_ascii	3	5.738701343536377	0.0	5.738701343536377	5.738701343536377
recipe_neutral	dense_dcedilla_all	25	generated_token_8	sae_topk_jaccard_distance_vs_ascii	3	0.9690721649484536	0.0	0.9690721649484536	0.9690721649484536
recipe_neutral	dense_dcedilla_all	26	final_prompt_token	residual_l2_vs_ascii	3	1.4963884353637695	0.0	1.4963884353637695	1.4963884353637695
recipe_neutral	dense_dcedilla_all	26	final_prompt_token	sae_topk_jaccard_distance_vs_ascii	3	0.360655737704918	0.0	0.360655737704918	0.360655737704918
recipe_neutral	dense_dcedilla_all	26	generated_token_1	residual_l2_vs_ascii	3	1.3271414041519165	0.0	1.3271414041519165	1.3271414041519165
recipe_neutral	dense_dcedilla_all	26	generated_token_1	sae_topk_jaccard_distance_vs_ascii	3	0.41269841269841273	5.551115123125783e-17	0.4126984126984127	0.4126984126984127
recipe_neutral	dense_dcedilla_all	26	generated_token_16	residual_l2_vs_ascii	3	6.263894081115723	0.0	6.263894081115723	6.263894081115723
recipe_neutral	dense_dcedilla_all	26	generated_token_16	sae_topk_jaccard_distance_vs_ascii	3	0.9795918367346937	1.1102230246251565e-16	0.9795918367346939	0.9795918367346939
recipe_neutral	dense_dcedilla_all	26	generated_token_32	residual_l2_vs_ascii	3	7.314886093139648	0.0	7.314886093139648	7.314886093139648
recipe_neutral	dense_dcedilla_all	26	generated_token_32	sae_topk_jaccard_distance_vs_ascii	3	0.98989898989899	0.0	0.98989898989899	0.98989898989899
recipe_neutral	dense_dcedilla_all	26	generated_token_64	residual_l2_vs_ascii	3	5.686646461486816	0.0	5.686646461486816	5.686646461486816
recipe_neutral	dense_dcedilla_all	26	generated_token_64	sae_topk_jaccard_distance_vs_ascii	3	0.9690721649484536	0.0	0.9690721649484536	0.9690721649484536
recipe_neutral	dense_dcedilla_all	26	generated_token_8	residual_l2_vs_ascii	3	5.9625630378723145	0.0	5.9625630378723145	5.9625630378723145
recipe_neutral	dense_dcedilla_all	26	generated_token_8	sae_topk_jaccard_distance_vs_ascii	3	0.9690721649484536	0.0	0.9690721649484536	0.9690721649484536
recipe_neutral	dense_global_mixed	14	final_prompt_token	residual_l2_vs_ascii	3	2.0631167888641357	0.0	2.0631167888641357	2.0631167888641357
recipe_neutral	dense_global_mixed	14	final_prompt_token	sae_topk_jaccard_distance_vs_ascii	3	0.7012987012987013	0.0	0.7012987012987013	0.7012987012987013
recipe_neutral	dense_global_mixed	14	generated_token_1	residual_l2_vs_ascii	3	1.756800889968872	0.0	1.756800889968872	1.756800889968872
recipe_neutral	dense_global_mixed	14	generated_token_1	sae_topk_jaccard_distance_vs_ascii	3	0.717948717948718	0.0	0.717948717948718	0.717948717948718
recipe_neutral	dense_global_mixed	14	generated_token_16	residual_l2_vs_ascii	3	4.461253643035889	0.0	4.461253643035889	4.461253643035889
recipe_neutral	dense_global_mixed	14	generated_token_16	sae_topk_jaccard_distance_vs_ascii	3	0.98989898989899	0.0	0.98989898989899	0.98989898989899
recipe_neutral	dense_global_mixed	14	generated_token_32	residual_l2_vs_ascii	3	3.2008185386657715	0.0	3.2008185386657715	3.2008185386657715
recipe_neutral	dense_global_mixed	14	generated_token_32	sae_topk_jaccard_distance_vs_ascii	3	0.9583333333333334	0.0	0.9583333333333334	0.9583333333333334
recipe_neutral	dense_global_mixed	14	generated_token_64	residual_l2_vs_ascii	3	4.680807590484619	0.0	4.680807590484619	4.680807590484619
recipe_neutral	dense_global_mixed	14	generated_token_64	sae_topk_jaccard_distance_vs_ascii	3	1.0	0.0	1.0	1.0
recipe_neutral	dense_global_mixed	14	generated_token_8	residual_l2_vs_ascii	3	2.4975123405456543	0.0	2.4975123405456543	2.4975123405456543
recipe_neutral	dense_global_mixed	14	generated_token_8	sae_topk_jaccard_distance_vs_ascii	3	0.8095238095238096	1.1102230246251565e-16	0.8095238095238095	0.8095238095238095
recipe_neutral	dense_global_mixed	15	final_prompt_token	residual_l2_vs_ascii	3	2.079761266708374	0.0	2.079761266708374	2.079761266708374
recipe_neutral	dense_global_mixed	15	final_prompt_token	sae_topk_jaccard_distance_vs_ascii	3	0.5714285714285714	0.0	0.5714285714285714	0.5714285714285714
recipe_neutral	dense_global_mixed	15	generated_token_1	residual_l2_vs_ascii	3	1.8391101360321045	0.0	1.8391101360321045	1.8391101360321045
recipe_neutral	dense_global_mixed	15	generated_token_1	sae_topk_jaccard_distance_vs_ascii	3	0.717948717948718	0.0	0.717948717948718	0.717948717948718
recipe_neutral	dense_global_mixed	15	generated_token_16	residual_l2_vs_ascii	3	4.1187052726745605	0.0	4.1187052726745605	4.1187052726745605
recipe_neutral	dense_global_mixed	15	generated_token_16	sae_topk_jaccard_distance_vs_ascii	3	0.98989898989899	0.0	0.98989898989899	0.98989898989899
recipe_neutral	dense_global_mixed	15	generated_token_32	residual_l2_vs_ascii	3	3.353651762008667	0.0	3.353651762008667	3.353651762008667
recipe_neutral	dense_global_mixed	15	generated_token_32	sae_topk_jaccard_distance_vs_ascii	3	0.9361702127659575	0.0	0.9361702127659575	0.9361702127659575
recipe_neutral	dense_global_mixed	15	generated_token_64	residual_l2_vs_ascii	3	4.689852714538574	0.0	4.689852714538574	4.689852714538574
recipe_neutral	dense_global_mixed	15	generated_token_64	sae_topk_jaccard_distance_vs_ascii	3	1.0	0.0	1.0	1.0
recipe_neutral	dense_global_mixed	15	generated_token_8	residual_l2_vs_ascii	3	2.7142558097839355	0.0	2.7142558097839355	2.7142558097839355
recipe_neutral	dense_global_mixed	15	generated_token_8	sae_topk_jaccard_distance_vs_ascii	3	0.8505747126436781	0.0	0.8505747126436781	0.8505747126436781
recipe_neutral	dense_global_mixed	16	final_prompt_token	residual_l2_vs_ascii	3	2.1651611328125	0.0	2.1651611328125	2.1651611328125
recipe_neutral	dense_global_mixed	16	final_prompt_token	sae_topk_jaccard_distance_vs_ascii	3	0.6111111111111112	0.0	0.6111111111111112	0.6111111111111112
recipe_neutral	dense_global_mixed	16	generated_token_1	residual_l2_vs_ascii	3	1.847977638244629	0.0	1.847977638244629	1.847977638244629
recipe_neutral	dense_global_mixed	16	generated_token_1	sae_topk_jaccard_distance_vs_ascii	3	0.6842105263157895	0.0	0.6842105263157895	0.6842105263157895
recipe_neutral	dense_global_mixed	16	generated_token_16	residual_l2_vs_ascii	3	4.256043910980225	0.0	4.256043910980225	4.256043910980225
recipe_neutral	dense_global_mixed	16	generated_token_16	sae_topk_jaccard_distance_vs_ascii	3	0.98989898989899	0.0	0.98989898989899	0.98989898989899
recipe_neutral	dense_global_mixed	16	generated_token_32	residual_l2_vs_ascii	3	3.475372314453125	0.0	3.475372314453125	3.475372314453125
recipe_neutral	dense_global_mixed	16	generated_token_32	sae_topk_jaccard_distance_vs_ascii	3	0.9130434782608696	0.0	0.9130434782608696	0.9130434782608696
recipe_neutral	dense_global_mixed	16	generated_token_64	residual_l2_vs_ascii	3	5.0738043785095215	0.0	5.0738043785095215	5.0738043785095215
recipe_neutral	dense_global_mixed	16	generated_token_64	sae_topk_jaccard_distance_vs_ascii	3	1.0	0.0	1.0	1.0
recipe_neutral	dense_global_mixed	16	generated_token_8	residual_l2_vs_ascii	3	2.8184471130371094	0.0	2.8184471130371094	2.8184471130371094
recipe_neutral	dense_global_mixed	16	generated_token_8	sae_topk_jaccard_distance_vs_ascii	3	0.7951807228915663	0.0	0.7951807228915663	0.7951807228915663
recipe_neutral	dense_global_mixed	24	final_prompt_token	residual_l2_vs_ascii	3	2.876556396484375	0.0	2.876556396484375	2.876556396484375
recipe_neutral	dense_global_mixed	24	final_prompt_token	sae_topk_jaccard_distance_vs_ascii	3	0.7341772151898734	0.0	0.7341772151898734	0.7341772151898734
recipe_neutral	dense_global_mixed	24	generated_token_1	residual_l2_vs_ascii	3	2.4733688831329346	0.0	2.4733688831329346	2.4733688831329346
recipe_neutral	dense_global_mixed	24	generated_token_1	sae_topk_jaccard_distance_vs_ascii	3	0.7341772151898734	0.0	0.7341772151898734	0.7341772151898734
recipe_neutral	dense_global_mixed	24	generated_token_16	residual_l2_vs_ascii	3	5.821052551269531	0.0	5.821052551269531	5.821052551269531
recipe_neutral	dense_global_mixed	24	generated_token_16	sae_topk_jaccard_distance_vs_ascii	3	0.9795918367346937	1.1102230246251565e-16	0.9795918367346939	0.9795918367346939
recipe_neutral	dense_global_mixed	24	generated_token_32	residual_l2_vs_ascii	3	5.368034362792969	0.0	5.368034362792969	5.368034362792969
recipe_neutral	dense_global_mixed	24	generated_token_32	sae_topk_jaccard_distance_vs_ascii	3	0.8888888888888888	0.0	0.8888888888888888	0.8888888888888888
recipe_neutral	dense_global_mixed	24	generated_token_64	residual_l2_vs_ascii	3	7.028237342834473	0.0	7.028237342834473	7.028237342834473
recipe_neutral	dense_global_mixed	24	generated_token_64	sae_topk_jaccard_distance_vs_ascii	3	0.98989898989899	0.0	0.98989898989899	0.98989898989899
recipe_neutral	dense_global_mixed	24	generated_token_8	residual_l2_vs_ascii	3	4.5553131103515625	0.0	4.5553131103515625	4.5553131103515625
recipe_neutral	dense_global_mixed	24	generated_token_8	sae_topk_jaccard_distance_vs_ascii	3	0.8764044943820225	0.0	0.8764044943820225	0.8764044943820225
recipe_neutral	dense_global_mixed	25	final_prompt_token	residual_l2_vs_ascii	3	3.114138603210449	0.0	3.114138603210449	3.114138603210449
recipe_neutral	dense_global_mixed	25	final_prompt_token	sae_topk_jaccard_distance_vs_ascii	3	0.7012987012987013	0.0	0.7012987012987013	0.7012987012987013
recipe_neutral	dense_global_mixed	25	generated_token_1	residual_l2_vs_ascii	3	2.576320171356201	0.0	2.576320171356201	2.576320171356201
recipe_neutral	dense_global_mixed	25	generated_token_1	sae_topk_jaccard_distance_vs_ascii	3	0.717948717948718	0.0	0.717948717948718	0.717948717948718
recipe_neutral	dense_global_mixed	25	generated_token_16	residual_l2_vs_ascii	3	6.271833896636963	0.0	6.271833896636963	6.271833896636963
recipe_neutral	dense_global_mixed	25	generated_token_16	sae_topk_jaccard_distance_vs_ascii	3	0.9690721649484536	0.0	0.9690721649484536	0.9690721649484536
recipe_neutral	dense_global_mixed	25	generated_token_32	residual_l2_vs_ascii	3	5.285856246948242	0.0	5.285856246948242	5.285856246948242
recipe_neutral	dense_global_mixed	25	generated_token_32	sae_topk_jaccard_distance_vs_ascii	3	0.9010989010989011	0.0	0.9010989010989011	0.9010989010989011
recipe_neutral	dense_global_mixed	25	generated_token_64	residual_l2_vs_ascii	3	7.180687427520752	0.0	7.180687427520752	7.180687427520752
recipe_neutral	dense_global_mixed	25	generated_token_64	sae_topk_jaccard_distance_vs_ascii	3	0.9795918367346937	1.1102230246251565e-16	0.9795918367346939	0.9795918367346939
recipe_neutral	dense_global_mixed	25	generated_token_8	residual_l2_vs_ascii	3	4.666162967681885	0.0	4.666162967681885	4.666162967681885
recipe_neutral	dense_global_mixed	25	generated_token_8	sae_topk_jaccard_distance_vs_ascii	3	0.9010989010989011	0.0	0.9010989010989011	0.9010989010989011
recipe_neutral	dense_global_mixed	26	final_prompt_token	residual_l2_vs_ascii	3	3.346956729888916	0.0	3.346956729888916	3.346956729888916
recipe_neutral	dense_global_mixed	26	final_prompt_token	sae_topk_jaccard_distance_vs_ascii	3	0.7654320987654323	1.1102230246251565e-16	0.7654320987654322	0.7654320987654322
recipe_neutral	dense_global_mixed	26	generated_token_1	residual_l2_vs_ascii	3	2.6639821529388428	0.0	2.6639821529388428	2.6639821529388428
recipe_neutral	dense_global_mixed	26	generated_token_1	sae_topk_jaccard_distance_vs_ascii	3	0.5915492957746479	0.0	0.5915492957746479	0.5915492957746479
recipe_neutral	dense_global_mixed	26	generated_token_16	residual_l2_vs_ascii	3	6.479673862457275	0.0	6.479673862457275	6.479673862457275
recipe_neutral	dense_global_mixed	26	generated_token_16	sae_topk_jaccard_distance_vs_ascii	3	0.98989898989899	0.0	0.98989898989899	0.98989898989899
recipe_neutral	dense_global_mixed	26	generated_token_32	residual_l2_vs_ascii	3	5.774479866027832	0.0	5.774479866027832	5.774479866027832
recipe_neutral	dense_global_mixed	26	generated_token_32	sae_topk_jaccard_distance_vs_ascii	3	0.9473684210526315	1.1102230246251565e-16	0.9473684210526316	0.9473684210526316
recipe_neutral	dense_global_mixed	26	generated_token_64	residual_l2_vs_ascii	3	7.402712345123291	0.0	7.402712345123291	7.402712345123291
recipe_neutral	dense_global_mixed	26	generated_token_64	sae_topk_jaccard_distance_vs_ascii	3	0.9690721649484536	0.0	0.9690721649484536	0.9690721649484536
recipe_neutral	dense_global_mixed	26	generated_token_8	residual_l2_vs_ascii	3	4.784622669219971	0.0	4.784622669219971	4.784622669219971
recipe_neutral	dense_global_mixed	26	generated_token_8	sae_topk_jaccard_distance_vs_ascii	3	0.8372093023255814	1.1102230246251565e-16	0.8372093023255813	0.8372093023255813
recipe_neutral	light_global_mixed	14	final_prompt_token	residual_l2_vs_ascii	3	1.417049527168274	0.0	1.417049527168274	1.417049527168274
recipe_neutral	light_global_mixed	14	final_prompt_token	sae_topk_jaccard_distance_vs_ascii	3	0.4615384615384615	5.551115123125783e-17	0.46153846153846156	0.46153846153846156
recipe_neutral	light_global_mixed	14	generated_token_1	residual_l2_vs_ascii	3	1.4075158834457397	0.0	1.4075158834457397	1.4075158834457397
recipe_neutral	light_global_mixed	14	generated_token_1	sae_topk_jaccard_distance_vs_ascii	3	0.5915492957746479	0.0	0.5915492957746479	0.5915492957746479
recipe_neutral	light_global_mixed	14	generated_token_16	residual_l2_vs_ascii	3	4.592911720275879	0.0	4.592911720275879	4.592911720275879
recipe_neutral	light_global_mixed	14	generated_token_16	sae_topk_jaccard_distance_vs_ascii	3	0.9583333333333334	0.0	0.9583333333333334	0.9583333333333334
recipe_neutral	light_global_mixed	14	generated_token_32	residual_l2_vs_ascii	3	4.3794026374816895	0.0	4.3794026374816895	4.3794026374816895
recipe_neutral	light_global_mixed	14	generated_token_32	sae_topk_jaccard_distance_vs_ascii	3	0.98989898989899	0.0	0.98989898989899	0.98989898989899
recipe_neutral	light_global_mixed	14	generated_token_64	residual_l2_vs_ascii	3	3.6848180294036865	0.0	3.6848180294036865	3.6848180294036865
recipe_neutral	light_global_mixed	14	generated_token_64	sae_topk_jaccard_distance_vs_ascii	3	0.9690721649484536	0.0	0.9690721649484536	0.9690721649484536
recipe_neutral	light_global_mixed	14	generated_token_8	residual_l2_vs_ascii	3	3.500805139541626	0.0	3.500805139541626	3.500805139541626
recipe_neutral	light_global_mixed	14	generated_token_8	sae_topk_jaccard_distance_vs_ascii	3	0.98989898989899	0.0	0.98989898989899	0.98989898989899
recipe_neutral	light_global_mixed	15	final_prompt_token	residual_l2_vs_ascii	3	1.3657852411270142	0.0	1.3657852411270142	1.3657852411270142
recipe_neutral	light_global_mixed	15	final_prompt_token	sae_topk_jaccard_distance_vs_ascii	3	0.4375	0.0	0.4375	0.4375
recipe_neutral	light_global_mixed	15	generated_token_1	residual_l2_vs_ascii	3	1.5671429634094238	0.0	1.5671429634094238	1.5671429634094238
recipe_neutral	light_global_mixed	15	generated_token_1	sae_topk_jaccard_distance_vs_ascii	3	0.5915492957746479	0.0	0.5915492957746479	0.5915492957746479
recipe_neutral	light_global_mixed	15	generated_token_16	residual_l2_vs_ascii	3	4.420777797698975	0.0	4.420777797698975	4.420777797698975
recipe_neutral	light_global_mixed	15	generated_token_16	sae_topk_jaccard_distance_vs_ascii	3	0.9473684210526315	1.1102230246251565e-16	0.9473684210526316	0.9473684210526316
recipe_neutral	light_global_mixed	15	generated_token_32	residual_l2_vs_ascii	3	4.423409461975098	0.0	4.423409461975098	4.423409461975098
recipe_neutral	light_global_mixed	15	generated_token_32	sae_topk_jaccard_distance_vs_ascii	3	0.98989898989899	0.0	0.98989898989899	0.98989898989899
recipe_neutral	light_global_mixed	15	generated_token_64	residual_l2_vs_ascii	3	3.640533685684204	0.0	3.640533685684204	3.640533685684204
recipe_neutral	light_global_mixed	15	generated_token_64	sae_topk_jaccard_distance_vs_ascii	3	0.9690721649484536	0.0	0.9690721649484536	0.9690721649484536
recipe_neutral	light_global_mixed	15	generated_token_8	residual_l2_vs_ascii	3	3.6380012035369873	0.0	3.6380012035369873	3.6380012035369873
recipe_neutral	light_global_mixed	15	generated_token_8	sae_topk_jaccard_distance_vs_ascii	3	0.9583333333333334	0.0	0.9583333333333334	0.9583333333333334
recipe_neutral	light_global_mixed	16	final_prompt_token	residual_l2_vs_ascii	3	1.3709250688552856	0.0	1.3709250688552856	1.3709250688552856
recipe_neutral	light_global_mixed	16	final_prompt_token	sae_topk_jaccard_distance_vs_ascii	3	0.3870967741935483	5.551115123125783e-17	0.3870967741935484	0.3870967741935484
recipe_neutral	light_global_mixed	16	generated_token_1	residual_l2_vs_ascii	3	1.5556542873382568	0.0	1.5556542873382568	1.5556542873382568
recipe_neutral	light_global_mixed	16	generated_token_1	sae_topk_jaccard_distance_vs_ascii	3	0.5294117647058824	0.0	0.5294117647058824	0.5294117647058824
recipe_neutral	light_global_mixed	16	generated_token_16	residual_l2_vs_ascii	3	4.567040920257568	0.0	4.567040920257568	4.567040920257568
recipe_neutral	light_global_mixed	16	generated_token_16	sae_topk_jaccard_distance_vs_ascii	3	0.9583333333333334	0.0	0.9583333333333334	0.9583333333333334
recipe_neutral	light_global_mixed	16	generated_token_32	residual_l2_vs_ascii	3	4.580074310302734	0.0	4.580074310302734	4.580074310302734
recipe_neutral	light_global_mixed	16	generated_token_32	sae_topk_jaccard_distance_vs_ascii	3	0.98989898989899	0.0	0.98989898989899	0.98989898989899
recipe_neutral	light_global_mixed	16	generated_token_64	residual_l2_vs_ascii	3	4.0242695808410645	0.0	4.0242695808410645	4.0242695808410645
recipe_neutral	light_global_mixed	16	generated_token_64	sae_topk_jaccard_distance_vs_ascii	3	0.9795918367346937	1.1102230246251565e-16	0.9795918367346939	0.9795918367346939
recipe_neutral	light_global_mixed	16	generated_token_8	residual_l2_vs_ascii	3	3.8159561157226562	0.0	3.8159561157226562	3.8159561157226562
recipe_neutral	light_global_mixed	16	generated_token_8	sae_topk_jaccard_distance_vs_ascii	3	0.9795918367346937	1.1102230246251565e-16	0.9795918367346939	0.9795918367346939
recipe_neutral	light_global_mixed	24	final_prompt_token	residual_l2_vs_ascii	3	1.7597808837890625	0.0	1.7597808837890625	1.7597808837890625
recipe_neutral	light_global_mixed	24	final_prompt_token	sae_topk_jaccard_distance_vs_ascii	3	0.5074626865671642	0.0	0.5074626865671642	0.5074626865671642
recipe_neutral	light_global_mixed	24	generated_token_1	residual_l2_vs_ascii	3	1.8937642574310303	0.0	1.8937642574310303	1.8937642574310303
recipe_neutral	light_global_mixed	24	generated_token_1	sae_topk_jaccard_distance_vs_ascii	3	0.5294117647058824	0.0	0.5294117647058824	0.5294117647058824
recipe_neutral	light_global_mixed	24	generated_token_16	residual_l2_vs_ascii	3	6.255533218383789	0.0	6.255533218383789	6.255533218383789
recipe_neutral	light_global_mixed	24	generated_token_16	sae_topk_jaccard_distance_vs_ascii	3	0.98989898989899	0.0	0.98989898989899	0.98989898989899
recipe_neutral	light_global_mixed	24	generated_token_32	residual_l2_vs_ascii	3	6.441722393035889	0.0	6.441722393035889	6.441722393035889
recipe_neutral	light_global_mixed	24	generated_token_32	sae_topk_jaccard_distance_vs_ascii	3	0.98989898989899	0.0	0.98989898989899	0.98989898989899
recipe_neutral	light_global_mixed	24	generated_token_64	residual_l2_vs_ascii	3	5.315176486968994	0.0	5.315176486968994	5.315176486968994
recipe_neutral	light_global_mixed	24	generated_token_64	sae_topk_jaccard_distance_vs_ascii	3	0.9795918367346937	1.1102230246251565e-16	0.9795918367346939	0.9795918367346939
recipe_neutral	light_global_mixed	24	generated_token_8	residual_l2_vs_ascii	3	5.6543354988098145	0.0	5.6543354988098145	5.6543354988098145
recipe_neutral	light_global_mixed	24	generated_token_8	sae_topk_jaccard_distance_vs_ascii	3	0.9795918367346937	1.1102230246251565e-16	0.9795918367346939	0.9795918367346939
recipe_neutral	light_global_mixed	25	final_prompt_token	residual_l2_vs_ascii	3	1.8191287517547607	0.0	1.8191287517547607	1.8191287517547607
recipe_neutral	light_global_mixed	25	final_prompt_token	sae_topk_jaccard_distance_vs_ascii	3	0.41269841269841273	5.551115123125783e-17	0.4126984126984127	0.4126984126984127
recipe_neutral	light_global_mixed	25	generated_token_1	residual_l2_vs_ascii	3	1.94363534450531	0.0	1.94363534450531	1.94363534450531
recipe_neutral	light_global_mixed	25	generated_token_1	sae_topk_jaccard_distance_vs_ascii	3	0.48484848484848486	0.0	0.48484848484848486	0.48484848484848486
recipe_neutral	light_global_mixed	25	generated_token_16	residual_l2_vs_ascii	3	6.6026129722595215	0.0	6.6026129722595215	6.6026129722595215
recipe_neutral	light_global_mixed	25	generated_token_16	sae_topk_jaccard_distance_vs_ascii	3	0.9690721649484536	0.0	0.9690721649484536	0.9690721649484536
recipe_neutral	light_global_mixed	25	generated_token_32	residual_l2_vs_ascii	3	6.620229244232178	0.0	6.620229244232178	6.620229244232178
recipe_neutral	light_global_mixed	25	generated_token_32	sae_topk_jaccard_distance_vs_ascii	3	0.98989898989899	0.0	0.98989898989899	0.98989898989899
recipe_neutral	light_global_mixed	25	generated_token_64	residual_l2_vs_ascii	3	5.60176944732666	0.0	5.60176944732666	5.60176944732666
recipe_neutral	light_global_mixed	25	generated_token_64	sae_topk_jaccard_distance_vs_ascii	3	0.9583333333333334	0.0	0.9583333333333334	0.9583333333333334
recipe_neutral	light_global_mixed	25	generated_token_8	residual_l2_vs_ascii	3	5.771912097930908	0.0	5.771912097930908	5.771912097930908
recipe_neutral	light_global_mixed	25	generated_token_8	sae_topk_jaccard_distance_vs_ascii	3	0.9795918367346937	1.1102230246251565e-16	0.9795918367346939	0.9795918367346939
recipe_neutral	light_global_mixed	26	final_prompt_token	residual_l2_vs_ascii	3	2.027435302734375	0.0	2.027435302734375	2.027435302734375
recipe_neutral	light_global_mixed	26	final_prompt_token	sae_topk_jaccard_distance_vs_ascii	3	0.4615384615384615	5.551115123125783e-17	0.46153846153846156	0.46153846153846156
recipe_neutral	light_global_mixed	26	generated_token_1	residual_l2_vs_ascii	3	1.9259374141693115	0.0	1.9259374141693115	1.9259374141693115
recipe_neutral	light_global_mixed	26	generated_token_1	sae_topk_jaccard_distance_vs_ascii	3	0.48484848484848486	0.0	0.48484848484848486	0.48484848484848486
recipe_neutral	light_global_mixed	26	generated_token_16	residual_l2_vs_ascii	3	6.895105361938477	0.0	6.895105361938477	6.895105361938477
recipe_neutral	light_global_mixed	26	generated_token_16	sae_topk_jaccard_distance_vs_ascii	3	0.9795918367346937	1.1102230246251565e-16	0.9795918367346939	0.9795918367346939
recipe_neutral	light_global_mixed	26	generated_token_32	residual_l2_vs_ascii	3	7.047142028808594	0.0	7.047142028808594	7.047142028808594
recipe_neutral	light_global_mixed	26	generated_token_32	sae_topk_jaccard_distance_vs_ascii	3	0.98989898989899	0.0	0.98989898989899	0.98989898989899
recipe_neutral	light_global_mixed	26	generated_token_64	residual_l2_vs_ascii	3	5.633326053619385	0.0	5.633326053619385	5.633326053619385
recipe_neutral	light_global_mixed	26	generated_token_64	sae_topk_jaccard_distance_vs_ascii	3	0.9583333333333334	0.0	0.9583333333333334	0.9583333333333334
recipe_neutral	light_global_mixed	26	generated_token_8	residual_l2_vs_ascii	3	5.979996681213379	0.0	5.979996681213379	5.979996681213379
recipe_neutral	light_global_mixed	26	generated_token_8	sae_topk_jaccard_distance_vs_ascii	3	0.9795918367346937	1.1102230246251565e-16	0.9795918367346939	0.9795918367346939
recipe_neutral	light_high_impact_mixed	14	final_prompt_token	residual_l2_vs_ascii	3	1.2102775573730469	0.0	1.2102775573730469	1.2102775573730469
recipe_neutral	light_high_impact_mixed	14	final_prompt_token	sae_topk_jaccard_distance_vs_ascii	3	0.360655737704918	0.0	0.360655737704918	0.360655737704918
recipe_neutral	light_high_impact_mixed	14	generated_token_1	residual_l2_vs_ascii	3	1.0996838808059692	0.0	1.0996838808059692	1.0996838808059692
recipe_neutral	light_high_impact_mixed	14	generated_token_1	sae_topk_jaccard_distance_vs_ascii	3	0.5294117647058824	0.0	0.5294117647058824	0.5294117647058824
recipe_neutral	light_high_impact_mixed	14	generated_token_16	residual_l2_vs_ascii	3	3.9475326538085938	0.0	3.9475326538085938	3.9475326538085938
recipe_neutral	light_high_impact_mixed	14	generated_token_16	sae_topk_jaccard_distance_vs_ascii	3	0.9583333333333334	0.0	0.9583333333333334	0.9583333333333334
recipe_neutral	light_high_impact_mixed	14	generated_token_32	residual_l2_vs_ascii	3	3.3139524459838867	0.0	3.3139524459838867	3.3139524459838867
recipe_neutral	light_high_impact_mixed	14	generated_token_32	sae_topk_jaccard_distance_vs_ascii	3	1.0	0.0	1.0	1.0
recipe_neutral	light_high_impact_mixed	14	generated_token_64	residual_l2_vs_ascii	3	3.8000292778015137	0.0	3.8000292778015137	3.8000292778015137
recipe_neutral	light_high_impact_mixed	14	generated_token_64	sae_topk_jaccard_distance_vs_ascii	3	0.9690721649484536	0.0	0.9690721649484536	0.9690721649484536
recipe_neutral	light_high_impact_mixed	14	generated_token_8	residual_l2_vs_ascii	3	3.0127203464508057	0.0	3.0127203464508057	3.0127203464508057
recipe_neutral	light_high_impact_mixed	14	generated_token_8	sae_topk_jaccard_distance_vs_ascii	3	0.9690721649484536	0.0	0.9690721649484536	0.9690721649484536
recipe_neutral	light_high_impact_mixed	15	final_prompt_token	residual_l2_vs_ascii	3	1.1472647190093994	0.0	1.1472647190093994	1.1472647190093994
recipe_neutral	light_high_impact_mixed	15	final_prompt_token	sae_topk_jaccard_distance_vs_ascii	3	0.41269841269841273	5.551115123125783e-17	0.4126984126984127	0.4126984126984127
recipe_neutral	light_high_impact_mixed	15	generated_token_1	residual_l2_vs_ascii	3	1.2636888027191162	0.0	1.2636888027191162	1.2636888027191162
recipe_neutral	light_high_impact_mixed	15	generated_token_1	sae_topk_jaccard_distance_vs_ascii	3	0.5714285714285714	0.0	0.5714285714285714	0.5714285714285714
recipe_neutral	light_high_impact_mixed	15	generated_token_16	residual_l2_vs_ascii	3	3.580660104751587	0.0	3.580660104751587	3.580660104751587
recipe_neutral	light_high_impact_mixed	15	generated_token_16	sae_topk_jaccard_distance_vs_ascii	3	0.9247311827956989	0.0	0.9247311827956989	0.9247311827956989
recipe_neutral	light_high_impact_mixed	15	generated_token_32	residual_l2_vs_ascii	3	3.25126576423645	0.0	3.25126576423645	3.25126576423645
recipe_neutral	light_high_impact_mixed	15	generated_token_32	sae_topk_jaccard_distance_vs_ascii	3	0.9690721649484536	0.0	0.9690721649484536	0.9690721649484536
recipe_neutral	light_high_impact_mixed	15	generated_token_64	residual_l2_vs_ascii	3	3.717524528503418	0.0	3.717524528503418	3.717524528503418
recipe_neutral	light_high_impact_mixed	15	generated_token_64	sae_topk_jaccard_distance_vs_ascii	3	0.9690721649484536	0.0	0.9690721649484536	0.9690721649484536
recipe_neutral	light_high_impact_mixed	15	generated_token_8	residual_l2_vs_ascii	3	3.3038933277130127	0.0	3.3038933277130127	3.3038933277130127
recipe_neutral	light_high_impact_mixed	15	generated_token_8	sae_topk_jaccard_distance_vs_ascii	3	0.9361702127659575	0.0	0.9361702127659575	0.9361702127659575
recipe_neutral	light_high_impact_mixed	16	final_prompt_token	residual_l2_vs_ascii	3	1.1707957983016968	0.0	1.1707957983016968	1.1707957983016968
recipe_neutral	light_high_impact_mixed	16	final_prompt_token	sae_topk_jaccard_distance_vs_ascii	3	0.27586206896551724	0.0	0.27586206896551724	0.27586206896551724
recipe_neutral	light_high_impact_mixed	16	generated_token_1	residual_l2_vs_ascii	3	1.264971375465393	0.0	1.264971375465393	1.264971375465393
recipe_neutral	light_high_impact_mixed	16	generated_token_1	sae_topk_jaccard_distance_vs_ascii	3	0.5507246376811594	0.0	0.5507246376811594	0.5507246376811594
recipe_neutral	light_high_impact_mixed	16	generated_token_16	residual_l2_vs_ascii	3	3.7229270935058594	0.0	3.7229270935058594	3.7229270935058594
recipe_neutral	light_high_impact_mixed	16	generated_token_16	sae_topk_jaccard_distance_vs_ascii	3	0.9583333333333334	0.0	0.9583333333333334	0.9583333333333334
recipe_neutral	light_high_impact_mixed	16	generated_token_32	residual_l2_vs_ascii	3	3.5423145294189453	0.0	3.5423145294189453	3.5423145294189453
recipe_neutral	light_high_impact_mixed	16	generated_token_32	sae_topk_jaccard_distance_vs_ascii	3	0.98989898989899	0.0	0.98989898989899	0.98989898989899
recipe_neutral	light_high_impact_mixed	16	generated_token_64	residual_l2_vs_ascii	3	4.032442092895508	0.0	4.032442092895508	4.032442092895508
recipe_neutral	light_high_impact_mixed	16	generated_token_64	sae_topk_jaccard_distance_vs_ascii	3	0.9583333333333334	0.0	0.9583333333333334	0.9583333333333334
recipe_neutral	light_high_impact_mixed	16	generated_token_8	residual_l2_vs_ascii	3	3.539792060852051	0.0	3.539792060852051	3.539792060852051
recipe_neutral	light_high_impact_mixed	16	generated_token_8	sae_topk_jaccard_distance_vs_ascii	3	0.9583333333333334	0.0	0.9583333333333334	0.9583333333333334
recipe_neutral	light_high_impact_mixed	24	final_prompt_token	residual_l2_vs_ascii	3	1.4339096546173096	0.0	1.4339096546173096	1.4339096546173096
recipe_neutral	light_high_impact_mixed	24	final_prompt_token	sae_topk_jaccard_distance_vs_ascii	3	0.41269841269841273	5.551115123125783e-17	0.4126984126984127	0.4126984126984127
recipe_neutral	light_high_impact_mixed	24	generated_token_1	residual_l2_vs_ascii	3	1.8647127151489258	0.0	1.8647127151489258	1.8647127151489258
recipe_neutral	light_high_impact_mixed	24	generated_token_1	sae_topk_jaccard_distance_vs_ascii	3	0.5714285714285714	0.0	0.5714285714285714	0.5714285714285714
recipe_neutral	light_high_impact_mixed	24	generated_token_16	residual_l2_vs_ascii	3	5.448556423187256	0.0	5.448556423187256	5.448556423187256
recipe_neutral	light_high_impact_mixed	24	generated_token_16	sae_topk_jaccard_distance_vs_ascii	3	0.9795918367346937	1.1102230246251565e-16	0.9795918367346939	0.9795918367346939
recipe_neutral	light_high_impact_mixed	24	generated_token_32	residual_l2_vs_ascii	3	5.497723579406738	0.0	5.497723579406738	5.497723579406738
recipe_neutral	light_high_impact_mixed	24	generated_token_32	sae_topk_jaccard_distance_vs_ascii	3	0.98989898989899	0.0	0.98989898989899	0.98989898989899
recipe_neutral	light_high_impact_mixed	24	generated_token_64	residual_l2_vs_ascii	3	5.361795902252197	0.0	5.361795902252197	5.361795902252197
recipe_neutral	light_high_impact_mixed	24	generated_token_64	sae_topk_jaccard_distance_vs_ascii	3	0.9795918367346937	1.1102230246251565e-16	0.9795918367346939	0.9795918367346939
recipe_neutral	light_high_impact_mixed	24	generated_token_8	residual_l2_vs_ascii	3	5.740421772003174	0.0	5.740421772003174	5.740421772003174
recipe_neutral	light_high_impact_mixed	24	generated_token_8	sae_topk_jaccard_distance_vs_ascii	3	0.9690721649484536	0.0	0.9690721649484536	0.9690721649484536
recipe_neutral	light_high_impact_mixed	25	final_prompt_token	residual_l2_vs_ascii	3	1.5044569969177246	0.0	1.5044569969177246	1.5044569969177246
recipe_neutral	light_high_impact_mixed	25	final_prompt_token	sae_topk_jaccard_distance_vs_ascii	3	0.360655737704918	0.0	0.360655737704918	0.360655737704918
recipe_neutral	light_high_impact_mixed	25	generated_token_1	residual_l2_vs_ascii	3	1.9300868511199951	0.0	1.9300868511199951	1.9300868511199951
recipe_neutral	light_high_impact_mixed	25	generated_token_1	sae_topk_jaccard_distance_vs_ascii	3	0.5507246376811594	0.0	0.5507246376811594	0.5507246376811594
recipe_neutral	light_high_impact_mixed	25	generated_token_16	residual_l2_vs_ascii	3	5.705440998077393	0.0	5.705440998077393	5.705440998077393
recipe_neutral	light_high_impact_mixed	25	generated_token_16	sae_topk_jaccard_distance_vs_ascii	3	0.98989898989899	0.0	0.98989898989899	0.98989898989899
recipe_neutral	light_high_impact_mixed	25	generated_token_32	residual_l2_vs_ascii	3	5.759125709533691	0.0	5.759125709533691	5.759125709533691
recipe_neutral	light_high_impact_mixed	25	generated_token_32	sae_topk_jaccard_distance_vs_ascii	3	0.98989898989899	0.0	0.98989898989899	0.98989898989899
recipe_neutral	light_high_impact_mixed	25	generated_token_64	residual_l2_vs_ascii	3	5.571766376495361	0.0	5.571766376495361	5.571766376495361
recipe_neutral	light_high_impact_mixed	25	generated_token_64	sae_topk_jaccard_distance_vs_ascii	3	0.9795918367346937	1.1102230246251565e-16	0.9795918367346939	0.9795918367346939
recipe_neutral	light_high_impact_mixed	25	generated_token_8	residual_l2_vs_ascii	3	5.868645191192627	0.0	5.868645191192627	5.868645191192627
recipe_neutral	light_high_impact_mixed	25	generated_token_8	sae_topk_jaccard_distance_vs_ascii	3	0.9473684210526315	1.1102230246251565e-16	0.9473684210526316	0.9473684210526316
recipe_neutral	light_high_impact_mixed	26	final_prompt_token	residual_l2_vs_ascii	3	1.628949761390686	0.0	1.628949761390686	1.628949761390686
recipe_neutral	light_high_impact_mixed	26	final_prompt_token	sae_topk_jaccard_distance_vs_ascii	3	0.4375	0.0	0.4375	0.4375
recipe_neutral	light_high_impact_mixed	26	generated_token_1	residual_l2_vs_ascii	3	1.929831862449646	0.0	1.929831862449646	1.929831862449646
recipe_neutral	light_high_impact_mixed	26	generated_token_1	sae_topk_jaccard_distance_vs_ascii	3	0.5507246376811594	0.0	0.5507246376811594	0.5507246376811594
recipe_neutral	light_high_impact_mixed	26	generated_token_16	residual_l2_vs_ascii	3	6.174370288848877	0.0	6.174370288848877	6.174370288848877
recipe_neutral	light_high_impact_mixed	26	generated_token_16	sae_topk_jaccard_distance_vs_ascii	3	0.9795918367346937	1.1102230246251565e-16	0.9795918367346939	0.9795918367346939
recipe_neutral	light_high_impact_mixed	26	generated_token_32	residual_l2_vs_ascii	3	6.105803489685059	0.0	6.105803489685059	6.105803489685059
recipe_neutral	light_high_impact_mixed	26	generated_token_32	sae_topk_jaccard_distance_vs_ascii	3	0.98989898989899	0.0	0.98989898989899	0.98989898989899
recipe_neutral	light_high_impact_mixed	26	generated_token_64	residual_l2_vs_ascii	3	5.710524082183838	0.0	5.710524082183838	5.710524082183838
recipe_neutral	light_high_impact_mixed	26	generated_token_64	sae_topk_jaccard_distance_vs_ascii	3	0.9795918367346937	1.1102230246251565e-16	0.9795918367346939	0.9795918367346939
recipe_neutral	light_high_impact_mixed	26	generated_token_8	residual_l2_vs_ascii	3	6.392634391784668	0.0	6.392634391784668	6.392634391784668
recipe_neutral	light_high_impact_mixed	26	generated_token_8	sae_topk_jaccard_distance_vs_ascii	3	0.9690721649484536	0.0	0.9690721649484536	0.9690721649484536
recipe_neutral	semantic_shuffle_control	14	final_prompt_token	residual_l2_vs_ascii	3	2.361668109893799	0.0	2.361668109893799	2.361668109893799
recipe_neutral	semantic_shuffle_control	14	final_prompt_token	sae_topk_jaccard_distance_vs_ascii	3	0.8095238095238096	1.1102230246251565e-16	0.8095238095238095	0.8095238095238095
recipe_neutral	semantic_shuffle_control	14	generated_token_1	residual_l2_vs_ascii	3	0.6370295882225037	0.0	0.6370295882225037	0.6370295882225037
recipe_neutral	semantic_shuffle_control	14	generated_token_1	sae_topk_jaccard_distance_vs_ascii	3	0.30508474576271183	0.0	0.30508474576271183	0.30508474576271183
recipe_neutral	semantic_shuffle_control	14	generated_token_16	residual_l2_vs_ascii	3	0.3160691261291504	0.0	0.3160691261291504	0.3160691261291504
recipe_neutral	semantic_shuffle_control	14	generated_token_16	sae_topk_jaccard_distance_vs_ascii	3	0.07692307692307687	0.0	0.07692307692307687	0.07692307692307687
recipe_neutral	semantic_shuffle_control	14	generated_token_32	residual_l2_vs_ascii	3	3.4806783199310303	0.0	3.4806783199310303	3.4806783199310303
recipe_neutral	semantic_shuffle_control	14	generated_token_32	sae_topk_jaccard_distance_vs_ascii	3	0.9247311827956989	0.0	0.9247311827956989	0.9247311827956989
recipe_neutral	semantic_shuffle_control	14	generated_token_64	residual_l2_vs_ascii	3	4.041755199432373	0.0	4.041755199432373	4.041755199432373
recipe_neutral	semantic_shuffle_control	14	generated_token_64	sae_topk_jaccard_distance_vs_ascii	3	1.0	0.0	1.0	1.0
recipe_neutral	semantic_shuffle_control	14	generated_token_8	residual_l2_vs_ascii	3	0.18062378466129303	0.0	0.18062378466129303	0.18062378466129303
recipe_neutral	semantic_shuffle_control	14	generated_token_8	sae_topk_jaccard_distance_vs_ascii	3	0.14814814814814814	0.0	0.14814814814814814	0.14814814814814814
recipe_neutral	semantic_shuffle_control	15	final_prompt_token	residual_l2_vs_ascii	3	2.44911527633667	0.0	2.44911527633667	2.44911527633667
recipe_neutral	semantic_shuffle_control	15	final_prompt_token	sae_topk_jaccard_distance_vs_ascii	3	0.75	0.0	0.75	0.75
recipe_neutral	semantic_shuffle_control	15	generated_token_1	residual_l2_vs_ascii	3	0.6870966553688049	0.0	0.6870966553688049	0.6870966553688049
recipe_neutral	semantic_shuffle_control	15	generated_token_1	sae_topk_jaccard_distance_vs_ascii	3	0.27586206896551724	0.0	0.27586206896551724	0.27586206896551724
recipe_neutral	semantic_shuffle_control	15	generated_token_16	residual_l2_vs_ascii	3	0.3642670214176178	0.0	0.3642670214176178	0.3642670214176178
recipe_neutral	semantic_shuffle_control	15	generated_token_16	sae_topk_jaccard_distance_vs_ascii	3	0.18181818181818177	0.0	0.18181818181818177	0.18181818181818177
recipe_neutral	semantic_shuffle_control	15	generated_token_32	residual_l2_vs_ascii	3	3.7332966327667236	0.0	3.7332966327667236	3.7332966327667236
recipe_neutral	semantic_shuffle_control	15	generated_token_32	sae_topk_jaccard_distance_vs_ascii	3	0.9690721649484536	0.0	0.9690721649484536	0.9690721649484536
recipe_neutral	semantic_shuffle_control	15	generated_token_64	residual_l2_vs_ascii	3	4.0102009773254395	0.0	4.0102009773254395	4.0102009773254395
recipe_neutral	semantic_shuffle_control	15	generated_token_64	sae_topk_jaccard_distance_vs_ascii	3	0.9795918367346937	1.1102230246251565e-16	0.9795918367346939	0.9795918367346939
recipe_neutral	semantic_shuffle_control	15	generated_token_8	residual_l2_vs_ascii	3	0.3370360732078552	0.0	0.3370360732078552	0.3370360732078552
recipe_neutral	semantic_shuffle_control	15	generated_token_8	sae_topk_jaccard_distance_vs_ascii	3	0.07692307692307687	0.0	0.07692307692307687	0.07692307692307687
recipe_neutral	semantic_shuffle_control	16	final_prompt_token	residual_l2_vs_ascii	3	2.593294382095337	0.0	2.593294382095337	2.593294382095337
recipe_neutral	semantic_shuffle_control	16	final_prompt_token	sae_topk_jaccard_distance_vs_ascii	3	0.8095238095238096	1.1102230246251565e-16	0.8095238095238095	0.8095238095238095
recipe_neutral	semantic_shuffle_control	16	generated_token_1	residual_l2_vs_ascii	3	0.7141808271408081	0.0	0.7141808271408081	0.7141808271408081
recipe_neutral	semantic_shuffle_control	16	generated_token_1	sae_topk_jaccard_distance_vs_ascii	3	0.360655737704918	0.0	0.360655737704918	0.360655737704918
recipe_neutral	semantic_shuffle_control	16	generated_token_16	residual_l2_vs_ascii	3	0.3970333933830261	0.0	0.3970333933830261	0.3970333933830261
recipe_neutral	semantic_shuffle_control	16	generated_token_16	sae_topk_jaccard_distance_vs_ascii	3	0.14814814814814814	0.0	0.14814814814814814	0.14814814814814814
recipe_neutral	semantic_shuffle_control	16	generated_token_32	residual_l2_vs_ascii	3	3.9765467643737793	0.0	3.9765467643737793	3.9765467643737793
recipe_neutral	semantic_shuffle_control	16	generated_token_32	sae_topk_jaccard_distance_vs_ascii	3	0.9247311827956989	0.0	0.9247311827956989	0.9247311827956989
recipe_neutral	semantic_shuffle_control	16	generated_token_64	residual_l2_vs_ascii	3	4.356022357940674	0.0	4.356022357940674	4.356022357940674
recipe_neutral	semantic_shuffle_control	16	generated_token_64	sae_topk_jaccard_distance_vs_ascii	3	0.9795918367346937	1.1102230246251565e-16	0.9795918367346939	0.9795918367346939
recipe_neutral	semantic_shuffle_control	16	generated_token_8	residual_l2_vs_ascii	3	0.37548449635505676	0.0	0.37548449635505676	0.37548449635505676
recipe_neutral	semantic_shuffle_control	16	generated_token_8	sae_topk_jaccard_distance_vs_ascii	3	0.14814814814814814	0.0	0.14814814814814814	0.14814814814814814
recipe_neutral	semantic_shuffle_control	24	final_prompt_token	residual_l2_vs_ascii	3	3.733936071395874	0.0	3.733936071395874	3.733936071395874
recipe_neutral	semantic_shuffle_control	24	final_prompt_token	sae_topk_jaccard_distance_vs_ascii	3	0.8636363636363636	0.0	0.8636363636363636	0.8636363636363636
recipe_neutral	semantic_shuffle_control	24	generated_token_1	residual_l2_vs_ascii	3	0.9993801712989807	0.0	0.9993801712989807	0.9993801712989807
recipe_neutral	semantic_shuffle_control	24	generated_token_1	sae_topk_jaccard_distance_vs_ascii	3	0.3333333333333333	5.551115123125783e-17	0.33333333333333337	0.33333333333333337
recipe_neutral	semantic_shuffle_control	24	generated_token_16	residual_l2_vs_ascii	3	0.556699275970459	0.0	0.556699275970459	0.556699275970459
recipe_neutral	semantic_shuffle_control	24	generated_token_16	sae_topk_jaccard_distance_vs_ascii	3	0.14814814814814814	0.0	0.14814814814814814	0.14814814814814814
recipe_neutral	semantic_shuffle_control	24	generated_token_32	residual_l2_vs_ascii	3	5.84750509262085	0.0	5.84750509262085	5.84750509262085
recipe_neutral	semantic_shuffle_control	24	generated_token_32	sae_topk_jaccard_distance_vs_ascii	3	0.9247311827956989	0.0	0.9247311827956989	0.9247311827956989
recipe_neutral	semantic_shuffle_control	24	generated_token_64	residual_l2_vs_ascii	3	5.6293206214904785	0.0	5.6293206214904785	5.6293206214904785
recipe_neutral	semantic_shuffle_control	24	generated_token_64	sae_topk_jaccard_distance_vs_ascii	3	0.9361702127659575	0.0	0.9361702127659575	0.9361702127659575
recipe_neutral	semantic_shuffle_control	24	generated_token_8	residual_l2_vs_ascii	3	0.5557507276535034	0.0	0.5557507276535034	0.5557507276535034
recipe_neutral	semantic_shuffle_control	24	generated_token_8	sae_topk_jaccard_distance_vs_ascii	3	0.2142857142857143	0.0	0.2142857142857143	0.2142857142857143
recipe_neutral	semantic_shuffle_control	25	final_prompt_token	residual_l2_vs_ascii	3	3.9347140789031982	0.0	3.9347140789031982	3.9347140789031982
recipe_neutral	semantic_shuffle_control	25	final_prompt_token	sae_topk_jaccard_distance_vs_ascii	3	0.8636363636363636	0.0	0.8636363636363636	0.8636363636363636
recipe_neutral	semantic_shuffle_control	25	generated_token_1	residual_l2_vs_ascii	3	1.065627932548523	0.0	1.065627932548523	1.065627932548523
recipe_neutral	semantic_shuffle_control	25	generated_token_1	sae_topk_jaccard_distance_vs_ascii	3	0.3333333333333333	5.551115123125783e-17	0.33333333333333337	0.33333333333333337
recipe_neutral	semantic_shuffle_control	25	generated_token_16	residual_l2_vs_ascii	3	0.5879714488983154	0.0	0.5879714488983154	0.5879714488983154
recipe_neutral	semantic_shuffle_control	25	generated_token_16	sae_topk_jaccard_distance_vs_ascii	3	0.18181818181818177	0.0	0.18181818181818177	0.18181818181818177
recipe_neutral	semantic_shuffle_control	25	generated_token_32	residual_l2_vs_ascii	3	5.881171226501465	0.0	5.881171226501465	5.881171226501465
recipe_neutral	semantic_shuffle_control	25	generated_token_32	sae_topk_jaccard_distance_vs_ascii	3	0.9361702127659575	0.0	0.9361702127659575	0.9361702127659575
recipe_neutral	semantic_shuffle_control	25	generated_token_64	residual_l2_vs_ascii	3	5.788534641265869	0.0	5.788534641265869	5.788534641265869
recipe_neutral	semantic_shuffle_control	25	generated_token_64	sae_topk_jaccard_distance_vs_ascii	3	0.9361702127659575	0.0	0.9361702127659575	0.9361702127659575
recipe_neutral	semantic_shuffle_control	25	generated_token_8	residual_l2_vs_ascii	3	0.5726278424263	0.0	0.5726278424263	0.5726278424263
recipe_neutral	semantic_shuffle_control	25	generated_token_8	sae_topk_jaccard_distance_vs_ascii	3	0.1132075471698113	0.0	0.1132075471698113	0.1132075471698113
recipe_neutral	semantic_shuffle_control	26	final_prompt_token	residual_l2_vs_ascii	3	4.450573921203613	0.0	4.450573921203613	4.450573921203613
recipe_neutral	semantic_shuffle_control	26	final_prompt_token	sae_topk_jaccard_distance_vs_ascii	3	0.9130434782608696	0.0	0.9130434782608696	0.9130434782608696
recipe_neutral	semantic_shuffle_control	26	generated_token_1	residual_l2_vs_ascii	3	1.0705722570419312	0.0	1.0705722570419312	1.0705722570419312
recipe_neutral	semantic_shuffle_control	26	generated_token_1	sae_topk_jaccard_distance_vs_ascii	3	0.3870967741935483	5.551115123125783e-17	0.3870967741935484	0.3870967741935484
recipe_neutral	semantic_shuffle_control	26	generated_token_16	residual_l2_vs_ascii	3	0.6134414672851562	0.0	0.6134414672851562	0.6134414672851562
recipe_neutral	semantic_shuffle_control	26	generated_token_16	sae_topk_jaccard_distance_vs_ascii	3	0.14814814814814814	0.0	0.14814814814814814	0.14814814814814814
recipe_neutral	semantic_shuffle_control	26	generated_token_32	residual_l2_vs_ascii	3	6.219452857971191	0.0	6.219452857971191	6.219452857971191
recipe_neutral	semantic_shuffle_control	26	generated_token_32	sae_topk_jaccard_distance_vs_ascii	3	0.9361702127659575	0.0	0.9361702127659575	0.9361702127659575
recipe_neutral	semantic_shuffle_control	26	generated_token_64	residual_l2_vs_ascii	3	6.0190911293029785	0.0	6.0190911293029785	6.0190911293029785
recipe_neutral	semantic_shuffle_control	26	generated_token_64	sae_topk_jaccard_distance_vs_ascii	3	0.9361702127659575	0.0	0.9361702127659575	0.9361702127659575
recipe_neutral	semantic_shuffle_control	26	generated_token_8	residual_l2_vs_ascii	3	0.5719329118728638	0.0	0.5719329118728638	0.5719329118728638
recipe_neutral	semantic_shuffle_control	26	generated_token_8	sae_topk_jaccard_distance_vs_ascii	3	0.1132075471698113	0.0	0.1132075471698113	0.1132075471698113
recipe_neutral	token_count_matched_ascii_noise	14	final_prompt_token	residual_l2_vs_ascii	3	1.4034197330474854	0.0	1.4034197330474854	1.4034197330474854
recipe_neutral	token_count_matched_ascii_noise	14	final_prompt_token	sae_topk_jaccard_distance_vs_ascii	3	0.48484848484848486	0.0	0.48484848484848486	0.48484848484848486
recipe_neutral	token_count_matched_ascii_noise	14	generated_token_1	residual_l2_vs_ascii	3	1.284658432006836	0.0	1.284658432006836	1.284658432006836
recipe_neutral	token_count_matched_ascii_noise	14	generated_token_1	sae_topk_jaccard_distance_vs_ascii	3	0.5915492957746479	0.0	0.5915492957746479	0.5915492957746479
recipe_neutral	token_count_matched_ascii_noise	14	generated_token_16	residual_l2_vs_ascii	3	3.4847846031188965	0.0	3.4847846031188965	3.4847846031188965
recipe_neutral	token_count_matched_ascii_noise	14	generated_token_16	sae_topk_jaccard_distance_vs_ascii	3	0.9130434782608696	0.0	0.9130434782608696	0.9130434782608696
recipe_neutral	token_count_matched_ascii_noise	14	generated_token_32	residual_l2_vs_ascii	3	2.856813907623291	0.0	2.856813907623291	2.856813907623291
recipe_neutral	token_count_matched_ascii_noise	14	generated_token_32	sae_topk_jaccard_distance_vs_ascii	3	0.9583333333333334	0.0	0.9583333333333334	0.9583333333333334
recipe_neutral	token_count_matched_ascii_noise	14	generated_token_64	residual_l2_vs_ascii	3	3.6132752895355225	0.0	3.6132752895355225	3.6132752895355225
recipe_neutral	token_count_matched_ascii_noise	14	generated_token_64	sae_topk_jaccard_distance_vs_ascii	3	0.9361702127659575	0.0	0.9361702127659575	0.9361702127659575
recipe_neutral	token_count_matched_ascii_noise	14	generated_token_8	residual_l2_vs_ascii	3	3.496673822402954	0.0	3.496673822402954	3.496673822402954
recipe_neutral	token_count_matched_ascii_noise	14	generated_token_8	sae_topk_jaccard_distance_vs_ascii	3	0.98989898989899	0.0	0.98989898989899	0.98989898989899
recipe_neutral	token_count_matched_ascii_noise	15	final_prompt_token	residual_l2_vs_ascii	3	1.3725640773773193	0.0	1.3725640773773193	1.3725640773773193
recipe_neutral	token_count_matched_ascii_noise	15	final_prompt_token	sae_topk_jaccard_distance_vs_ascii	3	0.41269841269841273	5.551115123125783e-17	0.4126984126984127	0.4126984126984127
recipe_neutral	token_count_matched_ascii_noise	15	generated_token_1	residual_l2_vs_ascii	3	1.445464849472046	0.0	1.445464849472046	1.445464849472046
recipe_neutral	token_count_matched_ascii_noise	15	generated_token_1	sae_topk_jaccard_distance_vs_ascii	3	0.5915492957746479	0.0	0.5915492957746479	0.5915492957746479
recipe_neutral	token_count_matched_ascii_noise	15	generated_token_16	residual_l2_vs_ascii	3	3.487672805786133	0.0	3.487672805786133	3.487672805786133
recipe_neutral	token_count_matched_ascii_noise	15	generated_token_16	sae_topk_jaccard_distance_vs_ascii	3	0.9247311827956989	0.0	0.9247311827956989	0.9247311827956989
recipe_neutral	token_count_matched_ascii_noise	15	generated_token_32	residual_l2_vs_ascii	3	3.0389530658721924	0.0	3.0389530658721924	3.0389530658721924
recipe_neutral	token_count_matched_ascii_noise	15	generated_token_32	sae_topk_jaccard_distance_vs_ascii	3	0.9473684210526315	1.1102230246251565e-16	0.9473684210526316	0.9473684210526316
recipe_neutral	token_count_matched_ascii_noise	15	generated_token_64	residual_l2_vs_ascii	3	3.582569122314453	0.0	3.582569122314453	3.582569122314453
recipe_neutral	token_count_matched_ascii_noise	15	generated_token_64	sae_topk_jaccard_distance_vs_ascii	3	0.9583333333333334	0.0	0.9583333333333334	0.9583333333333334
recipe_neutral	token_count_matched_ascii_noise	15	generated_token_8	residual_l2_vs_ascii	3	3.64996337890625	0.0	3.64996337890625	3.64996337890625
recipe_neutral	token_count_matched_ascii_noise	15	generated_token_8	sae_topk_jaccard_distance_vs_ascii	3	0.98989898989899	0.0	0.98989898989899	0.98989898989899
recipe_neutral	token_count_matched_ascii_noise	16	final_prompt_token	residual_l2_vs_ascii	3	1.3893269300460815	0.0	1.3893269300460815	1.3893269300460815
recipe_neutral	token_count_matched_ascii_noise	16	final_prompt_token	sae_topk_jaccard_distance_vs_ascii	3	0.3870967741935483	5.551115123125783e-17	0.3870967741935484	0.3870967741935484
recipe_neutral	token_count_matched_ascii_noise	16	generated_token_1	residual_l2_vs_ascii	3	1.451476812362671	0.0	1.451476812362671	1.451476812362671
recipe_neutral	token_count_matched_ascii_noise	16	generated_token_1	sae_topk_jaccard_distance_vs_ascii	3	0.5294117647058824	0.0	0.5294117647058824	0.5294117647058824
recipe_neutral	token_count_matched_ascii_noise	16	generated_token_16	residual_l2_vs_ascii	3	3.6644198894500732	0.0	3.6644198894500732	3.6644198894500732
recipe_neutral	token_count_matched_ascii_noise	16	generated_token_16	sae_topk_jaccard_distance_vs_ascii	3	0.9361702127659575	0.0	0.9361702127659575	0.9361702127659575
recipe_neutral	token_count_matched_ascii_noise	16	generated_token_32	residual_l2_vs_ascii	3	3.2956976890563965	0.0	3.2956976890563965	3.2956976890563965
recipe_neutral	token_count_matched_ascii_noise	16	generated_token_32	sae_topk_jaccard_distance_vs_ascii	3	0.9583333333333334	0.0	0.9583333333333334	0.9583333333333334
recipe_neutral	token_count_matched_ascii_noise	16	generated_token_64	residual_l2_vs_ascii	3	3.92868971824646	0.0	3.92868971824646	3.92868971824646
recipe_neutral	token_count_matched_ascii_noise	16	generated_token_64	sae_topk_jaccard_distance_vs_ascii	3	0.9473684210526315	1.1102230246251565e-16	0.9473684210526316	0.9473684210526316
recipe_neutral	token_count_matched_ascii_noise	16	generated_token_8	residual_l2_vs_ascii	3	3.797595500946045	0.0	3.797595500946045	3.797595500946045
recipe_neutral	token_count_matched_ascii_noise	16	generated_token_8	sae_topk_jaccard_distance_vs_ascii	3	0.98989898989899	0.0	0.98989898989899	0.98989898989899
recipe_neutral	token_count_matched_ascii_noise	24	final_prompt_token	residual_l2_vs_ascii	3	1.8089962005615234	0.0	1.8089962005615234	1.8089962005615234
recipe_neutral	token_count_matched_ascii_noise	24	final_prompt_token	sae_topk_jaccard_distance_vs_ascii	3	0.48484848484848486	0.0	0.48484848484848486	0.48484848484848486
recipe_neutral	token_count_matched_ascii_noise	24	generated_token_1	residual_l2_vs_ascii	3	1.843451738357544	0.0	1.843451738357544	1.843451738357544
recipe_neutral	token_count_matched_ascii_noise	24	generated_token_1	sae_topk_jaccard_distance_vs_ascii	3	0.5507246376811594	0.0	0.5507246376811594	0.5507246376811594
recipe_neutral	token_count_matched_ascii_noise	24	generated_token_16	residual_l2_vs_ascii	3	5.633832931518555	0.0	5.633832931518555	5.633832931518555
recipe_neutral	token_count_matched_ascii_noise	24	generated_token_16	sae_topk_jaccard_distance_vs_ascii	3	0.9795918367346937	1.1102230246251565e-16	0.9795918367346939	0.9795918367346939
recipe_neutral	token_count_matched_ascii_noise	24	generated_token_32	residual_l2_vs_ascii	3	4.9801483154296875	0.0	4.9801483154296875	4.9801483154296875
recipe_neutral	token_count_matched_ascii_noise	24	generated_token_32	sae_topk_jaccard_distance_vs_ascii	3	0.9690721649484536	0.0	0.9690721649484536	0.9690721649484536
recipe_neutral	token_count_matched_ascii_noise	24	generated_token_64	residual_l2_vs_ascii	3	5.160276412963867	0.0	5.160276412963867	5.160276412963867
recipe_neutral	token_count_matched_ascii_noise	24	generated_token_64	sae_topk_jaccard_distance_vs_ascii	3	0.9583333333333334	0.0	0.9583333333333334	0.9583333333333334
recipe_neutral	token_count_matched_ascii_noise	24	generated_token_8	residual_l2_vs_ascii	3	5.484087944030762	0.0	5.484087944030762	5.484087944030762
recipe_neutral	token_count_matched_ascii_noise	24	generated_token_8	sae_topk_jaccard_distance_vs_ascii	3	0.9795918367346937	1.1102230246251565e-16	0.9795918367346939	0.9795918367346939
recipe_neutral	token_count_matched_ascii_noise	25	final_prompt_token	residual_l2_vs_ascii	3	1.8841216564178467	0.0	1.8841216564178467	1.8841216564178467
recipe_neutral	token_count_matched_ascii_noise	25	final_prompt_token	sae_topk_jaccard_distance_vs_ascii	3	0.41269841269841273	5.551115123125783e-17	0.4126984126984127	0.4126984126984127
recipe_neutral	token_count_matched_ascii_noise	25	generated_token_1	residual_l2_vs_ascii	3	1.901089072227478	0.0	1.901089072227478	1.901089072227478
recipe_neutral	token_count_matched_ascii_noise	25	generated_token_1	sae_topk_jaccard_distance_vs_ascii	3	0.5714285714285714	0.0	0.5714285714285714	0.5714285714285714
recipe_neutral	token_count_matched_ascii_noise	25	generated_token_16	residual_l2_vs_ascii	3	6.048071384429932	0.0	6.048071384429932	6.048071384429932
recipe_neutral	token_count_matched_ascii_noise	25	generated_token_16	sae_topk_jaccard_distance_vs_ascii	3	0.9795918367346937	1.1102230246251565e-16	0.9795918367346939	0.9795918367346939
recipe_neutral	token_count_matched_ascii_noise	25	generated_token_32	residual_l2_vs_ascii	3	5.353307723999023	0.0	5.353307723999023	5.353307723999023
recipe_neutral	token_count_matched_ascii_noise	25	generated_token_32	sae_topk_jaccard_distance_vs_ascii	3	0.9795918367346937	1.1102230246251565e-16	0.9795918367346939	0.9795918367346939
recipe_neutral	token_count_matched_ascii_noise	25	generated_token_64	residual_l2_vs_ascii	3	5.437301158905029	0.0	5.437301158905029	5.437301158905029
recipe_neutral	token_count_matched_ascii_noise	25	generated_token_64	sae_topk_jaccard_distance_vs_ascii	3	0.9795918367346937	1.1102230246251565e-16	0.9795918367346939	0.9795918367346939
recipe_neutral	token_count_matched_ascii_noise	25	generated_token_8	residual_l2_vs_ascii	3	5.6195969581604	0.0	5.6195969581604	5.6195969581604
recipe_neutral	token_count_matched_ascii_noise	25	generated_token_8	sae_topk_jaccard_distance_vs_ascii	3	0.98989898989899	0.0	0.98989898989899	0.98989898989899
recipe_neutral	token_count_matched_ascii_noise	26	final_prompt_token	residual_l2_vs_ascii	3	2.029810667037964	0.0	2.029810667037964	2.029810667037964
recipe_neutral	token_count_matched_ascii_noise	26	final_prompt_token	sae_topk_jaccard_distance_vs_ascii	3	0.48484848484848486	0.0	0.48484848484848486	0.48484848484848486
recipe_neutral	token_count_matched_ascii_noise	26	generated_token_1	residual_l2_vs_ascii	3	1.8959463834762573	0.0	1.8959463834762573	1.8959463834762573
recipe_neutral	token_count_matched_ascii_noise	26	generated_token_1	sae_topk_jaccard_distance_vs_ascii	3	0.5074626865671642	0.0	0.5074626865671642	0.5074626865671642
recipe_neutral	token_count_matched_ascii_noise	26	generated_token_16	residual_l2_vs_ascii	3	6.352475166320801	0.0	6.352475166320801	6.352475166320801
recipe_neutral	token_count_matched_ascii_noise	26	generated_token_16	sae_topk_jaccard_distance_vs_ascii	3	0.9690721649484536	0.0	0.9690721649484536	0.9690721649484536
recipe_neutral	token_count_matched_ascii_noise	26	generated_token_32	residual_l2_vs_ascii	3	5.6632537841796875	0.0	5.6632537841796875	5.6632537841796875
recipe_neutral	token_count_matched_ascii_noise	26	generated_token_32	sae_topk_jaccard_distance_vs_ascii	3	0.9795918367346937	1.1102230246251565e-16	0.9795918367346939	0.9795918367346939
recipe_neutral	token_count_matched_ascii_noise	26	generated_token_64	residual_l2_vs_ascii	3	5.463973045349121	0.0	5.463973045349121	5.463973045349121
recipe_neutral	token_count_matched_ascii_noise	26	generated_token_64	sae_topk_jaccard_distance_vs_ascii	3	0.9690721649484536	0.0	0.9690721649484536	0.9690721649484536
recipe_neutral	token_count_matched_ascii_noise	26	generated_token_8	residual_l2_vs_ascii	3	5.8921895027160645	0.0	5.8921895027160645	5.8921895027160645
recipe_neutral	token_count_matched_ascii_noise	26	generated_token_8	sae_topk_jaccard_distance_vs_ascii	3	0.9795918367346937	1.1102230246251565e-16	0.9795918367346939	0.9795918367346939
recipe_neutral	unicode_nonletter_control	14	final_prompt_token	residual_l2_vs_ascii	3	1.3983747959136963	0.0	1.3983747959136963	1.3983747959136963
recipe_neutral	unicode_nonletter_control	14	final_prompt_token	sae_topk_jaccard_distance_vs_ascii	3	0.41269841269841273	5.551115123125783e-17	0.4126984126984127	0.4126984126984127
recipe_neutral	unicode_nonletter_control	14	generated_token_1	residual_l2_vs_ascii	3	1.5112013816833496	0.0	1.5112013816833496	1.5112013816833496
recipe_neutral	unicode_nonletter_control	14	generated_token_1	sae_topk_jaccard_distance_vs_ascii	3	0.5294117647058824	0.0	0.5294117647058824	0.5294117647058824
recipe_neutral	unicode_nonletter_control	14	generated_token_16	residual_l2_vs_ascii	3	4.480747222900391	0.0	4.480747222900391	4.480747222900391
recipe_neutral	unicode_nonletter_control	14	generated_token_16	sae_topk_jaccard_distance_vs_ascii	3	0.9583333333333334	0.0	0.9583333333333334	0.9583333333333334
recipe_neutral	unicode_nonletter_control	14	generated_token_32	residual_l2_vs_ascii	3	3.5886754989624023	0.0	3.5886754989624023	3.5886754989624023
recipe_neutral	unicode_nonletter_control	14	generated_token_32	sae_topk_jaccard_distance_vs_ascii	3	1.0	0.0	1.0	1.0
recipe_neutral	unicode_nonletter_control	14	generated_token_64	residual_l2_vs_ascii	3	3.5295469760894775	0.0	3.5295469760894775	3.5295469760894775
recipe_neutral	unicode_nonletter_control	14	generated_token_64	sae_topk_jaccard_distance_vs_ascii	3	0.9583333333333334	0.0	0.9583333333333334	0.9583333333333334
recipe_neutral	unicode_nonletter_control	14	generated_token_8	residual_l2_vs_ascii	3	3.086554527282715	0.0	3.086554527282715	3.086554527282715
recipe_neutral	unicode_nonletter_control	14	generated_token_8	sae_topk_jaccard_distance_vs_ascii	3	0.9473684210526315	1.1102230246251565e-16	0.9473684210526316	0.9473684210526316
recipe_neutral	unicode_nonletter_control	15	final_prompt_token	residual_l2_vs_ascii	3	1.2858787775039673	0.0	1.2858787775039673	1.2858787775039673
recipe_neutral	unicode_nonletter_control	15	final_prompt_token	sae_topk_jaccard_distance_vs_ascii	3	0.4375	0.0	0.4375	0.4375
recipe_neutral	unicode_nonletter_control	15	generated_token_1	residual_l2_vs_ascii	3	1.6995552778244019	0.0	1.6995552778244019	1.6995552778244019
recipe_neutral	unicode_nonletter_control	15	generated_token_1	sae_topk_jaccard_distance_vs_ascii	3	0.5074626865671642	0.0	0.5074626865671642	0.5074626865671642
recipe_neutral	unicode_nonletter_control	15	generated_token_16	residual_l2_vs_ascii	3	4.038492679595947	0.0	4.038492679595947	4.038492679595947
recipe_neutral	unicode_nonletter_control	15	generated_token_16	sae_topk_jaccard_distance_vs_ascii	3	0.9795918367346937	1.1102230246251565e-16	0.9795918367346939	0.9795918367346939
recipe_neutral	unicode_nonletter_control	15	generated_token_32	residual_l2_vs_ascii	3	3.499863862991333	0.0	3.499863862991333	3.499863862991333
recipe_neutral	unicode_nonletter_control	15	generated_token_32	sae_topk_jaccard_distance_vs_ascii	3	0.9795918367346937	1.1102230246251565e-16	0.9795918367346939	0.9795918367346939
recipe_neutral	unicode_nonletter_control	15	generated_token_64	residual_l2_vs_ascii	3	3.7013511657714844	0.0	3.7013511657714844	3.7013511657714844
recipe_neutral	unicode_nonletter_control	15	generated_token_64	sae_topk_jaccard_distance_vs_ascii	3	0.9130434782608696	0.0	0.9130434782608696	0.9130434782608696
recipe_neutral	unicode_nonletter_control	15	generated_token_8	residual_l2_vs_ascii	3	3.388665199279785	0.0	3.388665199279785	3.388665199279785
recipe_neutral	unicode_nonletter_control	15	generated_token_8	sae_topk_jaccard_distance_vs_ascii	3	0.9361702127659575	0.0	0.9361702127659575	0.9361702127659575
recipe_neutral	unicode_nonletter_control	16	final_prompt_token	residual_l2_vs_ascii	3	1.305823802947998	0.0	1.305823802947998	1.305823802947998
recipe_neutral	unicode_nonletter_control	16	final_prompt_token	sae_topk_jaccard_distance_vs_ascii	3	0.3870967741935483	5.551115123125783e-17	0.3870967741935484	0.3870967741935484
recipe_neutral	unicode_nonletter_control	16	generated_token_1	residual_l2_vs_ascii	3	1.6417107582092285	0.0	1.6417107582092285	1.6417107582092285
recipe_neutral	unicode_nonletter_control	16	generated_token_1	sae_topk_jaccard_distance_vs_ascii	3	0.5507246376811594	0.0	0.5507246376811594	0.5507246376811594
recipe_neutral	unicode_nonletter_control	16	generated_token_16	residual_l2_vs_ascii	3	4.084228992462158	0.0	4.084228992462158	4.084228992462158
recipe_neutral	unicode_nonletter_control	16	generated_token_16	sae_topk_jaccard_distance_vs_ascii	3	0.9690721649484536	0.0	0.9690721649484536	0.9690721649484536
recipe_neutral	unicode_nonletter_control	16	generated_token_32	residual_l2_vs_ascii	3	3.754992723464966	0.0	3.754992723464966	3.754992723464966
recipe_neutral	unicode_nonletter_control	16	generated_token_32	sae_topk_jaccard_distance_vs_ascii	3	0.98989898989899	0.0	0.98989898989899	0.98989898989899
recipe_neutral	unicode_nonletter_control	16	generated_token_64	residual_l2_vs_ascii	3	4.045688152313232	0.0	4.045688152313232	4.045688152313232
recipe_neutral	unicode_nonletter_control	16	generated_token_64	sae_topk_jaccard_distance_vs_ascii	3	0.9795918367346937	1.1102230246251565e-16	0.9795918367346939	0.9795918367346939
recipe_neutral	unicode_nonletter_control	16	generated_token_8	residual_l2_vs_ascii	3	3.5306878089904785	0.0	3.5306878089904785	3.5306878089904785
recipe_neutral	unicode_nonletter_control	16	generated_token_8	sae_topk_jaccard_distance_vs_ascii	3	0.9583333333333334	0.0	0.9583333333333334	0.9583333333333334
recipe_neutral	unicode_nonletter_control	24	final_prompt_token	residual_l2_vs_ascii	3	1.5123175382614136	0.0	1.5123175382614136	1.5123175382614136
recipe_neutral	unicode_nonletter_control	24	final_prompt_token	sae_topk_jaccard_distance_vs_ascii	3	0.4375	0.0	0.4375	0.4375
recipe_neutral	unicode_nonletter_control	24	generated_token_1	residual_l2_vs_ascii	3	1.7126483917236328	0.0	1.7126483917236328	1.7126483917236328
recipe_neutral	unicode_nonletter_control	24	generated_token_1	sae_topk_jaccard_distance_vs_ascii	3	0.5294117647058824	0.0	0.5294117647058824	0.5294117647058824
recipe_neutral	unicode_nonletter_control	24	generated_token_16	residual_l2_vs_ascii	3	5.705597877502441	0.0	5.705597877502441	5.705597877502441
recipe_neutral	unicode_nonletter_control	24	generated_token_16	sae_topk_jaccard_distance_vs_ascii	3	0.98989898989899	0.0	0.98989898989899	0.98989898989899
recipe_neutral	unicode_nonletter_control	24	generated_token_32	residual_l2_vs_ascii	3	5.533727169036865	0.0	5.533727169036865	5.533727169036865
recipe_neutral	unicode_nonletter_control	24	generated_token_32	sae_topk_jaccard_distance_vs_ascii	3	0.98989898989899	0.0	0.98989898989899	0.98989898989899
recipe_neutral	unicode_nonletter_control	24	generated_token_64	residual_l2_vs_ascii	3	5.181581974029541	0.0	5.181581974029541	5.181581974029541
recipe_neutral	unicode_nonletter_control	24	generated_token_64	sae_topk_jaccard_distance_vs_ascii	3	0.9361702127659575	0.0	0.9361702127659575	0.9361702127659575
recipe_neutral	unicode_nonletter_control	24	generated_token_8	residual_l2_vs_ascii	3	5.574169635772705	0.0	5.574169635772705	5.574169635772705
recipe_neutral	unicode_nonletter_control	24	generated_token_8	sae_topk_jaccard_distance_vs_ascii	3	0.98989898989899	0.0	0.98989898989899	0.98989898989899
recipe_neutral	unicode_nonletter_control	25	final_prompt_token	residual_l2_vs_ascii	3	1.6101809740066528	0.0	1.6101809740066528	1.6101809740066528
recipe_neutral	unicode_nonletter_control	25	final_prompt_token	sae_topk_jaccard_distance_vs_ascii	3	0.4615384615384615	5.551115123125783e-17	0.46153846153846156	0.46153846153846156
recipe_neutral	unicode_nonletter_control	25	generated_token_1	residual_l2_vs_ascii	3	1.7397223711013794	0.0	1.7397223711013794	1.7397223711013794
recipe_neutral	unicode_nonletter_control	25	generated_token_1	sae_topk_jaccard_distance_vs_ascii	3	0.4615384615384615	5.551115123125783e-17	0.46153846153846156	0.46153846153846156
recipe_neutral	unicode_nonletter_control	25	generated_token_16	residual_l2_vs_ascii	3	5.970426082611084	0.0	5.970426082611084	5.970426082611084
recipe_neutral	unicode_nonletter_control	25	generated_token_16	sae_topk_jaccard_distance_vs_ascii	3	0.98989898989899	0.0	0.98989898989899	0.98989898989899
recipe_neutral	unicode_nonletter_control	25	generated_token_32	residual_l2_vs_ascii	3	5.761323928833008	0.0	5.761323928833008	5.761323928833008
recipe_neutral	unicode_nonletter_control	25	generated_token_32	sae_topk_jaccard_distance_vs_ascii	3	0.98989898989899	0.0	0.98989898989899	0.98989898989899
recipe_neutral	unicode_nonletter_control	25	generated_token_64	residual_l2_vs_ascii	3	5.746159076690674	0.0	5.746159076690674	5.746159076690674
recipe_neutral	unicode_nonletter_control	25	generated_token_64	sae_topk_jaccard_distance_vs_ascii	3	0.9583333333333334	0.0	0.9583333333333334	0.9583333333333334
recipe_neutral	unicode_nonletter_control	25	generated_token_8	residual_l2_vs_ascii	3	5.692587852478027	0.0	5.692587852478027	5.692587852478027
recipe_neutral	unicode_nonletter_control	25	generated_token_8	sae_topk_jaccard_distance_vs_ascii	3	0.9690721649484536	0.0	0.9690721649484536	0.9690721649484536
recipe_neutral	unicode_nonletter_control	26	final_prompt_token	residual_l2_vs_ascii	3	1.7893786430358887	0.0	1.7893786430358887	1.7893786430358887
recipe_neutral	unicode_nonletter_control	26	final_prompt_token	sae_topk_jaccard_distance_vs_ascii	3	0.360655737704918	0.0	0.360655737704918	0.360655737704918
recipe_neutral	unicode_nonletter_control	26	generated_token_1	residual_l2_vs_ascii	3	1.7791000604629517	0.0	1.7791000604629517	1.7791000604629517
recipe_neutral	unicode_nonletter_control	26	generated_token_1	sae_topk_jaccard_distance_vs_ascii	3	0.4375	0.0	0.4375	0.4375
recipe_neutral	unicode_nonletter_control	26	generated_token_16	residual_l2_vs_ascii	3	6.553581714630127	0.0	6.553581714630127	6.553581714630127
recipe_neutral	unicode_nonletter_control	26	generated_token_16	sae_topk_jaccard_distance_vs_ascii	3	0.9795918367346937	1.1102230246251565e-16	0.9795918367346939	0.9795918367346939
recipe_neutral	unicode_nonletter_control	26	generated_token_32	residual_l2_vs_ascii	3	6.2701029777526855	0.0	6.2701029777526855	6.2701029777526855
recipe_neutral	unicode_nonletter_control	26	generated_token_32	sae_topk_jaccard_distance_vs_ascii	3	0.98989898989899	0.0	0.98989898989899	0.98989898989899
recipe_neutral	unicode_nonletter_control	26	generated_token_64	residual_l2_vs_ascii	3	5.618249416351318	0.0	5.618249416351318	5.618249416351318
recipe_neutral	unicode_nonletter_control	26	generated_token_64	sae_topk_jaccard_distance_vs_ascii	3	0.9361702127659575	0.0	0.9361702127659575	0.9361702127659575
recipe_neutral	unicode_nonletter_control	26	generated_token_8	residual_l2_vs_ascii	3	5.9493021965026855	0.0	5.9493021965026855	5.9493021965026855
recipe_neutral	unicode_nonletter_control	26	generated_token_8	sae_topk_jaccard_distance_vs_ascii	3	0.9690721649484536	0.0	0.9690721649484536	0.9690721649484536
recipe_neutral	visual_ascii_control	14	final_prompt_token	residual_l2_vs_ascii	3	1.3808194398880005	0.0	1.3808194398880005	1.3808194398880005
recipe_neutral	visual_ascii_control	14	final_prompt_token	sae_topk_jaccard_distance_vs_ascii	3	0.4375	0.0	0.4375	0.4375
recipe_neutral	visual_ascii_control	14	generated_token_1	residual_l2_vs_ascii	3	1.3322066068649292	0.0	1.3322066068649292	1.3322066068649292
recipe_neutral	visual_ascii_control	14	generated_token_1	sae_topk_jaccard_distance_vs_ascii	3	0.5507246376811594	0.0	0.5507246376811594	0.5507246376811594
recipe_neutral	visual_ascii_control	14	generated_token_16	residual_l2_vs_ascii	3	3.665271043777466	0.0	3.665271043777466	3.665271043777466
recipe_neutral	visual_ascii_control	14	generated_token_16	sae_topk_jaccard_distance_vs_ascii	3	0.9361702127659575	0.0	0.9361702127659575	0.9361702127659575
recipe_neutral	visual_ascii_control	14	generated_token_32	residual_l2_vs_ascii	3	2.876535415649414	0.0	2.876535415649414	2.876535415649414
recipe_neutral	visual_ascii_control	14	generated_token_32	sae_topk_jaccard_distance_vs_ascii	3	0.9583333333333334	0.0	0.9583333333333334	0.9583333333333334
recipe_neutral	visual_ascii_control	14	generated_token_64	residual_l2_vs_ascii	3	3.7144241333007812	0.0	3.7144241333007812	3.7144241333007812
recipe_neutral	visual_ascii_control	14	generated_token_64	sae_topk_jaccard_distance_vs_ascii	3	0.9361702127659575	0.0	0.9361702127659575	0.9361702127659575
recipe_neutral	visual_ascii_control	14	generated_token_8	residual_l2_vs_ascii	3	3.403656244277954	0.0	3.403656244277954	3.403656244277954
recipe_neutral	visual_ascii_control	14	generated_token_8	sae_topk_jaccard_distance_vs_ascii	3	0.9795918367346937	1.1102230246251565e-16	0.9795918367346939	0.9795918367346939
recipe_neutral	visual_ascii_control	15	final_prompt_token	residual_l2_vs_ascii	3	1.3862683773040771	0.0	1.3862683773040771	1.3862683773040771
recipe_neutral	visual_ascii_control	15	final_prompt_token	sae_topk_jaccard_distance_vs_ascii	3	0.3870967741935483	5.551115123125783e-17	0.3870967741935484	0.3870967741935484
recipe_neutral	visual_ascii_control	15	generated_token_1	residual_l2_vs_ascii	3	1.4462748765945435	0.0	1.4462748765945435	1.4462748765945435
recipe_neutral	visual_ascii_control	15	generated_token_1	sae_topk_jaccard_distance_vs_ascii	3	0.5714285714285714	0.0	0.5714285714285714	0.5714285714285714
recipe_neutral	visual_ascii_control	15	generated_token_16	residual_l2_vs_ascii	3	3.531421184539795	0.0	3.531421184539795	3.531421184539795
recipe_neutral	visual_ascii_control	15	generated_token_16	sae_topk_jaccard_distance_vs_ascii	3	0.9247311827956989	0.0	0.9247311827956989	0.9247311827956989
recipe_neutral	visual_ascii_control	15	generated_token_32	residual_l2_vs_ascii	3	3.277115821838379	0.0	3.277115821838379	3.277115821838379
recipe_neutral	visual_ascii_control	15	generated_token_32	sae_topk_jaccard_distance_vs_ascii	3	0.9583333333333334	0.0	0.9583333333333334	0.9583333333333334
recipe_neutral	visual_ascii_control	15	generated_token_64	residual_l2_vs_ascii	3	3.6822712421417236	0.0	3.6822712421417236	3.6822712421417236
recipe_neutral	visual_ascii_control	15	generated_token_64	sae_topk_jaccard_distance_vs_ascii	3	0.9690721649484536	0.0	0.9690721649484536	0.9690721649484536
recipe_neutral	visual_ascii_control	15	generated_token_8	residual_l2_vs_ascii	3	3.5788424015045166	0.0	3.5788424015045166	3.5788424015045166
recipe_neutral	visual_ascii_control	15	generated_token_8	sae_topk_jaccard_distance_vs_ascii	3	0.9361702127659575	0.0	0.9361702127659575	0.9361702127659575
recipe_neutral	visual_ascii_control	16	final_prompt_token	residual_l2_vs_ascii	3	1.4245002269744873	0.0	1.4245002269744873	1.4245002269744873
recipe_neutral	visual_ascii_control	16	final_prompt_token	sae_topk_jaccard_distance_vs_ascii	3	0.360655737704918	0.0	0.360655737704918	0.360655737704918
recipe_neutral	visual_ascii_control	16	generated_token_1	residual_l2_vs_ascii	3	1.4561511278152466	0.0	1.4561511278152466	1.4561511278152466
recipe_neutral	visual_ascii_control	16	generated_token_1	sae_topk_jaccard_distance_vs_ascii	3	0.5915492957746479	0.0	0.5915492957746479	0.5915492957746479
recipe_neutral	visual_ascii_control	16	generated_token_16	residual_l2_vs_ascii	3	3.7201998233795166	0.0	3.7201998233795166	3.7201998233795166
recipe_neutral	visual_ascii_control	16	generated_token_16	sae_topk_jaccard_distance_vs_ascii	3	0.9473684210526315	1.1102230246251565e-16	0.9473684210526316	0.9473684210526316
recipe_neutral	visual_ascii_control	16	generated_token_32	residual_l2_vs_ascii	3	3.521653175354004	0.0	3.521653175354004	3.521653175354004
recipe_neutral	visual_ascii_control	16	generated_token_32	sae_topk_jaccard_distance_vs_ascii	3	0.9583333333333334	0.0	0.9583333333333334	0.9583333333333334
recipe_neutral	visual_ascii_control	16	generated_token_64	residual_l2_vs_ascii	3	3.9744133949279785	0.0	3.9744133949279785	3.9744133949279785
recipe_neutral	visual_ascii_control	16	generated_token_64	sae_topk_jaccard_distance_vs_ascii	3	0.9583333333333334	0.0	0.9583333333333334	0.9583333333333334
recipe_neutral	visual_ascii_control	16	generated_token_8	residual_l2_vs_ascii	3	3.722506523132324	0.0	3.722506523132324	3.722506523132324
recipe_neutral	visual_ascii_control	16	generated_token_8	sae_topk_jaccard_distance_vs_ascii	3	0.9795918367346937	1.1102230246251565e-16	0.9795918367346939	0.9795918367346939
recipe_neutral	visual_ascii_control	24	final_prompt_token	residual_l2_vs_ascii	3	1.9212225675582886	0.0	1.9212225675582886	1.9212225675582886
recipe_neutral	visual_ascii_control	24	final_prompt_token	sae_topk_jaccard_distance_vs_ascii	3	0.5507246376811594	0.0	0.5507246376811594	0.5507246376811594
recipe_neutral	visual_ascii_control	24	generated_token_1	residual_l2_vs_ascii	3	1.7251417636871338	0.0	1.7251417636871338	1.7251417636871338
recipe_neutral	visual_ascii_control	24	generated_token_1	sae_topk_jaccard_distance_vs_ascii	3	0.5074626865671642	0.0	0.5074626865671642	0.5074626865671642
recipe_neutral	visual_ascii_control	24	generated_token_16	residual_l2_vs_ascii	3	5.562475204467773	0.0	5.562475204467773	5.562475204467773
recipe_neutral	visual_ascii_control	24	generated_token_16	sae_topk_jaccard_distance_vs_ascii	3	0.9795918367346937	1.1102230246251565e-16	0.9795918367346939	0.9795918367346939
recipe_neutral	visual_ascii_control	24	generated_token_32	residual_l2_vs_ascii	3	5.655414581298828	0.0	5.655414581298828	5.655414581298828
recipe_neutral	visual_ascii_control	24	generated_token_32	sae_topk_jaccard_distance_vs_ascii	3	0.98989898989899	0.0	0.98989898989899	0.98989898989899
recipe_neutral	visual_ascii_control	24	generated_token_64	residual_l2_vs_ascii	3	5.276969909667969	0.0	5.276969909667969	5.276969909667969
recipe_neutral	visual_ascii_control	24	generated_token_64	sae_topk_jaccard_distance_vs_ascii	3	0.9690721649484536	0.0	0.9690721649484536	0.9690721649484536
recipe_neutral	visual_ascii_control	24	generated_token_8	residual_l2_vs_ascii	3	5.548611640930176	0.0	5.548611640930176	5.548611640930176
recipe_neutral	visual_ascii_control	24	generated_token_8	sae_topk_jaccard_distance_vs_ascii	3	0.9795918367346937	1.1102230246251565e-16	0.9795918367346939	0.9795918367346939
recipe_neutral	visual_ascii_control	25	final_prompt_token	residual_l2_vs_ascii	3	2.1232125759124756	0.0	2.1232125759124756	2.1232125759124756
recipe_neutral	visual_ascii_control	25	final_prompt_token	sae_topk_jaccard_distance_vs_ascii	3	0.4615384615384615	5.551115123125783e-17	0.46153846153846156	0.46153846153846156
recipe_neutral	visual_ascii_control	25	generated_token_1	residual_l2_vs_ascii	3	1.7752134799957275	0.0	1.7752134799957275	1.7752134799957275
recipe_neutral	visual_ascii_control	25	generated_token_1	sae_topk_jaccard_distance_vs_ascii	3	0.48484848484848486	0.0	0.48484848484848486	0.48484848484848486
recipe_neutral	visual_ascii_control	25	generated_token_16	residual_l2_vs_ascii	3	5.9932541847229	0.0	5.9932541847229	5.9932541847229
recipe_neutral	visual_ascii_control	25	generated_token_16	sae_topk_jaccard_distance_vs_ascii	3	0.9690721649484536	0.0	0.9690721649484536	0.9690721649484536
recipe_neutral	visual_ascii_control	25	generated_token_32	residual_l2_vs_ascii	3	5.978257656097412	0.0	5.978257656097412	5.978257656097412
recipe_neutral	visual_ascii_control	25	generated_token_32	sae_topk_jaccard_distance_vs_ascii	3	0.9795918367346937	1.1102230246251565e-16	0.9795918367346939	0.9795918367346939
recipe_neutral	visual_ascii_control	25	generated_token_64	residual_l2_vs_ascii	3	5.475748538970947	0.0	5.475748538970947	5.475748538970947
recipe_neutral	visual_ascii_control	25	generated_token_64	sae_topk_jaccard_distance_vs_ascii	3	0.9690721649484536	0.0	0.9690721649484536	0.9690721649484536
recipe_neutral	visual_ascii_control	25	generated_token_8	residual_l2_vs_ascii	3	5.6613287925720215	0.0	5.6613287925720215	5.6613287925720215
recipe_neutral	visual_ascii_control	25	generated_token_8	sae_topk_jaccard_distance_vs_ascii	3	0.9690721649484536	0.0	0.9690721649484536	0.9690721649484536
recipe_neutral	visual_ascii_control	26	final_prompt_token	residual_l2_vs_ascii	3	2.3447625637054443	0.0	2.3447625637054443	2.3447625637054443
recipe_neutral	visual_ascii_control	26	final_prompt_token	sae_topk_jaccard_distance_vs_ascii	3	0.5507246376811594	0.0	0.5507246376811594	0.5507246376811594
recipe_neutral	visual_ascii_control	26	generated_token_1	residual_l2_vs_ascii	3	1.8016198873519897	0.0	1.8016198873519897	1.8016198873519897
recipe_neutral	visual_ascii_control	26	generated_token_1	sae_topk_jaccard_distance_vs_ascii	3	0.4615384615384615	5.551115123125783e-17	0.46153846153846156	0.46153846153846156
recipe_neutral	visual_ascii_control	26	generated_token_16	residual_l2_vs_ascii	3	6.319944858551025	0.0	6.319944858551025	6.319944858551025
recipe_neutral	visual_ascii_control	26	generated_token_16	sae_topk_jaccard_distance_vs_ascii	3	0.9795918367346937	1.1102230246251565e-16	0.9795918367346939	0.9795918367346939
recipe_neutral	visual_ascii_control	26	generated_token_32	residual_l2_vs_ascii	3	6.365869998931885	0.0	6.365869998931885	6.365869998931885
recipe_neutral	visual_ascii_control	26	generated_token_32	sae_topk_jaccard_distance_vs_ascii	3	0.98989898989899	0.0	0.98989898989899	0.98989898989899
recipe_neutral	visual_ascii_control	26	generated_token_64	residual_l2_vs_ascii	3	5.553065776824951	0.0	5.553065776824951	5.553065776824951
recipe_neutral	visual_ascii_control	26	generated_token_64	sae_topk_jaccard_distance_vs_ascii	3	0.9690721649484536	0.0	0.9690721649484536	0.9690721649484536
recipe_neutral	visual_ascii_control	26	generated_token_8	residual_l2_vs_ascii	3	5.861990928649902	0.0	5.861990928649902	5.861990928649902
recipe_neutral	visual_ascii_control	26	generated_token_8	sae_topk_jaccard_distance_vs_ascii	3	0.9795918367346937	1.1102230246251565e-16	0.9795918367346939	0.9795918367346939
strange_loop	d_dot_high_impact_control	14	final_prompt_token	residual_l2_vs_ascii	3	0.41628819704055786	0.0	0.41628819704055786	0.41628819704055786
strange_loop	d_dot_high_impact_control	14	final_prompt_token	sae_topk_jaccard_distance_vs_ascii	3	0.24561403508771928	0.0	0.24561403508771928	0.24561403508771928
strange_loop	d_dot_high_impact_control	14	generated_token_1	residual_l2_vs_ascii	3	0.7724424004554749	0.0	0.7724424004554749	0.7724424004554749
strange_loop	d_dot_high_impact_control	14	generated_token_1	sae_topk_jaccard_distance_vs_ascii	3	0.30508474576271183	0.0	0.30508474576271183	0.30508474576271183
strange_loop	d_dot_high_impact_control	14	generated_token_16	residual_l2_vs_ascii	3	4.0759429931640625	0.0	4.0759429931640625	4.0759429931640625
strange_loop	d_dot_high_impact_control	14	generated_token_16	sae_topk_jaccard_distance_vs_ascii	3	0.9690721649484536	0.0	0.9690721649484536	0.9690721649484536
strange_loop	d_dot_high_impact_control	14	generated_token_32	residual_l2_vs_ascii	3	3.4809083938598633	0.0	3.4809083938598633	3.4809083938598633
strange_loop	d_dot_high_impact_control	14	generated_token_32	sae_topk_jaccard_distance_vs_ascii	3	0.9473684210526315	1.1102230246251565e-16	0.9473684210526316	0.9473684210526316
strange_loop	d_dot_high_impact_control	14	generated_token_64	residual_l2_vs_ascii	3	3.3929009437561035	0.0	3.3929009437561035	3.3929009437561035
strange_loop	d_dot_high_impact_control	14	generated_token_64	sae_topk_jaccard_distance_vs_ascii	3	0.98989898989899	0.0	0.98989898989899	0.98989898989899
strange_loop	d_dot_high_impact_control	14	generated_token_8	residual_l2_vs_ascii	3	0.7646076083183289	0.0	0.7646076083183289	0.7646076083183289
strange_loop	d_dot_high_impact_control	14	generated_token_8	sae_topk_jaccard_distance_vs_ascii	3	0.3870967741935483	5.551115123125783e-17	0.3870967741935484	0.3870967741935484
strange_loop	d_dot_high_impact_control	15	final_prompt_token	residual_l2_vs_ascii	3	0.46505478024482727	0.0	0.46505478024482727	0.46505478024482727
strange_loop	d_dot_high_impact_control	15	final_prompt_token	sae_topk_jaccard_distance_vs_ascii	3	0.1132075471698113	0.0	0.1132075471698113	0.1132075471698113
strange_loop	d_dot_high_impact_control	15	generated_token_1	residual_l2_vs_ascii	3	0.7397836446762085	0.0	0.7397836446762085	0.7397836446762085
strange_loop	d_dot_high_impact_control	15	generated_token_1	sae_topk_jaccard_distance_vs_ascii	3	0.3870967741935483	5.551115123125783e-17	0.3870967741935484	0.3870967741935484
strange_loop	d_dot_high_impact_control	15	generated_token_16	residual_l2_vs_ascii	3	4.539735317230225	0.0	4.539735317230225	4.539735317230225
strange_loop	d_dot_high_impact_control	15	generated_token_16	sae_topk_jaccard_distance_vs_ascii	3	0.9795918367346937	1.1102230246251565e-16	0.9795918367346939	0.9795918367346939
strange_loop	d_dot_high_impact_control	15	generated_token_32	residual_l2_vs_ascii	3	3.556947708129883	0.0	3.556947708129883	3.556947708129883
strange_loop	d_dot_high_impact_control	15	generated_token_32	sae_topk_jaccard_distance_vs_ascii	3	0.9690721649484536	0.0	0.9690721649484536	0.9690721649484536
strange_loop	d_dot_high_impact_control	15	generated_token_64	residual_l2_vs_ascii	3	3.433502435684204	0.0	3.433502435684204	3.433502435684204
strange_loop	d_dot_high_impact_control	15	generated_token_64	sae_topk_jaccard_distance_vs_ascii	3	1.0	0.0	1.0	1.0
strange_loop	d_dot_high_impact_control	15	generated_token_8	residual_l2_vs_ascii	3	0.915274977684021	0.0	0.915274977684021	0.915274977684021
strange_loop	d_dot_high_impact_control	15	generated_token_8	sae_topk_jaccard_distance_vs_ascii	3	0.4375	0.0	0.4375	0.4375
strange_loop	d_dot_high_impact_control	16	final_prompt_token	residual_l2_vs_ascii	3	0.490264892578125	0.0	0.490264892578125	0.490264892578125
strange_loop	d_dot_high_impact_control	16	final_prompt_token	sae_topk_jaccard_distance_vs_ascii	3	0.18181818181818177	0.0	0.18181818181818177	0.18181818181818177
strange_loop	d_dot_high_impact_control	16	generated_token_1	residual_l2_vs_ascii	3	0.7756684422492981	0.0	0.7756684422492981	0.7756684422492981
strange_loop	d_dot_high_impact_control	16	generated_token_1	sae_topk_jaccard_distance_vs_ascii	3	0.3870967741935483	5.551115123125783e-17	0.3870967741935484	0.3870967741935484
strange_loop	d_dot_high_impact_control	16	generated_token_16	residual_l2_vs_ascii	3	4.704435348510742	0.0	4.704435348510742	4.704435348510742
strange_loop	d_dot_high_impact_control	16	generated_token_16	sae_topk_jaccard_distance_vs_ascii	3	0.9795918367346937	1.1102230246251565e-16	0.9795918367346939	0.9795918367346939
strange_loop	d_dot_high_impact_control	16	generated_token_32	residual_l2_vs_ascii	3	3.679253578186035	0.0	3.679253578186035	3.679253578186035
strange_loop	d_dot_high_impact_control	16	generated_token_32	sae_topk_jaccard_distance_vs_ascii	3	0.9690721649484536	0.0	0.9690721649484536	0.9690721649484536
strange_loop	d_dot_high_impact_control	16	generated_token_64	residual_l2_vs_ascii	3	3.5400500297546387	0.0	3.5400500297546387	3.5400500297546387
strange_loop	d_dot_high_impact_control	16	generated_token_64	sae_topk_jaccard_distance_vs_ascii	3	0.9583333333333334	0.0	0.9583333333333334	0.9583333333333334
strange_loop	d_dot_high_impact_control	16	generated_token_8	residual_l2_vs_ascii	3	0.8901927471160889	0.0	0.8901927471160889	0.8901927471160889
strange_loop	d_dot_high_impact_control	16	generated_token_8	sae_topk_jaccard_distance_vs_ascii	3	0.3870967741935483	5.551115123125783e-17	0.3870967741935484	0.3870967741935484
strange_loop	d_dot_high_impact_control	24	final_prompt_token	residual_l2_vs_ascii	3	0.5890174508094788	0.0	0.5890174508094788	0.5890174508094788
strange_loop	d_dot_high_impact_control	24	final_prompt_token	sae_topk_jaccard_distance_vs_ascii	3	0.14814814814814814	0.0	0.14814814814814814	0.14814814814814814
strange_loop	d_dot_high_impact_control	24	generated_token_1	residual_l2_vs_ascii	3	0.8794358372688293	0.0	0.8794358372688293	0.8794358372688293
strange_loop	d_dot_high_impact_control	24	generated_token_1	sae_topk_jaccard_distance_vs_ascii	3	0.27586206896551724	0.0	0.27586206896551724	0.27586206896551724
strange_loop	d_dot_high_impact_control	24	generated_token_16	residual_l2_vs_ascii	3	6.277249813079834	0.0	6.277249813079834	6.277249813079834
strange_loop	d_dot_high_impact_control	24	generated_token_16	sae_topk_jaccard_distance_vs_ascii	3	0.9361702127659575	0.0	0.9361702127659575	0.9361702127659575
strange_loop	d_dot_high_impact_control	24	generated_token_32	residual_l2_vs_ascii	3	4.756039142608643	0.0	4.756039142608643	4.756039142608643
strange_loop	d_dot_high_impact_control	24	generated_token_32	sae_topk_jaccard_distance_vs_ascii	3	0.8636363636363636	0.0	0.8636363636363636	0.8636363636363636
strange_loop	d_dot_high_impact_control	24	generated_token_64	residual_l2_vs_ascii	3	5.554764747619629	0.0	5.554764747619629	5.554764747619629
strange_loop	d_dot_high_impact_control	24	generated_token_64	sae_topk_jaccard_distance_vs_ascii	3	0.98989898989899	0.0	0.98989898989899	0.98989898989899
strange_loop	d_dot_high_impact_control	24	generated_token_8	residual_l2_vs_ascii	3	1.14412522315979	0.0	1.14412522315979	1.14412522315979
strange_loop	d_dot_high_impact_control	24	generated_token_8	sae_topk_jaccard_distance_vs_ascii	3	0.3333333333333333	5.551115123125783e-17	0.33333333333333337	0.33333333333333337
strange_loop	d_dot_high_impact_control	25	final_prompt_token	residual_l2_vs_ascii	3	0.6239237785339355	0.0	0.6239237785339355	0.6239237785339355
strange_loop	d_dot_high_impact_control	25	final_prompt_token	sae_topk_jaccard_distance_vs_ascii	3	0.2142857142857143	0.0	0.2142857142857143	0.2142857142857143
strange_loop	d_dot_high_impact_control	25	generated_token_1	residual_l2_vs_ascii	3	0.9048015475273132	0.0	0.9048015475273132	0.9048015475273132
strange_loop	d_dot_high_impact_control	25	generated_token_1	sae_topk_jaccard_distance_vs_ascii	3	0.24561403508771928	0.0	0.24561403508771928	0.24561403508771928
strange_loop	d_dot_high_impact_control	25	generated_token_16	residual_l2_vs_ascii	3	6.510509014129639	0.0	6.510509014129639	6.510509014129639
strange_loop	d_dot_high_impact_control	25	generated_token_16	sae_topk_jaccard_distance_vs_ascii	3	0.9795918367346937	1.1102230246251565e-16	0.9795918367346939	0.9795918367346939
strange_loop	d_dot_high_impact_control	25	generated_token_32	residual_l2_vs_ascii	3	5.138670921325684	0.0	5.138670921325684	5.138670921325684
strange_loop	d_dot_high_impact_control	25	generated_token_32	sae_topk_jaccard_distance_vs_ascii	3	0.8372093023255814	1.1102230246251565e-16	0.8372093023255813	0.8372093023255813
strange_loop	d_dot_high_impact_control	25	generated_token_64	residual_l2_vs_ascii	3	5.879269599914551	0.0	5.879269599914551	5.879269599914551
strange_loop	d_dot_high_impact_control	25	generated_token_64	sae_topk_jaccard_distance_vs_ascii	3	0.9690721649484536	0.0	0.9690721649484536	0.9690721649484536
strange_loop	d_dot_high_impact_control	25	generated_token_8	residual_l2_vs_ascii	3	1.244918942451477	0.0	1.244918942451477	1.244918942451477
strange_loop	d_dot_high_impact_control	25	generated_token_8	sae_topk_jaccard_distance_vs_ascii	3	0.3333333333333333	5.551115123125783e-17	0.33333333333333337	0.33333333333333337
strange_loop	d_dot_high_impact_control	26	final_prompt_token	residual_l2_vs_ascii	3	0.6898521780967712	0.0	0.6898521780967712	0.6898521780967712
strange_loop	d_dot_high_impact_control	26	final_prompt_token	sae_topk_jaccard_distance_vs_ascii	3	0.14814814814814814	0.0	0.14814814814814814	0.14814814814814814
strange_loop	d_dot_high_impact_control	26	generated_token_1	residual_l2_vs_ascii	3	0.9329411387443542	0.0	0.9329411387443542	0.9329411387443542
strange_loop	d_dot_high_impact_control	26	generated_token_1	sae_topk_jaccard_distance_vs_ascii	3	0.30508474576271183	0.0	0.30508474576271183	0.30508474576271183
strange_loop	d_dot_high_impact_control	26	generated_token_16	residual_l2_vs_ascii	3	6.5269317626953125	0.0	6.5269317626953125	6.5269317626953125
strange_loop	d_dot_high_impact_control	26	generated_token_16	sae_topk_jaccard_distance_vs_ascii	3	0.9130434782608696	0.0	0.9130434782608696	0.9130434782608696
strange_loop	d_dot_high_impact_control	26	generated_token_32	residual_l2_vs_ascii	3	5.143596172332764	0.0	5.143596172332764	5.143596172332764
strange_loop	d_dot_high_impact_control	26	generated_token_32	sae_topk_jaccard_distance_vs_ascii	3	0.8636363636363636	0.0	0.8636363636363636	0.8636363636363636
strange_loop	d_dot_high_impact_control	26	generated_token_64	residual_l2_vs_ascii	3	6.027796745300293	0.0	6.027796745300293	6.027796745300293
strange_loop	d_dot_high_impact_control	26	generated_token_64	sae_topk_jaccard_distance_vs_ascii	3	0.9690721649484536	0.0	0.9690721649484536	0.9690721649484536
strange_loop	d_dot_high_impact_control	26	generated_token_8	residual_l2_vs_ascii	3	1.2852612733840942	0.0	1.2852612733840942	1.2852612733840942
strange_loop	d_dot_high_impact_control	26	generated_token_8	sae_topk_jaccard_distance_vs_ascii	3	0.3333333333333333	5.551115123125783e-17	0.33333333333333337	0.33333333333333337
strange_loop	dcedilla_high_impact	14	final_prompt_token	residual_l2_vs_ascii	3	0.37159138917922974	0.0	0.37159138917922974	0.37159138917922974
strange_loop	dcedilla_high_impact	14	final_prompt_token	sae_topk_jaccard_distance_vs_ascii	3	0.27586206896551724	0.0	0.27586206896551724	0.27586206896551724
strange_loop	dcedilla_high_impact	14	generated_token_1	residual_l2_vs_ascii	3	0.6331661343574524	0.0	0.6331661343574524	0.6331661343574524
strange_loop	dcedilla_high_impact	14	generated_token_1	sae_topk_jaccard_distance_vs_ascii	3	0.30508474576271183	0.0	0.30508474576271183	0.30508474576271183
strange_loop	dcedilla_high_impact	14	generated_token_16	residual_l2_vs_ascii	3	4.075865745544434	0.0	4.075865745544434	4.075865745544434
strange_loop	dcedilla_high_impact	14	generated_token_16	sae_topk_jaccard_distance_vs_ascii	3	0.9690721649484536	0.0	0.9690721649484536	0.9690721649484536
strange_loop	dcedilla_high_impact	14	generated_token_32	residual_l2_vs_ascii	3	3.5171103477478027	0.0	3.5171103477478027	3.5171103477478027
strange_loop	dcedilla_high_impact	14	generated_token_32	sae_topk_jaccard_distance_vs_ascii	3	0.9473684210526315	1.1102230246251565e-16	0.9473684210526316	0.9473684210526316
strange_loop	dcedilla_high_impact	14	generated_token_64	residual_l2_vs_ascii	3	3.424055337905884	0.0	3.424055337905884	3.424055337905884
strange_loop	dcedilla_high_impact	14	generated_token_64	sae_topk_jaccard_distance_vs_ascii	3	0.98989898989899	0.0	0.98989898989899	0.98989898989899
strange_loop	dcedilla_high_impact	14	generated_token_8	residual_l2_vs_ascii	3	0.5847668647766113	0.0	0.5847668647766113	0.5847668647766113
strange_loop	dcedilla_high_impact	14	generated_token_8	sae_topk_jaccard_distance_vs_ascii	3	0.30508474576271183	0.0	0.30508474576271183	0.30508474576271183
strange_loop	dcedilla_high_impact	15	final_prompt_token	residual_l2_vs_ascii	3	0.439325749874115	0.0	0.439325749874115	0.439325749874115
strange_loop	dcedilla_high_impact	15	final_prompt_token	sae_topk_jaccard_distance_vs_ascii	3	0.1132075471698113	0.0	0.1132075471698113	0.1132075471698113
strange_loop	dcedilla_high_impact	15	generated_token_1	residual_l2_vs_ascii	3	0.6008616089820862	0.0	0.6008616089820862	0.6008616089820862
strange_loop	dcedilla_high_impact	15	generated_token_1	sae_topk_jaccard_distance_vs_ascii	3	0.360655737704918	0.0	0.360655737704918	0.360655737704918
strange_loop	dcedilla_high_impact	15	generated_token_16	residual_l2_vs_ascii	3	4.541100025177002	0.0	4.541100025177002	4.541100025177002
strange_loop	dcedilla_high_impact	15	generated_token_16	sae_topk_jaccard_distance_vs_ascii	3	0.9690721649484536	0.0	0.9690721649484536	0.9690721649484536
strange_loop	dcedilla_high_impact	15	generated_token_32	residual_l2_vs_ascii	3	3.5854406356811523	0.0	3.5854406356811523	3.5854406356811523
strange_loop	dcedilla_high_impact	15	generated_token_32	sae_topk_jaccard_distance_vs_ascii	3	0.9583333333333334	0.0	0.9583333333333334	0.9583333333333334
strange_loop	dcedilla_high_impact	15	generated_token_64	residual_l2_vs_ascii	3	3.475020170211792	0.0	3.475020170211792	3.475020170211792
strange_loop	dcedilla_high_impact	15	generated_token_64	sae_topk_jaccard_distance_vs_ascii	3	1.0	0.0	1.0	1.0
strange_loop	dcedilla_high_impact	15	generated_token_8	residual_l2_vs_ascii	3	0.6979837417602539	0.0	0.6979837417602539	0.6979837417602539
strange_loop	dcedilla_high_impact	15	generated_token_8	sae_topk_jaccard_distance_vs_ascii	3	0.41269841269841273	5.551115123125783e-17	0.4126984126984127	0.4126984126984127
strange_loop	dcedilla_high_impact	16	final_prompt_token	residual_l2_vs_ascii	3	0.4487742781639099	0.0	0.4487742781639099	0.4487742781639099
strange_loop	dcedilla_high_impact	16	final_prompt_token	sae_topk_jaccard_distance_vs_ascii	3	0.14814814814814814	0.0	0.14814814814814814	0.14814814814814814
strange_loop	dcedilla_high_impact	16	generated_token_1	residual_l2_vs_ascii	3	0.63746577501297	0.0	0.63746577501297	0.63746577501297
strange_loop	dcedilla_high_impact	16	generated_token_1	sae_topk_jaccard_distance_vs_ascii	3	0.30508474576271183	0.0	0.30508474576271183	0.30508474576271183
strange_loop	dcedilla_high_impact	16	generated_token_16	residual_l2_vs_ascii	3	4.707859039306641	0.0	4.707859039306641	4.707859039306641
strange_loop	dcedilla_high_impact	16	generated_token_16	sae_topk_jaccard_distance_vs_ascii	3	0.9690721649484536	0.0	0.9690721649484536	0.9690721649484536
strange_loop	dcedilla_high_impact	16	generated_token_32	residual_l2_vs_ascii	3	3.6839599609375	0.0	3.6839599609375	3.6839599609375
strange_loop	dcedilla_high_impact	16	generated_token_32	sae_topk_jaccard_distance_vs_ascii	3	0.9690721649484536	0.0	0.9690721649484536	0.9690721649484536
strange_loop	dcedilla_high_impact	16	generated_token_64	residual_l2_vs_ascii	3	3.580044984817505	0.0	3.580044984817505	3.580044984817505
strange_loop	dcedilla_high_impact	16	generated_token_64	sae_topk_jaccard_distance_vs_ascii	3	0.9583333333333334	0.0	0.9583333333333334	0.9583333333333334
strange_loop	dcedilla_high_impact	16	generated_token_8	residual_l2_vs_ascii	3	0.6862440705299377	0.0	0.6862440705299377	0.6862440705299377
strange_loop	dcedilla_high_impact	16	generated_token_8	sae_topk_jaccard_distance_vs_ascii	3	0.24561403508771928	0.0	0.24561403508771928	0.24561403508771928
strange_loop	dcedilla_high_impact	24	final_prompt_token	residual_l2_vs_ascii	3	0.7210549712181091	0.0	0.7210549712181091	0.7210549712181091
strange_loop	dcedilla_high_impact	24	final_prompt_token	sae_topk_jaccard_distance_vs_ascii	3	0.2142857142857143	0.0	0.2142857142857143	0.2142857142857143
strange_loop	dcedilla_high_impact	24	generated_token_1	residual_l2_vs_ascii	3	0.7335653305053711	0.0	0.7335653305053711	0.7335653305053711
strange_loop	dcedilla_high_impact	24	generated_token_1	sae_topk_jaccard_distance_vs_ascii	3	0.27586206896551724	0.0	0.27586206896551724	0.27586206896551724
strange_loop	dcedilla_high_impact	24	generated_token_16	residual_l2_vs_ascii	3	6.251107692718506	0.0	6.251107692718506	6.251107692718506
strange_loop	dcedilla_high_impact	24	generated_token_16	sae_topk_jaccard_distance_vs_ascii	3	0.9361702127659575	0.0	0.9361702127659575	0.9361702127659575
strange_loop	dcedilla_high_impact	24	generated_token_32	residual_l2_vs_ascii	3	4.763937950134277	0.0	4.763937950134277	4.763937950134277
strange_loop	dcedilla_high_impact	24	generated_token_32	sae_topk_jaccard_distance_vs_ascii	3	0.8636363636363636	0.0	0.8636363636363636	0.8636363636363636
strange_loop	dcedilla_high_impact	24	generated_token_64	residual_l2_vs_ascii	3	5.58386754989624	0.0	5.58386754989624	5.58386754989624
strange_loop	dcedilla_high_impact	24	generated_token_64	sae_topk_jaccard_distance_vs_ascii	3	0.98989898989899	0.0	0.98989898989899	0.98989898989899
strange_loop	dcedilla_high_impact	24	generated_token_8	residual_l2_vs_ascii	3	0.9042978882789612	0.0	0.9042978882789612	0.9042978882789612
strange_loop	dcedilla_high_impact	24	generated_token_8	sae_topk_jaccard_distance_vs_ascii	3	0.24561403508771928	0.0	0.24561403508771928	0.24561403508771928
strange_loop	dcedilla_high_impact	25	final_prompt_token	residual_l2_vs_ascii	3	0.7714707255363464	0.0	0.7714707255363464	0.7714707255363464
strange_loop	dcedilla_high_impact	25	final_prompt_token	sae_topk_jaccard_distance_vs_ascii	3	0.24561403508771928	0.0	0.24561403508771928	0.24561403508771928
strange_loop	dcedilla_high_impact	25	generated_token_1	residual_l2_vs_ascii	3	0.7535962462425232	0.0	0.7535962462425232	0.7535962462425232
strange_loop	dcedilla_high_impact	25	generated_token_1	sae_topk_jaccard_distance_vs_ascii	3	0.18181818181818177	0.0	0.18181818181818177	0.18181818181818177
strange_loop	dcedilla_high_impact	25	generated_token_16	residual_l2_vs_ascii	3	6.48569917678833	0.0	6.48569917678833	6.48569917678833
strange_loop	dcedilla_high_impact	25	generated_token_16	sae_topk_jaccard_distance_vs_ascii	3	0.9795918367346937	1.1102230246251565e-16	0.9795918367346939	0.9795918367346939
strange_loop	dcedilla_high_impact	25	generated_token_32	residual_l2_vs_ascii	3	5.142907619476318	0.0	5.142907619476318	5.142907619476318
strange_loop	dcedilla_high_impact	25	generated_token_32	sae_topk_jaccard_distance_vs_ascii	3	0.8505747126436781	0.0	0.8505747126436781	0.8505747126436781
strange_loop	dcedilla_high_impact	25	generated_token_64	residual_l2_vs_ascii	3	5.909430027008057	0.0	5.909430027008057	5.909430027008057
strange_loop	dcedilla_high_impact	25	generated_token_64	sae_topk_jaccard_distance_vs_ascii	3	0.9690721649484536	0.0	0.9690721649484536	0.9690721649484536
strange_loop	dcedilla_high_impact	25	generated_token_8	residual_l2_vs_ascii	3	0.96113520860672	0.0	0.96113520860672	0.96113520860672
strange_loop	dcedilla_high_impact	25	generated_token_8	sae_topk_jaccard_distance_vs_ascii	3	0.27586206896551724	0.0	0.27586206896551724	0.27586206896551724
strange_loop	dcedilla_high_impact	26	final_prompt_token	residual_l2_vs_ascii	3	0.8281147480010986	0.0	0.8281147480010986	0.8281147480010986
strange_loop	dcedilla_high_impact	26	final_prompt_token	sae_topk_jaccard_distance_vs_ascii	3	0.14814814814814814	0.0	0.14814814814814814	0.14814814814814814
strange_loop	dcedilla_high_impact	26	generated_token_1	residual_l2_vs_ascii	3	0.7891969680786133	0.0	0.7891969680786133	0.7891969680786133
strange_loop	dcedilla_high_impact	26	generated_token_1	sae_topk_jaccard_distance_vs_ascii	3	0.27586206896551724	0.0	0.27586206896551724	0.27586206896551724
strange_loop	dcedilla_high_impact	26	generated_token_16	residual_l2_vs_ascii	3	6.513077259063721	0.0	6.513077259063721	6.513077259063721
strange_loop	dcedilla_high_impact	26	generated_token_16	sae_topk_jaccard_distance_vs_ascii	3	0.9130434782608696	0.0	0.9130434782608696	0.9130434782608696
strange_loop	dcedilla_high_impact	26	generated_token_32	residual_l2_vs_ascii	3	5.146973133087158	0.0	5.146973133087158	5.146973133087158
strange_loop	dcedilla_high_impact	26	generated_token_32	sae_topk_jaccard_distance_vs_ascii	3	0.8505747126436781	0.0	0.8505747126436781	0.8505747126436781
strange_loop	dcedilla_high_impact	26	generated_token_64	residual_l2_vs_ascii	3	6.049032211303711	0.0	6.049032211303711	6.049032211303711
strange_loop	dcedilla_high_impact	26	generated_token_64	sae_topk_jaccard_distance_vs_ascii	3	0.9690721649484536	0.0	0.9690721649484536	0.9690721649484536
strange_loop	dcedilla_high_impact	26	generated_token_8	residual_l2_vs_ascii	3	0.9603875875473022	0.0	0.9603875875473022	0.9603875875473022
strange_loop	dcedilla_high_impact	26	generated_token_8	sae_topk_jaccard_distance_vs_ascii	3	0.18181818181818177	0.0	0.18181818181818177	0.18181818181818177
strange_loop	dcedilla_shuffled_light	14	final_prompt_token	residual_l2_vs_ascii	3	0.7918601036071777	0.0	0.7918601036071777	0.7918601036071777
strange_loop	dcedilla_shuffled_light	14	final_prompt_token	sae_topk_jaccard_distance_vs_ascii	3	0.30508474576271183	0.0	0.30508474576271183	0.30508474576271183
strange_loop	dcedilla_shuffled_light	14	generated_token_1	residual_l2_vs_ascii	3	1.198011875152588	0.0	1.198011875152588	1.198011875152588
strange_loop	dcedilla_shuffled_light	14	generated_token_1	sae_topk_jaccard_distance_vs_ascii	3	0.48484848484848486	0.0	0.48484848484848486	0.48484848484848486
strange_loop	dcedilla_shuffled_light	14	generated_token_16	residual_l2_vs_ascii	3	0.316658616065979	0.0	0.316658616065979	0.316658616065979
strange_loop	dcedilla_shuffled_light	14	generated_token_16	sae_topk_jaccard_distance_vs_ascii	3	0.07692307692307687	0.0	0.07692307692307687	0.07692307692307687
strange_loop	dcedilla_shuffled_light	14	generated_token_32	residual_l2_vs_ascii	3	2.6027438640594482	0.0	2.6027438640594482	2.6027438640594482
strange_loop	dcedilla_shuffled_light	14	generated_token_32	sae_topk_jaccard_distance_vs_ascii	3	0.9690721649484536	0.0	0.9690721649484536	0.9690721649484536
strange_loop	dcedilla_shuffled_light	14	generated_token_64	residual_l2_vs_ascii	3	3.1156134605407715	0.0	3.1156134605407715	3.1156134605407715
strange_loop	dcedilla_shuffled_light	14	generated_token_64	sae_topk_jaccard_distance_vs_ascii	3	0.9361702127659575	0.0	0.9361702127659575	0.9361702127659575
strange_loop	dcedilla_shuffled_light	14	generated_token_8	residual_l2_vs_ascii	3	0.32893699407577515	0.0	0.32893699407577515	0.32893699407577515
strange_loop	dcedilla_shuffled_light	14	generated_token_8	sae_topk_jaccard_distance_vs_ascii	3	0.24561403508771928	0.0	0.24561403508771928	0.24561403508771928
strange_loop	dcedilla_shuffled_light	15	final_prompt_token	residual_l2_vs_ascii	3	0.8090260624885559	0.0	0.8090260624885559	0.8090260624885559
strange_loop	dcedilla_shuffled_light	15	final_prompt_token	sae_topk_jaccard_distance_vs_ascii	3	0.27586206896551724	0.0	0.27586206896551724	0.27586206896551724
strange_loop	dcedilla_shuffled_light	15	generated_token_1	residual_l2_vs_ascii	3	1.2416980266571045	0.0	1.2416980266571045	1.2416980266571045
strange_loop	dcedilla_shuffled_light	15	generated_token_1	sae_topk_jaccard_distance_vs_ascii	3	0.4615384615384615	5.551115123125783e-17	0.46153846153846156	0.46153846153846156
strange_loop	dcedilla_shuffled_light	15	generated_token_16	residual_l2_vs_ascii	3	0.4569273591041565	0.0	0.4569273591041565	0.4569273591041565
strange_loop	dcedilla_shuffled_light	15	generated_token_16	sae_topk_jaccard_distance_vs_ascii	3	0.18181818181818177	0.0	0.18181818181818177	0.18181818181818177
strange_loop	dcedilla_shuffled_light	15	generated_token_32	residual_l2_vs_ascii	3	3.2287020683288574	0.0	3.2287020683288574	3.2287020683288574
strange_loop	dcedilla_shuffled_light	15	generated_token_32	sae_topk_jaccard_distance_vs_ascii	3	0.9690721649484536	0.0	0.9690721649484536	0.9690721649484536
strange_loop	dcedilla_shuffled_light	15	generated_token_64	residual_l2_vs_ascii	3	3.2159485816955566	0.0	3.2159485816955566	3.2159485816955566
strange_loop	dcedilla_shuffled_light	15	generated_token_64	sae_topk_jaccard_distance_vs_ascii	3	0.9473684210526315	1.1102230246251565e-16	0.9473684210526316	0.9473684210526316
strange_loop	dcedilla_shuffled_light	15	generated_token_8	residual_l2_vs_ascii	3	0.5057153701782227	0.0	0.5057153701782227	0.5057153701782227
strange_loop	dcedilla_shuffled_light	15	generated_token_8	sae_topk_jaccard_distance_vs_ascii	3	0.27586206896551724	0.0	0.27586206896551724	0.27586206896551724
strange_loop	dcedilla_shuffled_light	16	final_prompt_token	residual_l2_vs_ascii	3	0.807853639125824	0.0	0.807853639125824	0.807853639125824
strange_loop	dcedilla_shuffled_light	16	final_prompt_token	sae_topk_jaccard_distance_vs_ascii	3	0.30508474576271183	0.0	0.30508474576271183	0.30508474576271183
strange_loop	dcedilla_shuffled_light	16	generated_token_1	residual_l2_vs_ascii	3	1.3205904960632324	0.0	1.3205904960632324	1.3205904960632324
strange_loop	dcedilla_shuffled_light	16	generated_token_1	sae_topk_jaccard_distance_vs_ascii	3	0.6486486486486487	0.0	0.6486486486486487	0.6486486486486487
strange_loop	dcedilla_shuffled_light	16	generated_token_16	residual_l2_vs_ascii	3	0.5282850861549377	0.0	0.5282850861549377	0.5282850861549377
strange_loop	dcedilla_shuffled_light	16	generated_token_16	sae_topk_jaccard_distance_vs_ascii	3	0.14814814814814814	0.0	0.14814814814814814	0.14814814814814814
strange_loop	dcedilla_shuffled_light	16	generated_token_32	residual_l2_vs_ascii	3	3.3059914112091064	0.0	3.3059914112091064	3.3059914112091064
strange_loop	dcedilla_shuffled_light	16	generated_token_32	sae_topk_jaccard_distance_vs_ascii	3	0.9690721649484536	0.0	0.9690721649484536	0.9690721649484536
strange_loop	dcedilla_shuffled_light	16	generated_token_64	residual_l2_vs_ascii	3	3.4680824279785156	0.0	3.4680824279785156	3.4680824279785156
strange_loop	dcedilla_shuffled_light	16	generated_token_64	sae_topk_jaccard_distance_vs_ascii	3	0.9247311827956989	0.0	0.9247311827956989	0.9247311827956989
strange_loop	dcedilla_shuffled_light	16	generated_token_8	residual_l2_vs_ascii	3	0.5404971837997437	0.0	0.5404971837997437	0.5404971837997437
strange_loop	dcedilla_shuffled_light	16	generated_token_8	sae_topk_jaccard_distance_vs_ascii	3	0.27586206896551724	0.0	0.27586206896551724	0.27586206896551724
strange_loop	dcedilla_shuffled_light	24	final_prompt_token	residual_l2_vs_ascii	3	1.0650451183319092	0.0	1.0650451183319092	1.0650451183319092
strange_loop	dcedilla_shuffled_light	24	final_prompt_token	sae_topk_jaccard_distance_vs_ascii	3	0.24561403508771928	0.0	0.24561403508771928	0.24561403508771928
strange_loop	dcedilla_shuffled_light	24	generated_token_1	residual_l2_vs_ascii	3	1.6402587890625	0.0	1.6402587890625	1.6402587890625
strange_loop	dcedilla_shuffled_light	24	generated_token_1	sae_topk_jaccard_distance_vs_ascii	3	0.4615384615384615	5.551115123125783e-17	0.46153846153846156	0.46153846153846156
strange_loop	dcedilla_shuffled_light	24	generated_token_16	residual_l2_vs_ascii	3	0.5748088955879211	0.0	0.5748088955879211	0.5748088955879211
strange_loop	dcedilla_shuffled_light	24	generated_token_16	sae_topk_jaccard_distance_vs_ascii	3	0.14814814814814814	0.0	0.14814814814814814	0.14814814814814814
strange_loop	dcedilla_shuffled_light	24	generated_token_32	residual_l2_vs_ascii	3	5.476743221282959	0.0	5.476743221282959	5.476743221282959
strange_loop	dcedilla_shuffled_light	24	generated_token_32	sae_topk_jaccard_distance_vs_ascii	3	0.9795918367346937	1.1102230246251565e-16	0.9795918367346939	0.9795918367346939
strange_loop	dcedilla_shuffled_light	24	generated_token_64	residual_l2_vs_ascii	3	5.39474630355835	0.0	5.39474630355835	5.39474630355835
strange_loop	dcedilla_shuffled_light	24	generated_token_64	sae_topk_jaccard_distance_vs_ascii	3	0.9473684210526315	1.1102230246251565e-16	0.9473684210526316	0.9473684210526316
strange_loop	dcedilla_shuffled_light	24	generated_token_8	residual_l2_vs_ascii	3	0.5931785702705383	0.0	0.5931785702705383	0.5931785702705383
strange_loop	dcedilla_shuffled_light	24	generated_token_8	sae_topk_jaccard_distance_vs_ascii	3	0.14814814814814814	0.0	0.14814814814814814	0.14814814814814814
strange_loop	dcedilla_shuffled_light	25	final_prompt_token	residual_l2_vs_ascii	3	1.1075817346572876	0.0	1.1075817346572876	1.1075817346572876
strange_loop	dcedilla_shuffled_light	25	final_prompt_token	sae_topk_jaccard_distance_vs_ascii	3	0.3333333333333333	5.551115123125783e-17	0.33333333333333337	0.33333333333333337
strange_loop	dcedilla_shuffled_light	25	generated_token_1	residual_l2_vs_ascii	3	1.6517943143844604	0.0	1.6517943143844604	1.6517943143844604
strange_loop	dcedilla_shuffled_light	25	generated_token_1	sae_topk_jaccard_distance_vs_ascii	3	0.41269841269841273	5.551115123125783e-17	0.4126984126984127	0.4126984126984127
strange_loop	dcedilla_shuffled_light	25	generated_token_16	residual_l2_vs_ascii	3	0.5903581380844116	0.0	0.5903581380844116	0.5903581380844116
strange_loop	dcedilla_shuffled_light	25	generated_token_16	sae_topk_jaccard_distance_vs_ascii	3	0.1132075471698113	0.0	0.1132075471698113	0.1132075471698113
strange_loop	dcedilla_shuffled_light	25	generated_token_32	residual_l2_vs_ascii	3	5.934120178222656	0.0	5.934120178222656	5.934120178222656
strange_loop	dcedilla_shuffled_light	25	generated_token_32	sae_topk_jaccard_distance_vs_ascii	3	0.9795918367346937	1.1102230246251565e-16	0.9795918367346939	0.9795918367346939
strange_loop	dcedilla_shuffled_light	25	generated_token_64	residual_l2_vs_ascii	3	5.686425685882568	0.0	5.686425685882568	5.686425685882568
strange_loop	dcedilla_shuffled_light	25	generated_token_64	sae_topk_jaccard_distance_vs_ascii	3	0.9361702127659575	0.0	0.9361702127659575	0.9361702127659575
strange_loop	dcedilla_shuffled_light	25	generated_token_8	residual_l2_vs_ascii	3	0.660454511642456	0.0	0.660454511642456	0.660454511642456
strange_loop	dcedilla_shuffled_light	25	generated_token_8	sae_topk_jaccard_distance_vs_ascii	3	0.30508474576271183	0.0	0.30508474576271183	0.30508474576271183
strange_loop	dcedilla_shuffled_light	26	final_prompt_token	residual_l2_vs_ascii	3	1.2416119575500488	0.0	1.2416119575500488	1.2416119575500488
strange_loop	dcedilla_shuffled_light	26	final_prompt_token	sae_topk_jaccard_distance_vs_ascii	3	0.3333333333333333	5.551115123125783e-17	0.33333333333333337	0.33333333333333337
strange_loop	dcedilla_shuffled_light	26	generated_token_1	residual_l2_vs_ascii	3	1.6538418531417847	0.0	1.6538418531417847	1.6538418531417847
strange_loop	dcedilla_shuffled_light	26	generated_token_1	sae_topk_jaccard_distance_vs_ascii	3	0.4615384615384615	5.551115123125783e-17	0.46153846153846156	0.46153846153846156
strange_loop	dcedilla_shuffled_light	26	generated_token_16	residual_l2_vs_ascii	3	0.651943564414978	0.0	0.651943564414978	0.651943564414978
strange_loop	dcedilla_shuffled_light	26	generated_token_16	sae_topk_jaccard_distance_vs_ascii	3	0.18181818181818177	0.0	0.18181818181818177	0.18181818181818177
strange_loop	dcedilla_shuffled_light	26	generated_token_32	residual_l2_vs_ascii	3	6.018033981323242	0.0	6.018033981323242	6.018033981323242
strange_loop	dcedilla_shuffled_light	26	generated_token_32	sae_topk_jaccard_distance_vs_ascii	3	0.98989898989899	0.0	0.98989898989899	0.98989898989899
strange_loop	dcedilla_shuffled_light	26	generated_token_64	residual_l2_vs_ascii	3	6.012068271636963	0.0	6.012068271636963	6.012068271636963
strange_loop	dcedilla_shuffled_light	26	generated_token_64	sae_topk_jaccard_distance_vs_ascii	3	0.9583333333333334	0.0	0.9583333333333334	0.9583333333333334
strange_loop	dcedilla_shuffled_light	26	generated_token_8	residual_l2_vs_ascii	3	0.6555964946746826	0.0	0.6555964946746826	0.6555964946746826
strange_loop	dcedilla_shuffled_light	26	generated_token_8	sae_topk_jaccard_distance_vs_ascii	3	0.30508474576271183	0.0	0.30508474576271183	0.30508474576271183
strange_loop	dense_dcedilla_all	14	final_prompt_token	residual_l2_vs_ascii	3	0.7831656336784363	0.0	0.7831656336784363	0.7831656336784363
strange_loop	dense_dcedilla_all	14	final_prompt_token	sae_topk_jaccard_distance_vs_ascii	3	0.27586206896551724	0.0	0.27586206896551724	0.27586206896551724
strange_loop	dense_dcedilla_all	14	generated_token_1	residual_l2_vs_ascii	3	1.1065953969955444	0.0	1.1065953969955444	1.1065953969955444
strange_loop	dense_dcedilla_all	14	generated_token_1	sae_topk_jaccard_distance_vs_ascii	3	0.41269841269841273	5.551115123125783e-17	0.4126984126984127	0.4126984126984127
strange_loop	dense_dcedilla_all	14	generated_token_16	residual_l2_vs_ascii	3	1.5196632146835327	0.0	1.5196632146835327	1.5196632146835327
strange_loop	dense_dcedilla_all	14	generated_token_16	sae_topk_jaccard_distance_vs_ascii	3	0.4615384615384615	5.551115123125783e-17	0.46153846153846156	0.46153846153846156
strange_loop	dense_dcedilla_all	14	generated_token_32	residual_l2_vs_ascii	3	2.2663137912750244	0.0	2.2663137912750244	2.2663137912750244
strange_loop	dense_dcedilla_all	14	generated_token_32	sae_topk_jaccard_distance_vs_ascii	3	0.8636363636363636	0.0	0.8636363636363636	0.8636363636363636
strange_loop	dense_dcedilla_all	14	generated_token_64	residual_l2_vs_ascii	3	2.7944998741149902	0.0	2.7944998741149902	2.7944998741149902
strange_loop	dense_dcedilla_all	14	generated_token_64	sae_topk_jaccard_distance_vs_ascii	3	0.9795918367346937	1.1102230246251565e-16	0.9795918367346939	0.9795918367346939
strange_loop	dense_dcedilla_all	14	generated_token_8	residual_l2_vs_ascii	3	0.7384087443351746	0.0	0.7384087443351746	0.7384087443351746
strange_loop	dense_dcedilla_all	14	generated_token_8	sae_topk_jaccard_distance_vs_ascii	3	0.3870967741935483	5.551115123125783e-17	0.3870967741935484	0.3870967741935484
strange_loop	dense_dcedilla_all	15	final_prompt_token	residual_l2_vs_ascii	3	0.8782544136047363	0.0	0.8782544136047363	0.8782544136047363
strange_loop	dense_dcedilla_all	15	final_prompt_token	sae_topk_jaccard_distance_vs_ascii	3	0.24561403508771928	0.0	0.24561403508771928	0.24561403508771928
strange_loop	dense_dcedilla_all	15	generated_token_1	residual_l2_vs_ascii	3	1.0975574254989624	0.0	1.0975574254989624	1.0975574254989624
strange_loop	dense_dcedilla_all	15	generated_token_1	sae_topk_jaccard_distance_vs_ascii	3	0.48484848484848486	0.0	0.48484848484848486	0.48484848484848486
strange_loop	dense_dcedilla_all	15	generated_token_16	residual_l2_vs_ascii	3	1.5138219594955444	0.0	1.5138219594955444	1.5138219594955444
strange_loop	dense_dcedilla_all	15	generated_token_16	sae_topk_jaccard_distance_vs_ascii	3	0.360655737704918	0.0	0.360655737704918	0.360655737704918
strange_loop	dense_dcedilla_all	15	generated_token_32	residual_l2_vs_ascii	3	2.5456292629241943	0.0	2.5456292629241943	2.5456292629241943
strange_loop	dense_dcedilla_all	15	generated_token_32	sae_topk_jaccard_distance_vs_ascii	3	0.7951807228915663	0.0	0.7951807228915663	0.7951807228915663
strange_loop	dense_dcedilla_all	15	generated_token_64	residual_l2_vs_ascii	3	2.9715566635131836	0.0	2.9715566635131836	2.9715566635131836
strange_loop	dense_dcedilla_all	15	generated_token_64	sae_topk_jaccard_distance_vs_ascii	3	0.98989898989899	0.0	0.98989898989899	0.98989898989899
strange_loop	dense_dcedilla_all	15	generated_token_8	residual_l2_vs_ascii	3	1.0214520692825317	0.0	1.0214520692825317	1.0214520692825317
strange_loop	dense_dcedilla_all	15	generated_token_8	sae_topk_jaccard_distance_vs_ascii	3	0.4375	0.0	0.4375	0.4375
strange_loop	dense_dcedilla_all	16	final_prompt_token	residual_l2_vs_ascii	3	0.9100723266601562	0.0	0.9100723266601562	0.9100723266601562
strange_loop	dense_dcedilla_all	16	final_prompt_token	sae_topk_jaccard_distance_vs_ascii	3	0.360655737704918	0.0	0.360655737704918	0.360655737704918
strange_loop	dense_dcedilla_all	16	generated_token_1	residual_l2_vs_ascii	3	1.179093360900879	0.0	1.179093360900879	1.179093360900879
strange_loop	dense_dcedilla_all	16	generated_token_1	sae_topk_jaccard_distance_vs_ascii	3	0.48484848484848486	0.0	0.48484848484848486	0.48484848484848486
strange_loop	dense_dcedilla_all	16	generated_token_16	residual_l2_vs_ascii	3	1.55417799949646	0.0	1.55417799949646	1.55417799949646
strange_loop	dense_dcedilla_all	16	generated_token_16	sae_topk_jaccard_distance_vs_ascii	3	0.41269841269841273	5.551115123125783e-17	0.4126984126984127	0.4126984126984127
strange_loop	dense_dcedilla_all	16	generated_token_32	residual_l2_vs_ascii	3	2.6134860515594482	0.0	2.6134860515594482	2.6134860515594482
strange_loop	dense_dcedilla_all	16	generated_token_32	sae_topk_jaccard_distance_vs_ascii	3	0.8636363636363636	0.0	0.8636363636363636	0.8636363636363636
strange_loop	dense_dcedilla_all	16	generated_token_64	residual_l2_vs_ascii	3	3.2126753330230713	0.0	3.2126753330230713	3.2126753330230713
strange_loop	dense_dcedilla_all	16	generated_token_64	sae_topk_jaccard_distance_vs_ascii	3	0.9690721649484536	0.0	0.9690721649484536	0.9690721649484536
strange_loop	dense_dcedilla_all	16	generated_token_8	residual_l2_vs_ascii	3	1.0408220291137695	0.0	1.0408220291137695	1.0408220291137695
strange_loop	dense_dcedilla_all	16	generated_token_8	sae_topk_jaccard_distance_vs_ascii	3	0.41269841269841273	5.551115123125783e-17	0.4126984126984127	0.4126984126984127
strange_loop	dense_dcedilla_all	24	final_prompt_token	residual_l2_vs_ascii	3	1.1859595775604248	0.0	1.1859595775604248	1.1859595775604248
strange_loop	dense_dcedilla_all	24	final_prompt_token	sae_topk_jaccard_distance_vs_ascii	3	0.3333333333333333	5.551115123125783e-17	0.33333333333333337	0.33333333333333337
strange_loop	dense_dcedilla_all	24	generated_token_1	residual_l2_vs_ascii	3	1.3405282497406006	0.0	1.3405282497406006	1.3405282497406006
strange_loop	dense_dcedilla_all	24	generated_token_1	sae_topk_jaccard_distance_vs_ascii	3	0.3870967741935483	5.551115123125783e-17	0.3870967741935484	0.3870967741935484
strange_loop	dense_dcedilla_all	24	generated_token_16	residual_l2_vs_ascii	3	1.923595905303955	0.0	1.923595905303955	1.923595905303955
strange_loop	dense_dcedilla_all	24	generated_token_16	sae_topk_jaccard_distance_vs_ascii	3	0.4615384615384615	5.551115123125783e-17	0.46153846153846156	0.46153846153846156
strange_loop	dense_dcedilla_all	24	generated_token_32	residual_l2_vs_ascii	3	4.141779899597168	0.0	4.141779899597168	4.141779899597168
strange_loop	dense_dcedilla_all	24	generated_token_32	sae_topk_jaccard_distance_vs_ascii	3	0.8095238095238096	1.1102230246251565e-16	0.8095238095238095	0.8095238095238095
strange_loop	dense_dcedilla_all	24	generated_token_64	residual_l2_vs_ascii	3	4.784038066864014	0.0	4.784038066864014	4.784038066864014
strange_loop	dense_dcedilla_all	24	generated_token_64	sae_topk_jaccard_distance_vs_ascii	3	0.9473684210526315	1.1102230246251565e-16	0.9473684210526316	0.9473684210526316
strange_loop	dense_dcedilla_all	24	generated_token_8	residual_l2_vs_ascii	3	1.2401806116104126	0.0	1.2401806116104126	1.2401806116104126
strange_loop	dense_dcedilla_all	24	generated_token_8	sae_topk_jaccard_distance_vs_ascii	3	0.360655737704918	0.0	0.360655737704918	0.360655737704918
strange_loop	dense_dcedilla_all	25	final_prompt_token	residual_l2_vs_ascii	3	1.2127701044082642	0.0	1.2127701044082642	1.2127701044082642
strange_loop	dense_dcedilla_all	25	final_prompt_token	sae_topk_jaccard_distance_vs_ascii	3	0.360655737704918	0.0	0.360655737704918	0.360655737704918
strange_loop	dense_dcedilla_all	25	generated_token_1	residual_l2_vs_ascii	3	1.3727174997329712	0.0	1.3727174997329712	1.3727174997329712
strange_loop	dense_dcedilla_all	25	generated_token_1	sae_topk_jaccard_distance_vs_ascii	3	0.360655737704918	0.0	0.360655737704918	0.360655737704918
strange_loop	dense_dcedilla_all	25	generated_token_16	residual_l2_vs_ascii	3	1.9794163703918457	0.0	1.9794163703918457	1.9794163703918457
strange_loop	dense_dcedilla_all	25	generated_token_16	sae_topk_jaccard_distance_vs_ascii	3	0.4375	0.0	0.4375	0.4375
strange_loop	dense_dcedilla_all	25	generated_token_32	residual_l2_vs_ascii	3	4.418630599975586	0.0	4.418630599975586	4.418630599975586
strange_loop	dense_dcedilla_all	25	generated_token_32	sae_topk_jaccard_distance_vs_ascii	3	0.823529411764706	1.1102230246251565e-16	0.8235294117647058	0.8235294117647058
strange_loop	dense_dcedilla_all	25	generated_token_64	residual_l2_vs_ascii	3	5.11562967300415	0.0	5.11562967300415	5.11562967300415
strange_loop	dense_dcedilla_all	25	generated_token_64	sae_topk_jaccard_distance_vs_ascii	3	0.9473684210526315	1.1102230246251565e-16	0.9473684210526316	0.9473684210526316
strange_loop	dense_dcedilla_all	25	generated_token_8	residual_l2_vs_ascii	3	1.3334498405456543	0.0	1.3334498405456543	1.3334498405456543
strange_loop	dense_dcedilla_all	25	generated_token_8	sae_topk_jaccard_distance_vs_ascii	3	0.360655737704918	0.0	0.360655737704918	0.360655737704918
strange_loop	dense_dcedilla_all	26	final_prompt_token	residual_l2_vs_ascii	3	1.3335082530975342	0.0	1.3335082530975342	1.3335082530975342
strange_loop	dense_dcedilla_all	26	final_prompt_token	sae_topk_jaccard_distance_vs_ascii	3	0.30508474576271183	0.0	0.30508474576271183	0.30508474576271183
strange_loop	dense_dcedilla_all	26	generated_token_1	residual_l2_vs_ascii	3	1.412678599357605	0.0	1.412678599357605	1.412678599357605
strange_loop	dense_dcedilla_all	26	generated_token_1	sae_topk_jaccard_distance_vs_ascii	3	0.4615384615384615	5.551115123125783e-17	0.46153846153846156	0.46153846153846156
strange_loop	dense_dcedilla_all	26	generated_token_16	residual_l2_vs_ascii	3	1.9931260347366333	0.0	1.9931260347366333	1.9931260347366333
strange_loop	dense_dcedilla_all	26	generated_token_16	sae_topk_jaccard_distance_vs_ascii	3	0.41269841269841273	5.551115123125783e-17	0.4126984126984127	0.4126984126984127
strange_loop	dense_dcedilla_all	26	generated_token_32	residual_l2_vs_ascii	3	4.373199462890625	0.0	4.373199462890625	4.373199462890625
strange_loop	dense_dcedilla_all	26	generated_token_32	sae_topk_jaccard_distance_vs_ascii	3	0.7951807228915663	0.0	0.7951807228915663	0.7951807228915663
strange_loop	dense_dcedilla_all	26	generated_token_64	residual_l2_vs_ascii	3	5.2708234786987305	0.0	5.2708234786987305	5.2708234786987305
strange_loop	dense_dcedilla_all	26	generated_token_64	sae_topk_jaccard_distance_vs_ascii	3	0.9690721649484536	0.0	0.9690721649484536	0.9690721649484536
strange_loop	dense_dcedilla_all	26	generated_token_8	residual_l2_vs_ascii	3	1.3422996997833252	0.0	1.3422996997833252	1.3422996997833252
strange_loop	dense_dcedilla_all	26	generated_token_8	sae_topk_jaccard_distance_vs_ascii	3	0.360655737704918	0.0	0.360655737704918	0.360655737704918
strange_loop	dense_global_mixed	14	final_prompt_token	residual_l2_vs_ascii	3	2.8290483951568604	0.0	2.8290483951568604	2.8290483951568604
strange_loop	dense_global_mixed	14	final_prompt_token	sae_topk_jaccard_distance_vs_ascii	3	0.8888888888888888	0.0	0.8888888888888888	0.8888888888888888
strange_loop	dense_global_mixed	14	generated_token_1	residual_l2_vs_ascii	3	1.971847414970398	0.0	1.971847414970398	1.971847414970398
strange_loop	dense_global_mixed	14	generated_token_1	sae_topk_jaccard_distance_vs_ascii	3	0.7654320987654323	1.1102230246251565e-16	0.7654320987654322	0.7654320987654322
strange_loop	dense_global_mixed	14	generated_token_16	residual_l2_vs_ascii	3	3.492534637451172	0.0	3.492534637451172	3.492534637451172
strange_loop	dense_global_mixed	14	generated_token_16	sae_topk_jaccard_distance_vs_ascii	3	0.8505747126436781	0.0	0.8505747126436781	0.8505747126436781
strange_loop	dense_global_mixed	14	generated_token_32	residual_l2_vs_ascii	3	1.7489672899246216	0.0	1.7489672899246216	1.7489672899246216
strange_loop	dense_global_mixed	14	generated_token_32	sae_topk_jaccard_distance_vs_ascii	3	0.7804878048780489	1.1102230246251565e-16	0.7804878048780488	0.7804878048780488
strange_loop	dense_global_mixed	14	generated_token_64	residual_l2_vs_ascii	3	3.053582191467285	0.0	3.053582191467285	3.053582191467285
strange_loop	dense_global_mixed	14	generated_token_64	sae_topk_jaccard_distance_vs_ascii	3	1.0	0.0	1.0	1.0
strange_loop	dense_global_mixed	14	generated_token_8	residual_l2_vs_ascii	3	1.8554377555847168	0.0	1.8554377555847168	1.8554377555847168
strange_loop	dense_global_mixed	14	generated_token_8	sae_topk_jaccard_distance_vs_ascii	3	0.75	0.0	0.75	0.75
strange_loop	dense_global_mixed	15	final_prompt_token	residual_l2_vs_ascii	3	2.84395170211792	0.0	2.84395170211792	2.84395170211792
strange_loop	dense_global_mixed	15	final_prompt_token	sae_topk_jaccard_distance_vs_ascii	3	0.8764044943820225	0.0	0.8764044943820225	0.8764044943820225
strange_loop	dense_global_mixed	15	generated_token_1	residual_l2_vs_ascii	3	1.9753962755203247	0.0	1.9753962755203247	1.9753962755203247
strange_loop	dense_global_mixed	15	generated_token_1	sae_topk_jaccard_distance_vs_ascii	3	0.7804878048780489	1.1102230246251565e-16	0.7804878048780488	0.7804878048780488
strange_loop	dense_global_mixed	15	generated_token_16	residual_l2_vs_ascii	3	3.7543575763702393	0.0	3.7543575763702393	3.7543575763702393
strange_loop	dense_global_mixed	15	generated_token_16	sae_topk_jaccard_distance_vs_ascii	3	0.8372093023255814	1.1102230246251565e-16	0.8372093023255813	0.8372093023255813
strange_loop	dense_global_mixed	15	generated_token_32	residual_l2_vs_ascii	3	1.944027066230774	0.0	1.944027066230774	1.944027066230774
strange_loop	dense_global_mixed	15	generated_token_32	sae_topk_jaccard_distance_vs_ascii	3	0.8095238095238096	1.1102230246251565e-16	0.8095238095238095	0.8095238095238095
strange_loop	dense_global_mixed	15	generated_token_64	residual_l2_vs_ascii	3	3.172879457473755	0.0	3.172879457473755	3.172879457473755
strange_loop	dense_global_mixed	15	generated_token_64	sae_topk_jaccard_distance_vs_ascii	3	1.0	0.0	1.0	1.0
strange_loop	dense_global_mixed	15	generated_token_8	residual_l2_vs_ascii	3	2.158864736557007	0.0	2.158864736557007	2.158864736557007
strange_loop	dense_global_mixed	15	generated_token_8	sae_topk_jaccard_distance_vs_ascii	3	0.8095238095238096	1.1102230246251565e-16	0.8095238095238095	0.8095238095238095
strange_loop	dense_global_mixed	16	final_prompt_token	residual_l2_vs_ascii	3	2.940619468688965	0.0	2.940619468688965	2.940619468688965
strange_loop	dense_global_mixed	16	final_prompt_token	sae_topk_jaccard_distance_vs_ascii	3	0.8505747126436781	0.0	0.8505747126436781	0.8505747126436781
strange_loop	dense_global_mixed	16	generated_token_1	residual_l2_vs_ascii	3	1.9915156364440918	0.0	1.9915156364440918	1.9915156364440918
strange_loop	dense_global_mixed	16	generated_token_1	sae_topk_jaccard_distance_vs_ascii	3	0.7012987012987013	0.0	0.7012987012987013	0.7012987012987013
strange_loop	dense_global_mixed	16	generated_token_16	residual_l2_vs_ascii	3	3.8766610622406006	0.0	3.8766610622406006	3.8766610622406006
strange_loop	dense_global_mixed	16	generated_token_16	sae_topk_jaccard_distance_vs_ascii	3	0.9247311827956989	0.0	0.9247311827956989	0.9247311827956989
strange_loop	dense_global_mixed	16	generated_token_32	residual_l2_vs_ascii	3	2.066321849822998	0.0	2.066321849822998	2.066321849822998
strange_loop	dense_global_mixed	16	generated_token_32	sae_topk_jaccard_distance_vs_ascii	3	0.7654320987654323	1.1102230246251565e-16	0.7654320987654322	0.7654320987654322
strange_loop	dense_global_mixed	16	generated_token_64	residual_l2_vs_ascii	3	3.3847427368164062	0.0	3.3847427368164062	3.3847427368164062
strange_loop	dense_global_mixed	16	generated_token_64	sae_topk_jaccard_distance_vs_ascii	3	0.9795918367346937	1.1102230246251565e-16	0.9795918367346939	0.9795918367346939
strange_loop	dense_global_mixed	16	generated_token_8	residual_l2_vs_ascii	3	2.2394213676452637	0.0	2.2394213676452637	2.2394213676452637
strange_loop	dense_global_mixed	16	generated_token_8	sae_topk_jaccard_distance_vs_ascii	3	0.823529411764706	1.1102230246251565e-16	0.8235294117647058	0.8235294117647058
strange_loop	dense_global_mixed	24	final_prompt_token	residual_l2_vs_ascii	3	3.2444987297058105	0.0	3.2444987297058105	3.2444987297058105
strange_loop	dense_global_mixed	24	final_prompt_token	sae_topk_jaccard_distance_vs_ascii	3	0.75	0.0	0.75	0.75
strange_loop	dense_global_mixed	24	generated_token_1	residual_l2_vs_ascii	3	2.250325918197632	0.0	2.250325918197632	2.250325918197632
strange_loop	dense_global_mixed	24	generated_token_1	sae_topk_jaccard_distance_vs_ascii	3	0.717948717948718	0.0	0.717948717948718	0.717948717948718
strange_loop	dense_global_mixed	24	generated_token_16	residual_l2_vs_ascii	3	5.39294958114624	0.0	5.39294958114624	5.39294958114624
strange_loop	dense_global_mixed	24	generated_token_16	sae_topk_jaccard_distance_vs_ascii	3	0.8764044943820225	0.0	0.8764044943820225	0.8764044943820225
strange_loop	dense_global_mixed	24	generated_token_32	residual_l2_vs_ascii	3	3.4919822216033936	0.0	3.4919822216033936	3.4919822216033936
strange_loop	dense_global_mixed	24	generated_token_32	sae_topk_jaccard_distance_vs_ascii	3	0.9010989010989011	0.0	0.9010989010989011	0.9010989010989011
strange_loop	dense_global_mixed	24	generated_token_64	residual_l2_vs_ascii	3	5.1479082107543945	0.0	5.1479082107543945	5.1479082107543945
strange_loop	dense_global_mixed	24	generated_token_64	sae_topk_jaccard_distance_vs_ascii	3	0.9795918367346937	1.1102230246251565e-16	0.9795918367346939	0.9795918367346939
strange_loop	dense_global_mixed	24	generated_token_8	residual_l2_vs_ascii	3	3.155287265777588	0.0	3.155287265777588	3.155287265777588
strange_loop	dense_global_mixed	24	generated_token_8	sae_topk_jaccard_distance_vs_ascii	3	0.823529411764706	1.1102230246251565e-16	0.8235294117647058	0.8235294117647058
strange_loop	dense_global_mixed	25	final_prompt_token	residual_l2_vs_ascii	3	3.337273597717285	0.0	3.337273597717285	3.337273597717285
strange_loop	dense_global_mixed	25	final_prompt_token	sae_topk_jaccard_distance_vs_ascii	3	0.6842105263157895	0.0	0.6842105263157895	0.6842105263157895
strange_loop	dense_global_mixed	25	generated_token_1	residual_l2_vs_ascii	3	2.3834989070892334	0.0	2.3834989070892334	2.3834989070892334
strange_loop	dense_global_mixed	25	generated_token_1	sae_topk_jaccard_distance_vs_ascii	3	0.6111111111111112	0.0	0.6111111111111112	0.6111111111111112
strange_loop	dense_global_mixed	25	generated_token_16	residual_l2_vs_ascii	3	5.577387809753418	0.0	5.577387809753418	5.577387809753418
strange_loop	dense_global_mixed	25	generated_token_16	sae_topk_jaccard_distance_vs_ascii	3	0.8888888888888888	0.0	0.8888888888888888	0.8888888888888888
strange_loop	dense_global_mixed	25	generated_token_32	residual_l2_vs_ascii	3	3.8832459449768066	0.0	3.8832459449768066	3.8832459449768066
strange_loop	dense_global_mixed	25	generated_token_32	sae_topk_jaccard_distance_vs_ascii	3	0.7951807228915663	0.0	0.7951807228915663	0.7951807228915663
strange_loop	dense_global_mixed	25	generated_token_64	residual_l2_vs_ascii	3	5.466829299926758	0.0	5.466829299926758	5.466829299926758
strange_loop	dense_global_mixed	25	generated_token_64	sae_topk_jaccard_distance_vs_ascii	3	0.9473684210526315	1.1102230246251565e-16	0.9473684210526316	0.9473684210526316
strange_loop	dense_global_mixed	25	generated_token_8	residual_l2_vs_ascii	3	3.43562912940979	0.0	3.43562912940979	3.43562912940979
strange_loop	dense_global_mixed	25	generated_token_8	sae_topk_jaccard_distance_vs_ascii	3	0.8372093023255814	1.1102230246251565e-16	0.8372093023255813	0.8372093023255813
strange_loop	dense_global_mixed	26	final_prompt_token	residual_l2_vs_ascii	3	3.481265068054199	0.0	3.481265068054199	3.481265068054199
strange_loop	dense_global_mixed	26	final_prompt_token	sae_topk_jaccard_distance_vs_ascii	3	0.7654320987654323	1.1102230246251565e-16	0.7654320987654322	0.7654320987654322
strange_loop	dense_global_mixed	26	generated_token_1	residual_l2_vs_ascii	3	2.483872175216675	0.0	2.483872175216675	2.483872175216675
strange_loop	dense_global_mixed	26	generated_token_1	sae_topk_jaccard_distance_vs_ascii	3	0.7012987012987013	0.0	0.7012987012987013	0.7012987012987013
strange_loop	dense_global_mixed	26	generated_token_16	residual_l2_vs_ascii	3	5.572470664978027	0.0	5.572470664978027	5.572470664978027
strange_loop	dense_global_mixed	26	generated_token_16	sae_topk_jaccard_distance_vs_ascii	3	0.9130434782608696	0.0	0.9130434782608696	0.9130434782608696
strange_loop	dense_global_mixed	26	generated_token_32	residual_l2_vs_ascii	3	3.8366048336029053	0.0	3.8366048336029053	3.8366048336029053
strange_loop	dense_global_mixed	26	generated_token_32	sae_topk_jaccard_distance_vs_ascii	3	0.8888888888888888	0.0	0.8888888888888888	0.8888888888888888
strange_loop	dense_global_mixed	26	generated_token_64	residual_l2_vs_ascii	3	5.686703681945801	0.0	5.686703681945801	5.686703681945801
strange_loop	dense_global_mixed	26	generated_token_64	sae_topk_jaccard_distance_vs_ascii	3	0.9690721649484536	0.0	0.9690721649484536	0.9690721649484536
strange_loop	dense_global_mixed	26	generated_token_8	residual_l2_vs_ascii	3	3.52213978767395	0.0	3.52213978767395	3.52213978767395
strange_loop	dense_global_mixed	26	generated_token_8	sae_topk_jaccard_distance_vs_ascii	3	0.8888888888888888	0.0	0.8888888888888888	0.8888888888888888
strange_loop	light_global_mixed	14	final_prompt_token	residual_l2_vs_ascii	3	1.3031991720199585	0.0	1.3031991720199585	1.3031991720199585
strange_loop	light_global_mixed	14	final_prompt_token	sae_topk_jaccard_distance_vs_ascii	3	0.5915492957746479	0.0	0.5915492957746479	0.5915492957746479
strange_loop	light_global_mixed	14	generated_token_1	residual_l2_vs_ascii	3	1.4371013641357422	0.0	1.4371013641357422	1.4371013641357422
strange_loop	light_global_mixed	14	generated_token_1	sae_topk_jaccard_distance_vs_ascii	3	0.5714285714285714	0.0	0.5714285714285714	0.5714285714285714
strange_loop	light_global_mixed	14	generated_token_16	residual_l2_vs_ascii	3	5.812496185302734	0.0	5.812496185302734	5.812496185302734
strange_loop	light_global_mixed	14	generated_token_16	sae_topk_jaccard_distance_vs_ascii	3	0.9583333333333334	0.0	0.9583333333333334	0.9583333333333334
strange_loop	light_global_mixed	14	generated_token_32	residual_l2_vs_ascii	3	3.6465277671813965	0.0	3.6465277671813965	3.6465277671813965
strange_loop	light_global_mixed	14	generated_token_32	sae_topk_jaccard_distance_vs_ascii	3	0.9795918367346937	1.1102230246251565e-16	0.9795918367346939	0.9795918367346939
strange_loop	light_global_mixed	14	generated_token_64	residual_l2_vs_ascii	3	3.218305826187134	0.0	3.218305826187134	3.218305826187134
strange_loop	light_global_mixed	14	generated_token_64	sae_topk_jaccard_distance_vs_ascii	3	0.9473684210526315	1.1102230246251565e-16	0.9473684210526316	0.9473684210526316
strange_loop	light_global_mixed	14	generated_token_8	residual_l2_vs_ascii	3	0.7128602266311646	0.0	0.7128602266311646	0.7128602266311646
strange_loop	light_global_mixed	14	generated_token_8	sae_topk_jaccard_distance_vs_ascii	3	0.41269841269841273	5.551115123125783e-17	0.4126984126984127	0.4126984126984127
strange_loop	light_global_mixed	15	final_prompt_token	residual_l2_vs_ascii	3	1.3102020025253296	0.0	1.3102020025253296	1.3102020025253296
strange_loop	light_global_mixed	15	final_prompt_token	sae_topk_jaccard_distance_vs_ascii	3	0.3870967741935483	5.551115123125783e-17	0.3870967741935484	0.3870967741935484
strange_loop	light_global_mixed	15	generated_token_1	residual_l2_vs_ascii	3	1.4695934057235718	0.0	1.4695934057235718	1.4695934057235718
strange_loop	light_global_mixed	15	generated_token_1	sae_topk_jaccard_distance_vs_ascii	3	0.5507246376811594	0.0	0.5507246376811594	0.5507246376811594
strange_loop	light_global_mixed	15	generated_token_16	residual_l2_vs_ascii	3	5.939816474914551	0.0	5.939816474914551	5.939816474914551
strange_loop	light_global_mixed	15	generated_token_16	sae_topk_jaccard_distance_vs_ascii	3	0.9473684210526315	1.1102230246251565e-16	0.9473684210526316	0.9473684210526316
strange_loop	light_global_mixed	15	generated_token_32	residual_l2_vs_ascii	3	3.9134724140167236	0.0	3.9134724140167236	3.9134724140167236
strange_loop	light_global_mixed	15	generated_token_32	sae_topk_jaccard_distance_vs_ascii	3	0.98989898989899	0.0	0.98989898989899	0.98989898989899
strange_loop	light_global_mixed	15	generated_token_64	residual_l2_vs_ascii	3	3.325327157974243	0.0	3.325327157974243	3.325327157974243
strange_loop	light_global_mixed	15	generated_token_64	sae_topk_jaccard_distance_vs_ascii	3	0.9583333333333334	0.0	0.9583333333333334	0.9583333333333334
strange_loop	light_global_mixed	15	generated_token_8	residual_l2_vs_ascii	3	0.8833771347999573	0.0	0.8833771347999573	0.8833771347999573
strange_loop	light_global_mixed	15	generated_token_8	sae_topk_jaccard_distance_vs_ascii	3	0.3333333333333333	5.551115123125783e-17	0.33333333333333337	0.33333333333333337
strange_loop	light_global_mixed	16	final_prompt_token	residual_l2_vs_ascii	3	1.3236886262893677	0.0	1.3236886262893677	1.3236886262893677
strange_loop	light_global_mixed	16	final_prompt_token	sae_topk_jaccard_distance_vs_ascii	3	0.3870967741935483	5.551115123125783e-17	0.3870967741935484	0.3870967741935484
strange_loop	light_global_mixed	16	generated_token_1	residual_l2_vs_ascii	3	1.5916545391082764	0.0	1.5916545391082764	1.5916545391082764
strange_loop	light_global_mixed	16	generated_token_1	sae_topk_jaccard_distance_vs_ascii	3	0.6666666666666666	1.1102230246251565e-16	0.6666666666666667	0.6666666666666667
strange_loop	light_global_mixed	16	generated_token_16	residual_l2_vs_ascii	3	5.817206382751465	0.0	5.817206382751465	5.817206382751465
strange_loop	light_global_mixed	16	generated_token_16	sae_topk_jaccard_distance_vs_ascii	3	0.9010989010989011	0.0	0.9010989010989011	0.9010989010989011
strange_loop	light_global_mixed	16	generated_token_32	residual_l2_vs_ascii	3	4.0898756980896	0.0	4.0898756980896	4.0898756980896
strange_loop	light_global_mixed	16	generated_token_32	sae_topk_jaccard_distance_vs_ascii	3	0.9795918367346937	1.1102230246251565e-16	0.9795918367346939	0.9795918367346939
strange_loop	light_global_mixed	16	generated_token_64	residual_l2_vs_ascii	3	3.522199869155884	0.0	3.522199869155884	3.522199869155884
strange_loop	light_global_mixed	16	generated_token_64	sae_topk_jaccard_distance_vs_ascii	3	0.9473684210526315	1.1102230246251565e-16	0.9473684210526316	0.9473684210526316
strange_loop	light_global_mixed	16	generated_token_8	residual_l2_vs_ascii	3	0.8989575505256653	0.0	0.8989575505256653	0.8989575505256653
strange_loop	light_global_mixed	16	generated_token_8	sae_topk_jaccard_distance_vs_ascii	3	0.3870967741935483	5.551115123125783e-17	0.3870967741935484	0.3870967741935484
strange_loop	light_global_mixed	24	final_prompt_token	residual_l2_vs_ascii	3	1.9103776216506958	0.0	1.9103776216506958	1.9103776216506958
strange_loop	light_global_mixed	24	final_prompt_token	sae_topk_jaccard_distance_vs_ascii	3	0.4375	0.0	0.4375	0.4375
strange_loop	light_global_mixed	24	generated_token_1	residual_l2_vs_ascii	3	1.71791672706604	0.0	1.71791672706604	1.71791672706604
strange_loop	light_global_mixed	24	generated_token_1	sae_topk_jaccard_distance_vs_ascii	3	0.48484848484848486	0.0	0.48484848484848486	0.48484848484848486
strange_loop	light_global_mixed	24	generated_token_16	residual_l2_vs_ascii	3	6.245636940002441	0.0	6.245636940002441	6.245636940002441
strange_loop	light_global_mixed	24	generated_token_16	sae_topk_jaccard_distance_vs_ascii	3	0.9130434782608696	0.0	0.9130434782608696	0.9130434782608696
strange_loop	light_global_mixed	24	generated_token_32	residual_l2_vs_ascii	3	5.523062705993652	0.0	5.523062705993652	5.523062705993652
strange_loop	light_global_mixed	24	generated_token_32	sae_topk_jaccard_distance_vs_ascii	3	0.9361702127659575	0.0	0.9361702127659575	0.9361702127659575
strange_loop	light_global_mixed	24	generated_token_64	residual_l2_vs_ascii	3	5.666406631469727	0.0	5.666406631469727	5.666406631469727
strange_loop	light_global_mixed	24	generated_token_64	sae_topk_jaccard_distance_vs_ascii	3	0.9583333333333334	0.0	0.9583333333333334	0.9583333333333334
strange_loop	light_global_mixed	24	generated_token_8	residual_l2_vs_ascii	3	1.0913772583007812	0.0	1.0913772583007812	1.0913772583007812
strange_loop	light_global_mixed	24	generated_token_8	sae_topk_jaccard_distance_vs_ascii	3	0.3870967741935483	5.551115123125783e-17	0.3870967741935484	0.3870967741935484
strange_loop	light_global_mixed	25	final_prompt_token	residual_l2_vs_ascii	3	2.0468199253082275	0.0	2.0468199253082275	2.0468199253082275
strange_loop	light_global_mixed	25	final_prompt_token	sae_topk_jaccard_distance_vs_ascii	3	0.5915492957746479	0.0	0.5915492957746479	0.5915492957746479
strange_loop	light_global_mixed	25	generated_token_1	residual_l2_vs_ascii	3	1.7339744567871094	0.0	1.7339744567871094	1.7339744567871094
strange_loop	light_global_mixed	25	generated_token_1	sae_topk_jaccard_distance_vs_ascii	3	0.4375	0.0	0.4375	0.4375
strange_loop	light_global_mixed	25	generated_token_16	residual_l2_vs_ascii	3	6.376350402832031	0.0	6.376350402832031	6.376350402832031
strange_loop	light_global_mixed	25	generated_token_16	sae_topk_jaccard_distance_vs_ascii	3	0.9130434782608696	0.0	0.9130434782608696	0.9130434782608696
strange_loop	light_global_mixed	25	generated_token_32	residual_l2_vs_ascii	3	5.978180408477783	0.0	5.978180408477783	5.978180408477783
strange_loop	light_global_mixed	25	generated_token_32	sae_topk_jaccard_distance_vs_ascii	3	0.9583333333333334	0.0	0.9583333333333334	0.9583333333333334
strange_loop	light_global_mixed	25	generated_token_64	residual_l2_vs_ascii	3	6.073981285095215	0.0	6.073981285095215	6.073981285095215
strange_loop	light_global_mixed	25	generated_token_64	sae_topk_jaccard_distance_vs_ascii	3	0.9247311827956989	0.0	0.9247311827956989	0.9247311827956989
strange_loop	light_global_mixed	25	generated_token_8	residual_l2_vs_ascii	3	1.1495293378829956	0.0	1.1495293378829956	1.1495293378829956
strange_loop	light_global_mixed	25	generated_token_8	sae_topk_jaccard_distance_vs_ascii	3	0.360655737704918	0.0	0.360655737704918	0.360655737704918
strange_loop	light_global_mixed	26	final_prompt_token	residual_l2_vs_ascii	3	2.2304513454437256	0.0	2.2304513454437256	2.2304513454437256
strange_loop	light_global_mixed	26	final_prompt_token	sae_topk_jaccard_distance_vs_ascii	3	0.5294117647058824	0.0	0.5294117647058824	0.5294117647058824
strange_loop	light_global_mixed	26	generated_token_1	residual_l2_vs_ascii	3	1.8017581701278687	0.0	1.8017581701278687	1.8017581701278687
strange_loop	light_global_mixed	26	generated_token_1	sae_topk_jaccard_distance_vs_ascii	3	0.5714285714285714	0.0	0.5714285714285714	0.5714285714285714
strange_loop	light_global_mixed	26	generated_token_16	residual_l2_vs_ascii	3	6.467997074127197	0.0	6.467997074127197	6.467997074127197
strange_loop	light_global_mixed	26	generated_token_16	sae_topk_jaccard_distance_vs_ascii	3	0.9583333333333334	0.0	0.9583333333333334	0.9583333333333334
strange_loop	light_global_mixed	26	generated_token_32	residual_l2_vs_ascii	3	5.909002304077148	0.0	5.909002304077148	5.909002304077148
strange_loop	light_global_mixed	26	generated_token_32	sae_topk_jaccard_distance_vs_ascii	3	0.9473684210526315	1.1102230246251565e-16	0.9473684210526316	0.9473684210526316
strange_loop	light_global_mixed	26	generated_token_64	residual_l2_vs_ascii	3	6.5232625007629395	0.0	6.5232625007629395	6.5232625007629395
strange_loop	light_global_mixed	26	generated_token_64	sae_topk_jaccard_distance_vs_ascii	3	0.9690721649484536	0.0	0.9690721649484536	0.9690721649484536
strange_loop	light_global_mixed	26	generated_token_8	residual_l2_vs_ascii	3	1.1234146356582642	0.0	1.1234146356582642	1.1234146356582642
strange_loop	light_global_mixed	26	generated_token_8	sae_topk_jaccard_distance_vs_ascii	3	0.4375	0.0	0.4375	0.4375
strange_loop	light_high_impact_mixed	14	final_prompt_token	residual_l2_vs_ascii	3	0.666129469871521	0.0	0.666129469871521	0.666129469871521
strange_loop	light_high_impact_mixed	14	final_prompt_token	sae_topk_jaccard_distance_vs_ascii	3	0.3333333333333333	5.551115123125783e-17	0.33333333333333337	0.33333333333333337
strange_loop	light_high_impact_mixed	14	generated_token_1	residual_l2_vs_ascii	3	0.9654855728149414	0.0	0.9654855728149414	0.9654855728149414
strange_loop	light_high_impact_mixed	14	generated_token_1	sae_topk_jaccard_distance_vs_ascii	3	0.4375	0.0	0.4375	0.4375
strange_loop	light_high_impact_mixed	14	generated_token_16	residual_l2_vs_ascii	3	4.521337032318115	0.0	4.521337032318115	4.521337032318115
strange_loop	light_high_impact_mixed	14	generated_token_16	sae_topk_jaccard_distance_vs_ascii	3	1.0	0.0	1.0	1.0
strange_loop	light_high_impact_mixed	14	generated_token_32	residual_l2_vs_ascii	3	1.8479512929916382	0.0	1.8479512929916382	1.8479512929916382
strange_loop	light_high_impact_mixed	14	generated_token_32	sae_topk_jaccard_distance_vs_ascii	3	0.823529411764706	1.1102230246251565e-16	0.8235294117647058	0.8235294117647058
strange_loop	light_high_impact_mixed	14	generated_token_64	residual_l2_vs_ascii	3	3.736039876937866	0.0	3.736039876937866	3.736039876937866
strange_loop	light_high_impact_mixed	14	generated_token_64	sae_topk_jaccard_distance_vs_ascii	3	0.98989898989899	0.0	0.98989898989899	0.98989898989899
strange_loop	light_high_impact_mixed	14	generated_token_8	residual_l2_vs_ascii	3	1.157846212387085	0.0	1.157846212387085	1.157846212387085
strange_loop	light_high_impact_mixed	14	generated_token_8	sae_topk_jaccard_distance_vs_ascii	3	0.48484848484848486	0.0	0.48484848484848486	0.48484848484848486
strange_loop	light_high_impact_mixed	15	final_prompt_token	residual_l2_vs_ascii	3	0.7447193264961243	0.0	0.7447193264961243	0.7447193264961243
strange_loop	light_high_impact_mixed	15	final_prompt_token	sae_topk_jaccard_distance_vs_ascii	3	0.18181818181818177	0.0	0.18181818181818177	0.18181818181818177
strange_loop	light_high_impact_mixed	15	generated_token_1	residual_l2_vs_ascii	3	1.0125666856765747	0.0	1.0125666856765747	1.0125666856765747
strange_loop	light_high_impact_mixed	15	generated_token_1	sae_topk_jaccard_distance_vs_ascii	3	0.5294117647058824	0.0	0.5294117647058824	0.5294117647058824
strange_loop	light_high_impact_mixed	15	generated_token_16	residual_l2_vs_ascii	3	5.0083537101745605	0.0	5.0083537101745605	5.0083537101745605
strange_loop	light_high_impact_mixed	15	generated_token_16	sae_topk_jaccard_distance_vs_ascii	3	0.98989898989899	0.0	0.98989898989899	0.98989898989899
strange_loop	light_high_impact_mixed	15	generated_token_32	residual_l2_vs_ascii	3	2.220376491546631	0.0	2.220376491546631	2.220376491546631
strange_loop	light_high_impact_mixed	15	generated_token_32	sae_topk_jaccard_distance_vs_ascii	3	0.8372093023255814	1.1102230246251565e-16	0.8372093023255813	0.8372093023255813
strange_loop	light_high_impact_mixed	15	generated_token_64	residual_l2_vs_ascii	3	3.775155782699585	0.0	3.775155782699585	3.775155782699585
strange_loop	light_high_impact_mixed	15	generated_token_64	sae_topk_jaccard_distance_vs_ascii	3	1.0	0.0	1.0	1.0
strange_loop	light_high_impact_mixed	15	generated_token_8	residual_l2_vs_ascii	3	1.574461817741394	0.0	1.574461817741394	1.574461817741394
strange_loop	light_high_impact_mixed	15	generated_token_8	sae_topk_jaccard_distance_vs_ascii	3	0.7012987012987013	0.0	0.7012987012987013	0.7012987012987013
strange_loop	light_high_impact_mixed	16	final_prompt_token	residual_l2_vs_ascii	3	0.7637207508087158	0.0	0.7637207508087158	0.7637207508087158
strange_loop	light_high_impact_mixed	16	final_prompt_token	sae_topk_jaccard_distance_vs_ascii	3	0.2142857142857143	0.0	0.2142857142857143	0.2142857142857143
strange_loop	light_high_impact_mixed	16	generated_token_1	residual_l2_vs_ascii	3	1.0846164226531982	0.0	1.0846164226531982	1.0846164226531982
strange_loop	light_high_impact_mixed	16	generated_token_1	sae_topk_jaccard_distance_vs_ascii	3	0.3870967741935483	5.551115123125783e-17	0.3870967741935484	0.3870967741935484
strange_loop	light_high_impact_mixed	16	generated_token_16	residual_l2_vs_ascii	3	5.032853126525879	0.0	5.032853126525879	5.032853126525879
strange_loop	light_high_impact_mixed	16	generated_token_16	sae_topk_jaccard_distance_vs_ascii	3	0.98989898989899	0.0	0.98989898989899	0.98989898989899
strange_loop	light_high_impact_mixed	16	generated_token_32	residual_l2_vs_ascii	3	2.340730667114258	0.0	2.340730667114258	2.340730667114258
strange_loop	light_high_impact_mixed	16	generated_token_32	sae_topk_jaccard_distance_vs_ascii	3	0.8636363636363636	0.0	0.8636363636363636	0.8636363636363636
strange_loop	light_high_impact_mixed	16	generated_token_64	residual_l2_vs_ascii	3	3.921522378921509	0.0	3.921522378921509	3.921522378921509
strange_loop	light_high_impact_mixed	16	generated_token_64	sae_topk_jaccard_distance_vs_ascii	3	1.0	0.0	1.0	1.0
strange_loop	light_high_impact_mixed	16	generated_token_8	residual_l2_vs_ascii	3	1.7140324115753174	0.0	1.7140324115753174	1.7140324115753174
strange_loop	light_high_impact_mixed	16	generated_token_8	sae_topk_jaccard_distance_vs_ascii	3	0.6486486486486487	0.0	0.6486486486486487	0.6486486486486487
strange_loop	light_high_impact_mixed	24	final_prompt_token	residual_l2_vs_ascii	3	0.8536233305931091	0.0	0.8536233305931091	0.8536233305931091
strange_loop	light_high_impact_mixed	24	final_prompt_token	sae_topk_jaccard_distance_vs_ascii	3	0.30508474576271183	0.0	0.30508474576271183	0.30508474576271183
strange_loop	light_high_impact_mixed	24	generated_token_1	residual_l2_vs_ascii	3	1.1089894771575928	0.0	1.1089894771575928	1.1089894771575928
strange_loop	light_high_impact_mixed	24	generated_token_1	sae_topk_jaccard_distance_vs_ascii	3	0.360655737704918	0.0	0.360655737704918	0.360655737704918
strange_loop	light_high_impact_mixed	24	generated_token_16	residual_l2_vs_ascii	3	6.952266693115234	0.0	6.952266693115234	6.952266693115234
strange_loop	light_high_impact_mixed	24	generated_token_16	sae_topk_jaccard_distance_vs_ascii	3	0.98989898989899	0.0	0.98989898989899	0.98989898989899
strange_loop	light_high_impact_mixed	24	generated_token_32	residual_l2_vs_ascii	3	3.949305772781372	0.0	3.949305772781372	3.949305772781372
strange_loop	light_high_impact_mixed	24	generated_token_32	sae_topk_jaccard_distance_vs_ascii	3	0.9247311827956989	0.0	0.9247311827956989	0.9247311827956989
strange_loop	light_high_impact_mixed	24	generated_token_64	residual_l2_vs_ascii	3	6.266186237335205	0.0	6.266186237335205	6.266186237335205
strange_loop	light_high_impact_mixed	24	generated_token_64	sae_topk_jaccard_distance_vs_ascii	3	0.9795918367346937	1.1102230246251565e-16	0.9795918367346939	0.9795918367346939
strange_loop	light_high_impact_mixed	24	generated_token_8	residual_l2_vs_ascii	3	2.55731201171875	0.0	2.55731201171875	2.55731201171875
strange_loop	light_high_impact_mixed	24	generated_token_8	sae_topk_jaccard_distance_vs_ascii	3	0.75	0.0	0.75	0.75
strange_loop	light_high_impact_mixed	25	final_prompt_token	residual_l2_vs_ascii	3	0.8913454413414001	0.0	0.8913454413414001	0.8913454413414001
strange_loop	light_high_impact_mixed	25	final_prompt_token	sae_topk_jaccard_distance_vs_ascii	3	0.3333333333333333	5.551115123125783e-17	0.33333333333333337	0.33333333333333337
strange_loop	light_high_impact_mixed	25	generated_token_1	residual_l2_vs_ascii	3	1.1323037147521973	0.0	1.1323037147521973	1.1323037147521973
strange_loop	light_high_impact_mixed	25	generated_token_1	sae_topk_jaccard_distance_vs_ascii	3	0.24561403508771928	0.0	0.24561403508771928	0.24561403508771928
strange_loop	light_high_impact_mixed	25	generated_token_16	residual_l2_vs_ascii	3	7.142513275146484	0.0	7.142513275146484	7.142513275146484
strange_loop	light_high_impact_mixed	25	generated_token_16	sae_topk_jaccard_distance_vs_ascii	3	1.0	0.0	1.0	1.0
strange_loop	light_high_impact_mixed	25	generated_token_32	residual_l2_vs_ascii	3	4.296904563903809	0.0	4.296904563903809	4.296904563903809
strange_loop	light_high_impact_mixed	25	generated_token_32	sae_topk_jaccard_distance_vs_ascii	3	0.8095238095238096	1.1102230246251565e-16	0.8095238095238095	0.8095238095238095
strange_loop	light_high_impact_mixed	25	generated_token_64	residual_l2_vs_ascii	3	6.536733627319336	0.0	6.536733627319336	6.536733627319336
strange_loop	light_high_impact_mixed	25	generated_token_64	sae_topk_jaccard_distance_vs_ascii	3	0.9795918367346937	1.1102230246251565e-16	0.9795918367346939	0.9795918367346939
strange_loop	light_high_impact_mixed	25	generated_token_8	residual_l2_vs_ascii	3	2.729954481124878	0.0	2.729954481124878	2.729954481124878
strange_loop	light_high_impact_mixed	25	generated_token_8	sae_topk_jaccard_distance_vs_ascii	3	0.6486486486486487	0.0	0.6486486486486487	0.6486486486486487
strange_loop	light_high_impact_mixed	26	final_prompt_token	residual_l2_vs_ascii	3	0.9303843975067139	0.0	0.9303843975067139	0.9303843975067139
strange_loop	light_high_impact_mixed	26	final_prompt_token	sae_topk_jaccard_distance_vs_ascii	3	0.24561403508771928	0.0	0.24561403508771928	0.24561403508771928
strange_loop	light_high_impact_mixed	26	generated_token_1	residual_l2_vs_ascii	3	1.21484375	0.0	1.21484375	1.21484375
strange_loop	light_high_impact_mixed	26	generated_token_1	sae_topk_jaccard_distance_vs_ascii	3	0.3870967741935483	5.551115123125783e-17	0.3870967741935484	0.3870967741935484
strange_loop	light_high_impact_mixed	26	generated_token_16	residual_l2_vs_ascii	3	7.0731120109558105	0.0	7.0731120109558105	7.0731120109558105
strange_loop	light_high_impact_mixed	26	generated_token_16	sae_topk_jaccard_distance_vs_ascii	3	0.98989898989899	0.0	0.98989898989899	0.98989898989899
strange_loop	light_high_impact_mixed	26	generated_token_32	residual_l2_vs_ascii	3	4.417029857635498	0.0	4.417029857635498	4.417029857635498
strange_loop	light_high_impact_mixed	26	generated_token_32	sae_topk_jaccard_distance_vs_ascii	3	0.9010989010989011	0.0	0.9010989010989011	0.9010989010989011
strange_loop	light_high_impact_mixed	26	generated_token_64	residual_l2_vs_ascii	3	6.997739791870117	0.0	6.997739791870117	6.997739791870117
strange_loop	light_high_impact_mixed	26	generated_token_64	sae_topk_jaccard_distance_vs_ascii	3	0.98989898989899	0.0	0.98989898989899	0.98989898989899
strange_loop	light_high_impact_mixed	26	generated_token_8	residual_l2_vs_ascii	3	2.7705745697021484	0.0	2.7705745697021484	2.7705745697021484
strange_loop	light_high_impact_mixed	26	generated_token_8	sae_topk_jaccard_distance_vs_ascii	3	0.7804878048780489	1.1102230246251565e-16	0.7804878048780488	0.7804878048780488
strange_loop	semantic_shuffle_control	14	final_prompt_token	residual_l2_vs_ascii	3	3.2615506649017334	0.0	3.2615506649017334	3.2615506649017334
strange_loop	semantic_shuffle_control	14	final_prompt_token	sae_topk_jaccard_distance_vs_ascii	3	0.9473684210526315	1.1102230246251565e-16	0.9473684210526316	0.9473684210526316
strange_loop	semantic_shuffle_control	14	generated_token_1	residual_l2_vs_ascii	3	2.5927419662475586	0.0	2.5927419662475586	2.5927419662475586
strange_loop	semantic_shuffle_control	14	generated_token_1	sae_topk_jaccard_distance_vs_ascii	3	0.9130434782608696	0.0	0.9130434782608696	0.9130434782608696
strange_loop	semantic_shuffle_control	14	generated_token_16	residual_l2_vs_ascii	3	3.9205992221832275	0.0	3.9205992221832275	3.9205992221832275
strange_loop	semantic_shuffle_control	14	generated_token_16	sae_topk_jaccard_distance_vs_ascii	3	0.98989898989899	0.0	0.98989898989899	0.98989898989899
strange_loop	semantic_shuffle_control	14	generated_token_32	residual_l2_vs_ascii	3	3.5394952297210693	0.0	3.5394952297210693	3.5394952297210693
strange_loop	semantic_shuffle_control	14	generated_token_32	sae_topk_jaccard_distance_vs_ascii	3	0.98989898989899	0.0	0.98989898989899	0.98989898989899
strange_loop	semantic_shuffle_control	14	generated_token_64	residual_l2_vs_ascii	3	3.123293876647949	0.0	3.123293876647949	3.123293876647949
strange_loop	semantic_shuffle_control	14	generated_token_64	sae_topk_jaccard_distance_vs_ascii	3	0.9247311827956989	0.0	0.9247311827956989	0.9247311827956989
strange_loop	semantic_shuffle_control	14	generated_token_8	residual_l2_vs_ascii	3	3.4057157039642334	0.0	3.4057157039642334	3.4057157039642334
strange_loop	semantic_shuffle_control	14	generated_token_8	sae_topk_jaccard_distance_vs_ascii	3	0.98989898989899	0.0	0.98989898989899	0.98989898989899
strange_loop	semantic_shuffle_control	15	final_prompt_token	residual_l2_vs_ascii	3	3.3310556411743164	0.0	3.3310556411743164	3.3310556411743164
strange_loop	semantic_shuffle_control	15	final_prompt_token	sae_topk_jaccard_distance_vs_ascii	3	0.9473684210526315	1.1102230246251565e-16	0.9473684210526316	0.9473684210526316
strange_loop	semantic_shuffle_control	15	generated_token_1	residual_l2_vs_ascii	3	2.6700310707092285	0.0	2.6700310707092285	2.6700310707092285
strange_loop	semantic_shuffle_control	15	generated_token_1	sae_topk_jaccard_distance_vs_ascii	3	0.9010989010989011	0.0	0.9010989010989011	0.9010989010989011
strange_loop	semantic_shuffle_control	15	generated_token_16	residual_l2_vs_ascii	3	4.3432769775390625	0.0	4.3432769775390625	4.3432769775390625
strange_loop	semantic_shuffle_control	15	generated_token_16	sae_topk_jaccard_distance_vs_ascii	3	0.9583333333333334	0.0	0.9583333333333334	0.9583333333333334
strange_loop	semantic_shuffle_control	15	generated_token_32	residual_l2_vs_ascii	3	3.6302366256713867	0.0	3.6302366256713867	3.6302366256713867
strange_loop	semantic_shuffle_control	15	generated_token_32	sae_topk_jaccard_distance_vs_ascii	3	0.9795918367346937	1.1102230246251565e-16	0.9795918367346939	0.9795918367346939
strange_loop	semantic_shuffle_control	15	generated_token_64	residual_l2_vs_ascii	3	3.1456151008605957	0.0	3.1456151008605957	3.1456151008605957
strange_loop	semantic_shuffle_control	15	generated_token_64	sae_topk_jaccard_distance_vs_ascii	3	0.9361702127659575	0.0	0.9361702127659575	0.9361702127659575
strange_loop	semantic_shuffle_control	15	generated_token_8	residual_l2_vs_ascii	3	3.5480551719665527	0.0	3.5480551719665527	3.5480551719665527
strange_loop	semantic_shuffle_control	15	generated_token_8	sae_topk_jaccard_distance_vs_ascii	3	0.9795918367346937	1.1102230246251565e-16	0.9795918367346939	0.9795918367346939
strange_loop	semantic_shuffle_control	16	final_prompt_token	residual_l2_vs_ascii	3	3.5826942920684814	0.0	3.5826942920684814	3.5826942920684814
strange_loop	semantic_shuffle_control	16	final_prompt_token	sae_topk_jaccard_distance_vs_ascii	3	0.9690721649484536	0.0	0.9690721649484536	0.9690721649484536
strange_loop	semantic_shuffle_control	16	generated_token_1	residual_l2_vs_ascii	3	2.7950308322906494	0.0	2.7950308322906494	2.7950308322906494
strange_loop	semantic_shuffle_control	16	generated_token_1	sae_topk_jaccard_distance_vs_ascii	3	0.9130434782608696	0.0	0.9130434782608696	0.9130434782608696
strange_loop	semantic_shuffle_control	16	generated_token_16	residual_l2_vs_ascii	3	4.417927265167236	0.0	4.417927265167236	4.417927265167236
strange_loop	semantic_shuffle_control	16	generated_token_16	sae_topk_jaccard_distance_vs_ascii	3	0.9690721649484536	0.0	0.9690721649484536	0.9690721649484536
strange_loop	semantic_shuffle_control	16	generated_token_32	residual_l2_vs_ascii	3	3.903878688812256	0.0	3.903878688812256	3.903878688812256
strange_loop	semantic_shuffle_control	16	generated_token_32	sae_topk_jaccard_distance_vs_ascii	3	0.9795918367346937	1.1102230246251565e-16	0.9795918367346939	0.9795918367346939
strange_loop	semantic_shuffle_control	16	generated_token_64	residual_l2_vs_ascii	3	3.35270094871521	0.0	3.35270094871521	3.35270094871521
strange_loop	semantic_shuffle_control	16	generated_token_64	sae_topk_jaccard_distance_vs_ascii	3	0.9361702127659575	0.0	0.9361702127659575	0.9361702127659575
strange_loop	semantic_shuffle_control	16	generated_token_8	residual_l2_vs_ascii	3	3.6108694076538086	0.0	3.6108694076538086	3.6108694076538086
strange_loop	semantic_shuffle_control	16	generated_token_8	sae_topk_jaccard_distance_vs_ascii	3	0.98989898989899	0.0	0.98989898989899	0.98989898989899
strange_loop	semantic_shuffle_control	24	final_prompt_token	residual_l2_vs_ascii	3	4.844982147216797	0.0	4.844982147216797	4.844982147216797
strange_loop	semantic_shuffle_control	24	final_prompt_token	sae_topk_jaccard_distance_vs_ascii	3	0.9473684210526315	1.1102230246251565e-16	0.9473684210526316	0.9473684210526316
strange_loop	semantic_shuffle_control	24	generated_token_1	residual_l2_vs_ascii	3	4.440273761749268	0.0	4.440273761749268	4.440273761749268
strange_loop	semantic_shuffle_control	24	generated_token_1	sae_topk_jaccard_distance_vs_ascii	3	0.9361702127659575	0.0	0.9361702127659575	0.9361702127659575
strange_loop	semantic_shuffle_control	24	generated_token_16	residual_l2_vs_ascii	3	6.204246520996094	0.0	6.204246520996094	6.204246520996094
strange_loop	semantic_shuffle_control	24	generated_token_16	sae_topk_jaccard_distance_vs_ascii	3	0.98989898989899	0.0	0.98989898989899	0.98989898989899
strange_loop	semantic_shuffle_control	24	generated_token_32	residual_l2_vs_ascii	3	6.095821857452393	0.0	6.095821857452393	6.095821857452393
strange_loop	semantic_shuffle_control	24	generated_token_32	sae_topk_jaccard_distance_vs_ascii	3	0.9795918367346937	1.1102230246251565e-16	0.9795918367346939	0.9795918367346939
strange_loop	semantic_shuffle_control	24	generated_token_64	residual_l2_vs_ascii	3	5.185235023498535	0.0	5.185235023498535	5.185235023498535
strange_loop	semantic_shuffle_control	24	generated_token_64	sae_topk_jaccard_distance_vs_ascii	3	0.9583333333333334	0.0	0.9583333333333334	0.9583333333333334
strange_loop	semantic_shuffle_control	24	generated_token_8	residual_l2_vs_ascii	3	4.980263710021973	0.0	4.980263710021973	4.980263710021973
strange_loop	semantic_shuffle_control	24	generated_token_8	sae_topk_jaccard_distance_vs_ascii	3	0.9795918367346937	1.1102230246251565e-16	0.9795918367346939	0.9795918367346939
strange_loop	semantic_shuffle_control	25	final_prompt_token	residual_l2_vs_ascii	3	5.068285942077637	0.0	5.068285942077637	5.068285942077637
strange_loop	semantic_shuffle_control	25	final_prompt_token	sae_topk_jaccard_distance_vs_ascii	3	0.9130434782608696	0.0	0.9130434782608696	0.9130434782608696
strange_loop	semantic_shuffle_control	25	generated_token_1	residual_l2_vs_ascii	3	4.906346797943115	0.0	4.906346797943115	4.906346797943115
strange_loop	semantic_shuffle_control	25	generated_token_1	sae_topk_jaccard_distance_vs_ascii	3	0.9473684210526315	1.1102230246251565e-16	0.9473684210526316	0.9473684210526316
strange_loop	semantic_shuffle_control	25	generated_token_16	residual_l2_vs_ascii	3	6.6038103103637695	0.0	6.6038103103637695	6.6038103103637695
strange_loop	semantic_shuffle_control	25	generated_token_16	sae_topk_jaccard_distance_vs_ascii	3	1.0	0.0	1.0	1.0
strange_loop	semantic_shuffle_control	25	generated_token_32	residual_l2_vs_ascii	3	6.566258907318115	0.0	6.566258907318115	6.566258907318115
strange_loop	semantic_shuffle_control	25	generated_token_32	sae_topk_jaccard_distance_vs_ascii	3	0.9583333333333334	0.0	0.9583333333333334	0.9583333333333334
strange_loop	semantic_shuffle_control	25	generated_token_64	residual_l2_vs_ascii	3	5.598242282867432	0.0	5.598242282867432	5.598242282867432
strange_loop	semantic_shuffle_control	25	generated_token_64	sae_topk_jaccard_distance_vs_ascii	3	0.9583333333333334	0.0	0.9583333333333334	0.9583333333333334
strange_loop	semantic_shuffle_control	25	generated_token_8	residual_l2_vs_ascii	3	5.432490825653076	0.0	5.432490825653076	5.432490825653076
strange_loop	semantic_shuffle_control	25	generated_token_8	sae_topk_jaccard_distance_vs_ascii	3	0.9473684210526315	1.1102230246251565e-16	0.9473684210526316	0.9473684210526316
strange_loop	semantic_shuffle_control	26	final_prompt_token	residual_l2_vs_ascii	3	5.499606609344482	0.0	5.499606609344482	5.499606609344482
strange_loop	semantic_shuffle_control	26	final_prompt_token	sae_topk_jaccard_distance_vs_ascii	3	0.9130434782608696	0.0	0.9130434782608696	0.9130434782608696
strange_loop	semantic_shuffle_control	26	generated_token_1	residual_l2_vs_ascii	3	5.558807373046875	0.0	5.558807373046875	5.558807373046875
strange_loop	semantic_shuffle_control	26	generated_token_1	sae_topk_jaccard_distance_vs_ascii	3	0.9247311827956989	0.0	0.9247311827956989	0.9247311827956989
strange_loop	semantic_shuffle_control	26	generated_token_16	residual_l2_vs_ascii	3	6.780714511871338	0.0	6.780714511871338	6.780714511871338
strange_loop	semantic_shuffle_control	26	generated_token_16	sae_topk_jaccard_distance_vs_ascii	3	0.98989898989899	0.0	0.98989898989899	0.98989898989899
strange_loop	semantic_shuffle_control	26	generated_token_32	residual_l2_vs_ascii	3	6.78009033203125	0.0	6.78009033203125	6.78009033203125
strange_loop	semantic_shuffle_control	26	generated_token_32	sae_topk_jaccard_distance_vs_ascii	3	0.9690721649484536	0.0	0.9690721649484536	0.9690721649484536
strange_loop	semantic_shuffle_control	26	generated_token_64	residual_l2_vs_ascii	3	5.6806416511535645	0.0	5.6806416511535645	5.6806416511535645
strange_loop	semantic_shuffle_control	26	generated_token_64	sae_topk_jaccard_distance_vs_ascii	3	0.9690721649484536	0.0	0.9690721649484536	0.9690721649484536
strange_loop	semantic_shuffle_control	26	generated_token_8	residual_l2_vs_ascii	3	5.594701290130615	0.0	5.594701290130615	5.594701290130615
strange_loop	semantic_shuffle_control	26	generated_token_8	sae_topk_jaccard_distance_vs_ascii	3	1.0	0.0	1.0	1.0
strange_loop	token_count_matched_ascii_noise	14	final_prompt_token	residual_l2_vs_ascii	3	1.305938720703125	0.0	1.305938720703125	1.305938720703125
strange_loop	token_count_matched_ascii_noise	14	final_prompt_token	sae_topk_jaccard_distance_vs_ascii	3	0.5294117647058824	0.0	0.5294117647058824	0.5294117647058824
strange_loop	token_count_matched_ascii_noise	14	generated_token_1	residual_l2_vs_ascii	3	1.5975475311279297	0.0	1.5975475311279297	1.5975475311279297
strange_loop	token_count_matched_ascii_noise	14	generated_token_1	sae_topk_jaccard_distance_vs_ascii	3	0.6111111111111112	0.0	0.6111111111111112	0.6111111111111112
strange_loop	token_count_matched_ascii_noise	14	generated_token_16	residual_l2_vs_ascii	3	4.258973121643066	0.0	4.258973121643066	4.258973121643066
strange_loop	token_count_matched_ascii_noise	14	generated_token_16	sae_topk_jaccard_distance_vs_ascii	3	0.9583333333333334	0.0	0.9583333333333334	0.9583333333333334
strange_loop	token_count_matched_ascii_noise	14	generated_token_32	residual_l2_vs_ascii	3	2.3879284858703613	0.0	2.3879284858703613	2.3879284858703613
strange_loop	token_count_matched_ascii_noise	14	generated_token_32	sae_topk_jaccard_distance_vs_ascii	3	0.9690721649484536	0.0	0.9690721649484536	0.9690721649484536
strange_loop	token_count_matched_ascii_noise	14	generated_token_64	residual_l2_vs_ascii	3	3.0648837089538574	0.0	3.0648837089538574	3.0648837089538574
strange_loop	token_count_matched_ascii_noise	14	generated_token_64	sae_topk_jaccard_distance_vs_ascii	3	0.9795918367346937	1.1102230246251565e-16	0.9795918367346939	0.9795918367346939
strange_loop	token_count_matched_ascii_noise	14	generated_token_8	residual_l2_vs_ascii	3	3.2943899631500244	0.0	3.2943899631500244	3.2943899631500244
strange_loop	token_count_matched_ascii_noise	14	generated_token_8	sae_topk_jaccard_distance_vs_ascii	3	0.9130434782608696	0.0	0.9130434782608696	0.9130434782608696
strange_loop	token_count_matched_ascii_noise	15	final_prompt_token	residual_l2_vs_ascii	3	1.3390412330627441	0.0	1.3390412330627441	1.3390412330627441
strange_loop	token_count_matched_ascii_noise	15	final_prompt_token	sae_topk_jaccard_distance_vs_ascii	3	0.41269841269841273	5.551115123125783e-17	0.4126984126984127	0.4126984126984127
strange_loop	token_count_matched_ascii_noise	15	generated_token_1	residual_l2_vs_ascii	3	1.6421949863433838	0.0	1.6421949863433838	1.6421949863433838
strange_loop	token_count_matched_ascii_noise	15	generated_token_1	sae_topk_jaccard_distance_vs_ascii	3	0.6301369863013699	0.0	0.6301369863013699	0.6301369863013699
strange_loop	token_count_matched_ascii_noise	15	generated_token_16	residual_l2_vs_ascii	3	4.662273406982422	0.0	4.662273406982422	4.662273406982422
strange_loop	token_count_matched_ascii_noise	15	generated_token_16	sae_topk_jaccard_distance_vs_ascii	3	0.9690721649484536	0.0	0.9690721649484536	0.9690721649484536
strange_loop	token_count_matched_ascii_noise	15	generated_token_32	residual_l2_vs_ascii	3	2.6673855781555176	0.0	2.6673855781555176	2.6673855781555176
strange_loop	token_count_matched_ascii_noise	15	generated_token_32	sae_topk_jaccard_distance_vs_ascii	3	0.9583333333333334	0.0	0.9583333333333334	0.9583333333333334
strange_loop	token_count_matched_ascii_noise	15	generated_token_64	residual_l2_vs_ascii	3	3.2991087436676025	0.0	3.2991087436676025	3.2991087436676025
strange_loop	token_count_matched_ascii_noise	15	generated_token_64	sae_topk_jaccard_distance_vs_ascii	3	1.0	0.0	1.0	1.0
strange_loop	token_count_matched_ascii_noise	15	generated_token_8	residual_l2_vs_ascii	3	3.7779901027679443	0.0	3.7779901027679443	3.7779901027679443
strange_loop	token_count_matched_ascii_noise	15	generated_token_8	sae_topk_jaccard_distance_vs_ascii	3	0.9690721649484536	0.0	0.9690721649484536	0.9690721649484536
strange_loop	token_count_matched_ascii_noise	16	final_prompt_token	residual_l2_vs_ascii	3	1.3918479681015015	0.0	1.3918479681015015	1.3918479681015015
strange_loop	token_count_matched_ascii_noise	16	final_prompt_token	sae_topk_jaccard_distance_vs_ascii	3	0.41269841269841273	5.551115123125783e-17	0.4126984126984127	0.4126984126984127
strange_loop	token_count_matched_ascii_noise	16	generated_token_1	residual_l2_vs_ascii	3	1.6888657808303833	0.0	1.6888657808303833	1.6888657808303833
strange_loop	token_count_matched_ascii_noise	16	generated_token_1	sae_topk_jaccard_distance_vs_ascii	3	0.6301369863013699	0.0	0.6301369863013699	0.6301369863013699
strange_loop	token_count_matched_ascii_noise	16	generated_token_16	residual_l2_vs_ascii	3	4.7093987464904785	0.0	4.7093987464904785	4.7093987464904785
strange_loop	token_count_matched_ascii_noise	16	generated_token_16	sae_topk_jaccard_distance_vs_ascii	3	0.9583333333333334	0.0	0.9583333333333334	0.9583333333333334
strange_loop	token_count_matched_ascii_noise	16	generated_token_32	residual_l2_vs_ascii	3	2.8887274265289307	0.0	2.8887274265289307	2.8887274265289307
strange_loop	token_count_matched_ascii_noise	16	generated_token_32	sae_topk_jaccard_distance_vs_ascii	3	0.9690721649484536	0.0	0.9690721649484536	0.9690721649484536
strange_loop	token_count_matched_ascii_noise	16	generated_token_64	residual_l2_vs_ascii	3	3.472196578979492	0.0	3.472196578979492	3.472196578979492
strange_loop	token_count_matched_ascii_noise	16	generated_token_64	sae_topk_jaccard_distance_vs_ascii	3	1.0	0.0	1.0	1.0
strange_loop	token_count_matched_ascii_noise	16	generated_token_8	residual_l2_vs_ascii	3	3.8641819953918457	0.0	3.8641819953918457	3.8641819953918457
strange_loop	token_count_matched_ascii_noise	16	generated_token_8	sae_topk_jaccard_distance_vs_ascii	3	0.9583333333333334	0.0	0.9583333333333334	0.9583333333333334
strange_loop	token_count_matched_ascii_noise	24	final_prompt_token	residual_l2_vs_ascii	3	1.6576178073883057	0.0	1.6576178073883057	1.6576178073883057
strange_loop	token_count_matched_ascii_noise	24	final_prompt_token	sae_topk_jaccard_distance_vs_ascii	3	0.4375	0.0	0.4375	0.4375
strange_loop	token_count_matched_ascii_noise	24	generated_token_1	residual_l2_vs_ascii	3	2.023008108139038	0.0	2.023008108139038	2.023008108139038
strange_loop	token_count_matched_ascii_noise	24	generated_token_1	sae_topk_jaccard_distance_vs_ascii	3	0.5915492957746479	0.0	0.5915492957746479	0.5915492957746479
strange_loop	token_count_matched_ascii_noise	24	generated_token_16	residual_l2_vs_ascii	3	6.573262691497803	0.0	6.573262691497803	6.573262691497803
strange_loop	token_count_matched_ascii_noise	24	generated_token_16	sae_topk_jaccard_distance_vs_ascii	3	0.98989898989899	0.0	0.98989898989899	0.98989898989899
strange_loop	token_count_matched_ascii_noise	24	generated_token_32	residual_l2_vs_ascii	3	4.520084381103516	0.0	4.520084381103516	4.520084381103516
strange_loop	token_count_matched_ascii_noise	24	generated_token_32	sae_topk_jaccard_distance_vs_ascii	3	0.9690721649484536	0.0	0.9690721649484536	0.9690721649484536
strange_loop	token_count_matched_ascii_noise	24	generated_token_64	residual_l2_vs_ascii	3	5.433420181274414	0.0	5.433420181274414	5.433420181274414
strange_loop	token_count_matched_ascii_noise	24	generated_token_64	sae_topk_jaccard_distance_vs_ascii	3	1.0	0.0	1.0	1.0
strange_loop	token_count_matched_ascii_noise	24	generated_token_8	residual_l2_vs_ascii	3	5.5623393058776855	0.0	5.5623393058776855	5.5623393058776855
strange_loop	token_count_matched_ascii_noise	24	generated_token_8	sae_topk_jaccard_distance_vs_ascii	3	0.9690721649484536	0.0	0.9690721649484536	0.9690721649484536
strange_loop	token_count_matched_ascii_noise	25	final_prompt_token	residual_l2_vs_ascii	3	1.751132845878601	0.0	1.751132845878601	1.751132845878601
strange_loop	token_count_matched_ascii_noise	25	final_prompt_token	sae_topk_jaccard_distance_vs_ascii	3	0.4375	0.0	0.4375	0.4375
strange_loop	token_count_matched_ascii_noise	25	generated_token_1	residual_l2_vs_ascii	3	2.1122541427612305	0.0	2.1122541427612305	2.1122541427612305
strange_loop	token_count_matched_ascii_noise	25	generated_token_1	sae_topk_jaccard_distance_vs_ascii	3	0.5507246376811594	0.0	0.5507246376811594	0.5507246376811594
strange_loop	token_count_matched_ascii_noise	25	generated_token_16	residual_l2_vs_ascii	3	6.807204723358154	0.0	6.807204723358154	6.807204723358154
strange_loop	token_count_matched_ascii_noise	25	generated_token_16	sae_topk_jaccard_distance_vs_ascii	3	1.0	0.0	1.0	1.0
strange_loop	token_count_matched_ascii_noise	25	generated_token_32	residual_l2_vs_ascii	3	5.032068252563477	0.0	5.032068252563477	5.032068252563477
strange_loop	token_count_matched_ascii_noise	25	generated_token_32	sae_topk_jaccard_distance_vs_ascii	3	0.9690721649484536	0.0	0.9690721649484536	0.9690721649484536
strange_loop	token_count_matched_ascii_noise	25	generated_token_64	residual_l2_vs_ascii	3	5.79192590713501	0.0	5.79192590713501	5.79192590713501
strange_loop	token_count_matched_ascii_noise	25	generated_token_64	sae_topk_jaccard_distance_vs_ascii	3	0.9795918367346937	1.1102230246251565e-16	0.9795918367346939	0.9795918367346939
strange_loop	token_count_matched_ascii_noise	25	generated_token_8	residual_l2_vs_ascii	3	5.9026641845703125	0.0	5.9026641845703125	5.9026641845703125
strange_loop	token_count_matched_ascii_noise	25	generated_token_8	sae_topk_jaccard_distance_vs_ascii	3	0.9795918367346937	1.1102230246251565e-16	0.9795918367346939	0.9795918367346939
strange_loop	token_count_matched_ascii_noise	26	final_prompt_token	residual_l2_vs_ascii	3	1.8779720067977905	0.0	1.8779720067977905	1.8779720067977905
strange_loop	token_count_matched_ascii_noise	26	final_prompt_token	sae_topk_jaccard_distance_vs_ascii	3	0.41269841269841273	5.551115123125783e-17	0.4126984126984127	0.4126984126984127
strange_loop	token_count_matched_ascii_noise	26	generated_token_1	residual_l2_vs_ascii	3	2.2159268856048584	0.0	2.2159268856048584	2.2159268856048584
strange_loop	token_count_matched_ascii_noise	26	generated_token_1	sae_topk_jaccard_distance_vs_ascii	3	0.5714285714285714	0.0	0.5714285714285714	0.5714285714285714
strange_loop	token_count_matched_ascii_noise	26	generated_token_16	residual_l2_vs_ascii	3	6.8635053634643555	0.0	6.8635053634643555	6.8635053634643555
strange_loop	token_count_matched_ascii_noise	26	generated_token_16	sae_topk_jaccard_distance_vs_ascii	3	0.9795918367346937	1.1102230246251565e-16	0.9795918367346939	0.9795918367346939
strange_loop	token_count_matched_ascii_noise	26	generated_token_32	residual_l2_vs_ascii	3	5.2041168212890625	0.0	5.2041168212890625	5.2041168212890625
strange_loop	token_count_matched_ascii_noise	26	generated_token_32	sae_topk_jaccard_distance_vs_ascii	3	0.9690721649484536	0.0	0.9690721649484536	0.9690721649484536
strange_loop	token_count_matched_ascii_noise	26	generated_token_64	residual_l2_vs_ascii	3	6.049704551696777	0.0	6.049704551696777	6.049704551696777
strange_loop	token_count_matched_ascii_noise	26	generated_token_64	sae_topk_jaccard_distance_vs_ascii	3	0.9795918367346937	1.1102230246251565e-16	0.9795918367346939	0.9795918367346939
strange_loop	token_count_matched_ascii_noise	26	generated_token_8	residual_l2_vs_ascii	3	5.690266132354736	0.0	5.690266132354736	5.690266132354736
strange_loop	token_count_matched_ascii_noise	26	generated_token_8	sae_topk_jaccard_distance_vs_ascii	3	0.9795918367346937	1.1102230246251565e-16	0.9795918367346939	0.9795918367346939
strange_loop	unicode_nonletter_control	14	final_prompt_token	residual_l2_vs_ascii	3	1.5304077863693237	0.0	1.5304077863693237	1.5304077863693237
strange_loop	unicode_nonletter_control	14	final_prompt_token	sae_topk_jaccard_distance_vs_ascii	3	0.360655737704918	0.0	0.360655737704918	0.360655737704918
strange_loop	unicode_nonletter_control	14	generated_token_1	residual_l2_vs_ascii	3	1.60222589969635	0.0	1.60222589969635	1.60222589969635
strange_loop	unicode_nonletter_control	14	generated_token_1	sae_topk_jaccard_distance_vs_ascii	3	0.6301369863013699	0.0	0.6301369863013699	0.6301369863013699
strange_loop	unicode_nonletter_control	14	generated_token_16	residual_l2_vs_ascii	3	4.057565689086914	0.0	4.057565689086914	4.057565689086914
strange_loop	unicode_nonletter_control	14	generated_token_16	sae_topk_jaccard_distance_vs_ascii	3	0.9690721649484536	0.0	0.9690721649484536	0.9690721649484536
strange_loop	unicode_nonletter_control	14	generated_token_32	residual_l2_vs_ascii	3	3.509489059448242	0.0	3.509489059448242	3.509489059448242
strange_loop	unicode_nonletter_control	14	generated_token_32	sae_topk_jaccard_distance_vs_ascii	3	0.9473684210526315	1.1102230246251565e-16	0.9473684210526316	0.9473684210526316
strange_loop	unicode_nonletter_control	14	generated_token_64	residual_l2_vs_ascii	3	3.6626501083374023	0.0	3.6626501083374023	3.6626501083374023
strange_loop	unicode_nonletter_control	14	generated_token_64	sae_topk_jaccard_distance_vs_ascii	3	0.9473684210526315	1.1102230246251565e-16	0.9473684210526316	0.9473684210526316
strange_loop	unicode_nonletter_control	14	generated_token_8	residual_l2_vs_ascii	3	0.5804620981216431	0.0	0.5804620981216431	0.5804620981216431
strange_loop	unicode_nonletter_control	14	generated_token_8	sae_topk_jaccard_distance_vs_ascii	3	0.30508474576271183	0.0	0.30508474576271183	0.30508474576271183
strange_loop	unicode_nonletter_control	15	final_prompt_token	residual_l2_vs_ascii	3	1.3424979448318481	0.0	1.3424979448318481	1.3424979448318481
strange_loop	unicode_nonletter_control	15	final_prompt_token	sae_topk_jaccard_distance_vs_ascii	3	0.360655737704918	0.0	0.360655737704918	0.360655737704918
strange_loop	unicode_nonletter_control	15	generated_token_1	residual_l2_vs_ascii	3	1.5639314651489258	0.0	1.5639314651489258	1.5639314651489258
strange_loop	unicode_nonletter_control	15	generated_token_1	sae_topk_jaccard_distance_vs_ascii	3	0.5915492957746479	0.0	0.5915492957746479	0.5915492957746479
strange_loop	unicode_nonletter_control	15	generated_token_16	residual_l2_vs_ascii	3	4.521238803863525	0.0	4.521238803863525	4.521238803863525
strange_loop	unicode_nonletter_control	15	generated_token_16	sae_topk_jaccard_distance_vs_ascii	3	0.9690721649484536	0.0	0.9690721649484536	0.9690721649484536
strange_loop	unicode_nonletter_control	15	generated_token_32	residual_l2_vs_ascii	3	3.5523407459259033	0.0	3.5523407459259033	3.5523407459259033
strange_loop	unicode_nonletter_control	15	generated_token_32	sae_topk_jaccard_distance_vs_ascii	3	0.9473684210526315	1.1102230246251565e-16	0.9473684210526316	0.9473684210526316
strange_loop	unicode_nonletter_control	15	generated_token_64	residual_l2_vs_ascii	3	3.668120861053467	0.0	3.668120861053467	3.668120861053467
strange_loop	unicode_nonletter_control	15	generated_token_64	sae_topk_jaccard_distance_vs_ascii	3	0.9583333333333334	0.0	0.9583333333333334	0.9583333333333334
strange_loop	unicode_nonletter_control	15	generated_token_8	residual_l2_vs_ascii	3	0.7676677703857422	0.0	0.7676677703857422	0.7676677703857422
strange_loop	unicode_nonletter_control	15	generated_token_8	sae_topk_jaccard_distance_vs_ascii	3	0.3870967741935483	5.551115123125783e-17	0.3870967741935484	0.3870967741935484
strange_loop	unicode_nonletter_control	16	final_prompt_token	residual_l2_vs_ascii	3	1.282965898513794	0.0	1.282965898513794	1.282965898513794
strange_loop	unicode_nonletter_control	16	final_prompt_token	sae_topk_jaccard_distance_vs_ascii	3	0.3870967741935483	5.551115123125783e-17	0.3870967741935484	0.3870967741935484
strange_loop	unicode_nonletter_control	16	generated_token_1	residual_l2_vs_ascii	3	1.609902024269104	0.0	1.609902024269104	1.609902024269104
strange_loop	unicode_nonletter_control	16	generated_token_1	sae_topk_jaccard_distance_vs_ascii	3	0.6486486486486487	0.0	0.6486486486486487	0.6486486486486487
strange_loop	unicode_nonletter_control	16	generated_token_16	residual_l2_vs_ascii	3	4.674539089202881	0.0	4.674539089202881	4.674539089202881
strange_loop	unicode_nonletter_control	16	generated_token_16	sae_topk_jaccard_distance_vs_ascii	3	0.9690721649484536	0.0	0.9690721649484536	0.9690721649484536
strange_loop	unicode_nonletter_control	16	generated_token_32	residual_l2_vs_ascii	3	3.679234743118286	0.0	3.679234743118286	3.679234743118286
strange_loop	unicode_nonletter_control	16	generated_token_32	sae_topk_jaccard_distance_vs_ascii	3	0.9795918367346937	1.1102230246251565e-16	0.9795918367346939	0.9795918367346939
strange_loop	unicode_nonletter_control	16	generated_token_64	residual_l2_vs_ascii	3	3.8981332778930664	0.0	3.8981332778930664	3.8981332778930664
strange_loop	unicode_nonletter_control	16	generated_token_64	sae_topk_jaccard_distance_vs_ascii	3	0.9583333333333334	0.0	0.9583333333333334	0.9583333333333334
strange_loop	unicode_nonletter_control	16	generated_token_8	residual_l2_vs_ascii	3	0.7737081050872803	0.0	0.7737081050872803	0.7737081050872803
strange_loop	unicode_nonletter_control	16	generated_token_8	sae_topk_jaccard_distance_vs_ascii	3	0.3870967741935483	5.551115123125783e-17	0.3870967741935484	0.3870967741935484
strange_loop	unicode_nonletter_control	24	final_prompt_token	residual_l2_vs_ascii	3	1.6180356740951538	0.0	1.6180356740951538	1.6180356740951538
strange_loop	unicode_nonletter_control	24	final_prompt_token	sae_topk_jaccard_distance_vs_ascii	3	0.5074626865671642	0.0	0.5074626865671642	0.5074626865671642
strange_loop	unicode_nonletter_control	24	generated_token_1	residual_l2_vs_ascii	3	1.6264915466308594	0.0	1.6264915466308594	1.6264915466308594
strange_loop	unicode_nonletter_control	24	generated_token_1	sae_topk_jaccard_distance_vs_ascii	3	0.48484848484848486	0.0	0.48484848484848486	0.48484848484848486
strange_loop	unicode_nonletter_control	24	generated_token_16	residual_l2_vs_ascii	3	6.239504814147949	0.0	6.239504814147949	6.239504814147949
strange_loop	unicode_nonletter_control	24	generated_token_16	sae_topk_jaccard_distance_vs_ascii	3	0.9473684210526315	1.1102230246251565e-16	0.9473684210526316	0.9473684210526316
strange_loop	unicode_nonletter_control	24	generated_token_32	residual_l2_vs_ascii	3	4.710178852081299	0.0	4.710178852081299	4.710178852081299
strange_loop	unicode_nonletter_control	24	generated_token_32	sae_topk_jaccard_distance_vs_ascii	3	0.8764044943820225	0.0	0.8764044943820225	0.8764044943820225
strange_loop	unicode_nonletter_control	24	generated_token_64	residual_l2_vs_ascii	3	5.778265953063965	0.0	5.778265953063965	5.778265953063965
strange_loop	unicode_nonletter_control	24	generated_token_64	sae_topk_jaccard_distance_vs_ascii	3	0.9690721649484536	0.0	0.9690721649484536	0.9690721649484536
strange_loop	unicode_nonletter_control	24	generated_token_8	residual_l2_vs_ascii	3	1.2439913749694824	0.0	1.2439913749694824	1.2439913749694824
strange_loop	unicode_nonletter_control	24	generated_token_8	sae_topk_jaccard_distance_vs_ascii	3	0.360655737704918	0.0	0.360655737704918	0.360655737704918
strange_loop	unicode_nonletter_control	25	final_prompt_token	residual_l2_vs_ascii	3	1.6784913539886475	0.0	1.6784913539886475	1.6784913539886475
strange_loop	unicode_nonletter_control	25	final_prompt_token	sae_topk_jaccard_distance_vs_ascii	3	0.3870967741935483	5.551115123125783e-17	0.3870967741935484	0.3870967741935484
strange_loop	unicode_nonletter_control	25	generated_token_1	residual_l2_vs_ascii	3	1.6296801567077637	0.0	1.6296801567077637	1.6296801567077637
strange_loop	unicode_nonletter_control	25	generated_token_1	sae_topk_jaccard_distance_vs_ascii	3	0.3870967741935483	5.551115123125783e-17	0.3870967741935484	0.3870967741935484
strange_loop	unicode_nonletter_control	25	generated_token_16	residual_l2_vs_ascii	3	6.48499059677124	0.0	6.48499059677124	6.48499059677124
strange_loop	unicode_nonletter_control	25	generated_token_16	sae_topk_jaccard_distance_vs_ascii	3	0.9690721649484536	0.0	0.9690721649484536	0.9690721649484536
strange_loop	unicode_nonletter_control	25	generated_token_32	residual_l2_vs_ascii	3	5.076547145843506	0.0	5.076547145843506	5.076547145843506
strange_loop	unicode_nonletter_control	25	generated_token_32	sae_topk_jaccard_distance_vs_ascii	3	0.8505747126436781	0.0	0.8505747126436781	0.8505747126436781
strange_loop	unicode_nonletter_control	25	generated_token_64	residual_l2_vs_ascii	3	6.0556254386901855	0.0	6.0556254386901855	6.0556254386901855
strange_loop	unicode_nonletter_control	25	generated_token_64	sae_topk_jaccard_distance_vs_ascii	3	0.9690721649484536	0.0	0.9690721649484536	0.9690721649484536
strange_loop	unicode_nonletter_control	25	generated_token_8	residual_l2_vs_ascii	3	1.3124701976776123	0.0	1.3124701976776123	1.3124701976776123
strange_loop	unicode_nonletter_control	25	generated_token_8	sae_topk_jaccard_distance_vs_ascii	3	0.30508474576271183	0.0	0.30508474576271183	0.30508474576271183
strange_loop	unicode_nonletter_control	26	final_prompt_token	residual_l2_vs_ascii	3	1.872740387916565	0.0	1.872740387916565	1.872740387916565
strange_loop	unicode_nonletter_control	26	final_prompt_token	sae_topk_jaccard_distance_vs_ascii	3	0.30508474576271183	0.0	0.30508474576271183	0.30508474576271183
strange_loop	unicode_nonletter_control	26	generated_token_1	residual_l2_vs_ascii	3	1.6579004526138306	0.0	1.6579004526138306	1.6579004526138306
strange_loop	unicode_nonletter_control	26	generated_token_1	sae_topk_jaccard_distance_vs_ascii	3	0.5294117647058824	0.0	0.5294117647058824	0.5294117647058824
strange_loop	unicode_nonletter_control	26	generated_token_16	residual_l2_vs_ascii	3	6.506391525268555	0.0	6.506391525268555	6.506391525268555
strange_loop	unicode_nonletter_control	26	generated_token_16	sae_topk_jaccard_distance_vs_ascii	3	0.9130434782608696	0.0	0.9130434782608696	0.9130434782608696
strange_loop	unicode_nonletter_control	26	generated_token_32	residual_l2_vs_ascii	3	5.055809020996094	0.0	5.055809020996094	5.055809020996094
strange_loop	unicode_nonletter_control	26	generated_token_32	sae_topk_jaccard_distance_vs_ascii	3	0.8636363636363636	0.0	0.8636363636363636	0.8636363636363636
strange_loop	unicode_nonletter_control	26	generated_token_64	residual_l2_vs_ascii	3	6.34853458404541	0.0	6.34853458404541	6.34853458404541
strange_loop	unicode_nonletter_control	26	generated_token_64	sae_topk_jaccard_distance_vs_ascii	3	0.9795918367346937	1.1102230246251565e-16	0.9795918367346939	0.9795918367346939
strange_loop	unicode_nonletter_control	26	generated_token_8	residual_l2_vs_ascii	3	1.3415420055389404	0.0	1.3415420055389404	1.3415420055389404
strange_loop	unicode_nonletter_control	26	generated_token_8	sae_topk_jaccard_distance_vs_ascii	3	0.3333333333333333	5.551115123125783e-17	0.33333333333333337	0.33333333333333337
strange_loop	visual_ascii_control	14	final_prompt_token	residual_l2_vs_ascii	3	0.9191078543663025	0.0	0.9191078543663025	0.9191078543663025
strange_loop	visual_ascii_control	14	final_prompt_token	sae_topk_jaccard_distance_vs_ascii	3	0.360655737704918	0.0	0.360655737704918	0.360655737704918
strange_loop	visual_ascii_control	14	generated_token_1	residual_l2_vs_ascii	3	1.4850852489471436	0.0	1.4850852489471436	1.4850852489471436
strange_loop	visual_ascii_control	14	generated_token_1	sae_topk_jaccard_distance_vs_ascii	3	0.5294117647058824	0.0	0.5294117647058824	0.5294117647058824
strange_loop	visual_ascii_control	14	generated_token_16	residual_l2_vs_ascii	3	4.151330471038818	0.0	4.151330471038818	4.151330471038818
strange_loop	visual_ascii_control	14	generated_token_16	sae_topk_jaccard_distance_vs_ascii	3	0.9795918367346937	1.1102230246251565e-16	0.9795918367346939	0.9795918367346939
strange_loop	visual_ascii_control	14	generated_token_32	residual_l2_vs_ascii	3	2.745867967605591	0.0	2.745867967605591	2.745867967605591
strange_loop	visual_ascii_control	14	generated_token_32	sae_topk_jaccard_distance_vs_ascii	3	0.9010989010989011	0.0	0.9010989010989011	0.9010989010989011
strange_loop	visual_ascii_control	14	generated_token_64	residual_l2_vs_ascii	3	3.5288033485412598	0.0	3.5288033485412598	3.5288033485412598
strange_loop	visual_ascii_control	14	generated_token_64	sae_topk_jaccard_distance_vs_ascii	3	0.98989898989899	0.0	0.98989898989899	0.98989898989899
strange_loop	visual_ascii_control	14	generated_token_8	residual_l2_vs_ascii	3	0.7364761829376221	0.0	0.7364761829376221	0.7364761829376221
strange_loop	visual_ascii_control	14	generated_token_8	sae_topk_jaccard_distance_vs_ascii	3	0.3333333333333333	5.551115123125783e-17	0.33333333333333337	0.33333333333333337
strange_loop	visual_ascii_control	15	final_prompt_token	residual_l2_vs_ascii	3	1.0004695653915405	0.0	1.0004695653915405	1.0004695653915405
strange_loop	visual_ascii_control	15	final_prompt_token	sae_topk_jaccard_distance_vs_ascii	3	0.24561403508771928	0.0	0.24561403508771928	0.24561403508771928
strange_loop	visual_ascii_control	15	generated_token_1	residual_l2_vs_ascii	3	1.3802412748336792	0.0	1.3802412748336792	1.3802412748336792
strange_loop	visual_ascii_control	15	generated_token_1	sae_topk_jaccard_distance_vs_ascii	3	0.5294117647058824	0.0	0.5294117647058824	0.5294117647058824
strange_loop	visual_ascii_control	15	generated_token_16	residual_l2_vs_ascii	3	4.597414493560791	0.0	4.597414493560791	4.597414493560791
strange_loop	visual_ascii_control	15	generated_token_16	sae_topk_jaccard_distance_vs_ascii	3	0.9795918367346937	1.1102230246251565e-16	0.9795918367346939	0.9795918367346939
strange_loop	visual_ascii_control	15	generated_token_32	residual_l2_vs_ascii	3	2.810486316680908	0.0	2.810486316680908	2.810486316680908
strange_loop	visual_ascii_control	15	generated_token_32	sae_topk_jaccard_distance_vs_ascii	3	0.9010989010989011	0.0	0.9010989010989011	0.9010989010989011
strange_loop	visual_ascii_control	15	generated_token_64	residual_l2_vs_ascii	3	3.7710578441619873	0.0	3.7710578441619873	3.7710578441619873
strange_loop	visual_ascii_control	15	generated_token_64	sae_topk_jaccard_distance_vs_ascii	3	0.9795918367346937	1.1102230246251565e-16	0.9795918367346939	0.9795918367346939
strange_loop	visual_ascii_control	15	generated_token_8	residual_l2_vs_ascii	3	0.9843675494194031	0.0	0.9843675494194031	0.9843675494194031
strange_loop	visual_ascii_control	15	generated_token_8	sae_topk_jaccard_distance_vs_ascii	3	0.5074626865671642	0.0	0.5074626865671642	0.5074626865671642
strange_loop	visual_ascii_control	16	final_prompt_token	residual_l2_vs_ascii	3	1.0010790824890137	0.0	1.0010790824890137	1.0010790824890137
strange_loop	visual_ascii_control	16	final_prompt_token	sae_topk_jaccard_distance_vs_ascii	3	0.18181818181818177	0.0	0.18181818181818177	0.18181818181818177
strange_loop	visual_ascii_control	16	generated_token_1	residual_l2_vs_ascii	3	1.471707820892334	0.0	1.471707820892334	1.471707820892334
strange_loop	visual_ascii_control	16	generated_token_1	sae_topk_jaccard_distance_vs_ascii	3	0.5714285714285714	0.0	0.5714285714285714	0.5714285714285714
strange_loop	visual_ascii_control	16	generated_token_16	residual_l2_vs_ascii	3	4.757882118225098	0.0	4.757882118225098	4.757882118225098
strange_loop	visual_ascii_control	16	generated_token_16	sae_topk_jaccard_distance_vs_ascii	3	0.9690721649484536	0.0	0.9690721649484536	0.9690721649484536
strange_loop	visual_ascii_control	16	generated_token_32	residual_l2_vs_ascii	3	2.9614877700805664	0.0	2.9614877700805664	2.9614877700805664
strange_loop	visual_ascii_control	16	generated_token_32	sae_topk_jaccard_distance_vs_ascii	3	0.9247311827956989	0.0	0.9247311827956989	0.9247311827956989
strange_loop	visual_ascii_control	16	generated_token_64	residual_l2_vs_ascii	3	3.947232246398926	0.0	3.947232246398926	3.947232246398926
strange_loop	visual_ascii_control	16	generated_token_64	sae_topk_jaccard_distance_vs_ascii	3	0.98989898989899	0.0	0.98989898989899	0.98989898989899
strange_loop	visual_ascii_control	16	generated_token_8	residual_l2_vs_ascii	3	1.032796025276184	0.0	1.032796025276184	1.032796025276184
strange_loop	visual_ascii_control	16	generated_token_8	sae_topk_jaccard_distance_vs_ascii	3	0.4615384615384615	5.551115123125783e-17	0.46153846153846156	0.46153846153846156
strange_loop	visual_ascii_control	24	final_prompt_token	residual_l2_vs_ascii	3	1.2341830730438232	0.0	1.2341830730438232	1.2341830730438232
strange_loop	visual_ascii_control	24	final_prompt_token	sae_topk_jaccard_distance_vs_ascii	3	0.27586206896551724	0.0	0.27586206896551724	0.27586206896551724
strange_loop	visual_ascii_control	24	generated_token_1	residual_l2_vs_ascii	3	1.568965196609497	0.0	1.568965196609497	1.568965196609497
strange_loop	visual_ascii_control	24	generated_token_1	sae_topk_jaccard_distance_vs_ascii	3	0.4615384615384615	5.551115123125783e-17	0.46153846153846156	0.46153846153846156
strange_loop	visual_ascii_control	24	generated_token_16	residual_l2_vs_ascii	3	6.26344633102417	0.0	6.26344633102417	6.26344633102417
strange_loop	visual_ascii_control	24	generated_token_16	sae_topk_jaccard_distance_vs_ascii	3	0.9473684210526315	1.1102230246251565e-16	0.9473684210526316	0.9473684210526316
strange_loop	visual_ascii_control	24	generated_token_32	residual_l2_vs_ascii	3	4.599682331085205	0.0	4.599682331085205	4.599682331085205
strange_loop	visual_ascii_control	24	generated_token_32	sae_topk_jaccard_distance_vs_ascii	3	0.9010989010989011	0.0	0.9010989010989011	0.9010989010989011
strange_loop	visual_ascii_control	24	generated_token_64	residual_l2_vs_ascii	3	5.980338096618652	0.0	5.980338096618652	5.980338096618652
strange_loop	visual_ascii_control	24	generated_token_64	sae_topk_jaccard_distance_vs_ascii	3	0.9795918367346937	1.1102230246251565e-16	0.9795918367346939	0.9795918367346939
strange_loop	visual_ascii_control	24	generated_token_8	residual_l2_vs_ascii	3	1.3243465423583984	0.0	1.3243465423583984	1.3243465423583984
strange_loop	visual_ascii_control	24	generated_token_8	sae_topk_jaccard_distance_vs_ascii	3	0.3870967741935483	5.551115123125783e-17	0.3870967741935484	0.3870967741935484
strange_loop	visual_ascii_control	25	final_prompt_token	residual_l2_vs_ascii	3	1.2872505187988281	0.0	1.2872505187988281	1.2872505187988281
strange_loop	visual_ascii_control	25	final_prompt_token	sae_topk_jaccard_distance_vs_ascii	3	0.30508474576271183	0.0	0.30508474576271183	0.30508474576271183
strange_loop	visual_ascii_control	25	generated_token_1	residual_l2_vs_ascii	3	1.594072937965393	0.0	1.594072937965393	1.594072937965393
strange_loop	visual_ascii_control	25	generated_token_1	sae_topk_jaccard_distance_vs_ascii	3	0.3333333333333333	5.551115123125783e-17	0.33333333333333337	0.33333333333333337
strange_loop	visual_ascii_control	25	generated_token_16	residual_l2_vs_ascii	3	6.497635364532471	0.0	6.497635364532471	6.497635364532471
strange_loop	visual_ascii_control	25	generated_token_16	sae_topk_jaccard_distance_vs_ascii	3	0.9795918367346937	1.1102230246251565e-16	0.9795918367346939	0.9795918367346939
strange_loop	visual_ascii_control	25	generated_token_32	residual_l2_vs_ascii	3	4.989007949829102	0.0	4.989007949829102	4.989007949829102
strange_loop	visual_ascii_control	25	generated_token_32	sae_topk_jaccard_distance_vs_ascii	3	0.8505747126436781	0.0	0.8505747126436781	0.8505747126436781
strange_loop	visual_ascii_control	25	generated_token_64	residual_l2_vs_ascii	3	6.320087909698486	0.0	6.320087909698486	6.320087909698486
strange_loop	visual_ascii_control	25	generated_token_64	sae_topk_jaccard_distance_vs_ascii	3	0.9583333333333334	0.0	0.9583333333333334	0.9583333333333334
strange_loop	visual_ascii_control	25	generated_token_8	residual_l2_vs_ascii	3	1.4368956089019775	0.0	1.4368956089019775	1.4368956089019775
strange_loop	visual_ascii_control	25	generated_token_8	sae_topk_jaccard_distance_vs_ascii	3	0.360655737704918	0.0	0.360655737704918	0.360655737704918
strange_loop	visual_ascii_control	26	final_prompt_token	residual_l2_vs_ascii	3	1.4107791185379028	0.0	1.4107791185379028	1.4107791185379028
strange_loop	visual_ascii_control	26	final_prompt_token	sae_topk_jaccard_distance_vs_ascii	3	0.24561403508771928	0.0	0.24561403508771928	0.24561403508771928
strange_loop	visual_ascii_control	26	generated_token_1	residual_l2_vs_ascii	3	1.6209464073181152	0.0	1.6209464073181152	1.6209464073181152
strange_loop	visual_ascii_control	26	generated_token_1	sae_topk_jaccard_distance_vs_ascii	3	0.4615384615384615	5.551115123125783e-17	0.46153846153846156	0.46153846153846156
strange_loop	visual_ascii_control	26	generated_token_16	residual_l2_vs_ascii	3	6.5540547370910645	0.0	6.5540547370910645	6.5540547370910645
strange_loop	visual_ascii_control	26	generated_token_16	sae_topk_jaccard_distance_vs_ascii	3	0.9473684210526315	1.1102230246251565e-16	0.9473684210526316	0.9473684210526316
strange_loop	visual_ascii_control	26	generated_token_32	residual_l2_vs_ascii	3	5.1255364418029785	0.0	5.1255364418029785	5.1255364418029785
strange_loop	visual_ascii_control	26	generated_token_32	sae_topk_jaccard_distance_vs_ascii	3	0.8888888888888888	0.0	0.8888888888888888	0.8888888888888888
strange_loop	visual_ascii_control	26	generated_token_64	residual_l2_vs_ascii	3	6.538315296173096	0.0	6.538315296173096	6.538315296173096
strange_loop	visual_ascii_control	26	generated_token_64	sae_topk_jaccard_distance_vs_ascii	3	0.9690721649484536	0.0	0.9690721649484536	0.9690721649484536
strange_loop	visual_ascii_control	26	generated_token_8	residual_l2_vs_ascii	3	1.4384946823120117	0.0	1.4384946823120117	1.4384946823120117
strange_loop	visual_ascii_control	26	generated_token_8	sae_topk_jaccard_distance_vs_ascii	3	0.4615384615384615	5.551115123125783e-17	0.46153846153846156	0.46153846153846156
