condition_family	layer	feature_id	position_count_present	mean_activation_when_present	max_activation	best_rank	positions_present
ascii_control	14	2961	6	1.062854290008545	1.770622730255127	1	final_prompt_token,generated_token_1,generated_token_2,generated_token_3,generated_token_4,generated_token_5
ascii_control	14	31733	6	0.1827632412314415	0.46750277280807495	2	generated_token_1,generated_token_10,generated_token_2,generated_token_20,generated_token_4,generated_token_5
ascii_control	14	5455	5	0.1302362784743309	0.20290029048919678	6	generated_token_10,generated_token_2,generated_token_3,generated_token_4,generated_token_5
ascii_control	14	11831	5	0.17073405236005784	0.22783389687538147	6	final_prompt_token,generated_token_1,generated_token_20,generated_token_3,generated_token_5
ascii_control	14	19440	5	0.1610325828194618	0.22740976512432098	8	generated_token_1,generated_token_2,generated_token_3,generated_token_4,generated_token_5
ascii_control	14	25151	4	0.24299965240061283	0.6197554469108582	2	final_prompt_token,generated_token_1,generated_token_20,generated_token_3
ascii_control	14	32317	4	0.15614347718656063	0.23386646807193756	6	generated_token_1,generated_token_3,generated_token_4,generated_token_5
ascii_control	14	7065	4	0.16254627332091331	0.22335688769817352	8	final_prompt_token,generated_token_10,generated_token_20,generated_token_5
ascii_control	14	6633	4	0.1319240853190422	0.16489900648593903	15	generated_token_10,generated_token_20,generated_token_4,generated_token_5
ascii_control	14	31908	4	0.09228229522705078	0.10777886211872101	24	generated_token_1,generated_token_3,generated_token_4,generated_token_5
ascii_control	14	23427	3	0.24341117342313132	0.39451634883880615	2	generated_token_1,generated_token_2,generated_token_3
ascii_control	14	20064	3	0.2074273725350698	0.2874932587146759	4	generated_token_1,generated_token_10,generated_token_2
ascii_control	14	17656	3	0.17457677672306696	0.2834644913673401	5	final_prompt_token,generated_token_1,generated_token_3
ascii_control	14	13383	3	0.20189599692821503	0.38691815733909607	7	generated_token_3,generated_token_4,generated_token_5
ascii_control	14	1168	3	0.14495053887367249	0.19131702184677124	10	final_prompt_token,generated_token_1,generated_token_3
ascii_control	14	26996	3	0.123023788134257	0.2134680151939392	12	generated_token_10,generated_token_2,generated_token_4
ascii_control	14	14505	3	0.13786213845014572	0.17552372813224792	13	final_prompt_token,generated_token_1,generated_token_3
ascii_control	14	23726	3	0.121256689230601	0.15043210983276367	13	generated_token_1,generated_token_2,generated_token_4
ascii_control	14	15605	3	0.12218357622623444	0.16255566477775574	15	final_prompt_token,generated_token_1,generated_token_3
ascii_control	14	12578	3	0.09395257383584976	0.14496168494224548	20	final_prompt_token,generated_token_3,generated_token_4
ascii_control	14	12101	3	0.07467174405852954	0.09026072174310684	43	generated_token_1,generated_token_3,generated_token_4
ascii_control	14	20374	2	0.39821140468120575	0.7112370133399963	1	generated_token_4,generated_token_5
ascii_control	14	31706	2	0.5455736070871353	0.8881015181541443	1	generated_token_10,generated_token_5
ascii_control	14	21424	2	0.4559604674577713	0.8059015274047852	2	generated_token_2,generated_token_4
ascii_control	14	26364	2	0.5076844803988934	0.9207463264465332	2	generated_token_4,generated_token_5
ascii_control	14	1150	2	0.4343036115169525	0.7066511511802673	3	generated_token_10,generated_token_4
ascii_control	14	3966	2	0.3066887594759464	0.5227371454238892	3	generated_token_1,generated_token_3
ascii_control	14	10613	2	0.32150914892554283	0.5501192808151245	3	generated_token_2,generated_token_4
ascii_control	14	7163	2	0.1989930048584938	0.31079354882240295	4	final_prompt_token,generated_token_3
ascii_control	14	13928	2	0.2333376333117485	0.3468204736709595	5	generated_token_2,generated_token_4
ascii_control	14	301	2	0.28121986985206604	0.42309293150901794	6	generated_token_2,generated_token_3
ascii_control	14	26237	2	0.1665206253528595	0.2573508024215698	6	generated_token_1,generated_token_3
ascii_control	14	6429	2	0.16360625252127647	0.22247719764709473	7	final_prompt_token,generated_token_1
ascii_control	14	26371	2	0.17848118394613266	0.2669845521450043	7	generated_token_2,generated_token_4
ascii_control	14	31189	2	0.20216244086623192	0.32479923963546753	7	generated_token_20,generated_token_5
ascii_control	14	32519	2	0.16131506860256195	0.25650554895401	8	generated_token_2,generated_token_4
ascii_control	14	5329	2	0.19742922484874725	0.21194753050804138	9	generated_token_1,generated_token_3
ascii_control	14	29485	2	0.13405703008174896	0.14331892132759094	10	generated_token_2,generated_token_4
ascii_control	14	8356	2	0.15449989587068558	0.17738904058933258	12	final_prompt_token,generated_token_1
ascii_control	14	23166	2	0.1481698378920555	0.22077101469039917	14	generated_token_20,generated_token_5
ascii_control	14	7485	2	0.1535792499780655	0.18599757552146912	15	generated_token_10,generated_token_20
ascii_control	14	28131	2	0.12426787242293358	0.13709592819213867	15	generated_token_1,generated_token_3
ascii_control	14	2699	2	0.12116333842277527	0.12930503487586975	16	generated_token_1,generated_token_3
ascii_control	14	15272	2	0.10992641001939774	0.15002846717834473	17	final_prompt_token,generated_token_5
ascii_control	14	28143	2	0.12031718343496323	0.1290743052959442	17	generated_token_1,generated_token_3
ascii_control	14	24846	2	0.0891736801713705	0.1271592378616333	18	generated_token_2,generated_token_4
ascii_control	14	14487	2	0.11131661012768745	0.14104986190795898	22	final_prompt_token,generated_token_5
ascii_control	14	15737	2	0.08850749582052231	0.11216829717159271	22	generated_token_2,generated_token_4
ascii_control	14	5859	2	0.1198139488697052	0.13870689272880554	23	generated_token_10,generated_token_5
ascii_control	14	7804	2	0.09689276665449142	0.10422948747873306	25	generated_token_2,generated_token_4
ascii_control	14	19489	2	0.13944989815354347	0.1750243604183197	25	generated_token_10,generated_token_20
ascii_control	14	21303	2	0.09505124390125275	0.10629680752754211	26	generated_token_1,generated_token_3
ascii_control	14	30010	2	0.09834825992584229	0.1091308519244194	26	generated_token_1,generated_token_3
ascii_control	14	2372	2	0.1178910918533802	0.13568632304668427	27	final_prompt_token,generated_token_3
ascii_control	14	17816	2	0.09967442601919174	0.10056577622890472	28	generated_token_10,generated_token_2
ascii_control	14	12817	2	0.11969328671693802	0.13496030867099762	29	final_prompt_token,generated_token_1
ascii_control	14	22611	2	0.10141769051551819	0.11538229882717133	29	generated_token_10,generated_token_5
ascii_control	14	16803	2	0.08165094256401062	0.08362162113189697	30	generated_token_2,generated_token_4
ascii_control	14	31569	2	0.07917118072509766	0.08250556886196136	30	generated_token_3,generated_token_5
ascii_control	14	13119	2	0.06698537431657314	0.08242084085941315	31	generated_token_4,generated_token_5
ascii_control	14	31165	2	0.11319541931152344	0.130751833319664	34	final_prompt_token,generated_token_1
ascii_control	14	7801	2	0.0744503028690815	0.07911866903305054	35	generated_token_4,generated_token_5
ascii_control	14	11944	2	0.10315549746155739	0.13024964928627014	35	final_prompt_token,generated_token_3
ascii_control	14	17072	2	0.09228888899087906	0.10437226295471191	35	generated_token_10,generated_token_5
ascii_control	14	26050	2	0.10912943631410599	0.1180991381406784	35	final_prompt_token,generated_token_1
ascii_control	14	26655	2	0.08933679759502411	0.09315866976976395	38	generated_token_1,generated_token_3
ascii_control	14	9835	2	0.0823461189866066	0.08667002618312836	40	generated_token_2,generated_token_3
ascii_control	14	10804	2	0.10761624574661255	0.1227223128080368	40	final_prompt_token,generated_token_1
ascii_control	14	29957	2	0.10188709199428558	0.1250176876783371	40	final_prompt_token,generated_token_3
ascii_control	14	15726	2	0.0868551954627037	0.09223487973213196	42	generated_token_1,generated_token_3
ascii_control	14	3830	1	0.5813111066818237	0.5813111066818237	1	final_prompt_token
ascii_control	14	7905	1	0.9527154564857483	0.9527154564857483	1	generated_token_20
ascii_control	14	13956	1	0.5779967904090881	0.5779967904090881	2	generated_token_3
ascii_control	14	595	1	0.3838408887386322	0.3838408887386322	3	generated_token_10
ascii_control	14	12464	1	0.2836483418941498	0.2836483418941498	3	generated_token_5
ascii_control	14	30170	1	0.32819151878356934	0.32819151878356934	3	final_prompt_token
ascii_control	14	30328	1	0.5090108513832092	0.5090108513832092	3	generated_token_20
ascii_control	14	30735	1	0.3545328676700592	0.3545328676700592	3	generated_token_1
ascii_control	14	3625	1	0.4829634726047516	0.4829634726047516	4	generated_token_4
ascii_control	14	13313	1	0.49373435974121094	0.49373435974121094	4	generated_token_3
ascii_control	14	15250	1	0.3487764000892639	0.3487764000892639	4	generated_token_10
ascii_control	14	25857	1	0.2315998673439026	0.2315998673439026	4	generated_token_5
ascii_control	14	28328	1	0.37535953521728516	0.37535953521728516	4	generated_token_2
ascii_control	14	32579	1	0.45283323526382446	0.45283323526382446	4	generated_token_20
ascii_control	14	6744	1	0.32778310775756836	0.32778310775756836	5	generated_token_10
ascii_control	14	6859	1	0.3873714804649353	0.3873714804649353	5	generated_token_20
ascii_control	14	9556	1	0.2586165964603424	0.2586165964603424	5	generated_token_1
ascii_control	14	14727	1	0.44122394919395447	0.44122394919395447	5	generated_token_3
ascii_control	14	17240	1	0.4596084654331207	0.4596084654331207	5	generated_token_4
ascii_control	14	1191	1	0.3219837248325348	0.3219837248325348	6	generated_token_2
ascii_control	14	5533	1	0.26182201504707336	0.26182201504707336	6	generated_token_10
ascii_control	14	14444	1	0.3302317261695862	0.3302317261695862	6	generated_token_20
ascii_control	14	2605	1	0.14059320092201233	0.14059320092201233	7	generated_token_5
ascii_control	14	4936	1	0.2445375770330429	0.2445375770330429	7	generated_token_1
ascii_control	14	20752	1	0.24491676688194275	0.24491676688194275	7	generated_token_10
ascii_control	14	26486	1	0.1928810477256775	0.1928810477256775	7	generated_token_4
ascii_control	14	2895	1	0.24059678614139557	0.24059678614139557	8	generated_token_10
ascii_control	14	6241	1	0.3168131113052368	0.3168131113052368	8	generated_token_20
ascii_control	14	8033	1	0.2139592170715332	0.2139592170715332	8	final_prompt_token
ascii_control	14	10738	1	0.1669018268585205	0.1669018268585205	8	generated_token_4
ascii_control	14	11085	1	0.29664307832717896	0.29664307832717896	8	generated_token_3
ascii_control	14	18722	1	0.23825886845588684	0.23825886845588684	9	generated_token_10
ascii_control	14	21803	1	0.30307549238204956	0.30307549238204956	9	generated_token_20
ascii_control	14	23505	1	0.21176022291183472	0.21176022291183472	9	final_prompt_token
ascii_control	14	3969	1	0.2675589323043823	0.2675589323043823	10	generated_token_20
ascii_control	14	6186	1	0.2337515652179718	0.2337515652179718	10	generated_token_10
ascii_control	14	9125	1	0.21327048540115356	0.21327048540115356	10	generated_token_2
ascii_control	14	16801	1	0.2078351229429245	0.2078351229429245	10	generated_token_1
ascii_control	14	30623	1	0.12731370329856873	0.12731370329856873	10	generated_token_5
ascii_control	14	11544	1	0.19180849194526672	0.19180849194526672	11	generated_token_1
ascii_control	14	11864	1	0.17894107103347778	0.17894107103347778	11	final_prompt_token
ascii_control	14	12313	1	0.142116978764534	0.142116978764534	11	generated_token_4
ascii_control	14	24715	1	0.26085391640663147	0.26085391640663147	11	generated_token_20
ascii_control	14	27181	1	0.16917014122009277	0.16917014122009277	11	generated_token_2
ascii_control	14	5281	1	0.1415802538394928	0.1415802538394928	12	generated_token_4
ascii_control	14	16382	1	0.17641112208366394	0.17641112208366394	12	final_prompt_token
ascii_control	14	19870	1	0.12641558051109314	0.12641558051109314	12	generated_token_5
ascii_control	14	26027	1	0.15501296520233154	0.15501296520233154	12	generated_token_2
ascii_control	14	31945	1	0.23626776039600372	0.23626776039600372	12	generated_token_20
ascii_control	14	11464	1	0.1717885285615921	0.1717885285615921	13	final_prompt_token
ascii_control	14	16202	1	0.19988806545734406	0.19988806545734406	13	generated_token_10
ascii_control	14	10138	1	0.1650094985961914	0.1650094985961914	14	final_prompt_token
ascii_control	14	22870	1	0.12396776676177979	0.12396776676177979	14	generated_token_5
ascii_control	14	24989	1	0.1860659122467041	0.1860659122467041	14	generated_token_10
ascii_control	14	26450	1	0.14793694019317627	0.14793694019317627	14	generated_token_3
ascii_control	14	18413	1	0.21563975512981415	0.21563975512981415	15	generated_token_20
ascii_control	14	3124	1	0.1166972890496254	0.1166972890496254	16	generated_token_5
ascii_control	14	10148	1	0.1170998364686966	0.1170998364686966	16	generated_token_4
ascii_control	14	10664	1	0.15952718257904053	0.15952718257904053	16	final_prompt_token
ascii_control	14	15821	1	0.13600020110607147	0.13600020110607147	16	generated_token_1
ascii_control	14	18543	1	0.21154817938804626	0.21154817938804626	16	generated_token_20
ascii_control	14	32133	1	0.179437518119812	0.179437518119812	16	generated_token_10
ascii_control	14	8930	1	0.20661266148090363	0.20661266148090363	17	generated_token_20
ascii_control	14	9030	1	0.12980467081069946	0.12980467081069946	17	generated_token_1
ascii_control	14	15287	1	0.17921870946884155	0.17921870946884155	17	generated_token_10
ascii_control	14	17899	1	0.13199850916862488	0.13199850916862488	17	generated_token_2
ascii_control	14	18524	1	0.11318859457969666	0.11318859457969666	17	generated_token_5
ascii_control	14	5639	1	0.12718123197555542	0.12718123197555542	18	generated_token_3
ascii_control	14	16357	1	0.17005181312561035	0.17005181312561035	18	generated_token_10
ascii_control	14	17692	1	0.10989053547382355	0.10989053547382355	18	generated_token_5
ascii_control	14	23769	1	0.20339494943618774	0.20339494943618774	18	generated_token_20
ascii_control	14	26599	1	0.1282424032688141	0.1282424032688141	18	generated_token_1
ascii_control	14	27232	1	0.1493145078420639	0.1493145078420639	18	final_prompt_token
ascii_control	14	8121	1	0.1254754364490509	0.1254754364490509	19	generated_token_1
ascii_control	14	9176	1	0.10055200010538101	0.10055200010538101	19	generated_token_4
ascii_control	14	18079	1	0.2011861503124237	0.2011861503124237	19	generated_token_20
ascii_control	14	20557	1	0.1472875475883484	0.1472875475883484	19	final_prompt_token
ascii_control	14	2103	1	0.11895062029361725	0.11895062029361725	20	generated_token_2
ascii_control	14	25785	1	0.19064030051231384	0.19064030051231384	20	generated_token_20
ascii_control	14	26776	1	0.09577061980962753	0.09577061980962753	20	generated_token_4
ascii_control	14	58	1	0.12299355864524841	0.12299355864524841	21	generated_token_3
ascii_control	14	5720	1	0.18697123229503632	0.18697123229503632	21	generated_token_20
ascii_control	14	7287	1	0.16028958559036255	0.16028958559036255	21	generated_token_10
ascii_control	14	7297	1	0.10374369472265244	0.10374369472265244	21	generated_token_5
ascii_control	14	11903	1	0.09397248178720474	0.09397248178720474	21	generated_token_4
ascii_control	14	14932	1	0.14386379718780518	0.14386379718780518	21	final_prompt_token
ascii_control	14	11914	1	0.10227113962173462	0.10227113962173462	22	generated_token_5
ascii_control	14	20776	1	0.1797010749578476	0.1797010749578476	22	generated_token_20
ascii_control	14	25224	1	0.12185018509626389	0.12185018509626389	22	generated_token_3
ascii_control	14	30494	1	0.15868937969207764	0.15868937969207764	22	generated_token_10
ascii_control	14	3034	1	0.09001550823450089	0.09001550823450089	23	generated_token_4
ascii_control	14	10274	1	0.17656806111335754	0.17656806111335754	23	generated_token_20
ascii_control	14	16136	1	0.10515215247869492	0.10515215247869492	23	generated_token_2
ascii_control	14	18609	1	0.13936695456504822	0.13936695456504822	23	final_prompt_token
ascii_control	14	27872	1	0.11953192949295044	0.11953192949295044	23	generated_token_3
ascii_control	14	30197	1	0.15566229820251465	0.15566229820251465	23	generated_token_10
ascii_control	14	2176	1	0.13836729526519775	0.13836729526519775	24	final_prompt_token
ascii_control	14	16090	1	0.1550179421901703	0.1550179421901703	24	generated_token_10
ascii_control	14	19586	1	0.10490892082452774	0.10490892082452774	24	generated_token_2
ascii_control	14	19923	1	0.1752472072839737	0.1752472072839737	24	generated_token_20
ascii_control	14	17388	1	0.08859436213970184	0.08859436213970184	26	generated_token_4
ascii_control	14	19045	1	0.14315196871757507	0.14315196871757507	26	generated_token_10
ascii_control	14	29253	1	0.17064300179481506	0.17064300179481506	26	generated_token_20
ascii_control	14	29610	1	0.09085512906312943	0.09085512906312943	26	generated_token_5
ascii_control	14	32699	1	0.1366274654865265	0.1366274654865265	26	final_prompt_token
ascii_control	14	1162	1	0.0905599296092987	0.0905599296092987	27	generated_token_5
ascii_control	14	2804	1	0.10579218715429306	0.10579218715429306	27	generated_token_3
ascii_control	14	5238	1	0.1397378146648407	0.1397378146648407	27	generated_token_10
ascii_control	14	8665	1	0.08733115345239639	0.08733115345239639	27	generated_token_4
ascii_control	14	18039	1	0.10771442949771881	0.10771442949771881	27	generated_token_1
ascii_control	14	22577	1	0.16896921396255493	0.16896921396255493	27	generated_token_20
ascii_control	14	30334	1	0.10069328546524048	0.10069328546524048	27	generated_token_2
ascii_control	14	10568	1	0.1669081300497055	0.1669081300497055	28	generated_token_20
ascii_control	14	14360	1	0.08907654881477356	0.08907654881477356	28	generated_token_5
ascii_control	14	18148	1	0.13539999723434448	0.13539999723434448	28	final_prompt_token
ascii_control	14	22319	1	0.10421628504991531	0.10421628504991531	28	generated_token_3
ascii_control	14	1030	1	0.09866943955421448	0.09866943955421448	29	generated_token_2
ascii_control	14	8553	1	0.10339419543743134	0.10339419543743134	29	generated_token_3
ascii_control	14	21017	1	0.16627958416938782	0.16627958416938782	29	generated_token_20
ascii_control	14	24339	1	0.13782493770122528	0.13782493770122528	29	generated_token_10
ascii_control	14	28065	1	0.10513710975646973	0.10513710975646973	29	generated_token_1
ascii_control	14	3565	1	0.09674154967069626	0.09674154967069626	30	generated_token_2
ascii_control	14	19743	1	0.13250276446342468	0.13250276446342468	30	generated_token_10
ascii_control	14	20769	1	0.1340601146221161	0.1340601146221161	30	final_prompt_token
ascii_control	14	8684	1	0.09462922066450119	0.09462922066450119	31	generated_token_2
ascii_control	14	9864	1	0.07786649465560913	0.07786649465560913	31	generated_token_4
ascii_control	14	13755	1	0.09838740527629852	0.09838740527629852	31	generated_token_3
ascii_control	14	20681	1	0.13179536163806915	0.13179536163806915	31	final_prompt_token
ascii_control	14	31479	1	0.13163892924785614	0.13163892924785614	31	generated_token_10
ascii_control	14	2250	1	0.07578890025615692	0.07578890025615692	32	generated_token_4
ascii_control	14	3982	1	0.1611315906047821	0.1611315906047821	32	generated_token_20
ascii_control	14	6318	1	0.08174915611743927	0.08174915611743927	32	generated_token_5
ascii_control	14	8796	1	0.09733650833368301	0.09733650833368301	32	generated_token_3
ascii_control	14	9704	1	0.1288154423236847	0.1288154423236847	32	generated_token_10
ascii_control	14	26083	1	0.10419589281082153	0.10419589281082153	32	generated_token_1
ascii_control	14	29322	1	0.09406312555074692	0.09406312555074692	32	generated_token_2
ascii_control	14	2626	1	0.09359429031610489	0.09359429031610489	33	generated_token_2
ascii_control	14	16146	1	0.1030004620552063	0.1030004620552063	33	generated_token_1
ascii_control	14	17710	1	0.12808921933174133	0.12808921933174133	33	generated_token_10
ascii_control	14	31698	1	0.15688440203666687	0.15688440203666687	33	generated_token_20
ascii_control	14	995	1	0.10195626318454742	0.10195626318454742	34	generated_token_1
ascii_control	14	4785	1	0.12766791880130768	0.12766791880130768	34	generated_token_10
ascii_control	14	6779	1	0.07236596941947937	0.07236596941947937	34	generated_token_4
ascii_control	14	15173	1	0.08102066814899445	0.08102066814899445	34	generated_token_5
ascii_control	14	16864	1	0.14372754096984863	0.14372754096984863	34	generated_token_20
ascii_control	14	18690	1	0.09202870726585388	0.09202870726585388	34	generated_token_2
ascii_control	14	4850	1	0.12009752541780472	0.12009752541780472	35	generated_token_10
ascii_control	14	5751	1	0.14310309290885925	0.14310309290885925	35	generated_token_20
ascii_control	14	14763	1	0.09199388325214386	0.09199388325214386	35	generated_token_2
ascii_control	14	16421	1	0.091713547706604	0.091713547706604	35	generated_token_3
ascii_control	14	3468	1	0.09182342141866684	0.09182342141866684	36	generated_token_2
ascii_control	14	5353	1	0.14233535528182983	0.14233535528182983	36	generated_token_20
ascii_control	14	13203	1	0.09060036391019821	0.09060036391019821	36	generated_token_3
ascii_control	14	21970	1	0.06816481053829193	0.06816481053829193	36	generated_token_4
ascii_control	14	31458	1	0.11773510277271271	0.11773510277271271	36	generated_token_10
ascii_control	14	12257	1	0.1293594390153885	0.1293594390153885	37	final_prompt_token
ascii_control	14	12399	1	0.11693555116653442	0.11693555116653442	37	generated_token_10
ascii_control	14	18077	1	0.09073521941900253	0.09073521941900253	37	generated_token_2
ascii_control	14	30768	1	0.14134575426578522	0.14134575426578522	37	generated_token_20
ascii_control	14	12416	1	0.13863936066627502	0.13863936066627502	38	generated_token_20
ascii_control	14	18663	1	0.07786448299884796	0.07786448299884796	38	generated_token_5
ascii_control	14	31774	1	0.12641730904579163	0.12641730904579163	38	final_prompt_token
ascii_control	14	3018	1	0.0823545828461647	0.0823545828461647	39	generated_token_2
ascii_control	14	9298	1	0.12540438771247864	0.12540438771247864	39	final_prompt_token
ascii_control	14	22945	1	0.09252102673053741	0.09252102673053741	39	generated_token_1
ascii_control	14	12	1	0.11097444593906403	0.11097444593906403	40	generated_token_10
ascii_control	14	838	1	0.13647401332855225	0.13647401332855225	40	generated_token_20
ascii_control	14	7251	1	0.0586390420794487	0.0586390420794487	40	generated_token_4
ascii_control	14	21061	1	0.07538731396198273	0.07538731396198273	40	generated_token_5
ascii_control	14	4292	1	0.07461569458246231	0.07461569458246231	41	generated_token_5
ascii_control	14	10091	1	0.0922798290848732	0.0922798290848732	41	generated_token_1
ascii_control	14	13470	1	0.05583803355693817	0.05583803355693817	41	generated_token_4
ascii_control	14	21739	1	0.10825017094612122	0.10825017094612122	41	generated_token_10
ascii_control	14	24251	1	0.13266173005104065	0.13266173005104065	41	generated_token_20
ascii_control	14	27441	1	0.07935915142297745	0.07935915142297745	41	generated_token_2
ascii_control	14	1281	1	0.10442375391721725	0.10442375391721725	42	generated_token_10
ascii_control	14	3145	1	0.12131968885660172	0.12131968885660172	42	final_prompt_token
ascii_control	14	21832	1	0.1304265409708023	0.1304265409708023	42	generated_token_20
ascii_control	14	25081	1	0.0741211548447609	0.0741211548447609	42	generated_token_5
ascii_control	14	27093	1	0.08504632860422134	0.08504632860422134	42	generated_token_3
ascii_control	14	14126	1	0.07799313962459564	0.07799313962459564	43	generated_token_2
ascii_control	14	19673	1	0.1299830973148346	0.1299830973148346	43	generated_token_20
ascii_control	14	25704	1	0.12124883383512497	0.12124883383512497	43	final_prompt_token
ascii_control	14	27997	1	0.0740276575088501	0.0740276575088501	43	generated_token_5
ascii_control	14	138	1	0.07400564849376678	0.07400564849376678	44	generated_token_5
ascii_control	14	21780	1	0.12912096083164215	0.12912096083164215	44	generated_token_20
ascii_control	14	28830	1	0.12113011628389359	0.12113011628389359	44	final_prompt_token
ascii_control	14	30569	1	0.07709219306707382	0.07709219306707382	44	generated_token_2
ascii_control	14	3141	1	0.12070468068122864	0.12070468068122864	45	final_prompt_token
ascii_control	14	4620	1	0.07333528995513916	0.07333528995513916	45	generated_token_5
ascii_control	14	12413	1	0.10163513571023941	0.10163513571023941	45	generated_token_10
ascii_control	14	22053	1	0.07696548104286194	0.07696548104286194	45	generated_token_2
ascii_control	14	29599	1	0.12899568676948547	0.12899568676948547	45	generated_token_20
ascii_control	14	6401	1	0.10140123218297958	0.10140123218297958	46	generated_token_10
ascii_control	14	10976	1	0.119614377617836	0.119614377617836	46	final_prompt_token
ascii_control	14	13606	1	0.1273575723171234	0.1273575723171234	46	generated_token_20
ascii_control	14	14919	1	0.07491118460893631	0.07491118460893631	46	generated_token_2
ascii_control	14	16147	1	0.0808410495519638	0.0808410495519638	46	generated_token_3
ascii_control	14	18280	1	0.04930335283279419	0.04930335283279419	46	generated_token_4
ascii_control	14	23666	1	0.0733087956905365	0.0733087956905365	46	generated_token_5
ascii_control	14	32300	1	0.0892232209444046	0.0892232209444046	46	generated_token_1
ascii_control	14	1395	1	0.10100032389163971	0.10100032389163971	47	generated_token_10
ascii_control	14	8726	1	0.126034677028656	0.126034677028656	47	generated_token_20
ascii_control	14	15702	1	0.11906852573156357	0.11906852573156357	47	final_prompt_token
ascii_control	14	19126	1	0.07002194970846176	0.07002194970846176	47	generated_token_5
ascii_control	14	32440	1	0.07442278414964676	0.07442278414964676	47	generated_token_2
ascii_control	14	7941	1	0.07301273941993713	0.07301273941993713	48	generated_token_2
ascii_control	14	19473	1	0.11828082799911499	0.11828082799911499	48	final_prompt_token
ascii_control	14	19908	1	0.06983192265033722	0.06983192265033722	48	generated_token_5
ascii_control	14	27023	1	0.1218627467751503	0.1218627467751503	48	generated_token_20
ascii_control	14	28021	1	0.08767741918563843	0.08767741918563843	48	generated_token_1
ascii_control	14	29286	1	0.045959554612636566	0.045959554612636566	48	generated_token_4
ascii_control	14	4880	1	0.11817701160907745	0.11817701160907745	49	final_prompt_token
ascii_control	14	11726	1	0.08525159955024719	0.08525159955024719	49	generated_token_1
ascii_control	14	14618	1	0.09420254826545715	0.09420254826545715	49	generated_token_10
ascii_control	14	16566	1	0.07245461642742157	0.07245461642742157	49	generated_token_2
ascii_control	14	30167	1	0.0446702316403389	0.0446702316403389	49	generated_token_4
ascii_control	14	160	1	0.04440972954034805	0.04440972954034805	50	generated_token_4
ascii_control	14	14180	1	0.09387092292308807	0.09387092292308807	50	generated_token_10
ascii_control	14	18337	1	0.11825208365917206	0.11825208365917206	50	generated_token_20
ascii_control	14	27384	1	0.07124797254800797	0.07124797254800797	50	generated_token_2
ascii_control	14	29626	1	0.06811641156673431	0.06811641156673431	50	generated_token_5
ascii_control	26	7982	7	0.44488851938928875	1.2340998649597168	2	final_prompt_token,generated_token_1,generated_token_10,generated_token_20,generated_token_3,generated_token_4,generated_token_5
ascii_control	26	18403	7	0.23073100192206247	0.3201598525047302	9	generated_token_1,generated_token_10,generated_token_2,generated_token_20,generated_token_3,generated_token_4,generated_token_5
ascii_control	26	31664	7	0.2499266735145024	0.3380945324897766	10	final_prompt_token,generated_token_1,generated_token_10,generated_token_2,generated_token_20,generated_token_3,generated_token_4
ascii_control	26	2938	6	2.0243173440297446	3.084648609161377	1	final_prompt_token,generated_token_1,generated_token_2,generated_token_3,generated_token_4,generated_token_5
ascii_control	26	2977	5	0.18167681396007537	0.2127348631620407	16	generated_token_1,generated_token_2,generated_token_20,generated_token_3,generated_token_4
ascii_control	26	15349	4	0.3193729817867279	0.6812915205955505	3	generated_token_1,generated_token_2,generated_token_3,generated_token_4
ascii_control	26	30911	4	0.33144859224557877	0.7226746082305908	3	generated_token_1,generated_token_10,generated_token_2,generated_token_5
ascii_control	26	32152	4	0.22782903909683228	0.3645588755607605	7	generated_token_1,generated_token_2,generated_token_3,generated_token_4
ascii_control	26	24419	4	0.1960720308125019	0.33246278762817383	8	generated_token_1,generated_token_2,generated_token_3,generated_token_4
ascii_control	26	7448	4	0.15718810074031353	0.23992224037647247	11	generated_token_1,generated_token_10,generated_token_2,generated_token_4
ascii_control	26	27281	4	0.19917988404631615	0.2501513361930847	11	final_prompt_token,generated_token_1,generated_token_3,generated_token_5
ascii_control	26	2753	3	0.3978753536939621	0.831825852394104	3	generated_token_1,generated_token_2,generated_token_3
ascii_control	26	24672	3	0.23591411113739014	0.3926936984062195	6	generated_token_2,generated_token_3,generated_token_4
ascii_control	26	5584	3	0.1459886928399404	0.26877447962760925	16	generated_token_2,generated_token_4,generated_token_5
ascii_control	26	17869	3	0.16172573218743005	0.2632236182689667	19	final_prompt_token,generated_token_3,generated_token_4
ascii_control	26	22815	3	0.1773290087779363	0.22880831360816956	21	generated_token_1,generated_token_3,generated_token_5
ascii_control	26	26216	3	0.18972187240918478	0.2555708587169647	22	generated_token_10,generated_token_4,generated_token_5
ascii_control	26	670	3	0.19001958767573038	0.23667797446250916	24	generated_token_1,generated_token_10,generated_token_20
ascii_control	26	9576	3	0.15032570560773215	0.17128393054008484	33	generated_token_1,generated_token_3,generated_token_5
ascii_control	26	19389	2	0.34153904020786285	0.5195546746253967	3	final_prompt_token,generated_token_1
ascii_control	26	23814	2	0.4273073785007	0.7519031167030334	3	generated_token_2,generated_token_4
ascii_control	26	8659	2	0.3733428418636322	0.4219035506248474	4	generated_token_3,generated_token_5
ascii_control	26	23123	2	0.30873559415340424	0.4771595001220703	5	generated_token_1,generated_token_3
ascii_control	26	1500	2	0.3696001023054123	0.4706805646419525	8	generated_token_10,generated_token_20
ascii_control	26	7163	2	0.23014825582504272	0.2922538220882416	9	generated_token_1,generated_token_3
ascii_control	26	26551	2	0.21977543830871582	0.2905031144618988	10	generated_token_1,generated_token_3
ascii_control	26	8915	2	0.20999358594417572	0.294447124004364	13	final_prompt_token,generated_token_3
ascii_control	26	6445	2	0.25030340254306793	0.27748164534568787	14	generated_token_10,generated_token_5
ascii_control	26	12676	2	0.15183179453015327	0.1989172101020813	14	generated_token_2,generated_token_4
ascii_control	26	12323	2	0.23112261295318604	0.2738650143146515	16	final_prompt_token,generated_token_20
ascii_control	26	15424	2	0.17418774217367172	0.20561562478542328	16	generated_token_1,generated_token_3
ascii_control	26	11456	2	0.23848946392536163	0.26734843850135803	17	generated_token_20,generated_token_5
ascii_control	26	32595	2	0.1902656927704811	0.2935780882835388	17	generated_token_10,generated_token_4
ascii_control	26	19668	2	0.23290519416332245	0.2892007529735565	18	generated_token_10,generated_token_5
ascii_control	26	20996	2	0.24594485759735107	0.2550361156463623	21	generated_token_10,generated_token_20
ascii_control	26	12008	2	0.20790661871433258	0.2532992959022522	22	generated_token_20,generated_token_5
ascii_control	26	6813	2	0.17003044486045837	0.2133105993270874	24	generated_token_3,generated_token_5
ascii_control	26	16793	2	0.12016570568084717	0.12210027128458023	25	generated_token_3,generated_token_4
ascii_control	26	3271	2	0.2159515768289566	0.22888712584972382	26	final_prompt_token,generated_token_20
ascii_control	26	21539	2	0.12561585754156113	0.14482098817825317	29	generated_token_1,generated_token_2
ascii_control	26	10709	2	0.13714481890201569	0.14160485565662384	30	generated_token_1,generated_token_3
ascii_control	26	16460	2	0.11426737159490585	0.13866867125034332	33	generated_token_3,generated_token_4
ascii_control	26	29809	2	0.15104088559746742	0.18366876244544983	34	generated_token_1,generated_token_5
ascii_control	26	2708	2	0.10715872049331665	0.11820046603679657	36	generated_token_2,generated_token_3
ascii_control	26	21802	2	0.12580672651529312	0.13305434584617615	41	generated_token_1,generated_token_3
ascii_control	26	29611	2	0.1512426920235157	0.18223878741264343	45	final_prompt_token,generated_token_3
ascii_control	26	1150	1	0.6986761093139648	0.6986761093139648	1	generated_token_5
ascii_control	26	1505	1	1.4071242809295654	1.4071242809295654	1	generated_token_20
ascii_control	26	7468	1	0.9120395183563232	0.9120395183563232	1	generated_token_10
ascii_control	26	7809	1	0.8987520933151245	0.8987520933151245	2	generated_token_10
ascii_control	26	13731	1	1.2698220014572144	1.2698220014572144	2	generated_token_2
ascii_control	26	14816	1	0.9282914996147156	0.9282914996147156	2	generated_token_3
ascii_control	26	16131	1	0.9866495728492737	0.9866495728492737	2	generated_token_1
ascii_control	26	18937	1	0.7248795032501221	0.7248795032501221	2	final_prompt_token
ascii_control	26	22341	1	0.5408859848976135	0.5408859848976135	2	generated_token_5
ascii_control	26	32141	1	1.974102258682251	1.974102258682251	2	generated_token_4
ascii_control	26	2769	1	0.8703049421310425	0.8703049421310425	3	generated_token_20
ascii_control	26	14999	1	0.7274754643440247	0.7274754643440247	3	generated_token_4
ascii_control	26	27529	1	0.42294371128082275	0.42294371128082275	3	generated_token_5
ascii_control	26	7086	1	0.5099940299987793	0.5099940299987793	4	generated_token_20
ascii_control	26	7895	1	0.5050505995750427	0.5050505995750427	4	generated_token_3
ascii_control	26	10500	1	0.6937819719314575	0.6937819719314575	4	generated_token_1
ascii_control	26	17308	1	0.6417618989944458	0.6417618989944458	4	generated_token_10
ascii_control	26	27676	1	0.7087364792823792	0.7087364792823792	4	generated_token_4
ascii_control	26	28701	1	0.5438758730888367	0.5438758730888367	4	generated_token_2
ascii_control	26	28713	1	0.5040090680122375	0.5040090680122375	4	final_prompt_token
ascii_control	26	1302	1	0.45358264446258545	0.45358264446258545	5	generated_token_20
ascii_control	26	4596	1	0.6384647488594055	0.6384647488594055	5	generated_token_4
ascii_control	26	5257	1	0.4800812900066376	0.4800812900066376	5	final_prompt_token
ascii_control	26	21387	1	0.5026960968971252	0.5026960968971252	5	generated_token_2
ascii_control	26	24339	1	0.37569308280944824	0.37569308280944824	5	generated_token_5
ascii_control	26	25366	1	0.43148332834243774	0.43148332834243774	5	generated_token_3
ascii_control	26	2547	1	0.4436154067516327	0.4436154067516327	6	generated_token_20
ascii_control	26	6021	1	0.38746368885040283	0.38746368885040283	6	final_prompt_token
ascii_control	26	11249	1	0.41256287693977356	0.41256287693977356	6	generated_token_1
ascii_control	26	17641	1	0.4882056713104248	0.4882056713104248	6	generated_token_10
ascii_control	26	19600	1	0.4828578233718872	0.4828578233718872	6	generated_token_2
ascii_control	26	29519	1	0.44489145278930664	0.44489145278930664	6	generated_token_4
ascii_control	26	2344	1	0.4862769544124603	0.4862769544124603	7	generated_token_10
ascii_control	26	3568	1	0.34277471899986267	0.34277471899986267	7	generated_token_4
ascii_control	26	11256	1	0.3453023135662079	0.3453023135662079	7	final_prompt_token
ascii_control	26	16583	1	0.34612593054771423	0.34612593054771423	7	generated_token_1
ascii_control	26	23534	1	0.3468322157859802	0.3468322157859802	7	generated_token_20
ascii_control	26	25443	1	0.43900465965270996	0.43900465965270996	7	generated_token_2
ascii_control	26	4092	1	0.34322673082351685	0.34322673082351685	8	generated_token_5
ascii_control	26	4811	1	0.28990912437438965	0.28990912437438965	8	generated_token_1
ascii_control	26	18198	1	0.32503288984298706	0.32503288984298706	8	final_prompt_token
ascii_control	26	28820	1	0.32989946007728577	0.32989946007728577	8	generated_token_20
ascii_control	26	31776	1	0.42928969860076904	0.42928969860076904	8	generated_token_2
ascii_control	26	4494	1	0.26890355348587036	0.26890355348587036	9	generated_token_1
ascii_control	26	7930	1	0.32572245597839355	0.32572245597839355	9	generated_token_4
ascii_control	26	20258	1	0.41094356775283813	0.41094356775283813	9	generated_token_10
ascii_control	26	24999	1	0.3331089913845062	0.3331089913845062	9	generated_token_5
ascii_control	26	25362	1	0.4275892972946167	0.4275892972946167	9	generated_token_2
ascii_control	26	31073	1	0.31740185618400574	0.31740185618400574	9	final_prompt_token
ascii_control	26	3751	1	0.33697670698165894	0.33697670698165894	10	generated_token_2
ascii_control	26	14082	1	0.3220120668411255	0.3220120668411255	10	generated_token_5
ascii_control	26	14210	1	0.3193832039833069	0.3193832039833069	10	generated_token_20
ascii_control	26	16475	1	0.3092605769634247	0.3092605769634247	10	final_prompt_token
ascii_control	26	23348	1	0.39395684003829956	0.39395684003829956	10	generated_token_10
ascii_control	26	5566	1	0.35927942395210266	0.35927942395210266	11	generated_token_10
ascii_control	26	6194	1	0.2967970669269562	0.2967970669269562	11	final_prompt_token
ascii_control	26	12495	1	0.2368892878293991	0.2368892878293991	11	generated_token_4
ascii_control	26	28843	1	0.31918027997016907	0.31918027997016907	11	generated_token_20
ascii_control	26	32590	1	0.3176209032535553	0.3176209032535553	11	generated_token_5
ascii_control	26	724	1	0.24950915575027466	0.24950915575027466	12	generated_token_3
ascii_control	26	4795	1	0.24892044067382812	0.24892044067382812	12	generated_token_1
ascii_control	26	9340	1	0.2880401611328125	0.2880401611328125	12	generated_token_5
ascii_control	26	13404	1	0.22522352635860443	0.22522352635860443	12	generated_token_4
ascii_control	26	23011	1	0.31796565651893616	0.31796565651893616	12	generated_token_20
ascii_control	26	26056	1	0.2957383096218109	0.2957383096218109	12	final_prompt_token
ascii_control	26	1844	1	0.3132200539112091	0.3132200539112091	13	generated_token_20
ascii_control	26	5282	1	0.28163832426071167	0.28163832426071167	13	generated_token_5
ascii_control	26	12218	1	0.32934272289276123	0.32934272289276123	13	generated_token_10
ascii_control	26	30722	1	0.24745318293571472	0.24745318293571472	13	generated_token_1
ascii_control	26	799	1	0.2856418490409851	0.2856418490409851	14	final_prompt_token
ascii_control	26	14620	1	0.18983785808086395	0.18983785808086395	14	generated_token_2
ascii_control	26	17893	1	0.3251502513885498	0.3251502513885498	14	generated_token_10
ascii_control	26	27423	1	0.23862208425998688	0.23862208425998688	14	generated_token_1
ascii_control	26	30298	1	0.3076143264770508	0.3076143264770508	14	generated_token_20
ascii_control	26	6429	1	0.2759716212749481	0.2759716212749481	15	final_prompt_token
ascii_control	26	11372	1	0.30839109420776367	0.30839109420776367	15	generated_token_10
ascii_control	26	17671	1	0.276402086019516	0.276402086019516	15	generated_token_5
ascii_control	26	20114	1	0.1872771829366684	0.1872771829366684	15	generated_token_2
ascii_control	26	24493	1	0.30441349744796753	0.30441349744796753	15	generated_token_20
ascii_control	26	10350	1	0.17609526216983795	0.17609526216983795	16	generated_token_4
ascii_control	26	23876	1	0.3004012107849121	0.3004012107849121	16	generated_token_20
ascii_control	26	14057	1	0.21020618081092834	0.21020618081092834	17	generated_token_1
ascii_control	26	21153	1	0.17476651072502136	0.17476651072502136	17	generated_token_2
ascii_control	26	21517	1	0.2714020609855652	0.2714020609855652	17	final_prompt_token
ascii_control	26	27812	1	0.2994147539138794	0.2994147539138794	17	generated_token_20
ascii_control	26	28206	1	0.28301185369491577	0.28301185369491577	18	generated_token_20
ascii_control	26	30548	1	0.206534281373024	0.206534281373024	18	generated_token_1
ascii_control	26	6149	1	0.20398607850074768	0.20398607850074768	19	generated_token_1
ascii_control	26	25539	1	0.2851647734642029	0.2851647734642029	19	generated_token_10
ascii_control	26	25658	1	0.17667856812477112	0.17667856812477112	19	generated_token_3
ascii_control	26	27229	1	0.24173150956630707	0.24173150956630707	19	generated_token_5
ascii_control	26	478	1	0.22952574491500854	0.22952574491500854	20	generated_token_5
ascii_control	26	3532	1	0.26266932487487793	0.26266932487487793	20	final_prompt_token
ascii_control	26	18357	1	0.27231159806251526	0.27231159806251526	20	generated_token_10
ascii_control	26	19726	1	0.17427662014961243	0.17427662014961243	20	generated_token_3
ascii_control	26	20610	1	0.16197945177555084	0.16197945177555084	20	generated_token_2
ascii_control	26	11171	1	0.27037498354911804	0.27037498354911804	21	generated_token_10
ascii_control	26	13277	1	0.17252135276794434	0.17252135276794434	21	generated_token_3
ascii_control	26	18224	1	0.18454091250896454	0.18454091250896454	21	generated_token_1
ascii_control	26	19094	1	0.15203824639320374	0.15203824639320374	21	generated_token_4
ascii_control	26	32698	1	0.2608239948749542	0.2608239948749542	21	final_prompt_token
ascii_control	26	8064	1	0.13643299043178558	0.13643299043178558	22	generated_token_4
ascii_control	26	14645	1	0.16192612051963806	0.16192612051963806	22	generated_token_3
ascii_control	26	15555	1	0.15143132209777832	0.15143132209777832	22	generated_token_2
ascii_control	26	18009	1	0.18401777744293213	0.18401777744293213	22	generated_token_1
ascii_control	26	5892	1	0.1807360053062439	0.1807360053062439	23	generated_token_1
ascii_control	26	6375	1	0.245747908949852	0.245747908949852	23	generated_token_20
ascii_control	26	9189	1	0.15131458640098572	0.15131458640098572	23	generated_token_2
ascii_control	26	12300	1	0.2532997131347656	0.2532997131347656	23	generated_token_10
ascii_control	26	16787	1	0.15948569774627686	0.15948569774627686	23	generated_token_3
ascii_control	26	22078	1	0.25638365745544434	0.25638365745544434	23	final_prompt_token
ascii_control	26	26065	1	0.1311994194984436	0.1311994194984436	23	generated_token_4
ascii_control	26	1626	1	0.24971209466457367	0.24971209466457367	24	final_prompt_token
ascii_control	26	2604	1	0.15734833478927612	0.15734833478927612	24	generated_token_3
ascii_control	26	19914	1	0.12925659120082855	0.12925659120082855	24	generated_token_2
ascii_control	26	22449	1	0.25088438391685486	0.25088438391685486	24	generated_token_10
ascii_control	26	25703	1	0.12997351586818695	0.12997351586818695	24	generated_token_4
ascii_control	26	29896	1	0.17545703053474426	0.17545703053474426	24	generated_token_1
ascii_control	26	16058	1	0.12246224284172058	0.12246224284172058	25	generated_token_2
ascii_control	26	17766	1	0.2040794938802719	0.2040794938802719	25	generated_token_5
ascii_control	26	19493	1	0.23399893939495087	0.23399893939495087	25	generated_token_20
ascii_control	26	21478	1	0.24764522910118103	0.24764522910118103	25	final_prompt_token
ascii_control	26	24773	1	0.1567205935716629	0.1567205935716629	25	generated_token_3
ascii_control	26	31318	1	0.24495382606983185	0.24495382606983185	25	generated_token_10
ascii_control	26	1288	1	0.12026168406009674	0.12026168406009674	26	generated_token_4
ascii_control	26	5320	1	0.1549878865480423	0.1549878865480423	26	generated_token_3
ascii_control	26	12143	1	0.2395312488079071	0.2395312488079071	26	generated_token_10
ascii_control	26	16328	1	0.20161861181259155	0.20161861181259155	26	generated_token_5
ascii_control	26	18077	1	0.2379928082227707	0.2379928082227707	26	final_prompt_token
ascii_control	26	4597	1	0.19982057809829712	0.19982057809829712	27	generated_token_5
ascii_control	26	6593	1	0.11278728395700455	0.11278728395700455	27	generated_token_4
ascii_control	26	11571	1	0.22376616299152374	0.22376616299152374	27	generated_token_20
ascii_control	26	17910	1	0.23894259333610535	0.23894259333610535	27	generated_token_10
ascii_control	26	22786	1	0.16138356924057007	0.16138356924057007	27	generated_token_1
ascii_control	26	23071	1	0.2371487319469452	0.2371487319469452	27	final_prompt_token
ascii_control	26	7851	1	0.21799153089523315	0.21799153089523315	28	generated_token_20
ascii_control	26	13740	1	0.11172277480363846	0.11172277480363846	28	generated_token_4
ascii_control	26	15826	1	0.19191868603229523	0.19191868603229523	28	generated_token_5
ascii_control	26	23977	1	0.22210738062858582	0.22210738062858582	28	final_prompt_token
ascii_control	26	24896	1	0.1089419424533844	0.1089419424533844	28	generated_token_2
ascii_control	26	29592	1	0.14306281507015228	0.14306281507015228	28	generated_token_3
ascii_control	26	3137	1	0.14235328137874603	0.14235328137874603	29	generated_token_3
ascii_control	26	3241	1	0.22191396355628967	0.22191396355628967	29	final_prompt_token
ascii_control	26	17113	1	0.18829062581062317	0.18829062581062317	29	generated_token_5
ascii_control	26	18571	1	0.1104426309466362	0.1104426309466362	29	generated_token_4
ascii_control	26	22102	1	0.22328314185142517	0.22328314185142517	29	generated_token_10
ascii_control	26	10155	1	0.20958822965621948	0.20958822965621948	30	generated_token_20
ascii_control	26	14727	1	0.21853981912136078	0.21853981912136078	30	final_prompt_token
ascii_control	26	30871	1	0.18772591650485992	0.18772591650485992	30	generated_token_5
ascii_control	26	8873	1	0.209280326962471	0.209280326962471	31	generated_token_10
ascii_control	26	14541	1	0.18712225556373596	0.18712225556373596	31	generated_token_5
ascii_control	26	15582	1	0.14978492259979248	0.14978492259979248	31	generated_token_1
ascii_control	26	19226	1	0.09984895586967468	0.09984895586967468	31	generated_token_4
ascii_control	26	26736	1	0.2146455943584442	0.2146455943584442	31	final_prompt_token
ascii_control	26	28806	1	0.20865398645401	0.20865398645401	31	generated_token_20
ascii_control	26	1999	1	0.1860201358795166	0.1860201358795166	32	generated_token_5
ascii_control	26	7625	1	0.14028553664684296	0.14028553664684296	32	generated_token_3
ascii_control	26	16157	1	0.09981317818164825	0.09981317818164825	32	generated_token_2
ascii_control	26	18933	1	0.0988667905330658	0.0988667905330658	32	generated_token_4
ascii_control	26	21298	1	0.20766501128673553	0.20766501128673553	32	generated_token_20
ascii_control	26	30033	1	0.21152983605861664	0.21152983605861664	32	final_prompt_token
ascii_control	26	13497	1	0.1969062089920044	0.1969062089920044	33	generated_token_20
ascii_control	26	19355	1	0.09902699291706085	0.09902699291706085	33	generated_token_2
ascii_control	26	22016	1	0.09590625017881393	0.09590625017881393	33	generated_token_4
ascii_control	26	24636	1	0.2093934416770935	0.2093934416770935	33	final_prompt_token
ascii_control	26	24969	1	0.20564818382263184	0.20564818382263184	33	generated_token_10
ascii_control	26	25800	1	0.18553534150123596	0.18553534150123596	33	generated_token_5
ascii_control	26	5498	1	0.19599944353103638	0.19599944353103638	34	generated_token_20
ascii_control	26	13935	1	0.20923814177513123	0.20923814177513123	34	final_prompt_token
ascii_control	26	16993	1	0.2055971324443817	0.2055971324443817	34	generated_token_10
ascii_control	26	18302	1	0.09803648293018341	0.09803648293018341	34	generated_token_2
ascii_control	26	27962	1	0.13544392585754395	0.13544392585754395	34	generated_token_3
ascii_control	26	9969	1	0.20379705727100372	0.20379705727100372	35	generated_token_10
ascii_control	26	15954	1	0.20799174904823303	0.20799174904823303	35	final_prompt_token
ascii_control	26	17486	1	0.09261003136634827	0.09261003136634827	35	generated_token_4
ascii_control	26	18632	1	0.09787032008171082	0.09787032008171082	35	generated_token_2
ascii_control	26	26005	1	0.1949201375246048	0.1949201375246048	35	generated_token_20
ascii_control	26	28606	1	0.18345198035240173	0.18345198035240173	35	generated_token_5
ascii_control	26	1984	1	0.20600014925003052	0.20600014925003052	36	final_prompt_token
ascii_control	26	5341	1	0.20150689780712128	0.20150689780712128	36	generated_token_10
ascii_control	26	6082	1	0.17913903295993805	0.17913903295993805	36	generated_token_5
ascii_control	26	18454	1	0.14049595594406128	0.14049595594406128	36	generated_token_1
ascii_control	26	23344	1	0.1915026754140854	0.1915026754140854	36	generated_token_20
ascii_control	26	171	1	0.20570337772369385	0.20570337772369385	37	final_prompt_token
ascii_control	26	5266	1	0.1903052031993866	0.1903052031993866	37	generated_token_20
ascii_control	26	6177	1	0.17901137471199036	0.17901137471199036	37	generated_token_5
ascii_control	26	8527	1	0.19639062881469727	0.19639062881469727	37	generated_token_10
ascii_control	26	23268	1	0.09032756090164185	0.09032756090164185	37	generated_token_4
ascii_control	26	28241	1	0.13949955999851227	0.13949955999851227	37	generated_token_1
ascii_control	26	31876	1	0.09443864226341248	0.09443864226341248	37	generated_token_2
ascii_control	26	2297	1	0.17886868119239807	0.17886868119239807	38	generated_token_5
ascii_control	26	8882	1	0.20377272367477417	0.20377272367477417	38	final_prompt_token
ascii_control	26	10187	1	0.09169851243495941	0.09169851243495941	38	generated_token_2
ascii_control	26	13131	1	0.1296067237854004	0.1296067237854004	38	generated_token_3
ascii_control	26	14365	1	0.19618165493011475	0.19618165493011475	38	generated_token_10
ascii_control	26	26265	1	0.1897609978914261	0.1897609978914261	38	generated_token_20
ascii_control	26	448	1	0.09045066684484482	0.09045066684484482	39	generated_token_2
ascii_control	26	7541	1	0.13519272208213806	0.13519272208213806	39	generated_token_1
ascii_control	26	9877	1	0.12759700417518616	0.12759700417518616	39	generated_token_3
ascii_control	26	24007	1	0.17676407098770142	0.17676407098770142	39	generated_token_5
ascii_control	26	30900	1	0.19397541880607605	0.19397541880607605	39	generated_token_10
ascii_control	26	2723	1	0.0875169113278389	0.0875169113278389	40	generated_token_4
ascii_control	26	4468	1	0.09039099514484406	0.09039099514484406	40	generated_token_2
ascii_control	26	5079	1	0.13337355852127075	0.13337355852127075	40	generated_token_1
ascii_control	26	13791	1	0.20136888325214386	0.20136888325214386	40	final_prompt_token
ascii_control	26	19369	1	0.18901081383228302	0.18901081383228302	40	generated_token_10
ascii_control	26	25232	1	0.1866912543773651	0.1866912543773651	40	generated_token_20
ascii_control	26	6426	1	0.17450053989887238	0.17450053989887238	41	generated_token_5
ascii_control	26	16661	1	0.1961084008216858	0.1961084008216858	41	final_prompt_token
ascii_control	26	21982	1	0.18788164854049683	0.18788164854049683	41	generated_token_10
ascii_control	26	5344	1	0.08574141561985016	0.08574141561985016	42	generated_token_2
ascii_control	26	7238	1	0.19229958951473236	0.19229958951473236	42	final_prompt_token
ascii_control	26	8086	1	0.0822153314948082	0.0822153314948082	42	generated_token_4
ascii_control	26	21272	1	0.18736808001995087	0.18736808001995087	42	generated_token_10
ascii_control	26	27779	1	0.181301087141037	0.181301087141037	42	generated_token_20
ascii_control	26	30205	1	0.12526319921016693	0.12526319921016693	42	generated_token_3
ascii_control	26	30783	1	0.17416410148143768	0.17416410148143768	42	generated_token_5
ascii_control	26	2100	1	0.13116073608398438	0.13116073608398438	43	generated_token_1
ascii_control	26	4204	1	0.19068072736263275	0.19068072736263275	43	final_prompt_token
ascii_control	26	10536	1	0.12368836253881454	0.12368836253881454	43	generated_token_3
ascii_control	26	18163	1	0.18084247410297394	0.18084247410297394	43	generated_token_20
ascii_control	26	25449	1	0.08043520152568817	0.08043520152568817	43	generated_token_2
ascii_control	26	27263	1	0.17794761061668396	0.17794761061668396	43	generated_token_10
ascii_control	26	27738	1	0.0820220485329628	0.0820220485329628	43	generated_token_4
ascii_control	26	2005	1	0.08197961747646332	0.08197961747646332	44	generated_token_4
ascii_control	26	11350	1	0.17726466059684753	0.17726466059684753	44	generated_token_10
ascii_control	26	11650	1	0.18081703782081604	0.18081703782081604	44	generated_token_20
ascii_control	26	19456	1	0.13020797073841095	0.13020797073841095	44	generated_token_1
ascii_control	26	24641	1	0.12118175625801086	0.12118175625801086	44	generated_token_3
ascii_control	26	25351	1	0.18987081944942474	0.18987081944942474	44	final_prompt_token
ascii_control	26	25661	1	0.0803147479891777	0.0803147479891777	44	generated_token_2
ascii_control	26	32162	1	0.17101970314979553	0.17101970314979553	44	generated_token_5
ascii_control	26	14566	1	0.08150529861450195	0.08150529861450195	45	generated_token_4
ascii_control	26	16050	1	0.18953780829906464	0.18953780829906464	45	final_prompt_token
ascii_control	26	18841	1	0.17649361491203308	0.17649361491203308	45	generated_token_10
ascii_control	26	22381	1	0.08028916269540787	0.08028916269540787	45	generated_token_2
ascii_control	26	31968	1	0.1794203519821167	0.1794203519821167	45	generated_token_20
ascii_control	26	4132	1	0.07681971788406372	0.07681971788406372	46	generated_token_2
ascii_control	26	4573	1	0.17572623491287231	0.17572623491287231	46	generated_token_10
ascii_control	26	9705	1	0.1895199716091156	0.1895199716091156	46	final_prompt_token
ascii_control	26	12351	1	0.17790387570858002	0.17790387570858002	46	generated_token_20
ascii_control	26	16214	1	0.11981496959924698	0.11981496959924698	46	generated_token_3
ascii_control	26	23937	1	0.16902130842208862	0.16902130842208862	46	generated_token_5
ascii_control	26	771	1	0.07474993914365768	0.07474993914365768	47	generated_token_2
ascii_control	26	2132	1	0.08076746761798859	0.08076746761798859	47	generated_token_4
ascii_control	26	4891	1	0.1262633353471756	0.1262633353471756	47	generated_token_1
ascii_control	26	7133	1	0.18751288950443268	0.18751288950443268	47	final_prompt_token
ascii_control	26	11757	1	0.16667217016220093	0.16667217016220093	47	generated_token_5
ascii_control	26	26384	1	0.11904735863208771	0.11904735863208771	47	generated_token_3
ascii_control	26	31918	1	0.17721469700336456	0.17721469700336456	47	generated_token_20
ascii_control	26	8891	1	0.16615498065948486	0.16615498065948486	48	generated_token_5
ascii_control	26	10803	1	0.17392264306545258	0.17392264306545258	48	generated_token_10
ascii_control	26	14421	1	0.07422644644975662	0.07422644644975662	48	generated_token_2
ascii_control	26	17703	1	0.0802655890583992	0.0802655890583992	48	generated_token_4
ascii_control	26	22197	1	0.17365357279777527	0.17365357279777527	48	generated_token_20
ascii_control	26	1693	1	0.1685231775045395	0.1685231775045395	49	generated_token_20
ascii_control	26	5164	1	0.07915836572647095	0.07915836572647095	49	generated_token_4
ascii_control	26	9303	1	0.17296423017978668	0.17296423017978668	49	generated_token_10
ascii_control	26	18215	1	0.1651461273431778	0.1651461273431778	49	generated_token_5
ascii_control	26	26363	1	0.07330616563558578	0.07330616563558578	49	generated_token_2
ascii_control	26	42	1	0.07913082838058472	0.07913082838058472	50	generated_token_4
ascii_control	26	1154	1	0.17229019105434418	0.17229019105434418	50	generated_token_10
ascii_control	26	1438	1	0.0731145367026329	0.0731145367026329	50	generated_token_2
ascii_control	26	3905	1	0.1810150444507599	0.1810150444507599	50	final_prompt_token
ascii_control	26	12796	1	0.1183970719575882	0.1183970719575882	50	generated_token_1
ascii_control	26	26228	1	0.16320417821407318	0.16320417821407318	50	generated_token_20
d_only	14	2961	6	0.9912824630737305	1.6620622873306274	1	final_prompt_token,generated_token_1,generated_token_2,generated_token_3,generated_token_4,generated_token_5
d_only	14	31733	6	0.21527355164289474	0.4452202618122101	2	generated_token_1,generated_token_10,generated_token_2,generated_token_20,generated_token_4,generated_token_5
d_only	14	5455	6	0.13255982721845308	0.20834314823150635	7	generated_token_10,generated_token_2,generated_token_20,generated_token_3,generated_token_4,generated_token_5
d_only	14	19440	5	0.1495441287755966	0.2029036432504654	9	generated_token_1,generated_token_2,generated_token_3,generated_token_4,generated_token_5
d_only	14	7065	4	0.15877287089824677	0.22828638553619385	11	final_prompt_token,generated_token_10,generated_token_20,generated_token_5
d_only	14	25151	4	0.13847064971923828	0.17012600600719452	11	final_prompt_token,generated_token_1,generated_token_20,generated_token_3
d_only	14	11831	4	0.12245824746787548	0.16651520133018494	13	final_prompt_token,generated_token_1,generated_token_3,generated_token_5
d_only	14	6633	4	0.12018118053674698	0.16634716093540192	16	generated_token_10,generated_token_20,generated_token_4,generated_token_5
d_only	14	31908	4	0.08642004430294037	0.10491780191659927	26	generated_token_1,generated_token_3,generated_token_4,generated_token_5
d_only	14	31706	3	0.40515724817911786	0.8525342345237732	1	generated_token_10,generated_token_20,generated_token_5
d_only	14	13956	3	0.24545455972353616	0.6150164008140564	2	generated_token_3,generated_token_4,generated_token_5
d_only	14	23427	3	0.2687969406445821	0.43835973739624023	2	generated_token_1,generated_token_2,generated_token_3
d_only	14	1150	3	0.3042154684662819	0.6851546764373779	3	generated_token_10,generated_token_2,generated_token_4
d_only	14	20064	3	0.21348734696706137	0.3075469434261322	4	generated_token_1,generated_token_10,generated_token_2
d_only	14	13383	3	0.21809272468090057	0.4481060802936554	6	generated_token_3,generated_token_4,generated_token_5
d_only	14	17656	3	0.15032477180163065	0.21716901659965515	7	final_prompt_token,generated_token_1,generated_token_3
d_only	14	26237	3	0.14150155584017435	0.21098865568637848	8	final_prompt_token,generated_token_1,generated_token_3
d_only	14	1168	3	0.1510672022898992	0.18359172344207764	9	final_prompt_token,generated_token_1,generated_token_3
d_only	14	32317	3	0.16494076947371164	0.23621606826782227	9	generated_token_3,generated_token_4,generated_token_5
d_only	14	12817	3	0.11325771609942119	0.14135052263736725	16	final_prompt_token,generated_token_1,generated_token_2
d_only	14	23726	3	0.08735462774833043	0.12010462582111359	23	generated_token_1,generated_token_2,generated_token_4
d_only	14	12101	3	0.07897645483414333	0.0875580906867981	31	generated_token_1,generated_token_3,generated_token_4
d_only	14	20374	2	0.3802967742085457	0.6945335865020752	1	generated_token_4,generated_token_5
d_only	14	21424	2	0.5053491517901421	0.8975217342376709	2	generated_token_2,generated_token_4
d_only	14	26364	2	0.4868122227489948	0.8818580508232117	2	generated_token_4,generated_token_5
d_only	14	7163	2	0.21306202560663223	0.3276239037513733	3	final_prompt_token,generated_token_3
d_only	14	10613	2	0.33014747500419617	0.5695926547050476	3	generated_token_2,generated_token_4
d_only	14	6429	2	0.16173037514090538	0.23658370971679688	5	final_prompt_token,generated_token_1
d_only	14	13928	2	0.2393828146159649	0.35850995779037476	5	generated_token_2,generated_token_4
d_only	14	25704	2	0.17624188214540482	0.23761101067066193	5	final_prompt_token,generated_token_20
d_only	14	26486	2	0.15133531019091606	0.20891395211219788	6	generated_token_10,generated_token_4
d_only	14	301	2	0.28752170503139496	0.4156045913696289	7	generated_token_2,generated_token_3
d_only	14	5329	2	0.20451562106609344	0.2315656840801239	7	generated_token_1,generated_token_3
d_only	14	32519	2	0.16550889983773232	0.268282949924469	7	generated_token_2,generated_token_4
d_only	14	26371	2	0.15128284692764282	0.25594809651374817	8	generated_token_2,generated_token_4
d_only	14	9125	2	0.14748657494783401	0.2433110475540161	9	generated_token_2,generated_token_4
d_only	14	19489	2	0.15681808069348335	0.19254615902900696	11	generated_token_10,generated_token_20
d_only	14	29485	2	0.14462992548942566	0.15429526567459106	11	generated_token_2,generated_token_4
d_only	14	14505	2	0.1313612386584282	0.18034693598747253	12	generated_token_1,generated_token_3
d_only	14	26996	2	0.15182236582040787	0.19746583700180054	12	generated_token_10,generated_token_2
d_only	14	28143	2	0.16374769061803818	0.17668789625167847	12	generated_token_1,generated_token_3
d_only	14	8356	2	0.14492153003811836	0.17232833802700043	13	final_prompt_token,generated_token_1
d_only	14	11914	2	0.14588258787989616	0.1900612711906433	13	generated_token_20,generated_token_5
d_only	14	15605	2	0.14743687212467194	0.16504600644111633	14	final_prompt_token,generated_token_1
d_only	14	16202	2	0.17839233577251434	0.18745562434196472	14	generated_token_10,generated_token_20
d_only	14	9030	2	0.13254336267709732	0.14333277940750122	15	final_prompt_token,generated_token_1
d_only	14	7804	2	0.11548028513789177	0.15579819679260254	16	generated_token_2,generated_token_4
d_only	14	2699	2	0.11253610253334045	0.13580046594142914	18	generated_token_1,generated_token_3
d_only	14	58	2	0.13050460070371628	0.1349574476480484	19	generated_token_1,generated_token_3
d_only	14	5859	2	0.11708192527294159	0.13524696230888367	20	generated_token_10,generated_token_5
d_only	14	28131	2	0.11956912651658058	0.12587326765060425	20	generated_token_1,generated_token_3
d_only	14	26027	2	0.11085392534732819	0.13240493834018707	21	generated_token_1,generated_token_2
d_only	14	24846	2	0.0964098647236824	0.1269952654838562	22	generated_token_2,generated_token_4
d_only	14	18077	2	0.1098063476383686	0.11643198132514954	24	generated_token_2,generated_token_20
d_only	14	26083	2	0.09851553663611412	0.11770781874656677	25	generated_token_1,generated_token_3
d_only	14	15737	2	0.07542350515723228	0.08272930234670639	30	generated_token_2,generated_token_4
d_only	14	9835	2	0.09573906287550926	0.09766218066215515	33	generated_token_2,generated_token_3
d_only	14	23166	2	0.09396874159574509	0.10747082531452179	33	final_prompt_token,generated_token_5
d_only	14	4620	2	0.07947050034999847	0.0813010036945343	35	generated_token_3,generated_token_5
d_only	14	14490	2	0.09207317978143692	0.09471617639064789	37	generated_token_1,generated_token_3
d_only	14	2372	2	0.09636613354086876	0.11423958092927933	42	final_prompt_token,generated_token_3
d_only	14	22611	2	0.0849764533340931	0.10785594582557678	42	generated_token_10,generated_token_5
d_only	14	30010	2	0.08477352559566498	0.08686723560094833	42	generated_token_1,generated_token_3
d_only	14	16147	2	0.08237122744321823	0.08402249217033386	44	generated_token_1,generated_token_3
d_only	14	3830	1	0.6171723008155823	0.6171723008155823	1	final_prompt_token
d_only	14	29193	1	1.0765830278396606	1.0765830278396606	1	generated_token_20
d_only	14	24142	1	0.5831618309020996	0.5831618309020996	2	generated_token_20
d_only	14	595	1	0.3939042389392853	0.3939042389392853	3	generated_token_10
d_only	14	12464	1	0.27711233496665955	0.27711233496665955	3	generated_token_5
d_only	14	13313	1	0.5180594325065613	0.5180594325065613	3	generated_token_3
d_only	14	16142	1	0.3548344373703003	0.3548344373703003	3	generated_token_20
d_only	14	30735	1	0.3288253843784332	0.3288253843784332	3	generated_token_1
d_only	14	3966	1	0.4971068501472473	0.4971068501472473	4	generated_token_3
d_only	14	6744	1	0.34960493445396423	0.34960493445396423	4	generated_token_10
d_only	14	17240	1	0.5359815359115601	0.5359815359115601	4	generated_token_4
d_only	14	24296	1	0.32782602310180664	0.32782602310180664	4	generated_token_20
d_only	14	25857	1	0.2285470962524414	0.2285470962524414	4	generated_token_5
d_only	14	28328	1	0.3907245993614197	0.3907245993614197	4	generated_token_2
d_only	14	30170	1	0.31535768508911133	0.31535768508911133	4	final_prompt_token
d_only	14	3625	1	0.48145219683647156	0.48145219683647156	5	generated_token_4
d_only	14	4936	1	0.26271116733551025	0.26271116733551025	5	generated_token_1
d_only	14	14727	1	0.4609987735748291	0.4609987735748291	5	generated_token_3
d_only	14	15250	1	0.3486950993537903	0.3486950993537903	5	generated_token_10
d_only	14	1191	1	0.29152780771255493	0.29152780771255493	6	generated_token_2
d_only	14	2605	1	0.1641935259103775	0.1641935259103775	6	generated_token_5
d_only	14	8033	1	0.22816675901412964	0.22816675901412964	6	final_prompt_token
d_only	14	9556	1	0.23568826913833618	0.23568826913833618	6	generated_token_1
d_only	14	18722	1	0.2657621502876282	0.2657621502876282	6	generated_token_10
d_only	14	2895	1	0.25864672660827637	0.25864672660827637	7	generated_token_10
d_only	14	15417	1	0.2131170928478241	0.2131170928478241	7	generated_token_20
d_only	14	19870	1	0.14406973123550415	0.14406973123550415	7	generated_token_5
d_only	14	10738	1	0.17025291919708252	0.17025291919708252	8	generated_token_4
d_only	14	11085	1	0.2966289222240448	0.2966289222240448	8	generated_token_3
d_only	14	11864	1	0.20597520470619202	0.20597520470619202	8	final_prompt_token
d_only	14	17692	1	0.1321675181388855	0.1321675181388855	8	generated_token_5
d_only	14	20752	1	0.24467673897743225	0.24467673897743225	8	generated_token_10
d_only	14	28456	1	0.19641681015491486	0.19641681015491486	8	generated_token_20
d_only	14	5281	1	0.14329957962036133	0.14329957962036133	9	generated_token_4
d_only	14	5381	1	0.19593492150306702	0.19593492150306702	9	generated_token_20
d_only	14	5533	1	0.2408679723739624	0.2408679723739624	9	generated_token_10
d_only	14	6186	1	0.2299298644065857	0.2299298644065857	10	generated_token_10
d_only	14	8129	1	0.19316904246807098	0.19316904246807098	10	generated_token_20
d_only	14	12313	1	0.137174591422081	0.137174591422081	10	generated_token_4
d_only	14	23505	1	0.1751192808151245	0.1751192808151245	10	final_prompt_token
d_only	14	27181	1	0.24231478571891785	0.24231478571891785	10	generated_token_2
d_only	14	30623	1	0.1172923892736435	0.1172923892736435	10	generated_token_5
d_only	14	3124	1	0.1132674589753151	0.1132674589753151	11	generated_token_5
d_only	14	11544	1	0.17935653030872345	0.17935653030872345	11	generated_token_1
d_only	14	10664	1	0.16851934790611267	0.16851934790611267	12	final_prompt_token
d_only	14	17899	1	0.17154677212238312	0.17154677212238312	13	generated_token_2
d_only	14	24989	1	0.19692441821098328	0.19692441821098328	13	generated_token_10
d_only	14	6557	1	0.18107160925865173	0.18107160925865173	14	generated_token_20
d_only	14	10148	1	0.12317611277103424	0.12317611277103424	14	generated_token_4
d_only	14	19586	1	0.16925516724586487	0.16925516724586487	14	generated_token_2
d_only	14	26450	1	0.15729567408561707	0.15729567408561707	14	generated_token_3
d_only	14	29610	1	0.11028864979743958	0.11028864979743958	14	generated_token_5
d_only	14	10138	1	0.15865883231163025	0.15865883231163025	15	final_prompt_token
d_only	14	10221	1	0.18017250299453735	0.18017250299453735	15	generated_token_20
d_only	14	15287	1	0.18525800108909607	0.18525800108909607	15	generated_token_10
d_only	14	326	1	0.17883014678955078	0.17883014678955078	16	generated_token_20
d_only	14	16382	1	0.15383335947990417	0.15383335947990417	16	final_prompt_token
d_only	14	32133	1	0.18393349647521973	0.18393349647521973	16	generated_token_10
d_only	14	995	1	0.1400057077407837	0.1400057077407837	17	generated_token_1
d_only	14	11309	1	0.17693181335926056	0.17693181335926056	17	generated_token_20
d_only	14	12257	1	0.14800511300563812	0.14800511300563812	17	final_prompt_token
d_only	14	16357	1	0.17442725598812103	0.17442725598812103	17	generated_token_10
d_only	14	7485	1	0.17345808446407318	0.17345808446407318	18	generated_token_10
d_only	14	9176	1	0.09434385597705841	0.09434385597705841	18	generated_token_4
d_only	14	10146	1	0.1471705436706543	0.1471705436706543	18	final_prompt_token
d_only	14	2103	1	0.13540561497211456	0.13540561497211456	19	generated_token_2
d_only	14	18609	1	0.1458541750907898	0.1458541750907898	19	final_prompt_token
d_only	14	22870	1	0.10006211698055267	0.10006211698055267	19	generated_token_5
d_only	14	7287	1	0.1565401405096054	0.1565401405096054	20	generated_token_10
d_only	14	8121	1	0.13076668977737427	0.13076668977737427	20	generated_token_1
d_only	14	8684	1	0.13432306051254272	0.13432306051254272	20	generated_token_2
d_only	14	11464	1	0.14293210208415985	0.14293210208415985	20	final_prompt_token
d_only	14	26061	1	0.16664478182792664	0.16664478182792664	20	generated_token_20
d_only	14	7297	1	0.09605174511671066	0.09605174511671066	21	generated_token_5
d_only	14	8665	1	0.08924160152673721	0.08924160152673721	21	generated_token_4
d_only	14	9298	1	0.14098867774009705	0.14098867774009705	21	final_prompt_token
d_only	14	19695	1	0.16148784756660461	0.16148784756660461	21	generated_token_20
d_only	14	27872	1	0.12037618458271027	0.12037618458271027	21	generated_token_3
d_only	14	30197	1	0.1560242474079132	0.1560242474079132	21	generated_token_10
d_only	14	11903	1	0.08547147363424301	0.08547147363424301	22	generated_token_4
d_only	14	18079	1	0.15589836239814758	0.15589836239814758	22	generated_token_20
d_only	14	22319	1	0.11870551854372025	0.11870551854372025	22	generated_token_3
d_only	14	30225	1	0.13802841305732727	0.13802841305732727	22	final_prompt_token
d_only	14	5639	1	0.11870540678501129	0.11870540678501129	23	generated_token_3
d_only	14	10091	1	0.12508651614189148	0.12508651614189148	23	generated_token_1
d_only	14	16897	1	0.1337626874446869	0.1337626874446869	23	final_prompt_token
d_only	14	18524	1	0.09479089081287384	0.09479089081287384	23	generated_token_5
d_only	14	26776	1	0.08192571252584457	0.08192571252584457	23	generated_token_4
d_only	14	30494	1	0.1502574384212494	0.1502574384212494	23	generated_token_10
d_only	14	32204	1	0.15225353837013245	0.15225353837013245	23	generated_token_20
d_only	14	5238	1	0.14930161833763123	0.14930161833763123	24	generated_token_10
d_only	14	6318	1	0.09331506490707397	0.09331506490707397	24	generated_token_5
d_only	14	10804	1	0.11941675841808319	0.11941675841808319	24	generated_token_1
d_only	14	20291	1	0.14904814958572388	0.14904814958572388	24	generated_token_20
d_only	14	20769	1	0.13240233063697815	0.13240233063697815	24	final_prompt_token
d_only	14	25224	1	0.11335457861423492	0.11335457861423492	24	generated_token_3
d_only	14	2804	1	0.11273771524429321	0.11273771524429321	25	generated_token_3
d_only	14	9864	1	0.08003675937652588	0.08003675937652588	25	generated_token_4
d_only	14	10976	1	0.13097772002220154	0.13097772002220154	25	final_prompt_token
d_only	14	17823	1	0.14903724193572998	0.14903724193572998	25	generated_token_20
d_only	14	1030	1	0.10853908956050873	0.10853908956050873	26	generated_token_2
d_only	14	15821	1	0.11550486087799072	0.11550486087799072	26	generated_token_1
d_only	14	17388	1	0.07860386371612549	0.07860386371612549	26	generated_token_4
d_only	14	17710	1	0.13902191817760468	0.13902191817760468	26	generated_token_10
d_only	14	20681	1	0.12892591953277588	0.12892591953277588	26	final_prompt_token
d_only	14	31865	1	0.14501886069774628	0.14501886069774628	26	generated_token_20
d_only	14	4880	1	0.12758086621761322	0.12758086621761322	27	final_prompt_token
d_only	14	10802	1	0.14398060739040375	0.14398060739040375	27	generated_token_20
d_only	14	13203	1	0.10566043853759766	0.10566043853759766	27	generated_token_3
d_only	14	15173	1	0.09107939898967743	0.09107939898967743	27	generated_token_5
d_only	14	16803	1	0.076054647564888	0.076054647564888	27	generated_token_4
d_only	14	19045	1	0.13559547066688538	0.13559547066688538	27	generated_token_10
d_only	14	1162	1	0.09044548869132996	0.09044548869132996	28	generated_token_5
d_only	14	12504	1	0.1438397616147995	0.1438397616147995	28	generated_token_20
d_only	14	28830	1	0.1264960765838623	0.1264960765838623	28	final_prompt_token
d_only	14	30334	1	0.10730111598968506	0.10730111598968506	28	generated_token_2
d_only	14	32207	1	0.11112261563539505	0.11112261563539505	28	generated_token_1
d_only	14	2176	1	0.12584295868873596	0.12584295868873596	29	final_prompt_token
d_only	14	3034	1	0.06822812557220459	0.06822812557220459	29	generated_token_4
d_only	14	11726	1	0.11077173054218292	0.11077173054218292	29	generated_token_1
d_only	14	12399	1	0.13521042466163635	0.13521042466163635	29	generated_token_10
d_only	14	19908	1	0.08961298316717148	0.08961298316717148	29	generated_token_5
d_only	14	27093	1	0.10420961678028107	0.10420961678028107	29	generated_token_3
d_only	14	708	1	0.13769882917404175	0.13769882917404175	30	generated_token_20
d_only	14	3468	1	0.10513795912265778	0.10513795912265778	30	generated_token_2
d_only	14	12462	1	0.10540162026882172	0.10540162026882172	30	generated_token_1
d_only	14	13755	1	0.10041362047195435	0.10041362047195435	30	generated_token_3
d_only	14	22423	1	0.08509697765111923	0.08509697765111923	30	generated_token_5
d_only	14	24339	1	0.132969930768013	0.132969930768013	30	generated_token_10
d_only	14	6836	1	0.12378053367137909	0.12378053367137909	31	final_prompt_token
d_only	14	16421	1	0.09873048961162567	0.09873048961162567	31	generated_token_3
d_only	14	18081	1	0.10372461378574371	0.10372461378574371	31	generated_token_2
d_only	14	19743	1	0.1293981522321701	0.1293981522321701	31	generated_token_10
d_only	14	21061	1	0.08356073498725891	0.08356073498725891	31	generated_token_5
d_only	14	22945	1	0.09798385947942734	0.09798385947942734	31	generated_token_1
d_only	14	2626	1	0.10088061541318893	0.10088061541318893	32	generated_token_2
d_only	14	7801	1	0.06644938141107559	0.06644938141107559	32	generated_token_4
d_only	14	13976	1	0.13622978329658508	0.13622978329658508	32	generated_token_20
d_only	14	15156	1	0.09672506898641586	0.09672506898641586	32	generated_token_1
d_only	14	27232	1	0.1234423816204071	0.1234423816204071	32	final_prompt_token
d_only	14	31458	1	0.12460210919380188	0.12460210919380188	32	generated_token_10
d_only	14	31569	1	0.08078104257583618	0.08078104257583618	32	generated_token_5
d_only	14	7694	1	0.13329210877418518	0.13329210877418518	33	generated_token_20
d_only	14	8553	1	0.09707307070493698	0.09707307070493698	33	generated_token_3
d_only	14	16090	1	0.12371701002120972	0.12371701002120972	33	generated_token_10
d_only	14	28065	1	0.09665080904960632	0.09665080904960632	33	generated_token_1
d_only	14	32680	1	0.06611703336238861	0.06611703336238861	33	generated_token_4
d_only	14	5613	1	0.13161349296569824	0.13161349296569824	34	generated_token_20
d_only	14	13119	1	0.08033008128404617	0.08033008128404617	34	generated_token_5
d_only	14	18148	1	0.11937665194272995	0.11937665194272995	34	final_prompt_token
d_only	14	18690	1	0.094479039311409	0.094479039311409	34	generated_token_2
d_only	14	4785	1	0.1229482889175415	0.1229482889175415	35	generated_token_10
d_only	14	20259	1	0.13098028302192688	0.13098028302192688	35	generated_token_20
d_only	14	20557	1	0.11927057802677155	0.11927057802677155	35	final_prompt_token
d_only	14	22053	1	0.09080345928668976	0.09080345928668976	35	generated_token_2
d_only	14	29404	1	0.09585827589035034	0.09585827589035034	35	generated_token_3
d_only	14	17816	1	0.0894114226102829	0.0894114226102829	36	generated_token_2
d_only	14	24379	1	0.11883588135242462	0.11883588135242462	36	final_prompt_token
d_only	14	30448	1	0.09483132511377335	0.09483132511377335	36	generated_token_1
d_only	14	3455	1	0.08791229873895645	0.08791229873895645	37	generated_token_2
d_only	14	6779	1	0.0626152753829956	0.0626152753829956	37	generated_token_4
d_only	14	30569	1	0.12091506272554398	0.12091506272554398	37	generated_token_20
d_only	14	31479	1	0.11951762437820435	0.11951762437820435	37	generated_token_10
d_only	14	12	1	0.11927299201488495	0.11927299201488495	38	generated_token_10
d_only	14	2250	1	0.062364380806684494	0.062364380806684494	38	generated_token_4
d_only	14	3018	1	0.08645593374967575	0.08645593374967575	38	generated_token_2
d_only	14	4612	1	0.09013499319553375	0.09013499319553375	38	generated_token_3
d_only	14	20402	1	0.07449647784233093	0.07449647784233093	38	generated_token_5
d_only	14	22176	1	0.12074428796768188	0.12074428796768188	38	generated_token_20
d_only	14	22305	1	0.09359531849622726	0.09359531849622726	38	generated_token_1
d_only	14	4850	1	0.1162082776427269	0.1162082776427269	39	generated_token_10
d_only	14	5334	1	0.0703730583190918	0.0703730583190918	39	generated_token_5
d_only	14	7941	1	0.08636809140443802	0.08636809140443802	39	generated_token_2
d_only	14	14932	1	0.11749476939439774	0.11749476939439774	39	final_prompt_token
d_only	14	25785	1	0.11892715096473694	0.11892715096473694	39	generated_token_20
d_only	14	28021	1	0.05938103049993515	0.05938103049993515	39	generated_token_4
d_only	14	138	1	0.06773145496845245	0.06773145496845245	40	generated_token_5
d_only	14	847	1	0.1081007868051529	0.1081007868051529	40	generated_token_20
d_only	14	6401	1	0.10997391492128372	0.10997391492128372	40	generated_token_10
d_only	14	14126	1	0.08564204722642899	0.08564204722642899	40	generated_token_2
d_only	14	21970	1	0.05714485049247742	0.05714485049247742	40	generated_token_4
d_only	14	32358	1	0.11505329608917236	0.11505329608917236	40	final_prompt_token
d_only	14	4292	1	0.06660612672567368	0.06660612672567368	41	generated_token_5
d_only	14	7298	1	0.10803112387657166	0.10803112387657166	41	generated_token_20
d_only	14	9704	1	0.10817139595746994	0.10817139595746994	41	generated_token_10
d_only	14	13019	1	0.08863162994384766	0.08863162994384766	41	generated_token_1
d_only	14	27441	1	0.08314875513315201	0.08314875513315201	41	generated_token_2
d_only	14	7858	1	0.08292889595031738	0.08292889595031738	42	generated_token_2
d_only	14	15647	1	0.06581736356019974	0.06581736356019974	42	generated_token_5
d_only	14	24804	1	0.08813932538032532	0.08813932538032532	42	generated_token_1
d_only	14	29174	1	0.10742358863353729	0.10742358863353729	42	generated_token_20
d_only	14	18280	1	0.05318060517311096	0.05318060517311096	43	generated_token_4
d_only	14	18663	1	0.06544678658246994	0.06544678658246994	43	generated_token_5
d_only	14	27895	1	0.10088711977005005	0.10088711977005005	43	generated_token_10
d_only	14	28887	1	0.10626303404569626	0.10626303404569626	43	generated_token_20
d_only	14	32699	1	0.11403365433216095	0.11403365433216095	43	final_prompt_token
d_only	14	2787	1	0.05274807661771774	0.05274807661771774	44	generated_token_4
d_only	14	3965	1	0.10508072376251221	0.10508072376251221	44	generated_token_20
d_only	14	14553	1	0.06534998118877411	0.06534998118877411	44	generated_token_5
d_only	14	21739	1	0.10079002380371094	0.10079002380371094	44	generated_token_10
d_only	14	30788	1	0.08170192688703537	0.08170192688703537	44	generated_token_2
d_only	14	32621	1	0.11358301341533661	0.11358301341533661	44	final_prompt_token
d_only	14	1395	1	0.10033130645751953	0.10033130645751953	45	generated_token_10
d_only	14	13168	1	0.10484011471271515	0.10484011471271515	45	generated_token_20
d_only	14	15272	1	0.11116541922092438	0.11116541922092438	45	final_prompt_token
d_only	14	16136	1	0.08101863414049149	0.08101863414049149	45	generated_token_2
d_only	14	16655	1	0.08684240281581879	0.08684240281581879	45	generated_token_1
d_only	14	18359	1	0.06346771121025085	0.06346771121025085	45	generated_token_5
d_only	14	20639	1	0.0793503075838089	0.0793503075838089	45	generated_token_3
d_only	14	9931	1	0.05029850825667381	0.05029850825667381	46	generated_token_4
d_only	14	12578	1	0.10952194035053253	0.10952194035053253	46	final_prompt_token
d_only	14	12927	1	0.09452249109745026	0.09452249109745026	46	generated_token_10
d_only	14	14360	1	0.06284573674201965	0.06284573674201965	46	generated_token_5
d_only	14	24364	1	0.10415561497211456	0.10415561497211456	46	generated_token_20
d_only	14	16966	1	0.062490303069353104	0.062490303069353104	47	generated_token_5
d_only	14	17072	1	0.0942724198102951	0.0942724198102951	47	generated_token_10
d_only	14	17689	1	0.07983309030532837	0.07983309030532837	47	generated_token_2
d_only	14	21303	1	0.07882945239543915	0.07882945239543915	47	generated_token_3
d_only	14	29106	1	0.10397399216890335	0.10397399216890335	47	generated_token_20
d_only	14	29286	1	0.05007327347993851	0.05007327347993851	47	generated_token_4
d_only	14	1829	1	0.0838618129491806	0.0838618129491806	48	generated_token_1
d_only	14	24708	1	0.06234034150838852	0.06234034150838852	48	generated_token_5
d_only	14	1428	1	0.0926763117313385	0.0926763117313385	49	generated_token_10
d_only	14	4270	1	0.100608691573143	0.100608691573143	49	generated_token_20
d_only	14	12323	1	0.10527800768613815	0.10527800768613815	49	final_prompt_token
d_only	14	19802	1	0.07800178974866867	0.07800178974866867	49	generated_token_3
d_only	14	32440	1	0.0793735608458519	0.0793735608458519	49	generated_token_2
d_only	14	2346	1	0.09030729532241821	0.09030729532241821	50	generated_token_10
d_only	14	6039	1	0.07917480170726776	0.07917480170726776	50	generated_token_2
d_only	14	8796	1	0.07794104516506195	0.07794104516506195	50	generated_token_3
d_only	14	13665	1	0.0620151162147522	0.0620151162147522	50	generated_token_5
d_only	14	19127	1	0.10023733973503113	0.10023733973503113	50	generated_token_20
d_only	14	20895	1	0.04475151747465134	0.04475151747465134	50	generated_token_4
d_only	14	31774	1	0.1044326201081276	0.1044326201081276	50	final_prompt_token
d_only	26	7982	7	0.32361580431461334	0.5728251338005066	5	final_prompt_token,generated_token_1,generated_token_10,generated_token_20,generated_token_3,generated_token_4,generated_token_5
d_only	26	18403	7	0.21542347754750932	0.293984591960907	14	generated_token_1,generated_token_10,generated_token_2,generated_token_20,generated_token_3,generated_token_4,generated_token_5
d_only	26	2938	6	1.980536977450053	3.021170139312744	1	final_prompt_token,generated_token_1,generated_token_2,generated_token_3,generated_token_4,generated_token_5
d_only	26	31664	6	0.25264787425597507	0.36106061935424805	10	final_prompt_token,generated_token_1,generated_token_10,generated_token_2,generated_token_3,generated_token_4
d_only	26	15349	4	0.32381395623087883	0.6755180954933167	3	generated_token_1,generated_token_2,generated_token_3,generated_token_4
d_only	26	32152	4	0.23068474233150482	0.347257137298584	7	generated_token_1,generated_token_2,generated_token_3,generated_token_4
d_only	26	2977	4	0.14613115042448044	0.20386110246181488	18	generated_token_1,generated_token_2,generated_token_3,generated_token_4
d_only	26	2753	3	0.37157844255367917	0.7402708530426025	3	generated_token_1,generated_token_2,generated_token_3
d_only	26	30911	3	0.378199170033137	0.7092076539993286	3	generated_token_10,generated_token_2,generated_token_5
d_only	26	24672	3	0.23698746412992477	0.3884314298629761	6	generated_token_2,generated_token_3,generated_token_4
d_only	26	24419	3	0.2199427237113317	0.349798321723938	8	generated_token_1,generated_token_2,generated_token_4
d_only	26	26551	3	0.18826672931512198	0.33614203333854675	8	generated_token_1,generated_token_3,generated_token_4
d_only	26	5584	3	0.2344090392192205	0.3399727940559387	9	generated_token_2,generated_token_20,generated_token_5
d_only	26	17869	3	0.16441797961791357	0.2538819909095764	18	final_prompt_token,generated_token_3,generated_token_4
d_only	26	26216	3	0.1708878924449285	0.2353459745645523	24	generated_token_10,generated_token_4,generated_token_5
d_only	26	22815	3	0.17312214275201163	0.21874824166297913	27	generated_token_1,generated_token_3,generated_token_5
d_only	26	16460	3	0.12128044168154399	0.14465565979480743	35	generated_token_1,generated_token_3,generated_token_4
d_only	26	26384	3	0.11637215316295624	0.15173615515232086	36	generated_token_1,generated_token_3,generated_token_4
d_only	26	23814	2	0.45199747756123543	0.7996166348457336	3	generated_token_2,generated_token_4
d_only	26	7895	2	0.30907758325338364	0.5424842834472656	4	generated_token_2,generated_token_3
d_only	26	8659	2	0.369535893201828	0.4161602258682251	4	generated_token_3,generated_token_5
d_only	26	4596	2	0.3728313520550728	0.6561694741249084	5	generated_token_2,generated_token_4
d_only	26	23123	2	0.28580397367477417	0.4455167353153229	6	generated_token_1,generated_token_3
d_only	26	18357	2	0.3322859853506088	0.39201998710632324	8	generated_token_10,generated_token_20
d_only	26	20996	2	0.25666797161102295	0.3284881114959717	10	generated_token_10,generated_token_20
d_only	26	7448	2	0.1657738834619522	0.24219097197055817	11	generated_token_2,generated_token_4
d_only	26	12495	2	0.24774844199419022	0.2598508596420288	11	generated_token_20,generated_token_4
d_only	26	7163	2	0.23942935466766357	0.2674303352832794	12	generated_token_1,generated_token_3
d_only	26	12676	2	0.1701463796198368	0.21793943643569946	12	generated_token_2,generated_token_4
d_only	26	27281	2	0.2201448455452919	0.23444460332393646	13	generated_token_1,generated_token_3
d_only	26	13404	2	0.18972650915384293	0.20923607051372528	14	generated_token_10,generated_token_4
d_only	26	32595	2	0.21350207924842834	0.2999138832092285	16	generated_token_10,generated_token_4
d_only	26	15424	2	0.16558849066495895	0.2032194882631302	17	generated_token_1,generated_token_3
d_only	26	16328	2	0.21741922199726105	0.25311124324798584	17	generated_token_20,generated_token_5
d_only	26	6445	2	0.22901341319084167	0.2528056800365448	18	generated_token_10,generated_token_5
d_only	26	21802	2	0.16916225105524063	0.1734004020690918	20	generated_token_1,generated_token_3
d_only	26	16793	2	0.13649307191371918	0.1443551778793335	21	generated_token_3,generated_token_4
d_only	26	19668	2	0.23558734357357025	0.24496260285377502	22	generated_token_10,generated_token_5
d_only	26	22102	2	0.2279561311006546	0.24799096584320068	22	generated_token_10,generated_token_20
d_only	26	19726	2	0.14448004215955734	0.16207075119018555	24	generated_token_1,generated_token_3
d_only	26	10709	2	0.15505044907331467	0.17684794962406158	25	generated_token_1,generated_token_3
d_only	26	12143	2	0.15587936341762543	0.22907724976539612	25	generated_token_10,generated_token_2
d_only	26	30548	2	0.18741006404161453	0.2094852328300476	28	generated_token_1,generated_token_20
d_only	26	8915	2	0.17030471190810204	0.21987596154212952	30	final_prompt_token,generated_token_3
d_only	26	22016	2	0.14988142624497414	0.2140023112297058	30	generated_token_20,generated_token_4
d_only	26	13740	2	0.08416338637471199	0.09609123319387436	34	generated_token_2,generated_token_4
d_only	26	27962	2	0.12909671664237976	0.13168984651565552	38	generated_token_1,generated_token_3
d_only	26	4687	2	0.18157313764095306	0.18785153329372406	39	generated_token_10,generated_token_20
d_only	26	8891	2	0.1476241499185562	0.17728972434997559	46	generated_token_3,generated_token_5
d_only	26	1150	1	0.6677789092063904	0.6677789092063904	1	generated_token_5
d_only	26	2830	1	1.565407633781433	1.565407633781433	1	generated_token_20
d_only	26	7468	1	0.939953625202179	0.939953625202179	1	generated_token_10
d_only	26	7809	1	0.9052070379257202	0.9052070379257202	2	generated_token_10
d_only	26	13731	1	1.3428623676300049	1.3428623676300049	2	generated_token_2
d_only	26	14816	1	0.9350051879882812	0.9350051879882812	2	generated_token_3
d_only	26	16131	1	0.8765664100646973	0.8765664100646973	2	generated_token_1
d_only	26	18937	1	0.8418608903884888	0.8418608903884888	2	final_prompt_token
d_only	26	22341	1	0.5604449510574341	0.5604449510574341	2	generated_token_5
d_only	26	22595	1	0.5943528413772583	0.5943528413772583	2	generated_token_20
d_only	26	32141	1	1.9710721969604492	1.9710721969604492	2	generated_token_4
d_only	26	14999	1	0.805056095123291	0.805056095123291	3	generated_token_4
d_only	26	19389	1	0.5586068630218506	0.5586068630218506	3	final_prompt_token
d_only	26	20303	1	0.5924670696258545	0.5924670696258545	3	generated_token_20
d_only	26	27529	1	0.41959404945373535	0.41959404945373535	3	generated_token_5
d_only	26	10500	1	0.6504405736923218	0.6504405736923218	4	generated_token_1
d_only	26	17308	1	0.6656755208969116	0.6656755208969116	4	generated_token_10
d_only	26	27676	1	0.7103363275527954	0.7103363275527954	4	generated_token_4
d_only	26	28003	1	0.5883898138999939	0.5883898138999939	4	generated_token_20
d_only	26	28701	1	0.6111906170845032	0.6111906170845032	4	generated_token_2
d_only	26	28713	1	0.547690749168396	0.547690749168396	4	final_prompt_token
d_only	26	4092	1	0.3487553000450134	0.3487553000450134	5	generated_token_5
d_only	26	5257	1	0.45505404472351074	0.45505404472351074	5	final_prompt_token
d_only	26	11249	1	0.4631129801273346	0.4631129801273346	5	generated_token_1
d_only	26	19600	1	0.5179010033607483	0.5179010033607483	5	generated_token_2
d_only	26	25366	1	0.44372397661209106	0.44372397661209106	5	generated_token_3
d_only	26	10592	1	0.4447808861732483	0.4447808861732483	6	generated_token_20
d_only	26	17641	1	0.523693859577179	0.523693859577179	6	generated_token_10
d_only	26	21387	1	0.5154886245727539	0.5154886245727539	6	generated_token_2
d_only	26	24339	1	0.3378053307533264	0.3378053307533264	6	generated_token_5
d_only	26	29519	1	0.4470881223678589	0.4470881223678589	6	generated_token_4
d_only	26	31073	1	0.4308195114135742	0.4308195114135742	6	final_prompt_token
d_only	26	1500	1	0.49015527963638306	0.49015527963638306	7	generated_token_10
d_only	26	3568	1	0.35327523946762085	0.35327523946762085	7	generated_token_4
d_only	26	11256	1	0.4240431487560272	0.4240431487560272	7	final_prompt_token
d_only	26	24999	1	0.3310392200946808	0.3310392200946808	7	generated_token_5
d_only	26	25362	1	0.49352070689201355	0.49352070689201355	7	generated_token_2
d_only	26	27774	1	0.41721194982528687	0.41721194982528687	7	generated_token_20
d_only	26	2344	1	0.4888898432254791	0.4888898432254791	8	generated_token_10
d_only	26	16583	1	0.2802431285381317	0.2802431285381317	8	generated_token_1
d_only	26	18198	1	0.32291537523269653	0.32291537523269653	8	final_prompt_token
d_only	26	31776	1	0.4480641484260559	0.4480641484260559	8	generated_token_2
d_only	26	5892	1	0.2652721405029297	0.2652721405029297	9	generated_token_1
d_only	26	7930	1	0.3324313461780548	0.3324313461780548	9	generated_token_4
d_only	26	9340	1	0.3190722167491913	0.3190722167491913	9	generated_token_5
d_only	26	23348	1	0.4231414198875427	0.4231414198875427	9	generated_token_10
d_only	26	25443	1	0.43862032890319824	0.43862032890319824	9	generated_token_2
d_only	26	26056	1	0.30931755900382996	0.30931755900382996	9	final_prompt_token
d_only	26	724	1	0.28091710805892944	0.28091710805892944	10	generated_token_3
d_only	26	3751	1	0.36682987213134766	0.36682987213134766	10	generated_token_2
d_only	26	6021	1	0.3040429651737213	0.3040429651737213	10	final_prompt_token
d_only	26	20258	1	0.3775794208049774	0.3775794208049774	10	generated_token_10
d_only	26	30722	1	0.26132839918136597	0.26132839918136597	10	generated_token_1
d_only	26	32590	1	0.3037779629230499	0.3037779629230499	10	generated_token_5
d_only	26	4811	1	0.2549102306365967	0.2549102306365967	11	generated_token_1
d_only	26	6429	1	0.29123246669769287	0.29123246669769287	11	final_prompt_token
d_only	26	14082	1	0.2941504120826721	0.2941504120826721	11	generated_token_5
d_only	26	23534	1	0.31929171085357666	0.31929171085357666	11	generated_token_20
d_only	26	6194	1	0.28498491644859314	0.28498491644859314	12	final_prompt_token
d_only	26	11372	1	0.3570893704891205	0.3570893704891205	12	generated_token_10
d_only	26	29896	1	0.24100880324840546	0.24100880324840546	12	generated_token_1
d_only	26	30871	1	0.3110712766647339	0.3110712766647339	12	generated_token_20
d_only	26	399	1	0.3054288923740387	0.3054288923740387	13	generated_token_20
d_only	26	1626	1	0.273887574672699	0.273887574672699	13	final_prompt_token
d_only	26	12218	1	0.32330232858657837	0.32330232858657837	13	generated_token_10
d_only	26	14620	1	0.2261347472667694	0.2261347472667694	13	generated_token_2
d_only	26	5566	1	0.3207261562347412	0.3207261562347412	14	generated_token_10
d_only	26	6307	1	0.2941388785839081	0.2941388785839081	14	generated_token_20
d_only	26	16475	1	0.2732897996902466	0.2732897996902466	14	final_prompt_token
d_only	26	799	1	0.2722940444946289	0.2722940444946289	15	final_prompt_token
d_only	26	2372	1	0.293246865272522	0.293246865272522	15	generated_token_20
d_only	26	17893	1	0.3196418285369873	0.3196418285369873	15	generated_token_10
d_only	26	20610	1	0.22151322662830353	0.22151322662830353	15	generated_token_2
d_only	26	27229	1	0.26318344473838806	0.26318344473838806	15	generated_token_5
d_only	26	4795	1	0.20827342569828033	0.20827342569828033	16	generated_token_1
d_only	26	5282	1	0.2582906484603882	0.2582906484603882	16	generated_token_5
d_only	26	11476	1	0.29128366708755493	0.29128366708755493	16	generated_token_20
d_only	26	19094	1	0.16798387467861176	0.16798387467861176	16	generated_token_4
d_only	26	21153	1	0.1919882744550705	0.1919882744550705	16	generated_token_2
d_only	26	21517	1	0.2662466764450073	0.2662466764450073	16	final_prompt_token
d_only	26	14057	1	0.20395198464393616	0.20395198464393616	17	generated_token_1
d_only	26	20114	1	0.18981757760047913	0.18981757760047913	17	generated_token_2
d_only	26	21999	1	0.273534893989563	0.273534893989563	17	generated_token_20
d_only	26	32698	1	0.26080524921417236	0.26080524921417236	17	final_prompt_token
d_only	26	3623	1	0.27235230803489685	0.27235230803489685	18	generated_token_20
d_only	26	25658	1	0.1972413808107376	0.1972413808107376	18	generated_token_3
d_only	26	31318	1	0.2773861885070801	0.2773861885070801	18	generated_token_10
d_only	26	6149	1	0.18962439894676208	0.18962439894676208	19	generated_token_1
d_only	26	15555	1	0.18373481929302216	0.18373481929302216	19	generated_token_2
d_only	26	20438	1	0.27175360918045044	0.27175360918045044	19	generated_token_20
d_only	26	25721	1	0.24890047311782837	0.24890047311782837	19	final_prompt_token
d_only	26	7678	1	0.25567057728767395	0.25567057728767395	20	generated_token_20
d_only	26	17671	1	0.24725985527038574	0.24725985527038574	20	generated_token_5
d_only	26	21478	1	0.2463822364807129	0.2463822364807129	20	final_prompt_token
d_only	26	25539	1	0.25501197576522827	0.25501197576522827	20	generated_token_10
d_only	26	26065	1	0.14219903945922852	0.14219903945922852	20	generated_token_4
d_only	26	27423	1	0.18567657470703125	0.18567657470703125	20	generated_token_1
d_only	26	478	1	0.2445647418498993	0.2445647418498993	21	generated_token_5
d_only	26	2604	1	0.17069731652736664	0.17069731652736664	21	generated_token_3
d_only	26	12300	1	0.24917131662368774	0.24917131662368774	21	generated_token_10
d_only	26	17394	1	0.24492380023002625	0.24492380023002625	21	final_prompt_token
d_only	26	18009	1	0.18547385931015015	0.18547385931015015	21	generated_token_1
d_only	26	29926	1	0.25528424978256226	0.25528424978256226	21	generated_token_20
d_only	26	11757	1	0.23567385971546173	0.23567385971546173	22	generated_token_5
d_only	26	19914	1	0.15392819046974182	0.15392819046974182	22	generated_token_2
d_only	26	22477	1	0.18504619598388672	0.18504619598388672	22	generated_token_1
d_only	26	24773	1	0.16693058609962463	0.16693058609962463	22	generated_token_3
d_only	26	8064	1	0.12308613955974579	0.12308613955974579	23	generated_token_4
d_only	26	9189	1	0.1427903175354004	0.1427903175354004	23	generated_token_2
d_only	26	11171	1	0.23672965168952942	0.23672965168952942	23	generated_token_10
d_only	26	11456	1	0.2293635904788971	0.2293635904788971	23	generated_token_5
d_only	26	13277	1	0.16405682265758514	0.16405682265758514	23	generated_token_3
d_only	26	28392	1	0.2343895584344864	0.2343895584344864	23	final_prompt_token
d_only	26	3241	1	0.2310817539691925	0.2310817539691925	24	final_prompt_token
d_only	26	12826	1	0.2317938506603241	0.2317938506603241	24	generated_token_20
d_only	26	16058	1	0.13014066219329834	0.13014066219329834	24	generated_token_2
d_only	26	18571	1	0.12168311327695847	0.12168311327695847	24	generated_token_4
d_only	26	1999	1	0.22217129170894623	0.22217129170894623	25	generated_token_5
d_only	26	7625	1	0.14697904884815216	0.14697904884815216	25	generated_token_3
d_only	26	16157	1	0.1274397075176239	0.1274397075176239	25	generated_token_2
d_only	26	25435	1	0.22773636877536774	0.22773636877536774	25	generated_token_20
d_only	26	25703	1	0.11763632297515869	0.11763632297515869	25	generated_token_4
d_only	26	28821	1	0.22844836115837097	0.22844836115837097	25	final_prompt_token
d_only	26	1288	1	0.1139143705368042	0.1139143705368042	26	generated_token_4
d_only	26	7541	1	0.17448599636554718	0.17448599636554718	26	generated_token_1
d_only	26	8882	1	0.22526668012142181	0.22526668012142181	26	final_prompt_token
d_only	26	16787	1	0.14654728770256042	0.14654728770256042	26	generated_token_3
d_only	26	17113	1	0.22003144025802612	0.22003144025802612	26	generated_token_5
d_only	26	17910	1	0.22644096612930298	0.22644096612930298	26	generated_token_10
d_only	26	3532	1	0.22315070033073425	0.22315070033073425	27	final_prompt_token
d_only	26	5320	1	0.14581795036792755	0.14581795036792755	27	generated_token_3
d_only	26	10350	1	0.112688347697258	0.112688347697258	27	generated_token_4
d_only	26	18224	1	0.17191950976848602	0.17191950976848602	27	generated_token_1
d_only	26	18977	1	0.2241552621126175	0.2241552621126175	27	generated_token_20
d_only	26	22449	1	0.21637609601020813	0.21637609601020813	27	generated_token_10
d_only	26	9781	1	0.20942184329032898	0.20942184329032898	28	generated_token_5
d_only	26	11690	1	0.22031743824481964	0.22031743824481964	28	generated_token_20
d_only	26	21539	1	0.11566844582557678	0.11566844582557678	28	generated_token_2
d_only	26	26736	1	0.2230987548828125	0.2230987548828125	28	final_prompt_token
d_only	26	3137	1	0.14528697729110718	0.14528697729110718	29	generated_token_3
d_only	26	7238	1	0.22002573311328888	0.22002573311328888	29	final_prompt_token
d_only	26	12454	1	0.21457411348819733	0.21457411348819733	29	generated_token_20
d_only	26	15826	1	0.20828691124916077	0.20828691124916077	29	generated_token_5
d_only	26	42	1	0.1018819734454155	0.1018819734454155	30	generated_token_4
d_only	26	670	1	0.20288240909576416	0.20288240909576416	30	generated_token_10
d_only	26	4494	1	0.1621895283460617	0.1621895283460617	30	generated_token_1
d_only	26	30783	1	0.19686564803123474	0.19686564803123474	30	generated_token_5
d_only	26	9860	1	0.21390780806541443	0.21390780806541443	31	generated_token_20
d_only	26	9877	1	0.13993743062019348	0.13993743062019348	31	generated_token_3
d_only	26	9969	1	0.20111283659934998	0.20111283659934998	31	generated_token_10
d_only	26	18077	1	0.21827979385852814	0.21827979385852814	31	final_prompt_token
d_only	26	24751	1	0.1934060901403427	0.1934060901403427	31	generated_token_5
d_only	26	31876	1	0.10404741764068604	0.10404741764068604	31	generated_token_2
d_only	26	8873	1	0.19945210218429565	0.19945210218429565	32	generated_token_10
d_only	26	13935	1	0.21808993816375732	0.21808993816375732	32	final_prompt_token
d_only	26	19617	1	0.09794802963733673	0.09794802963733673	32	generated_token_4
d_only	26	23954	1	0.21048638224601746	0.21048638224601746	32	generated_token_20
d_only	26	25800	1	0.19038808345794678	0.19038808345794678	32	generated_token_5
d_only	26	29592	1	0.13979262113571167	0.13979262113571167	32	generated_token_3
d_only	26	6177	1	0.18799921870231628	0.18799921870231628	33	generated_token_5
d_only	26	8086	1	0.09618131816387177	0.09618131816387177	33	generated_token_4
d_only	26	10187	1	0.10182025283575058	0.10182025283575058	33	generated_token_2
d_only	26	11782	1	0.20954136550426483	0.20954136550426483	33	generated_token_20
d_only	26	15954	1	0.21694262325763702	0.21694262325763702	33	final_prompt_token
d_only	26	18454	1	0.15489748120307922	0.15489748120307922	33	generated_token_1
d_only	26	21982	1	0.19904160499572754	0.19904160499572754	33	generated_token_10
d_only	26	14365	1	0.19848886132240295	0.19848886132240295	34	generated_token_10
d_only	26	23071	1	0.2160453498363495	0.2160453498363495	34	final_prompt_token
d_only	26	25449	1	0.09866263717412949	0.09866263717412949	34	generated_token_2
d_only	26	28241	1	0.15335583686828613	0.15335583686828613	34	generated_token_1
d_only	26	28606	1	0.18719515204429626	0.18719515204429626	34	generated_token_5
d_only	26	292	1	0.2012869417667389	0.2012869417667389	35	generated_token_20
d_only	26	2297	1	0.18525034189224243	0.18525034189224243	35	generated_token_5
d_only	26	5344	1	0.09705917537212372	0.09705917537212372	35	generated_token_2
d_only	26	22786	1	0.1531389057636261	0.1531389057636261	35	generated_token_1
d_only	26	24969	1	0.19652485847473145	0.19652485847473145	35	generated_token_10
d_only	26	28542	1	0.21310865879058838	0.21310865879058838	35	final_prompt_token
d_only	26	1651	1	0.1982877254486084	0.1982877254486084	36	generated_token_20
d_only	26	4204	1	0.21178360283374786	0.21178360283374786	36	final_prompt_token
d_only	26	16170	1	0.18409110605716705	0.18409110605716705	36	generated_token_5
d_only	26	16993	1	0.19645726680755615	0.19645726680755615	36	generated_token_10
d_only	26	19226	1	0.09461450576782227	0.09461450576782227	36	generated_token_4
d_only	26	23140	1	0.1309739649295807	0.1309739649295807	36	generated_token_3
d_only	26	11127	1	0.18343998491764069	0.18343998491764069	37	generated_token_5
d_only	26	12323	1	0.2097482681274414	0.2097482681274414	37	final_prompt_token
d_only	26	14547	1	0.1982083022594452	0.1982083022594452	37	generated_token_20
d_only	26	17442	1	0.09212024509906769	0.09212024509906769	37	generated_token_2
d_only	26	18870	1	0.12764886021614075	0.12764886021614075	37	generated_token_3
d_only	26	27738	1	0.09257210046052933	0.09257210046052933	37	generated_token_4
d_only	26	30900	1	0.19379734992980957	0.19379734992980957	37	generated_token_10
d_only	26	2723	1	0.09251584857702255	0.09251584857702255	38	generated_token_4
d_only	26	13859	1	0.19753998517990112	0.19753998517990112	38	generated_token_20
d_only	26	14727	1	0.20903031527996063	0.20903031527996063	38	final_prompt_token
d_only	26	19369	1	0.18923960626125336	0.18923960626125336	38	generated_token_10
d_only	26	30919	1	0.09175537526607513	0.09175537526607513	38	generated_token_2
d_only	26	2132	1	0.09214547276496887	0.09214547276496887	39	generated_token_4
d_only	26	6500	1	0.13588592410087585	0.13588592410087585	39	generated_token_1
d_only	26	6923	1	0.19421952962875366	0.19421952962875366	39	generated_token_20
d_only	26	10536	1	0.1821896731853485	0.1821896731853485	39	generated_token_5
d_only	26	20174	1	0.20340009033679962	0.20340009033679962	39	final_prompt_token
d_only	26	13165	1	0.12576252222061157	0.12576252222061157	40	generated_token_3
d_only	26	17138	1	0.19927111268043518	0.19927111268043518	40	final_prompt_token
d_only	26	18215	1	0.1801346391439438	0.1801346391439438	40	generated_token_5
d_only	26	18933	1	0.08955786377191544	0.08955786377191544	40	generated_token_4
d_only	26	21687	1	0.19146740436553955	0.19146740436553955	40	generated_token_20
d_only	26	22266	1	0.1346210390329361	0.1346210390329361	40	generated_token_1
d_only	26	25661	1	0.08718064427375793	0.08718064427375793	40	generated_token_2
d_only	26	16214	1	0.12572069466114044	0.12572069466114044	41	generated_token_3
d_only	26	17766	1	0.17998138070106506	0.17998138070106506	41	generated_token_5
d_only	26	18027	1	0.18886487185955048	0.18886487185955048	41	generated_token_20
d_only	26	19355	1	0.0866403728723526	0.0866403728723526	41	generated_token_2
d_only	26	19456	1	0.1338629573583603	0.1338629573583603	41	generated_token_1
d_only	26	22078	1	0.19722715020179749	0.19722715020179749	41	final_prompt_token
d_only	26	26209	1	0.18403208255767822	0.18403208255767822	41	generated_token_10
d_only	26	2100	1	0.13218219578266144	0.13218219578266144	42	generated_token_1
d_only	26	2708	1	0.12369047105312347	0.12369047105312347	42	generated_token_3
d_only	26	10803	1	0.18271464109420776	0.18271464109420776	42	generated_token_10
d_only	26	12576	1	0.1959070861339569	0.1959070861339569	42	final_prompt_token
d_only	26	17703	1	0.08910461515188217	0.08910461515188217	42	generated_token_4
d_only	26	23011	1	0.1883872151374817	0.1883872151374817	42	generated_token_20
d_only	26	24896	1	0.083700031042099	0.083700031042099	42	generated_token_2
d_only	26	26298	1	0.1795591115951538	0.1795591115951538	42	generated_token_5
d_only	26	7454	1	0.18129298090934753	0.18129298090934753	43	generated_token_10
d_only	26	14645	1	0.12265371531248093	0.12265371531248093	43	generated_token_3
d_only	26	17486	1	0.08828099817037582	0.08828099817037582	43	generated_token_4
d_only	26	29809	1	0.17854496836662292	0.17854496836662292	43	generated_token_5
d_only	26	30033	1	0.1956804394721985	0.1956804394721985	43	final_prompt_token
d_only	26	31115	1	0.18378213047981262	0.18378213047981262	43	generated_token_20
d_only	26	4891	1	0.13162122666835785	0.13162122666835785	44	generated_token_1
d_only	26	6813	1	0.17841273546218872	0.17841273546218872	44	generated_token_5
d_only	26	11891	1	0.1785438358783722	0.1785438358783722	44	generated_token_10
d_only	26	13819	1	0.1822998821735382	0.1822998821735382	44	generated_token_20
d_only	26	19059	1	0.08146616816520691	0.08146616816520691	44	generated_token_2
d_only	26	171	1	0.18985751271247864	0.18985751271247864	45	final_prompt_token
d_only	26	1438	1	0.08106450736522675	0.08106450736522675	45	generated_token_2
d_only	26	12008	1	0.17813783884048462	0.17813783884048462	45	generated_token_5
d_only	26	21272	1	0.1706986129283905	0.1706986129283905	45	generated_token_10
d_only	26	29386	1	0.13160118460655212	0.13160118460655212	45	generated_token_1
d_only	26	29611	1	0.11797552555799484	0.11797552555799484	45	generated_token_3
d_only	26	9576	1	0.13008639216423035	0.13008639216423035	46	generated_token_1
d_only	26	15612	1	0.1801581084728241	0.1801581084728241	46	generated_token_20
d_only	26	27911	1	0.1860118806362152	0.1860118806362152	46	final_prompt_token
d_only	26	4557	1	0.13004806637763977	0.13004806637763977	47	generated_token_1
d_only	26	5164	1	0.08460423350334167	0.08460423350334167	47	generated_token_4
d_only	26	8557	1	0.07400862127542496	0.07400862127542496	47	generated_token_2
d_only	26	9303	1	0.1685149222612381	0.1685149222612381	47	generated_token_10
d_only	26	14169	1	0.17790937423706055	0.17790937423706055	47	generated_token_20
d_only	26	22824	1	0.17685574293136597	0.17685574293136597	47	generated_token_5
d_only	26	24636	1	0.18558841943740845	0.18558841943740845	47	final_prompt_token
d_only	26	2005	1	0.08263885974884033	0.08263885974884033	48	generated_token_4
d_only	26	5039	1	0.17616692185401917	0.17616692185401917	48	generated_token_5
d_only	26	11878	1	0.0734747052192688	0.0734747052192688	48	generated_token_2
d_only	26	12693	1	0.1669750213623047	0.1669750213623047	48	generated_token_10
d_only	26	15078	1	0.18277402222156525	0.18277402222156525	48	final_prompt_token
d_only	26	19929	1	0.1761019378900528	0.1761019378900528	48	generated_token_20
d_only	26	20538	1	0.11533451080322266	0.11533451080322266	48	generated_token_3
d_only	26	78	1	0.1145346462726593	0.1145346462726593	49	generated_token_3
d_only	26	906	1	0.07324841618537903	0.07324841618537903	49	generated_token_2
d_only	26	6426	1	0.17490141093730927	0.17490141093730927	49	generated_token_5
d_only	26	12320	1	0.0818316638469696	0.0818316638469696	49	generated_token_4
d_only	26	16661	1	0.18227210640907288	0.18227210640907288	49	final_prompt_token
d_only	26	24204	1	0.1640186756849289	0.1640186756849289	49	generated_token_10
d_only	26	3271	1	0.18120962381362915	0.18120962381362915	50	final_prompt_token
d_only	26	8527	1	0.16259366273880005	0.16259366273880005	50	generated_token_10
d_only	26	20562	1	0.11386997252702713	0.11386997252702713	50	generated_token_3
d_only	26	21685	1	0.17330357432365417	0.17330357432365417	50	generated_token_20
d_only	26	32162	1	0.17452654242515564	0.17452654242515564	50	generated_token_5
e_d_high_impact_only	14	2961	7	0.9206808124269757	1.649385929107666	1	final_prompt_token,generated_token_1,generated_token_10,generated_token_2,generated_token_3,generated_token_4,generated_token_5
e_d_high_impact_only	14	5455	7	0.1243145540356636	0.21755298972129822	6	generated_token_1,generated_token_10,generated_token_2,generated_token_20,generated_token_3,generated_token_4,generated_token_5
e_d_high_impact_only	14	31733	6	0.19720662633577982	0.4034063518047333	3	generated_token_1,generated_token_10,generated_token_2,generated_token_20,generated_token_4,generated_token_5
e_d_high_impact_only	14	11831	5	0.14195049405097962	0.19519728422164917	7	final_prompt_token,generated_token_1,generated_token_20,generated_token_3,generated_token_5
e_d_high_impact_only	14	19440	5	0.14377099573612212	0.20631439983844757	10	generated_token_1,generated_token_2,generated_token_3,generated_token_4,generated_token_5
e_d_high_impact_only	14	13383	4	0.1794231478124857	0.43500086665153503	6	generated_token_2,generated_token_3,generated_token_4,generated_token_5
e_d_high_impact_only	14	6633	4	0.1255801096558571	0.16251622140407562	9	generated_token_10,generated_token_20,generated_token_4,generated_token_5
e_d_high_impact_only	14	7065	4	0.15066062286496162	0.23146678507328033	10	final_prompt_token,generated_token_10,generated_token_20,generated_token_5
e_d_high_impact_only	14	31706	3	0.35080202917257947	0.8059460520744324	1	generated_token_10,generated_token_20,generated_token_5
e_d_high_impact_only	14	1150	3	0.3017103423674901	0.697182834148407	3	generated_token_10,generated_token_2,generated_token_4
e_d_high_impact_only	14	23427	3	0.2346679468949636	0.37227559089660645	3	generated_token_1,generated_token_2,generated_token_3
e_d_high_impact_only	14	20064	3	0.21853124350309372	0.3547019362449646	4	generated_token_1,generated_token_10,generated_token_2
e_d_high_impact_only	14	1168	3	0.15409291783968607	0.19750826060771942	6	final_prompt_token,generated_token_1,generated_token_3
e_d_high_impact_only	14	26237	3	0.14468024671077728	0.2383187860250473	8	final_prompt_token,generated_token_1,generated_token_3
e_d_high_impact_only	14	32317	3	0.16129721204439798	0.21925821900367737	8	generated_token_3,generated_token_4,generated_token_5
e_d_high_impact_only	14	17656	3	0.13875324527422586	0.18480637669563293	10	final_prompt_token,generated_token_1,generated_token_3
e_d_high_impact_only	14	12817	3	0.13725382586320242	0.1847749501466751	11	final_prompt_token,generated_token_1,generated_token_2
e_d_high_impact_only	14	25151	3	0.14512554307778677	0.18067646026611328	11	final_prompt_token,generated_token_1,generated_token_3
e_d_high_impact_only	14	58	3	0.11718075225750606	0.1363089680671692	17	generated_token_1,generated_token_2,generated_token_3
e_d_high_impact_only	14	23726	3	0.10492335135738055	0.15305247902870178	17	generated_token_1,generated_token_2,generated_token_4
e_d_high_impact_only	14	24846	3	0.0995429406563441	0.13565748929977417	20	generated_token_2,generated_token_3,generated_token_4
e_d_high_impact_only	14	12101	3	0.08147911727428436	0.09667948633432388	34	generated_token_1,generated_token_3,generated_token_4
e_d_high_impact_only	14	20374	2	0.372155599296093	0.6605132818222046	1	generated_token_4,generated_token_5
e_d_high_impact_only	14	13956	2	0.33554183319211006	0.6053987741470337	2	generated_token_3,generated_token_5
e_d_high_impact_only	14	21424	2	0.4629528895020485	0.8141889572143555	2	generated_token_2,generated_token_4
e_d_high_impact_only	14	26364	2	0.4846212677657604	0.8806530833244324	2	generated_token_4,generated_token_5
e_d_high_impact_only	14	7163	2	0.20307019352912903	0.3200828433036804	3	final_prompt_token,generated_token_3
e_d_high_impact_only	14	10613	2	0.3198734484612942	0.5535078048706055	3	generated_token_2,generated_token_4
e_d_high_impact_only	14	25857	2	0.15390612930059433	0.22850646078586578	4	generated_token_3,generated_token_5
e_d_high_impact_only	14	6429	2	0.16353600099682808	0.20557278394699097	5	final_prompt_token,generated_token_1
e_d_high_impact_only	14	13928	2	0.22107385098934174	0.31706780195236206	5	generated_token_2,generated_token_4
e_d_high_impact_only	14	32519	2	0.17170299217104912	0.2786215543746948	6	generated_token_2,generated_token_4
e_d_high_impact_only	14	301	2	0.2669045925140381	0.37416431307792664	7	generated_token_2,generated_token_3
e_d_high_impact_only	14	9125	2	0.14023104310035706	0.2240695357322693	10	generated_token_2,generated_token_4
e_d_high_impact_only	14	5329	2	0.1653374880552292	0.16586968302726746	12	generated_token_1,generated_token_3
e_d_high_impact_only	14	8356	2	0.14574738964438438	0.17369896173477173	12	final_prompt_token,generated_token_1
e_d_high_impact_only	14	29485	2	0.14170125126838684	0.15787139534950256	13	generated_token_2,generated_token_4
e_d_high_impact_only	14	28143	2	0.14879371225833893	0.15304525196552277	14	generated_token_1,generated_token_3
e_d_high_impact_only	14	28830	2	0.12673364207148552	0.15916045010089874	14	final_prompt_token,generated_token_10
e_d_high_impact_only	14	26996	2	0.14801396429538727	0.19167619943618774	15	generated_token_10,generated_token_2
e_d_high_impact_only	14	7485	2	0.14062586426734924	0.1804269701242447	17	generated_token_10,generated_token_20
e_d_high_impact_only	14	28065	2	0.11336404085159302	0.14558762311935425	17	generated_token_1,generated_token_2
e_d_high_impact_only	14	7804	2	0.10994464159011841	0.15163610875606537	18	generated_token_2,generated_token_4
e_d_high_impact_only	14	26776	2	0.100908312946558	0.10413065552711487	18	generated_token_1,generated_token_4
e_d_high_impact_only	14	28131	2	0.12612224742770195	0.12771010398864746	18	generated_token_1,generated_token_3
e_d_high_impact_only	14	18077	2	0.10053156316280365	0.10624448210000992	19	generated_token_2,generated_token_20
e_d_high_impact_only	14	7297	2	0.09373483806848526	0.09475463628768921	20	generated_token_20,generated_token_5
e_d_high_impact_only	14	15605	2	0.13789714872837067	0.1385897994041443	20	final_prompt_token,generated_token_1
e_d_high_impact_only	14	26050	2	0.13151974976062775	0.1368091106414795	21	final_prompt_token,generated_token_1
e_d_high_impact_only	14	9030	2	0.12539984285831451	0.13392314314842224	24	final_prompt_token,generated_token_1
e_d_high_impact_only	14	26027	2	0.1034771278500557	0.11242684721946716	24	generated_token_1,generated_token_2
e_d_high_impact_only	14	5859	2	0.10849262773990631	0.1277523785829544	25	generated_token_10,generated_token_5
e_d_high_impact_only	14	31908	2	0.09530987963080406	0.10208764672279358	26	generated_token_3,generated_token_5
e_d_high_impact_only	14	28021	2	0.09070314466953278	0.1089521124958992	28	generated_token_1,generated_token_4
e_d_high_impact_only	14	9835	2	0.08830778673291206	0.09630180895328522	29	generated_token_2,generated_token_3
e_d_high_impact_only	14	29404	2	0.09982997179031372	0.1017344668507576	30	generated_token_1,generated_token_3
e_d_high_impact_only	14	30010	2	0.09958641976118088	0.11248499155044556	30	generated_token_1,generated_token_3
e_d_high_impact_only	14	6401	2	0.10305717214941978	0.11957908421754837	31	generated_token_10,generated_token_20
e_d_high_impact_only	14	26083	2	0.093956358730793	0.11088872700929642	31	generated_token_1,generated_token_3
e_d_high_impact_only	14	15737	2	0.06725274212658405	0.07417472451925278	35	generated_token_2,generated_token_4
e_d_high_impact_only	14	22945	2	0.09182370081543922	0.09286049753427505	35	generated_token_1,generated_token_3
e_d_high_impact_only	14	4270	2	0.07131550461053848	0.07882771641016006	36	generated_token_20,generated_token_5
e_d_high_impact_only	14	19489	2	0.08580489456653595	0.10273481160402298	43	generated_token_10,generated_token_20
e_d_high_impact_only	14	16147	2	0.08920986205339432	0.09580764174461365	44	generated_token_1,generated_token_3
e_d_high_impact_only	14	21739	2	0.08131517097353935	0.09655444324016571	46	generated_token_10,generated_token_20
e_d_high_impact_only	14	3830	1	0.6228765249252319	0.6228765249252319	1	final_prompt_token
e_d_high_impact_only	14	31267	1	0.5542358160018921	0.5542358160018921	1	generated_token_20
e_d_high_impact_only	14	595	1	0.40420863032341003	0.40420863032341003	2	generated_token_10
e_d_high_impact_only	14	9182	1	0.3895694315433502	0.3895694315433502	2	generated_token_20
e_d_high_impact_only	14	30735	1	0.3786138892173767	0.3786138892173767	2	generated_token_1
e_d_high_impact_only	14	7275	1	0.20114365220069885	0.20114365220069885	3	generated_token_20
e_d_high_impact_only	14	12464	1	0.2578819990158081	0.2578819990158081	3	generated_token_5
e_d_high_impact_only	14	13313	1	0.5216358304023743	0.5216358304023743	3	generated_token_3
e_d_high_impact_only	14	3078	1	0.19329199194908142	0.19329199194908142	4	generated_token_20
e_d_high_impact_only	14	3966	1	0.47028976678848267	0.47028976678848267	4	generated_token_3
e_d_high_impact_only	14	6744	1	0.35014528036117554	0.35014528036117554	4	generated_token_10
e_d_high_impact_only	14	17240	1	0.5164294242858887	0.5164294242858887	4	generated_token_4
e_d_high_impact_only	14	28328	1	0.36248183250427246	0.36248183250427246	4	generated_token_2
e_d_high_impact_only	14	30170	1	0.2862481474876404	0.2862481474876404	4	final_prompt_token
e_d_high_impact_only	14	2605	1	0.16031455993652344	0.16031455993652344	5	generated_token_5
e_d_high_impact_only	14	3625	1	0.4651830494403839	0.4651830494403839	5	generated_token_4
e_d_high_impact_only	14	4936	1	0.2591630220413208	0.2591630220413208	5	generated_token_1
e_d_high_impact_only	14	10343	1	0.18291662633419037	0.18291662633419037	5	generated_token_20
e_d_high_impact_only	14	14727	1	0.4458143413066864	0.4458143413066864	5	generated_token_3
e_d_high_impact_only	14	15250	1	0.33794528245925903	0.33794528245925903	5	generated_token_10
e_d_high_impact_only	14	10802	1	0.17684456706047058	0.17684456706047058	6	generated_token_20
e_d_high_impact_only	14	11544	1	0.25816023349761963	0.25816023349761963	6	generated_token_1
e_d_high_impact_only	14	18722	1	0.26067858934402466	0.26067858934402466	6	generated_token_10
e_d_high_impact_only	14	5533	1	0.2573069632053375	0.2573069632053375	7	generated_token_10
e_d_high_impact_only	14	9556	1	0.2561430335044861	0.2561430335044861	7	generated_token_1
e_d_high_impact_only	14	19870	1	0.12760326266288757	0.12760326266288757	7	generated_token_5
e_d_high_impact_only	14	26371	1	0.24472524225711823	0.24472524225711823	7	generated_token_2
e_d_high_impact_only	14	26486	1	0.20150524377822876	0.20150524377822876	7	generated_token_4
e_d_high_impact_only	14	27555	1	0.17062100768089294	0.17062100768089294	7	generated_token_20
e_d_high_impact_only	14	2895	1	0.24138113856315613	0.24138113856315613	8	generated_token_10
e_d_high_impact_only	14	10738	1	0.17963188886642456	0.17963188886642456	8	generated_token_4
e_d_high_impact_only	14	11085	1	0.3026861548423767	0.3026861548423767	8	generated_token_3
e_d_high_impact_only	14	11864	1	0.1942766308784485	0.1942766308784485	8	final_prompt_token
e_d_high_impact_only	14	18208	1	0.16728639602661133	0.16728639602661133	8	generated_token_20
e_d_high_impact_only	14	27181	1	0.24329203367233276	0.24329203367233276	8	generated_token_2
e_d_high_impact_only	14	1191	1	0.24316653609275818	0.24316653609275818	9	generated_token_2
e_d_high_impact_only	14	6186	1	0.240250825881958	0.240250825881958	9	generated_token_10
e_d_high_impact_only	14	8033	1	0.18842831254005432	0.18842831254005432	9	final_prompt_token
e_d_high_impact_only	14	5281	1	0.14051643013954163	0.14051643013954163	10	generated_token_4
e_d_high_impact_only	14	31698	1	0.14890040457248688	0.14890040457248688	10	generated_token_20
e_d_high_impact_only	14	4292	1	0.11605962365865707	0.11605962365865707	11	generated_token_5
e_d_high_impact_only	14	12313	1	0.13336153328418732	0.13336153328418732	11	generated_token_4
e_d_high_impact_only	14	20752	1	0.2318035364151001	0.2318035364151001	11	generated_token_10
e_d_high_impact_only	14	19586	1	0.2027435302734375	0.2027435302734375	12	generated_token_2
e_d_high_impact_only	14	20769	1	0.17681415379047394	0.17681415379047394	12	final_prompt_token
e_d_high_impact_only	14	16202	1	0.20509667694568634	0.20509667694568634	13	generated_token_10
e_d_high_impact_only	14	25979	1	0.14148584008216858	0.14148584008216858	13	generated_token_20
e_d_high_impact_only	14	26450	1	0.16219764947891235	0.16219764947891235	13	generated_token_3
e_d_high_impact_only	14	30225	1	0.16945455968379974	0.16945455968379974	13	final_prompt_token
e_d_high_impact_only	14	17899	1	0.17298577725887299	0.17298577725887299	14	generated_token_2
e_d_high_impact_only	14	24989	1	0.2023482322692871	0.2023482322692871	14	generated_token_10
e_d_high_impact_only	14	30623	1	0.10479481518268585	0.10479481518268585	14	generated_token_5
e_d_high_impact_only	14	6836	1	0.15879768133163452	0.15879768133163452	15	final_prompt_token
e_d_high_impact_only	14	10148	1	0.1191510409116745	0.1191510409116745	15	generated_token_4
e_d_high_impact_only	14	17692	1	0.10472744703292847	0.10472744703292847	15	generated_token_5
e_d_high_impact_only	14	21275	1	0.12953199446201324	0.12953199446201324	15	generated_token_20
e_d_high_impact_only	14	995	1	0.14828580617904663	0.14828580617904663	16	generated_token_1
e_d_high_impact_only	14	5353	1	0.12263505905866623	0.12263505905866623	16	generated_token_20
e_d_high_impact_only	14	10664	1	0.15368691086769104	0.15368691086769104	16	final_prompt_token
e_d_high_impact_only	14	14505	1	0.14223963022232056	0.14223963022232056	16	generated_token_3
e_d_high_impact_only	14	15287	1	0.19118228554725647	0.19118228554725647	16	generated_token_10
e_d_high_impact_only	14	11914	1	0.10256285965442657	0.10256285965442657	17	generated_token_5
e_d_high_impact_only	14	23505	1	0.14905211329460144	0.14905211329460144	17	final_prompt_token
e_d_high_impact_only	14	26005	1	0.1123582124710083	0.1123582124710083	17	generated_token_20
e_d_high_impact_only	14	3124	1	0.09923908859491348	0.09923908859491348	18	generated_token_5
e_d_high_impact_only	14	13788	1	0.10973122715950012	0.10973122715950012	18	generated_token_20
e_d_high_impact_only	14	31758	1	0.14783237874507904	0.14783237874507904	18	final_prompt_token
e_d_high_impact_only	14	32133	1	0.1757371425628662	0.1757371425628662	18	generated_token_10
e_d_high_impact_only	14	10976	1	0.13963502645492554	0.13963502645492554	19	final_prompt_token
e_d_high_impact_only	14	18524	1	0.09610791504383087	0.09610791504383087	19	generated_token_5
e_d_high_impact_only	14	27872	1	0.12004207074642181	0.12004207074642181	19	generated_token_3
e_d_high_impact_only	14	30197	1	0.17009380459785461	0.17009380459785461	19	generated_token_10
e_d_high_impact_only	14	8665	1	0.08624541759490967	0.08624541759490967	20	generated_token_4
e_d_high_impact_only	14	16357	1	0.16927587985992432	0.16927587985992432	20	generated_token_10
e_d_high_impact_only	14	18624	1	0.10363849997520447	0.10363849997520447	20	generated_token_20
e_d_high_impact_only	14	22319	1	0.11973301321268082	0.11973301321268082	20	generated_token_3
e_d_high_impact_only	14	7287	1	0.165662482380867	0.165662482380867	21	generated_token_10
e_d_high_impact_only	14	10091	1	0.1371571570634842	0.1371571570634842	21	generated_token_1
e_d_high_impact_only	14	19908	1	0.0942469909787178	0.0942469909787178	21	generated_token_5
e_d_high_impact_only	14	2103	1	0.1188814789056778	0.1188814789056778	22	generated_token_2
e_d_high_impact_only	14	5639	1	0.11139388382434845	0.11139388382434845	22	generated_token_3
e_d_high_impact_only	14	14003	1	0.10166773200035095	0.10166773200035095	22	generated_token_20
e_d_high_impact_only	14	17388	1	0.08620651066303253	0.08620651066303253	22	generated_token_4
e_d_high_impact_only	14	18148	1	0.1325453668832779	0.1325453668832779	22	final_prompt_token
e_d_high_impact_only	14	22870	1	0.09394264221191406	0.09394264221191406	22	generated_token_5
e_d_high_impact_only	14	2176	1	0.13233879208564758	0.13233879208564758	23	final_prompt_token
e_d_high_impact_only	14	8121	1	0.13577045500278473	0.13577045500278473	23	generated_token_1
e_d_high_impact_only	14	16421	1	0.1055932492017746	0.1055932492017746	23	generated_token_3
e_d_high_impact_only	14	19045	1	0.16172781586647034	0.16172781586647034	23	generated_token_10
e_d_high_impact_only	14	9176	1	0.08147793263196945	0.08147793263196945	24	generated_token_4
e_d_high_impact_only	14	14679	1	0.13233435153961182	0.13233435153961182	24	final_prompt_token
e_d_high_impact_only	14	25224	1	0.10280349105596542	0.10280349105596542	24	generated_token_3
e_d_high_impact_only	14	29610	1	0.09118989109992981	0.09118989109992981	24	generated_token_5
e_d_high_impact_only	14	32427	1	0.09770268201828003	0.09770268201828003	24	generated_token_20
e_d_high_impact_only	14	2804	1	0.10227535665035248	0.10227535665035248	25	generated_token_3
e_d_high_impact_only	14	3468	1	0.11012311279773712	0.11012311279773712	25	generated_token_2
e_d_high_impact_only	14	10146	1	0.13169950246810913	0.13169950246810913	25	final_prompt_token
e_d_high_impact_only	14	11903	1	0.0802215114235878	0.0802215114235878	25	generated_token_4
e_d_high_impact_only	14	23320	1	0.09590797126293182	0.09590797126293182	25	generated_token_20
e_d_high_impact_only	14	30494	1	0.1438812017440796	0.1438812017440796	25	generated_token_10
e_d_high_impact_only	14	3034	1	0.0779588595032692	0.0779588595032692	26	generated_token_4
e_d_high_impact_only	14	4880	1	0.126883402466774	0.126883402466774	26	final_prompt_token
e_d_high_impact_only	14	5238	1	0.14286404848098755	0.14286404848098755	26	generated_token_10
e_d_high_impact_only	14	6318	1	0.08902430534362793	0.08902430534362793	26	generated_token_5
e_d_high_impact_only	14	30569	1	0.09529026597738266	0.09529026597738266	26	generated_token_20
e_d_high_impact_only	14	1030	1	0.1043233871459961	0.1043233871459961	27	generated_token_2
e_d_high_impact_only	14	12399	1	0.1426103413105011	0.1426103413105011	27	generated_token_10
e_d_high_impact_only	14	13203	1	0.1008768305182457	0.1008768305182457	27	generated_token_3
e_d_high_impact_only	14	18609	1	0.12622494995594025	0.12622494995594025	27	final_prompt_token
e_d_high_impact_only	14	32207	1	0.12456224113702774	0.12456224113702774	27	generated_token_1
e_d_high_impact_only	14	13755	1	0.0997166633605957	0.0997166633605957	28	generated_token_3
e_d_high_impact_only	14	16382	1	0.1248648390173912	0.1248648390173912	28	final_prompt_token
e_d_high_impact_only	14	19743	1	0.13660268485546112	0.13660268485546112	28	generated_token_10
e_d_high_impact_only	14	29174	1	0.09028597176074982	0.09028597176074982	28	generated_token_20
e_d_high_impact_only	14	9704	1	0.13564354181289673	0.13564354181289673	29	generated_token_10
e_d_high_impact_only	14	10804	1	0.1190006285905838	0.1190006285905838	29	generated_token_1
e_d_high_impact_only	14	14932	1	0.12228099256753922	0.12228099256753922	29	final_prompt_token
e_d_high_impact_only	14	30678	1	0.08832718431949615	0.08832718431949615	29	generated_token_20
e_d_high_impact_only	14	12257	1	0.1212431937456131	0.1212431937456131	30	final_prompt_token
e_d_high_impact_only	14	17710	1	0.13401854038238525	0.13401854038238525	30	generated_token_10
e_d_high_impact_only	14	22423	1	0.08562195301055908	0.08562195301055908	30	generated_token_5
e_d_high_impact_only	14	24937	1	0.08709331601858139	0.08709331601858139	30	generated_token_20
e_d_high_impact_only	14	9864	1	0.06609991192817688	0.06609991192817688	31	generated_token_4
e_d_high_impact_only	14	23166	1	0.08325409889221191	0.08325409889221191	31	generated_token_5
e_d_high_impact_only	14	30334	1	0.09039055556058884	0.09039055556058884	31	generated_token_2
e_d_high_impact_only	14	32088	1	0.11967187374830246	0.11967187374830246	31	final_prompt_token
e_d_high_impact_only	14	7801	1	0.065409354865551	0.065409354865551	32	generated_token_4
e_d_high_impact_only	14	13119	1	0.08259383589029312	0.08259383589029312	32	generated_token_5
e_d_high_impact_only	14	16136	1	0.08714644610881805	0.08714644610881805	32	generated_token_2
e_d_high_impact_only	14	20414	1	0.08602946996688843	0.08602946996688843	32	generated_token_20
e_d_high_impact_only	14	3455	1	0.08700036257505417	0.08700036257505417	33	generated_token_2
e_d_high_impact_only	14	29626	1	0.08210410177707672	0.08210410177707672	33	generated_token_5
e_d_high_impact_only	14	30975	1	0.08373753726482391	0.08373753726482391	33	generated_token_20
e_d_high_impact_only	14	2699	1	0.09309445321559906	0.09309445321559906	34	generated_token_3
e_d_high_impact_only	14	8684	1	0.08655231446027756	0.08655231446027756	34	generated_token_2
e_d_high_impact_only	14	11464	1	0.11321009695529938	0.11321009695529938	34	final_prompt_token
e_d_high_impact_only	14	15173	1	0.08049766719341278	0.08049766719341278	34	generated_token_5
e_d_high_impact_only	14	15726	1	0.10425958782434464	0.10425958782434464	34	generated_token_1
e_d_high_impact_only	14	19054	1	0.08063986152410507	0.08063986152410507	34	generated_token_20
e_d_high_impact_only	14	21061	1	0.07857406884431839	0.07857406884431839	35	generated_token_5
e_d_high_impact_only	14	22053	1	0.08589918911457062	0.08589918911457062	35	generated_token_2
e_d_high_impact_only	14	24339	1	0.1190294623374939	0.1190294623374939	35	generated_token_10
e_d_high_impact_only	14	4785	1	0.11826923489570618	0.11826923489570618	36	generated_token_10
e_d_high_impact_only	14	8553	1	0.089902862906456	0.089902862906456	36	generated_token_3
e_d_high_impact_only	14	16897	1	0.11150375008583069	0.11150375008583069	36	final_prompt_token
e_d_high_impact_only	14	18081	1	0.08365856111049652	0.08365856111049652	36	generated_token_2
e_d_high_impact_only	14	31569	1	0.07651352137327194	0.07651352137327194	36	generated_token_5
e_d_high_impact_only	14	4612	1	0.08870473504066467	0.08870473504066467	37	generated_token_3
e_d_high_impact_only	14	6039	1	0.08234560489654541	0.08234560489654541	37	generated_token_2
e_d_high_impact_only	14	12884	1	0.07852358371019363	0.07852358371019363	37	generated_token_20
e_d_high_impact_only	14	14360	1	0.07532419264316559	0.07532419264316559	37	generated_token_5
e_d_high_impact_only	14	27895	1	0.1179194226861	0.1179194226861	37	generated_token_10
e_d_high_impact_only	14	32358	1	0.10966616123914719	0.10966616123914719	37	final_prompt_token
e_d_high_impact_only	14	32680	1	0.05916294455528259	0.05916294455528259	37	generated_token_4
e_d_high_impact_only	14	2250	1	0.05851324275135994	0.05851324275135994	38	generated_token_4
e_d_high_impact_only	14	5066	1	0.07696152478456497	0.07696152478456497	38	generated_token_20
e_d_high_impact_only	14	12462	1	0.10076060891151428	0.10076060891151428	38	generated_token_1
e_d_high_impact_only	14	18663	1	0.07464002817869186	0.07464002817869186	38	generated_token_5
e_d_high_impact_only	14	31458	1	0.11778616905212402	0.11778616905212402	38	generated_token_10
e_d_high_impact_only	14	138	1	0.0732542872428894	0.0732542872428894	39	generated_token_5
e_d_high_impact_only	14	4850	1	0.11685767024755478	0.11685767024755478	39	generated_token_10
e_d_high_impact_only	14	14487	1	0.1087244525551796	0.1087244525551796	39	final_prompt_token
e_d_high_impact_only	14	15821	1	0.10019036382436752	0.10019036382436752	39	generated_token_1
e_d_high_impact_only	14	22125	1	0.0762145072221756	0.0762145072221756	39	generated_token_20
e_d_high_impact_only	14	3565	1	0.08080632239580154	0.08080632239580154	40	generated_token_2
e_d_high_impact_only	14	11127	1	0.0714331716299057	0.0714331716299057	40	generated_token_5
e_d_high_impact_only	14	16090	1	0.11592292785644531	0.11592292785644531	40	generated_token_10
e_d_high_impact_only	14	16146	1	0.09975765645503998	0.09975765645503998	40	generated_token_1
e_d_high_impact_only	14	16803	1	0.05633634701371193	0.05633634701371193	40	generated_token_4
e_d_high_impact_only	14	24142	1	0.07436680793762207	0.07436680793762207	40	generated_token_20
e_d_high_impact_only	14	27232	1	0.10766429454088211	0.10766429454088211	40	final_prompt_token
e_d_high_impact_only	14	11726	1	0.09678518772125244	0.09678518772125244	41	generated_token_1
e_d_high_impact_only	14	18280	1	0.05613076686859131	0.05613076686859131	41	generated_token_4
e_d_high_impact_only	14	18337	1	0.07333582639694214	0.07333582639694214	41	generated_token_20
e_d_high_impact_only	14	20681	1	0.0706176608800888	0.0706176608800888	41	generated_token_5
e_d_high_impact_only	14	27093	1	0.08550198376178741	0.08550198376178741	41	generated_token_3
e_d_high_impact_only	14	29957	1	0.10701994597911835	0.10701994597911835	41	final_prompt_token
e_d_high_impact_only	14	31479	1	0.11339275538921356	0.11339275538921356	41	generated_token_10
e_d_high_impact_only	14	12	1	0.11077374219894409	0.11077374219894409	42	generated_token_10
e_d_high_impact_only	14	1162	1	0.07041259855031967	0.07041259855031967	42	generated_token_5
e_d_high_impact_only	14	2426	1	0.054928701370954514	0.054928701370954514	42	generated_token_4
e_d_high_impact_only	14	14490	1	0.08449701964855194	0.08449701964855194	42	generated_token_3
e_d_high_impact_only	14	17816	1	0.07898017764091492	0.07898017764091492	42	generated_token_2
e_d_high_impact_only	14	22662	1	0.07193338871002197	0.07193338871002197	42	generated_token_20
e_d_high_impact_only	14	25704	1	0.10643469542264938	0.10643469542264938	42	final_prompt_token
e_d_high_impact_only	14	5334	1	0.0695670023560524	0.0695670023560524	43	generated_token_5
e_d_high_impact_only	14	10138	1	0.10310948640108109	0.10310948640108109	43	final_prompt_token
e_d_high_impact_only	14	10626	1	0.07114271819591522	0.07114271819591522	43	generated_token_20
e_d_high_impact_only	14	13148	1	0.0530824214220047	0.0530824214220047	43	generated_token_4
e_d_high_impact_only	14	19802	1	0.08313912898302078	0.08313912898302078	43	generated_token_3
e_d_high_impact_only	14	9931	1	0.052203111350536346	0.052203111350536346	44	generated_token_4
e_d_high_impact_only	14	12662	1	0.10236474126577377	0.10236474126577377	44	generated_token_10
e_d_high_impact_only	14	13665	1	0.07102854549884796	0.07102854549884796	44	generated_token_20
e_d_high_impact_only	14	18690	1	0.07613877952098846	0.07613877952098846	44	generated_token_2
e_d_high_impact_only	14	20557	1	0.10141889750957489	0.10141889750957489	44	final_prompt_token
e_d_high_impact_only	14	22305	1	0.095873162150383	0.095873162150383	44	generated_token_1
e_d_high_impact_only	14	29285	1	0.06748834252357483	0.06748834252357483	44	generated_token_5
e_d_high_impact_only	14	6779	1	0.05121639743447304	0.05121639743447304	45	generated_token_4
e_d_high_impact_only	14	7240	1	0.0707627534866333	0.0707627534866333	45	generated_token_20
e_d_high_impact_only	14	17980	1	0.06604630500078201	0.06604630500078201	45	generated_token_5
e_d_high_impact_only	14	22611	1	0.10210882127285004	0.10210882127285004	45	generated_token_10
e_d_high_impact_only	14	27441	1	0.07486657053232193	0.07486657053232193	45	generated_token_2
e_d_high_impact_only	14	6397	1	0.07473250478506088	0.07473250478506088	46	generated_token_2
e_d_high_impact_only	14	17990	1	0.050217196345329285	0.050217196345329285	46	generated_token_4
e_d_high_impact_only	14	22960	1	0.07055304944515228	0.07055304944515228	46	generated_token_20
e_d_high_impact_only	14	32179	1	0.07943868637084961	0.07943868637084961	46	generated_token_3
e_d_high_impact_only	14	32537	1	0.1005108654499054	0.1005108654499054	46	final_prompt_token
e_d_high_impact_only	14	5106	1	0.07042652368545532	0.07042652368545532	47	generated_token_20
e_d_high_impact_only	14	9210	1	0.1000979095697403	0.1000979095697403	47	final_prompt_token
e_d_high_impact_only	14	27949	1	0.07472074776887894	0.07472074776887894	47	generated_token_2
e_d_high_impact_only	14	32577	1	0.04947028309106827	0.04947028309106827	47	generated_token_4
e_d_high_impact_only	14	1281	1	0.09369295090436935	0.09369295090436935	48	generated_token_10
e_d_high_impact_only	14	2188	1	0.06994795799255371	0.06994795799255371	48	generated_token_20
e_d_high_impact_only	14	2787	1	0.046749554574489594	0.046749554574489594	48	generated_token_4
e_d_high_impact_only	14	14483	1	0.06324607133865356	0.06324607133865356	48	generated_token_5
e_d_high_impact_only	14	16325	1	0.10001697391271591	0.10001697391271591	48	final_prompt_token
e_d_high_impact_only	14	27500	1	0.09213162958621979	0.09213162958621979	48	generated_token_1
e_d_high_impact_only	14	1395	1	0.09206448495388031	0.09206448495388031	49	generated_token_10
e_d_high_impact_only	14	2626	1	0.07315713167190552	0.07315713167190552	49	generated_token_2
e_d_high_impact_only	14	15113	1	0.10000249743461609	0.10000249743461609	49	final_prompt_token
e_d_high_impact_only	14	21970	1	0.04598694294691086	0.04598694294691086	49	generated_token_4
e_d_high_impact_only	14	24708	1	0.0631871446967125	0.0631871446967125	49	generated_token_5
e_d_high_impact_only	14	29619	1	0.08691335469484329	0.08691335469484329	49	generated_token_1
e_d_high_impact_only	14	13803	1	0.06305964291095734	0.06305964291095734	50	generated_token_5
e_d_high_impact_only	14	16559	1	0.07392016053199768	0.07392016053199768	50	generated_token_3
e_d_high_impact_only	14	17067	1	0.08588432520627975	0.08588432520627975	50	generated_token_1
e_d_high_impact_only	14	21303	1	0.09984013438224792	0.09984013438224792	50	final_prompt_token
e_d_high_impact_only	14	23672	1	0.09043163806200027	0.09043163806200027	50	generated_token_10
e_d_high_impact_only	14	29286	1	0.04449374973773956	0.04449374973773956	50	generated_token_4
e_d_high_impact_only	14	30375	1	0.0722203254699707	0.0722203254699707	50	generated_token_2
e_d_high_impact_only	26	2938	7	1.8213506426130022	3.064391613006592	1	final_prompt_token,generated_token_1,generated_token_2,generated_token_20,generated_token_3,generated_token_4,generated_token_5
e_d_high_impact_only	26	7982	7	0.305637246796063	0.5627537369728088	3	final_prompt_token,generated_token_1,generated_token_10,generated_token_20,generated_token_3,generated_token_4,generated_token_5
e_d_high_impact_only	26	18403	7	0.1988456674984523	0.28112906217575073	13	generated_token_1,generated_token_10,generated_token_2,generated_token_20,generated_token_3,generated_token_4,generated_token_5
e_d_high_impact_only	26	31664	6	0.2451895202199618	0.34755581617355347	9	final_prompt_token,generated_token_1,generated_token_10,generated_token_2,generated_token_3,generated_token_4
e_d_high_impact_only	26	7448	5	0.18238573968410493	0.24353668093681335	12	generated_token_1,generated_token_10,generated_token_2,generated_token_4,generated_token_5
e_d_high_impact_only	26	2977	5	0.15046911239624022	0.19685812294483185	19	generated_token_1,generated_token_2,generated_token_20,generated_token_3,generated_token_4
e_d_high_impact_only	26	15349	4	0.3137628920376301	0.66588294506073	3	generated_token_1,generated_token_2,generated_token_3,generated_token_4
e_d_high_impact_only	26	30911	4	0.3297736383974552	0.6831580400466919	3	generated_token_10,generated_token_2,generated_token_20,generated_token_5
e_d_high_impact_only	26	32152	4	0.21781614050269127	0.33010929822921753	9	generated_token_1,generated_token_2,generated_token_3,generated_token_4
e_d_high_impact_only	26	2753	3	0.326560082534949	0.6728382110595703	3	generated_token_1,generated_token_2,generated_token_3
e_d_high_impact_only	26	7895	3	0.28282907605171204	0.6097311973571777	4	generated_token_1,generated_token_2,generated_token_3
e_d_high_impact_only	26	24672	3	0.2222311794757843	0.370749294757843	6	generated_token_2,generated_token_3,generated_token_4
e_d_high_impact_only	26	5584	3	0.16644483307997385	0.26387089490890503	16	generated_token_20,generated_token_4,generated_token_5
e_d_high_impact_only	26	22815	3	0.16887113451957703	0.22029322385787964	20	generated_token_1,generated_token_3,generated_token_5
e_d_high_impact_only	26	26216	3	0.1702867498000463	0.21169966459274292	29	generated_token_10,generated_token_4,generated_token_5
e_d_high_impact_only	26	16460	3	0.10332778841257095	0.12665590643882751	42	generated_token_1,generated_token_3,generated_token_4
e_d_high_impact_only	26	19389	2	0.35453057289123535	0.5654916763305664	3	final_prompt_token,generated_token_1
e_d_high_impact_only	26	23814	2	0.43292682990431786	0.7569386959075928	3	generated_token_2,generated_token_4
e_d_high_impact_only	26	8659	2	0.3696398437023163	0.3879042863845825	4	generated_token_3,generated_token_5
e_d_high_impact_only	26	4596	2	0.3590633049607277	0.6397439241409302	5	generated_token_2,generated_token_4
e_d_high_impact_only	26	23123	2	0.32843344658613205	0.5538208484649658	5	generated_token_1,generated_token_3
e_d_high_impact_only	26	24419	2	0.27354198694229126	0.3532686233520508	7	generated_token_2,generated_token_4
e_d_high_impact_only	26	26551	2	0.22393792495131493	0.33934447169303894	8	generated_token_3,generated_token_4
e_d_high_impact_only	26	7163	2	0.21524066478013992	0.2602025866508484	11	generated_token_1,generated_token_3
e_d_high_impact_only	26	12495	2	0.19714944064617157	0.23902477324008942	11	generated_token_10,generated_token_4
e_d_high_impact_only	26	12676	2	0.1540883220732212	0.19997653365135193	12	generated_token_2,generated_token_4
e_d_high_impact_only	26	6445	2	0.24979352951049805	0.27833375334739685	13	generated_token_10,generated_token_5
e_d_high_impact_only	26	27281	2	0.22090955078601837	0.23856844007968903	13	generated_token_1,generated_token_3
e_d_high_impact_only	26	13404	2	0.1705326959490776	0.18766364455223083	14	generated_token_10,generated_token_4
e_d_high_impact_only	26	27229	2	0.17823471128940582	0.27757829427719116	14	generated_token_4,generated_token_5
e_d_high_impact_only	26	32595	2	0.2166093811392784	0.3132978081703186	14	generated_token_10,generated_token_4
e_d_high_impact_only	26	4795	2	0.19786763191223145	0.22437603771686554	17	final_prompt_token,generated_token_1
e_d_high_impact_only	26	18357	2	0.24133069813251495	0.2773817479610443	17	generated_token_10,generated_token_20
e_d_high_impact_only	26	19094	2	0.17036839574575424	0.18478326499462128	17	generated_token_20,generated_token_4
e_d_high_impact_only	26	24999	2	0.18588068336248398	0.2608662247657776	17	generated_token_3,generated_token_5
e_d_high_impact_only	26	11456	2	0.21472690999507904	0.2596459686756134	18	generated_token_20,generated_token_5
e_d_high_impact_only	26	16793	2	0.12856769189238548	0.13251778483390808	20	generated_token_3,generated_token_4
e_d_high_impact_only	26	22266	2	0.18479295074939728	0.23772698640823364	21	final_prompt_token,generated_token_1
e_d_high_impact_only	26	4891	2	0.13791653513908386	0.19391877949237823	22	generated_token_1,generated_token_2
e_d_high_impact_only	26	7625	2	0.15171533077955246	0.15281148254871368	23	generated_token_1,generated_token_3
e_d_high_impact_only	26	19668	2	0.22093303501605988	0.22255298495292664	24	generated_token_10,generated_token_5
e_d_high_impact_only	26	21539	2	0.12087882310152054	0.12831324338912964	26	generated_token_1,generated_token_2
e_d_high_impact_only	26	8915	2	0.15353074297308922	0.22534877061843872	28	final_prompt_token,generated_token_2
e_d_high_impact_only	26	12143	2	0.1440797671675682	0.2112395465373993	28	generated_token_10,generated_token_2
e_d_high_impact_only	26	17869	2	0.16710279881954193	0.20388761162757874	28	final_prompt_token,generated_token_3
e_d_high_impact_only	26	10803	2	0.18837884813547134	0.19285736978054047	30	generated_token_10,generated_token_20
e_d_high_impact_only	26	22102	2	0.1847621276974678	0.19344793260097504	33	generated_token_10,generated_token_20
e_d_high_impact_only	26	10709	2	0.13285789638757706	0.15534761548042297	34	generated_token_1,generated_token_3
e_d_high_impact_only	26	8891	2	0.14478032290935516	0.1888580471277237	35	generated_token_3,generated_token_5
e_d_high_impact_only	26	23140	2	0.1194535344839096	0.12439163774251938	35	generated_token_1,generated_token_3
e_d_high_impact_only	26	1150	1	0.6620730757713318	0.6620730757713318	1	generated_token_5
e_d_high_impact_only	26	7468	1	0.9665080904960632	0.9665080904960632	1	generated_token_10
e_d_high_impact_only	26	31838	1	1.130790114402771	1.130790114402771	1	generated_token_20
e_d_high_impact_only	26	7809	1	0.8948895931243896	0.8948895931243896	2	generated_token_10
e_d_high_impact_only	26	13731	1	1.298469066619873	1.298469066619873	2	generated_token_2
e_d_high_impact_only	26	14816	1	0.9823945164680481	0.9823945164680481	2	generated_token_3
e_d_high_impact_only	26	16131	1	1.0446369647979736	1.0446369647979736	2	generated_token_1
e_d_high_impact_only	26	18937	1	0.8683637380599976	0.8683637380599976	2	final_prompt_token
e_d_high_impact_only	26	22341	1	0.5290486812591553	0.5290486812591553	2	generated_token_5
e_d_high_impact_only	26	23534	1	0.671291172504425	0.671291172504425	2	generated_token_20
e_d_high_impact_only	26	32141	1	1.9341665506362915	1.9341665506362915	2	generated_token_4
e_d_high_impact_only	26	14999	1	0.7709413766860962	0.7709413766860962	3	generated_token_4
e_d_high_impact_only	26	27529	1	0.4462372660636902	0.4462372660636902	3	generated_token_5
e_d_high_impact_only	26	10500	1	0.581839919090271	0.581839919090271	4	generated_token_1
e_d_high_impact_only	26	17308	1	0.6589464545249939	0.6589464545249939	4	generated_token_10
e_d_high_impact_only	26	20337	1	0.44505396485328674	0.44505396485328674	4	generated_token_20
e_d_high_impact_only	26	27676	1	0.6658527255058289	0.6658527255058289	4	generated_token_4
e_d_high_impact_only	26	28701	1	0.5468930006027222	0.5468930006027222	4	generated_token_2
e_d_high_impact_only	26	28713	1	0.5346501469612122	0.5346501469612122	4	final_prompt_token
e_d_high_impact_only	26	11256	1	0.41417068243026733	0.41417068243026733	5	final_prompt_token
e_d_high_impact_only	26	24339	1	0.34855836629867554	0.34855836629867554	5	generated_token_5
e_d_high_impact_only	26	25362	1	0.5208034515380859	0.5208034515380859	5	generated_token_2
e_d_high_impact_only	26	25366	1	0.457366406917572	0.457366406917572	5	generated_token_3
e_d_high_impact_only	26	5257	1	0.4034520089626312	0.4034520089626312	6	final_prompt_token
e_d_high_impact_only	26	16583	1	0.37878185510635376	0.37878185510635376	6	generated_token_1
e_d_high_impact_only	26	17641	1	0.5244790315628052	0.5244790315628052	6	generated_token_10
e_d_high_impact_only	26	19600	1	0.5168439745903015	0.5168439745903015	6	generated_token_2
e_d_high_impact_only	26	23905	1	0.34358859062194824	0.34358859062194824	6	generated_token_20
e_d_high_impact_only	26	29519	1	0.43281733989715576	0.43281733989715576	6	generated_token_4
e_d_high_impact_only	26	32590	1	0.33444270491600037	0.33444270491600037	6	generated_token_5
e_d_high_impact_only	26	1500	1	0.4969271421432495	0.4969271421432495	7	generated_token_10
e_d_high_impact_only	26	4092	1	0.3303523361682892	0.3303523361682892	7	generated_token_5
e_d_high_impact_only	26	6307	1	0.3202332854270935	0.3202332854270935	7	generated_token_20
e_d_high_impact_only	26	11249	1	0.3785509765148163	0.3785509765148163	7	generated_token_1
e_d_high_impact_only	26	21387	1	0.4911930561065674	0.4911930561065674	7	generated_token_2
e_d_high_impact_only	26	31073	1	0.4022044539451599	0.4022044539451599	7	final_prompt_token
e_d_high_impact_only	26	2344	1	0.47237423062324524	0.47237423062324524	8	generated_token_10
e_d_high_impact_only	26	3568	1	0.3419003486633301	0.3419003486633301	8	generated_token_4
e_d_high_impact_only	26	4811	1	0.3047344982624054	0.3047344982624054	8	generated_token_1
e_d_high_impact_only	26	11673	1	0.2869685888290405	0.2869685888290405	8	generated_token_20
e_d_high_impact_only	26	18198	1	0.3384079933166504	0.3384079933166504	8	final_prompt_token
e_d_high_impact_only	26	31776	1	0.43084242939949036	0.43084242939949036	8	generated_token_2
e_d_high_impact_only	26	1626	1	0.3292503356933594	0.3292503356933594	9	final_prompt_token
e_d_high_impact_only	26	5892	1	0.2983566224575043	0.2983566224575043	9	generated_token_1
e_d_high_impact_only	26	13788	1	0.27767497301101685	0.27767497301101685	9	generated_token_20
e_d_high_impact_only	26	23348	1	0.38200050592422485	0.38200050592422485	9	generated_token_10
e_d_high_impact_only	26	25443	1	0.3999524712562561	0.3999524712562561	9	generated_token_2
e_d_high_impact_only	26	271	1	0.26167356967926025	0.26167356967926025	10	generated_token_20
e_d_high_impact_only	26	724	1	0.29074957966804504	0.29074957966804504	10	generated_token_3
e_d_high_impact_only	26	3751	1	0.39661693572998047	0.39661693572998047	10	generated_token_2
e_d_high_impact_only	26	6021	1	0.3119056224822998	0.3119056224822998	10	final_prompt_token
e_d_high_impact_only	26	7930	1	0.3048460781574249	0.3048460781574249	10	generated_token_4
e_d_high_impact_only	26	14082	1	0.31657493114471436	0.31657493114471436	10	generated_token_5
e_d_high_impact_only	26	20258	1	0.3784913718700409	0.3784913718700409	10	generated_token_10
e_d_high_impact_only	26	11372	1	0.3652578592300415	0.3652578592300415	11	generated_token_10
e_d_high_impact_only	26	24036	1	0.2340700626373291	0.2340700626373291	11	generated_token_20
e_d_high_impact_only	26	26056	1	0.30793291330337524	0.30793291330337524	11	final_prompt_token
e_d_high_impact_only	26	29896	1	0.27405041456222534	0.27405041456222534	11	generated_token_1
e_d_high_impact_only	26	9340	1	0.29893338680267334	0.29893338680267334	12	generated_token_5
e_d_high_impact_only	26	17394	1	0.30273252725601196	0.30273252725601196	12	final_prompt_token
e_d_high_impact_only	26	18454	1	0.2735930383205414	0.2735930383205414	12	generated_token_1
e_d_high_impact_only	26	19929	1	0.2320673018693924	0.2320673018693924	12	generated_token_20
e_d_high_impact_only	26	4078	1	0.2249358892440796	0.2249358892440796	13	generated_token_20
e_d_high_impact_only	26	6194	1	0.28239792585372925	0.28239792585372925	13	final_prompt_token
e_d_high_impact_only	26	12218	1	0.3169320821762085	0.3169320821762085	13	generated_token_10
e_d_high_impact_only	26	14620	1	0.20817872881889343	0.20817872881889343	14	generated_token_2
e_d_high_impact_only	26	19033	1	0.21990633010864258	0.21990633010864258	14	generated_token_20
e_d_high_impact_only	26	22078	1	0.26703697443008423	0.26703697443008423	14	final_prompt_token
e_d_high_impact_only	26	30722	1	0.23783420026302338	0.23783420026302338	14	generated_token_1
e_d_high_impact_only	26	3532	1	0.26581069827079773	0.26581069827079773	15	final_prompt_token
e_d_high_impact_only	26	9189	1	0.20669804513454437	0.20669804513454437	15	generated_token_2
e_d_high_impact_only	26	9991	1	0.2183559238910675	0.2183559238910675	15	generated_token_20
e_d_high_impact_only	26	17671	1	0.2706787884235382	0.2706787884235382	15	generated_token_5
e_d_high_impact_only	26	17893	1	0.300118088722229	0.300118088722229	15	generated_token_10
e_d_high_impact_only	26	18009	1	0.2284562736749649	0.2284562736749649	15	generated_token_1
e_d_high_impact_only	26	16475	1	0.2530788779258728	0.2530788779258728	16	final_prompt_token
e_d_high_impact_only	26	20610	1	0.2050875872373581	0.2050875872373581	16	generated_token_2
e_d_high_impact_only	26	27423	1	0.22529524564743042	0.22529524564743042	16	generated_token_1
e_d_high_impact_only	26	29246	1	0.21488377451896667	0.21488377451896667	16	generated_token_20
e_d_high_impact_only	26	5191	1	0.21385416388511658	0.21385416388511658	17	generated_token_20
e_d_high_impact_only	26	19726	1	0.17773768305778503	0.17773768305778503	17	generated_token_3
e_d_high_impact_only	26	21478	1	0.24740923941135406	0.24740923941135406	17	final_prompt_token
e_d_high_impact_only	26	15555	1	0.20170770585536957	0.20170770585536957	18	generated_token_2
e_d_high_impact_only	26	18224	1	0.20860014855861664	0.20860014855861664	18	generated_token_1
e_d_high_impact_only	26	24493	1	0.21291667222976685	0.21291667222976685	18	generated_token_20
e_d_high_impact_only	26	25539	1	0.26802560687065125	0.26802560687065125	18	generated_token_10
e_d_high_impact_only	26	25658	1	0.16929715871810913	0.16929715871810913	18	generated_token_3
e_d_high_impact_only	26	32698	1	0.24722951650619507	0.24722951650619507	18	final_prompt_token
e_d_high_impact_only	26	5282	1	0.2581809163093567	0.2581809163093567	19	generated_token_5
e_d_high_impact_only	26	5566	1	0.2613658010959625	0.2613658010959625	19	generated_token_10
e_d_high_impact_only	26	21517	1	0.24473229050636292	0.24473229050636292	19	final_prompt_token
e_d_high_impact_only	26	8882	1	0.24376197159290314	0.24376197159290314	20	final_prompt_token
e_d_high_impact_only	26	11171	1	0.2372545599937439	0.2372545599937439	20	generated_token_10
e_d_high_impact_only	26	18163	1	0.20490773022174835	0.20490773022174835	20	generated_token_20
e_d_high_impact_only	26	20114	1	0.18956691026687622	0.18956691026687622	20	generated_token_2
e_d_high_impact_only	26	22477	1	0.1961919665336609	0.1961919665336609	20	generated_token_1
e_d_high_impact_only	26	30783	1	0.25197356939315796	0.25197356939315796	20	generated_token_5
e_d_high_impact_only	26	2297	1	0.24569611251354218	0.24569611251354218	21	generated_token_5
e_d_high_impact_only	26	5320	1	0.15370924770832062	0.15370924770832062	21	generated_token_3
e_d_high_impact_only	26	18571	1	0.12229198962450027	0.12229198962450027	21	generated_token_4
e_d_high_impact_only	26	21153	1	0.17213992774486542	0.17213992774486542	21	generated_token_2
e_d_high_impact_only	26	30871	1	0.20324471592903137	0.20324471592903137	21	generated_token_20
e_d_high_impact_only	26	31318	1	0.22983288764953613	0.22983288764953613	21	generated_token_10
e_d_high_impact_only	26	478	1	0.24444037675857544	0.24444037675857544	22	generated_token_5
e_d_high_impact_only	26	4204	1	0.23710644245147705	0.23710644245147705	22	final_prompt_token
e_d_high_impact_only	26	15424	1	0.15328796207904816	0.15328796207904816	22	generated_token_3
e_d_high_impact_only	26	20279	1	0.2013603001832962	0.2013603001832962	22	generated_token_20
e_d_high_impact_only	26	25703	1	0.12094303220510483	0.12094303220510483	22	generated_token_4
e_d_high_impact_only	26	26209	1	0.2248384803533554	0.2248384803533554	22	generated_token_10
e_d_high_impact_only	26	7238	1	0.23476329445838928	0.23476329445838928	23	final_prompt_token
e_d_high_impact_only	26	14057	1	0.18515223264694214	0.18515223264694214	23	generated_token_1
e_d_high_impact_only	26	15588	1	0.20082908868789673	0.20082908868789673	23	generated_token_20
e_d_high_impact_only	26	17113	1	0.2301417589187622	0.2301417589187622	23	generated_token_5
e_d_high_impact_only	26	19914	1	0.15820461511611938	0.15820461511611938	23	generated_token_2
e_d_high_impact_only	26	6429	1	0.23298847675323486	0.23298847675323486	24	final_prompt_token
e_d_high_impact_only	26	22786	1	0.182871013879776	0.182871013879776	24	generated_token_1
e_d_high_impact_only	26	24773	1	0.15252654254436493	0.15252654254436493	24	generated_token_3
e_d_high_impact_only	26	26065	1	0.11677685379981995	0.11677685379981995	24	generated_token_4
e_d_high_impact_only	26	8064	1	0.10976995527744293	0.10976995527744293	25	generated_token_4
e_d_high_impact_only	26	9877	1	0.1508777141571045	0.1508777141571045	25	generated_token_3
e_d_high_impact_only	26	16157	1	0.14792585372924805	0.14792585372924805	25	generated_token_2
e_d_high_impact_only	26	23876	1	0.19557228684425354	0.19557228684425354	25	generated_token_20
e_d_high_impact_only	26	24969	1	0.21572308242321014	0.21572308242321014	25	generated_token_10
e_d_high_impact_only	26	30033	1	0.22975440323352814	0.22975440323352814	25	final_prompt_token
e_d_high_impact_only	26	12300	1	0.21328681707382202	0.21328681707382202	26	generated_token_10
e_d_high_impact_only	26	14645	1	0.13709820806980133	0.13709820806980133	26	generated_token_3
e_d_high_impact_only	26	25721	1	0.22757437825202942	0.22757437825202942	26	final_prompt_token
e_d_high_impact_only	26	26153	1	0.19438263773918152	0.19438263773918152	26	generated_token_20
e_d_high_impact_only	26	30548	1	0.17352944612503052	0.17352944612503052	26	generated_token_1
e_d_high_impact_only	26	4494	1	0.17335063219070435	0.17335063219070435	27	generated_token_1
e_d_high_impact_only	26	12323	1	0.22651618719100952	0.22651618719100952	27	final_prompt_token
e_d_high_impact_only	26	15010	1	0.1877020299434662	0.1877020299434662	27	generated_token_20
e_d_high_impact_only	26	17766	1	0.21759134531021118	0.21759134531021118	27	generated_token_5
e_d_high_impact_only	26	21982	1	0.2128000259399414	0.2128000259399414	27	generated_token_10
e_d_high_impact_only	26	16328	1	0.2148837447166443	0.2148837447166443	28	generated_token_5
e_d_high_impact_only	26	10350	1	0.10473884642124176	0.10473884642124176	29	generated_token_4
e_d_high_impact_only	26	16058	1	0.10973581671714783	0.10973581671714783	29	generated_token_2
e_d_high_impact_only	26	18870	1	0.1298930048942566	0.1298930048942566	29	generated_token_3
e_d_high_impact_only	26	28542	1	0.2198464274406433	0.2198464274406433	29	final_prompt_token
e_d_high_impact_only	26	670	1	0.20604753494262695	0.20604753494262695	30	generated_token_10
e_d_high_impact_only	26	4654	1	0.1293494552373886	0.1293494552373886	30	generated_token_3
e_d_high_impact_only	26	6149	1	0.16197560727596283	0.16197560727596283	30	generated_token_1
e_d_high_impact_only	26	15078	1	0.21846912801265717	0.21846912801265717	30	final_prompt_token
e_d_high_impact_only	26	25800	1	0.19821453094482422	0.19821453094482422	30	generated_token_5
e_d_high_impact_only	26	27738	1	0.1033645048737526	0.1033645048737526	30	generated_token_4
e_d_high_impact_only	26	6177	1	0.1928555965423584	0.1928555965423584	31	generated_token_5
e_d_high_impact_only	26	13740	1	0.10135317593812943	0.10135317593812943	31	generated_token_4
e_d_high_impact_only	26	15741	1	0.18364651501178741	0.18364651501178741	31	generated_token_20
e_d_high_impact_only	26	19752	1	0.21783320605754852	0.21783320605754852	31	final_prompt_token
e_d_high_impact_only	26	20152	1	0.16122666001319885	0.16122666001319885	31	generated_token_1
e_d_high_impact_only	26	27962	1	0.12714460492134094	0.12714460492134094	31	generated_token_3
e_d_high_impact_only	26	2604	1	0.12689273059368134	0.12689273059368134	32	generated_token_3
e_d_high_impact_only	26	5344	1	0.1014418751001358	0.1014418751001358	32	generated_token_2
e_d_high_impact_only	26	9969	1	0.1973171830177307	0.1973171830177307	32	generated_token_10
e_d_high_impact_only	26	13935	1	0.21059221029281616	0.21059221029281616	32	final_prompt_token
e_d_high_impact_only	26	18943	1	0.1920691281557083	0.1920691281557083	32	generated_token_5
e_d_high_impact_only	26	21685	1	0.17832550406455994	0.17832550406455994	32	generated_token_20
e_d_high_impact_only	26	29386	1	0.16082607209682465	0.16082607209682465	32	generated_token_1
e_d_high_impact_only	26	2723	1	0.09912189841270447	0.09912189841270447	33	generated_token_4
e_d_high_impact_only	26	6813	1	0.12280210852622986	0.12280210852622986	33	generated_token_3
e_d_high_impact_only	26	11127	1	0.19110515713691711	0.19110515713691711	33	generated_token_5
e_d_high_impact_only	26	14365	1	0.19457872211933136	0.19457872211933136	33	generated_token_10
e_d_high_impact_only	26	18077	1	0.20446093380451202	0.20446093380451202	33	final_prompt_token
e_d_high_impact_only	26	1224	1	0.17473134398460388	0.17473134398460388	34	generated_token_20
e_d_high_impact_only	26	6426	1	0.1901608407497406	0.1901608407497406	34	generated_token_5
e_d_high_impact_only	26	19226	1	0.0959785059094429	0.0959785059094429	34	generated_token_4
e_d_high_impact_only	26	19355	1	0.09647040069103241	0.09647040069103241	34	generated_token_2
e_d_high_impact_only	26	30205	1	0.11702153831720352	0.11702153831720352	34	generated_token_3
e_d_high_impact_only	26	1288	1	0.0935298353433609	0.0935298353433609	35	generated_token_4
e_d_high_impact_only	26	10187	1	0.09443642199039459	0.09443642199039459	35	generated_token_2
e_d_high_impact_only	26	13218	1	0.1729183793067932	0.1729183793067932	35	generated_token_20
e_d_high_impact_only	26	3704	1	0.0918036699295044	0.0918036699295044	36	generated_token_4
e_d_high_impact_only	26	11350	1	0.1870766282081604	0.1870766282081604	36	generated_token_10
e_d_high_impact_only	26	14421	1	0.09343913942575455	0.09343913942575455	36	generated_token_2
e_d_high_impact_only	26	15826	1	0.18146860599517822	0.18146860599517822	36	generated_token_5
e_d_high_impact_only	26	20174	1	0.20123858749866486	0.20123858749866486	36	final_prompt_token
e_d_high_impact_only	26	24531	1	0.17025822401046753	0.17025822401046753	36	generated_token_20
e_d_high_impact_only	26	28241	1	0.15052372217178345	0.15052372217178345	36	generated_token_1
e_d_high_impact_only	26	29592	1	0.11399878561496735	0.11399878561496735	36	generated_token_3
e_d_high_impact_only	26	2708	1	0.11319117248058319	0.11319117248058319	37	generated_token_3
e_d_high_impact_only	26	7454	1	0.18697500228881836	0.18697500228881836	37	generated_token_10
e_d_high_impact_only	26	8557	1	0.09290771931409836	0.09290771931409836	37	generated_token_2
e_d_high_impact_only	26	10699	1	0.14735859632492065	0.14735859632492065	37	generated_token_1
e_d_high_impact_only	26	28392	1	0.1961091309785843	0.1961091309785843	37	final_prompt_token
e_d_high_impact_only	26	6330	1	0.08766071498394012	0.08766071498394012	38	generated_token_4
e_d_high_impact_only	26	9781	1	0.17906899750232697	0.17906899750232697	38	generated_token_5
e_d_high_impact_only	26	13277	1	0.11259935796260834	0.11259935796260834	38	generated_token_3
e_d_high_impact_only	26	17910	1	0.17684268951416016	0.17684268951416016	38	generated_token_10
e_d_high_impact_only	26	19456	1	0.1453109234571457	0.1453109234571457	38	generated_token_1
e_d_high_impact_only	26	25325	1	0.19483643770217896	0.19483643770217896	38	final_prompt_token
e_d_high_impact_only	26	25449	1	0.08816993236541748	0.08816993236541748	38	generated_token_2
e_d_high_impact_only	26	29208	1	0.16877326369285583	0.16877326369285583	38	generated_token_20
e_d_high_impact_only	26	19059	1	0.08648829907178879	0.08648829907178879	39	generated_token_2
e_d_high_impact_only	26	24636	1	0.19267648458480835	0.19267648458480835	39	final_prompt_token
e_d_high_impact_only	26	24751	1	0.17789039015769958	0.17789039015769958	39	generated_token_5
e_d_high_impact_only	26	27866	1	0.1686849445104599	0.1686849445104599	39	generated_token_20
e_d_high_impact_only	26	31605	1	0.17574231326580048	0.17574231326580048	39	generated_token_10
e_d_high_impact_only	26	42	1	0.08560043573379517	0.08560043573379517	40	generated_token_4
e_d_high_impact_only	26	10851	1	0.1426479071378708	0.1426479071378708	40	generated_token_1
e_d_high_impact_only	26	13916	1	0.1767769306898117	0.1767769306898117	40	generated_token_5
e_d_high_impact_only	26	26736	1	0.19065624475479126	0.19065624475479126	40	final_prompt_token
e_d_high_impact_only	26	26846	1	0.11054091900587082	0.11054091900587082	40	generated_token_3
e_d_high_impact_only	26	29630	1	0.16522306203842163	0.16522306203842163	40	generated_token_20
e_d_high_impact_only	26	30900	1	0.1753922551870346	0.1753922551870346	40	generated_token_10
e_d_high_impact_only	26	31876	1	0.08611388504505157	0.08611388504505157	40	generated_token_2
e_d_high_impact_only	26	1438	1	0.08513294160366058	0.08513294160366058	41	generated_token_2
e_d_high_impact_only	26	5164	1	0.08445964753627777	0.08445964753627777	41	generated_token_4
e_d_high_impact_only	26	8873	1	0.17275968194007874	0.17275968194007874	41	generated_token_10
e_d_high_impact_only	26	12796	1	0.1411941945552826	0.1411941945552826	41	generated_token_1
e_d_high_impact_only	26	14727	1	0.1895812302827835	0.1895812302827835	41	final_prompt_token
e_d_high_impact_only	26	19173	1	0.17669515311717987	0.17669515311717987	41	generated_token_5
e_d_high_impact_only	26	29926	1	0.16166621446609497	0.16166621446609497	41	generated_token_20
e_d_high_impact_only	26	3241	1	0.18599668145179749	0.18599668145179749	42	final_prompt_token
e_d_high_impact_only	26	9303	1	0.1638464778661728	0.1638464778661728	42	generated_token_10
e_d_high_impact_only	26	11757	1	0.17649631202220917	0.17649631202220917	42	generated_token_5
e_d_high_impact_only	26	12525	1	0.1591903269290924	0.1591903269290924	42	generated_token_20
e_d_high_impact_only	26	14178	1	0.1081477478146553	0.1081477478146553	42	generated_token_3
e_d_high_impact_only	26	30919	1	0.08425597846508026	0.08425597846508026	42	generated_token_2
e_d_high_impact_only	26	5039	1	0.17353777587413788	0.17353777587413788	43	generated_token_5
e_d_high_impact_only	26	10066	1	0.18030282855033875	0.18030282855033875	43	final_prompt_token
e_d_high_impact_only	26	12693	1	0.16256999969482422	0.16256999969482422	43	generated_token_10
e_d_high_impact_only	26	16314	1	0.10796540975570679	0.10796540975570679	43	generated_token_3
e_d_high_impact_only	26	17351	1	0.15322783589363098	0.15322783589363098	43	generated_token_20
e_d_high_impact_only	26	17486	1	0.08243212103843689	0.08243212103843689	43	generated_token_4
e_d_high_impact_only	26	25661	1	0.08366483449935913	0.08366483449935913	43	generated_token_2
e_d_high_impact_only	26	10536	1	0.10483377426862717	0.10483377426862717	44	generated_token_3
e_d_high_impact_only	26	14078	1	0.14985305070877075	0.14985305070877075	44	generated_token_20
e_d_high_impact_only	26	17200	1	0.16113980114459991	0.16113980114459991	44	generated_token_10
e_d_high_impact_only	26	27113	1	0.08206778764724731	0.08206778764724731	44	generated_token_4
e_d_high_impact_only	26	29809	1	0.17004841566085815	0.17004841566085815	44	generated_token_5
e_d_high_impact_only	26	3271	1	0.17936737835407257	0.17936737835407257	45	final_prompt_token
e_d_high_impact_only	26	8086	1	0.08188826590776443	0.08188826590776443	45	generated_token_4
e_d_high_impact_only	26	8527	1	0.1603400707244873	0.1603400707244873	45	generated_token_10
e_d_high_impact_only	26	15582	1	0.12917812168598175	0.12917812168598175	45	generated_token_1
e_d_high_impact_only	26	23937	1	0.16925467550754547	0.16925467550754547	45	generated_token_5
e_d_high_impact_only	26	29611	1	0.10350848734378815	0.10350848734378815	45	generated_token_3
e_d_high_impact_only	26	906	1	0.0786648690700531	0.0786648690700531	46	generated_token_2
e_d_high_impact_only	26	3905	1	0.17824581265449524	0.17824581265449524	46	final_prompt_token
e_d_high_impact_only	26	11782	1	0.14841189980506897	0.14841189980506897	46	generated_token_20
e_d_high_impact_only	26	11891	1	0.15919703245162964	0.15919703245162964	46	generated_token_10
e_d_high_impact_only	26	12154	1	0.16868391633033752	0.16868391633033752	46	generated_token_5
e_d_high_impact_only	26	22203	1	0.08095888793468475	0.08095888793468475	46	generated_token_4
e_d_high_impact_only	26	2267	1	0.14601854979991913	0.14601854979991913	47	generated_token_20
e_d_high_impact_only	26	10664	1	0.15854449570178986	0.15854449570178986	47	generated_token_10
e_d_high_impact_only	26	13791	1	0.17688898742198944	0.17688898742198944	47	final_prompt_token
e_d_high_impact_only	26	22016	1	0.0802738294005394	0.0802738294005394	47	generated_token_4
e_d_high_impact_only	26	24641	1	0.10287438333034515	0.10287438333034515	47	generated_token_3
e_d_high_impact_only	26	28407	1	0.16843673586845398	0.16843673586845398	47	generated_token_5
e_d_high_impact_only	26	1796	1	0.10073646903038025	0.10073646903038025	48	generated_token_3
e_d_high_impact_only	26	2005	1	0.07994639873504639	0.07994639873504639	48	generated_token_4
e_d_high_impact_only	26	3172	1	0.16782501339912415	0.16782501339912415	48	generated_token_5
e_d_high_impact_only	26	16661	1	0.1716260015964508	0.1716260015964508	48	final_prompt_token
e_d_high_impact_only	26	17442	1	0.07811181247234344	0.07811181247234344	48	generated_token_2
e_d_high_impact_only	26	22681	1	0.14425307512283325	0.14425307512283325	48	generated_token_20
e_d_high_impact_only	26	16170	1	0.16628620028495789	0.16628620028495789	49	generated_token_5
e_d_high_impact_only	26	18249	1	0.07988923043012619	0.07988923043012619	49	generated_token_4
e_d_high_impact_only	26	19500	1	0.15407970547676086	0.15407970547676086	49	generated_token_10
e_d_high_impact_only	26	24896	1	0.07784808427095413	0.07784808427095413	49	generated_token_2
e_d_high_impact_only	26	26586	1	0.12524531781673431	0.12524531781673431	49	generated_token_1
e_d_high_impact_only	26	14776	1	0.16563455760478973	0.16563455760478973	50	generated_token_5
e_d_high_impact_only	26	15954	1	0.17117005586624146	0.17117005586624146	50	final_prompt_token
e_d_high_impact_only	26	32299	1	0.13914787769317627	0.13914787769317627	50	generated_token_20
e_d_shuffled	14	2961	7	0.844343934740339	1.6897591352462769	1	final_prompt_token,generated_token_1,generated_token_10,generated_token_2,generated_token_3,generated_token_4,generated_token_5
e_d_shuffled	14	31733	5	0.20290918946266173	0.4454164206981659	2	generated_token_1,generated_token_10,generated_token_2,generated_token_4,generated_token_5
e_d_shuffled	14	19440	5	0.16476905196905137	0.2388722151517868	9	generated_token_1,generated_token_2,generated_token_3,generated_token_4,generated_token_5
e_d_shuffled	14	5455	4	0.14002243243157864	0.21116062998771667	6	generated_token_10,generated_token_2,generated_token_4,generated_token_5
e_d_shuffled	14	32317	4	0.16335401684045792	0.2405652403831482	7	generated_token_1,generated_token_3,generated_token_4,generated_token_5
e_d_shuffled	14	7065	4	0.16230138391256332	0.2343984842300415	11	final_prompt_token,generated_token_10,generated_token_20,generated_token_5
e_d_shuffled	14	23427	3	0.2602691352367401	0.4488788843154907	2	generated_token_1,generated_token_2,generated_token_3
e_d_shuffled	14	20064	3	0.20776275545358658	0.3319022059440613	4	generated_token_1,generated_token_10,generated_token_2
e_d_shuffled	14	13383	3	0.21898617843786874	0.4585229158401489	5	generated_token_3,generated_token_4,generated_token_5
e_d_shuffled	14	26237	3	0.18727603554725647	0.3160155117511749	5	final_prompt_token,generated_token_1,generated_token_3
e_d_shuffled	14	17656	3	0.15690776457389197	0.22844988107681274	6	final_prompt_token,generated_token_1,generated_token_3
e_d_shuffled	14	1168	3	0.15164313713709512	0.20280198752880096	8	final_prompt_token,generated_token_1,generated_token_3
e_d_shuffled	14	25151	3	0.1460807422796885	0.19819079339504242	10	final_prompt_token,generated_token_1,generated_token_3
e_d_shuffled	14	11831	3	0.13031197587649027	0.17492899298667908	14	final_prompt_token,generated_token_1,generated_token_5
e_d_shuffled	14	6633	3	0.11668373644351959	0.15863586962223053	18	generated_token_10,generated_token_4,generated_token_5
e_d_shuffled	14	24846	3	0.09939509133497874	0.13117139041423798	20	generated_token_2,generated_token_3,generated_token_4
e_d_shuffled	14	26050	3	0.111945491284132	0.15091291069984436	24	final_prompt_token,generated_token_1,generated_token_4
e_d_shuffled	14	13119	3	0.09176563347379367	0.13388356566429138	28	generated_token_20,generated_token_4,generated_token_5
e_d_shuffled	14	30010	3	0.09339172144730885	0.10704323649406433	28	generated_token_1,generated_token_3,generated_token_5
e_d_shuffled	14	31908	3	0.09468506276607513	0.10914143174886703	30	generated_token_1,generated_token_3,generated_token_5
e_d_shuffled	14	20374	2	0.35943786054849625	0.6558769941329956	1	generated_token_4,generated_token_5
e_d_shuffled	14	31706	2	0.506404884159565	0.8526545763015747	1	generated_token_10,generated_token_5
e_d_shuffled	14	13956	2	0.34179823845624924	0.6143518090248108	2	generated_token_3,generated_token_5
e_d_shuffled	14	21424	2	0.5010682344436646	0.8759403228759766	2	generated_token_2,generated_token_4
e_d_shuffled	14	26364	2	0.4912092871963978	0.8908549547195435	2	generated_token_4,generated_token_5
e_d_shuffled	14	1150	2	0.42407815158367157	0.7096584439277649	3	generated_token_10,generated_token_4
e_d_shuffled	14	7163	2	0.23339910060167313	0.3726348280906677	3	final_prompt_token,generated_token_3
e_d_shuffled	14	10613	2	0.3136347532272339	0.5389730930328369	3	generated_token_2,generated_token_4
e_d_shuffled	14	6429	2	0.16724073514342308	0.2329910397529602	5	final_prompt_token,generated_token_1
e_d_shuffled	14	13928	2	0.224186971783638	0.32977038621902466	5	generated_token_2,generated_token_4
e_d_shuffled	14	5329	2	0.23509818315505981	0.29197394847869873	6	generated_token_1,generated_token_3
e_d_shuffled	14	301	2	0.2812057435512543	0.3926140367984772	7	generated_token_2,generated_token_3
e_d_shuffled	14	26486	2	0.15016188099980354	0.20089149475097656	7	generated_token_10,generated_token_4
e_d_shuffled	14	32519	2	0.1855400800704956	0.2911720275878906	7	generated_token_2,generated_token_4
e_d_shuffled	14	27181	2	0.17360106855630875	0.2863490879535675	8	generated_token_2,generated_token_4
e_d_shuffled	14	9125	2	0.15616920590400696	0.2516520023345947	10	generated_token_2,generated_token_4
e_d_shuffled	14	29485	2	0.15535984933376312	0.1679965853691101	12	generated_token_2,generated_token_4
e_d_shuffled	14	15605	2	0.15088031813502312	0.18289902806282043	13	final_prompt_token,generated_token_1
e_d_shuffled	14	26996	2	0.15542971342802048	0.2007526159286499	13	generated_token_10,generated_token_2
e_d_shuffled	14	12817	2	0.13182543590664864	0.14830884337425232	14	final_prompt_token,generated_token_1
e_d_shuffled	14	28065	2	0.1203831173479557	0.14660564064979553	15	generated_token_1,generated_token_2
e_d_shuffled	14	28131	2	0.12075624987483025	0.14359676837921143	15	generated_token_1,generated_token_3
e_d_shuffled	14	5639	2	0.11959131807088852	0.14277242124080658	16	generated_token_1,generated_token_3
e_d_shuffled	14	9030	2	0.13383568823337555	0.1456719934940338	16	final_prompt_token,generated_token_1
e_d_shuffled	14	5859	2	0.12329171597957611	0.14061039686203003	17	generated_token_10,generated_token_5
e_d_shuffled	14	23726	2	0.10592872649431229	0.1571674346923828	17	generated_token_2,generated_token_4
e_d_shuffled	14	7804	2	0.12124554067850113	0.15629646182060242	18	generated_token_2,generated_token_4
e_d_shuffled	14	26776	2	0.11787845566868782	0.1255817860364914	18	generated_token_1,generated_token_4
e_d_shuffled	14	28143	2	0.13827838003635406	0.1394074708223343	19	generated_token_1,generated_token_3
e_d_shuffled	14	58	2	0.13279609382152557	0.13373203575611115	20	generated_token_1,generated_token_3
e_d_shuffled	14	2699	2	0.1137394979596138	0.12935607135295868	21	generated_token_1,generated_token_3
e_d_shuffled	14	7297	2	0.1070937067270279	0.11691182851791382	22	generated_token_20,generated_token_5
e_d_shuffled	14	9176	2	0.08308551087975502	0.08778315782546997	23	generated_token_3,generated_token_4
e_d_shuffled	14	20681	2	0.133713498711586	0.1468789130449295	25	final_prompt_token,generated_token_20
e_d_shuffled	14	16803	2	0.08194139413535595	0.10397328436374664	26	generated_token_2,generated_token_4
e_d_shuffled	14	28021	2	0.08994262292981148	0.12202545255422592	26	generated_token_1,generated_token_4
e_d_shuffled	14	25704	2	0.11404378339648247	0.13629674911499023	27	final_prompt_token,generated_token_1
e_d_shuffled	14	12578	2	0.10606496408581734	0.13474556803703308	28	final_prompt_token,generated_token_3
e_d_shuffled	14	22945	2	0.09448068961501122	0.10566640645265579	34	generated_token_1,generated_token_3
e_d_shuffled	14	9835	2	0.090273916721344	0.09253169596195221	35	generated_token_2,generated_token_3
e_d_shuffled	14	14487	2	0.09610717743635178	0.1255352795124054	35	final_prompt_token,generated_token_5
e_d_shuffled	14	26083	2	0.08740108087658882	0.09974118322134018	39	generated_token_1,generated_token_3
e_d_shuffled	14	22611	2	0.08782462030649185	0.10939952731132507	40	generated_token_10,generated_token_5
e_d_shuffled	14	32603	2	0.08859128132462502	0.09117020666599274	41	generated_token_1,generated_token_3
e_d_shuffled	14	15737	2	0.06887675262987614	0.08335228264331818	46	generated_token_2,generated_token_4
e_d_shuffled	14	21970	2	0.06702456437051296	0.08309110999107361	47	generated_token_2,generated_token_4
e_d_shuffled	14	3830	1	0.6360766291618347	0.6360766291618347	1	final_prompt_token
e_d_shuffled	14	24844	1	1.1048486232757568	1.1048486232757568	1	generated_token_20
e_d_shuffled	14	30837	1	0.6776990294456482	0.6776990294456482	2	generated_token_20
e_d_shuffled	14	595	1	0.3920952379703522	0.3920952379703522	3	generated_token_10
e_d_shuffled	14	10802	1	0.32935017347335815	0.32935017347335815	3	generated_token_20
e_d_shuffled	14	12464	1	0.25318998098373413	0.25318998098373413	3	generated_token_5
e_d_shuffled	14	13313	1	0.5267008543014526	0.5267008543014526	3	generated_token_3
e_d_shuffled	14	30735	1	0.3424282968044281	0.3424282968044281	3	generated_token_1
e_d_shuffled	14	3966	1	0.48810380697250366	0.48810380697250366	4	generated_token_3
e_d_shuffled	14	15250	1	0.34749382734298706	0.34749382734298706	4	generated_token_10
e_d_shuffled	14	17240	1	0.5195378065109253	0.5195378065109253	4	generated_token_4
e_d_shuffled	14	18543	1	0.30591824650764465	0.30591824650764465	4	generated_token_20
e_d_shuffled	14	25857	1	0.22850993275642395	0.22850993275642395	4	generated_token_5
e_d_shuffled	14	28328	1	0.3926948308944702	0.3926948308944702	4	generated_token_2
e_d_shuffled	14	30170	1	0.3414255678653717	0.3414255678653717	4	final_prompt_token
e_d_shuffled	14	2605	1	0.16473504900932312	0.16473504900932312	5	generated_token_5
e_d_shuffled	14	3625	1	0.4664265215396881	0.4664265215396881	5	generated_token_4
e_d_shuffled	14	6744	1	0.3364641070365906	0.3364641070365906	5	generated_token_10
e_d_shuffled	14	9909	1	0.28416919708251953	0.28416919708251953	5	generated_token_20
e_d_shuffled	14	1191	1	0.32830291986465454	0.32830291986465454	6	generated_token_2
e_d_shuffled	14	8027	1	0.266226589679718	0.266226589679718	6	generated_token_20
e_d_shuffled	14	14727	1	0.4567900598049164	0.4567900598049164	6	generated_token_3
e_d_shuffled	14	18722	1	0.2661580443382263	0.2661580443382263	6	generated_token_10
e_d_shuffled	14	7671	1	0.24567946791648865	0.24567946791648865	7	generated_token_20
e_d_shuffled	14	8033	1	0.2217121422290802	0.2217121422290802	7	final_prompt_token
e_d_shuffled	14	9556	1	0.2551406919956207	0.2551406919956207	7	generated_token_1
e_d_shuffled	14	20752	1	0.25836294889450073	0.25836294889450073	7	generated_token_10
e_d_shuffled	14	4936	1	0.24952568113803864	0.24952568113803864	8	generated_token_1
e_d_shuffled	14	5533	1	0.24777790904045105	0.24777790904045105	8	generated_token_10
e_d_shuffled	14	10738	1	0.16504424810409546	0.16504424810409546	8	generated_token_4
e_d_shuffled	14	11085	1	0.29784971475601196	0.29784971475601196	8	generated_token_3
e_d_shuffled	14	19870	1	0.14785699546337128	0.14785699546337128	8	generated_token_5
e_d_shuffled	14	21017	1	0.245064377784729	0.245064377784729	8	generated_token_20
e_d_shuffled	14	2895	1	0.2373475432395935	0.2373475432395935	9	generated_token_10
e_d_shuffled	14	3046	1	0.24043285846710205	0.24043285846710205	9	generated_token_20
e_d_shuffled	14	11864	1	0.19936983287334442	0.19936983287334442	9	final_prompt_token
e_d_shuffled	14	17692	1	0.1297050565481186	0.1297050565481186	9	generated_token_5
e_d_shuffled	14	26371	1	0.26771244406700134	0.26771244406700134	9	generated_token_2
e_d_shuffled	14	5281	1	0.15596257150173187	0.15596257150173187	10	generated_token_4
e_d_shuffled	14	6186	1	0.23540747165679932	0.23540747165679932	10	generated_token_10
e_d_shuffled	14	11544	1	0.2380724549293518	0.2380724549293518	10	generated_token_1
e_d_shuffled	14	30026	1	0.22903835773468018	0.22903835773468018	10	generated_token_20
e_d_shuffled	14	8930	1	0.2287580370903015	0.2287580370903015	11	generated_token_20
e_d_shuffled	14	10138	1	0.19246038794517517	0.19246038794517517	11	final_prompt_token
e_d_shuffled	14	16801	1	0.18600717186927795	0.18600717186927795	11	generated_token_1
e_d_shuffled	14	17899	1	0.19054774940013885	0.19054774940013885	11	generated_token_2
e_d_shuffled	14	22870	1	0.1215277761220932	0.1215277761220932	11	generated_token_5
e_d_shuffled	14	8356	1	0.17223291099071503	0.17223291099071503	12	generated_token_1
e_d_shuffled	14	15287	1	0.205821692943573	0.205821692943573	12	generated_token_10
e_d_shuffled	14	23505	1	0.18452656269073486	0.18452656269073486	12	final_prompt_token
e_d_shuffled	14	29800	1	0.2253601998090744	0.2253601998090744	12	generated_token_20
e_d_shuffled	14	12313	1	0.13726557791233063	0.13726557791233063	13	generated_token_4
e_d_shuffled	14	19586	1	0.1812027394771576	0.1812027394771576	13	generated_token_2
e_d_shuffled	14	22305	1	0.16909831762313843	0.16909831762313843	13	generated_token_1
e_d_shuffled	14	26450	1	0.16818958520889282	0.16818958520889282	13	generated_token_3
e_d_shuffled	14	31324	1	0.2080550342798233	0.2080550342798233	13	generated_token_20
e_d_shuffled	14	14505	1	0.1656222939491272	0.1656222939491272	14	generated_token_3
e_d_shuffled	14	17022	1	0.2046036720275879	0.2046036720275879	14	generated_token_20
e_d_shuffled	14	24989	1	0.19192925095558167	0.19192925095558167	14	generated_token_10
e_d_shuffled	14	30623	1	0.11274443566799164	0.11274443566799164	14	generated_token_5
e_d_shuffled	14	10664	1	0.17267003655433655	0.17267003655433655	15	final_prompt_token
e_d_shuffled	14	16202	1	0.19188235700130463	0.19188235700130463	15	generated_token_10
e_d_shuffled	14	5045	1	0.1779184490442276	0.1779184490442276	16	generated_token_20
e_d_shuffled	14	10148	1	0.12427680194377899	0.12427680194377899	16	generated_token_4
e_d_shuffled	14	12257	1	0.171994149684906	0.171994149684906	16	final_prompt_token
e_d_shuffled	14	18524	1	0.10715745389461517	0.10715745389461517	16	generated_token_5
e_d_shuffled	14	32133	1	0.1776602566242218	0.1776602566242218	16	generated_token_10
e_d_shuffled	14	10146	1	0.16912809014320374	0.16912809014320374	17	final_prompt_token
e_d_shuffled	14	16357	1	0.17446556687355042	0.17446556687355042	17	generated_token_10
e_d_shuffled	14	27907	1	0.16878356039524078	0.16878356039524078	17	generated_token_20
e_d_shuffled	14	995	1	0.13984762132167816	0.13984762132167816	18	generated_token_1
e_d_shuffled	14	7485	1	0.1739244908094406	0.1739244908094406	18	generated_token_10
e_d_shuffled	14	11464	1	0.1669403463602066	0.1669403463602066	18	final_prompt_token
e_d_shuffled	14	12237	1	0.1683715581893921	0.1683715581893921	18	generated_token_20
e_d_shuffled	14	2176	1	0.16031643748283386	0.16031643748283386	19	final_prompt_token
e_d_shuffled	14	26027	1	0.14607283473014832	0.14607283473014832	19	generated_token_2
e_d_shuffled	14	27713	1	0.15259243547916412	0.15259243547916412	19	generated_token_20
e_d_shuffled	14	30197	1	0.16747185587882996	0.16747185587882996	19	generated_token_10
e_d_shuffled	14	3124	1	0.09971941262483597	0.09971941262483597	20	generated_token_5
e_d_shuffled	14	7287	1	0.16439507901668549	0.16439507901668549	20	generated_token_10
e_d_shuffled	14	11903	1	0.09290957450866699	0.09290957450866699	20	generated_token_4
e_d_shuffled	14	25905	1	0.15154433250427246	0.15154433250427246	20	generated_token_20
e_d_shuffled	14	30225	1	0.15904174745082855	0.15904174745082855	20	final_prompt_token
e_d_shuffled	14	5238	1	0.16001200675964355	0.16001200675964355	21	generated_token_10
e_d_shuffled	14	8684	1	0.12729719281196594	0.12729719281196594	21	generated_token_2
e_d_shuffled	14	9600	1	0.1503051072359085	0.1503051072359085	21	generated_token_20
e_d_shuffled	14	10976	1	0.15488845109939575	0.15488845109939575	21	final_prompt_token
e_d_shuffled	14	11914	1	0.09836690127849579	0.09836690127849579	21	generated_token_5
e_d_shuffled	14	16146	1	0.1342778503894806	0.1342778503894806	21	generated_token_1
e_d_shuffled	14	2250	1	0.08818774670362473	0.08818774670362473	22	generated_token_4
e_d_shuffled	14	16382	1	0.15456804633140564	0.15456804633140564	22	final_prompt_token
e_d_shuffled	14	22371	1	0.14967556297779083	0.14967556297779083	22	generated_token_20
e_d_shuffled	14	14932	1	0.15351441502571106	0.15351441502571106	23	final_prompt_token
e_d_shuffled	14	16185	1	0.14904798567295074	0.14904798567295074	23	generated_token_20
e_d_shuffled	14	18077	1	0.12643982470035553	0.12643982470035553	23	generated_token_2
e_d_shuffled	14	22319	1	0.12205196171998978	0.12205196171998978	23	generated_token_3
e_d_shuffled	14	29610	1	0.09697438776493073	0.09697438776493073	23	generated_token_5
e_d_shuffled	14	30494	1	0.15036094188690186	0.15036094188690186	23	generated_token_10
e_d_shuffled	14	770	1	0.14902745187282562	0.14902745187282562	24	generated_token_20
e_d_shuffled	14	27872	1	0.11536476016044617	0.11536476016044617	24	generated_token_3
e_d_shuffled	14	27997	1	0.09320852160453796	0.09320852160453796	24	generated_token_5
e_d_shuffled	14	31458	1	0.14731937646865845	0.14731937646865845	24	generated_token_10
e_d_shuffled	14	2804	1	0.11528243124485016	0.11528243124485016	25	generated_token_3
e_d_shuffled	14	10394	1	0.14864829182624817	0.14864829182624817	25	generated_token_20
e_d_shuffled	14	17710	1	0.14500519633293152	0.14500519633293152	25	generated_token_10
e_d_shuffled	14	15173	1	0.09120418131351471	0.09120418131351471	26	generated_token_5
e_d_shuffled	14	17388	1	0.08438202738761902	0.08438202738761902	26	generated_token_4
e_d_shuffled	14	26701	1	0.1391022801399231	0.1391022801399231	26	final_prompt_token
e_d_shuffled	14	27093	1	0.10747312754392624	0.10747312754392624	26	generated_token_3
e_d_shuffled	14	29778	1	0.14816081523895264	0.14816081523895264	26	generated_token_20
e_d_shuffled	14	1162	1	0.0899396687746048	0.0899396687746048	27	generated_token_5
e_d_shuffled	14	3018	1	0.1035986989736557	0.1035986989736557	27	generated_token_2
e_d_shuffled	14	8665	1	0.08399509638547897	0.08399509638547897	27	generated_token_4
e_d_shuffled	14	17253	1	0.14564141631126404	0.14564141631126404	27	generated_token_20
e_d_shuffled	14	24339	1	0.13953277468681335	0.13953277468681335	27	generated_token_10
e_d_shuffled	14	2103	1	0.10308033227920532	0.10308033227920532	28	generated_token_2
e_d_shuffled	14	3034	1	0.08245208114385605	0.08245208114385605	28	generated_token_4
e_d_shuffled	14	26599	1	0.11557146161794662	0.11557146161794662	28	generated_token_1
e_d_shuffled	14	26805	1	0.14499327540397644	0.14499327540397644	28	generated_token_20
e_d_shuffled	14	13203	1	0.10059671849012375	0.10059671849012375	29	generated_token_3
e_d_shuffled	14	15272	1	0.134562149643898	0.134562149643898	29	final_prompt_token
e_d_shuffled	14	18690	1	0.09819389134645462	0.09819389134645462	29	generated_token_2
e_d_shuffled	14	23166	1	0.08880334347486496	0.08880334347486496	29	generated_token_5
e_d_shuffled	14	32026	1	0.14265508949756622	0.14265508949756622	29	generated_token_20
e_d_shuffled	14	7801	1	0.07869037985801697	0.07869037985801697	30	generated_token_4
e_d_shuffled	14	9298	1	0.1323755830526352	0.1323755830526352	30	final_prompt_token
e_d_shuffled	14	12399	1	0.13521376252174377	0.13521376252174377	30	generated_token_10
e_d_shuffled	14	13755	1	0.09967237710952759	0.09967237710952759	30	generated_token_3
e_d_shuffled	14	17503	1	0.09692686051130295	0.09692686051130295	30	generated_token_2
e_d_shuffled	14	28998	1	0.1386638581752777	0.1386638581752777	30	generated_token_20
e_d_shuffled	14	6318	1	0.08419838547706604	0.08419838547706604	31	generated_token_5
e_d_shuffled	14	10091	1	0.10903391242027283	0.10903391242027283	31	generated_token_1
e_d_shuffled	14	18245	1	0.13845688104629517	0.13845688104629517	31	generated_token_20
e_d_shuffled	14	19045	1	0.13270235061645508	0.13270235061645508	31	generated_token_10
e_d_shuffled	14	28830	1	0.13123679161071777	0.13123679161071777	31	final_prompt_token
e_d_shuffled	14	1030	1	0.09441844373941422	0.09441844373941422	32	generated_token_2
e_d_shuffled	14	9704	1	0.13069862127304077	0.13069862127304077	32	generated_token_10
e_d_shuffled	14	18280	1	0.07370895147323608	0.07370895147323608	32	generated_token_4
e_d_shuffled	14	24379	1	0.1302214413881302	0.1302214413881302	32	final_prompt_token
e_d_shuffled	14	31189	1	0.08285709470510483	0.08285709470510483	32	generated_token_5
e_d_shuffled	14	32207	1	0.10717352479696274	0.10717352479696274	32	generated_token_1
e_d_shuffled	14	12	1	0.1281411498785019	0.1281411498785019	33	generated_token_10
e_d_shuffled	14	4292	1	0.08155662566423416	0.08155662566423416	33	generated_token_5
e_d_shuffled	14	6214	1	0.12556231021881104	0.12556231021881104	33	generated_token_20
e_d_shuffled	14	8553	1	0.09375949203968048	0.09375949203968048	33	generated_token_3
e_d_shuffled	14	9864	1	0.07168044149875641	0.07168044149875641	33	generated_token_4
e_d_shuffled	14	32358	1	0.12735241651535034	0.12735241651535034	33	final_prompt_token
e_d_shuffled	14	2372	1	0.1265871226787567	0.1265871226787567	34	final_prompt_token
e_d_shuffled	14	4612	1	0.0928485095500946	0.0928485095500946	34	generated_token_3
e_d_shuffled	14	4785	1	0.1257256418466568	0.1257256418466568	34	generated_token_10
e_d_shuffled	14	6779	1	0.06691623479127884	0.06691623479127884	34	generated_token_4
e_d_shuffled	14	27661	1	0.12502352893352509	0.12502352893352509	34	generated_token_20
e_d_shuffled	14	30334	1	0.0928281769156456	0.0928281769156456	34	generated_token_2
e_d_shuffled	14	31569	1	0.07989579439163208	0.07989579439163208	34	generated_token_5
e_d_shuffled	14	160	1	0.06330354511737823	0.06330354511737823	35	generated_token_4
e_d_shuffled	14	8121	1	0.10297062247991562	0.10297062247991562	35	generated_token_1
e_d_shuffled	14	18663	1	0.07918084412813187	0.07918084412813187	35	generated_token_5
e_d_shuffled	14	19597	1	0.12426912039518356	0.12426912039518356	35	generated_token_20
e_d_shuffled	14	19743	1	0.125229150056839	0.125229150056839	35	generated_token_10
e_d_shuffled	14	25224	1	0.09278494119644165	0.09278494119644165	35	generated_token_3
e_d_shuffled	14	3141	1	0.12323670089244843	0.12323670089244843	36	final_prompt_token
e_d_shuffled	14	3455	1	0.09114929288625717	0.09114929288625717	36	generated_token_2
e_d_shuffled	14	11726	1	0.1026683896780014	0.1026683896780014	36	generated_token_1
e_d_shuffled	14	16090	1	0.12410886585712433	0.12410886585712433	36	generated_token_10
e_d_shuffled	14	19857	1	0.12348322570323944	0.12348322570323944	36	generated_token_20
e_d_shuffled	14	21061	1	0.07682738453149796	0.07682738453149796	36	generated_token_5
e_d_shuffled	14	3468	1	0.09082266688346863	0.09082266688346863	37	generated_token_2
e_d_shuffled	14	4850	1	0.11905396729707718	0.11905396729707718	37	generated_token_10
e_d_shuffled	14	6404	1	0.12218032777309418	0.12218032777309418	37	generated_token_20
e_d_shuffled	14	14483	1	0.07632336020469666	0.07632336020469666	37	generated_token_5
e_d_shuffled	14	16421	1	0.09180398285388947	0.09180398285388947	37	generated_token_3
e_d_shuffled	14	12409	1	0.09006227552890778	0.09006227552890778	38	generated_token_2
e_d_shuffled	14	31479	1	0.11660028994083405	0.11660028994083405	38	generated_token_10
e_d_shuffled	14	2403	1	0.11851543188095093	0.11851543188095093	39	generated_token_20
e_d_shuffled	14	6039	1	0.08816735446453094	0.08816735446453094	39	generated_token_2
e_d_shuffled	14	8796	1	0.08775169402360916	0.08775169402360916	39	generated_token_3
e_d_shuffled	14	12323	1	0.11981295794248581	0.11981295794248581	39	final_prompt_token
e_d_shuffled	14	19489	1	0.11248930543661118	0.11248930543661118	39	generated_token_10
e_d_shuffled	14	22423	1	0.07376012951135635	0.07376012951135635	39	generated_token_5
e_d_shuffled	14	6818	1	0.08810847252607346	0.08810847252607346	40	generated_token_2
e_d_shuffled	14	12827	1	0.11801633983850479	0.11801633983850479	40	generated_token_20
e_d_shuffled	14	16897	1	0.11900562047958374	0.11900562047958374	40	final_prompt_token
e_d_shuffled	14	19908	1	0.0731489285826683	0.0731489285826683	40	generated_token_5
e_d_shuffled	14	26291	1	0.09926005452871323	0.09926005452871323	40	generated_token_1
e_d_shuffled	14	29404	1	0.08712947368621826	0.08712947368621826	40	generated_token_3
e_d_shuffled	14	6401	1	0.10919395834207535	0.10919395834207535	41	generated_token_10
e_d_shuffled	14	11205	1	0.11712202429771423	0.11712202429771423	41	generated_token_20
e_d_shuffled	14	20557	1	0.11804027855396271	0.11804027855396271	41	final_prompt_token
e_d_shuffled	14	24708	1	0.07191196829080582	0.07191196829080582	41	generated_token_5
e_d_shuffled	14	30167	1	0.05823379009962082	0.05823379009962082	41	generated_token_4
e_d_shuffled	14	30788	1	0.08806445449590683	0.08806445449590683	41	generated_token_2
e_d_shuffled	14	4620	1	0.07158073782920837	0.07158073782920837	42	generated_token_5
e_d_shuffled	14	10804	1	0.09799952059984207	0.09799952059984207	42	generated_token_1
e_d_shuffled	14	17689	1	0.08663558959960938	0.08663558959960938	42	generated_token_2
e_d_shuffled	14	20639	1	0.08360125124454498	0.08360125124454498	42	generated_token_3
e_d_shuffled	14	20769	1	0.11742554605007172	0.11742554605007172	42	final_prompt_token
e_d_shuffled	14	5334	1	0.07097691297531128	0.07097691297531128	43	generated_token_5
e_d_shuffled	14	9931	1	0.057708222419023514	0.057708222419023514	43	generated_token_4
e_d_shuffled	14	17816	1	0.08590050786733627	0.08590050786733627	43	generated_token_2
e_d_shuffled	14	19473	1	0.11723284423351288	0.11723284423351288	43	final_prompt_token
e_d_shuffled	14	22697	1	0.11461138725280762	0.11461138725280762	43	generated_token_20
e_d_shuffled	14	27895	1	0.10528434067964554	0.10528434067964554	43	generated_token_10
e_d_shuffled	14	6836	1	0.11701308190822601	0.11701308190822601	44	final_prompt_token
e_d_shuffled	14	16147	1	0.08054293692111969	0.08054293692111969	44	generated_token_3
e_d_shuffled	14	18081	1	0.08563540875911713	0.08563540875911713	44	generated_token_2
e_d_shuffled	14	31080	1	0.11425153911113739	0.11425153911113739	44	generated_token_20
e_d_shuffled	14	32680	1	0.05650024861097336	0.05650024861097336	44	generated_token_4
e_d_shuffled	14	4170	1	0.11302480101585388	0.11302480101585388	45	generated_token_20
e_d_shuffled	14	13192	1	0.09652768075466156	0.09652768075466156	45	generated_token_1
e_d_shuffled	14	18609	1	0.11692085862159729	0.11692085862159729	45	final_prompt_token
e_d_shuffled	14	21739	1	0.10337631404399872	0.10337631404399872	45	generated_token_10
e_d_shuffled	14	26655	1	0.07981999218463898	0.07981999218463898	45	generated_token_3
e_d_shuffled	14	27441	1	0.08437081426382065	0.08437081426382065	45	generated_token_2
e_d_shuffled	14	32577	1	0.05539899319410324	0.05539899319410324	45	generated_token_4
e_d_shuffled	14	1281	1	0.10019388794898987	0.10019388794898987	46	generated_token_10
e_d_shuffled	14	24797	1	0.11119285225868225	0.11119285225868225	46	generated_token_20
e_d_shuffled	14	2236	1	0.0996055006980896	0.0996055006980896	47	generated_token_10
e_d_shuffled	14	2426	1	0.05459999293088913	0.05459999293088913	47	generated_token_4
e_d_shuffled	14	13429	1	0.11028987914323807	0.11028987914323807	47	generated_token_20
e_d_shuffled	14	15821	1	0.09509153664112091	0.09509153664112091	47	generated_token_1
e_d_shuffled	14	20589	1	0.07740741968154907	0.07740741968154907	47	generated_token_3
e_d_shuffled	14	138	1	0.06565295159816742	0.06565295159816742	48	generated_token_5
e_d_shuffled	14	2626	1	0.08259335905313492	0.08259335905313492	48	generated_token_2
e_d_shuffled	14	7622	1	0.10419236868619919	0.10419236868619919	48	generated_token_20
e_d_shuffled	14	32621	1	0.1152990460395813	0.1152990460395813	48	final_prompt_token
e_d_shuffled	14	992	1	0.11513403803110123	0.11513403803110123	49	final_prompt_token
e_d_shuffled	14	5966	1	0.06544909626245499	0.06544909626245499	49	generated_token_5
e_d_shuffled	14	12662	1	0.09876524657011032	0.09876524657011032	49	generated_token_10
e_d_shuffled	14	14490	1	0.07600939273834229	0.07600939273834229	49	generated_token_3
e_d_shuffled	14	25421	1	0.10409645736217499	0.10409645736217499	49	generated_token_20
e_d_shuffled	14	25712	1	0.08111756294965744	0.08111756294965744	49	generated_token_2
e_d_shuffled	14	27500	1	0.0915759950876236	0.0915759950876236	49	generated_token_1
e_d_shuffled	14	12927	1	0.09452273696660995	0.09452273696660995	50	generated_token_10
e_d_shuffled	14	14360	1	0.06522157788276672	0.06522157788276672	50	generated_token_5
e_d_shuffled	14	21443	1	0.10235985368490219	0.10235985368490219	50	generated_token_20
e_d_shuffled	14	22053	1	0.07983478903770447	0.07983478903770447	50	generated_token_2
e_d_shuffled	14	29957	1	0.11456269770860672	0.11456269770860672	50	final_prompt_token
e_d_shuffled	26	2938	6	2.069563110669454	3.042764902114868	1	final_prompt_token,generated_token_1,generated_token_2,generated_token_3,generated_token_4,generated_token_5
e_d_shuffled	26	7982	6	0.28397205223639804	0.5546413660049438	5	final_prompt_token,generated_token_1,generated_token_10,generated_token_3,generated_token_4,generated_token_5
e_d_shuffled	26	31664	6	0.2664923369884491	0.36396175622940063	10	final_prompt_token,generated_token_1,generated_token_10,generated_token_2,generated_token_3,generated_token_4
e_d_shuffled	26	18403	6	0.20543250938256583	0.2908976376056671	13	generated_token_1,generated_token_10,generated_token_2,generated_token_3,generated_token_4,generated_token_5
e_d_shuffled	26	15349	4	0.30350104719400406	0.6547475457191467	3	generated_token_1,generated_token_2,generated_token_3,generated_token_4
e_d_shuffled	26	24672	4	0.21616845577955246	0.3905109167098999	6	generated_token_1,generated_token_2,generated_token_3,generated_token_4
e_d_shuffled	26	32152	4	0.2369660697877407	0.3597911596298218	8	generated_token_1,generated_token_2,generated_token_3,generated_token_4
e_d_shuffled	26	27281	4	0.19601257517933846	0.24455665051937103	12	final_prompt_token,generated_token_1,generated_token_3,generated_token_5
e_d_shuffled	26	2977	4	0.1861620545387268	0.2268184870481491	14	generated_token_1,generated_token_2,generated_token_3,generated_token_4
e_d_shuffled	26	2753	3	0.37793104847272235	0.8386890888214111	3	generated_token_1,generated_token_2,generated_token_3
e_d_shuffled	26	26551	3	0.23766052722930908	0.36237549781799316	7	generated_token_1,generated_token_3,generated_token_4
e_d_shuffled	26	24419	3	0.21138526995976767	0.3575095534324646	8	generated_token_2,generated_token_3,generated_token_4
e_d_shuffled	26	7163	3	0.2186708798011144	0.2610986530780792	11	final_prompt_token,generated_token_1,generated_token_3
e_d_shuffled	26	5584	3	0.1424776390194893	0.2572077214717865	17	generated_token_2,generated_token_4,generated_token_5
e_d_shuffled	26	8915	3	0.14555337776740393	0.241395503282547	19	final_prompt_token,generated_token_2,generated_token_3
e_d_shuffled	26	22815	3	0.18451418479283652	0.23941975831985474	20	generated_token_1,generated_token_3,generated_token_5
e_d_shuffled	26	26216	3	0.18286934991677603	0.23484037816524506	26	generated_token_10,generated_token_4,generated_token_5
e_d_shuffled	26	10709	3	0.12166833380858104	0.13919498026371002	35	generated_token_1,generated_token_3,generated_token_4
e_d_shuffled	26	2372	2	0.38110513240098953	0.5856142044067383	3	generated_token_10,generated_token_20
e_d_shuffled	26	23814	2	0.4506995528936386	0.8095946311950684	3	generated_token_2,generated_token_4
e_d_shuffled	26	30911	2	0.5365758836269379	0.7295653820037842	3	generated_token_10,generated_token_5
e_d_shuffled	26	20996	2	0.4357459545135498	0.5673692226409912	4	generated_token_10,generated_token_20
e_d_shuffled	26	4596	2	0.3792284354567528	0.6381761431694031	5	generated_token_2,generated_token_4
e_d_shuffled	26	8659	2	0.3432459235191345	0.3847251534461975	5	generated_token_3,generated_token_5
e_d_shuffled	26	16583	2	0.20544139295816422	0.3017328679561615	8	generated_token_1,generated_token_3
e_d_shuffled	26	16328	2	0.31884877383708954	0.4005308151245117	9	generated_token_20,generated_token_5
e_d_shuffled	26	6445	2	0.24844574928283691	0.27931109070777893	14	generated_token_10,generated_token_5
e_d_shuffled	26	7448	2	0.21787188202142715	0.2336868792772293	14	generated_token_10,generated_token_2
e_d_shuffled	26	12676	2	0.15418272092938423	0.19639155268669128	14	generated_token_2,generated_token_4
e_d_shuffled	26	16793	2	0.18048633635044098	0.1838149130344391	15	generated_token_3,generated_token_4
e_d_shuffled	26	32595	2	0.2093120738863945	0.2991199493408203	17	generated_token_10,generated_token_4
e_d_shuffled	26	15424	2	0.18343232572078705	0.19172392785549164	18	generated_token_1,generated_token_3
e_d_shuffled	26	19668	2	0.2574242502450943	0.2805955410003662	19	generated_token_10,generated_token_5
e_d_shuffled	26	25658	2	0.1679677590727806	0.18843325972557068	19	generated_token_1,generated_token_3
e_d_shuffled	26	17869	2	0.1811750829219818	0.22691327333450317	21	final_prompt_token,generated_token_3
e_d_shuffled	26	4494	2	0.19440004229545593	0.206358402967453	22	final_prompt_token,generated_token_1
e_d_shuffled	26	21802	2	0.16958997398614883	0.17494376003742218	22	generated_token_1,generated_token_3
e_d_shuffled	26	19726	2	0.15056580305099487	0.1592019498348236	24	generated_token_1,generated_token_3
e_d_shuffled	26	12320	2	0.1506587415933609	0.21764348447322845	25	final_prompt_token,generated_token_4
e_d_shuffled	26	1999	2	0.2490183711051941	0.30080950260162354	27	generated_token_20,generated_token_5
e_d_shuffled	26	12143	2	0.15793173760175705	0.23992636799812317	27	generated_token_10,generated_token_2
e_d_shuffled	26	21539	2	0.12835193425416946	0.13738346099853516	29	generated_token_1,generated_token_2
e_d_shuffled	26	29592	2	0.2062842845916748	0.26832929253578186	29	generated_token_20,generated_token_3
e_d_shuffled	26	6813	2	0.1559910923242569	0.20216219127178192	31	generated_token_3,generated_token_5
e_d_shuffled	26	2708	2	0.11758248507976532	0.13215327262878418	34	generated_token_2,generated_token_3
e_d_shuffled	26	24896	2	0.1395525187253952	0.17963425815105438	35	final_prompt_token,generated_token_2
e_d_shuffled	26	14376	2	0.13009065762162209	0.13935281336307526	39	generated_token_1,generated_token_3
e_d_shuffled	26	13916	2	0.13927914202213287	0.16814115643501282	45	generated_token_3,generated_token_5
e_d_shuffled	26	1150	1	0.6835828423500061	0.6835828423500061	1	generated_token_5
e_d_shuffled	26	7468	1	0.9286932349205017	0.9286932349205017	1	generated_token_10
e_d_shuffled	26	7622	1	1.2890839576721191	1.2890839576721191	1	generated_token_20
e_d_shuffled	26	7809	1	0.8760876655578613	0.8760876655578613	2	generated_token_10
e_d_shuffled	26	13731	1	1.353850245475769	1.353850245475769	2	generated_token_2
e_d_shuffled	26	14816	1	0.9391864538192749	0.9391864538192749	2	generated_token_3
e_d_shuffled	26	16131	1	1.0765846967697144	1.0765846967697144	2	generated_token_1
e_d_shuffled	26	18937	1	0.817092776298523	0.817092776298523	2	final_prompt_token
e_d_shuffled	26	21814	1	1.0848665237426758	1.0848665237426758	2	generated_token_20
e_d_shuffled	26	22341	1	0.521940290927887	0.521940290927887	2	generated_token_5
e_d_shuffled	26	32141	1	1.9499680995941162	1.9499680995941162	2	generated_token_4
e_d_shuffled	26	14999	1	0.7373248934745789	0.7373248934745789	3	generated_token_4
e_d_shuffled	26	27529	1	0.436598002910614	0.436598002910614	3	generated_token_5
e_d_shuffled	26	28713	1	0.4919213652610779	0.4919213652610779	3	final_prompt_token
e_d_shuffled	26	7895	1	0.5797753930091858	0.5797753930091858	4	generated_token_3
e_d_shuffled	26	10500	1	0.7512502670288086	0.7512502670288086	4	generated_token_1
e_d_shuffled	26	17308	1	0.6878970861434937	0.6878970861434937	4	generated_token_10
e_d_shuffled	26	19389	1	0.4729243814945221	0.4729243814945221	4	final_prompt_token
e_d_shuffled	26	24339	1	0.3856632113456726	0.3856632113456726	4	generated_token_5
e_d_shuffled	26	27676	1	0.6937234401702881	0.6937234401702881	4	generated_token_4
e_d_shuffled	26	28701	1	0.5885353088378906	0.5885353088378906	4	generated_token_2
e_d_shuffled	26	2453	1	0.5488395094871521	0.5488395094871521	5	generated_token_20
e_d_shuffled	26	5257	1	0.36868393421173096	0.36868393421173096	5	final_prompt_token
e_d_shuffled	26	11249	1	0.5278031229972839	0.5278031229972839	5	generated_token_1
e_d_shuffled	26	21387	1	0.5415806770324707	0.5415806770324707	5	generated_token_2
e_d_shuffled	26	25366	1	0.4393731355667114	0.4393731355667114	5	generated_token_3
e_d_shuffled	26	4092	1	0.34544673562049866	0.34544673562049866	6	generated_token_5
e_d_shuffled	26	15337	1	0.4730354845523834	0.4730354845523834	6	generated_token_20
e_d_shuffled	26	17641	1	0.5034787058830261	0.5034787058830261	6	generated_token_10
e_d_shuffled	26	23123	1	0.4437842071056366	0.4437842071056366	6	generated_token_1
e_d_shuffled	26	25362	1	0.5168639421463013	0.5168639421463013	6	generated_token_2
e_d_shuffled	26	29519	1	0.46134841442108154	0.46134841442108154	6	generated_token_4
e_d_shuffled	26	31073	1	0.3596908748149872	0.3596908748149872	6	final_prompt_token
e_d_shuffled	26	2344	1	0.5026881098747253	0.5026881098747253	7	generated_token_10
e_d_shuffled	26	3568	1	0.378667950630188	0.378667950630188	7	generated_token_4
e_d_shuffled	26	4811	1	0.3057578504085541	0.3057578504085541	7	generated_token_1
e_d_shuffled	26	11256	1	0.3307141065597534	0.3307141065597534	7	final_prompt_token
e_d_shuffled	26	19600	1	0.5095863342285156	0.5095863342285156	7	generated_token_2
e_d_shuffled	26	22371	1	0.4638942778110504	0.4638942778110504	7	generated_token_20
e_d_shuffled	26	1500	1	0.46329379081726074	0.46329379081726074	8	generated_token_10
e_d_shuffled	26	18198	1	0.3110232353210449	0.3110232353210449	8	final_prompt_token
e_d_shuffled	26	29751	1	0.4279329776763916	0.4279329776763916	8	generated_token_20
e_d_shuffled	26	31776	1	0.46511420607566833	0.46511420607566833	8	generated_token_2
e_d_shuffled	26	7930	1	0.347832590341568	0.347832590341568	9	generated_token_4
e_d_shuffled	26	14057	1	0.3006998300552368	0.3006998300552368	9	generated_token_1
e_d_shuffled	26	17394	1	0.29744988679885864	0.29744988679885864	9	final_prompt_token
e_d_shuffled	26	23348	1	0.4062115550041199	0.4062115550041199	9	generated_token_10
e_d_shuffled	26	25443	1	0.42954546213150024	0.42954546213150024	9	generated_token_2
e_d_shuffled	26	32590	1	0.32110515236854553	0.32110515236854553	9	generated_token_5
e_d_shuffled	26	724	1	0.2755325734615326	0.2755325734615326	10	generated_token_3
e_d_shuffled	26	3751	1	0.3913457989692688	0.3913457989692688	10	generated_token_2
e_d_shuffled	26	6194	1	0.2810070812702179	0.2810070812702179	10	final_prompt_token
e_d_shuffled	26	20258	1	0.38693174719810486	0.38693174719810486	10	generated_token_10
e_d_shuffled	26	23344	1	0.3743784427642822	0.3743784427642822	10	generated_token_20
e_d_shuffled	26	24999	1	0.312041312456131	0.312041312456131	10	generated_token_5
e_d_shuffled	26	30722	1	0.2627790570259094	0.2627790570259094	10	generated_token_1
e_d_shuffled	26	6429	1	0.27898141741752625	0.27898141741752625	11	final_prompt_token
e_d_shuffled	26	12495	1	0.24521897733211517	0.24521897733211517	11	generated_token_4
e_d_shuffled	26	14082	1	0.31115156412124634	0.31115156412124634	11	generated_token_5
e_d_shuffled	26	14620	1	0.2667362689971924	0.2667362689971924	11	generated_token_2
e_d_shuffled	26	17919	1	0.3678182363510132	0.3678182363510132	11	generated_token_20
e_d_shuffled	26	7183	1	0.36520445346832275	0.36520445346832275	12	generated_token_20
e_d_shuffled	26	11372	1	0.3564438223838806	0.3564438223838806	12	generated_token_10
e_d_shuffled	26	13404	1	0.20469768345355988	0.20469768345355988	12	generated_token_4
e_d_shuffled	26	17671	1	0.30738624930381775	0.30738624930381775	12	generated_token_5
e_d_shuffled	26	20610	1	0.26388514041900635	0.26388514041900635	12	generated_token_2
e_d_shuffled	26	21517	1	0.27805212140083313	0.27805212140083313	12	final_prompt_token
e_d_shuffled	26	1626	1	0.27002251148223877	0.27002251148223877	13	final_prompt_token
e_d_shuffled	26	2627	1	0.3596849739551544	0.3596849739551544	13	generated_token_20
e_d_shuffled	26	4795	1	0.24348552525043488	0.24348552525043488	13	generated_token_1
e_d_shuffled	26	5566	1	0.3536683917045593	0.3536683917045593	13	generated_token_10
e_d_shuffled	26	9340	1	0.2833865284919739	0.2833865284919739	13	generated_token_5
e_d_shuffled	26	3532	1	0.26093846559524536	0.26093846559524536	14	final_prompt_token
e_d_shuffled	26	5892	1	0.2369428128004074	0.2369428128004074	14	generated_token_1
e_d_shuffled	26	12218	1	0.3403330445289612	0.3403330445289612	14	generated_token_10
e_d_shuffled	26	28843	1	0.3558328449726105	0.3558328449726105	14	generated_token_20
e_d_shuffled	26	4896	1	0.35408663749694824	0.35408663749694824	15	generated_token_20
e_d_shuffled	26	5282	1	0.2682628631591797	0.2682628631591797	15	generated_token_5
e_d_shuffled	26	26056	1	0.25812962651252747	0.25812962651252747	15	final_prompt_token
e_d_shuffled	26	8835	1	0.35397905111312866	0.35397905111312866	16	generated_token_20
e_d_shuffled	26	13935	1	0.25761643052101135	0.25761643052101135	16	final_prompt_token
e_d_shuffled	26	17893	1	0.30217522382736206	0.30217522382736206	16	generated_token_10
e_d_shuffled	26	26065	1	0.16837310791015625	0.16837310791015625	16	generated_token_4
e_d_shuffled	26	27229	1	0.25784578919410706	0.25784578919410706	16	generated_token_5
e_d_shuffled	26	27423	1	0.21761846542358398	0.21761846542358398	16	generated_token_1
e_d_shuffled	26	9189	1	0.18486188352108002	0.18486188352108002	17	generated_token_2
e_d_shuffled	26	29246	1	0.3534225821495056	0.3534225821495056	17	generated_token_20
e_d_shuffled	26	478	1	0.2410270869731903	0.2410270869731903	18	generated_token_5
e_d_shuffled	26	6021	1	0.2514348030090332	0.2514348030090332	18	final_prompt_token
e_d_shuffled	26	7019	1	0.3493260443210602	0.3493260443210602	18	generated_token_20
e_d_shuffled	26	15555	1	0.18240253627300262	0.18240253627300262	18	generated_token_2
e_d_shuffled	26	18009	1	0.2129293531179428	0.2129293531179428	18	generated_token_1
e_d_shuffled	26	10219	1	0.3290712237358093	0.3290712237358093	19	generated_token_20
e_d_shuffled	26	11456	1	0.24022114276885986	0.24022114276885986	19	generated_token_5
e_d_shuffled	26	19094	1	0.1519026756286621	0.1519026756286621	19	generated_token_4
e_d_shuffled	26	20114	1	0.18106070160865784	0.18106070160865784	19	generated_token_2
e_d_shuffled	26	13497	1	0.3262588083744049	0.3262588083744049	20	generated_token_20
e_d_shuffled	26	16475	1	0.23265354335308075	0.23265354335308075	20	final_prompt_token
e_d_shuffled	26	21153	1	0.17940789461135864	0.17940789461135864	20	generated_token_2
e_d_shuffled	26	31318	1	0.2782175838947296	0.2782175838947296	20	generated_token_10
e_d_shuffled	26	13277	1	0.1751222312450409	0.1751222312450409	21	generated_token_3
e_d_shuffled	26	15301	1	0.316476970911026	0.316476970911026	21	generated_token_20
e_d_shuffled	26	25539	1	0.27425312995910645	0.27425312995910645	21	generated_token_10
e_d_shuffled	26	30548	1	0.2065829336643219	0.2065829336643219	21	generated_token_1
e_d_shuffled	26	9288	1	0.3148954510688782	0.3148954510688782	22	generated_token_20
e_d_shuffled	26	11171	1	0.2651398181915283	0.2651398181915283	22	generated_token_10
e_d_shuffled	26	22078	1	0.22382934391498566	0.22382934391498566	22	final_prompt_token
e_d_shuffled	26	4654	1	0.1596757024526596	0.1596757024526596	23	generated_token_3
e_d_shuffled	26	12300	1	0.25576135516166687	0.25576135516166687	23	generated_token_10
e_d_shuffled	26	13357	1	0.3102909326553345	0.3102909326553345	23	generated_token_20
e_d_shuffled	26	26736	1	0.22340303659439087	0.22340303659439087	23	final_prompt_token
e_d_shuffled	26	6149	1	0.1942846179008484	0.1942846179008484	24	generated_token_1
e_d_shuffled	26	10350	1	0.13371062278747559	0.13371062278747559	24	generated_token_4
e_d_shuffled	26	15826	1	0.2285308688879013	0.2285308688879013	24	generated_token_5
e_d_shuffled	26	17284	1	0.3078303933143616	0.3078303933143616	24	generated_token_20
e_d_shuffled	26	18357	1	0.2523648738861084	0.2523648738861084	24	generated_token_10
e_d_shuffled	26	19914	1	0.14454413950443268	0.14454413950443268	24	generated_token_2
e_d_shuffled	26	21478	1	0.21792756021022797	0.21792756021022797	24	final_prompt_token
e_d_shuffled	26	2297	1	0.22784817218780518	0.22784817218780518	25	generated_token_5
e_d_shuffled	26	5320	1	0.15414674580097198	0.15414674580097198	25	generated_token_3
e_d_shuffled	26	8064	1	0.12986905872821808	0.12986905872821808	25	generated_token_4
e_d_shuffled	26	8873	1	0.25060564279556274	0.25060564279556274	25	generated_token_10
e_d_shuffled	26	16157	1	0.14003387093544006	0.14003387093544006	25	generated_token_2
e_d_shuffled	26	22786	1	0.19112664461135864	0.19112664461135864	25	generated_token_1
e_d_shuffled	26	25376	1	0.3039732873439789	0.3039732873439789	25	generated_token_20
e_d_shuffled	26	1288	1	0.1278192698955536	0.1278192698955536	26	generated_token_4
e_d_shuffled	26	10679	1	0.3008688986301422	0.3008688986301422	26	generated_token_20
e_d_shuffled	26	15954	1	0.2128700613975525	0.2128700613975525	26	final_prompt_token
e_d_shuffled	26	16058	1	0.12797579169273376	0.12797579169273376	26	generated_token_2
e_d_shuffled	26	22449	1	0.24610717594623566	0.24610717594623566	26	generated_token_10
e_d_shuffled	26	3241	1	0.2124721109867096	0.2124721109867096	27	final_prompt_token
e_d_shuffled	26	17766	1	0.2064746618270874	0.2064746618270874	27	generated_token_5
e_d_shuffled	26	24773	1	0.14475028216838837	0.14475028216838837	27	generated_token_3
e_d_shuffled	26	25703	1	0.11986497789621353	0.11986497789621353	27	generated_token_4
e_d_shuffled	26	29896	1	0.18426549434661865	0.18426549434661865	27	generated_token_1
e_d_shuffled	26	7625	1	0.14464986324310303	0.14464986324310303	28	generated_token_3
e_d_shuffled	26	10187	1	0.11993832141160965	0.11993832141160965	28	generated_token_2
e_d_shuffled	26	18454	1	0.17846029996871948	0.17846029996871948	28	generated_token_1
e_d_shuffled	26	24986	1	0.29012951254844666	0.29012951254844666	28	generated_token_20
e_d_shuffled	26	27911	1	0.21150918304920197	0.21150918304920197	28	final_prompt_token
e_d_shuffled	26	8067	1	0.2865527868270874	0.2865527868270874	29	generated_token_20
e_d_shuffled	26	17910	1	0.234343022108078	0.234343022108078	29	generated_token_10
e_d_shuffled	26	19617	1	0.11426809430122375	0.11426809430122375	29	generated_token_4
e_d_shuffled	26	30871	1	0.20519676804542542	0.20519676804542542	29	generated_token_5
e_d_shuffled	26	74	1	0.28340357542037964	0.28340357542037964	30	generated_token_20
e_d_shuffled	26	2604	1	0.1422654092311859	0.1422654092311859	30	generated_token_3
e_d_shuffled	26	2723	1	0.1142272800207138	0.1142272800207138	30	generated_token_4
e_d_shuffled	26	12323	1	0.20169855654239655	0.20169855654239655	30	final_prompt_token
e_d_shuffled	26	17113	1	0.2022649496793747	0.2022649496793747	30	generated_token_5
e_d_shuffled	26	22102	1	0.22444510459899902	0.22444510459899902	30	generated_token_10
e_d_shuffled	26	2100	1	0.168777197599411	0.168777197599411	31	generated_token_1
e_d_shuffled	26	9877	1	0.13783086836338043	0.13783086836338043	31	generated_token_3
e_d_shuffled	26	16616	1	0.2824539244174957	0.2824539244174957	31	generated_token_20
e_d_shuffled	26	18571	1	0.11275073140859604	0.11275073140859604	31	generated_token_4
e_d_shuffled	26	29524	1	0.19890852272510529	0.19890852272510529	31	final_prompt_token
e_d_shuffled	26	31876	1	0.11104600131511688	0.11104600131511688	31	generated_token_2
e_d_shuffled	26	8086	1	0.10728627443313599	0.10728627443313599	32	generated_token_4
e_d_shuffled	26	9969	1	0.2139941155910492	0.2139941155910492	32	generated_token_10
e_d_shuffled	26	18077	1	0.1970207542181015	0.1970207542181015	32	final_prompt_token
e_d_shuffled	26	18943	1	0.1992092728614807	0.1992092728614807	32	generated_token_5
e_d_shuffled	26	23011	1	0.28073155879974365	0.28073155879974365	32	generated_token_20
e_d_shuffled	26	14645	1	0.13417889177799225	0.13417889177799225	33	generated_token_3
e_d_shuffled	26	15254	1	0.2738046646118164	0.2738046646118164	33	generated_token_20
e_d_shuffled	26	23977	1	0.19542333483695984	0.19542333483695984	33	final_prompt_token
e_d_shuffled	26	24969	1	0.2092018872499466	0.2092018872499466	33	generated_token_10
e_d_shuffled	26	30919	1	0.10544179379940033	0.10544179379940033	33	generated_token_2
e_d_shuffled	26	42	1	0.10217539966106415	0.10217539966106415	34	generated_token_4
e_d_shuffled	26	1573	1	0.2719188928604126	0.2719188928604126	34	generated_token_20
e_d_shuffled	26	6177	1	0.19662904739379883	0.19662904739379883	34	generated_token_5
e_d_shuffled	26	7541	1	0.16164131462574005	0.16164131462574005	34	generated_token_1
e_d_shuffled	26	21982	1	0.20399367809295654	0.20399367809295654	34	generated_token_10
e_d_shuffled	26	31836	1	0.19429577887058258	0.19429577887058258	34	final_prompt_token
e_d_shuffled	26	25721	1	0.19249191880226135	0.19249191880226135	35	final_prompt_token
e_d_shuffled	26	27334	1	0.10114637017250061	0.10114637017250061	35	generated_token_4
e_d_shuffled	26	30783	1	0.1908947080373764	0.1908947080373764	35	generated_token_5
e_d_shuffled	26	2005	1	0.09670558571815491	0.09670558571815491	36	generated_token_4
e_d_shuffled	26	10119	1	0.2660220265388489	0.2660220265388489	36	generated_token_20
e_d_shuffled	26	14365	1	0.194291353225708	0.194291353225708	36	generated_token_10
e_d_shuffled	26	16787	1	0.1289381980895996	0.1289381980895996	36	generated_token_3
e_d_shuffled	26	18224	1	0.16082656383514404	0.16082656383514404	36	generated_token_1
e_d_shuffled	26	19059	1	0.09397908300161362	0.09397908300161362	36	generated_token_2
e_d_shuffled	26	29809	1	0.18691235780715942	0.18691235780715942	36	generated_token_5
e_d_shuffled	26	2132	1	0.09641177952289581	0.09641177952289581	37	generated_token_4
e_d_shuffled	26	5344	1	0.0931769460439682	0.0931769460439682	37	generated_token_2
e_d_shuffled	26	6082	1	0.18642333149909973	0.18642333149909973	37	generated_token_5
e_d_shuffled	26	7179	1	0.2580030858516693	0.2580030858516693	37	generated_token_20
e_d_shuffled	26	16993	1	0.18966147303581238	0.18966147303581238	37	generated_token_10
e_d_shuffled	26	19456	1	0.15203849971294403	0.15203849971294403	37	generated_token_1
e_d_shuffled	26	25351	1	0.18514221906661987	0.18514221906661987	37	final_prompt_token
e_d_shuffled	26	3137	1	0.12331578135490417	0.12331578135490417	38	generated_token_3
e_d_shuffled	26	4204	1	0.18263497948646545	0.18263497948646545	38	final_prompt_token
e_d_shuffled	26	4597	1	0.18254882097244263	0.18254882097244263	38	generated_token_5
e_d_shuffled	26	10803	1	0.1835639923810959	0.1835639923810959	38	generated_token_10
e_d_shuffled	26	15651	1	0.15138056874275208	0.15138056874275208	38	generated_token_1
e_d_shuffled	26	19355	1	0.08819682896137238	0.08819682896137238	38	generated_token_2
e_d_shuffled	26	27479	1	0.24330896139144897	0.24330896139144897	38	generated_token_20
e_d_shuffled	26	4011	1	0.23829063773155212	0.23829063773155212	39	generated_token_20
e_d_shuffled	26	4687	1	0.1798146814107895	0.1798146814107895	39	generated_token_10
e_d_shuffled	26	11127	1	0.18211065232753754	0.18211065232753754	39	generated_token_5
e_d_shuffled	26	22016	1	0.09492752701044083	0.09492752701044083	39	generated_token_4
e_d_shuffled	26	670	1	0.17726898193359375	0.17726898193359375	40	generated_token_10
e_d_shuffled	26	4468	1	0.0832541435956955	0.0832541435956955	40	generated_token_2
e_d_shuffled	26	5079	1	0.146269291639328	0.146269291639328	40	generated_token_1
e_d_shuffled	26	6426	1	0.18136799335479736	0.18136799335479736	40	generated_token_5
e_d_shuffled	26	6884	1	0.23764118552207947	0.23764118552207947	40	generated_token_20
e_d_shuffled	26	18870	1	0.1188700944185257	0.1188700944185257	40	generated_token_3
e_d_shuffled	26	19226	1	0.09362248331308365	0.09362248331308365	40	generated_token_4
e_d_shuffled	26	28542	1	0.18157735466957092	0.18157735466957092	40	final_prompt_token
e_d_shuffled	26	13740	1	0.09197963029146194	0.09197963029146194	41	generated_token_4
e_d_shuffled	26	16214	1	0.11807131767272949	0.11807131767272949	41	generated_token_3
e_d_shuffled	26	22477	1	0.14626124501228333	0.14626124501228333	41	generated_token_1
e_d_shuffled	26	23937	1	0.1813320815563202	0.1813320815563202	41	generated_token_5
e_d_shuffled	26	25661	1	0.08314171433448792	0.08314171433448792	41	generated_token_2
e_d_shuffled	26	25980	1	0.23503024876117706	0.23503024876117706	41	generated_token_20
e_d_shuffled	26	4557	1	0.14418771862983704	0.14418771862983704	42	generated_token_1
e_d_shuffled	26	8527	1	0.17513993382453918	0.17513993382453918	42	generated_token_10
e_d_shuffled	26	8882	1	0.17944376170635223	0.17944376170635223	42	final_prompt_token
e_d_shuffled	26	16314	1	0.11429818719625473	0.11429818719625473	42	generated_token_3
e_d_shuffled	26	23717	1	0.23482322692871094	0.23482322692871094	42	generated_token_20
e_d_shuffled	26	26684	1	0.1796756535768509	0.1796756535768509	42	generated_token_5
e_d_shuffled	26	1438	1	0.0801485925912857	0.0801485925912857	43	generated_token_2
e_d_shuffled	26	11350	1	0.17510345578193665	0.17510345578193665	43	generated_token_10
e_d_shuffled	26	14614	1	0.17808231711387634	0.17808231711387634	43	final_prompt_token
e_d_shuffled	26	16460	1	0.11375321447849274	0.11375321447849274	43	generated_token_3
e_d_shuffled	26	28606	1	0.17878443002700806	0.17878443002700806	43	generated_token_5
e_d_shuffled	26	31968	1	0.23188504576683044	0.23188504576683044	43	generated_token_20
e_d_shuffled	26	5341	1	0.17477785050868988	0.17477785050868988	44	generated_token_10
e_d_shuffled	26	18215	1	0.17698360979557037	0.17698360979557037	44	generated_token_5
e_d_shuffled	26	19752	1	0.17795328795909882	0.17795328795909882	44	final_prompt_token
e_d_shuffled	26	26384	1	0.08841421455144882	0.08841421455144882	44	generated_token_4
e_d_shuffled	26	26846	1	0.11343859881162643	0.11343859881162643	44	generated_token_3
e_d_shuffled	26	32210	1	0.22885707020759583	0.22885707020759583	44	generated_token_20
e_d_shuffled	26	1788	1	0.22718970477581024	0.22718970477581024	45	generated_token_20
e_d_shuffled	26	6593	1	0.0883335992693901	0.0883335992693901	45	generated_token_4
e_d_shuffled	26	11878	1	0.07840966433286667	0.07840966433286667	45	generated_token_2
e_d_shuffled	26	25800	1	0.1769563853740692	0.1769563853740692	45	generated_token_5
e_d_shuffled	26	27544	1	0.17545774579048157	0.17545774579048157	45	final_prompt_token
e_d_shuffled	26	30900	1	0.17311051487922668	0.17311051487922668	45	generated_token_10
e_d_shuffled	26	7133	1	0.1752813160419464	0.1752813160419464	46	final_prompt_token
e_d_shuffled	26	7929	1	0.1766742467880249	0.1766742467880249	46	generated_token_5
e_d_shuffled	26	11891	1	0.17299509048461914	0.17299509048461914	46	generated_token_10
e_d_shuffled	26	12281	1	0.07745784521102905	0.07745784521102905	46	generated_token_2
e_d_shuffled	26	23140	1	0.11039195954799652	0.11039195954799652	46	generated_token_3
e_d_shuffled	26	27738	1	0.08791618794202805	0.08791618794202805	46	generated_token_4
e_d_shuffled	26	29537	1	0.22190967202186584	0.22190967202186584	46	generated_token_20
e_d_shuffled	26	10690	1	0.13480882346630096	0.13480882346630096	47	generated_token_1
e_d_shuffled	26	14541	1	0.17394432425498962	0.17394432425498962	47	generated_token_5
e_d_shuffled	26	22203	1	0.08756403625011444	0.08756403625011444	47	generated_token_4
e_d_shuffled	26	22528	1	0.22042971849441528	0.22042971849441528	47	generated_token_20
e_d_shuffled	26	24636	1	0.1729395091533661	0.1729395091533661	47	final_prompt_token
e_d_shuffled	26	31605	1	0.17271998524665833	0.17271998524665833	47	generated_token_10
e_d_shuffled	26	5164	1	0.08555741608142853	0.08555741608142853	48	generated_token_4
e_d_shuffled	26	7454	1	0.17158713936805725	0.17158713936805725	48	generated_token_10
e_d_shuffled	26	9781	1	0.17083805799484253	0.17083805799484253	48	generated_token_5
e_d_shuffled	26	12681	1	0.21912047266960144	0.21912047266960144	48	generated_token_20
e_d_shuffled	26	13791	1	0.17240364849567413	0.17240364849567413	48	final_prompt_token
e_d_shuffled	26	20152	1	0.1307414323091507	0.1307414323091507	48	generated_token_1
e_d_shuffled	26	22381	1	0.07465492188930511	0.07465492188930511	48	generated_token_2
e_d_shuffled	26	10536	1	0.10953126102685928	0.10953126102685928	49	generated_token_3
e_d_shuffled	26	12693	1	0.17140386998653412	0.17140386998653412	49	generated_token_10
e_d_shuffled	26	15028	1	0.21207267045974731	0.21207267045974731	49	generated_token_20
e_d_shuffled	26	16081	1	0.0746355801820755	0.0746355801820755	49	generated_token_2
e_d_shuffled	26	29386	1	0.12864571809768677	0.12864571809768677	49	generated_token_1
e_d_shuffled	26	10718	1	0.074036605656147	0.074036605656147	50	generated_token_2
e_d_shuffled	26	12137	1	0.21074436604976654	0.21074436604976654	50	generated_token_20
e_d_shuffled	26	13505	1	0.16464966535568237	0.16464966535568237	50	final_prompt_token
e_d_shuffled	26	19369	1	0.16977572441101074	0.16977572441101074	50	generated_token_10
e_d_shuffled	26	20562	1	0.12716227769851685	0.12716227769851685	50	generated_token_1
e_d_shuffled	26	22382	1	0.08260993659496307	0.08260993659496307	50	generated_token_4
e_only	14	2961	8	0.9836068004369736	1.5580005645751953	1	final_prompt_token,generated_token_1,generated_token_10,generated_token_2,generated_token_20,generated_token_3,generated_token_4,generated_token_5
e_only	14	11831	8	0.14153027441352606	0.22555431723594666	7	final_prompt_token,generated_token_1,generated_token_10,generated_token_2,generated_token_20,generated_token_3,generated_token_4,generated_token_5
e_only	14	6681	5	0.24807280749082566	0.3369618058204651	3	generated_token_10,generated_token_2,generated_token_20,generated_token_3,generated_token_4
e_only	14	6429	5	0.12579989433288574	0.18884053826332092	8	final_prompt_token,generated_token_1,generated_token_2,generated_token_3,generated_token_5
e_only	14	32397	5	0.11852012276649475	0.1444205790758133	20	generated_token_1,generated_token_2,generated_token_20,generated_token_3,generated_token_4
e_only	14	9106	4	0.23992040753364563	0.3768071234226227	2	generated_token_1,generated_token_2,generated_token_3,generated_token_4
e_only	14	11393	4	0.2642361707985401	0.29748061299324036	2	generated_token_10,generated_token_20,generated_token_3,generated_token_4
e_only	14	17656	4	0.18941796757280827	0.2823270559310913	5	final_prompt_token,generated_token_1,generated_token_2,generated_token_5
e_only	14	15473	4	0.14901509135961533	0.21366725862026215	7	generated_token_20,generated_token_3,generated_token_4,generated_token_5
e_only	14	7998	4	0.11378652229905128	0.17893633246421814	9	generated_token_20,generated_token_3,generated_token_4,generated_token_5
e_only	14	11864	4	0.1447874829173088	0.18113817274570465	10	final_prompt_token,generated_token_1,generated_token_2,generated_token_4
e_only	14	32427	4	0.17100726068019867	0.18652433156967163	10	generated_token_10,generated_token_20,generated_token_4,generated_token_5
e_only	14	18673	4	0.14650139398872852	0.1731378436088562	11	generated_token_20,generated_token_3,generated_token_4,generated_token_5
e_only	14	19411	4	0.15577348694205284	0.19941341876983643	11	generated_token_1,generated_token_2,generated_token_20,generated_token_4
e_only	14	22813	4	0.1161835566163063	0.15104828774929047	16	final_prompt_token,generated_token_1,generated_token_3,generated_token_5
e_only	14	13517	4	0.09012003242969513	0.10691776871681213	21	generated_token_2,generated_token_20,generated_token_3,generated_token_4
e_only	14	9186	3	0.40472400188446045	0.5321765542030334	2	generated_token_20,generated_token_3,generated_token_4
e_only	14	32654	3	0.27013421058654785	0.343664288520813	3	generated_token_10,generated_token_20,generated_token_4
e_only	14	31192	3	0.1346061776081721	0.23107294738292694	4	generated_token_20,generated_token_3,generated_token_4
e_only	14	16062	3	0.21535625060399374	0.2776358723640442	6	generated_token_20,generated_token_3,generated_token_4
e_only	14	25196	3	0.2639073779185613	0.29453596472740173	6	generated_token_10,generated_token_20,generated_token_4
e_only	14	26685	3	0.17280372232198715	0.2635204792022705	7	generated_token_10,generated_token_20,generated_token_3
e_only	14	13545	3	0.19226404031117758	0.22532817721366882	8	generated_token_20,generated_token_3,generated_token_4
e_only	14	438	3	0.15706236163775125	0.2180442065000534	9	generated_token_1,generated_token_2,generated_token_5
e_only	14	15605	3	0.11728083342313766	0.18158259987831116	9	final_prompt_token,generated_token_1,generated_token_5
e_only	14	1658	3	0.12128741542498271	0.1635417640209198	10	generated_token_10,generated_token_20,generated_token_3
e_only	14	1677	3	0.14798042674859366	0.17815153300762177	10	generated_token_20,generated_token_3,generated_token_4
e_only	14	20865	3	0.13137502471605936	0.1638314425945282	11	generated_token_20,generated_token_3,generated_token_4
e_only	14	17863	3	0.11679800848166148	0.12022741138935089	15	generated_token_20,generated_token_3,generated_token_4
e_only	14	30114	3	0.1221663107474645	0.13746438920497894	16	generated_token_10,generated_token_20,generated_token_4
e_only	14	7086	3	0.12751172482967377	0.16160255670547485	17	generated_token_10,generated_token_20,generated_token_4
e_only	14	30141	3	0.10184933245182037	0.11937983334064484	19	generated_token_2,generated_token_3,generated_token_5
e_only	14	32183	3	0.12494941800832748	0.1557326316833496	19	generated_token_10,generated_token_20,generated_token_4
e_only	14	12817	3	0.09838248789310455	0.10861679166555405	24	final_prompt_token,generated_token_2,generated_token_5
e_only	14	6986	3	0.11236850172281265	0.13520479202270508	26	generated_token_1,generated_token_2,generated_token_5
e_only	14	9080	3	0.09419759114583333	0.10597696900367737	34	generated_token_10,generated_token_3,generated_token_4
e_only	14	15889	2	0.28988969326019287	0.3096088469028473	3	generated_token_20,generated_token_4
e_only	14	31105	2	0.3110562115907669	0.4553780257701874	3	generated_token_1,generated_token_2
e_only	14	22694	2	0.2155316174030304	0.29035794734954834	4	generated_token_1,generated_token_2
e_only	14	3781	2	0.24909358471632004	0.259219229221344	5	generated_token_2,generated_token_5
e_only	14	20064	2	0.2798478305339813	0.2979227900505066	5	generated_token_1,generated_token_2
e_only	14	263	2	0.17281566560268402	0.2101997584104538	9	generated_token_20,generated_token_4
e_only	14	2393	2	0.1608012393116951	0.20279327034950256	11	generated_token_1,generated_token_2
e_only	14	28431	2	0.152802973985672	0.18333977460861206	11	generated_token_20,generated_token_4
e_only	14	647	2	0.12857265770435333	0.17195603251457214	13	generated_token_20,generated_token_4
e_only	14	19128	2	0.11913244426250458	0.12826420366764069	14	generated_token_3,generated_token_4
e_only	14	30501	2	0.15327239781618118	0.17598965764045715	14	generated_token_10,generated_token_4
e_only	14	30328	2	0.14569269120693207	0.14770358800888062	15	generated_token_20,generated_token_4
e_only	14	9298	2	0.1228412315249443	0.1253834217786789	16	generated_token_1,generated_token_2
e_only	14	10830	2	0.13555239886045456	0.16421309113502502	16	generated_token_1,generated_token_2
e_only	14	18107	2	0.1261138916015625	0.1399819254875183	16	generated_token_20,generated_token_4
e_only	14	10146	2	0.13162469118833542	0.15821436047554016	17	final_prompt_token,generated_token_1
e_only	14	17438	2	0.11812545359134674	0.13828082382678986	18	generated_token_3,generated_token_4
e_only	14	22035	2	0.10920736193656921	0.1146974116563797	18	generated_token_3,generated_token_4
e_only	14	31659	2	0.12453742697834969	0.15036968886852264	18	generated_token_1,generated_token_2
e_only	14	31893	2	0.12731025740504265	0.13423801958560944	18	generated_token_1,generated_token_2
e_only	14	18609	2	0.11146444082260132	0.13007991015911102	24	final_prompt_token,generated_token_1
e_only	14	20342	2	0.10018692165613174	0.12280642986297607	24	generated_token_20,generated_token_3
e_only	14	27485	2	0.11176612973213196	0.12017229199409485	24	generated_token_2,generated_token_5
e_only	14	15501	2	0.0964057706296444	0.1172575131058693	26	generated_token_3,generated_token_5
e_only	14	26623	2	0.09742212295532227	0.11253984272480011	27	generated_token_20,generated_token_4
e_only	14	28952	2	0.1154554933309555	0.11967867612838745	27	generated_token_1,generated_token_20
e_only	14	4010	2	0.1006043329834938	0.10725954174995422	29	generated_token_2,generated_token_5
e_only	14	24300	2	0.11455688625574112	0.1199982613325119	34	generated_token_10,generated_token_20
e_only	14	8374	2	0.08261561766266823	0.0854736790060997	36	generated_token_3,generated_token_4
e_only	14	15615	2	0.08466914668679237	0.09552092850208282	37	generated_token_3,generated_token_4
e_only	14	22725	2	0.09412679448723793	0.11071857064962387	37	generated_token_1,generated_token_2
e_only	14	14050	2	0.09005603939294815	0.09402607381343842	40	generated_token_20,generated_token_4
e_only	14	11680	2	0.08201149851083755	0.08975613117218018	41	generated_token_2,generated_token_5
e_only	14	24536	2	0.08535299822688103	0.09401918202638626	41	generated_token_3,generated_token_4
e_only	14	20099	2	0.10244767367839813	0.11528008431196213	42	generated_token_10,generated_token_4
e_only	14	27519	2	0.08032998442649841	0.0863373726606369	46	generated_token_3,generated_token_4
e_only	14	3830	1	0.5840062499046326	0.5840062499046326	1	final_prompt_token
e_only	14	18316	1	1.0418369770050049	1.0418369770050049	2	generated_token_5
e_only	14	19512	1	0.45696917176246643	0.45696917176246643	2	generated_token_10
e_only	14	23165	1	0.508244514465332	0.508244514465332	2	generated_token_1
e_only	14	4164	1	0.33663544058799744	0.33663544058799744	3	generated_token_2
e_only	14	7163	1	0.30429089069366455	0.30429089069366455	3	final_prompt_token
e_only	14	19133	1	0.2586027979850769	0.2586027979850769	3	generated_token_5
e_only	14	8344	1	0.24527648091316223	0.24527648091316223	4	generated_token_5
e_only	14	17889	1	0.3782004415988922	0.3782004415988922	4	generated_token_1
e_only	14	23320	1	0.2723273038864136	0.2723273038864136	4	generated_token_20
e_only	14	30170	1	0.29087525606155396	0.29087525606155396	4	final_prompt_token
e_only	14	30943	1	0.2267407476902008	0.2267407476902008	5	generated_token_3
e_only	14	1168	1	0.21092091500759125	0.21092091500759125	6	final_prompt_token
e_only	14	28177	1	0.22245793044567108	0.22245793044567108	6	generated_token_5
e_only	14	5763	1	0.27758631110191345	0.27758631110191345	7	generated_token_1
e_only	14	8214	1	0.2278067022562027	0.2278067022562027	7	generated_token_2
e_only	14	8288	1	0.2044602483510971	0.2044602483510971	7	generated_token_3
e_only	14	1298	1	0.22155989706516266	0.22155989706516266	8	generated_token_2
e_only	14	31523	1	0.2269095480442047	0.2269095480442047	8	generated_token_10
e_only	14	31625	1	0.18747064471244812	0.18747064471244812	8	generated_token_5
e_only	14	676	1	0.18411241471767426	0.18411241471767426	9	generated_token_10
e_only	14	30905	1	0.2083895057439804	0.2083895057439804	9	generated_token_1
e_only	14	21417	1	0.1978953629732132	0.1978953629732132	10	generated_token_2
e_only	14	8033	1	0.18001362681388855	0.18001362681388855	11	final_prompt_token
e_only	14	26226	1	0.17902815341949463	0.17902815341949463	11	generated_token_10
e_only	14	4479	1	0.17850306630134583	0.17850306630134583	12	generated_token_10
e_only	14	10138	1	0.17454451322555542	0.17454451322555542	12	final_prompt_token
e_only	14	19600	1	0.1996465027332306	0.1996465027332306	12	generated_token_1
e_only	14	21092	1	0.1507805436849594	0.1507805436849594	12	generated_token_5
e_only	14	14967	1	0.1507500410079956	0.1507500410079956	13	generated_token_5
e_only	14	23505	1	0.17300546169281006	0.17300546169281006	13	final_prompt_token
e_only	14	26222	1	0.17720071971416473	0.17720071971416473	13	generated_token_10
e_only	14	27956	1	0.1571173369884491	0.1571173369884491	13	generated_token_2
e_only	14	25151	1	0.1714124083518982	0.1714124083518982	14	final_prompt_token
e_only	14	10664	1	0.15630409121513367	0.15630409121513367	15	final_prompt_token
e_only	14	11617	1	0.13622093200683594	0.13622093200683594	15	generated_token_5
e_only	14	13367	1	0.16571654379367828	0.16571654379367828	15	generated_token_1
e_only	14	32212	1	0.1693570464849472	0.1693570464849472	15	generated_token_10
e_only	14	20769	1	0.1558496505022049	0.1558496505022049	16	final_prompt_token
e_only	14	321	1	0.1286989152431488	0.1286989152431488	17	generated_token_5
e_only	14	22915	1	0.1253788024187088	0.1253788024187088	17	generated_token_2
e_only	14	6836	1	0.15015262365341187	0.15015262365341187	18	final_prompt_token
e_only	14	17072	1	0.1246599406003952	0.1246599406003952	18	generated_token_5
e_only	14	19214	1	0.13616973161697388	0.13616973161697388	18	generated_token_20
e_only	14	21381	1	0.15840238332748413	0.15840238332748413	18	generated_token_10
e_only	14	12257	1	0.1402466595172882	0.1402466595172882	19	final_prompt_token
e_only	14	16859	1	0.14553484320640564	0.14553484320640564	19	generated_token_1
e_only	14	22585	1	0.11394505202770233	0.11394505202770233	19	generated_token_3
e_only	14	667	1	0.15450260043144226	0.15450260043144226	20	generated_token_10
e_only	14	6589	1	0.12300986796617508	0.12300986796617508	20	generated_token_5
e_only	14	17359	1	0.10982132703065872	0.10982132703065872	20	generated_token_3
e_only	14	26701	1	0.13401886820793152	0.13401886820793152	20	final_prompt_token
e_only	14	7699	1	0.1411190778017044	0.1411190778017044	21	generated_token_1
e_only	14	8323	1	0.1336314082145691	0.1336314082145691	21	generated_token_20
e_only	14	15272	1	0.13276192545890808	0.13276192545890808	21	final_prompt_token
e_only	14	23122	1	0.15258201956748962	0.15258201956748962	21	generated_token_10
e_only	14	31733	1	0.11617624759674072	0.11617624759674072	21	generated_token_2
e_only	14	4236	1	0.1216229647397995	0.1216229647397995	22	generated_token_5
e_only	14	11550	1	0.15015548467636108	0.15015548467636108	22	generated_token_10
e_only	14	30225	1	0.13171081244945526	0.13171081244945526	22	final_prompt_token
e_only	14	8688	1	0.12111916393041611	0.12111916393041611	23	generated_token_5
e_only	14	12411	1	0.14893308281898499	0.14893308281898499	23	generated_token_10
e_only	14	15161	1	0.13679355382919312	0.13679355382919312	23	generated_token_1
e_only	14	16371	1	0.10066847503185272	0.10066847503185272	23	generated_token_3
e_only	14	19555	1	0.13109701871871948	0.13109701871871948	23	final_prompt_token
e_only	14	9122	1	0.13545554876327515	0.13545554876327515	24	generated_token_1
e_only	14	22078	1	0.11857448518276215	0.11857448518276215	24	generated_token_4
e_only	14	27828	1	0.14630863070487976	0.14630863070487976	24	generated_token_10
e_only	14	992	1	0.12832202017307281	0.12832202017307281	25	final_prompt_token
e_only	14	3484	1	0.13525143265724182	0.13525143265724182	25	generated_token_1
e_only	14	10909	1	0.14544586837291718	0.14544586837291718	25	generated_token_10
e_only	14	13571	1	0.11959227919578552	0.11959227919578552	25	generated_token_5
e_only	14	336	1	0.14501075446605682	0.14501075446605682	26	generated_token_10
e_only	14	2506	1	0.11801116913557053	0.11801116913557053	26	generated_token_4
e_only	14	6622	1	0.09741412103176117	0.09741412103176117	26	generated_token_3
e_only	14	14932	1	0.12614479660987854	0.12614479660987854	26	final_prompt_token
e_only	14	25587	1	0.12117131054401398	0.12117131054401398	26	generated_token_20
e_only	14	5176	1	0.1441079080104828	0.1441079080104828	27	generated_token_10
e_only	14	12578	1	0.12467162311077118	0.12467162311077118	27	final_prompt_token
e_only	14	25662	1	0.0942615270614624	0.0942615270614624	27	generated_token_3
e_only	14	9336	1	0.1151198074221611	0.1151198074221611	28	generated_token_5
e_only	14	16185	1	0.13966038823127747	0.13966038823127747	28	generated_token_10
e_only	14	16801	1	0.12368160486221313	0.12368160486221313	28	final_prompt_token
e_only	14	30946	1	0.0939253494143486	0.0939253494143486	28	generated_token_3
e_only	14	10804	1	0.128010094165802	0.128010094165802	29	generated_token_1
e_only	14	20545	1	0.13911888003349304	0.13911888003349304	29	generated_token_10
e_only	14	23423	1	0.11315640807151794	0.11315640807151794	29	generated_token_5
e_only	14	25704	1	0.11992502957582474	0.11992502957582474	29	final_prompt_token
e_only	14	29825	1	0.0914764255285263	0.0914764255285263	29	generated_token_3
e_only	14	17022	1	0.13721394538879395	0.13721394538879395	30	generated_token_10
e_only	14	18148	1	0.11744290590286255	0.11744290590286255	30	final_prompt_token
e_only	14	18543	1	0.10977194458246231	0.10977194458246231	30	generated_token_5
e_only	14	19426	1	0.09264134615659714	0.09264134615659714	30	generated_token_2
e_only	14	20914	1	0.12547597289085388	0.12547597289085388	30	generated_token_1
e_only	14	9252	1	0.12385473400354385	0.12385473400354385	31	generated_token_1
e_only	14	9330	1	0.13682600855827332	0.13682600855827332	31	generated_token_10
e_only	14	14526	1	0.10760121047496796	0.10760121047496796	31	generated_token_5
e_only	14	20018	1	0.09225718677043915	0.09225718677043915	31	generated_token_2
e_only	14	20923	1	0.11714085936546326	0.11714085936546326	31	final_prompt_token
e_only	14	23872	1	0.11150103062391281	0.11150103062391281	31	generated_token_20
e_only	14	1622	1	0.11038757860660553	0.11038757860660553	32	generated_token_20
e_only	14	7657	1	0.10264743864536285	0.10264743864536285	32	generated_token_4
e_only	14	7685	1	0.11569345742464066	0.11569345742464066	32	final_prompt_token
e_only	14	17310	1	0.09115570783615112	0.09115570783615112	32	generated_token_2
e_only	14	28429	1	0.08881787955760956	0.08881787955760956	32	generated_token_3
e_only	14	28608	1	0.13002489507198334	0.13002489507198334	32	generated_token_10
e_only	14	4880	1	0.11529162526130676	0.11529162526130676	33	final_prompt_token
e_only	14	5759	1	0.10663753747940063	0.10663753747940063	33	generated_token_5
e_only	14	22498	1	0.12812986969947815	0.12812986969947815	33	generated_token_10
e_only	14	25465	1	0.0906384140253067	0.0906384140253067	33	generated_token_2
e_only	14	32000	1	0.1196998804807663	0.1196998804807663	33	generated_token_1
e_only	14	2176	1	0.11421862989664078	0.11421862989664078	34	final_prompt_token
e_only	14	4002	1	0.11936691403388977	0.11936691403388977	34	generated_token_1
e_only	14	5661	1	0.08887894451618195	0.08887894451618195	34	generated_token_2
e_only	14	6533	1	0.08684070408344269	0.08684070408344269	34	generated_token_3
e_only	14	10294	1	0.12480882555246353	0.12480882555246353	34	generated_token_10
e_only	14	10728	1	0.10526030510663986	0.10526030510663986	34	generated_token_5
e_only	14	320	1	0.11131633818149567	0.11131633818149567	35	generated_token_1
e_only	14	941	1	0.08601291477680206	0.08601291477680206	35	generated_token_3
e_only	14	2188	1	0.10170037299394608	0.10170037299394608	35	generated_token_20
e_only	14	9848	1	0.10325852036476135	0.10325852036476135	35	generated_token_5
e_only	14	16382	1	0.11370793730020523	0.11370793730020523	35	final_prompt_token
e_only	14	21878	1	0.08857160061597824	0.08857160061597824	35	generated_token_2
e_only	14	3141	1	0.11236123740673065	0.11236123740673065	36	final_prompt_token
e_only	14	10310	1	0.12321612238883972	0.12321612238883972	36	generated_token_10
e_only	14	15153	1	0.09611725062131882	0.09611725062131882	36	generated_token_4
e_only	14	26093	1	0.09997329115867615	0.09997329115867615	36	generated_token_20
e_only	14	5588	1	0.0963611826300621	0.0963611826300621	37	generated_token_5
e_only	14	14679	1	0.11232464015483856	0.11232464015483856	37	final_prompt_token
e_only	14	20426	1	0.12262878566980362	0.12262878566980362	37	generated_token_10
e_only	14	31511	1	0.08452445268630981	0.08452445268630981	37	generated_token_3
e_only	14	2386	1	0.12080956995487213	0.12080956995487213	38	generated_token_10
e_only	14	11944	1	0.1079685389995575	0.1079685389995575	38	generated_token_1
e_only	14	13893	1	0.09804677218198776	0.09804677218198776	38	generated_token_20
e_only	14	18166	1	0.11142221093177795	0.11142221093177795	38	final_prompt_token
e_only	14	22153	1	0.08081433176994324	0.08081433176994324	38	generated_token_2
e_only	14	1949	1	0.07951848208904266	0.07951848208904266	39	generated_token_3
e_only	14	9030	1	0.10946069657802582	0.10946069657802582	39	final_prompt_token
e_only	14	12250	1	0.08071602135896683	0.08071602135896683	39	generated_token_2
e_only	14	18514	1	0.09659147262573242	0.09659147262573242	39	generated_token_20
e_only	14	26502	1	0.09438690543174744	0.09438690543174744	39	generated_token_5
e_only	14	30545	1	0.12020644545555115	0.12020644545555115	39	generated_token_10
e_only	14	84	1	0.08014930784702301	0.08014930784702301	40	generated_token_2
e_only	14	5390	1	0.1059776321053505	0.1059776321053505	40	generated_token_1
e_only	14	13883	1	0.09058087319135666	0.09058087319135666	40	generated_token_20
e_only	14	17193	1	0.10930433869361877	0.10930433869361877	40	final_prompt_token
e_only	14	25907	1	0.07940728962421417	0.07940728962421417	40	generated_token_3
e_only	14	31735	1	0.09065704792737961	0.09065704792737961	40	generated_token_5
e_only	14	10235	1	0.07819290459156036	0.07819290459156036	41	generated_token_3
e_only	14	19955	1	0.10190260410308838	0.10190260410308838	41	generated_token_1
e_only	14	20385	1	0.07991345226764679	0.07991345226764679	41	generated_token_2
e_only	14	1779	1	0.08823833614587784	0.08823833614587784	42	generated_token_5
e_only	14	9099	1	0.10074815899133682	0.10074815899133682	42	generated_token_1
e_only	14	9411	1	0.08734641969203949	0.08734641969203949	42	generated_token_20
e_only	14	12323	1	0.10510889440774918	0.10510889440774918	42	final_prompt_token
e_only	14	13131	1	0.07919584214687347	0.07919584214687347	42	generated_token_2
e_only	14	8347	1	0.08978994190692902	0.08978994190692902	43	generated_token_4
e_only	14	14974	1	0.09926755726337433	0.09926755726337433	43	generated_token_1
e_only	14	25734	1	0.08628030121326447	0.08628030121326447	43	generated_token_5
e_only	14	26577	1	0.07914996147155762	0.07914996147155762	43	generated_token_2
e_only	14	27713	1	0.08628787100315094	0.08628787100315094	43	generated_token_20
e_only	14	30679	1	0.1125197559595108	0.1125197559595108	43	generated_token_10
e_only	14	2289	1	0.08547703921794891	0.08547703921794891	44	generated_token_5
e_only	14	4670	1	0.11001154035329819	0.11001154035329819	44	generated_token_10
e_only	14	9065	1	0.09464766085147858	0.09464766085147858	44	generated_token_1
e_only	14	10976	1	0.10422342270612717	0.10422342270612717	44	final_prompt_token
e_only	14	26926	1	0.08439048379659653	0.08439048379659653	45	generated_token_5
e_only	14	28830	1	0.10294246673583984	0.10294246673583984	45	final_prompt_token
e_only	14	29675	1	0.1077093631029129	0.1077093631029129	45	generated_token_10
e_only	14	64	1	0.10765434056520462	0.10765434056520462	46	generated_token_10
e_only	14	1102	1	0.07556981593370438	0.07556981593370438	46	generated_token_3
e_only	14	19473	1	0.10247952491044998	0.10247952491044998	46	final_prompt_token
e_only	14	26050	1	0.07638883590698242	0.07638883590698242	46	generated_token_2
e_only	14	31983	1	0.08212487399578094	0.08212487399578094	46	generated_token_5
e_only	14	4503	1	0.08552826941013336	0.08552826941013336	47	generated_token_4
e_only	14	10786	1	0.08178038895130157	0.08178038895130157	47	generated_token_5
e_only	14	15173	1	0.07552525401115417	0.07552525401115417	47	generated_token_2
e_only	14	26237	1	0.10091342031955719	0.10091342031955719	47	final_prompt_token
e_only	14	27455	1	0.10729186236858368	0.10729186236858368	47	generated_token_10
e_only	14	30866	1	0.09047509729862213	0.09047509729862213	47	generated_token_1
e_only	14	4049	1	0.10617545247077942	0.10617545247077942	48	generated_token_10
e_only	14	16325	1	0.10052164644002914	0.10052164644002914	48	final_prompt_token
e_only	14	24644	1	0.08134353160858154	0.08134353160858154	48	generated_token_5
e_only	14	25857	1	0.08446983247995377	0.08446983247995377	48	generated_token_20
e_only	14	29208	1	0.08912038058042526	0.08912038058042526	48	generated_token_1
e_only	14	1576	1	0.07327979803085327	0.07327979803085327	49	generated_token_2
e_only	14	3034	1	0.08320815116167068	0.08320815116167068	49	generated_token_4
e_only	14	12409	1	0.08900102227926254	0.08900102227926254	49	generated_token_1
e_only	14	24379	1	0.09833589196205139	0.09833589196205139	49	final_prompt_token
e_only	14	1876	1	0.07271502912044525	0.07271502912044525	50	generated_token_2
e_only	14	3001	1	0.09690602123737335	0.09690602123737335	50	final_prompt_token
e_only	14	18862	1	0.07221422344446182	0.07221422344446182	50	generated_token_3
e_only	14	22763	1	0.10398492217063904	0.10398492217063904	50	generated_token_10
e_only	26	2938	8	1.4511746317148209	2.1786234378814697	1	final_prompt_token,generated_token_1,generated_token_10,generated_token_2,generated_token_20,generated_token_3,generated_token_4,generated_token_5
e_only	26	12034	7	0.19991297807012284	0.23818650841712952	10	generated_token_1,generated_token_10,generated_token_2,generated_token_20,generated_token_3,generated_token_4,generated_token_5
e_only	26	18198	6	0.2628195372720559	0.4577169418334961	6	final_prompt_token,generated_token_1,generated_token_2,generated_token_3,generated_token_4,generated_token_5
e_only	26	19389	5	0.39499084949493407	0.5360754132270813	4	final_prompt_token,generated_token_1,generated_token_2,generated_token_3,generated_token_5
e_only	26	1953	5	0.2753343164920807	0.3658056855201721	7	generated_token_10,generated_token_20,generated_token_3,generated_token_4,generated_token_5
e_only	26	21572	5	0.18718256056308746	0.2671157419681549	13	generated_token_1,generated_token_2,generated_token_20,generated_token_3,generated_token_4
e_only	26	20909	4	0.3567061945796013	0.6118149757385254	1	generated_token_1,generated_token_2,generated_token_3,generated_token_4
e_only	26	271	4	0.2678784169256687	0.5227555632591248	2	generated_token_10,generated_token_20,generated_token_4,generated_token_5
e_only	26	15971	4	0.40592554956674576	0.46922141313552856	2	generated_token_10,generated_token_20,generated_token_3,generated_token_4
e_only	26	5412	4	0.33446258679032326	0.41866445541381836	3	generated_token_1,generated_token_2,generated_token_4,generated_token_5
e_only	26	27446	4	0.3599449247121811	0.4823022484779358	3	generated_token_10,generated_token_20,generated_token_3,generated_token_4
e_only	26	7982	4	0.200733982026577	0.29536086320877075	8	final_prompt_token,generated_token_1,generated_token_2,generated_token_5
e_only	26	23178	4	0.19096650555729866	0.32316726446151733	9	generated_token_1,generated_token_2,generated_token_20,generated_token_4
e_only	26	10636	4	0.16090412437915802	0.17799688875675201	16	generated_token_2,generated_token_20,generated_token_3,generated_token_4
e_only	26	30450	4	0.1811036765575409	0.26479873061180115	19	generated_token_1,generated_token_2,generated_token_3,generated_token_5
e_only	26	30974	4	0.16441897675395012	0.26035526394844055	21	generated_token_1,generated_token_2,generated_token_20,generated_token_4
e_only	26	23662	4	0.14651810750365257	0.19424092769622803	26	generated_token_10,generated_token_20,generated_token_4,generated_token_5
e_only	26	10585	3	0.3229020635286967	0.4493691325187683	2	generated_token_20,generated_token_3,generated_token_4
e_only	26	22182	3	0.2917730634411176	0.42682161927223206	2	generated_token_1,generated_token_2,generated_token_4
e_only	26	25141	3	0.21805144846439362	0.34526145458221436	3	generated_token_20,generated_token_3,generated_token_4
e_only	26	2438	3	0.2696017324924469	0.32239580154418945	4	generated_token_20,generated_token_3,generated_token_4
e_only	26	2665	3	0.346431960662206	0.44068658351898193	5	generated_token_10,generated_token_20,generated_token_4
e_only	26	30911	3	0.25173691908518475	0.3644590973854065	6	generated_token_1,generated_token_10,generated_token_2
e_only	26	31073	3	0.25472251574198407	0.37817758321762085	6	final_prompt_token,generated_token_1,generated_token_2
e_only	26	23189	3	0.24012681345144907	0.30932503938674927	7	generated_token_20,generated_token_3,generated_token_4
e_only	26	25290	3	0.275385042031606	0.29549330472946167	7	generated_token_20,generated_token_3,generated_token_4
e_only	26	1408	3	0.2434880038102468	0.31089353561401367	9	generated_token_10,generated_token_20,generated_token_4
e_only	26	11760	3	0.20891577998797098	0.24141688644886017	11	generated_token_20,generated_token_3,generated_token_4
e_only	26	29434	3	0.18788046638170877	0.21016362309455872	11	generated_token_20,generated_token_3,generated_token_4
e_only	26	11256	3	0.23776871462663016	0.2874482274055481	12	final_prompt_token,generated_token_1,generated_token_5
e_only	26	27348	3	0.21809697151184082	0.2528964579105377	13	generated_token_10,generated_token_20,generated_token_4
e_only	26	17023	3	0.17463054756323496	0.18746614456176758	14	generated_token_20,generated_token_3,generated_token_4
e_only	26	24567	3	0.20944897830486298	0.2375284731388092	14	generated_token_20,generated_token_3,generated_token_4
e_only	26	28048	3	0.2014313836892446	0.2075316458940506	15	generated_token_10,generated_token_20,generated_token_4
e_only	26	4236	3	0.1866709440946579	0.21945685148239136	16	generated_token_10,generated_token_20,generated_token_4
e_only	26	4067	3	0.16322128474712372	0.18199820816516876	17	generated_token_20,generated_token_3,generated_token_4
e_only	26	4456	3	0.1916926900545756	0.21360810101032257	17	generated_token_10,generated_token_20,generated_token_4
e_only	26	12991	3	0.1552673801779747	0.23360764980316162	17	generated_token_20,generated_token_3,generated_token_5
e_only	26	1464	3	0.1555801679690679	0.17443017661571503	21	generated_token_20,generated_token_3,generated_token_4
e_only	26	16024	3	0.13728599001963934	0.16494813561439514	23	generated_token_20,generated_token_3,generated_token_4
e_only	26	31664	3	0.18954399724801382	0.20072472095489502	24	final_prompt_token,generated_token_2,generated_token_5
e_only	26	20174	3	0.17632363736629486	0.194778174161911	25	generated_token_1,generated_token_2,generated_token_5
e_only	26	31640	3	0.1160605972011884	0.12276213616132736	29	generated_token_20,generated_token_3,generated_token_4
e_only	26	30237	3	0.1336766630411148	0.17993970215320587	32	generated_token_10,generated_token_20,generated_token_4
e_only	26	29768	3	0.10940974205732346	0.11320105940103531	34	generated_token_20,generated_token_3,generated_token_4
e_only	26	29668	2	0.4196699857711792	0.4513651430606842	3	generated_token_20,generated_token_4
e_only	26	20330	2	0.30701129138469696	0.3759954571723938	5	generated_token_1,generated_token_2
e_only	26	8347	2	0.3009873628616333	0.3044111132621765	6	generated_token_20,generated_token_4
e_only	26	28289	2	0.31419537961483	0.35232648253440857	7	generated_token_2,generated_token_5
e_only	26	6429	2	0.25239650905132294	0.29235678911209106	10	final_prompt_token,generated_token_1
e_only	26	7164	2	0.2019210159778595	0.20492172241210938	12	generated_token_2,generated_token_3
e_only	26	30499	2	0.22101395577192307	0.2955056428909302	13	generated_token_1,generated_token_2
e_only	26	25004	2	0.23875588923692703	0.26709115505218506	14	generated_token_1,generated_token_2
e_only	26	12130	2	0.23261354118585587	0.2890799045562744	15	generated_token_1,generated_token_2
e_only	26	23071	2	0.2706492692232132	0.27906090021133423	16	generated_token_1,generated_token_2
e_only	26	12323	2	0.2355838119983673	0.2636457085609436	20	final_prompt_token,generated_token_1
e_only	26	8882	2	0.1896207556128502	0.20072519779205322	22	final_prompt_token,generated_token_5
e_only	26	11331	2	0.18422356247901917	0.21216890215873718	22	generated_token_1,generated_token_2
e_only	26	2042	2	0.19718381762504578	0.20055237412452698	23	generated_token_10,generated_token_5
e_only	26	20458	2	0.1389651596546173	0.14373022317886353	24	generated_token_20,generated_token_3
e_only	26	25310	2	0.17945149540901184	0.1901867389678955	26	generated_token_1,generated_token_2
e_only	26	16080	2	0.12496913969516754	0.14368221163749695	27	generated_token_20,generated_token_4
e_only	26	21339	2	0.1174672581255436	0.13822805881500244	29	generated_token_3,generated_token_4
e_only	26	12676	2	0.172747403383255	0.18067118525505066	30	generated_token_1,generated_token_2
e_only	26	8619	2	0.15103767812252045	0.21285521984100342	31	generated_token_1,generated_token_3
e_only	26	12760	2	0.14360741525888443	0.17252320051193237	31	generated_token_2,generated_token_3
e_only	26	11175	2	0.1452963463962078	0.18172791600227356	33	generated_token_20,generated_token_5
e_only	26	14409	2	0.17378148436546326	0.20153367519378662	34	generated_token_1,generated_token_2
e_only	26	15396	2	0.10434732586145401	0.10480436682701111	35	generated_token_3,generated_token_4
e_only	26	23103	2	0.11189820989966393	0.12313727289438248	35	generated_token_20,generated_token_4
e_only	26	6060	2	0.1791813224554062	0.19831794500350952	36	generated_token_1,generated_token_2
e_only	26	10242	2	0.11037633568048477	0.11935664713382721	37	generated_token_20,generated_token_4
e_only	26	2126	2	0.10426580160856247	0.11477742344141006	38	generated_token_20,generated_token_3
e_only	26	9241	2	0.0990559309720993	0.10186800360679626	40	generated_token_3,generated_token_4
e_only	26	4795	2	0.15661464631557465	0.16712194681167603	44	final_prompt_token,generated_token_2
e_only	26	30201	1	1.4098148345947266	1.4098148345947266	1	generated_token_5
e_only	26	12068	1	0.5611109733581543	0.5611109733581543	2	generated_token_10
e_only	26	18937	1	0.7635862827301025	0.7635862827301025	2	final_prompt_token
e_only	26	8481	1	0.5559719800949097	0.5559719800949097	3	generated_token_1
e_only	26	26395	1	0.47679299116134644	0.47679299116134644	3	generated_token_5
e_only	26	28713	1	0.5464737415313721	0.5464737415313721	3	final_prompt_token
e_only	26	13568	1	0.4482012391090393	0.4482012391090393	4	generated_token_10
e_only	26	23027	1	0.48533663153648376	0.48533663153648376	4	generated_token_1
e_only	26	5257	1	0.4200044274330139	0.4200044274330139	5	final_prompt_token
e_only	26	1064	1	0.2878492474555969	0.2878492474555969	6	generated_token_3
e_only	26	8659	1	0.3381807208061218	0.3381807208061218	6	generated_token_20
e_only	26	26598	1	0.368346631526947	0.368346631526947	6	generated_token_5
e_only	26	10355	1	0.2824416756629944	0.2824416756629944	7	generated_token_3
e_only	26	11145	1	0.300505667924881	0.300505667924881	7	generated_token_5
e_only	26	12184	1	0.42984774708747864	0.42984774708747864	7	generated_token_1
e_only	26	22907	1	0.3210391402244568	0.3210391402244568	8	generated_token_10
e_only	26	26056	1	0.33049485087394714	0.33049485087394714	8	final_prompt_token
e_only	26	28997	1	0.42417579889297485	0.42417579889297485	8	generated_token_1
e_only	26	1626	1	0.31347382068634033	0.31347382068634033	9	final_prompt_token
e_only	26	10954	1	0.2763134241104126	0.2763134241104126	9	generated_token_5
e_only	26	8339	1	0.2474406659603119	0.2474406659603119	10	generated_token_10
e_only	26	22915	1	0.30906030535697937	0.30906030535697937	10	generated_token_2
e_only	26	31420	1	0.3914531469345093	0.3914531469345093	10	generated_token_1
e_only	26	15489	1	0.38550323247909546	0.38550323247909546	11	generated_token_1
e_only	26	19687	1	0.27035921812057495	0.27035921812057495	11	generated_token_2
e_only	26	23344	1	0.24479340016841888	0.24479340016841888	11	generated_token_10
e_only	26	32698	1	0.2885214388370514	0.2885214388370514	11	final_prompt_token
e_only	26	13348	1	0.2654283046722412	0.2654283046722412	12	generated_token_20
e_only	26	18765	1	0.23757706582546234	0.23757706582546234	12	generated_token_10
e_only	26	31206	1	0.2654884457588196	0.2654884457588196	12	generated_token_5
e_only	26	4204	1	0.28283554315567017	0.28283554315567017	13	final_prompt_token
e_only	26	23437	1	0.2594941258430481	0.2594941258430481	13	generated_token_5
e_only	26	30871	1	0.22932447493076324	0.22932447493076324	13	generated_token_10
e_only	26	800	1	0.2240598052740097	0.2240598052740097	14	generated_token_10
e_only	26	3532	1	0.27147743105888367	0.27147743105888367	14	final_prompt_token
e_only	26	20971	1	0.29077449440956116	0.29077449440956116	14	generated_token_1
e_only	26	14949	1	0.24983978271484375	0.24983978271484375	15	generated_token_5
e_only	26	16475	1	0.26264503598213196	0.26264503598213196	15	final_prompt_token
e_only	26	18870	1	0.17814788222312927	0.17814788222312927	15	generated_token_3
e_only	26	19591	1	0.2667025029659271	0.2667025029659271	15	generated_token_2
e_only	26	17394	1	0.255354642868042	0.255354642868042	16	final_prompt_token
e_only	26	23534	1	0.21474309265613556	0.21474309265613556	16	generated_token_10
e_only	26	25960	1	0.24982672929763794	0.24982672929763794	16	generated_token_5
e_only	26	4269	1	0.26660794019699097	0.26660794019699097	17	generated_token_1
e_only	26	21478	1	0.24535390734672546	0.24535390734672546	17	final_prompt_token
e_only	26	22584	1	0.21385174989700317	0.21385174989700317	17	generated_token_10
e_only	26	30299	1	0.2566489577293396	0.2566489577293396	17	generated_token_2
e_only	26	3918	1	0.23147791624069214	0.23147791624069214	18	generated_token_5
e_only	26	21517	1	0.22795620560646057	0.22795620560646057	18	final_prompt_token
e_only	26	6194	1	0.2271919846534729	0.2271919846534729	19	final_prompt_token
e_only	26	29872	1	0.2310013622045517	0.2310013622045517	19	generated_token_2
e_only	26	12310	1	0.226087749004364	0.226087749004364	20	generated_token_2
e_only	26	14727	1	0.22211627662181854	0.22211627662181854	20	final_prompt_token
e_only	26	25800	1	0.21853548288345337	0.21853548288345337	20	generated_token_5
e_only	26	29246	1	0.20265573263168335	0.20265573263168335	20	generated_token_10
e_only	26	6021	1	0.2189594954252243	0.2189594954252243	21	final_prompt_token
e_only	26	19295	1	0.20154759287834167	0.20154759287834167	21	generated_token_10
e_only	26	22822	1	0.15176406502723694	0.15176406502723694	21	generated_token_3
e_only	26	28414	1	0.2129479944705963	0.2129479944705963	21	generated_token_2
e_only	26	32706	1	0.20448321104049683	0.20448321104049683	21	generated_token_5
e_only	26	9467	1	0.14468714594841003	0.14468714594841003	22	generated_token_3
e_only	26	16616	1	0.20072656869888306	0.20072656869888306	22	generated_token_10
e_only	26	26259	1	0.2526431083679199	0.2526431083679199	22	generated_token_1
e_only	26	28392	1	0.21087907254695892	0.21087907254695892	22	final_prompt_token
e_only	26	25721	1	0.20928072929382324	0.20928072929382324	23	final_prompt_token
e_only	26	1438	1	0.19802232086658478	0.19802232086658478	24	generated_token_5
e_only	26	31115	1	0.19965635240077972	0.19965635240077972	24	generated_token_10
e_only	26	4893	1	0.19731813669204712	0.19731813669204712	25	generated_token_5
e_only	26	13935	1	0.20689791440963745	0.20689791440963745	25	final_prompt_token
e_only	26	31304	1	0.19559568166732788	0.19559568166732788	25	generated_token_10
e_only	26	29131	1	0.19557246565818787	0.19557246565818787	26	generated_token_5
e_only	26	6627	1	0.23500123620033264	0.23500123620033264	27	generated_token_1
e_only	26	11309	1	0.18780729174613953	0.18780729174613953	27	generated_token_10
e_only	26	22078	1	0.20483259856700897	0.20483259856700897	27	final_prompt_token
e_only	26	27317	1	0.18372297286987305	0.18372297286987305	27	generated_token_2
e_only	26	2433	1	0.18227127194404602	0.18227127194404602	28	generated_token_2
e_only	26	13188	1	0.11672592908143997	0.11672592908143997	28	generated_token_3
e_only	26	16255	1	0.19298984110355377	0.19298984110355377	28	generated_token_5
e_only	26	25325	1	0.20417064428329468	0.20417064428329468	28	final_prompt_token
e_only	26	27583	1	0.18483224511146545	0.18483224511146545	28	generated_token_10
e_only	26	19752	1	0.20310862362384796	0.20310862362384796	29	final_prompt_token
e_only	26	10146	1	0.2235502302646637	0.2235502302646637	30	generated_token_1
e_only	26	23287	1	0.1873098611831665	0.1873098611831665	30	generated_token_5
e_only	26	29611	1	0.19409450888633728	0.19409450888633728	30	final_prompt_token
e_only	26	3241	1	0.19047662615776062	0.19047662615776062	31	final_prompt_token
e_only	26	15276	1	0.1868017017841339	0.1868017017841339	31	generated_token_5
e_only	26	19668	1	0.179303377866745	0.179303377866745	31	generated_token_2
e_only	26	19801	1	0.1811523735523224	0.1811523735523224	31	generated_token_10
e_only	26	11397	1	0.18239930272102356	0.18239930272102356	32	generated_token_5
e_only	26	17869	1	0.18483826518058777	0.18483826518058777	32	final_prompt_token
e_only	26	20819	1	0.11174961924552917	0.11174961924552917	32	generated_token_3
e_only	26	28995	1	0.13416022062301636	0.13416022062301636	32	generated_token_20
e_only	26	2769	1	0.13374222815036774	0.13374222815036774	33	generated_token_20
e_only	26	5702	1	0.17886824905872345	0.17886824905872345	33	generated_token_10
e_only	26	15160	1	0.11105401813983917	0.11105401813983917	33	generated_token_3
e_only	26	15954	1	0.18389061093330383	0.18389061093330383	33	final_prompt_token
e_only	26	30890	1	0.1751316785812378	0.1751316785812378	33	generated_token_2
e_only	26	1162	1	0.1796625554561615	0.1796625554561615	34	generated_token_5
e_only	26	24459	1	0.17717614769935608	0.17717614769935608	34	generated_token_10
e_only	26	28542	1	0.18316683173179626	0.18316683173179626	34	final_prompt_token
e_only	26	8915	1	0.1815192997455597	0.1815192997455597	35	final_prompt_token
e_only	26	13250	1	0.1769951432943344	0.1769951432943344	35	generated_token_10
e_only	26	19843	1	0.1210683062672615	0.1210683062672615	35	generated_token_4
e_only	26	25098	1	0.1722107231616974	0.1722107231616974	35	generated_token_2
e_only	26	26803	1	0.1983669400215149	0.1983669400215149	35	generated_token_1
e_only	26	362	1	0.12059658020734787	0.12059658020734787	36	generated_token_20
e_only	26	17846	1	0.1683230698108673	0.1683230698108673	36	generated_token_5
e_only	26	7698	1	0.19732797145843506	0.19732797145843506	37	generated_token_1
e_only	26	10914	1	0.16420957446098328	0.16420957446098328	37	generated_token_2
e_only	26	14875	1	0.09697145968675613	0.09697145968675613	37	generated_token_3
e_only	26	21561	1	0.1721900850534439	0.1721900850534439	37	generated_token_10
e_only	26	9122	1	0.09677276015281677	0.09677276015281677	38	generated_token_3
e_only	26	9222	1	0.17094126343727112	0.17094126343727112	38	generated_token_10
e_only	26	10337	1	0.16541120409965515	0.16541120409965515	38	generated_token_5
e_only	26	24341	1	0.18263326585292816	0.18263326585292816	38	generated_token_1
e_only	26	24896	1	0.1782296746969223	0.1782296746969223	38	final_prompt_token
e_only	26	7238	1	0.17810185253620148	0.17810185253620148	39	final_prompt_token
e_only	26	10699	1	0.15825387835502625	0.15825387835502625	39	generated_token_2
e_only	26	23717	1	0.170405775308609	0.170405775308609	39	generated_token_10
e_only	26	23775	1	0.11020401120185852	0.11020401120185852	39	generated_token_20
e_only	26	24678	1	0.18130093812942505	0.18130093812942505	39	generated_token_1
e_only	26	30205	1	0.16292519867420197	0.16292519867420197	39	generated_token_5
e_only	26	1076	1	0.17738908529281616	0.17738908529281616	40	generated_token_1
e_only	26	4494	1	0.1774621605873108	0.1774621605873108	40	final_prompt_token
e_only	26	9410	1	0.15795937180519104	0.15795937180519104	40	generated_token_2
e_only	26	19456	1	0.1626497060060501	0.1626497060060501	40	generated_token_5
e_only	26	20829	1	0.11187903583049774	0.11187903583049774	40	generated_token_4
e_only	26	23573	1	0.16883978247642517	0.16883978247642517	40	generated_token_10
e_only	26	3424	1	0.1686311960220337	0.1686311960220337	41	generated_token_10
e_only	26	8472	1	0.0951901525259018	0.0951901525259018	41	generated_token_3
e_only	26	25491	1	0.1111793965101242	0.1111793965101242	41	generated_token_4
e_only	26	30033	1	0.1774105280637741	0.1774105280637741	41	final_prompt_token
e_only	26	704	1	0.16072186827659607	0.16072186827659607	42	generated_token_5
e_only	26	1651	1	0.1666087806224823	0.1666087806224823	42	generated_token_10
e_only	26	15078	1	0.17202158272266388	0.17202158272266388	42	final_prompt_token
e_only	26	24141	1	0.09488729387521744	0.09488729387521744	42	generated_token_3
e_only	26	28992	1	0.11062848567962646	0.11062848567962646	42	generated_token_4
e_only	26	31212	1	0.1489797681570053	0.1489797681570053	42	generated_token_2
e_only	26	5851	1	0.14816932380199432	0.14816932380199432	43	generated_token_2
e_only	26	14687	1	0.10724514722824097	0.10724514722824097	43	generated_token_20
e_only	26	18077	1	0.17071494460105896	0.17071494460105896	43	final_prompt_token
e_only	26	24893	1	0.16593225300312042	0.16593225300312042	43	generated_token_10
e_only	26	394	1	0.09149536490440369	0.09149536490440369	44	generated_token_3
e_only	26	8146	1	0.16311463713645935	0.16311463713645935	44	generated_token_1
e_only	26	8878	1	0.1566041111946106	0.1566041111946106	44	generated_token_5
e_only	26	12949	1	0.1473369151353836	0.1473369151353836	44	generated_token_2
e_only	26	18739	1	0.16541095077991486	0.16541095077991486	44	generated_token_10
e_only	26	3748	1	0.1565503478050232	0.1565503478050232	45	generated_token_5
e_only	26	10066	1	0.16697856783866882	0.16697856783866882	45	final_prompt_token
e_only	26	17645	1	0.16294556856155396	0.16294556856155396	45	generated_token_10
e_only	26	28721	1	0.16081438958644867	0.16081438958644867	45	generated_token_1
e_only	26	4328	1	0.10277390480041504	0.10277390480041504	46	generated_token_4
e_only	26	15582	1	0.15595608949661255	0.15595608949661255	46	generated_token_5
e_only	26	21054	1	0.15957097709178925	0.15957097709178925	46	generated_token_10
e_only	26	24636	1	0.16637295484542847	0.16637295484542847	46	final_prompt_token
e_only	26	27910	1	0.08951136469841003	0.08951136469841003	46	generated_token_3
e_only	26	28989	1	0.1595478355884552	0.1595478355884552	47	generated_token_10
e_only	26	30524	1	0.15561237931251526	0.15561237931251526	47	generated_token_1
e_only	26	31784	1	0.1645769625902176	0.1645769625902176	47	final_prompt_token
e_only	26	32650	1	0.1552739441394806	0.1552739441394806	47	generated_token_5
e_only	26	5423	1	0.15424339473247528	0.15424339473247528	48	generated_token_5
e_only	26	9303	1	0.15445291996002197	0.15445291996002197	48	generated_token_1
e_only	26	23977	1	0.160762220621109	0.160762220621109	48	final_prompt_token
e_only	26	27159	1	0.1588820517063141	0.1588820517063141	48	generated_token_10
e_only	26	29592	1	0.08844073116779327	0.08844073116779327	48	generated_token_3
e_only	26	3316	1	0.10222332179546356	0.10222332179546356	49	generated_token_20
e_only	26	19059	1	0.1444910168647766	0.1444910168647766	49	generated_token_2
e_only	26	23583	1	0.15842171013355255	0.15842171013355255	49	final_prompt_token
e_only	26	26723	1	0.15393905341625214	0.15393905341625214	49	generated_token_5
e_only	26	32607	1	0.1008203849196434	0.1008203849196434	49	generated_token_4
e_only	26	707	1	0.14988401532173157	0.14988401532173157	50	generated_token_5
e_only	26	1880	1	0.1533927321434021	0.1533927321434021	50	generated_token_1
e_only	26	20942	1	0.0844457745552063	0.0844457745552063	50	generated_token_3
e_only	26	22607	1	0.10165868699550629	0.10165868699550629	50	generated_token_20
e_only	26	22681	1	0.15277427434921265	0.15277427434921265	50	generated_token_10
e_only	26	23140	1	0.15768098831176758	0.15768098831176758	50	final_prompt_token
s_c_only	14	2961	8	0.6495713591575623	0.9841079711914062	1	final_prompt_token,generated_token_1,generated_token_10,generated_token_2,generated_token_20,generated_token_3,generated_token_4,generated_token_5
s_c_only	14	31733	7	0.21493283127035415	0.29355791211128235	3	generated_token_1,generated_token_10,generated_token_2,generated_token_20,generated_token_3,generated_token_4,generated_token_5
s_c_only	14	11831	6	0.1442965492606163	0.20421230792999268	6	final_prompt_token,generated_token_1,generated_token_2,generated_token_20,generated_token_3,generated_token_4
s_c_only	14	5329	5	0.2982123076915741	0.4626188576221466	2	generated_token_1,generated_token_2,generated_token_3,generated_token_4,generated_token_5
s_c_only	14	31706	5	0.25647163987159727	0.41699522733688354	4	generated_token_10,generated_token_2,generated_token_3,generated_token_4,generated_token_5
s_c_only	14	10804	5	0.13473641723394394	0.20289088785648346	9	final_prompt_token,generated_token_1,generated_token_2,generated_token_3,generated_token_5
s_c_only	14	2021	4	0.2936881370842457	0.3872348964214325	3	generated_token_2,generated_token_3,generated_token_4,generated_token_5
s_c_only	14	23673	4	0.28114280849695206	0.3190188407897949	5	generated_token_2,generated_token_3,generated_token_4,generated_token_5
s_c_only	14	7801	4	0.24350208789110184	0.3817341923713684	6	generated_token_2,generated_token_3,generated_token_4,generated_token_5
s_c_only	14	19440	4	0.14915408939123154	0.22795653343200684	9	final_prompt_token,generated_token_1,generated_token_2,generated_token_5
s_c_only	14	23726	4	0.118781179189682	0.14821207523345947	11	generated_token_10,generated_token_2,generated_token_3,generated_token_5
s_c_only	14	32065	4	0.13194365426898003	0.15772703289985657	13	generated_token_2,generated_token_3,generated_token_4,generated_token_5
s_c_only	14	17072	4	0.13172487542033195	0.17816674709320068	21	generated_token_10,generated_token_3,generated_token_4,generated_token_5
s_c_only	14	28830	4	0.12878930941224098	0.16436102986335754	21	final_prompt_token,generated_token_2,generated_token_4,generated_token_5
s_c_only	14	11914	4	0.10834666714072227	0.14618749916553497	27	generated_token_2,generated_token_3,generated_token_4,generated_token_5
s_c_only	14	31908	4	0.0952916331589222	0.12244634330272675	29	generated_token_1,generated_token_10,generated_token_2,generated_token_5
s_c_only	14	26050	4	0.10753695666790009	0.1244964748620987	32	final_prompt_token,generated_token_1,generated_token_20,generated_token_4
s_c_only	14	22870	3	0.13854004194339117	0.2060680091381073	4	generated_token_10,generated_token_2,generated_token_5
s_c_only	14	24339	3	0.20484197636445364	0.3080482482910156	8	generated_token_2,generated_token_3,generated_token_4
s_c_only	14	11726	3	0.10818071166674297	0.13241718709468842	12	generated_token_1,generated_token_20,generated_token_5
s_c_only	14	16801	3	0.1502532660961151	0.15080052614212036	12	final_prompt_token,generated_token_1,generated_token_4
s_c_only	14	32315	3	0.17120440800984701	0.2163064181804657	12	generated_token_2,generated_token_3,generated_token_5
s_c_only	14	12817	3	0.12512135008970895	0.14432182908058167	13	final_prompt_token,generated_token_1,generated_token_10
s_c_only	14	16799	3	0.13729422291119894	0.1765756458044052	16	generated_token_2,generated_token_3,generated_token_5
s_c_only	14	9030	3	0.12163235247135162	0.13175421953201294	17	final_prompt_token,generated_token_1,generated_token_5
s_c_only	14	20402	3	0.12241113185882568	0.1389472484588623	18	generated_token_10,generated_token_3,generated_token_4
s_c_only	14	26599	3	0.11833076427380244	0.15672150254249573	18	generated_token_1,generated_token_2,generated_token_5
s_c_only	14	25151	3	0.11654583364725113	0.1425056904554367	19	final_prompt_token,generated_token_1,generated_token_20
s_c_only	14	30010	3	0.09751331061124802	0.10369528084993362	27	generated_token_1,generated_token_10,generated_token_20
s_c_only	14	389	2	0.30988839268684387	0.48341789841651917	2	generated_token_3,generated_token_4
s_c_only	14	7163	2	0.1941264346241951	0.3097307085990906	4	final_prompt_token,generated_token_1
s_c_only	14	17656	2	0.21077485382556915	0.27388089895248413	5	final_prompt_token,generated_token_1
s_c_only	14	27591	2	0.19413208216428757	0.29066216945648193	6	generated_token_3,generated_token_5
s_c_only	14	19010	2	0.19283945113420486	0.27860504388809204	7	generated_token_3,generated_token_5
s_c_only	14	20064	2	0.15889249742031097	0.23565177619457245	7	generated_token_1,generated_token_2
s_c_only	14	111	2	0.12249710410833359	0.15230435132980347	8	generated_token_10,generated_token_20
s_c_only	14	3046	2	0.2188960686326027	0.27477341890335083	8	generated_token_3,generated_token_5
s_c_only	14	6429	2	0.14691050723195076	0.2137664556503296	8	final_prompt_token,generated_token_1
s_c_only	14	1168	2	0.17655669897794724	0.20631729066371918	9	final_prompt_token,generated_token_1
s_c_only	14	27997	2	0.12183664739131927	0.14675357937812805	9	generated_token_10,generated_token_20
s_c_only	14	6533	2	0.15010284259915352	0.19745954871177673	14	generated_token_10,generated_token_5
s_c_only	14	20878	2	0.10796359181404114	0.12866619229316711	14	generated_token_2,generated_token_3
s_c_only	14	13775	2	0.10832294821739197	0.12594486773014069	15	generated_token_2,generated_token_3
s_c_only	14	24391	2	0.11358453333377838	0.11406327039003372	15	generated_token_10,generated_token_2
s_c_only	14	28065	2	0.13216307759284973	0.1347026228904724	16	final_prompt_token,generated_token_1
s_c_only	14	29787	2	0.14691198617219925	0.19631288945674896	16	generated_token_2,generated_token_4
s_c_only	14	1030	2	0.11591153219342232	0.1567554771900177	17	generated_token_2,generated_token_5
s_c_only	14	15605	2	0.13312753662467003	0.1505594700574875	17	final_prompt_token,generated_token_1
s_c_only	14	11680	2	0.11006806790828705	0.11775936186313629	18	final_prompt_token,generated_token_20
s_c_only	14	8482	2	0.13246425986289978	0.153167724609375	20	generated_token_3,generated_token_5
s_c_only	14	26100	2	0.10927380621433258	0.14014002680778503	22	generated_token_2,generated_token_3
s_c_only	14	30866	2	0.15308424830436707	0.1719026416540146	22	generated_token_4,generated_token_5
s_c_only	14	8289	2	0.0901290774345398	0.10455082356929779	25	generated_token_10,generated_token_2
s_c_only	14	29800	2	0.12945925071835518	0.1604682207107544	26	generated_token_3,generated_token_4
s_c_only	14	7898	2	0.10189513862133026	0.10952700674533844	28	generated_token_2,generated_token_3
s_c_only	14	19	2	0.12846797332167625	0.14749771356582642	29	generated_token_3,generated_token_4
s_c_only	14	29174	2	0.10000842437148094	0.10449906438589096	29	generated_token_10,generated_token_20
s_c_only	14	18034	2	0.0996239185333252	0.12105633318424225	31	generated_token_3,generated_token_5
s_c_only	14	19805	2	0.10830328986048698	0.11446473002433777	31	generated_token_3,generated_token_5
s_c_only	14	2895	2	0.10464437305927277	0.11268235743045807	36	generated_token_3,generated_token_5
s_c_only	14	992	2	0.0976102203130722	0.10818888992071152	40	final_prompt_token,generated_token_10
s_c_only	14	6880	2	0.09746291860938072	0.10705507546663284	41	generated_token_20,generated_token_5
s_c_only	14	6239	2	0.07577893882989883	0.07612458616495132	43	generated_token_2,generated_token_3
s_c_only	14	17021	2	0.08788100630044937	0.10000339150428772	47	generated_token_3,generated_token_5
s_c_only	14	5264	1	0.7025353908538818	0.7025353908538818	1	generated_token_10
s_c_only	14	11495	1	0.8469323515892029	0.8469323515892029	1	generated_token_20
s_c_only	14	26921	1	0.8882458209991455	0.8882458209991455	1	generated_token_4
s_c_only	14	3830	1	0.6307035088539124	0.6307035088539124	2	final_prompt_token
s_c_only	14	12505	1	0.7201847434043884	0.7201847434043884	2	generated_token_5
s_c_only	14	13131	1	0.40377122163772583	0.40377122163772583	2	generated_token_3
s_c_only	14	23427	1	0.4283677339553833	0.4283677339553833	2	generated_token_1
s_c_only	14	31698	1	0.3138660192489624	0.3138660192489624	2	generated_token_20
s_c_only	14	17740	1	0.35579466819763184	0.35579466819763184	3	generated_token_3
s_c_only	14	25542	1	0.44196587800979614	0.44196587800979614	3	generated_token_2
s_c_only	14	30170	1	0.3113231956958771	0.3113231956958771	3	final_prompt_token
s_c_only	14	30735	1	0.3419395983219147	0.3419395983219147	3	generated_token_1
s_c_only	14	23320	1	0.18957458436489105	0.18957458436489105	4	generated_token_20
s_c_only	14	25373	1	0.3976885974407196	0.3976885974407196	4	generated_token_4
s_c_only	14	26237	1	0.29824334383010864	0.29824334383010864	4	generated_token_1
s_c_only	14	165	1	0.3886632025241852	0.3886632025241852	5	generated_token_4
s_c_only	14	7175	1	0.18885581195354462	0.18885581195354462	5	generated_token_10
s_c_only	14	17561	1	0.38737860321998596	0.38737860321998596	5	generated_token_2
s_c_only	14	18079	1	0.18307650089263916	0.18307650089263916	5	generated_token_20
s_c_only	14	18445	1	0.30647629499435425	0.30647629499435425	5	generated_token_3
s_c_only	14	8033	1	0.26491639018058777	0.26491639018058777	6	final_prompt_token
s_c_only	14	9556	1	0.2564200162887573	0.2564200162887573	6	generated_token_1
s_c_only	14	5353	1	0.15528789162635803	0.15528789162635803	7	generated_token_20
s_c_only	14	7380	1	0.31457388401031494	0.31457388401031494	7	generated_token_4
s_c_only	14	11864	1	0.22459419071674347	0.22459419071674347	7	final_prompt_token
s_c_only	14	24049	1	0.152037113904953	0.152037113904953	7	generated_token_10
s_c_only	14	25809	1	0.28204575181007385	0.28204575181007385	7	generated_token_3
s_c_only	14	4936	1	0.23045973479747772	0.23045973479747772	8	generated_token_1
s_c_only	14	26392	1	0.14204958081245422	0.14204958081245422	8	generated_token_10
s_c_only	14	26486	1	0.2723979651927948	0.2723979651927948	8	generated_token_3
s_c_only	14	14272	1	0.13084346055984497	0.13084346055984497	9	generated_token_10
s_c_only	14	18497	1	0.2669638693332672	0.2669638693332672	9	generated_token_5
s_c_only	14	11544	1	0.22425033152103424	0.22425033152103424	10	generated_token_1
s_c_only	14	14052	1	0.1387518048286438	0.1387518048286438	10	generated_token_20
s_c_only	14	31133	1	0.1302562803030014	0.1302562803030014	10	generated_token_10
s_c_only	14	6836	1	0.19739098846912384	0.19739098846912384	11	final_prompt_token
s_c_only	14	8712	1	0.13259683549404144	0.13259683549404144	11	generated_token_20
s_c_only	14	17334	1	0.12383589148521423	0.12383589148521423	11	generated_token_10
s_c_only	14	17835	1	0.12243567407131195	0.12243567407131195	12	generated_token_10
s_c_only	14	23505	1	0.1960286796092987	0.1960286796092987	12	final_prompt_token
s_c_only	14	9909	1	0.19934894144535065	0.19934894144535065	13	generated_token_5
s_c_only	14	10710	1	0.13099102675914764	0.13099102675914764	13	generated_token_20
s_c_only	14	16382	1	0.16336941719055176	0.16336941719055176	13	final_prompt_token
s_c_only	14	19133	1	0.21572691202163696	0.21572691202163696	13	generated_token_4
s_c_only	14	2345	1	0.12655454874038696	0.12655454874038696	14	generated_token_20
s_c_only	14	11464	1	0.16335821151733398	0.16335821151733398	14	final_prompt_token
s_c_only	14	13404	1	0.20406000316143036	0.20406000316143036	14	generated_token_3
s_c_only	14	14711	1	0.1204054057598114	0.1204054057598114	14	generated_token_10
s_c_only	14	29335	1	0.208161860704422	0.208161860704422	14	generated_token_4
s_c_only	14	2176	1	0.161533921957016	0.161533921957016	15	final_prompt_token
s_c_only	14	13263	1	0.20482686161994934	0.20482686161994934	15	generated_token_4
s_c_only	14	23319	1	0.17995302379131317	0.17995302379131317	15	generated_token_3
s_c_only	14	29220	1	0.18171104788780212	0.18171104788780212	15	generated_token_5
s_c_only	14	6135	1	0.11258791387081146	0.11258791387081146	16	generated_token_10
s_c_only	14	10138	1	0.1606197953224182	0.1606197953224182	16	final_prompt_token
s_c_only	14	11724	1	0.1581052541732788	0.1581052541732788	16	generated_token_5
s_c_only	14	22320	1	0.12114430218935013	0.12114430218935013	16	generated_token_20
s_c_only	14	3869	1	0.19609859585762024	0.19609859585762024	17	generated_token_4
s_c_only	14	7165	1	0.12037170678377151	0.12037170678377151	17	generated_token_2
s_c_only	14	11977	1	0.10940781235694885	0.10940781235694885	17	generated_token_10
s_c_only	14	23152	1	0.11871085315942764	0.11871085315942764	17	generated_token_20
s_c_only	14	978	1	0.19420230388641357	0.19420230388641357	18	generated_token_4
s_c_only	14	16146	1	0.12828639149665833	0.12828639149665833	18	generated_token_1
s_c_only	14	26495	1	0.11919435858726501	0.11919435858726501	18	generated_token_2
s_c_only	14	58	1	0.1229647547006607	0.1229647547006607	19	generated_token_1
s_c_only	14	10146	1	0.1460925042629242	0.1460925042629242	19	final_prompt_token
s_c_only	14	10564	1	0.11812572181224823	0.11812572181224823	19	generated_token_2
s_c_only	14	21233	1	0.10810220241546631	0.10810220241546631	19	generated_token_10
s_c_only	14	24489	1	0.18909038603305817	0.18909038603305817	19	generated_token_4
s_c_only	14	6217	1	0.10646773129701614	0.10646773129701614	20	generated_token_10
s_c_only	14	13837	1	0.11324147135019302	0.11324147135019302	20	generated_token_20
s_c_only	14	14505	1	0.1164555624127388	0.1164555624127388	20	generated_token_1
s_c_only	14	31649	1	0.145546555519104	0.145546555519104	20	final_prompt_token
s_c_only	14	10069	1	0.14696136116981506	0.14696136116981506	21	generated_token_3
s_c_only	14	13570	1	0.10622923076152802	0.10622923076152802	21	generated_token_10
s_c_only	14	28143	1	0.11570166051387787	0.11570166051387787	21	generated_token_1
s_c_only	14	28972	1	0.11304819583892822	0.11304819583892822	21	generated_token_20
s_c_only	14	2386	1	0.10546070337295532	0.10546070337295532	22	generated_token_10
s_c_only	14	7982	1	0.11256707459688187	0.11256707459688187	22	generated_token_20
s_c_only	14	16857	1	0.14709681272506714	0.14709681272506714	22	generated_token_5
s_c_only	14	21483	1	0.10692370682954788	0.10692370682954788	22	generated_token_2
s_c_only	14	32088	1	0.14422348141670227	0.14422348141670227	22	final_prompt_token
s_c_only	14	36	1	0.10541285574436188	0.10541285574436188	23	generated_token_10
s_c_only	14	8121	1	0.11455778777599335	0.11455778777599335	23	generated_token_1
s_c_only	14	11800	1	0.11083432286977768	0.11083432286977768	23	generated_token_20
s_c_only	14	22769	1	0.16721001267433167	0.16721001267433167	23	generated_token_4
s_c_only	14	24675	1	0.10208509117364883	0.10208509117364883	23	generated_token_2
s_c_only	14	3246	1	0.1657891869544983	0.1657891869544983	24	generated_token_4
s_c_only	14	9516	1	0.10848791152238846	0.10848791152238846	24	generated_token_20
s_c_only	14	13203	1	0.14205998182296753	0.14205998182296753	24	generated_token_5
s_c_only	14	18663	1	0.1053420677781105	0.1053420677781105	24	generated_token_10
s_c_only	14	20715	1	0.10189303755760193	0.10189303755760193	24	generated_token_2
s_c_only	14	20923	1	0.14160554111003876	0.14160554111003876	24	final_prompt_token
s_c_only	14	28131	1	0.10938874632120132	0.10938874632120132	24	generated_token_1
s_c_only	14	3367	1	0.1368333250284195	0.1368333250284195	25	generated_token_5
s_c_only	14	7727	1	0.11625431478023529	0.11625431478023529	25	generated_token_3
s_c_only	14	10664	1	0.13979634642601013	0.13979634642601013	25	final_prompt_token
s_c_only	14	17744	1	0.10728529840707779	0.10728529840707779	25	generated_token_20
s_c_only	14	5318	1	0.10689578950405121	0.10689578950405121	26	generated_token_20
s_c_only	14	8356	1	0.10818825662136078	0.10818825662136078	26	generated_token_1
s_c_only	14	14932	1	0.13535696268081665	0.13535696268081665	26	final_prompt_token
s_c_only	14	17816	1	0.09996287524700165	0.09996287524700165	26	generated_token_2
s_c_only	14	20647	1	0.11360383778810501	0.11360383778810501	26	generated_token_3
s_c_only	14	29185	1	0.10385564714670181	0.10385564714670181	26	generated_token_10
s_c_only	14	1931	1	0.1065230742096901	0.1065230742096901	27	generated_token_20
s_c_only	14	3141	1	0.13342104852199554	0.13342104852199554	27	final_prompt_token
s_c_only	14	17962	1	0.15986357629299164	0.15986357629299164	27	generated_token_4
s_c_only	14	6696	1	0.10226264595985413	0.10226264595985413	28	generated_token_10
s_c_only	14	8940	1	0.10494588315486908	0.10494588315486908	28	generated_token_20
s_c_only	14	13330	1	0.15779197216033936	0.15779197216033936	28	generated_token_4
s_c_only	14	22945	1	0.10130095481872559	0.10130095481872559	28	generated_token_1
s_c_only	14	30225	1	0.13274431228637695	0.13274431228637695	28	final_prompt_token
s_c_only	14	3145	1	0.1310393214225769	0.1310393214225769	29	final_prompt_token
s_c_only	14	5066	1	0.1019803136587143	0.1019803136587143	29	generated_token_10
s_c_only	14	16966	1	0.156009241938591	0.156009241938591	29	generated_token_4
s_c_only	14	2371	1	0.10184556245803833	0.10184556245803833	30	generated_token_10
s_c_only	14	7056	1	0.15398940443992615	0.15398940443992615	30	generated_token_4
s_c_only	14	18081	1	0.09509317576885223	0.09509317576885223	30	generated_token_2
s_c_only	14	22125	1	0.1037079393863678	0.1037079393863678	30	generated_token_20
s_c_only	14	30934	1	0.12137433141469955	0.12137433141469955	30	generated_token_5
s_c_only	14	32317	1	0.09867960959672928	0.09867960959672928	30	generated_token_1
s_c_only	14	16655	1	0.09749643504619598	0.09749643504619598	31	generated_token_1
s_c_only	14	31903	1	0.10309532284736633	0.10309532284736633	31	generated_token_20
s_c_only	14	297	1	0.14843660593032837	0.14843660593032837	32	generated_token_4
s_c_only	14	6336	1	0.12022213637828827	0.12022213637828827	32	generated_token_5
s_c_only	14	15821	1	0.0973234698176384	0.0973234698176384	32	generated_token_1
s_c_only	14	18431	1	0.10010867565870285	0.10010867565870285	32	generated_token_10
s_c_only	14	15272	1	0.11952178925275803	0.11952178925275803	33	final_prompt_token
s_c_only	14	20521	1	0.09159442782402039	0.09159442782402039	33	generated_token_2
s_c_only	14	22042	1	0.10266623646020889	0.10266623646020889	33	generated_token_20
s_c_only	14	28021	1	0.0966351106762886	0.0966351106762886	33	generated_token_1
s_c_only	14	4538	1	0.1145351454615593	0.1145351454615593	34	generated_token_5
s_c_only	14	12800	1	0.09847134351730347	0.09847134351730347	34	generated_token_20
s_c_only	14	16898	1	0.09777030348777771	0.09777030348777771	34	generated_token_3
s_c_only	14	20679	1	0.09025415778160095	0.09025415778160095	34	generated_token_2
s_c_only	14	32207	1	0.09374237060546875	0.09374237060546875	34	generated_token_1
s_c_only	14	4002	1	0.08674313873052597	0.08674313873052597	35	generated_token_2
s_c_only	14	18912	1	0.11631503701210022	0.11631503701210022	35	final_prompt_token
s_c_only	14	20394	1	0.09813287109136581	0.09813287109136581	35	generated_token_10
s_c_only	14	27999	1	0.09757158905267715	0.09757158905267715	35	generated_token_20
s_c_only	14	745	1	0.11278817057609558	0.11278817057609558	36	generated_token_5
s_c_only	14	3197	1	0.0978701263666153	0.0978701263666153	36	generated_token_10
s_c_only	14	4104	1	0.09674027562141418	0.09674027562141418	36	generated_token_20
s_c_only	14	10091	1	0.09192772209644318	0.09192772209644318	36	generated_token_1
s_c_only	14	15173	1	0.1430571973323822	0.1430571973323822	36	generated_token_4
s_c_only	14	31965	1	0.08629745990037918	0.08629745990037918	36	generated_token_2
s_c_only	14	995	1	0.08968037366867065	0.08968037366867065	37	generated_token_1
s_c_only	14	19021	1	0.09646320343017578	0.09646320343017578	37	generated_token_20
s_c_only	14	22611	1	0.0854690819978714	0.0854690819978714	37	generated_token_2
s_c_only	14	2172	1	0.09462261199951172	0.09462261199951172	38	generated_token_20
s_c_only	14	6637	1	0.11206687986850739	0.11206687986850739	38	generated_token_5
s_c_only	14	18090	1	0.08468563854694366	0.08468563854694366	38	generated_token_2
s_c_only	14	23166	1	0.13755863904953003	0.13755863904953003	38	generated_token_4
s_c_only	14	24745	1	0.11093384772539139	0.11093384772539139	38	final_prompt_token
s_c_only	14	2699	1	0.08900077641010284	0.08900077641010284	39	generated_token_1
s_c_only	14	5228	1	0.09469374269247055	0.09469374269247055	39	generated_token_10
s_c_only	14	15467	1	0.09240865707397461	0.09240865707397461	39	generated_token_20
s_c_only	14	15527	1	0.10941088199615479	0.10941088199615479	39	final_prompt_token
s_c_only	14	1162	1	0.0862833708524704	0.0862833708524704	40	generated_token_3
s_c_only	14	7459	1	0.09379223734140396	0.09379223734140396	40	generated_token_10
s_c_only	14	12956	1	0.13422146439552307	0.13422146439552307	40	generated_token_4
s_c_only	14	21524	1	0.10896169394254684	0.10896169394254684	40	generated_token_5
s_c_only	14	30569	1	0.09163371473550797	0.09163371473550797	40	generated_token_20
s_c_only	14	438	1	0.07886743545532227	0.07886743545532227	41	generated_token_2
s_c_only	14	2221	1	0.08382520824670792	0.08382520824670792	41	generated_token_3
s_c_only	14	17193	1	0.10600851476192474	0.10600851476192474	41	final_prompt_token
s_c_only	14	20155	1	0.12864267826080322	0.12864267826080322	41	generated_token_4
s_c_only	14	22305	1	0.08758872002363205	0.08758872002363205	41	generated_token_1
s_c_only	14	31189	1	0.09368951618671417	0.09368951618671417	41	generated_token_10
s_c_only	14	31584	1	0.08926589787006378	0.08926589787006378	41	generated_token_20
s_c_only	14	6728	1	0.08874958008527756	0.08874958008527756	42	generated_token_20
s_c_only	14	9914	1	0.127781480550766	0.127781480550766	42	generated_token_4
s_c_only	14	16897	1	0.10593225061893463	0.10593225061893463	42	final_prompt_token
s_c_only	14	17940	1	0.08279415965080261	0.08279415965080261	42	generated_token_3
s_c_only	14	23122	1	0.09284601360559464	0.09284601360559464	42	generated_token_10
s_c_only	14	27500	1	0.08719775080680847	0.08719775080680847	42	generated_token_1
s_c_only	14	8556	1	0.10480168461799622	0.10480168461799622	43	final_prompt_token
s_c_only	14	8631	1	0.0821024551987648	0.0821024551987648	43	generated_token_3
s_c_only	14	13861	1	0.10419679433107376	0.10419679433107376	43	generated_token_5
s_c_only	14	22409	1	0.1263318955898285	0.1263318955898285	43	generated_token_4
s_c_only	14	3645	1	0.12543311715126038	0.12543311715126038	44	generated_token_4
s_c_only	14	4503	1	0.09262584149837494	0.09262584149837494	44	generated_token_10
s_c_only	14	10633	1	0.08439715951681137	0.08439715951681137	44	generated_token_1
s_c_only	14	31165	1	0.10471963882446289	0.10471963882446289	44	final_prompt_token
s_c_only	14	4828	1	0.0869353860616684	0.0869353860616684	45	generated_token_20
s_c_only	14	15113	1	0.10426659882068634	0.10426659882068634	45	final_prompt_token
s_c_only	14	15726	1	0.08429045230150223	0.08429045230150223	45	generated_token_1
s_c_only	14	18442	1	0.08856301009654999	0.08856301009654999	46	generated_token_10
s_c_only	14	21303	1	0.10332922637462616	0.10332922637462616	46	final_prompt_token
s_c_only	14	25061	1	0.1230202317237854	0.1230202317237854	46	generated_token_4
s_c_only	14	26728	1	0.08647230267524719	0.08647230267524719	46	generated_token_20
s_c_only	14	12583	1	0.08640124648809433	0.08640124648809433	47	generated_token_20
s_c_only	14	19973	1	0.12112583220005035	0.12112583220005035	47	generated_token_4
s_c_only	14	20681	1	0.10315306484699249	0.10315306484699249	47	final_prompt_token
s_c_only	14	22078	1	0.10130446404218674	0.10130446404218674	47	generated_token_5
s_c_only	14	24804	1	0.07889185845851898	0.07889185845851898	47	generated_token_1
s_c_only	14	30499	1	0.08815416693687439	0.08815416693687439	47	generated_token_10
s_c_only	14	113	1	0.07398053258657455	0.07398053258657455	48	generated_token_2
s_c_only	14	10977	1	0.10076700150966644	0.10076700150966644	48	generated_token_5
s_c_only	14	20148	1	0.12024462223052979	0.12024462223052979	48	generated_token_4
s_c_only	14	22662	1	0.08350208401679993	0.08350208401679993	48	generated_token_20
s_c_only	14	7791	1	0.11976797878742218	0.11976797878742218	49	generated_token_4
s_c_only	14	9927	1	0.08528747409582138	0.08528747409582138	49	generated_token_10
s_c_only	14	16566	1	0.08297358453273773	0.08297358453273773	49	generated_token_20
s_c_only	14	18690	1	0.07297983765602112	0.07297983765602112	49	generated_token_2
s_c_only	14	22456	1	0.0750674158334732	0.0750674158334732	49	generated_token_3
s_c_only	14	29041	1	0.10206033289432526	0.10206033289432526	49	final_prompt_token
s_c_only	14	84	1	0.10183370858430862	0.10183370858430862	50	final_prompt_token
s_c_only	14	3225	1	0.0748634934425354	0.0748634934425354	50	generated_token_3
s_c_only	14	5455	1	0.07710354775190353	0.07710354775190353	50	generated_token_1
s_c_only	14	7065	1	0.11811695992946625	0.11811695992946625	50	generated_token_4
s_c_only	14	13928	1	0.07030679285526276	0.07030679285526276	50	generated_token_2
s_c_only	14	24654	1	0.08271518349647522	0.08271518349647522	50	generated_token_20
s_c_only	14	24708	1	0.0842062309384346	0.0842062309384346	50	generated_token_10
s_c_only	26	2938	8	1.1128496825695038	1.684051275253296	1	final_prompt_token,generated_token_1,generated_token_10,generated_token_2,generated_token_20,generated_token_3,generated_token_4,generated_token_5
s_c_only	26	7982	8	0.25998211465775967	0.44955533742904663	4	final_prompt_token,generated_token_1,generated_token_10,generated_token_2,generated_token_20,generated_token_3,generated_token_4,generated_token_5
s_c_only	26	11249	5	0.6860626369714737	1.2320009469985962	2	generated_token_1,generated_token_2,generated_token_3,generated_token_4,generated_token_5
s_c_only	26	30929	5	0.2988250434398651	0.3944115936756134	6	generated_token_10,generated_token_20,generated_token_3,generated_token_4,generated_token_5
s_c_only	26	22815	5	0.18786560893058776	0.21893681585788727	20	generated_token_1,generated_token_10,generated_token_2,generated_token_20,generated_token_3
s_c_only	26	2977	4	0.26242269948124886	0.42218631505966187	7	generated_token_1,generated_token_10,generated_token_2,generated_token_20
s_c_only	26	27281	4	0.23000295087695122	0.40051740407943726	9	final_prompt_token,generated_token_1,generated_token_10,generated_token_20
s_c_only	26	31664	4	0.19703352078795433	0.23559428751468658	21	final_prompt_token,generated_token_1,generated_token_2,generated_token_3
s_c_only	26	2753	3	0.6443760494391123	0.8042347431182861	3	generated_token_1,generated_token_2,generated_token_5
s_c_only	26	10500	3	0.4288124740123749	0.6873378753662109	4	generated_token_1,generated_token_2,generated_token_5
s_c_only	26	26551	3	0.33641915520032245	0.45899131894111633	5	generated_token_1,generated_token_2,generated_token_5
s_c_only	26	10709	3	0.28125013411045074	0.4032709002494812	8	generated_token_1,generated_token_10,generated_token_2
s_c_only	26	4557	3	0.2670169770717621	0.3433389961719513	9	generated_token_2,generated_token_3,generated_token_5
s_c_only	26	4597	3	0.2545357843240102	0.2975330650806427	14	generated_token_20,generated_token_3,generated_token_4
s_c_only	26	478	3	0.19657698770364126	0.23171135783195496	25	generated_token_2,generated_token_3,generated_token_4
s_c_only	26	17308	2	0.4407031834125519	0.5626465082168579	2	generated_token_2,generated_token_3
s_c_only	26	8659	2	0.3699522092938423	0.5277786254882812	3	generated_token_3,generated_token_4
s_c_only	26	19687	2	0.3621906265616417	0.5114633440971375	4	generated_token_3,generated_token_5
s_c_only	26	19914	2	0.4201146960258484	0.5061541199684143	4	generated_token_2,generated_token_5
s_c_only	26	28122	2	0.3989376127719879	0.4859190285205841	5	generated_token_3,generated_token_4
s_c_only	26	24141	2	0.3306753635406494	0.4082862138748169	6	generated_token_3,generated_token_5
s_c_only	26	32152	2	0.33400899171829224	0.43503886461257935	6	generated_token_1,generated_token_2
s_c_only	26	14057	2	0.34693288803100586	0.4018745720386505	7	generated_token_1,generated_token_2
s_c_only	26	27529	2	0.3162608742713928	0.37533992528915405	7	generated_token_3,generated_token_4
s_c_only	26	24999	2	0.37094464898109436	0.38255637884140015	8	generated_token_3,generated_token_4
s_c_only	26	22822	2	0.2506638392806053	0.2899564802646637	10	generated_token_10,generated_token_5
s_c_only	26	24339	2	0.27503442764282227	0.36831286549568176	10	generated_token_3,generated_token_4
s_c_only	26	4795	2	0.19199412316083908	0.235524982213974	11	generated_token_1,generated_token_2
s_c_only	26	3763	2	0.27826862037181854	0.2978114187717438	13	generated_token_2,generated_token_3
s_c_only	26	18403	2	0.21553781628608704	0.21776363253593445	13	generated_token_1,generated_token_2
s_c_only	26	15349	2	0.18611101061105728	0.21044529974460602	14	generated_token_1,generated_token_2
s_c_only	26	26153	2	0.21546603739261627	0.23674187064170837	14	generated_token_10,generated_token_5
s_c_only	26	30947	2	0.26558783650398254	0.31685686111450195	14	generated_token_3,generated_token_4
s_c_only	26	8915	2	0.23182737827301025	0.24494978785514832	15	final_prompt_token,generated_token_2
s_c_only	26	18254	2	0.20593100786209106	0.224727064371109	15	generated_token_10,generated_token_20
s_c_only	26	15301	2	0.20694779604673386	0.22512225806713104	16	generated_token_20,generated_token_5
s_c_only	26	24672	2	0.18525024503469467	0.23771819472312927	16	generated_token_1,generated_token_2
s_c_only	26	4494	2	0.22166792303323746	0.245759055018425	17	final_prompt_token,generated_token_1
s_c_only	26	5320	2	0.20705777406692505	0.22557811439037323	18	generated_token_2,generated_token_3
s_c_only	26	23215	2	0.1995445340871811	0.22814694046974182	18	generated_token_2,generated_token_5
s_c_only	26	16170	2	0.2106197029352188	0.22391186654567719	19	generated_token_3,generated_token_4
s_c_only	26	17766	2	0.21411385387182236	0.24815000593662262	19	generated_token_3,generated_token_4
s_c_only	26	7163	2	0.1827775239944458	0.18543796241283417	21	final_prompt_token,generated_token_1
s_c_only	26	3137	2	0.1841648370027542	0.21304601430892944	22	generated_token_2,generated_token_5
s_c_only	26	8064	2	0.19695499539375305	0.20788611471652985	23	generated_token_2,generated_token_5
s_c_only	26	18801	2	0.1877594143152237	0.21155644953250885	23	generated_token_2,generated_token_3
s_c_only	26	21999	2	0.18704060465097427	0.20782470703125	25	generated_token_2,generated_token_3
s_c_only	26	13277	2	0.17042066901922226	0.20682044327259064	26	generated_token_1,generated_token_2
s_c_only	26	21213	2	0.19267944246530533	0.20317047834396362	26	generated_token_20,generated_token_3
s_c_only	26	2320	2	0.20778728276491165	0.22830229997634888	27	generated_token_3,generated_token_4
s_c_only	26	12676	2	0.19746077060699463	0.22279489040374756	27	generated_token_10,generated_token_2
s_c_only	26	29592	2	0.19269689917564392	0.22745352983474731	28	generated_token_4,generated_token_5
s_c_only	26	26586	2	0.17771127074956894	0.18734000623226166	30	generated_token_2,generated_token_20
s_c_only	26	17869	2	0.18803007900714874	0.19899067282676697	31	final_prompt_token,generated_token_10
s_c_only	26	24506	2	0.15968409925699234	0.16673868894577026	36	generated_token_2,generated_token_5
s_c_only	26	17692	2	0.17744217813014984	0.2064836621284485	37	generated_token_4,generated_token_5
s_c_only	26	14704	2	0.18769573420286179	0.19872641563415527	41	generated_token_3,generated_token_4
s_c_only	26	1999	2	0.18293410539627075	0.18747751414775848	43	generated_token_3,generated_token_4
s_c_only	26	19510	1	1.1396604776382446	1.1396604776382446	1	generated_token_20
s_c_only	26	23116	1	1.1547067165374756	1.1547067165374756	1	generated_token_4
s_c_only	26	14082	1	0.6479435563087463	0.6479435563087463	2	generated_token_10
s_c_only	26	16131	1	0.943071186542511	0.943071186542511	2	generated_token_1
s_c_only	26	18937	1	0.7117464542388916	0.7117464542388916	2	final_prompt_token
s_c_only	26	24189	1	0.9256888628005981	0.9256888628005981	2	generated_token_4
s_c_only	26	271	1	0.38303616642951965	0.38303616642951965	3	generated_token_20
s_c_only	26	17986	1	0.6445887088775635	0.6445887088775635	3	generated_token_10
s_c_only	26	19389	1	0.5283098816871643	0.5283098816871643	3	final_prompt_token
s_c_only	26	19926	1	0.5557290315628052	0.5557290315628052	3	generated_token_4
s_c_only	26	31396	1	1.1607537269592285	1.1607537269592285	3	generated_token_5
s_c_only	26	7380	1	0.5536638498306274	0.5536638498306274	4	generated_token_4
s_c_only	26	25435	1	0.3691498041152954	0.3691498041152954	4	generated_token_20
s_c_only	26	28193	1	0.4993155598640442	0.4993155598640442	4	generated_token_2
s_c_only	26	28713	1	0.4776231050491333	0.4776231050491333	4	final_prompt_token
s_c_only	26	18198	1	0.3427523970603943	0.3427523970603943	5	final_prompt_token
s_c_only	26	21339	1	0.42327484488487244	0.42327484488487244	5	generated_token_5
s_c_only	26	29461	1	0.4401855170726776	0.4401855170726776	5	generated_token_10
s_c_only	26	17740	1	0.4350329041481018	0.4350329041481018	6	generated_token_3
s_c_only	26	17910	1	0.42229676246643066	0.42229676246643066	6	generated_token_10
s_c_only	26	23123	1	0.3686825931072235	0.3686825931072235	6	generated_token_1
s_c_only	26	31073	1	0.33607128262519836	0.33607128262519836	6	final_prompt_token
s_c_only	26	1206	1	0.41146352887153625	0.41146352887153625	7	generated_token_4
s_c_only	26	7690	1	0.3275592625141144	0.3275592625141144	7	generated_token_20
s_c_only	26	11256	1	0.3304307162761688	0.3304307162761688	7	final_prompt_token
s_c_only	26	6429	1	0.3124808073043823	0.3124808073043823	8	final_prompt_token
s_c_only	26	16583	1	0.2703911364078522	0.2703911364078522	8	generated_token_1
s_c_only	26	19618	1	0.2951795160770416	0.2951795160770416	8	generated_token_20
s_c_only	26	30673	1	0.3848215937614441	0.3848215937614441	8	generated_token_4
s_c_only	26	522	1	0.32937338948249817	0.32937338948249817	9	generated_token_5
s_c_only	26	1626	1	0.295315682888031	0.295315682888031	9	final_prompt_token
s_c_only	26	11757	1	0.3573654890060425	0.3573654890060425	9	generated_token_3
s_c_only	26	23534	1	0.2819870114326477	0.2819870114326477	9	generated_token_20
s_c_only	26	1208	1	0.32435959577560425	0.32435959577560425	10	generated_token_3
s_c_only	26	19752	1	0.27811199426651	0.27811199426651	10	final_prompt_token
s_c_only	26	24695	1	0.26687827706336975	0.26687827706336975	10	generated_token_20
s_c_only	26	30722	1	0.24522827565670013	0.24522827565670013	10	generated_token_1
s_c_only	26	31614	1	0.33693528175354004	0.33693528175354004	10	generated_token_2
s_c_only	26	5566	1	0.358136385679245	0.358136385679245	11	generated_token_10
s_c_only	26	6194	1	0.2777436375617981	0.2777436375617981	11	final_prompt_token
s_c_only	26	23331	1	0.26211994886398315	0.26211994886398315	11	generated_token_20
s_c_only	26	24531	1	0.36743003129959106	0.36743003129959106	11	generated_token_4
s_c_only	26	7179	1	0.3548922836780548	0.3548922836780548	12	generated_token_4
s_c_only	26	13404	1	0.3042633533477783	0.3042633533477783	12	generated_token_3
s_c_only	26	17394	1	0.2768455743789673	0.2768455743789673	12	final_prompt_token
s_c_only	26	17888	1	0.25622591376304626	0.25622591376304626	12	generated_token_20
s_c_only	26	18841	1	0.3495734632015228	0.3495734632015228	12	generated_token_10
s_c_only	26	1030	1	0.3423066735267639	0.3423066735267639	13	generated_token_4
s_c_only	26	8067	1	0.25845175981521606	0.25845175981521606	13	generated_token_5
s_c_only	26	25721	1	0.2732356786727905	0.2732356786727905	13	final_prompt_token
s_c_only	26	30911	1	0.33451956510543823	0.33451956510543823	13	generated_token_10
s_c_only	26	9042	1	0.2313409149646759	0.2313409149646759	14	generated_token_20
s_c_only	26	14870	1	0.3294909596443176	0.3294909596443176	14	generated_token_10
s_c_only	26	26056	1	0.25727730989456177	0.25727730989456177	14	final_prompt_token
s_c_only	26	12935	1	0.22944825887680054	0.22944825887680054	15	generated_token_5
s_c_only	26	23977	1	0.25665396451950073	0.25665396451950073	15	final_prompt_token
s_c_only	26	26684	1	0.3232646882534027	0.3232646882534027	15	generated_token_10
s_c_only	26	2206	1	0.29104793071746826	0.29104793071746826	16	generated_token_4
s_c_only	26	17893	1	0.2990416884422302	0.2990416884422302	16	generated_token_10
s_c_only	26	27423	1	0.19788804650306702	0.19788804650306702	16	generated_token_1
s_c_only	26	28714	1	0.26992666721343994	0.26992666721343994	16	generated_token_3
s_c_only	26	30033	1	0.2521538734436035	0.2521538734436035	16	final_prompt_token
s_c_only	26	13105	1	0.23059161007404327	0.23059161007404327	17	generated_token_2
s_c_only	26	13357	1	0.22475385665893555	0.22475385665893555	17	generated_token_5
s_c_only	26	19668	1	0.29766008257865906	0.29766008257865906	17	generated_token_10
s_c_only	26	22078	1	0.2495715171098709	0.2495715171098709	17	final_prompt_token
s_c_only	26	27778	1	0.22242587804794312	0.22242587804794312	17	generated_token_20
s_c_only	26	4811	1	0.1954393982887268	0.1954393982887268	18	generated_token_1
s_c_only	26	5257	1	0.24879398941993713	0.24879398941993713	18	final_prompt_token
s_c_only	26	9704	1	0.22149604558944702	0.22149604558944702	18	generated_token_20
s_c_only	26	14407	1	0.22081340849399567	0.22081340849399567	18	generated_token_5
s_c_only	26	22434	1	0.28634634613990784	0.28634634613990784	18	generated_token_10
s_c_only	26	1162	1	0.2206738293170929	0.2206738293170929	19	generated_token_5
s_c_only	26	5892	1	0.19442978501319885	0.19442978501319885	19	generated_token_1
s_c_only	26	6934	1	0.26398131251335144	0.26398131251335144	19	generated_token_10
s_c_only	26	7678	1	0.210756316781044	0.210756316781044	19	generated_token_20
s_c_only	26	15954	1	0.2459789365530014	0.2459789365530014	19	final_prompt_token
s_c_only	26	32591	1	0.22392946481704712	0.22392946481704712	19	generated_token_2
s_c_only	26	809	1	0.21585886180400848	0.21585886180400848	20	generated_token_5
s_c_only	26	1606	1	0.24786491692066193	0.24786491692066193	20	generated_token_4
s_c_only	26	8186	1	0.2618555426597595	0.2618555426597595	20	generated_token_10
s_c_only	26	26067	1	0.21358777582645416	0.21358777582645416	20	generated_token_2
s_c_only	26	28324	1	0.2097950130701065	0.2097950130701065	20	generated_token_20
s_c_only	26	7364	1	0.2533223032951355	0.2533223032951355	21	generated_token_10
s_c_only	26	9563	1	0.20781129598617554	0.20781129598617554	21	generated_token_20
s_c_only	26	11915	1	0.24071179330348969	0.24071179330348969	22	generated_token_4
s_c_only	26	13935	1	0.23173126578330994	0.23173126578330994	22	final_prompt_token
s_c_only	26	23937	1	0.2519579827785492	0.2519579827785492	22	generated_token_10
s_c_only	26	29208	1	0.20727044343948364	0.20727044343948364	22	generated_token_20
s_c_only	26	30783	1	0.21197554469108582	0.21197554469108582	22	generated_token_3
s_c_only	26	32650	1	0.2091199904680252	0.2091199904680252	22	generated_token_5
s_c_only	26	4891	1	0.17589238286018372	0.17589238286018372	23	generated_token_1
s_c_only	26	10987	1	0.20664960145950317	0.20664960145950317	23	generated_token_20
s_c_only	26	11891	1	0.24028147757053375	0.24028147757053375	23	generated_token_4
s_c_only	26	20315	1	0.20980699360370636	0.20980699360370636	23	generated_token_2
s_c_only	26	30531	1	0.24515095353126526	0.24515095353126526	23	generated_token_10
s_c_only	26	3144	1	0.20825740694999695	0.20825740694999695	24	generated_token_3
s_c_only	26	11760	1	0.20884458720684052	0.20884458720684052	24	generated_token_2
s_c_only	26	12320	1	0.21718811988830566	0.21718811988830566	24	final_prompt_token
s_c_only	26	13565	1	0.2389383465051651	0.2389383465051651	24	generated_token_4
s_c_only	26	18009	1	0.17453135550022125	0.17453135550022125	24	generated_token_1
s_c_only	26	29466	1	0.2415291965007782	0.2415291965007782	24	generated_token_10
s_c_only	26	12667	1	0.2045450508594513	0.2045450508594513	25	generated_token_20
s_c_only	26	15078	1	0.21233321726322174	0.21233321726322174	25	final_prompt_token
s_c_only	26	19226	1	0.2017509639263153	0.2017509639263153	25	generated_token_5
s_c_only	26	24020	1	0.23648777604103088	0.23648777604103088	25	generated_token_10
s_c_only	26	29896	1	0.1674036830663681	0.1674036830663681	25	generated_token_1
s_c_only	26	6557	1	0.20086871087551117	0.20086871087551117	26	generated_token_3
s_c_only	26	12323	1	0.21108029782772064	0.21108029782772064	26	final_prompt_token
s_c_only	26	13652	1	0.22329510748386383	0.22329510748386383	26	generated_token_10
s_c_only	26	26547	1	0.2302263081073761	0.2302263081073761	26	generated_token_4
s_c_only	26	32267	1	0.19158896803855896	0.19158896803855896	26	generated_token_5
s_c_only	26	6021	1	0.21060678362846375	0.21060678362846375	27	final_prompt_token
s_c_only	26	10020	1	0.20507113635540009	0.20507113635540009	27	generated_token_2
s_c_only	26	12067	1	0.19094860553741455	0.19094860553741455	27	generated_token_5
s_c_only	26	19967	1	0.19181281328201294	0.19181281328201294	27	generated_token_20
s_c_only	26	7019	1	0.1891920417547226	0.1891920417547226	28	generated_token_20
s_c_only	26	7382	1	0.2221534550189972	0.2221534550189972	28	generated_token_10
s_c_only	26	21478	1	0.21017993986606598	0.21017993986606598	28	final_prompt_token
s_c_only	26	22477	1	0.15149034559726715	0.15149034559726715	28	generated_token_1
s_c_only	26	22868	1	0.187129944562912	0.187129944562912	28	generated_token_5
s_c_only	26	29124	1	0.19845230877399445	0.19845230877399445	28	generated_token_3
s_c_only	26	32162	1	0.19877807796001434	0.19877807796001434	28	generated_token_2
s_c_only	26	3376	1	0.19680321216583252	0.19680321216583252	29	generated_token_3
s_c_only	26	3888	1	0.2204849123954773	0.2204849123954773	29	generated_token_10
s_c_only	26	9354	1	0.19677960872650146	0.19677960872650146	29	generated_token_2
s_c_only	26	10699	1	0.14479492604732513	0.14479492604732513	29	generated_token_1
s_c_only	26	12351	1	0.2264624536037445	0.2264624536037445	29	generated_token_4
s_c_only	26	30752	1	0.18327918648719788	0.18327918648719788	29	generated_token_5
s_c_only	26	32698	1	0.203978031873703	0.203978031873703	29	final_prompt_token
s_c_only	26	6970	1	0.18067032098770142	0.18067032098770142	30	generated_token_5
s_c_only	26	7895	1	0.1443343460559845	0.1443343460559845	30	generated_token_1
s_c_only	26	8922	1	0.21775168180465698	0.21775168180465698	30	generated_token_10
s_c_only	26	9288	1	0.22253546118736267	0.22253546118736267	30	generated_token_4
s_c_only	26	19672	1	0.19655634462833405	0.19655634462833405	30	generated_token_3
s_c_only	26	21517	1	0.2012386918067932	0.2012386918067932	30	final_prompt_token
s_c_only	26	3840	1	0.18689636886119843	0.18689636886119843	31	generated_token_20
s_c_only	26	22831	1	0.17628246545791626	0.17628246545791626	31	generated_token_5
s_c_only	26	32214	1	0.21940433979034424	0.21940433979034424	31	generated_token_4
s_c_only	26	5645	1	0.17511066794395447	0.17511066794395447	32	generated_token_5
s_c_only	26	15424	1	0.14339905977249146	0.14339905977249146	32	generated_token_1
s_c_only	26	23545	1	0.20436441898345947	0.20436441898345947	32	generated_token_10
s_c_only	26	24569	1	0.18632815778255463	0.18632815778255463	32	generated_token_20
s_c_only	26	29611	1	0.19393080472946167	0.19393080472946167	32	final_prompt_token
s_c_only	26	30486	1	0.21534958481788635	0.21534958481788635	32	generated_token_4
s_c_only	26	13568	1	0.2132265269756317	0.2132265269756317	33	generated_token_4
s_c_only	26	16460	1	0.14312177896499634	0.14312177896499634	33	generated_token_1
s_c_only	26	17842	1	0.1844695806503296	0.1844695806503296	33	generated_token_20
s_c_only	26	25325	1	0.18727663159370422	0.18727663159370422	33	final_prompt_token
s_c_only	26	27994	1	0.20025914907455444	0.20025914907455444	33	generated_token_10
s_c_only	26	31507	1	0.1713501363992691	0.1713501363992691	33	generated_token_5
s_c_only	26	2939	1	0.21227861940860748	0.21227861940860748	34	generated_token_4
s_c_only	26	3241	1	0.1872316300868988	0.1872316300868988	34	final_prompt_token
s_c_only	26	28241	1	0.1412758231163025	0.1412758231163025	34	generated_token_1
s_c_only	26	29740	1	0.1990153193473816	0.1990153193473816	34	generated_token_10
s_c_only	26	6082	1	0.17043916881084442	0.17043916881084442	35	generated_token_5
s_c_only	26	9781	1	0.18671928346157074	0.18671928346157074	35	generated_token_3
s_c_only	26	18224	1	0.14109516143798828	0.14109516143798828	35	generated_token_1
s_c_only	26	21169	1	0.17314916849136353	0.17314916849136353	35	generated_token_2
s_c_only	26	22597	1	0.1836482435464859	0.1836482435464859	35	generated_token_20
s_c_only	26	26216	1	0.19865919649600983	0.19865919649600983	35	generated_token_10
s_c_only	26	2284	1	0.21029949188232422	0.21029949188232422	36	generated_token_4
s_c_only	26	4963	1	0.1831132173538208	0.1831132173538208	36	generated_token_20
s_c_only	26	17138	1	0.18267452716827393	0.18267452716827393	36	final_prompt_token
s_c_only	26	25658	1	0.14072176814079285	0.14072176814079285	36	generated_token_1
s_c_only	26	29787	1	0.18445833027362823	0.18445833027362823	36	generated_token_3
s_c_only	26	31897	1	0.19778431951999664	0.19778431951999664	36	generated_token_10
s_c_only	26	1840	1	0.17178410291671753	0.17178410291671753	37	generated_token_2
s_c_only	26	4204	1	0.18071752786636353	0.18071752786636353	37	final_prompt_token
s_c_only	26	6149	1	0.13821549713611603	0.13821549713611603	37	generated_token_1
s_c_only	26	20337	1	0.18188044428825378	0.18188044428825378	37	generated_token_20
s_c_only	26	28606	1	0.18257826566696167	0.18257826566696167	37	generated_token_3
s_c_only	26	3532	1	0.17901119589805603	0.17901119589805603	38	final_prompt_token
s_c_only	26	3883	1	0.20476433634757996	0.20476433634757996	38	generated_token_4
s_c_only	26	8437	1	0.18979592621326447	0.18979592621326447	38	generated_token_10
s_c_only	26	9576	1	0.16967234015464783	0.16967234015464783	38	generated_token_2
s_c_only	26	16785	1	0.18160298466682434	0.18160298466682434	38	generated_token_20
s_c_only	26	18454	1	0.13569670915603638	0.13569670915603638	38	generated_token_1
s_c_only	26	21639	1	0.16504520177841187	0.16504520177841187	38	generated_token_5
s_c_only	26	1991	1	0.1649569422006607	0.1649569422006607	39	generated_token_5
s_c_only	26	5435	1	0.20384913682937622	0.20384913682937622	39	generated_token_4
s_c_only	26	8678	1	0.1814342588186264	0.1814342588186264	39	generated_token_20
s_c_only	26	13791	1	0.1767934113740921	0.1767934113740921	39	final_prompt_token
s_c_only	26	26846	1	0.13496771454811096	0.13496771454811096	39	generated_token_1
s_c_only	26	13747	1	0.18741142749786377	0.18741142749786377	40	generated_token_10
s_c_only	26	14623	1	0.17739936709403992	0.17739936709403992	40	generated_token_20
s_c_only	26	18077	1	0.17422530055046082	0.17422530055046082	40	final_prompt_token
s_c_only	26	28719	1	0.1609291285276413	0.1609291285276413	40	generated_token_5
s_c_only	26	30136	1	0.19873495399951935	0.19873495399951935	40	generated_token_4
s_c_only	26	2196	1	0.16002985835075378	0.16002985835075378	41	generated_token_5
s_c_only	26	7238	1	0.17261222004890442	0.17261222004890442	41	final_prompt_token
s_c_only	26	10536	1	0.17953309416770935	0.17953309416770935	41	generated_token_3
s_c_only	26	26384	1	0.13349208235740662	0.13349208235740662	41	generated_token_1
s_c_only	26	27317	1	0.16424736380577087	0.16424736380577087	41	generated_token_2
s_c_only	26	31766	1	0.17037193477153778	0.17037193477153778	41	generated_token_20
s_c_only	26	4006	1	0.16977038979530334	0.16977038979530334	42	final_prompt_token
s_c_only	26	16328	1	0.16904371976852417	0.16904371976852417	42	generated_token_20
s_c_only	26	17686	1	0.17910316586494446	0.17910316586494446	42	generated_token_3
s_c_only	26	26231	1	0.1332472413778305	0.1332472413778305	42	generated_token_1
s_c_only	26	29969	1	0.18560460209846497	0.18560460209846497	42	generated_token_10
s_c_only	26	64	1	0.16683048009872437	0.16683048009872437	43	generated_token_20
s_c_only	26	2376	1	0.1576608270406723	0.1576608270406723	43	generated_token_5
s_c_only	26	10851	1	0.13285309076309204	0.13285309076309204	43	generated_token_1
s_c_only	26	10875	1	0.19667813181877136	0.19667813181877136	43	generated_token_4
s_c_only	26	20890	1	0.18304255604743958	0.18304255604743958	43	generated_token_10
s_c_only	26	572	1	0.19491438567638397	0.19491438567638397	44	generated_token_4
s_c_only	26	704	1	0.17993924021720886	0.17993924021720886	44	generated_token_10
s_c_only	26	5174	1	0.16671466827392578	0.16671466827392578	44	generated_token_20
s_c_only	26	11546	1	0.15674880146980286	0.15674880146980286	44	generated_token_5
s_c_only	26	19281	1	0.1661076694726944	0.1661076694726944	44	final_prompt_token
s_c_only	26	27113	1	0.17711830139160156	0.17711830139160156	44	generated_token_3
s_c_only	26	743	1	0.16650837659835815	0.16650837659835815	45	generated_token_20
s_c_only	26	1615	1	0.15327003598213196	0.15327003598213196	45	generated_token_2
s_c_only	26	7133	1	0.16502223908901215	0.16502223908901215	45	final_prompt_token
s_c_only	26	24419	1	0.13143613934516907	0.13143613934516907	45	generated_token_1
s_c_only	26	25982	1	0.1798740029335022	0.1798740029335022	45	generated_token_10
s_c_only	26	26334	1	0.15575791895389557	0.15575791895389557	45	generated_token_5
s_c_only	26	28183	1	0.18793411552906036	0.18793411552906036	45	generated_token_4
s_c_only	26	8131	1	0.17629994451999664	0.17629994451999664	46	generated_token_3
s_c_only	26	9745	1	0.16467247903347015	0.16467247903347015	46	final_prompt_token
s_c_only	26	13131	1	0.13111411035060883	0.13111411035060883	46	generated_token_1
s_c_only	26	21685	1	0.16467291116714478	0.16467291116714478	46	generated_token_20
s_c_only	26	28124	1	0.17948049306869507	0.17948049306869507	46	generated_token_10
s_c_only	26	28285	1	0.15537697076797485	0.15537697076797485	46	generated_token_5
s_c_only	26	19273	1	0.1748969852924347	0.1748969852924347	47	generated_token_3
s_c_only	26	20152	1	0.13075026869773865	0.13075026869773865	47	generated_token_1
s_c_only	26	21706	1	0.17787130177021027	0.17787130177021027	47	generated_token_10
s_c_only	26	25800	1	0.15218985080718994	0.15218985080718994	47	generated_token_2
s_c_only	26	28542	1	0.16030088067054749	0.16030088067054749	47	final_prompt_token
s_c_only	26	29537	1	0.16312746703624725	0.16312746703624725	47	generated_token_20
s_c_only	26	1822	1	0.16199596226215363	0.16199596226215363	48	generated_token_20
s_c_only	26	19456	1	0.1294507533311844	0.1294507533311844	48	generated_token_1
s_c_only	26	24773	1	0.1519784927368164	0.1519784927368164	48	generated_token_2
s_c_only	26	26736	1	0.1598062813282013	0.1598062813282013	48	final_prompt_token
s_c_only	26	27479	1	0.18405026197433472	0.18405026197433472	48	generated_token_4
s_c_only	26	29468	1	0.1543518453836441	0.1543518453836441	48	generated_token_5
s_c_only	26	30269	1	0.1735561341047287	0.1735561341047287	48	generated_token_3
s_c_only	26	394	1	0.15210454165935516	0.15210454165935516	49	generated_token_5
s_c_only	26	7164	1	0.15013530850410461	0.15013530850410461	49	generated_token_2
s_c_only	26	10566	1	0.16971807181835175	0.16971807181835175	49	generated_token_3
s_c_only	26	19413	1	0.16194134950637817	0.16194134950637817	49	generated_token_20
s_c_only	26	22790	1	0.1760140061378479	0.1760140061378479	49	generated_token_10
s_c_only	26	27962	1	0.1271192580461502	0.1271192580461502	49	generated_token_1
s_c_only	26	31432	1	0.18383948504924774	0.18383948504924774	49	generated_token_4
s_c_only	26	4816	1	0.17486262321472168	0.17486262321472168	50	generated_token_10
s_c_only	26	5452	1	0.1685248613357544	0.1685248613357544	50	generated_token_3
s_c_only	26	17764	1	0.1804705262184143	0.1804705262184143	50	generated_token_4
s_c_only	26	21802	1	0.12630043923854828	0.12630043923854828	50	generated_token_1
s_c_only	26	23140	1	0.15887802839279175	0.15887802839279175	50	final_prompt_token
s_c_only	26	29631	1	0.161725252866745	0.161725252866745	50	generated_token_20
s_only	14	2961	6	1.0543108185132344	1.6929681301116943	1	final_prompt_token,generated_token_1,generated_token_2,generated_token_3,generated_token_4,generated_token_5
s_only	14	31733	6	0.20936098198095957	0.4720095098018646	2	generated_token_1,generated_token_10,generated_token_2,generated_token_20,generated_token_4,generated_token_5
s_only	14	5455	6	0.11732628444830577	0.19362032413482666	7	generated_token_1,generated_token_10,generated_token_2,generated_token_3,generated_token_4,generated_token_5
s_only	14	11831	5	0.1446228265762329	0.19819682836532593	6	final_prompt_token,generated_token_1,generated_token_20,generated_token_3,generated_token_5
s_only	14	19440	5	0.1501212924718857	0.20556020736694336	10	generated_token_1,generated_token_2,generated_token_3,generated_token_4,generated_token_5
s_only	14	32317	4	0.1546371653676033	0.24631571769714355	8	generated_token_1,generated_token_3,generated_token_4,generated_token_5
s_only	14	6633	4	0.12092779949307442	0.1628810614347458	11	generated_token_10,generated_token_20,generated_token_4,generated_token_5
s_only	14	7065	4	0.13597572222352028	0.227860689163208	11	generated_token_10,generated_token_20,generated_token_4,generated_token_5
s_only	14	31706	3	0.379387304186821	0.8177868127822876	1	generated_token_10,generated_token_20,generated_token_5
s_only	14	23427	3	0.24565508464972177	0.4005926847457886	2	generated_token_1,generated_token_2,generated_token_3
s_only	14	26237	3	0.16803240279356638	0.27762705087661743	4	final_prompt_token,generated_token_1,generated_token_3
s_only	14	17656	3	0.16325178742408752	0.2610742747783661	5	final_prompt_token,generated_token_1,generated_token_3
s_only	14	13383	3	0.21096682300170264	0.4317178428173065	6	generated_token_3,generated_token_4,generated_token_5
s_only	14	20064	3	0.17433450122674307	0.2238711267709732	8	generated_token_1,generated_token_10,generated_token_2
s_only	14	1168	3	0.16083163022994995	0.20271383225917816	9	final_prompt_token,generated_token_1,generated_token_3
s_only	14	14505	3	0.14102517316738764	0.19655367732048035	11	final_prompt_token,generated_token_1,generated_token_3
s_only	14	25151	3	0.14897158245245615	0.1882225126028061	12	final_prompt_token,generated_token_1,generated_token_3
s_only	14	23726	3	0.10497287412484486	0.15732064843177795	16	generated_token_1,generated_token_2,generated_token_4
s_only	14	18077	3	0.10103967164953549	0.12760895490646362	22	generated_token_2,generated_token_20,generated_token_4
s_only	14	24846	3	0.10127774129311244	0.13450497388839722	22	generated_token_2,generated_token_3,generated_token_4
s_only	14	12817	3	0.10975093891223271	0.14151963591575623	23	final_prompt_token,generated_token_1,generated_token_2
s_only	14	31908	3	0.07649022837479909	0.08434309810400009	40	generated_token_1,generated_token_3,generated_token_5
s_only	14	20374	2	0.35700473934412	0.6474031209945679	1	generated_token_4,generated_token_5
s_only	14	21424	2	0.4944809712469578	0.882309079170227	2	generated_token_2,generated_token_4
s_only	14	26364	2	0.47496839985251427	0.8639623522758484	2	generated_token_4,generated_token_5
s_only	14	1150	2	0.42999953031539917	0.7155516147613525	3	generated_token_10,generated_token_4
s_only	14	10613	2	0.30158786475658417	0.5288763046264648	3	generated_token_2,generated_token_4
s_only	14	13928	2	0.21838397532701492	0.34003522992134094	5	generated_token_2,generated_token_4
s_only	14	5329	2	0.21020807325839996	0.24716708064079285	6	generated_token_1,generated_token_3
s_only	14	26486	2	0.1513466127216816	0.19973361492156982	6	generated_token_10,generated_token_4
s_only	14	301	2	0.2430330216884613	0.3433849513530731	7	generated_token_2,generated_token_3
s_only	14	6429	2	0.15960394218564034	0.21826723217964172	7	final_prompt_token,generated_token_1
s_only	14	32519	2	0.17926684394478798	0.28467708826065063	7	generated_token_2,generated_token_4
s_only	14	16801	2	0.17053742706775665	0.18731406331062317	11	final_prompt_token,generated_token_1
s_only	14	15605	2	0.15068186819553375	0.18343330919742584	14	final_prompt_token,generated_token_1
s_only	14	29485	2	0.1425401270389557	0.1569846272468567	14	generated_token_2,generated_token_4
s_only	14	26996	2	0.15368037670850754	0.18502500653266907	15	generated_token_10,generated_token_2
s_only	14	28143	2	0.13539724797010422	0.155196875333786	15	generated_token_1,generated_token_3
s_only	14	58	2	0.14433170855045319	0.15223710238933563	16	generated_token_1,generated_token_3
s_only	14	9030	2	0.14409277588129044	0.15699127316474915	17	final_prompt_token,generated_token_1
s_only	14	28131	2	0.13360679522156715	0.14959296584129333	17	generated_token_1,generated_token_3
s_only	14	7804	2	0.10502837970852852	0.14181509613990784	19	generated_token_2,generated_token_4
s_only	14	11914	2	0.0920075848698616	0.09499772638082504	19	generated_token_20,generated_token_5
s_only	14	24339	2	0.10972504876554012	0.159537672996521	21	generated_token_10,generated_token_5
s_only	14	2699	2	0.11331339925527573	0.11529269814491272	22	generated_token_1,generated_token_3
s_only	14	5859	2	0.12151897698640823	0.15526698529720306	23	generated_token_10,generated_token_5
s_only	14	22945	2	0.09859903156757355	0.11220335960388184	26	generated_token_1,generated_token_3
s_only	14	28065	2	0.11617349088191986	0.12341868132352829	28	final_prompt_token,generated_token_1
s_only	14	30010	2	0.10026214644312859	0.1009962260723114	28	generated_token_1,generated_token_3
s_only	14	27997	2	0.0871262177824974	0.11008638143539429	30	generated_token_20,generated_token_5
s_only	14	9835	2	0.09441953152418137	0.1108279824256897	31	generated_token_2,generated_token_3
s_only	14	14490	2	0.08546923100948334	0.09390261769294739	31	generated_token_1,generated_token_3
s_only	14	12101	2	0.07731955125927925	0.08654502034187317	32	generated_token_3,generated_token_4
s_only	14	15737	2	0.08868563920259476	0.10944417119026184	32	generated_token_2,generated_token_4
s_only	14	28021	2	0.08127516880631447	0.0990631952881813	33	generated_token_1,generated_token_4
s_only	14	11726	2	0.09329532831907272	0.09494160115718842	37	generated_token_1,generated_token_2
s_only	14	12578	2	0.09238538518548012	0.10630490630865097	44	final_prompt_token,generated_token_3
s_only	14	29957	2	0.09062952175736427	0.1050277054309845	45	final_prompt_token,generated_token_3
s_only	14	26050	2	0.08853114396333694	0.10069596767425537	49	final_prompt_token,generated_token_1
s_only	14	3830	1	0.6163380146026611	0.6163380146026611	1	final_prompt_token
s_only	14	11495	1	1.0244306325912476	1.0244306325912476	1	generated_token_20
s_only	14	10802	1	0.2696458697319031	0.2696458697319031	2	generated_token_20
s_only	14	13956	1	0.5684769153594971	0.5684769153594971	2	generated_token_3
s_only	14	595	1	0.3960184156894684	0.3960184156894684	3	generated_token_10
s_only	14	7163	1	0.3115701973438263	0.3115701973438263	3	final_prompt_token
s_only	14	12464	1	0.24109609425067902	0.24109609425067902	3	generated_token_5
s_only	14	13313	1	0.535285234451294	0.535285234451294	3	generated_token_3
s_only	14	30735	1	0.31737715005874634	0.31737715005874634	3	generated_token_1
s_only	14	31494	1	0.26508834958076477	0.26508834958076477	3	generated_token_20
s_only	14	8940	1	0.2461216002702713	0.2461216002702713	4	generated_token_20
s_only	14	14727	1	0.48215940594673157	0.48215940594673157	4	generated_token_3
s_only	14	15250	1	0.3496721386909485	0.3496721386909485	4	generated_token_10
s_only	14	17240	1	0.47511622309684753	0.47511622309684753	4	generated_token_4
s_only	14	25857	1	0.2308439314365387	0.2308439314365387	4	generated_token_5
s_only	14	28328	1	0.3875589966773987	0.3875589966773987	4	generated_token_2
s_only	14	30170	1	0.2903936505317688	0.2903936505317688	4	final_prompt_token
s_only	14	3625	1	0.44405123591423035	0.44405123591423035	5	generated_token_4
s_only	14	3966	1	0.4747768044471741	0.4747768044471741	5	generated_token_3
s_only	14	4936	1	0.25761425495147705	0.25761425495147705	5	generated_token_1
s_only	14	6744	1	0.33638301491737366	0.33638301491737366	5	generated_token_10
s_only	14	27555	1	0.21001940965652466	0.21001940965652466	5	generated_token_20
s_only	14	1191	1	0.29636552929878235	0.29636552929878235	6	generated_token_2
s_only	14	2605	1	0.15311414003372192	0.15311414003372192	6	generated_token_5
s_only	14	11864	1	0.2272747904062271	0.2272747904062271	6	final_prompt_token
s_only	14	20752	1	0.25598451495170593	0.25598451495170593	6	generated_token_10
s_only	14	9556	1	0.24238553643226624	0.24238553643226624	7	generated_token_1
s_only	14	18722	1	0.2550591826438904	0.2550591826438904	7	generated_token_10
s_only	14	19870	1	0.13790862262248993	0.13790862262248993	7	generated_token_5
s_only	14	29174	1	0.18590015172958374	0.18590015172958374	7	generated_token_20
s_only	14	5281	1	0.16782236099243164	0.16782236099243164	8	generated_token_4
s_only	14	5533	1	0.24410566687583923	0.24410566687583923	8	generated_token_10
s_only	14	11085	1	0.27787911891937256	0.27787911891937256	8	generated_token_3
s_only	14	23505	1	0.21788933873176575	0.21788933873176575	8	final_prompt_token
s_only	14	27181	1	0.2435283064842224	0.2435283064842224	8	generated_token_2
s_only	14	32026	1	0.1775628924369812	0.1775628924369812	8	generated_token_20
s_only	14	2895	1	0.24313491582870483	0.24313491582870483	9	generated_token_10
s_only	14	11544	1	0.21196101605892181	0.21196101605892181	9	generated_token_1
s_only	14	22125	1	0.1770806759595871	0.1770806759595871	9	generated_token_20
s_only	14	26371	1	0.24175019562244415	0.24175019562244415	9	generated_token_2
s_only	14	6186	1	0.2426103949546814	0.2426103949546814	10	generated_token_10
s_only	14	9125	1	0.22535908222198486	0.22535908222198486	10	generated_token_2
s_only	14	30623	1	0.11430247128009796	0.11430247128009796	10	generated_token_5
s_only	14	8033	1	0.19225579500198364	0.19225579500198364	11	final_prompt_token
s_only	14	31698	1	0.16414883732795715	0.16414883732795715	11	generated_token_20
s_only	14	2345	1	0.1586948186159134	0.1586948186159134	12	generated_token_20
s_only	14	8356	1	0.1473325788974762	0.1473325788974762	12	generated_token_1
s_only	14	10738	1	0.1427038609981537	0.1427038609981537	12	generated_token_4
s_only	14	15287	1	0.20252850651741028	0.20252850651741028	12	generated_token_10
s_only	14	18524	1	0.11236998438835144	0.11236998438835144	12	generated_token_5
s_only	14	10138	1	0.18375900387763977	0.18375900387763977	13	final_prompt_token
s_only	14	10148	1	0.12865187227725983	0.12865187227725983	13	generated_token_4
s_only	14	16202	1	0.19381095468997955	0.19381095468997955	13	generated_token_10
s_only	14	17692	1	0.10890085995197296	0.10890085995197296	13	generated_token_5
s_only	14	17899	1	0.18395328521728516	0.18395328521728516	13	generated_token_2
s_only	14	13788	1	0.15101304650306702	0.15101304650306702	14	generated_token_20
s_only	14	24989	1	0.18887114524841309	0.18887114524841309	14	generated_token_10
s_only	14	26027	1	0.168806791305542	0.168806791305542	14	generated_token_2
s_only	14	26450	1	0.16344085335731506	0.16344085335731506	14	generated_token_3
s_only	14	10664	1	0.16780036687850952	0.16780036687850952	15	final_prompt_token
s_only	14	10710	1	0.1475134789943695	0.1475134789943695	15	generated_token_20
s_only	14	12313	1	0.12425673007965088	0.12425673007965088	15	generated_token_4
s_only	14	19586	1	0.1591821312904358	0.1591821312904358	15	generated_token_2
s_only	14	2176	1	0.1667628288269043	0.1667628288269043	16	final_prompt_token
s_only	14	16357	1	0.17453956604003906	0.17453956604003906	16	generated_token_10
s_only	14	4292	1	0.10124769061803818	0.10124769061803818	17	generated_token_5
s_only	14	7287	1	0.17273253202438354	0.17273253202438354	17	generated_token_10
s_only	14	3124	1	0.09585706144571304	0.09585706144571304	18	generated_token_5
s_only	14	6836	1	0.15532156825065613	0.15532156825065613	18	final_prompt_token
s_only	14	8665	1	0.09617146104574203	0.09617146104574203	18	generated_token_4
s_only	14	22042	1	0.13097456097602844	0.13097456097602844	18	generated_token_20
s_only	14	30494	1	0.169380784034729	0.169380784034729	18	generated_token_10
s_only	14	11464	1	0.15408992767333984	0.15408992767333984	19	final_prompt_token
s_only	14	19054	1	0.1250762939453125	0.1250762939453125	19	generated_token_20
s_only	14	30197	1	0.1657058298587799	0.1657058298587799	19	generated_token_10
s_only	14	5639	1	0.12973974645137787	0.12973974645137787	20	generated_token_3
s_only	14	8684	1	0.1414511501789093	0.1414511501789093	20	generated_token_2
s_only	14	11903	1	0.09537342190742493	0.09537342190742493	20	generated_token_4
s_only	14	19419	1	0.1222187727689743	0.1222187727689743	20	generated_token_20
s_only	14	19908	1	0.09423363208770752	0.09423363208770752	20	generated_token_5
s_only	14	559	1	0.12030024081468582	0.12030024081468582	21	generated_token_20
s_only	14	9176	1	0.08396437019109726	0.08396437019109726	21	generated_token_4
s_only	14	27872	1	0.11617974936962128	0.11617974936962128	21	generated_token_3
s_only	14	29610	1	0.09317556023597717	0.09317556023597717	21	generated_token_5
s_only	14	30225	1	0.14754243195056915	0.14754243195056915	21	final_prompt_token
s_only	14	3141	1	0.1420261114835739	0.1420261114835739	22	final_prompt_token
s_only	14	32133	1	0.15828999876976013	0.15828999876976013	22	generated_token_10
s_only	14	2103	1	0.1300024390220642	0.1300024390220642	23	generated_token_2
s_only	14	8121	1	0.11503566801548004	0.11503566801548004	23	generated_token_1
s_only	14	25487	1	0.11986145377159119	0.11986145377159119	23	generated_token_20
s_only	14	26776	1	0.08158138394355774	0.08158138394355774	23	generated_token_4
s_only	14	2250	1	0.07826341688632965	0.07826341688632965	24	generated_token_4
s_only	14	2987	1	0.11981233954429626	0.11981233954429626	24	generated_token_20
s_only	14	13119	1	0.09074550867080688	0.09074550867080688	24	generated_token_5
s_only	14	14932	1	0.13842114806175232	0.13842114806175232	24	final_prompt_token
s_only	14	16090	1	0.1531798392534256	0.1531798392534256	24	generated_token_10
s_only	14	16146	1	0.11448024213314056	0.11448024213314056	24	generated_token_1
s_only	14	29404	1	0.11138876527547836	0.11138876527547836	24	generated_token_3
s_only	14	16382	1	0.13419586420059204	0.13419586420059204	25	final_prompt_token
s_only	14	17710	1	0.1470864862203598	0.1470864862203598	25	generated_token_10
s_only	14	18280	1	0.07731328904628754	0.07731328904628754	25	generated_token_4
s_only	14	18663	1	0.08785531669855118	0.08785531669855118	25	generated_token_5
s_only	14	22319	1	0.10760650783777237	0.10760650783777237	25	generated_token_3
s_only	14	30569	1	0.11726655811071396	0.11726655811071396	25	generated_token_20
s_only	14	1030	1	0.1190834790468216	0.1190834790468216	26	generated_token_2
s_only	14	5238	1	0.14665675163269043	0.14665675163269043	26	generated_token_10
s_only	14	7801	1	0.07660117745399475	0.07660117745399475	26	generated_token_4
s_only	14	16421	1	0.10163311660289764	0.10163311660289764	26	generated_token_3
s_only	14	18210	1	0.11507035046815872	0.11507035046815872	26	generated_token_20
s_only	14	26701	1	0.13313038647174835	0.13313038647174835	26	final_prompt_token
s_only	14	2302	1	0.08609312027692795	0.08609312027692795	27	generated_token_5
s_only	14	3468	1	0.11800125241279602	0.11800125241279602	27	generated_token_2
s_only	14	7485	1	0.14593903720378876	0.14593903720378876	27	generated_token_10
s_only	14	10146	1	0.13219353556632996	0.13219353556632996	27	final_prompt_token
s_only	14	13755	1	0.10011164844036102	0.10011164844036102	27	generated_token_3
s_only	14	13837	1	0.11401865631341934	0.11401865631341934	27	generated_token_20
s_only	14	6039	1	0.11541619896888733	0.11541619896888733	28	generated_token_2
s_only	14	10221	1	0.11175444722175598	0.11175444722175598	28	generated_token_20
s_only	14	25704	1	0.12383920699357986	0.12383920699357986	28	final_prompt_token
s_only	14	31458	1	0.14488883316516876	0.14488883316516876	28	generated_token_10
s_only	14	16655	1	0.10258009284734726	0.10258009284734726	29	generated_token_1
s_only	14	17388	1	0.07268737256526947	0.07268737256526947	29	generated_token_4
s_only	14	17806	1	0.11080604791641235	0.11080604791641235	29	generated_token_20
s_only	14	22870	1	0.08312229067087173	0.08312229067087173	29	generated_token_5
s_only	14	27093	1	0.09526648372411728	0.09526648372411728	29	generated_token_3
s_only	14	30334	1	0.11261674761772156	0.11261674761772156	29	generated_token_2
s_only	14	3018	1	0.11237643659114838	0.11237643659114838	30	generated_token_2
s_only	14	4880	1	0.12108965218067169	0.12108965218067169	30	final_prompt_token
s_only	14	13203	1	0.0950402021408081	0.0950402021408081	30	generated_token_3
s_only	14	31569	1	0.08179435133934021	0.08179435133934021	30	generated_token_5
s_only	14	7297	1	0.07989142090082169	0.07989142090082169	31	generated_token_5
s_only	14	16897	1	0.11958032101392746	0.11958032101392746	31	final_prompt_token
s_only	14	31479	1	0.1340799331665039	0.1340799331665039	31	generated_token_10
s_only	14	32745	1	0.10595077276229858	0.10595077276229858	31	generated_token_20
s_only	14	5334	1	0.07951155304908752	0.07951155304908752	32	generated_token_5
s_only	14	15272	1	0.11688413470983505	0.11688413470983505	32	final_prompt_token
s_only	14	19045	1	0.12601712346076965	0.12601712346076965	32	generated_token_10
s_only	14	22691	1	0.10551698505878448	0.10551698505878448	32	generated_token_20
s_only	14	25224	1	0.09353185445070267	0.09353185445070267	32	generated_token_3
s_only	14	6401	1	0.12231654673814774	0.12231654673814774	33	generated_token_10
s_only	14	11680	1	0.10426752269268036	0.10426752269268036	33	generated_token_20
s_only	14	18912	1	0.11635416746139526	0.11635416746139526	33	final_prompt_token
s_only	14	29626	1	0.07746757566928864	0.07746757566928864	33	generated_token_5
s_only	14	12	1	0.12194789946079254	0.12194789946079254	34	generated_token_10
s_only	14	9224	1	0.10317210108041763	0.10317210108041763	34	generated_token_20
s_only	14	17816	1	0.10718157887458801	0.10718157887458801	34	generated_token_2
s_only	14	23166	1	0.07745958864688873	0.07745958864688873	34	generated_token_5
s_only	14	2328	1	0.10140204429626465	0.10140204429626465	35	generated_token_20
s_only	14	4850	1	0.11971288174390793	0.11971288174390793	35	generated_token_10
s_only	14	20769	1	0.11386577785015106	0.11386577785015106	35	final_prompt_token
s_only	14	22423	1	0.07743065804243088	0.07743065804243088	35	generated_token_5
s_only	14	27441	1	0.10566659271717072	0.10566659271717072	35	generated_token_2
s_only	14	31165	1	0.09587451815605164	0.09587451815605164	35	generated_token_1
s_only	14	1162	1	0.07522758096456528	0.07522758096456528	36	generated_token_5
s_only	14	7982	1	0.09603407233953476	0.09603407233953476	36	generated_token_20
s_only	14	12399	1	0.11790125072002411	0.11790125072002411	36	generated_token_10
s_only	14	12982	1	0.10488657653331757	0.10488657653331757	36	generated_token_2
s_only	14	15821	1	0.09561905264854431	0.09561905264854431	36	generated_token_1
s_only	14	21970	1	0.06451050937175751	0.06451050937175751	36	generated_token_4
s_only	14	32358	1	0.11362980306148529	0.11362980306148529	36	final_prompt_token
s_only	14	3034	1	0.06420309096574783	0.06420309096574783	37	generated_token_4
s_only	14	6397	1	0.10485532879829407	0.10485532879829407	37	generated_token_2
s_only	14	12504	1	0.09503316879272461	0.09503316879272461	37	generated_token_20
s_only	14	15173	1	0.07462182641029358	0.07462182641029358	37	generated_token_5
s_only	14	22611	1	0.11566156148910522	0.11566156148910522	37	generated_token_10
s_only	14	28384	1	0.11316444724798203	0.11316444724798203	37	final_prompt_token
s_only	14	2626	1	0.10334049165248871	0.10334049165248871	38	generated_token_2
s_only	14	2804	1	0.0858900174498558	0.0858900174498558	38	generated_token_3
s_only	14	4785	1	0.114021435379982	0.114021435379982	38	generated_token_10
s_only	14	6318	1	0.07349798083305359	0.07349798083305359	38	generated_token_5
s_only	14	10626	1	0.09449360519647598	0.09449360519647598	38	generated_token_20
s_only	14	12257	1	0.11310383677482605	0.11310383677482605	38	final_prompt_token
s_only	14	20345	1	0.09362340718507767	0.09362340718507767	39	generated_token_20
s_only	14	21061	1	0.07288789004087448	0.07288789004087448	39	generated_token_5
s_only	14	21739	1	0.1126924455165863	0.1126924455165863	39	generated_token_10
s_only	14	27500	1	0.08994300663471222	0.08994300663471222	39	generated_token_1
s_only	14	32680	1	0.06344696879386902	0.06344696879386902	39	generated_token_4
s_only	14	5353	1	0.09281573444604874	0.09281573444604874	40	generated_token_20
s_only	14	6779	1	0.061408914625644684	0.061408914625644684	40	generated_token_4
s_only	14	7685	1	0.11229833215475082	0.11229833215475082	40	final_prompt_token
s_only	14	8851	1	0.09823048114776611	0.09823048114776611	40	generated_token_2
s_only	14	12927	1	0.11024336516857147	0.11024336516857147	40	generated_token_10
s_only	14	14360	1	0.07275184988975525	0.07275184988975525	40	generated_token_5
s_only	14	9864	1	0.05949201062321663	0.05949201062321663	41	generated_token_4
s_only	14	15726	1	0.08627548068761826	0.08627548068761826	41	generated_token_1
s_only	14	19743	1	0.11010295152664185	0.11010295152664185	41	generated_token_10
s_only	14	24937	1	0.09125380963087082	0.09125380963087082	41	generated_token_20
s_only	14	30788	1	0.09821641445159912	0.09821641445159912	41	generated_token_2
s_only	14	31189	1	0.07024096697568893	0.07024096697568893	41	generated_token_5
s_only	14	32179	1	0.08296851813793182	0.08296851813793182	41	generated_token_3
s_only	14	32699	1	0.11163319647312164	0.11163319647312164	41	final_prompt_token
s_only	14	7251	1	0.058605216443538666	0.058605216443538666	42	generated_token_4
s_only	14	9704	1	0.10350588709115982	0.10350588709115982	42	generated_token_10
s_only	14	15647	1	0.06884513795375824	0.06884513795375824	42	generated_token_5
s_only	14	16147	1	0.08232039213180542	0.08232039213180542	42	generated_token_3
s_only	14	16674	1	0.09756389260292053	0.09756389260292053	42	generated_token_2
s_only	14	21303	1	0.10952189564704895	0.10952189564704895	42	final_prompt_token
s_only	14	26599	1	0.08403967320919037	0.08403967320919037	42	generated_token_1
s_only	14	32427	1	0.0911664292216301	0.0911664292216301	42	generated_token_20
s_only	14	4620	1	0.08172127604484558	0.08172127604484558	43	generated_token_3
s_only	14	22305	1	0.08248608559370041	0.08248608559370041	43	generated_token_1
s_only	14	28830	1	0.1091640368103981	0.1091640368103981	43	final_prompt_token
s_only	14	5176	1	0.08865427225828171	0.08865427225828171	44	generated_token_20
s_only	14	9684	1	0.10037659108638763	0.10037659108638763	44	generated_token_10
s_only	14	9699	1	0.06425081193447113	0.06425081193447113	44	generated_token_5
s_only	14	10091	1	0.08128424733877182	0.08128424733877182	44	generated_token_1
s_only	14	24612	1	0.08133482933044434	0.08133482933044434	44	generated_token_3
s_only	14	29322	1	0.09245403856039047	0.09245403856039047	44	generated_token_2
s_only	14	32577	1	0.05360689014196396	0.05360689014196396	44	generated_token_4
s_only	14	14958	1	0.09155994653701782	0.09155994653701782	45	generated_token_2
s_only	14	19262	1	0.08013402670621872	0.08013402670621872	45	generated_token_3
s_only	14	27895	1	0.10001062601804733	0.10001062601804733	45	generated_token_10
s_only	14	32204	1	0.08793695271015167	0.08793695271015167	45	generated_token_20
s_only	14	1119	1	0.06403093785047531	0.06403093785047531	46	generated_token_5
s_only	14	2346	1	0.09969734400510788	0.09969734400510788	46	generated_token_10
s_only	14	2787	1	0.051810044795274734	0.051810044795274734	46	generated_token_4
s_only	14	17823	1	0.08642159402370453	0.08642159402370453	46	generated_token_20
s_only	14	19802	1	0.07914609462022781	0.07914609462022781	46	generated_token_3
s_only	14	22053	1	0.09043373167514801	0.09043373167514801	46	generated_token_2
s_only	14	32207	1	0.0772639662027359	0.0772639662027359	46	generated_token_1
s_only	14	32621	1	0.10481022298336029	0.10481022298336029	46	final_prompt_token
s_only	14	7787	1	0.10383391380310059	0.10383391380310059	47	final_prompt_token
s_only	14	12413	1	0.0977879986166954	0.0977879986166954	47	generated_token_10
s_only	14	20402	1	0.061882585287094116	0.061882585287094116	47	generated_token_5
s_only	14	30167	1	0.05069869011640549	0.05069869011640549	47	generated_token_4
s_only	14	31785	1	0.08640894293785095	0.08640894293785095	47	generated_token_20
s_only	14	438	1	0.06050456315279007	0.06050456315279007	48	generated_token_5
s_only	14	20723	1	0.0898299515247345	0.0898299515247345	48	generated_token_2
s_only	14	21446	1	0.050458863377571106	0.050458863377571106	48	generated_token_4
s_only	14	25504	1	0.10290735214948654	0.10290735214948654	48	final_prompt_token
s_only	14	26083	1	0.07700371742248535	0.07700371742248535	48	generated_token_1
s_only	14	27121	1	0.09700854867696762	0.09700854867696762	48	generated_token_10
s_only	14	29208	1	0.08445890247821808	0.08445890247821808	48	generated_token_20
s_only	14	5678	1	0.08416639268398285	0.08416639268398285	49	generated_token_20
s_only	14	6658	1	0.059937819838523865	0.059937819838523865	49	generated_token_5
s_only	14	7941	1	0.08850505948066711	0.08850505948066711	49	generated_token_2
s_only	14	8543	1	0.07695901393890381	0.07695901393890381	49	generated_token_1
s_only	14	8553	1	0.07776137441396713	0.07776137441396713	49	generated_token_3
s_only	14	9931	1	0.049735646694898605	0.049735646694898605	49	generated_token_4
s_only	14	27977	1	0.09454522281885147	0.09454522281885147	49	generated_token_10
s_only	14	160	1	0.049316830933094025	0.049316830933094025	50	generated_token_4
s_only	14	4084	1	0.08724895119667053	0.08724895119667053	50	generated_token_2
s_only	14	14287	1	0.0841599702835083	0.0841599702835083	50	generated_token_20
s_only	14	24745	1	0.1005551815032959	0.1005551815032959	50	final_prompt_token
s_only	26	7982	7	0.28502207568713595	0.5571666359901428	6	final_prompt_token,generated_token_1,generated_token_10,generated_token_20,generated_token_3,generated_token_4,generated_token_5
s_only	26	18403	7	0.18843909246580942	0.2648501992225647	13	generated_token_1,generated_token_10,generated_token_2,generated_token_20,generated_token_3,generated_token_4,generated_token_5
s_only	26	2938	6	2.0515114863713584	3.01664662361145	1	final_prompt_token,generated_token_1,generated_token_2,generated_token_3,generated_token_4,generated_token_5
s_only	26	31664	6	0.22597469141085944	0.34339606761932373	10	final_prompt_token,generated_token_1,generated_token_10,generated_token_2,generated_token_3,generated_token_4
s_only	26	15349	4	0.3229251317679882	0.6706483960151672	3	generated_token_1,generated_token_2,generated_token_3,generated_token_4
s_only	26	32152	4	0.23183351010084152	0.3322924077510834	7	generated_token_1,generated_token_2,generated_token_3,generated_token_4
s_only	26	24419	4	0.20747172087430954	0.348064124584198	8	generated_token_1,generated_token_2,generated_token_3,generated_token_4
s_only	26	2977	4	0.12720554880797863	0.1734507977962494	25	generated_token_1,generated_token_2,generated_token_3,generated_token_4
s_only	26	2753	3	0.36284129321575165	0.7943857908248901	3	generated_token_1,generated_token_2,generated_token_3
s_only	26	30911	3	0.3667740672826767	0.6579834222793579	3	generated_token_10,generated_token_2,generated_token_5
s_only	26	24672	3	0.22575764109690985	0.39041924476623535	6	generated_token_2,generated_token_3,generated_token_4
s_only	26	26551	3	0.19344298044840494	0.3113468587398529	9	generated_token_1,generated_token_3,generated_token_4
s_only	26	7448	3	0.15397611260414124	0.20919770002365112	16	generated_token_2,generated_token_4,generated_token_5
s_only	26	27281	3	0.1950012892484665	0.21227051317691803	16	generated_token_1,generated_token_3,generated_token_5
s_only	26	22815	3	0.1708502620458603	0.21579016745090485	22	generated_token_1,generated_token_3,generated_token_5
s_only	26	13277	3	0.12915925681591034	0.1584281176328659	23	generated_token_1,generated_token_3,generated_token_4
s_only	26	26216	3	0.16796795527140299	0.2105163335800171	26	generated_token_10,generated_token_4,generated_token_5
s_only	26	10709	3	0.12679697076479593	0.16617220640182495	28	generated_token_1,generated_token_3,generated_token_4
s_only	26	21802	3	0.12028472622235616	0.14128699898719788	36	generated_token_1,generated_token_3,generated_token_4
s_only	26	19389	2	0.3964008688926697	0.6071804761886597	3	final_prompt_token,generated_token_1
s_only	26	23814	2	0.42989201098680496	0.7800245881080627	3	generated_token_2,generated_token_4
s_only	26	7895	2	0.3138344995677471	0.5554419755935669	4	generated_token_2,generated_token_3
s_only	26	8659	2	0.3541763126850128	0.37792593240737915	4	generated_token_3,generated_token_5
s_only	26	23123	2	0.2514515891671181	0.37229016423225403	6	generated_token_1,generated_token_3
s_only	26	24339	2	0.21703705936670303	0.36178287863731384	6	generated_token_2,generated_token_5
s_only	26	4494	2	0.2907039225101471	0.2998504042625427	7	final_prompt_token,generated_token_1
s_only	26	4795	2	0.21361824870109558	0.2620375156402588	9	final_prompt_token,generated_token_1
s_only	26	7163	2	0.19973603636026382	0.23279336094856262	11	generated_token_1,generated_token_3
s_only	26	13404	2	0.20010623335838318	0.22617553174495697	11	generated_token_10,generated_token_4
s_only	26	12676	2	0.16606559231877327	0.2208024263381958	13	generated_token_2,generated_token_4
s_only	26	18357	2	0.23630093038082123	0.2580662667751312	14	generated_token_10,generated_token_20
s_only	26	32595	2	0.19446806609630585	0.2844107151031494	16	generated_token_10,generated_token_4
s_only	26	10803	2	0.21894415467977524	0.24102464318275452	17	generated_token_10,generated_token_20
s_only	26	16328	2	0.2016097903251648	0.24437609314918518	18	generated_token_20,generated_token_5
s_only	26	6445	2	0.21650511026382446	0.24420520663261414	19	generated_token_10,generated_token_5
s_only	26	12323	2	0.22876059263944626	0.23097556829452515	19	final_prompt_token,generated_token_20
s_only	26	16793	2	0.13981439173221588	0.14943212270736694	19	generated_token_3,generated_token_4
s_only	26	19668	2	0.23476508259773254	0.2380250096321106	20	generated_token_10,generated_token_5
s_only	26	5584	2	0.16149524599313736	0.23529896140098572	21	generated_token_4,generated_token_5
s_only	26	27229	2	0.15524479746818542	0.23059652745723724	22	generated_token_4,generated_token_5
s_only	26	4891	2	0.1339464746415615	0.17144052684307098	26	generated_token_1,generated_token_2
s_only	26	27962	2	0.13023529574275017	0.14949291944503784	26	generated_token_3,generated_token_4
s_only	26	670	2	0.17045775055885315	0.2079896330833435	27	generated_token_1,generated_token_10
s_only	26	12143	2	0.1511770263314247	0.2036026120185852	30	generated_token_10,generated_token_2
s_only	26	17869	2	0.15092715620994568	0.16595318913459778	30	final_prompt_token,generated_token_3
s_only	26	22102	2	0.1874932274222374	0.2031402885913849	31	generated_token_10,generated_token_20
s_only	26	2708	2	0.1042112410068512	0.10872897505760193	34	generated_token_2,generated_token_3
s_only	26	14365	2	0.18167966604232788	0.18251340091228485	36	generated_token_10,generated_token_20
s_only	26	11891	2	0.1756671741604805	0.18710090219974518	38	generated_token_10,generated_token_5
s_only	26	29611	2	0.14853226765990257	0.17556452751159668	39	final_prompt_token,generated_token_3
s_only	26	10536	2	0.13789858296513557	0.16977456212043762	43	generated_token_3,generated_token_5
s_only	26	16460	2	0.11723087728023529	0.1288396716117859	46	generated_token_1,generated_token_3
s_only	26	1150	1	0.6367313265800476	0.6367313265800476	1	generated_token_5
s_only	26	7468	1	0.937249481678009	0.937249481678009	1	generated_token_10
s_only	26	19510	1	1.442297339439392	1.442297339439392	1	generated_token_20
s_only	26	7809	1	0.8773918151855469	0.8773918151855469	2	generated_token_10
s_only	26	11931	1	0.6683834791183472	0.6683834791183472	2	generated_token_20
s_only	26	13731	1	1.2776087522506714	1.2776087522506714	2	generated_token_2
s_only	26	14816	1	0.948639452457428	0.948639452457428	2	generated_token_3
s_only	26	16131	1	0.9318975806236267	0.9318975806236267	2	generated_token_1
s_only	26	18937	1	0.7588059902191162	0.7588059902191162	2	final_prompt_token
s_only	26	22341	1	0.5488754510879517	0.5488754510879517	2	generated_token_5
s_only	26	32141	1	1.8296889066696167	1.8296889066696167	2	generated_token_4
s_only	26	14999	1	0.7188287973403931	0.7188287973403931	3	generated_token_4
s_only	26	23534	1	0.6570283770561218	0.6570283770561218	3	generated_token_20
s_only	26	10500	1	0.635156512260437	0.635156512260437	4	generated_token_1
s_only	26	17308	1	0.6422056555747986	0.6422056555747986	4	generated_token_10
s_only	26	24493	1	0.41644445061683655	0.41644445061683655	4	generated_token_20
s_only	26	27676	1	0.6761662364006042	0.6761662364006042	4	generated_token_4
s_only	26	28701	1	0.6249248385429382	0.6249248385429382	4	generated_token_2
s_only	26	28713	1	0.5133696794509888	0.5133696794509888	4	final_prompt_token
s_only	26	4596	1	0.5714120864868164	0.5714120864868164	5	generated_token_4
s_only	26	11249	1	0.45491892099380493	0.45491892099380493	5	generated_token_1
s_only	26	17641	1	0.5613795518875122	0.5613795518875122	5	generated_token_10
s_only	26	21387	1	0.5211758613586426	0.5211758613586426	5	generated_token_2
s_only	26	25366	1	0.4422183632850647	0.4422183632850647	5	generated_token_3
s_only	26	27529	1	0.3756158947944641	0.3756158947944641	5	generated_token_5
s_only	26	29246	1	0.41180479526519775	0.41180479526519775	5	generated_token_20
s_only	26	31073	1	0.3820299804210663	0.3820299804210663	5	final_prompt_token
s_only	26	11256	1	0.36071470379829407	0.36071470379829407	6	final_prompt_token
s_only	26	19600	1	0.5196017622947693	0.5196017622947693	6	generated_token_2
s_only	26	29519	1	0.4301620125770569	0.4301620125770569	6	generated_token_4
s_only	26	1500	1	0.5404093265533447	0.5404093265533447	7	generated_token_10
s_only	26	1626	1	0.35301417112350464	0.35301417112350464	7	final_prompt_token
s_only	26	3568	1	0.35734686255455017	0.35734686255455017	7	generated_token_4
s_only	26	6307	1	0.3333281874656677	0.3333281874656677	7	generated_token_20
s_only	26	25443	1	0.450093150138855	0.450093150138855	7	generated_token_2
s_only	26	2344	1	0.48689112067222595	0.48689112067222595	8	generated_token_10
s_only	26	2372	1	0.3295127749443054	0.3295127749443054	8	generated_token_20
s_only	26	4092	1	0.32558029890060425	0.32558029890060425	8	generated_token_5
s_only	26	16583	1	0.26237359642982483	0.26237359642982483	8	generated_token_1
s_only	26	18198	1	0.3309764266014099	0.3309764266014099	8	final_prompt_token
s_only	26	25362	1	0.41754451394081116	0.41754451394081116	8	generated_token_2
s_only	26	5257	1	0.32555124163627625	0.32555124163627625	9	final_prompt_token
s_only	26	7930	1	0.30237311124801636	0.30237311124801636	9	generated_token_4
s_only	26	19315	1	0.29239335656166077	0.29239335656166077	9	generated_token_20
s_only	26	20258	1	0.4026438593864441	0.4026438593864441	9	generated_token_10
s_only	26	24999	1	0.2976379096508026	0.2976379096508026	9	generated_token_5
s_only	26	31776	1	0.4031580984592438	0.4031580984592438	9	generated_token_2
s_only	26	724	1	0.25620442628860474	0.25620442628860474	10	generated_token_3
s_only	26	3751	1	0.36367034912109375	0.36367034912109375	10	generated_token_2
s_only	26	6429	1	0.3088696599006653	0.3088696599006653	10	final_prompt_token
s_only	26	23348	1	0.3925319314002991	0.3925319314002991	10	generated_token_10
s_only	26	30871	1	0.2788684368133545	0.2788684368133545	10	generated_token_20
s_only	26	32590	1	0.2821473777294159	0.2821473777294159	10	generated_token_5
s_only	26	16616	1	0.2745721638202667	0.2745721638202667	11	generated_token_20
s_only	26	20610	1	0.26068514585494995	0.26068514585494995	11	generated_token_2
s_only	26	4811	1	0.22206711769104004	0.22206711769104004	12	generated_token_1
s_only	26	6194	1	0.2716138958930969	0.2716138958930969	12	final_prompt_token
s_only	26	10987	1	0.2743147015571594	0.2743147015571594	12	generated_token_20
s_only	26	12218	1	0.3253170847892761	0.3253170847892761	12	generated_token_10
s_only	26	12495	1	0.2215624898672104	0.2215624898672104	12	generated_token_4
s_only	26	14082	1	0.26966869831085205	0.26966869831085205	12	generated_token_5
s_only	26	478	1	0.2617212235927582	0.2617212235927582	13	generated_token_5
s_only	26	11372	1	0.3221597969532013	0.3221597969532013	13	generated_token_10
s_only	26	12098	1	0.25924092531204224	0.25924092531204224	13	generated_token_20
s_only	26	14620	1	0.24018099904060364	0.24018099904060364	13	generated_token_2
s_only	26	17394	1	0.2641367018222809	0.2641367018222809	13	final_prompt_token
s_only	26	29896	1	0.2181510031223297	0.2181510031223297	13	generated_token_1
s_only	26	5282	1	0.2588844895362854	0.2588844895362854	14	generated_token_5
s_only	26	14057	1	0.21658951044082642	0.21658951044082642	14	generated_token_1
s_only	26	15954	1	0.25252413749694824	0.25252413749694824	14	final_prompt_token
s_only	26	17893	1	0.3216003179550171	0.3216003179550171	14	generated_token_10
s_only	26	5566	1	0.29647499322891235	0.29647499322891235	15	generated_token_10
s_only	26	15555	1	0.2113104909658432	0.2113104909658432	15	generated_token_2
s_only	26	15826	1	0.2569873332977295	0.2569873332977295	15	generated_token_5
s_only	26	19094	1	0.16963891685009003	0.16963891685009003	15	generated_token_4
s_only	26	19752	1	0.2506289482116699	0.2506289482116699	15	final_prompt_token
s_only	26	23990	1	0.252806693315506	0.252806693315506	15	generated_token_20
s_only	26	5892	1	0.2122807800769806	0.2122807800769806	16	generated_token_1
s_only	26	17671	1	0.25593677163124084	0.25593677163124084	16	generated_token_5
s_only	26	21517	1	0.2497701346874237	0.2497701346874237	16	final_prompt_token
s_only	26	31163	1	0.24822787940502167	0.24822787940502167	16	generated_token_20
s_only	26	6021	1	0.24802906811237335	0.24802906811237335	17	final_prompt_token
s_only	26	9340	1	0.24798884987831116	0.24798884987831116	17	generated_token_5
s_only	26	15424	1	0.17580841481685638	0.17580841481685638	17	generated_token_3
s_only	26	25539	1	0.28003787994384766	0.28003787994384766	17	generated_token_10
s_only	26	5191	1	0.23573696613311768	0.23573696613311768	18	generated_token_20
s_only	26	16787	1	0.1706894040107727	0.1706894040107727	18	generated_token_3
s_only	26	21153	1	0.18053393065929413	0.18053393065929413	18	generated_token_2
s_only	26	26056	1	0.24209734797477722	0.24209734797477722	18	final_prompt_token
s_only	26	26065	1	0.15866556763648987	0.15866556763648987	18	generated_token_4
s_only	26	30722	1	0.19081886112689972	0.19081886112689972	18	generated_token_1
s_only	26	9189	1	0.16065014898777008	0.16065014898777008	19	generated_token_2
s_only	26	18009	1	0.18962231278419495	0.18962231278419495	19	generated_token_1
s_only	26	20996	1	0.2615678310394287	0.2615678310394287	19	generated_token_10
s_only	26	25658	1	0.16989272832870483	0.16989272832870483	19	generated_token_3
s_only	26	28003	1	0.23444582521915436	0.23444582521915436	19	generated_token_20
s_only	26	6561	1	0.22697046399116516	0.22697046399116516	20	generated_token_20
s_only	26	11171	1	0.23917120695114136	0.23917120695114136	20	generated_token_10
s_only	26	19726	1	0.1682223677635193	0.1682223677635193	20	generated_token_3
s_only	26	25721	1	0.23064574599266052	0.23064574599266052	20	final_prompt_token
s_only	26	27423	1	0.18882320821285248	0.18882320821285248	20	generated_token_1
s_only	26	5320	1	0.16331173479557037	0.16331173479557037	21	generated_token_3
s_only	26	16058	1	0.15517881512641907	0.15517881512641907	21	generated_token_2
s_only	26	18571	1	0.12677186727523804	0.12677186727523804	21	generated_token_4
s_only	26	32698	1	0.22686007618904114	0.22686007618904114	21	final_prompt_token
s_only	26	10851	1	0.1807885318994522	0.1807885318994522	22	generated_token_1
s_only	26	12300	1	0.23013970255851746	0.23013970255851746	22	generated_token_10
s_only	26	19914	1	0.15342435240745544	0.15342435240745544	22	generated_token_2
s_only	26	21478	1	0.2256203591823578	0.2256203591823578	22	final_prompt_token
s_only	26	25703	1	0.12334784120321274	0.12334784120321274	22	generated_token_4
s_only	26	31115	1	0.2236529439687729	0.2236529439687729	22	generated_token_20
s_only	26	3532	1	0.22152259945869446	0.22152259945869446	23	final_prompt_token
s_only	26	23876	1	0.2209896743297577	0.2209896743297577	23	generated_token_20
s_only	26	30548	1	0.17717713117599487	0.17717713117599487	23	generated_token_1
s_only	26	31318	1	0.22799021005630493	0.22799021005630493	23	generated_token_10
s_only	26	1999	1	0.2135438174009323	0.2135438174009323	24	generated_token_5
s_only	26	3241	1	0.21924495697021484	0.21924495697021484	24	final_prompt_token
s_only	26	9236	1	0.2191181480884552	0.2191181480884552	24	generated_token_20
s_only	26	9877	1	0.15458455681800842	0.15458455681800842	24	generated_token_3
s_only	26	10350	1	0.12032419443130493	0.12032419443130493	24	generated_token_4
s_only	26	30919	1	0.13654425740242004	0.13654425740242004	24	generated_token_2
s_only	26	2604	1	0.1502341777086258	0.1502341777086258	25	generated_token_3
s_only	26	8064	1	0.11801548302173615	0.11801548302173615	25	generated_token_4
s_only	26	20114	1	0.12984000146389008	0.12984000146389008	25	generated_token_2
s_only	26	20337	1	0.2187052220106125	0.2187052220106125	25	generated_token_20
s_only	26	21982	1	0.21215826272964478	0.21215826272964478	25	generated_token_10
s_only	26	30033	1	0.21801094710826874	0.21801094710826874	25	final_prompt_token
s_only	26	2723	1	0.11321957409381866	0.11321957409381866	26	generated_token_4
s_only	26	9991	1	0.21153587102890015	0.21153587102890015	26	generated_token_20
s_only	26	11156	1	0.11451677978038788	0.11451677978038788	26	generated_token_2
s_only	26	22078	1	0.2177884876728058	0.2177884876728058	26	final_prompt_token
s_only	26	26684	1	0.2056388556957245	0.2056388556957245	26	generated_token_5
s_only	26	8243	1	0.20974589884281158	0.20974589884281158	27	generated_token_20
s_only	26	8557	1	0.11431708931922913	0.11431708931922913	27	generated_token_2
s_only	26	11456	1	0.2020789086818695	0.2020789086818695	27	generated_token_5
s_only	26	13935	1	0.21692430973052979	0.21692430973052979	27	final_prompt_token
s_only	26	7625	1	0.14295591413974762	0.14295591413974762	28	generated_token_3
s_only	26	13740	1	0.1071026399731636	0.1071026399731636	28	generated_token_4
s_only	26	17910	1	0.20797079801559448	0.20797079801559448	28	generated_token_10
s_only	26	27305	1	0.20502017438411713	0.20502017438411713	28	generated_token_20
s_only	26	30783	1	0.2002994567155838	0.2002994567155838	28	generated_token_5
s_only	26	2297	1	0.19683441519737244	0.19683441519737244	29	generated_token_5
s_only	26	21685	1	0.2011052668094635	0.2011052668094635	29	generated_token_20
s_only	26	22786	1	0.16418911516666412	0.16418911516666412	29	generated_token_1
s_only	26	25661	1	0.1100347489118576	0.1100347489118576	29	generated_token_2
s_only	26	30900	1	0.2058749496936798	0.2058749496936798	29	generated_token_10
s_only	26	9781	1	0.1940339207649231	0.1940339207649231	30	generated_token_5
s_only	26	19617	1	0.10589191317558289	0.10589191317558289	30	generated_token_4
s_only	26	23977	1	0.21227890253067017	0.21227890253067017	30	final_prompt_token
s_only	26	29747	1	0.19597594439983368	0.19597594439983368	30	generated_token_20
s_only	26	4204	1	0.21203145384788513	0.21203145384788513	31	final_prompt_token
s_only	26	5344	1	0.10548336803913116	0.10548336803913116	31	generated_token_2
s_only	26	18454	1	0.162676602602005	0.162676602602005	31	generated_token_1
s_only	26	18943	1	0.18790951371192932	0.18790951371192932	31	generated_token_5
s_only	26	24773	1	0.13397251069545746	0.13397251069545746	31	generated_token_3
s_only	26	7690	1	0.19310005009174347	0.19310005009174347	32	generated_token_20
s_only	26	26736	1	0.2089298963546753	0.2089298963546753	32	final_prompt_token
s_only	26	29809	1	0.1874447762966156	0.1874447762966156	32	generated_token_5
s_only	26	1288	1	0.10425226390361786	0.10425226390361786	33	generated_token_4
s_only	26	6149	1	0.14793826639652252	0.14793826639652252	33	generated_token_1
s_only	26	8915	1	0.20373496413230896	0.20373496413230896	33	final_prompt_token
s_only	26	10187	1	0.10018065571784973	0.10018065571784973	33	generated_token_2
s_only	26	16823	1	0.19302664697170258	0.19302664697170258	33	generated_token_20
s_only	26	24969	1	0.19623447954654694	0.19623447954654694	33	generated_token_10
s_only	26	25800	1	0.18677085638046265	0.18677085638046265	33	generated_token_5
s_only	26	4769	1	0.18929168581962585	0.18929168581962585	34	generated_token_20
s_only	26	8873	1	0.19376032054424286	0.19376032054424286	34	generated_token_10
s_only	26	12576	1	0.19880267977714539	0.19880267977714539	34	final_prompt_token
s_only	26	27738	1	0.1020282581448555	0.1020282581448555	34	generated_token_4
s_only	26	28241	1	0.14783070981502533	0.14783070981502533	34	generated_token_1
s_only	26	4326	1	0.1934129297733307	0.1934129297733307	35	generated_token_10
s_only	26	7238	1	0.19861595332622528	0.19861595332622528	35	final_prompt_token
s_only	26	8086	1	0.10126103460788727	0.10126103460788727	35	generated_token_4
s_only	26	8891	1	0.18560977280139923	0.18560977280139923	35	generated_token_5
s_only	26	10699	1	0.14700910449028015	0.14700910449028015	35	generated_token_1
s_only	26	13218	1	0.18750418722629547	0.18750418722629547	35	generated_token_20
s_only	26	14645	1	0.12820389866828918	0.12820389866828918	35	generated_token_3
s_only	26	31876	1	0.09904972463846207	0.09904972463846207	35	generated_token_2
s_only	26	2943	1	0.1806616187095642	0.1806616187095642	36	generated_token_5
s_only	26	9969	1	0.19215014576911926	0.19215014576911926	36	generated_token_10
s_only	26	17138	1	0.19859519600868225	0.19859519600868225	36	final_prompt_token
s_only	26	18870	1	0.12736856937408447	0.12736856937408447	36	generated_token_3
s_only	26	2005	1	0.09113478660583496	0.09113478660583496	37	generated_token_4
s_only	26	12008	1	0.17777973413467407	0.17777973413467407	37	generated_token_5
s_only	26	21339	1	0.18177753686904907	0.18177753686904907	37	generated_token_20
s_only	26	28821	1	0.19335287809371948	0.19335287809371948	37	final_prompt_token
s_only	26	10439	1	0.12170479446649551	0.12170479446649551	38	generated_token_3
s_only	26	12320	1	0.18960651755332947	0.18960651755332947	38	final_prompt_token
s_only	26	17113	1	0.17755155265331268	0.17755155265331268	38	generated_token_5
s_only	26	18224	1	0.13972193002700806	0.13972193002700806	38	generated_token_1
s_only	26	19226	1	0.09093791246414185	0.09093791246414185	38	generated_token_4
s_only	26	19355	1	0.09631471335887909	0.09631471335887909	38	generated_token_2
s_only	26	25574	1	0.1806807816028595	0.1806807816028595	38	generated_token_20
s_only	26	3704	1	0.08980594575405121	0.08980594575405121	39	generated_token_4
s_only	26	13791	1	0.1887422651052475	0.1887422651052475	39	final_prompt_token
s_only	26	15582	1	0.13958342373371124	0.13958342373371124	39	generated_token_1
s_only	26	16157	1	0.09108467400074005	0.09108467400074005	39	generated_token_2
s_only	26	24286	1	0.1745852828025818	0.1745852828025818	39	generated_token_20
s_only	26	28606	1	0.17752781510353088	0.17752781510353088	39	generated_token_5
s_only	26	3137	1	0.11900559812784195	0.11900559812784195	40	generated_token_3
s_only	26	16475	1	0.18446727097034454	0.18446727097034454	40	final_prompt_token
s_only	26	17766	1	0.17721816897392273	0.17721816897392273	40	generated_token_5
s_only	26	19369	1	0.17884215712547302	0.17884215712547302	40	generated_token_10
s_only	26	19456	1	0.13828448951244354	0.13828448951244354	40	generated_token_1
s_only	26	21539	1	0.09001101553440094	0.09001101553440094	40	generated_token_2
s_only	26	7454	1	0.1785297989845276	0.1785297989845276	41	generated_token_10
s_only	26	14421	1	0.08717857301235199	0.08717857301235199	41	generated_token_2
s_only	26	18077	1	0.1775699257850647	0.1775699257850647	41	final_prompt_token
s_only	26	27999	1	0.17128413915634155	0.17128413915634155	41	generated_token_20
s_only	26	30205	1	0.11435583233833313	0.11435583233833313	41	generated_token_3
s_only	26	4597	1	0.1758381426334381	0.1758381426334381	42	generated_token_5
s_only	26	7541	1	0.13471005856990814	0.13471005856990814	42	generated_token_1
s_only	26	10686	1	0.16890592873096466	0.16890592873096466	42	generated_token_20
s_only	26	11350	1	0.17676474153995514	0.17676474153995514	42	generated_token_10
s_only	26	24896	1	0.17595559358596802	0.17595559358596802	42	final_prompt_token
s_only	26	26846	1	0.11324264854192734	0.11324264854192734	42	generated_token_3
s_only	26	1438	1	0.07923233509063721	0.07923233509063721	43	generated_token_2
s_only	26	3905	1	0.1758573055267334	0.1758573055267334	43	final_prompt_token
s_only	26	19929	1	0.16799764335155487	0.16799764335155487	43	generated_token_20
s_only	26	29592	1	0.11176406592130661	0.11176406592130661	43	generated_token_3
s_only	26	2267	1	0.1678004264831543	0.1678004264831543	44	generated_token_20
s_only	26	5174	1	0.08257976919412613	0.08257976919412613	44	generated_token_4
s_only	26	17200	1	0.17132583260536194	0.17132583260536194	44	generated_token_10
s_only	26	22120	1	0.1697561889886856	0.1697561889886856	44	generated_token_5
s_only	26	23140	1	0.11109603941440582	0.11109603941440582	44	generated_token_3
s_only	26	26586	1	0.1312190294265747	0.1312190294265747	44	generated_token_1
s_only	26	31276	1	0.07609948515892029	0.07609948515892029	44	generated_token_2
s_only	26	5260	1	0.16839568316936493	0.16839568316936493	45	generated_token_10
s_only	26	8964	1	0.11068520694971085	0.11068520694971085	45	generated_token_3
s_only	26	15078	1	0.17514654994010925	0.17514654994010925	45	final_prompt_token
s_only	26	18933	1	0.0817640870809555	0.0817640870809555	45	generated_token_4
s_only	26	19059	1	0.07601682096719742	0.07601682096719742	45	generated_token_2
s_only	26	24158	1	0.16386939585208893	0.16386939585208893	45	generated_token_20
s_only	26	2689	1	0.16271637380123138	0.16271637380123138	46	generated_token_20
s_only	26	14614	1	0.1734001487493515	0.1734001487493515	46	final_prompt_token
s_only	26	16993	1	0.16683083772659302	0.16683083772659302	46	generated_token_10
s_only	26	18819	1	0.08074594289064407	0.08074594289064407	46	generated_token_4
s_only	26	6970	1	0.16155996918678284	0.16155996918678284	47	generated_token_20
s_only	26	12693	1	0.16508030891418457	0.16508030891418457	47	generated_token_10
s_only	26	14376	1	0.10674182325601578	0.10674182325601578	47	generated_token_3
s_only	26	17703	1	0.0806148424744606	0.0806148424744606	47	generated_token_4
s_only	26	22266	1	0.17088007926940918	0.17088007926940918	47	final_prompt_token
s_only	26	24751	1	0.16206933557987213	0.16206933557987213	47	generated_token_5
s_only	26	26363	1	0.07350695133209229	0.07350695133209229	47	generated_token_2
s_only	26	26384	1	0.12815611064434052	0.12815611064434052	47	generated_token_1
s_only	26	6500	1	0.1273006796836853	0.1273006796836853	48	generated_token_1
s_only	26	6813	1	0.16178137063980103	0.16178137063980103	48	generated_token_5
s_only	26	8619	1	0.16038495302200317	0.16038495302200317	48	generated_token_20
s_only	26	18841	1	0.16500669717788696	0.16500669717788696	48	generated_token_10
s_only	26	24636	1	0.17045143246650696	0.17045143246650696	48	final_prompt_token
s_only	26	5079	1	0.12708640098571777	0.12708640098571777	49	generated_token_1
s_only	26	6177	1	0.1605750024318695	0.1605750024318695	49	generated_token_5
s_only	26	18651	1	0.16028493642807007	0.16028493642807007	49	generated_token_20
s_only	26	26209	1	0.164602130651474	0.164602130651474	49	generated_token_10
s_only	26	909	1	0.15718331933021545	0.15718331933021545	50	generated_token_5
s_only	26	4132	1	0.07056296616792679	0.07056296616792679	50	generated_token_2
s_only	26	9563	1	0.1241622269153595	0.1241622269153595	50	generated_token_1
s_only	26	16314	1	0.10549572855234146	0.10549572855234146	50	generated_token_3
s_only	26	22449	1	0.16203096508979797	0.16203096508979797	50	generated_token_10
